tag,step_or_epoch,value
train/charbonnier,1.0,0.06522905081510544
train/charbonnier,20.0,0.05109872296452522
train/charbonnier,40.0,0.05154227465391159
train/charbonnier,60.0,0.04893995821475983
train/charbonnier,80.0,0.04746869206428528
train/charbonnier,100.0,0.04849455505609512
train/charbonnier,120.0,0.04914942383766174
train/charbonnier,140.0,0.04832912236452103
train/charbonnier,160.0,0.046428557485342026
train/charbonnier,180.0,0.05906752496957779
train/charbonnier,200.0,0.05416959524154663
train/charbonnier,220.0,0.05350438505411148
train/charbonnier,240.0,0.050943948328495026
train/charbonnier,260.0,0.04846404492855072
train/charbonnier,280.0,0.04912029206752777
train/charbonnier,300.0,0.05408639460802078
train/charbonnier,320.0,0.05295291915535927
train/charbonnier,340.0,0.043661393225193024
train/charbonnier,360.0,0.04738830029964447
train/charbonnier,380.0,0.04730214551091194
train/charbonnier,400.0,0.0495024174451828
train/charbonnier,420.0,0.05030960217118263
train/charbonnier,440.0,0.04763190820813179
train/charbonnier,460.0,0.05104630067944527
train/charbonnier,480.0,0.0468125082552433
train/charbonnier,500.0,0.04645569622516632
train/charbonnier,520.0,0.05485742539167404
train/charbonnier,540.0,0.05030330270528793
train/charbonnier,560.0,0.04662720113992691
train/charbonnier,580.0,0.05205873027443886
train/charbonnier,600.0,0.05993794649839401
train/charbonnier,620.0,0.04342413693666458
train/charbonnier,640.0,0.04838237911462784
train/charbonnier,660.0,0.0512811541557312
train/charbonnier,680.0,0.04782925918698311
train/charbonnier,700.0,0.05784699320793152
train/charbonnier,720.0,0.05011081323027611
train/charbonnier,740.0,0.04787687957286835
train/charbonnier,760.0,0.05348201096057892
train/charbonnier,780.0,0.043007854372262955
train/charbonnier,800.0,0.04531789943575859
train/charbonnier,820.0,0.05019214749336243
train/charbonnier,840.0,0.06266440451145172
train/charbonnier,860.0,0.04738950356841087
train/charbonnier,880.0,0.0549466572701931
train/charbonnier,900.0,0.05508090555667877
train/charbonnier,920.0,0.05735640600323677
train/charbonnier,940.0,0.05219516158103943
train/charbonnier,960.0,0.046862877905368805
train/charbonnier,980.0,0.049224987626075745
train/charbonnier,1000.0,0.048186782747507095
train/charbonnier,1020.0,0.056824102997779846
train/charbonnier,1040.0,0.046340931206941605
train/charbonnier,1060.0,0.0556529276072979
train/charbonnier,1080.0,0.048675164580345154
train/charbonnier,1100.0,0.062088869512081146
train/charbonnier,1120.0,0.051514942198991776
train/charbonnier,1140.0,0.0514955036342144
train/charbonnier,1160.0,0.048011455684900284
train/charbonnier,1180.0,0.0529751181602478
train/charbonnier,1200.0,0.04476933926343918
train/charbonnier,1220.0,0.056147877126932144
train/charbonnier,1240.0,0.05542188510298729
train/charbonnier,1260.0,0.0560467354953289
train/charbonnier,1280.0,0.055495306849479675
train/charbonnier,1300.0,0.04494123533368111
train/charbonnier,1320.0,0.0472802110016346
train/charbonnier,1340.0,0.05026010423898697
train/charbonnier,1360.0,0.05256902426481247
train/charbonnier,1380.0,0.05004122853279114
train/charbonnier,1400.0,0.049099281430244446
train/charbonnier,1420.0,0.04413493722677231
train/charbonnier,1440.0,0.050551630556583405
train/charbonnier,1460.0,0.06062702462077141
train/charbonnier,1480.0,0.04385349899530411
train/charbonnier,1500.0,0.051250480115413666
train/charbonnier,1520.0,0.053290605545043945
train/charbonnier,1540.0,0.04595201462507248
train/charbonnier,1560.0,0.05344519764184952
train/charbonnier,1580.0,0.05791501700878143
train/charbonnier,1600.0,0.05184867978096008
train/charbonnier,1620.0,0.04719763994216919
train/charbonnier,1640.0,0.05003851652145386
train/charbonnier,1660.0,0.05550011992454529
train/charbonnier,1680.0,0.04743588715791702
train/charbonnier,1700.0,0.050361067056655884
train/charbonnier,1720.0,0.045519765466451645
train/charbonnier,1740.0,0.06636763364076614
train/charbonnier,1760.0,0.05232332646846771
train/charbonnier,1780.0,0.051469314843416214
train/charbonnier,1800.0,0.05403399094939232
train/charbonnier,1820.0,0.053397130221128464
train/charbonnier,1840.0,0.0532277449965477
train/charbonnier,1860.0,0.048747796565294266
train/charbonnier,1880.0,0.04980599135160446
train/charbonnier,1900.0,0.05829416960477829
train/charbonnier,1920.0,0.04855228215456009
train/charbonnier,1940.0,0.04212401807308197
train/charbonnier,1960.0,0.046112850308418274
train/charbonnier,1980.0,0.05342278257012367
train/charbonnier,2000.0,0.04391125589609146
train/charbonnier,2020.0,0.04879599064588547
train/charbonnier,2040.0,0.04946605861186981
train/charbonnier,2060.0,0.05581899732351303
train/charbonnier,2080.0,0.0590444952249527
train/charbonnier,2100.0,0.039822448045015335
train/charbonnier,2120.0,0.05257449299097061
train/charbonnier,2140.0,0.04440178722143173
train/charbonnier,2160.0,0.054101407527923584
train/charbonnier,2180.0,0.04823065921664238
train/charbonnier,2200.0,0.046140506863594055
train/charbonnier,2220.0,0.0536084845662117
train/charbonnier,2240.0,0.05896347761154175
train/charbonnier,2260.0,0.05390812084078789
train/charbonnier,2280.0,0.04527674615383148
train/charbonnier,2300.0,0.05094024911522865
train/charbonnier,2320.0,0.045671962201595306
train/charbonnier,2340.0,0.05290384218096733
train/charbonnier,2360.0,0.052934370934963226
train/charbonnier,2380.0,0.05096907168626785
train/charbonnier,2400.0,0.053996190428733826
train/charbonnier,2420.0,0.05726766586303711
train/charbonnier,2440.0,0.04920250177383423
train/charbonnier,2460.0,0.04985078424215317
train/charbonnier,2480.0,0.05393249914050102
train/charbonnier,2500.0,0.05422435700893402
train/charbonnier,2520.0,0.05332326889038086
train/charbonnier,2540.0,0.051600247621536255
train/charbonnier,2560.0,0.04725513979792595
train/charbonnier,2580.0,0.05235544964671135
train/charbonnier,2600.0,0.05474156141281128
train/charbonnier,2620.0,0.04865015298128128
train/charbonnier,2640.0,0.046295493841171265
train/charbonnier,2660.0,0.0536380410194397
train/charbonnier,2680.0,0.05443360283970833
train/charbonnier,2700.0,0.04686397686600685
train/charbonnier,2720.0,0.051159925758838654
train/charbonnier,2740.0,0.05358652397990227
train/charbonnier,2760.0,0.05373181030154228
train/charbonnier,2780.0,0.05518435686826706
train/charbonnier,2800.0,0.03963937237858772
train/charbonnier,2820.0,0.05729522183537483
train/charbonnier,2840.0,0.05227374657988548
train/charbonnier,2860.0,0.04893633350729942
train/charbonnier,2880.0,0.055539797991514206
train/charbonnier,2900.0,0.05500464141368866
train/charbonnier,2920.0,0.05521868169307709
train/charbonnier,2940.0,0.04696783423423767
train/charbonnier,2960.0,0.04907994717359543
train/charbonnier,2980.0,0.05012715607881546
train/charbonnier,3000.0,0.045626573264598846
train/charbonnier,3020.0,0.04362121969461441
train/charbonnier,3040.0,0.048963386565446854
train/charbonnier,3060.0,0.04658184200525284
train/charbonnier,3080.0,0.05297405645251274
train/charbonnier,3100.0,0.05846789851784706
train/charbonnier,3120.0,0.05307726934552193
train/charbonnier,3140.0,0.04562962427735329
train/charbonnier,3160.0,0.05203641951084137
train/charbonnier,3180.0,0.05423138663172722
train/charbonnier,3200.0,0.045665498822927475
train/charbonnier,3220.0,0.05154642462730408
train/charbonnier,3240.0,0.05163445323705673
train/charbonnier,3260.0,0.05689917877316475
train/charbonnier,3280.0,0.04732027277350426
train/charbonnier,3300.0,0.04513467103242874
train/charbonnier,3320.0,0.053950995206832886
train/charbonnier,3340.0,0.04733164235949516
train/charbonnier,3360.0,0.04921310022473335
train/charbonnier,3380.0,0.04740665853023529
train/charbonnier,3400.0,0.04821223020553589
train/charbonnier,3420.0,0.04913532733917236
train/charbonnier,3440.0,0.04581645876169205
train/charbonnier,3460.0,0.05045844614505768
train/charbonnier,3480.0,0.05062301456928253
train/charbonnier,3500.0,0.06237811595201492
train/charbonnier,3520.0,0.05590905621647835
train/charbonnier,3540.0,0.0578392893075943
train/charbonnier,3560.0,0.047005847096443176
train/charbonnier,3580.0,0.053187984973192215
train/charbonnier,3600.0,0.06060473620891571
train/charbonnier,3620.0,0.05262274295091629
train/charbonnier,3640.0,0.049971677362918854
train/charbonnier,3660.0,0.048884015530347824
train/charbonnier,3680.0,0.0527796745300293
train/charbonnier,3700.0,0.04877914488315582
train/charbonnier,3720.0,0.048874229192733765
train/charbonnier,3740.0,0.050883010029792786
train/charbonnier,3760.0,0.044541168957948685
train/charbonnier,3780.0,0.04851913824677467
train/charbonnier,3800.0,0.054546475410461426
train/charbonnier,3820.0,0.05250748246908188
train/charbonnier,3840.0,0.04837016016244888
train/charbonnier,3860.0,0.05259350314736366
train/charbonnier,3880.0,0.05504443868994713
train/charbonnier,3900.0,0.04296978563070297
train/charbonnier,3920.0,0.055461641401052475
train/charbonnier,3940.0,0.049262821674346924
train/charbonnier,3960.0,0.04992660880088806
train/charbonnier,3980.0,0.04527021571993828
train/charbonnier,4000.0,0.05204271152615547
train/charbonnier,4020.0,0.05357866734266281
train/charbonnier,4040.0,0.053268253803253174
train/charbonnier,4060.0,0.054080866277217865
train/charbonnier,4080.0,0.04961572587490082
train/charbonnier,4100.0,0.05023134872317314
train/charbonnier,4120.0,0.05230249464511871
train/charbonnier,4140.0,0.053650252521038055
train/charbonnier,4160.0,0.054751619696617126
train/charbonnier,4180.0,0.05211242288351059
train/charbonnier,4200.0,0.04987325891852379
train/charbonnier,4220.0,0.051257871091365814
train/charbonnier,4240.0,0.046833135187625885
train/charbonnier,4260.0,0.049127887934446335
train/charbonnier,4280.0,0.05114269629120827
train/charbonnier,4300.0,0.04420865327119827
train/charbonnier,4320.0,0.05423405393958092
train/charbonnier,4340.0,0.054285451769828796
train/charbonnier,4360.0,0.04734674096107483
train/charbonnier,4380.0,0.05608810856938362
train/charbonnier,4400.0,0.05227584391832352
train/charbonnier,4420.0,0.04713039845228195
train/charbonnier,4440.0,0.04727691411972046
train/charbonnier,4460.0,0.0466206818819046
train/charbonnier,4480.0,0.04324515163898468
train/charbonnier,4500.0,0.05018927901983261
train/charbonnier,4520.0,0.04745843634009361
train/charbonnier,4540.0,0.05245485156774521
train/charbonnier,4560.0,0.051093440502882004
train/charbonnier,4580.0,0.05132070928812027
train/charbonnier,4600.0,0.05026838183403015
train/charbonnier,4620.0,0.048943519592285156
train/charbonnier,4640.0,0.05196079984307289
train/charbonnier,4660.0,0.050616972148418427
train/charbonnier,4680.0,0.046601880341768265
train/charbonnier,4700.0,0.052376821637153625
train/charbonnier,4720.0,0.049500543624162674
train/charbonnier,4740.0,0.05147276818752289
train/charbonnier,4760.0,0.048262037336826324
train/charbonnier,4780.0,0.04684828966856003
train/charbonnier,4800.0,0.04622252285480499
train/charbonnier,4820.0,0.04841810092329979
train/charbonnier,4840.0,0.043490298092365265
train/charbonnier,4860.0,0.051153384149074554
train/charbonnier,4880.0,0.047587521374225616
train/charbonnier,4900.0,0.04985492303967476
train/charbonnier,4920.0,0.047652117908000946
train/charbonnier,4940.0,0.04567175358533859
train/charbonnier,4960.0,0.048766642808914185
train/charbonnier,4980.0,0.049417849630117416
train/charbonnier,5000.0,0.0479341484606266
train/charbonnier,5020.0,0.05031003803014755
train/charbonnier,5040.0,0.05275239422917366
train/charbonnier,5060.0,0.05068583786487579
train/charbonnier,5080.0,0.04803998023271561
train/charbonnier,5100.0,0.05068854242563248
train/charbonnier,5120.0,0.045385777950286865
train/charbonnier,5140.0,0.051290079951286316
train/charbonnier,5160.0,0.05204000324010849
train/charbonnier,5180.0,0.046612467616796494
train/charbonnier,5200.0,0.056897152215242386
train/charbonnier,5220.0,0.0427839532494545
train/charbonnier,5240.0,0.04957936704158783
train/charbonnier,5260.0,0.057240769267082214
train/charbonnier,5280.0,0.045312173664569855
train/charbonnier,5300.0,0.04249083995819092
train/charbonnier,5320.0,0.0475601963698864
train/charbonnier,5340.0,0.05063500255346298
train/charbonnier,5360.0,0.054115962237119675
train/charbonnier,5380.0,0.056788500398397446
train/charbonnier,5400.0,0.051656659692525864
train/charbonnier,5420.0,0.05042324960231781
train/charbonnier,5440.0,0.04302699863910675
train/charbonnier,5460.0,0.05483291298151016
train/charbonnier,5480.0,0.04909350723028183
train/charbonnier,5500.0,0.04826241731643677
train/charbonnier,5520.0,0.04856905713677406
train/charbonnier,5540.0,0.04510889947414398
train/charbonnier,5560.0,0.05006237328052521
train/charbonnier,5580.0,0.0427711084485054
train/charbonnier,5600.0,0.05778505280613899
train/charbonnier,5620.0,0.05026102438569069
train/charbonnier,5640.0,0.04665025696158409
train/charbonnier,5660.0,0.04894547164440155
train/charbonnier,5680.0,0.054570335894823074
train/charbonnier,5700.0,0.05207380652427673
train/charbonnier,5720.0,0.04914587736129761
train/charbonnier,5740.0,0.047446079552173615
train/charbonnier,5760.0,0.05168601870536804
train/charbonnier,5780.0,0.05558119714260101
train/charbonnier,5800.0,0.05140172690153122
train/charbonnier,5820.0,0.054245758801698685
train/charbonnier,5840.0,0.044561222195625305
train/charbonnier,5860.0,0.04943468049168587
train/charbonnier,5880.0,0.053381796926259995
train/charbonnier,5900.0,0.04921437427401543
train/charbonnier,5920.0,0.05121639370918274
train/charbonnier,5940.0,0.05151377245783806
train/charbonnier,5960.0,0.04777608811855316
train/charbonnier,5980.0,0.04720462113618851
train/charbonnier,6000.0,0.05074698477983475
train/charbonnier,6020.0,0.05610652640461922
train/charbonnier,6040.0,0.05769740790128708
train/charbonnier,6060.0,0.052082691341638565
train/charbonnier,6080.0,0.05730438232421875
train/charbonnier,6100.0,0.04567226022481918
train/charbonnier,6120.0,0.050634171813726425
train/charbonnier,6140.0,0.05476737767457962
train/charbonnier,6160.0,0.0501665323972702
train/charbonnier,6180.0,0.04878297448158264
train/charbonnier,6200.0,0.04808521270751953
train/charbonnier,6220.0,0.05053626000881195
train/charbonnier,6240.0,0.047359924763441086
train/charbonnier,6260.0,0.046056874096393585
train/charbonnier,6280.0,0.048634227365255356
train/charbonnier,6300.0,0.058154214173555374
train/charbonnier,6320.0,0.049403682351112366
train/charbonnier,6340.0,0.051129050552845
train/charbonnier,6360.0,0.0456509068608284
train/charbonnier,6380.0,0.046371832489967346
train/charbonnier,6400.0,0.050863683223724365
train/charbonnier,6420.0,0.046561963856220245
train/charbonnier,6440.0,0.05122442543506622
train/charbonnier,6460.0,0.05059928819537163
train/charbonnier,6480.0,0.044301778078079224
train/charbonnier,6500.0,0.055264346301555634
train/charbonnier,6520.0,0.04482196271419525
train/charbonnier,6540.0,0.051479749381542206
train/charbonnier,6560.0,0.05686517059803009
train/charbonnier,6580.0,0.04292259365320206
train/charbonnier,6600.0,0.0480804517865181
train/charbonnier,6620.0,0.06954546272754669
train/charbonnier,6640.0,0.04940266162157059
train/charbonnier,6660.0,0.0532795712351799
train/charbonnier,6680.0,0.05397971719503403
train/charbonnier,6700.0,0.05409518629312515
train/charbonnier,6720.0,0.04916941002011299
train/charbonnier,6740.0,0.0482679158449173
train/charbonnier,6760.0,0.05452576279640198
train/charbonnier,6780.0,0.04423439875245094
train/charbonnier,6800.0,0.0510377511382103
train/charbonnier,6820.0,0.051770422607660294
train/charbonnier,6840.0,0.04851701855659485
train/charbonnier,6860.0,0.04997403174638748
train/charbonnier,6880.0,0.042774830013513565
train/charbonnier,6900.0,0.05020289868116379
train/charbonnier,6920.0,0.04274710267782211
train/charbonnier,6940.0,0.049112118780612946
train/charbonnier,6960.0,0.048534564673900604
train/charbonnier,6980.0,0.05713898316025734
train/charbonnier,7000.0,0.051230937242507935
train/charbonnier,7020.0,0.05018095672130585
train/charbonnier,7040.0,0.049618855118751526
train/charbonnier,7060.0,0.042394280433654785
train/charbonnier,7080.0,0.04547681659460068
train/charbonnier,7100.0,0.054908670485019684
train/charbonnier,7120.0,0.05346314236521721
train/charbonnier,7140.0,0.04486194625496864
train/charbonnier,7160.0,0.0495007298886776
train/charbonnier,7180.0,0.046953294426202774
train/charbonnier,7200.0,0.04732101038098335
train/charbonnier,7220.0,0.04369904100894928
train/charbonnier,7240.0,0.04377511888742447
train/charbonnier,7260.0,0.04302804544568062
train/charbonnier,7280.0,0.047304559499025345
train/charbonnier,7300.0,0.047794755548238754
train/charbonnier,7320.0,0.05375503748655319
train/charbonnier,7340.0,0.05813676491379738
train/charbonnier,7360.0,0.054006244987249374
train/charbonnier,7380.0,0.054199084639549255
train/charbonnier,7400.0,0.05441439896821976
train/charbonnier,7420.0,0.050288017839193344
train/charbonnier,7440.0,0.05416368693113327
train/charbonnier,7460.0,0.05549433454871178
train/charbonnier,7480.0,0.048773378133773804
train/charbonnier,7500.0,0.04948725551366806
train/charbonnier,7520.0,0.04954591393470764
train/charbonnier,7540.0,0.052148111164569855
train/charbonnier,7560.0,0.04632452875375748
train/charbonnier,7580.0,0.04825722426176071
train/charbonnier,7600.0,0.041524797677993774
train/charbonnier,7620.0,0.055535562336444855
train/charbonnier,7640.0,0.051077570766210556
train/charbonnier,7660.0,0.058643851429224014
train/charbonnier,7680.0,0.04952904209494591
train/charbonnier,7700.0,0.052527811378240585
train/charbonnier,7720.0,0.049981120973825455
train/charbonnier,7740.0,0.05380663648247719
train/charbonnier,7760.0,0.05161719396710396
train/charbonnier,7780.0,0.04954884946346283
train/charbonnier,7800.0,0.04917718842625618
train/charbonnier,7820.0,0.04378456994891167
train/charbonnier,7840.0,0.048537727445364
train/charbonnier,7860.0,0.05342875421047211
train/charbonnier,7880.0,0.050675168633461
train/charbonnier,7900.0,0.045344822108745575
train/charbonnier,7920.0,0.049342941492795944
train/charbonnier,7940.0,0.05208985507488251
train/charbonnier,7960.0,0.04954652860760689
train/charbonnier,7980.0,0.05260230228304863
train/charbonnier,8000.0,0.04837774485349655
train/charbonnier,8020.0,0.04934658110141754
train/charbonnier,8040.0,0.049493737518787384
train/charbonnier,8060.0,0.056723929941654205
train/charbonnier,8080.0,0.05195358395576477
train/charbonnier,8100.0,0.04849892482161522
train/charbonnier,8120.0,0.04788649082183838
train/charbonnier,8140.0,0.04478294402360916
train/charbonnier,8160.0,0.049162786453962326
train/charbonnier,8180.0,0.052192382514476776
train/charbonnier,8200.0,0.060629334300756454
train/charbonnier,8220.0,0.04194197803735733
train/charbonnier,8240.0,0.04521569982171059
train/charbonnier,8260.0,0.0460909828543663
train/charbonnier,8280.0,0.0506029948592186
train/charbonnier,8300.0,0.0546039417386055
train/charbonnier,8320.0,0.05364733189344406
train/charbonnier,8340.0,0.045061927288770676
train/charbonnier,8360.0,0.05155927315354347
train/charbonnier,8380.0,0.04763069748878479
train/charbonnier,8400.0,0.04609881713986397
train/charbonnier,8420.0,0.04634522646665573
train/charbonnier,8440.0,0.04976686090230942
train/charbonnier,8460.0,0.04711358994245529
train/charbonnier,8480.0,0.04667620733380318
train/charbonnier,8500.0,0.05241929739713669
train/charbonnier,8520.0,0.0484948493540287
train/charbonnier,8540.0,0.052380166947841644
train/charbonnier,8560.0,0.04843858256936073
train/charbonnier,8580.0,0.04672268033027649
train/charbonnier,8600.0,0.0499902069568634
train/charbonnier,8620.0,0.050613176077604294
train/charbonnier,8640.0,0.04757532477378845
train/charbonnier,8660.0,0.05013125017285347
train/charbonnier,8680.0,0.048715122044086456
train/charbonnier,8700.0,0.048629578202962875
train/charbonnier,8720.0,0.045151423662900925
train/charbonnier,8740.0,0.05358732491731644
train/charbonnier,8760.0,0.05027461424469948
train/charbonnier,8780.0,0.04573339968919754
train/charbonnier,8800.0,0.04898226261138916
train/charbonnier,8820.0,0.04820512980222702
train/charbonnier,8840.0,0.0457303561270237
train/charbonnier,8860.0,0.047767676413059235
train/charbonnier,8880.0,0.05298168584704399
train/charbonnier,8900.0,0.04930425062775612
train/charbonnier,8920.0,0.05200070142745972
train/charbonnier,8940.0,0.047437943518161774
train/charbonnier,8960.0,0.05022551119327545
train/charbonnier,8980.0,0.04976695030927658
train/charbonnier,9000.0,0.0507587268948555
train/charbonnier,9020.0,0.05496389418840408
train/charbonnier,9040.0,0.050901517271995544
train/charbonnier,9060.0,0.05140849947929382
train/charbonnier,9080.0,0.048681437969207764
train/charbonnier,9100.0,0.05227410048246384
train/charbonnier,9120.0,0.0520094558596611
train/charbonnier,9140.0,0.038466207683086395
train/charbonnier,9160.0,0.05748579278588295
train/charbonnier,9180.0,0.05178240314126015
train/charbonnier,9200.0,0.05126045644283295
train/charbonnier,9220.0,0.04479354992508888
train/charbonnier,9240.0,0.05174682289361954
train/charbonnier,9260.0,0.04616756737232208
train/charbonnier,9280.0,0.047921016812324524
train/charbonnier,9300.0,0.048688989132642746
train/charbonnier,9320.0,0.0471140518784523
train/charbonnier,9340.0,0.052098341286182404
train/charbonnier,9360.0,0.05074518918991089
train/charbonnier,9380.0,0.04704124480485916
train/charbonnier,9400.0,0.04473062977194786
train/charbonnier,9420.0,0.04777609929442406
train/charbonnier,9440.0,0.04476448521018028
train/charbonnier,9460.0,0.05311436206102371
train/charbonnier,9480.0,0.04621993750333786
train/charbonnier,9500.0,0.04804881289601326
train/charbonnier,9520.0,0.050280407071113586
train/charbonnier,9540.0,0.05754411220550537
train/charbonnier,9560.0,0.04596439003944397
train/charbonnier,9580.0,0.047204285860061646
train/charbonnier,9600.0,0.049770887941122055
train/charbonnier,9620.0,0.0484626330435276
train/charbonnier,9640.0,0.052080731838941574
train/charbonnier,9660.0,0.05122995376586914
train/charbonnier,9680.0,0.048536937683820724
train/charbonnier,9700.0,0.04925097897648811
train/charbonnier,9720.0,0.04977482557296753
train/charbonnier,9740.0,0.04912394657731056
train/charbonnier,9760.0,0.051161251962184906
train/charbonnier,9780.0,0.0463155135512352
train/charbonnier,9800.0,0.04685746133327484
train/charbonnier,9820.0,0.052363574504852295
train/charbonnier,9840.0,0.047505032271146774
train/charbonnier,9860.0,0.05047792196273804
train/charbonnier,9880.0,0.04965817928314209
train/charbonnier,9900.0,0.05176180601119995
train/charbonnier,9920.0,0.04177812486886978
train/charbonnier,9940.0,0.04474635422229767
train/charbonnier,9960.0,0.04850403964519501
train/charbonnier,9980.0,0.04931604862213135
train/charbonnier,10000.0,0.05060111731290817
train/charbonnier,10020.0,0.05267927795648575
train/charbonnier,10040.0,0.038902319967746735
train/charbonnier,10060.0,0.04584571346640587
train/charbonnier,10080.0,0.04706572741270065
train/charbonnier,10100.0,0.05058607831597328
train/charbonnier,10120.0,0.042777471244335175
train/charbonnier,10140.0,0.04860202595591545
train/charbonnier,10160.0,0.044479090720415115
train/charbonnier,10180.0,0.04983275756239891
train/charbonnier,10200.0,0.04949278384447098
train/charbonnier,10220.0,0.04593043401837349
train/charbonnier,10240.0,0.05022969841957092
train/charbonnier,10260.0,0.04851063713431358
train/charbonnier,10280.0,0.04436872899532318
train/charbonnier,10300.0,0.0506725050508976
train/charbonnier,10320.0,0.05428912863135338
train/charbonnier,10340.0,0.04633422940969467
train/charbonnier,10360.0,0.05080030858516693
train/charbonnier,10380.0,0.05293857678771019
train/charbonnier,10400.0,0.0529957190155983
train/charbonnier,10420.0,0.04362340644001961
train/charbonnier,10440.0,0.053803201764822006
train/charbonnier,10460.0,0.04933314397931099
train/charbonnier,10480.0,0.05050373822450638
train/charbonnier,10500.0,0.05761454254388809
train/charbonnier,10520.0,0.046422768384218216
train/charbonnier,10540.0,0.053014710545539856
train/charbonnier,10560.0,0.04646696522831917
train/charbonnier,10580.0,0.043911322951316833
train/charbonnier,10600.0,0.04850933700799942
train/charbonnier,10620.0,0.04712652042508125
train/charbonnier,10640.0,0.0527639240026474
train/charbonnier,10660.0,0.05340960621833801
train/charbonnier,10680.0,0.04653844237327576
train/charbonnier,10700.0,0.05432076007127762
train/charbonnier,10720.0,0.04835027828812599
train/charbonnier,10740.0,0.05026281252503395
train/charbonnier,10760.0,0.04820431023836136
train/charbonnier,10780.0,0.05336735397577286
train/charbonnier,10800.0,0.05166839435696602
train/charbonnier,10820.0,0.045201487839221954
train/charbonnier,10840.0,0.05196819826960564
train/charbonnier,10860.0,0.04328915476799011
train/charbonnier,10880.0,0.04562205448746681
train/charbonnier,10900.0,0.050112705677747726
train/charbonnier,10920.0,0.0532914362847805
train/charbonnier,10940.0,0.048948850482702255
train/charbonnier,10960.0,0.04975096136331558
train/charbonnier,10980.0,0.056009531021118164
train/charbonnier,11000.0,0.04741031304001808
train/charbonnier,11020.0,0.04741627722978592
train/charbonnier,11040.0,0.0571279302239418
train/charbonnier,11060.0,0.054591305553913116
train/charbonnier,11080.0,0.05545691400766373
train/charbonnier,11100.0,0.04461536556482315
train/charbonnier,11120.0,0.05020006000995636
train/charbonnier,11140.0,0.05079576000571251
train/charbonnier,11160.0,0.0542980432510376
train/charbonnier,11180.0,0.0418928861618042
train/charbonnier,11200.0,0.04307516664266586
train/charbonnier,11220.0,0.05305977910757065
train/charbonnier,11240.0,0.04798479750752449
train/charbonnier,11260.0,0.051891207695007324
train/charbonnier,11280.0,0.048938050866127014
train/charbonnier,11300.0,0.04762331396341324
train/charbonnier,11320.0,0.04352722316980362
train/charbonnier,11340.0,0.05067484825849533
train/charbonnier,11360.0,0.04985160008072853
train/charbonnier,11380.0,0.05496590584516525
train/charbonnier,11400.0,0.05101284384727478
train/charbonnier,11420.0,0.04534912109375
train/charbonnier,11440.0,0.04340874403715134
train/charbonnier,11460.0,0.04367557540535927
train/charbonnier,11480.0,0.04679441452026367
train/charbonnier,11500.0,0.05305097997188568
train/charbonnier,11520.0,0.05081496387720108
train/charbonnier,11540.0,0.04942705109715462
train/charbonnier,11560.0,0.055234238505363464
train/charbonnier,11580.0,0.05013196915388107
train/charbonnier,11600.0,0.049367934465408325
train/charbonnier,11620.0,0.0531630702316761
train/charbonnier,11640.0,0.04430437088012695
train/charbonnier,11660.0,0.050224244594573975
train/charbonnier,11680.0,0.05284051224589348
train/charbonnier,11700.0,0.044327814131975174
train/charbonnier,11720.0,0.05214311555027962
train/charbonnier,11740.0,0.05073621869087219
train/charbonnier,11760.0,0.05056045576930046
train/charbonnier,11780.0,0.048368409276008606
train/charbonnier,11800.0,0.04997951537370682
train/charbonnier,11820.0,0.04679130017757416
train/charbonnier,11840.0,0.04526578634977341
train/charbonnier,11860.0,0.04751903563737869
train/charbonnier,11880.0,0.04464161768555641
train/charbonnier,11900.0,0.04366350919008255
train/charbonnier,11920.0,0.047060996294021606
train/charbonnier,11940.0,0.042580652981996536
train/charbonnier,11960.0,0.054801031947135925
train/charbonnier,11980.0,0.05033620446920395
train/charbonnier,12000.0,0.05052848905324936
train/charbonnier,12020.0,0.04390636831521988
train/charbonnier,12040.0,0.0455205999314785
train/charbonnier,12060.0,0.04497169330716133
train/charbonnier,12080.0,0.04838142544031143
train/charbonnier,12100.0,0.04975642263889313
train/charbonnier,12120.0,0.050446271896362305
train/charbonnier,12140.0,0.053544268012046814
train/charbonnier,12160.0,0.04440726712346077
train/charbonnier,12180.0,0.0535949245095253
train/charbonnier,12200.0,0.05378752201795578
train/charbonnier,12220.0,0.05384105443954468
train/charbonnier,12240.0,0.04400983452796936
train/charbonnier,12260.0,0.05228801816701889
train/charbonnier,12280.0,0.04521690681576729
train/charbonnier,12300.0,0.04988446831703186
train/charbonnier,12320.0,0.04466858506202698
train/charbonnier,12340.0,0.05647725239396095
train/charbonnier,12360.0,0.04458204284310341
train/charbonnier,12380.0,0.048295408487319946
train/charbonnier,12400.0,0.04063737392425537
train/charbonnier,12420.0,0.04893385246396065
train/charbonnier,12440.0,0.05164707079529762
train/charbonnier,12460.0,0.05388098210096359
train/charbonnier,12480.0,0.0501713901758194
train/charbonnier,12500.0,0.055650681257247925
train/charbonnier,12520.0,0.05332072824239731
train/charbonnier,12540.0,0.05021097511053085
train/charbonnier,12560.0,0.04707244038581848
train/charbonnier,12580.0,0.04442358762025833
train/charbonnier,12600.0,0.040616925805807114
train/charbonnier,12620.0,0.04115583375096321
train/charbonnier,12640.0,0.04263583570718765
train/charbonnier,12660.0,0.0397203303873539
train/charbonnier,12680.0,0.047662027180194855
train/charbonnier,12700.0,0.04498060420155525
train/charbonnier,12720.0,0.046543437987565994
train/charbonnier,12740.0,0.04610748589038849
train/charbonnier,12760.0,0.04103441163897514
train/charbonnier,12780.0,0.048793725669384
train/charbonnier,12800.0,0.054882265627384186
train/charbonnier,12820.0,0.04780513048171997
train/charbonnier,12840.0,0.04747550189495087
train/charbonnier,12860.0,0.04231790825724602
train/charbonnier,12880.0,0.04776105657219887
train/charbonnier,12900.0,0.04340941831469536
train/charbonnier,12920.0,0.053461406379938126
train/charbonnier,12940.0,0.053742147982120514
train/charbonnier,12960.0,0.05203907936811447
train/charbonnier,12980.0,0.0377824567258358
train/charbonnier,13000.0,0.04412359371781349
train/charbonnier,13020.0,0.053059112280607224
train/charbonnier,13040.0,0.05058782547712326
train/charbonnier,13060.0,0.0495697446167469
train/charbonnier,13080.0,0.04668287932872772
train/charbonnier,13100.0,0.04924223944544792
train/charbonnier,13120.0,0.0507633313536644
train/charbonnier,13140.0,0.04794130474328995
train/charbonnier,13160.0,0.048793673515319824
train/charbonnier,13180.0,0.04556877911090851
train/charbonnier,13200.0,0.05693008750677109
train/charbonnier,13220.0,0.04441002383828163
train/charbonnier,13240.0,0.050234004855155945
train/charbonnier,13260.0,0.051470786333084106
train/charbonnier,13280.0,0.06758442521095276
train/charbonnier,13300.0,0.04244019836187363
train/charbonnier,13320.0,0.06334191560745239
train/charbonnier,13340.0,0.05000060796737671
train/charbonnier,13360.0,0.04837755486369133
train/charbonnier,13380.0,0.045406095683574677
train/charbonnier,13400.0,0.045149657875299454
train/charbonnier,13420.0,0.05114779248833656
train/charbonnier,13440.0,0.044811978936195374
train/charbonnier,13460.0,0.053354572504758835
train/charbonnier,13480.0,0.045528579503297806
train/charbonnier,13500.0,0.045874182134866714
train/charbonnier,13520.0,0.03599001094698906
train/charbonnier,13540.0,0.04701322689652443
train/charbonnier,13560.0,0.04602012410759926
train/charbonnier,13580.0,0.05412394553422928
train/charbonnier,13600.0,0.04891252517700195
train/charbonnier,13620.0,0.05286906287074089
train/charbonnier,13640.0,0.04989184811711311
train/charbonnier,13660.0,0.045773472636938095
train/charbonnier,13680.0,0.042210038751363754
train/charbonnier,13700.0,0.047547902911901474
train/charbonnier,13720.0,0.05249864608049393
train/charbonnier,13740.0,0.0474824458360672
train/charbonnier,13760.0,0.051481202244758606
train/charbonnier,13780.0,0.047162704169750214
train/charbonnier,13800.0,0.048606276512145996
train/charbonnier,13820.0,0.046541400253772736
train/charbonnier,13840.0,0.04934579133987427
train/charbonnier,13860.0,0.045452725142240524
train/charbonnier,13880.0,0.04939720034599304
train/charbonnier,13900.0,0.04921744763851166
train/charbonnier,13920.0,0.05073365196585655
train/charbonnier,13940.0,0.04927416518330574
train/charbonnier,13960.0,0.04085497930645943
train/charbonnier,13980.0,0.04514319449663162
train/charbonnier,14000.0,0.044993750751018524
train/charbonnier,14020.0,0.048049308359622955
train/charbonnier,14040.0,0.04762015864253044
train/charbonnier,14060.0,0.0468171201646328
train/charbonnier,14080.0,0.0464252233505249
train/charbonnier,14100.0,0.04623762518167496
train/charbonnier,14120.0,0.05151444673538208
train/charbonnier,14140.0,0.04823189973831177
train/charbonnier,14160.0,0.0495622493326664
train/charbonnier,14180.0,0.04927816241979599
train/charbonnier,14200.0,0.04708563908934593
train/charbonnier,14220.0,0.0468476340174675
train/charbonnier,14240.0,0.050460346043109894
train/charbonnier,14260.0,0.05021755397319794
train/charbonnier,14280.0,0.05250268802046776
train/charbonnier,14300.0,0.04477650672197342
train/charbonnier,14320.0,0.05536981299519539
train/charbonnier,14340.0,0.05195745825767517
train/charbonnier,14360.0,0.04775073751807213
train/charbonnier,14380.0,0.051118530333042145
train/charbonnier,14400.0,0.04941278696060181
train/charbonnier,14420.0,0.04726343974471092
train/charbonnier,14440.0,0.04315677657723427
train/charbonnier,14460.0,0.05160839110612869
train/charbonnier,14480.0,0.04719501733779907
train/charbonnier,14500.0,0.04513911157846451
train/charbonnier,14520.0,0.04979198798537254
train/charbonnier,14540.0,0.043860115110874176
train/charbonnier,14560.0,0.04494047537446022
train/charbonnier,14580.0,0.04662385210394859
train/charbonnier,14600.0,0.0465179979801178
train/charbonnier,14620.0,0.04774885252118111
train/charbonnier,14640.0,0.04957248270511627
train/charbonnier,14660.0,0.05136309936642647
train/charbonnier,14680.0,0.044745832681655884
train/charbonnier,14700.0,0.049281466752290726
train/charbonnier,14720.0,0.052956148982048035
train/charbonnier,14740.0,0.046968672424554825
train/charbonnier,14760.0,0.04917028918862343
train/charbonnier,14780.0,0.05090384930372238
train/charbonnier,14800.0,0.04493231326341629
train/charbonnier,14820.0,0.04929225891828537
train/charbonnier,14840.0,0.03886750340461731
train/charbonnier,14860.0,0.05246759206056595
train/charbonnier,14880.0,0.05398907512426376
train/charbonnier,14900.0,0.044755976647138596
train/charbonnier,14920.0,0.05047791078686714
train/charbonnier,14940.0,0.04448710381984711
train/charbonnier,14960.0,0.04904791712760925
train/charbonnier,14980.0,0.049454595893621445
train/charbonnier,15000.0,0.05154502019286156
train/charbonnier,15020.0,0.04222390428185463
train/charbonnier,15040.0,0.04980890452861786
train/charbonnier,15060.0,0.04638882726430893
train/charbonnier,15080.0,0.04980028048157692
train/charbonnier,15100.0,0.057909321039915085
train/charbonnier,15120.0,0.04454614222049713
train/charbonnier,15140.0,0.03716306760907173
train/charbonnier,15160.0,0.04417482763528824
train/charbonnier,15180.0,0.053718771785497665
train/charbonnier,15200.0,0.05120359733700752
train/charbonnier,15220.0,0.04351768270134926
train/charbonnier,15240.0,0.04434623941779137
train/charbonnier,15260.0,0.055689889937639236
train/charbonnier,15280.0,0.04757082834839821
train/charbonnier,15300.0,0.05189165100455284
train/charbonnier,15320.0,0.042169228196144104
train/charbonnier,15340.0,0.046904534101486206
train/charbonnier,15360.0,0.045838527381420135
train/charbonnier,15380.0,0.05300472676753998
train/charbonnier,15400.0,0.041108887642621994
train/charbonnier,15420.0,0.04377736523747444
train/charbonnier,15440.0,0.044737670570611954
train/charbonnier,15460.0,0.048632193356752396
train/charbonnier,15480.0,0.04673154652118683
train/charbonnier,15500.0,0.04446636885404587
train/charbonnier,15520.0,0.05169479548931122
train/charbonnier,15540.0,0.056647635996341705
train/charbonnier,15560.0,0.051891885697841644
train/charbonnier,15580.0,0.050534822046756744
train/charbonnier,15600.0,0.04070695862174034
train/charbonnier,15620.0,0.04909151419997215
train/charbonnier,15640.0,0.04767847806215286
train/charbonnier,15660.0,0.04531033709645271
train/charbonnier,15680.0,0.048551224172115326
train/charbonnier,15700.0,0.04864753782749176
train/charbonnier,15720.0,0.04893770068883896
train/charbonnier,15740.0,0.039404552429914474
train/charbonnier,15760.0,0.048550695180892944
train/charbonnier,15780.0,0.042061448097229004
train/charbonnier,15800.0,0.04611535742878914
train/charbonnier,15820.0,0.048236142843961716
train/charbonnier,15840.0,0.051269978284835815
train/charbonnier,15860.0,0.04840634763240814
train/charbonnier,15880.0,0.049272239208221436
train/charbonnier,15900.0,0.052592553198337555
train/charbonnier,15920.0,0.06856518983840942
train/charbonnier,15940.0,0.046471547335386276
train/charbonnier,15960.0,0.04157431423664093
train/charbonnier,15980.0,0.05111583322286606
train/charbonnier,16000.0,0.038093242794275284
train/charbonnier,16020.0,0.04823986813426018
train/charbonnier,16040.0,0.04647916555404663
train/charbonnier,16060.0,0.044704996049404144
train/charbonnier,16080.0,0.05204365774989128
train/charbonnier,16100.0,0.05487260967493057
train/charbonnier,16120.0,0.04700672626495361
train/charbonnier,16140.0,0.049355410039424896
train/charbonnier,16160.0,0.053945958614349365
train/charbonnier,16180.0,0.04671163111925125
train/charbonnier,16200.0,0.051791250705718994
train/charbonnier,16220.0,0.04060176759958267
train/charbonnier,16240.0,0.04239137843251228
train/charbonnier,16260.0,0.04821205139160156
train/charbonnier,16280.0,0.04964283108711243
train/charbonnier,16300.0,0.04834067076444626
train/charbonnier,16320.0,0.05143864080309868
train/charbonnier,16340.0,0.051674846559762955
train/charbonnier,16360.0,0.043541304767131805
train/charbonnier,16380.0,0.051882438361644745
train/charbonnier,16400.0,0.05413147434592247
train/charbonnier,16420.0,0.050519391894340515
train/charbonnier,16440.0,0.046018168330192566
train/charbonnier,16460.0,0.049872949719429016
train/charbonnier,16480.0,0.04000391811132431
train/charbonnier,16500.0,0.05428268387913704
train/charbonnier,16520.0,0.04820217937231064
train/charbonnier,16540.0,0.05314727500081062
train/charbonnier,16560.0,0.04741835594177246
train/charbonnier,16580.0,0.047329798340797424
train/charbonnier,16600.0,0.05163004249334335
train/charbonnier,16620.0,0.04911138862371445
train/charbonnier,16640.0,0.04592740535736084
train/charbonnier,16660.0,0.05178713798522949
train/charbonnier,16680.0,0.050898633897304535
train/charbonnier,16700.0,0.04614182561635971
train/charbonnier,16720.0,0.043553151190280914
train/charbonnier,16740.0,0.04731573909521103
train/charbonnier,16760.0,0.04805329814553261
train/charbonnier,16780.0,0.053192660212516785
train/charbonnier,16800.0,0.05244132876396179
train/charbonnier,16820.0,0.047371234744787216
train/charbonnier,16840.0,0.048068251460790634
train/charbonnier,16860.0,0.04860430955886841
train/charbonnier,16880.0,0.05129673704504967
train/charbonnier,16900.0,0.04963602498173714
train/charbonnier,16920.0,0.046236228197813034
train/charbonnier,16940.0,0.05810268968343735
train/charbonnier,16960.0,0.05880828574299812
train/charbonnier,16980.0,0.05004264414310455
train/charbonnier,17000.0,0.04477962106466293
train/charbonnier,17020.0,0.057865969836711884
train/charbonnier,17040.0,0.04597144573926926
train/charbonnier,17060.0,0.048217128962278366
train/charbonnier,17080.0,0.04111591354012489
train/charbonnier,17100.0,0.0496491864323616
train/charbonnier,17120.0,0.04370030015707016
train/charbonnier,17140.0,0.04954329878091812
train/charbonnier,17160.0,0.05034059286117554
train/charbonnier,17180.0,0.046302855014801025
train/charbonnier,17200.0,0.047715675085783005
train/charbonnier,17220.0,0.04800894111394882
train/charbonnier,17240.0,0.044290170073509216
train/charbonnier,17260.0,0.054038405418395996
train/charbonnier,17280.0,0.04478195309638977
train/charbonnier,17300.0,0.0486130453646183
train/charbonnier,17320.0,0.039401449263095856
train/charbonnier,17340.0,0.043695319443941116
train/charbonnier,17360.0,0.05149584263563156
train/charbonnier,17380.0,0.04440844804048538
train/charbonnier,17400.0,0.047186315059661865
train/charbonnier,17420.0,0.04597817733883858
train/charbonnier,17440.0,0.04891540855169296
train/charbonnier,17460.0,0.04118833318352699
train/charbonnier,17480.0,0.04457378387451172
train/charbonnier,17500.0,0.049068380147218704
train/charbonnier,17520.0,0.04197780042886734
train/charbonnier,17540.0,0.04233483225107193
train/charbonnier,17560.0,0.05981840193271637
train/charbonnier,17580.0,0.046501025557518005
train/charbonnier,17600.0,0.04641776531934738
train/charbonnier,17620.0,0.05248513072729111
train/charbonnier,17640.0,0.047424957156181335
train/charbonnier,17660.0,0.05389605462551117
train/charbonnier,17680.0,0.052935436367988586
train/charbonnier,17700.0,0.047867950052022934
train/charbonnier,17720.0,0.040641412138938904
train/charbonnier,17740.0,0.05177836865186691
train/charbonnier,17760.0,0.051665790379047394
train/charbonnier,17780.0,0.049251459538936615
train/charbonnier,17800.0,0.043921779841184616
train/charbonnier,17820.0,0.051753874868154526
train/charbonnier,17840.0,0.04317047446966171
train/charbonnier,17860.0,0.05153562128543854
train/charbonnier,17880.0,0.05202116817235947
train/charbonnier,17900.0,0.046652331948280334
train/charbonnier,17920.0,0.05316009745001793
train/charbonnier,17940.0,0.04691925272345543
train/charbonnier,17960.0,0.04756103828549385
train/charbonnier,17980.0,0.0507708340883255
train/charbonnier,18000.0,0.050811849534511566
train/charbonnier,18020.0,0.04350367933511734
train/charbonnier,18040.0,0.055231574922800064
train/charbonnier,18060.0,0.04742184653878212
train/charbonnier,18080.0,0.054699722677469254
train/charbonnier,18100.0,0.04682154953479767
train/charbonnier,18120.0,0.045992162078619
train/charbonnier,18140.0,0.04859248548746109
train/charbonnier,18160.0,0.04089629277586937
train/charbonnier,18180.0,0.04955316334962845
train/charbonnier,18200.0,0.05384546518325806
train/charbonnier,18220.0,0.0526285283267498
train/charbonnier,18240.0,0.0491635836660862
train/charbonnier,18260.0,0.04200339689850807
train/charbonnier,18280.0,0.048375923186540604
train/charbonnier,18300.0,0.04883234202861786
train/charbonnier,18320.0,0.04658576846122742
train/charbonnier,18340.0,0.0461098849773407
train/charbonnier,18360.0,0.04902608320116997
train/charbonnier,18380.0,0.046789489686489105
train/charbonnier,18400.0,0.0472794771194458
train/charbonnier,18420.0,0.046901725232601166
train/charbonnier,18440.0,0.04935373365879059
train/charbonnier,18460.0,0.05699498951435089
train/charbonnier,18480.0,0.04636216536164284
train/charbonnier,18500.0,0.045901909470558167
train/charbonnier,18520.0,0.047886863350868225
train/charbonnier,18540.0,0.04836314544081688
train/charbonnier,18560.0,0.048558540642261505
train/charbonnier,18580.0,0.0400102324783802
train/charbonnier,18600.0,0.04825394228100777
train/charbonnier,18620.0,0.04925476387143135
train/charbonnier,18640.0,0.05098949745297432
train/charbonnier,18660.0,0.05009078234434128
train/charbonnier,18680.0,0.04396551102399826
train/charbonnier,18700.0,0.04299984127283096
train/charbonnier,18720.0,0.046239569783210754
train/charbonnier,18740.0,0.04283421114087105
train/charbonnier,18760.0,0.05152103304862976
train/charbonnier,18780.0,0.042401839047670364
train/charbonnier,18800.0,0.039683301001787186
train/charbonnier,18820.0,0.04828863590955734
train/charbonnier,18840.0,0.055674098432064056
train/charbonnier,18860.0,0.04781768471002579
train/charbonnier,18880.0,0.052067406475543976
train/charbonnier,18900.0,0.054113857448101044
train/charbonnier,18920.0,0.049478594213724136
train/charbonnier,18940.0,0.0480162687599659
train/charbonnier,18960.0,0.04690030962228775
train/charbonnier,18980.0,0.051843754947185516
train/charbonnier,19000.0,0.04441297799348831
train/charbonnier,19020.0,0.05353836342692375
train/charbonnier,19040.0,0.04234825819730759
train/charbonnier,19060.0,0.049556005746126175
train/charbonnier,19080.0,0.05600784718990326
train/charbonnier,19100.0,0.04988155514001846
train/charbonnier,19120.0,0.05104440450668335
train/charbonnier,19140.0,0.04733806103467941
train/charbonnier,19160.0,0.040626414120197296
train/charbonnier,19180.0,0.05476023256778717
train/charbonnier,19200.0,0.045247044414281845
train/charbonnier,19220.0,0.040357593446969986
train/charbonnier,19240.0,0.048894524574279785
train/charbonnier,19260.0,0.0481996014714241
train/charbonnier,19280.0,0.04918406531214714
train/charbonnier,19300.0,0.0492330938577652
train/charbonnier,19320.0,0.04999620467424393
train/charbonnier,19340.0,0.04741007089614868
train/charbonnier,19360.0,0.0530536063015461
train/charbonnier,19380.0,0.04623018950223923
train/charbonnier,19400.0,0.04887525737285614
train/charbonnier,19420.0,0.055555835366249084
train/charbonnier,19440.0,0.049408718943595886
train/charbonnier,19460.0,0.040341321378946304
train/charbonnier,19480.0,0.05495959520339966
train/charbonnier,19500.0,0.045622482895851135
train/charbonnier,19520.0,0.047821130603551865
train/charbonnier,19540.0,0.04232059419155121
train/charbonnier,19560.0,0.044433776289224625
train/charbonnier,19580.0,0.050307657569646835
train/charbonnier,19600.0,0.04318170249462128
train/charbonnier,19620.0,0.04663008823990822
train/charbonnier,19640.0,0.05084632709622383
train/charbonnier,19660.0,0.0460052564740181
train/charbonnier,19680.0,0.03680185228586197
train/charbonnier,19700.0,0.04737573862075806
train/charbonnier,19720.0,0.049126263707876205
train/charbonnier,19740.0,0.05661997199058533
train/charbonnier,19760.0,0.041867855936288834
train/charbonnier,19780.0,0.047388240694999695
train/charbonnier,19800.0,0.04346942529082298
train/charbonnier,19820.0,0.045648880302906036
train/charbonnier,19840.0,0.05282081291079521
train/charbonnier,19860.0,0.053255241364240646
train/charbonnier,19880.0,0.04354620352387428
train/charbonnier,19900.0,0.05789249390363693
train/charbonnier,19920.0,0.04903324320912361
train/charbonnier,19940.0,0.056611597537994385
train/charbonnier,19960.0,0.03693626448512077
train/charbonnier,19980.0,0.042828697711229324
train/charbonnier,20000.0,0.046221621334552765
train/l1,1.0,0.06515920162200928
train/l1,20.0,0.0509740449488163
train/l1,40.0,0.05143539607524872
train/l1,60.0,0.04887504130601883
train/l1,80.0,0.04740718752145767
train/l1,100.0,0.048432622104883194
train/l1,120.0,0.04908934608101845
train/l1,140.0,0.04819997400045395
train/l1,160.0,0.04632991552352905
train/l1,180.0,0.058975331485271454
train/l1,200.0,0.05412404611706734
train/l1,220.0,0.053432807326316833
train/l1,240.0,0.050864510238170624
train/l1,260.0,0.04840502142906189
train/l1,280.0,0.049007415771484375
train/l1,300.0,0.05399737507104874
train/l1,320.0,0.05290822312235832
train/l1,340.0,0.04354487732052803
train/l1,360.0,0.047287262976169586
train/l1,380.0,0.04721410572528839
train/l1,400.0,0.04943239688873291
train/l1,420.0,0.05021252483129501
train/l1,440.0,0.04755621403455734
train/l1,460.0,0.05096041411161423
train/l1,480.0,0.04675135388970375
train/l1,500.0,0.04638940840959549
train/l1,520.0,0.054751139134168625
train/l1,540.0,0.05024266242980957
train/l1,560.0,0.04652370512485504
train/l1,580.0,0.05200560390949249
train/l1,600.0,0.05988987162709236
train/l1,620.0,0.043342918157577515
train/l1,640.0,0.048282962292432785
train/l1,660.0,0.05121907964348793
train/l1,680.0,0.047770366072654724
train/l1,700.0,0.05778380483388901
train/l1,720.0,0.050043102353811264
train/l1,740.0,0.04776066541671753
train/l1,760.0,0.05335148051381111
train/l1,780.0,0.0429266020655632
train/l1,800.0,0.0451781302690506
train/l1,820.0,0.05012662708759308
train/l1,840.0,0.06253381818532944
train/l1,860.0,0.0472564622759819
train/l1,880.0,0.05487425625324249
train/l1,900.0,0.05497743934392929
train/l1,920.0,0.05731034651398659
train/l1,940.0,0.05207990109920502
train/l1,960.0,0.04675670713186264
train/l1,980.0,0.04910241812467575
train/l1,1000.0,0.04812205582857132
train/l1,1020.0,0.0567704476416111
train/l1,1040.0,0.04623231291770935
train/l1,1060.0,0.05556725710630417
train/l1,1080.0,0.04859434813261032
train/l1,1100.0,0.06202969700098038
train/l1,1120.0,0.05141351372003555
train/l1,1140.0,0.05144505202770233
train/l1,1160.0,0.047853853553533554
train/l1,1180.0,0.05288080871105194
train/l1,1200.0,0.044701047241687775
train/l1,1220.0,0.056084319949150085
train/l1,1240.0,0.05532354861497879
train/l1,1260.0,0.05598919093608856
train/l1,1280.0,0.05545246601104736
train/l1,1300.0,0.04484620690345764
train/l1,1320.0,0.04719585180282593
train/l1,1340.0,0.05015408620238304
train/l1,1360.0,0.05249719321727753
train/l1,1380.0,0.04995414614677429
train/l1,1400.0,0.048999540507793427
train/l1,1420.0,0.044034577906131744
train/l1,1440.0,0.05047786608338356
train/l1,1460.0,0.060565002262592316
train/l1,1480.0,0.043721865862607956
train/l1,1500.0,0.051196932792663574
train/l1,1520.0,0.05323949083685875
train/l1,1540.0,0.045792192220687866
train/l1,1560.0,0.053379204124212265
train/l1,1580.0,0.057873375713825226
train/l1,1600.0,0.051745716482400894
train/l1,1620.0,0.04710695520043373
train/l1,1640.0,0.049970414489507675
train/l1,1660.0,0.05538889020681381
train/l1,1680.0,0.04735059291124344
train/l1,1700.0,0.0502723827958107
train/l1,1720.0,0.04541049897670746
train/l1,1740.0,0.06630094349384308
train/l1,1760.0,0.05224943906068802
train/l1,1780.0,0.051392748951911926
train/l1,1800.0,0.053994208574295044
train/l1,1820.0,0.05329367145895958
train/l1,1840.0,0.05310177803039551
train/l1,1860.0,0.04864027351140976
train/l1,1880.0,0.049720071256160736
train/l1,1900.0,0.058247603476047516
train/l1,1920.0,0.048475246876478195
train/l1,1940.0,0.04202389717102051
train/l1,1960.0,0.04601512849330902
train/l1,1980.0,0.053353600203990936
train/l1,2000.0,0.04378043860197067
train/l1,2020.0,0.0487091988325119
train/l1,2040.0,0.04937358945608139
train/l1,2060.0,0.05575450882315636
train/l1,2080.0,0.05900527536869049
train/l1,2100.0,0.039645057171583176
train/l1,2120.0,0.052524764090776443
train/l1,2140.0,0.04428358003497124
train/l1,2160.0,0.05403926223516464
train/l1,2180.0,0.0481378473341465
train/l1,2200.0,0.04604673385620117
train/l1,2220.0,0.053478021174669266
train/l1,2240.0,0.058906279504299164
train/l1,2260.0,0.05387052148580551
train/l1,2280.0,0.045113302767276764
train/l1,2300.0,0.05088391155004501
train/l1,2320.0,0.0456230565905571
train/l1,2340.0,0.05283910408616066
train/l1,2360.0,0.05285012349486351
train/l1,2380.0,0.05088440701365471
train/l1,2400.0,0.05389845743775368
train/l1,2420.0,0.05722784996032715
train/l1,2440.0,0.04912037029862404
train/l1,2460.0,0.049781300127506256
train/l1,2480.0,0.053871333599090576
train/l1,2500.0,0.05412334203720093
train/l1,2520.0,0.05328087881207466
train/l1,2540.0,0.051507968455553055
train/l1,2560.0,0.04717284068465233
train/l1,2580.0,0.05230550840497017
train/l1,2600.0,0.05469821020960808
train/l1,2620.0,0.04856012016534805
train/l1,2640.0,0.046197354793548584
train/l1,2660.0,0.0535757839679718
train/l1,2680.0,0.054374631494283676
train/l1,2700.0,0.04677983373403549
train/l1,2720.0,0.05109870433807373
train/l1,2740.0,0.053536996245384216
train/l1,2760.0,0.05368129163980484
train/l1,2780.0,0.055115219205617905
train/l1,2800.0,0.03950664401054382
train/l1,2820.0,0.05722678825259209
train/l1,2840.0,0.052218664437532425
train/l1,2860.0,0.04885410517454147
train/l1,2880.0,0.05546088144183159
train/l1,2900.0,0.0549398772418499
train/l1,2920.0,0.05516715347766876
train/l1,2940.0,0.0468565970659256
train/l1,2960.0,0.0489983968436718
train/l1,2980.0,0.05002128332853317
train/l1,3000.0,0.04553501680493355
train/l1,3020.0,0.043547432869672775
train/l1,3040.0,0.048882342875003815
train/l1,3060.0,0.046507589519023895
train/l1,3080.0,0.05290474742650986
train/l1,3100.0,0.05841958150267601
train/l1,3120.0,0.05298122018575668
train/l1,3140.0,0.0455445721745491
train/l1,3160.0,0.05190511420369148
train/l1,3180.0,0.054158199578523636
train/l1,3200.0,0.045537665486335754
train/l1,3220.0,0.05148233845829964
train/l1,3240.0,0.051549360156059265
train/l1,3260.0,0.05684658885002136
train/l1,3280.0,0.04722269997000694
train/l1,3300.0,0.045029595494270325
train/l1,3320.0,0.05388092249631882
train/l1,3340.0,0.04727745056152344
train/l1,3360.0,0.04915013164281845
train/l1,3380.0,0.047299694269895554
train/l1,3400.0,0.04816218838095665
train/l1,3420.0,0.04904499277472496
train/l1,3440.0,0.04572939872741699
train/l1,3460.0,0.05040224641561508
train/l1,3480.0,0.0505453497171402
train/l1,3500.0,0.06227920949459076
train/l1,3520.0,0.05586044862866402
train/l1,3540.0,0.05776521936058998
train/l1,3560.0,0.046882856637239456
train/l1,3580.0,0.053095944225788116
train/l1,3600.0,0.06055974215269089
train/l1,3620.0,0.05256081745028496
train/l1,3640.0,0.04984673112630844
train/l1,3660.0,0.04882276803255081
train/l1,3680.0,0.052684515714645386
train/l1,3700.0,0.048695988953113556
train/l1,3720.0,0.048820193856954575
train/l1,3740.0,0.05078339949250221
train/l1,3760.0,0.04442974179983139
train/l1,3780.0,0.04845923185348511
train/l1,3800.0,0.05450171232223511
train/l1,3820.0,0.05246578902006149
train/l1,3840.0,0.04821354150772095
train/l1,3860.0,0.05251513421535492
train/l1,3880.0,0.05497298389673233
train/l1,3900.0,0.04286901652812958
train/l1,3920.0,0.05538306385278702
train/l1,3940.0,0.04918282479047775
train/l1,3960.0,0.049853552132844925
train/l1,3980.0,0.04517974331974983
train/l1,4000.0,0.05197614058852196
train/l1,4020.0,0.05348173901438713
train/l1,4040.0,0.053213756531476974
train/l1,4060.0,0.054036945104599
train/l1,4080.0,0.04952574521303177
train/l1,4100.0,0.05016114562749863
train/l1,4120.0,0.0522645004093647
train/l1,4140.0,0.05358269810676575
train/l1,4160.0,0.05470457673072815
train/l1,4180.0,0.052054136991500854
train/l1,4200.0,0.049763184040784836
train/l1,4220.0,0.05119409039616585
train/l1,4240.0,0.046723537147045135
train/l1,4260.0,0.04902862757444382
train/l1,4280.0,0.051005832850933075
train/l1,4300.0,0.04409056901931763
train/l1,4320.0,0.05413402244448662
train/l1,4340.0,0.05423756688833237
train/l1,4360.0,0.0472509041428566
train/l1,4380.0,0.05599917098879814
train/l1,4400.0,0.05220390111207962
train/l1,4420.0,0.047061286866664886
train/l1,4440.0,0.04718714952468872
train/l1,4460.0,0.04653026536107063
train/l1,4480.0,0.043150849640369415
train/l1,4500.0,0.05014548450708389
train/l1,4520.0,0.04728785157203674
train/l1,4540.0,0.05234593152999878
train/l1,4560.0,0.05102995038032532
train/l1,4580.0,0.05124814435839653
train/l1,4600.0,0.05018820986151695
train/l1,4620.0,0.048855800181627274
train/l1,4640.0,0.051906123757362366
train/l1,4660.0,0.05053834617137909
train/l1,4680.0,0.046484850347042084
train/l1,4700.0,0.05231253802776337
train/l1,4720.0,0.04942341893911362
train/l1,4740.0,0.051379427313804626
train/l1,4760.0,0.0481751449406147
train/l1,4780.0,0.04678739234805107
train/l1,4800.0,0.04609375447034836
train/l1,4820.0,0.048266906291246414
train/l1,4840.0,0.043369729071855545
train/l1,4860.0,0.05106620490550995
train/l1,4880.0,0.04745445027947426
train/l1,4900.0,0.049748122692108154
train/l1,4920.0,0.04757603257894516
train/l1,4940.0,0.04557666555047035
train/l1,4960.0,0.048615630716085434
train/l1,4980.0,0.04930175840854645
train/l1,5000.0,0.0478004515171051
train/l1,5020.0,0.05022881180047989
train/l1,5040.0,0.05264738202095032
train/l1,5060.0,0.050638243556022644
train/l1,5080.0,0.04796870797872543
train/l1,5100.0,0.05060217157006264
train/l1,5120.0,0.045286182314157486
train/l1,5140.0,0.051194868981838226
train/l1,5160.0,0.05191683769226074
train/l1,5180.0,0.046537768095731735
train/l1,5200.0,0.05681990087032318
train/l1,5220.0,0.04266875609755516
train/l1,5240.0,0.04952624440193176
train/l1,5260.0,0.05716250464320183
train/l1,5280.0,0.04524330794811249
train/l1,5300.0,0.04230158030986786
train/l1,5320.0,0.04746193811297417
train/l1,5340.0,0.050564978271722794
train/l1,5360.0,0.05405019596219063
train/l1,5380.0,0.056671567261219025
train/l1,5400.0,0.05159006640315056
train/l1,5420.0,0.05036437511444092
train/l1,5440.0,0.04289015755057335
train/l1,5460.0,0.05475112795829773
train/l1,5480.0,0.04903966933488846
train/l1,5500.0,0.0481768473982811
train/l1,5520.0,0.048468492925167084
train/l1,5540.0,0.04501062631607056
train/l1,5560.0,0.04996053874492645
train/l1,5580.0,0.04267125949263573
train/l1,5600.0,0.05772069841623306
train/l1,5620.0,0.05021575093269348
train/l1,5640.0,0.046548761427402496
train/l1,5660.0,0.04885592311620712
train/l1,5680.0,0.054522644728422165
train/l1,5700.0,0.05201288312673569
train/l1,5720.0,0.04904913157224655
train/l1,5740.0,0.04731989651918411
train/l1,5760.0,0.05161244422197342
train/l1,5780.0,0.05553412437438965
train/l1,5800.0,0.05132482945919037
train/l1,5820.0,0.05415917560458183
train/l1,5840.0,0.04446013271808624
train/l1,5860.0,0.049309153109788895
train/l1,5880.0,0.05326574668288231
train/l1,5900.0,0.04913519695401192
train/l1,5920.0,0.051127802580595016
train/l1,5940.0,0.051448460668325424
train/l1,5960.0,0.04767173156142235
train/l1,5980.0,0.04710061103105545
train/l1,6000.0,0.05069557577371597
train/l1,6020.0,0.05603697896003723
train/l1,6040.0,0.05762511491775513
train/l1,6060.0,0.05201699584722519
train/l1,6080.0,0.05726468563079834
train/l1,6100.0,0.04553361237049103
train/l1,6120.0,0.050573524087667465
train/l1,6140.0,0.05471594259142876
train/l1,6160.0,0.05006195604801178
train/l1,6180.0,0.04872497543692589
train/l1,6200.0,0.04797745496034622
train/l1,6220.0,0.05046312138438225
train/l1,6240.0,0.04723742604255676
train/l1,6260.0,0.04598042368888855
train/l1,6280.0,0.04855014383792877
train/l1,6300.0,0.05810650438070297
train/l1,6320.0,0.04931846261024475
train/l1,6340.0,0.051043007522821426
train/l1,6360.0,0.04551592469215393
train/l1,6380.0,0.04628368467092514
train/l1,6400.0,0.05078159645199776
train/l1,6420.0,0.04645969346165657
train/l1,6440.0,0.051125943660736084
train/l1,6460.0,0.050519246608018875
train/l1,6480.0,0.044216617941856384
train/l1,6500.0,0.0551803782582283
train/l1,6520.0,0.04470956325531006
train/l1,6540.0,0.051409024745225906
train/l1,6560.0,0.05676162242889404
train/l1,6580.0,0.042793646454811096
train/l1,6600.0,0.047987110912799835
train/l1,6620.0,0.06949397176504135
train/l1,6640.0,0.04933593422174454
train/l1,6660.0,0.05317876115441322
train/l1,6680.0,0.053871311247348785
train/l1,6700.0,0.05404464527964592
train/l1,6720.0,0.04904676228761673
train/l1,6740.0,0.048197876662015915
train/l1,6760.0,0.05444013327360153
train/l1,6780.0,0.04417427256703377
train/l1,6800.0,0.05098738148808479
train/l1,6820.0,0.051693037152290344
train/l1,6840.0,0.04840059578418732
train/l1,6860.0,0.04991151764988899
train/l1,6880.0,0.04263840243220329
train/l1,6900.0,0.05013401061296463
train/l1,6920.0,0.042650289833545685
train/l1,6940.0,0.048992570489645004
train/l1,6960.0,0.04845545440912247
train/l1,6980.0,0.057072270661592484
train/l1,7000.0,0.051190104335546494
train/l1,7020.0,0.05013458430767059
train/l1,7040.0,0.04956262931227684
train/l1,7060.0,0.04231603443622589
train/l1,7080.0,0.04537951201200485
train/l1,7100.0,0.05486772954463959
train/l1,7120.0,0.05340006202459335
train/l1,7140.0,0.044764772057533264
train/l1,7160.0,0.0494120828807354
train/l1,7180.0,0.04687291383743286
train/l1,7200.0,0.04720798879861832
train/l1,7220.0,0.043556999415159225
train/l1,7240.0,0.043687112629413605
train/l1,7260.0,0.042931266129016876
train/l1,7280.0,0.047215115278959274
train/l1,7300.0,0.04767381399869919
train/l1,7320.0,0.053687676787376404
train/l1,7340.0,0.05809444189071655
train/l1,7360.0,0.053944673389196396
train/l1,7380.0,0.05411247909069061
train/l1,7400.0,0.054377488791942596
train/l1,7420.0,0.05018630623817444
train/l1,7440.0,0.05409950390458107
train/l1,7460.0,0.055433325469493866
train/l1,7480.0,0.048696234822273254
train/l1,7500.0,0.049390923231840134
train/l1,7520.0,0.049467600882053375
train/l1,7540.0,0.052074726670980453
train/l1,7560.0,0.04623038321733475
train/l1,7580.0,0.04817013442516327
train/l1,7600.0,0.04136192798614502
train/l1,7620.0,0.055490732192993164
train/l1,7640.0,0.051012150943279266
train/l1,7660.0,0.05857511982321739
train/l1,7680.0,0.04947295039892197
train/l1,7700.0,0.05246720463037491
train/l1,7720.0,0.04992089420557022
train/l1,7740.0,0.05371866375207901
train/l1,7760.0,0.05149872973561287
train/l1,7780.0,0.049484677612781525
train/l1,7800.0,0.04911791905760765
train/l1,7820.0,0.04361759498715401
train/l1,7840.0,0.04845373332500458
train/l1,7860.0,0.053365882486104965
train/l1,7880.0,0.05059846490621567
train/l1,7900.0,0.0452616885304451
train/l1,7920.0,0.04926192760467529
train/l1,7940.0,0.05202918127179146
train/l1,7960.0,0.0494663380086422
train/l1,7980.0,0.05251806229352951
train/l1,8000.0,0.04830742999911308
train/l1,8020.0,0.04928768426179886
train/l1,8040.0,0.049438074231147766
train/l1,8060.0,0.05659576132893562
train/l1,8080.0,0.05184391885995865
train/l1,8100.0,0.04841525852680206
train/l1,8120.0,0.047828711569309235
train/l1,8140.0,0.044673021882772446
train/l1,8160.0,0.049074456095695496
train/l1,8180.0,0.05209312587976456
train/l1,8200.0,0.06059105694293976
train/l1,8220.0,0.041834380477666855
train/l1,8240.0,0.04515518248081207
train/l1,8260.0,0.045959509909152985
train/l1,8280.0,0.050539109855890274
train/l1,8300.0,0.05455724149942398
train/l1,8320.0,0.05360954999923706
train/l1,8340.0,0.04490290954709053
train/l1,8360.0,0.05148190259933472
train/l1,8380.0,0.047556839883327484
train/l1,8400.0,0.04598008468747139
train/l1,8420.0,0.04624917358160019
train/l1,8440.0,0.04970812052488327
train/l1,8460.0,0.04701411724090576
train/l1,8480.0,0.046590112149715424
train/l1,8500.0,0.052357736974954605
train/l1,8520.0,0.048402294516563416
train/l1,8540.0,0.05231749266386032
train/l1,8560.0,0.048326246440410614
train/l1,8580.0,0.046552516520023346
train/l1,8600.0,0.04994890093803406
train/l1,8620.0,0.05051437020301819
train/l1,8640.0,0.047457367181777954
train/l1,8660.0,0.04997846856713295
train/l1,8680.0,0.04863057658076286
train/l1,8700.0,0.04853305593132973
train/l1,8720.0,0.04505404457449913
train/l1,8740.0,0.05353064462542534
train/l1,8760.0,0.05017157644033432
train/l1,8780.0,0.04566628858447075
train/l1,8800.0,0.04891226068139076
train/l1,8820.0,0.048092056065797806
train/l1,8840.0,0.04564875736832619
train/l1,8860.0,0.0476958341896534
train/l1,8880.0,0.05290688946843147
train/l1,8900.0,0.04920768737792969
train/l1,8920.0,0.05190747231245041
train/l1,8940.0,0.04732558876276016
train/l1,8960.0,0.05017077550292015
train/l1,8980.0,0.049713894724845886
train/l1,9000.0,0.05067590996623039
train/l1,9020.0,0.05489584431052208
train/l1,9040.0,0.05085435137152672
train/l1,9060.0,0.051328182220458984
train/l1,9080.0,0.048616573214530945
train/l1,9100.0,0.05218696594238281
train/l1,9120.0,0.05195038020610809
train/l1,9140.0,0.03826199471950531
train/l1,9160.0,0.05740811303257942
train/l1,9180.0,0.05171474069356918
train/l1,9200.0,0.051214754581451416
train/l1,9220.0,0.044647470116615295
train/l1,9240.0,0.05167127400636673
train/l1,9260.0,0.04606669396162033
train/l1,9280.0,0.04786001145839691
train/l1,9300.0,0.048589885234832764
train/l1,9320.0,0.047001250088214874
train/l1,9340.0,0.05200137943029404
train/l1,9360.0,0.05070013180375099
train/l1,9380.0,0.0469304583966732
train/l1,9400.0,0.04464535415172577
train/l1,9420.0,0.04766756296157837
train/l1,9440.0,0.044647134840488434
train/l1,9460.0,0.053037360310554504
train/l1,9480.0,0.046101607382297516
train/l1,9500.0,0.0479566715657711
train/l1,9520.0,0.05019348859786987
train/l1,9540.0,0.057472363114356995
train/l1,9560.0,0.04584676772356033
train/l1,9580.0,0.047131653875112534
train/l1,9600.0,0.049659229815006256
train/l1,9620.0,0.0483633391559124
train/l1,9640.0,0.052024465054273605
train/l1,9660.0,0.05114099010825157
train/l1,9680.0,0.04844558238983154
train/l1,9700.0,0.04918763041496277
train/l1,9720.0,0.04968249425292015
train/l1,9740.0,0.049065083265304565
train/l1,9760.0,0.05109991505742073
train/l1,9780.0,0.04623464494943619
train/l1,9800.0,0.046737875789403915
train/l1,9820.0,0.052312903106212616
train/l1,9840.0,0.04744010418653488
train/l1,9860.0,0.05042096972465515
train/l1,9880.0,0.049595389515161514
train/l1,9900.0,0.05165916681289673
train/l1,9920.0,0.041696809232234955
train/l1,9940.0,0.044656600803136826
train/l1,9960.0,0.04837873578071594
train/l1,9980.0,0.04923565685749054
train/l1,10000.0,0.05051388591527939
train/l1,10020.0,0.05259912088513374
train/l1,10040.0,0.03876359388232231
train/l1,10060.0,0.045749664306640625
train/l1,10080.0,0.04697148874402046
train/l1,10100.0,0.05052320286631584
train/l1,10120.0,0.04271254315972328
train/l1,10140.0,0.04852190241217613
train/l1,10160.0,0.044395554810762405
train/l1,10180.0,0.049712978303432465
train/l1,10200.0,0.04942075163125992
train/l1,10220.0,0.04584726318717003
train/l1,10240.0,0.05012881010770798
train/l1,10260.0,0.048462264239788055
train/l1,10280.0,0.04418762028217316
train/l1,10300.0,0.050588592886924744
train/l1,10320.0,0.05419030413031578
train/l1,10340.0,0.04621254652738571
train/l1,10360.0,0.0506829209625721
train/l1,10380.0,0.05287197604775429
train/l1,10400.0,0.05291714519262314
train/l1,10420.0,0.04346810281276703
train/l1,10440.0,0.05370372161269188
train/l1,10460.0,0.04924650117754936
train/l1,10480.0,0.05043613910675049
train/l1,10500.0,0.057533398270606995
train/l1,10520.0,0.046318113803863525
train/l1,10540.0,0.0529073029756546
train/l1,10560.0,0.04638902097940445
train/l1,10580.0,0.04379955679178238
train/l1,10600.0,0.04841865971684456
train/l1,10620.0,0.04706176370382309
train/l1,10640.0,0.0526827909052372
train/l1,10660.0,0.053312405943870544
train/l1,10680.0,0.0463772714138031
train/l1,10700.0,0.054269399493932724
train/l1,10720.0,0.0482511892914772
train/l1,10740.0,0.05017019808292389
train/l1,10760.0,0.048127979040145874
train/l1,10780.0,0.05327576398849487
train/l1,10800.0,0.051594674587249756
train/l1,10820.0,0.045130714774131775
train/l1,10840.0,0.05186890438199043
train/l1,10860.0,0.04320221766829491
train/l1,10880.0,0.04553616791963577
train/l1,10900.0,0.05001131817698479
train/l1,10920.0,0.05323762446641922
train/l1,10940.0,0.04883374273777008
train/l1,10960.0,0.049655936658382416
train/l1,10980.0,0.05587377771735191
train/l1,11000.0,0.04731566831469536
train/l1,11020.0,0.047306694090366364
train/l1,11040.0,0.05708169937133789
train/l1,11060.0,0.054510265588760376
train/l1,11080.0,0.05537502467632294
train/l1,11100.0,0.044514626264572144
train/l1,11120.0,0.05009673535823822
train/l1,11140.0,0.05074238404631615
train/l1,11160.0,0.05421764403581619
train/l1,11180.0,0.04176139086484909
train/l1,11200.0,0.04292866587638855
train/l1,11220.0,0.05298413708806038
train/l1,11240.0,0.047921501100063324
train/l1,11260.0,0.051833558827638626
train/l1,11280.0,0.04886269569396973
train/l1,11300.0,0.04754012078046799
train/l1,11320.0,0.04344576969742775
train/l1,11340.0,0.050603073090314865
train/l1,11360.0,0.04976784437894821
train/l1,11380.0,0.05490203946828842
train/l1,11400.0,0.05094696208834648
train/l1,11420.0,0.04528839886188507
train/l1,11440.0,0.04327249899506569
train/l1,11460.0,0.04355863481760025
train/l1,11480.0,0.04671391844749451
train/l1,11500.0,0.052968740463256836
train/l1,11520.0,0.050748348236083984
train/l1,11540.0,0.04931776598095894
train/l1,11560.0,0.05515185743570328
train/l1,11580.0,0.05005466938018799
train/l1,11600.0,0.04926381632685661
train/l1,11620.0,0.053079720586538315
train/l1,11640.0,0.0442025288939476
train/l1,11660.0,0.05013112723827362
train/l1,11680.0,0.052741676568984985
train/l1,11700.0,0.04419693723320961
train/l1,11720.0,0.05210476741194725
train/l1,11740.0,0.050670549273490906
train/l1,11760.0,0.050484176725149155
train/l1,11780.0,0.048255883157253265
train/l1,11800.0,0.049891889095306396
train/l1,11820.0,0.046673864126205444
train/l1,11840.0,0.045149777084589005
train/l1,11860.0,0.04742775112390518
train/l1,11880.0,0.044488973915576935
train/l1,11900.0,0.04357437789440155
train/l1,11920.0,0.04696596413850784
train/l1,11940.0,0.04245427995920181
train/l1,11960.0,0.054744720458984375
train/l1,11980.0,0.05029042810201645
train/l1,12000.0,0.05043347552418709
train/l1,12020.0,0.04383966326713562
train/l1,12040.0,0.04541439190506935
train/l1,12060.0,0.04486922174692154
train/l1,12080.0,0.04829289764165878
train/l1,12100.0,0.04971223697066307
train/l1,12120.0,0.05036115646362305
train/l1,12140.0,0.053470686078071594
train/l1,12160.0,0.044276997447013855
train/l1,12180.0,0.05352652445435524
train/l1,12200.0,0.05372968688607216
train/l1,12220.0,0.05378284305334091
train/l1,12240.0,0.04388454556465149
train/l1,12260.0,0.052244141697883606
train/l1,12280.0,0.04513153061270714
train/l1,12300.0,0.04978841543197632
train/l1,12320.0,0.04460733011364937
train/l1,12340.0,0.05640759691596031
train/l1,12360.0,0.044467147439718246
train/l1,12380.0,0.04822438210248947
train/l1,12400.0,0.04050678759813309
train/l1,12420.0,0.048848338425159454
train/l1,12440.0,0.05157341808080673
train/l1,12460.0,0.0538271963596344
train/l1,12480.0,0.05004921555519104
train/l1,12500.0,0.05559162795543671
train/l1,12520.0,0.05326174944639206
train/l1,12540.0,0.0501488633453846
train/l1,12560.0,0.04702158272266388
train/l1,12580.0,0.044303618371486664
train/l1,12600.0,0.04050853103399277
train/l1,12620.0,0.04108945280313492
train/l1,12640.0,0.04254068806767464
train/l1,12660.0,0.03960496559739113
train/l1,12680.0,0.04757509380578995
train/l1,12700.0,0.04485184699296951
train/l1,12720.0,0.04646856337785721
train/l1,12740.0,0.046001333743333817
train/l1,12760.0,0.04086052253842354
train/l1,12780.0,0.04870973154902458
train/l1,12800.0,0.05482642725110054
train/l1,12820.0,0.04771071672439575
train/l1,12840.0,0.04738427326083183
train/l1,12860.0,0.04213784635066986
train/l1,12880.0,0.0476965606212616
train/l1,12900.0,0.043246813118457794
train/l1,12920.0,0.053381092846393585
train/l1,12940.0,0.053701963275671005
train/l1,12960.0,0.051966965198516846
train/l1,12980.0,0.03764132410287857
train/l1,13000.0,0.04402542859315872
train/l1,13020.0,0.052996620535850525
train/l1,13040.0,0.0504765510559082
train/l1,13060.0,0.04949032515287399
train/l1,13080.0,0.046601083129644394
train/l1,13100.0,0.04916374012827873
train/l1,13120.0,0.050697702914476395
train/l1,13140.0,0.047819752246141434
train/l1,13160.0,0.04870550334453583
train/l1,13180.0,0.04544647037982941
train/l1,13200.0,0.05687110871076584
train/l1,13220.0,0.044332973659038544
train/l1,13240.0,0.05009998381137848
train/l1,13260.0,0.05135996639728546
train/l1,13280.0,0.06751766055822372
train/l1,13300.0,0.04231300204992294
train/l1,13320.0,0.0632074773311615
train/l1,13340.0,0.049917805939912796
train/l1,13360.0,0.04829581081867218
train/l1,13380.0,0.04527827352285385
train/l1,13400.0,0.045069869607686996
train/l1,13420.0,0.0510951466858387
train/l1,13440.0,0.044691432267427444
train/l1,13460.0,0.05327793210744858
train/l1,13480.0,0.045428983867168427
train/l1,13500.0,0.04579264670610428
train/l1,13520.0,0.03577345982193947
train/l1,13540.0,0.046897903084754944
train/l1,13560.0,0.045896977186203
train/l1,13580.0,0.05405030772089958
train/l1,13600.0,0.048857431858778
train/l1,13620.0,0.05277305096387863
train/l1,13640.0,0.04984383285045624
train/l1,13660.0,0.04565729945898056
train/l1,13680.0,0.04207250103354454
train/l1,13700.0,0.04746679961681366
train/l1,13720.0,0.05243033170700073
train/l1,13740.0,0.047410886734724045
train/l1,13760.0,0.05143230780959129
train/l1,13780.0,0.047086458653211594
train/l1,13800.0,0.04854350537061691
train/l1,13820.0,0.04646124318242073
train/l1,13840.0,0.04926389455795288
train/l1,13860.0,0.0453459769487381
train/l1,13880.0,0.04931981861591339
train/l1,13900.0,0.049098677933216095
train/l1,13920.0,0.05064404383301735
train/l1,13940.0,0.04919866472482681
train/l1,13960.0,0.040716808289289474
train/l1,13980.0,0.0450468435883522
train/l1,14000.0,0.04490811377763748
train/l1,14020.0,0.047964684665203094
train/l1,14040.0,0.04751191288232803
train/l1,14060.0,0.046664975583553314
train/l1,14080.0,0.046311281621456146
train/l1,14100.0,0.04613085463643074
train/l1,14120.0,0.051441386342048645
train/l1,14140.0,0.04818689078092575
train/l1,14160.0,0.04951193928718567
train/l1,14180.0,0.04916851967573166
train/l1,14200.0,0.04697301983833313
train/l1,14220.0,0.046772945672273636
train/l1,14240.0,0.05037541687488556
train/l1,14260.0,0.05016152560710907
train/l1,14280.0,0.05244656652212143
train/l1,14300.0,0.04472724348306656
train/l1,14320.0,0.055323485285043716
train/l1,14340.0,0.05183733254671097
train/l1,14360.0,0.047646187245845795
train/l1,14380.0,0.051061857491731644
train/l1,14400.0,0.049309100955724716
train/l1,14420.0,0.0470680370926857
train/l1,14440.0,0.04307367652654648
train/l1,14460.0,0.051547035574913025
train/l1,14480.0,0.047118909657001495
train/l1,14500.0,0.04500659555196762
train/l1,14520.0,0.049721479415893555
train/l1,14540.0,0.043718371540308
train/l1,14560.0,0.04481634870171547
train/l1,14580.0,0.046506479382514954
train/l1,14600.0,0.04643227159976959
train/l1,14620.0,0.04762516915798187
train/l1,14640.0,0.04947858676314354
train/l1,14660.0,0.05130918323993683
train/l1,14680.0,0.04463305324316025
train/l1,14700.0,0.04913775622844696
train/l1,14720.0,0.052895594388246536
train/l1,14740.0,0.046871405094861984
train/l1,14760.0,0.04911286011338234
train/l1,14780.0,0.05086036026477814
train/l1,14800.0,0.04483786225318909
train/l1,14820.0,0.04922988638281822
train/l1,14840.0,0.03867226466536522
train/l1,14860.0,0.052398212254047394
train/l1,14880.0,0.05393464118242264
train/l1,14900.0,0.044635042548179626
train/l1,14920.0,0.05037590116262436
train/l1,14940.0,0.04434775933623314
train/l1,14960.0,0.04897351562976837
train/l1,14980.0,0.04935504123568535
train/l1,15000.0,0.05146770924329758
train/l1,15020.0,0.042116835713386536
train/l1,15040.0,0.0497550442814827
train/l1,15060.0,0.046303100883960724
train/l1,15080.0,0.04971466213464737
train/l1,15100.0,0.05786537751555443
train/l1,15120.0,0.04440545290708542
train/l1,15140.0,0.03699716553092003
train/l1,15160.0,0.04402187094092369
train/l1,15180.0,0.053643934428691864
train/l1,15200.0,0.0511610172688961
train/l1,15220.0,0.04339784383773804
train/l1,15240.0,0.04423486441373825
train/l1,15260.0,0.05559088662266731
train/l1,15280.0,0.047480471432209015
train/l1,15300.0,0.05182832479476929
train/l1,15320.0,0.042046256363391876
train/l1,15340.0,0.046831049025058746
train/l1,15360.0,0.04568273574113846
train/l1,15380.0,0.052952706813812256
train/l1,15400.0,0.04101787507534027
train/l1,15420.0,0.04370846599340439
train/l1,15440.0,0.04466111958026886
train/l1,15460.0,0.04850566387176514
train/l1,15480.0,0.04664742201566696
train/l1,15500.0,0.04440397396683693
train/l1,15520.0,0.05163753405213356
train/l1,15540.0,0.05659601837396622
train/l1,15560.0,0.05181161314249039
train/l1,15580.0,0.0504683293402195
train/l1,15600.0,0.040487322956323624
train/l1,15620.0,0.04899100959300995
train/l1,15640.0,0.04761841893196106
train/l1,15660.0,0.045219577848911285
train/l1,15680.0,0.048462383449077606
train/l1,15700.0,0.048562388867139816
train/l1,15720.0,0.04887201264500618
train/l1,15740.0,0.03922887146472931
train/l1,15760.0,0.04846412315964699
train/l1,15780.0,0.04190563037991524
train/l1,15800.0,0.04600056633353233
train/l1,15820.0,0.04811665415763855
train/l1,15840.0,0.05122688412666321
train/l1,15860.0,0.04833938181400299
train/l1,15880.0,0.04916628450155258
train/l1,15900.0,0.05252983048558235
train/l1,15920.0,0.06849420815706253
train/l1,15940.0,0.04638945683836937
train/l1,15960.0,0.04145270958542824
train/l1,15980.0,0.051013924181461334
train/l1,16000.0,0.037928707897663116
train/l1,16020.0,0.048183973878622055
train/l1,16040.0,0.0463896319270134
train/l1,16060.0,0.0445995070040226
train/l1,16080.0,0.05197066441178322
train/l1,16100.0,0.054819878190755844
train/l1,16120.0,0.04689154773950577
train/l1,16140.0,0.049298956990242004
train/l1,16160.0,0.053900063037872314
train/l1,16180.0,0.0466250516474247
train/l1,16200.0,0.051705967634916306
train/l1,16220.0,0.0404328890144825
train/l1,16240.0,0.04228084534406662
train/l1,16260.0,0.0481332428753376
train/l1,16280.0,0.04958401992917061
train/l1,16300.0,0.048285067081451416
train/l1,16320.0,0.05137351155281067
train/l1,16340.0,0.05157940089702606
train/l1,16360.0,0.04345652461051941
train/l1,16380.0,0.05179819464683533
train/l1,16400.0,0.05405968800187111
train/l1,16420.0,0.050403546541929245
train/l1,16440.0,0.04593999683856964
train/l1,16460.0,0.049764059484004974
train/l1,16480.0,0.03990841656923294
train/l1,16500.0,0.054196640849113464
train/l1,16520.0,0.048127587884664536
train/l1,16540.0,0.05306249111890793
train/l1,16560.0,0.04731243848800659
train/l1,16580.0,0.047216370701789856
train/l1,16600.0,0.05157012119889259
train/l1,16620.0,0.04900779575109482
train/l1,16640.0,0.04582865908741951
train/l1,16660.0,0.05171314254403114
train/l1,16680.0,0.050824329257011414
train/l1,16700.0,0.04604640603065491
train/l1,16720.0,0.043461672961711884
train/l1,16740.0,0.04722630977630615
train/l1,16760.0,0.04796157777309418
train/l1,16780.0,0.05306980013847351
train/l1,16800.0,0.05237710848450661
train/l1,16820.0,0.04728452488780022
train/l1,16840.0,0.047962486743927
train/l1,16860.0,0.04853248968720436
train/l1,16880.0,0.051184628158807755
train/l1,16900.0,0.04956204071640968
train/l1,16920.0,0.0461491160094738
train/l1,16940.0,0.05804005265235901
train/l1,16960.0,0.05874553695321083
train/l1,16980.0,0.04997572302818298
train/l1,17000.0,0.04467442259192467
train/l1,17020.0,0.05782879889011383
train/l1,17040.0,0.0458330363035202
train/l1,17060.0,0.048134200274944305
train/l1,17080.0,0.041001372039318085
train/l1,17100.0,0.049577876925468445
train/l1,17120.0,0.043619584292173386
train/l1,17140.0,0.04946788027882576
train/l1,17160.0,0.05024365708231926
train/l1,17180.0,0.04622717946767807
train/l1,17200.0,0.04766867309808731
train/l1,17220.0,0.04793732240796089
train/l1,17240.0,0.04419970139861107
train/l1,17260.0,0.053970277309417725
train/l1,17280.0,0.04469383880496025
train/l1,17300.0,0.04854720085859299
train/l1,17320.0,0.039301611483097076
train/l1,17340.0,0.043629102408885956
train/l1,17360.0,0.05142100155353546
train/l1,17380.0,0.04431760311126709
train/l1,17400.0,0.04706277325749397
train/l1,17420.0,0.04587868973612785
train/l1,17440.0,0.0488264225423336
train/l1,17460.0,0.041068434715270996
train/l1,17480.0,0.04442146420478821
train/l1,17500.0,0.04897058755159378
train/l1,17520.0,0.04176727309823036
train/l1,17540.0,0.042212918400764465
train/l1,17560.0,0.059767983853816986
train/l1,17580.0,0.04645228013396263
train/l1,17600.0,0.046302638947963715
train/l1,17620.0,0.05241816118359566
train/l1,17640.0,0.047343965619802475
train/l1,17660.0,0.05379701405763626
train/l1,17680.0,0.052861567586660385
train/l1,17700.0,0.04778098315000534
train/l1,17720.0,0.040483132004737854
train/l1,17740.0,0.05170861631631851
train/l1,17760.0,0.05158970504999161
train/l1,17780.0,0.049184516072273254
train/l1,17800.0,0.043807633221149445
train/l1,17820.0,0.051665402948856354
train/l1,17840.0,0.04305751249194145
train/l1,17860.0,0.05148141831159592
train/l1,17880.0,0.05197247490286827
train/l1,17900.0,0.046587251126766205
train/l1,17920.0,0.05307562276721001
train/l1,17940.0,0.04683081805706024
train/l1,17960.0,0.04747691750526428
train/l1,17980.0,0.05064922571182251
train/l1,18000.0,0.05074290186166763
train/l1,18020.0,0.04338784143328667
train/l1,18040.0,0.05515683814883232
train/l1,18060.0,0.04728296026587486
train/l1,18080.0,0.05463608726859093
train/l1,18100.0,0.0467551052570343
train/l1,18120.0,0.04590509459376335
train/l1,18140.0,0.04854973033070564
train/l1,18160.0,0.04080269858241081
train/l1,18180.0,0.04948313534259796
train/l1,18200.0,0.05376686155796051
train/l1,18220.0,0.052557073533535004
train/l1,18240.0,0.04909292981028557
train/l1,18260.0,0.04193022847175598
train/l1,18280.0,0.048283666372299194
train/l1,18300.0,0.04870046675205231
train/l1,18320.0,0.04647186025977135
train/l1,18340.0,0.04600370675325394
train/l1,18360.0,0.04892934858798981
train/l1,18380.0,0.04671964421868324
train/l1,18400.0,0.04717114567756653
train/l1,18420.0,0.046802278608083725
train/l1,18440.0,0.04925628751516342
train/l1,18460.0,0.05695487931370735
train/l1,18480.0,0.046252958476543427
train/l1,18500.0,0.045826077461242676
train/l1,18520.0,0.04778224974870682
train/l1,18540.0,0.04825075343251228
train/l1,18560.0,0.04845061153173447
train/l1,18580.0,0.03986501693725586
train/l1,18600.0,0.04818497970700264
train/l1,18620.0,0.04916703701019287
train/l1,18640.0,0.050899848341941833
train/l1,18660.0,0.050044454634189606
train/l1,18680.0,0.04385749250650406
train/l1,18700.0,0.042859505861997604
train/l1,18720.0,0.04611421748995781
train/l1,18740.0,0.0427117757499218
train/l1,18760.0,0.05146455019712448
train/l1,18780.0,0.04229431971907616
train/l1,18800.0,0.03953591734170914
train/l1,18820.0,0.04822232946753502
train/l1,18840.0,0.05562850087881088
train/l1,18860.0,0.04772490635514259
train/l1,18880.0,0.05200175940990448
train/l1,18900.0,0.05401916801929474
train/l1,18920.0,0.049417342990636826
train/l1,18940.0,0.04792354255914688
train/l1,18960.0,0.04683183878660202
train/l1,18980.0,0.05175409093499184
train/l1,19000.0,0.04427605867385864
train/l1,19020.0,0.053482428193092346
train/l1,19040.0,0.04224538058042526
train/l1,19060.0,0.049480803310871124
train/l1,19080.0,0.05591358616948128
train/l1,19100.0,0.04980092495679855
train/l1,19120.0,0.0509837344288826
train/l1,19140.0,0.04726506769657135
train/l1,19160.0,0.04050407558679581
train/l1,19180.0,0.05469491705298424
train/l1,19200.0,0.04508046433329582
train/l1,19220.0,0.04024801775813103
train/l1,19240.0,0.04884222894906998
train/l1,19260.0,0.04812004789710045
train/l1,19280.0,0.049112383276224136
train/l1,19300.0,0.049146272242069244
train/l1,19320.0,0.04987112432718277
train/l1,19340.0,0.04734770581126213
train/l1,19360.0,0.05295863375067711
train/l1,19380.0,0.0461026206612587
train/l1,19400.0,0.0487787202000618
train/l1,19420.0,0.055503834038972855
train/l1,19440.0,0.04935484379529953
train/l1,19460.0,0.04020198807120323
train/l1,19480.0,0.05489540845155716
train/l1,19500.0,0.045522093772888184
train/l1,19520.0,0.047760505229234695
train/l1,19540.0,0.04223509505391121
train/l1,19560.0,0.04430622607469559
train/l1,19580.0,0.050253625959157944
train/l1,19600.0,0.043060678988695145
train/l1,19620.0,0.04650096595287323
train/l1,19640.0,0.050788674503564835
train/l1,19660.0,0.04589536786079407
train/l1,19680.0,0.03661346063017845
train/l1,19700.0,0.04728194698691368
train/l1,19720.0,0.04905284568667412
train/l1,19740.0,0.056561268866062164
train/l1,19760.0,0.04172128066420555
train/l1,19780.0,0.047254446893930435
train/l1,19800.0,0.04328408092260361
train/l1,19820.0,0.045541003346443176
train/l1,19840.0,0.05274830386042595
train/l1,19860.0,0.053178176283836365
train/l1,19880.0,0.043436914682388306
train/l1,19900.0,0.05783289670944214
train/l1,19920.0,0.04888997972011566
train/l1,19940.0,0.056561000645160675
train/l1,19960.0,0.03678105026483536
train/l1,19980.0,0.042663004249334335
train/l1,20000.0,0.046104416251182556
train/loss,1.0,0.07702168822288513
train/loss,20.0,0.06335198879241943
train/loss,40.0,0.06344165652990341
train/loss,60.0,0.060088835656642914
train/loss,80.0,0.05962434038519859
train/loss,100.0,0.05969097092747688
train/loss,120.0,0.05967869982123375
train/loss,140.0,0.05877716839313507
train/loss,160.0,0.05800420790910721
train/loss,180.0,0.07128921151161194
train/loss,200.0,0.06604965776205063
train/loss,220.0,0.06407555937767029
train/loss,240.0,0.06217266246676445
train/loss,260.0,0.0602806955575943
train/loss,280.0,0.06078770011663437
train/loss,300.0,0.06561406701803207
train/loss,320.0,0.06393124908208847
train/loss,340.0,0.05343787372112274
train/loss,360.0,0.05798688158392906
train/loss,380.0,0.05863577499985695
train/loss,400.0,0.0606926828622818
train/loss,420.0,0.06241806596517563
train/loss,440.0,0.058104176074266434
train/loss,460.0,0.061832793056964874
train/loss,480.0,0.057158470153808594
train/loss,500.0,0.05752710625529289
train/loss,520.0,0.0663771778345108
train/loss,540.0,0.06172646954655647
train/loss,560.0,0.05764039605855942
train/loss,580.0,0.0645395964384079
train/loss,600.0,0.07293341308832169
train/loss,620.0,0.05440971255302429
train/loss,640.0,0.05940799415111542
train/loss,660.0,0.062180422246456146
train/loss,680.0,0.05963265523314476
train/loss,700.0,0.06963223218917847
train/loss,720.0,0.060618605464696884
train/loss,740.0,0.059528809040784836
train/loss,760.0,0.06524372100830078
train/loss,780.0,0.05385098233819008
train/loss,800.0,0.05686356872320175
train/loss,820.0,0.061956267803907394
train/loss,840.0,0.07573486119508743
train/loss,860.0,0.05802538990974426
train/loss,880.0,0.0670010894536972
train/loss,900.0,0.06744609773159027
train/loss,920.0,0.07015006244182587
train/loss,940.0,0.06452344357967377
train/loss,960.0,0.05753980576992035
train/loss,980.0,0.060485877096652985
train/loss,1000.0,0.058852292597293854
train/loss,1020.0,0.06961429864168167
train/loss,1040.0,0.05918639898300171
train/loss,1060.0,0.06759082525968552
train/loss,1080.0,0.059565845876932144
train/loss,1100.0,0.07468712329864502
train/loss,1120.0,0.06374728679656982
train/loss,1140.0,0.062031909823417664
train/loss,1160.0,0.059950973838567734
train/loss,1180.0,0.06412716954946518
train/loss,1200.0,0.05587991327047348
train/loss,1220.0,0.06884513795375824
train/loss,1240.0,0.06662996113300323
train/loss,1260.0,0.06781993806362152
train/loss,1280.0,0.06755924224853516
train/loss,1300.0,0.05491930618882179
train/loss,1320.0,0.05880623683333397
train/loss,1340.0,0.060577236115932465
train/loss,1360.0,0.06344449520111084
train/loss,1380.0,0.06084597110748291
train/loss,1400.0,0.05988683924078941
train/loss,1420.0,0.05371122062206268
train/loss,1440.0,0.061743397265672684
train/loss,1460.0,0.07412108778953552
train/loss,1480.0,0.05310472473502159
train/loss,1500.0,0.06211743876338005
train/loss,1520.0,0.06512297689914703
train/loss,1540.0,0.05632387846708298
train/loss,1560.0,0.06559646129608154
train/loss,1580.0,0.07051942497491837
train/loss,1600.0,0.06373890489339828
train/loss,1620.0,0.05879085510969162
train/loss,1640.0,0.06124747544527054
train/loss,1660.0,0.0679549053311348
train/loss,1680.0,0.05832193046808243
train/loss,1700.0,0.06246745586395264
train/loss,1720.0,0.05613330006599426
train/loss,1740.0,0.0787578746676445
train/loss,1760.0,0.06450818479061127
train/loss,1780.0,0.0623895525932312
train/loss,1800.0,0.06548412889242172
train/loss,1820.0,0.06615038216114044
train/loss,1840.0,0.06475479900836945
train/loss,1860.0,0.06072932481765747
train/loss,1880.0,0.06058243289589882
train/loss,1900.0,0.07075823098421097
train/loss,1920.0,0.05948438495397568
train/loss,1940.0,0.05246206372976303
train/loss,1960.0,0.05682392418384552
train/loss,1980.0,0.06634669750928879
train/loss,2000.0,0.054519835859537125
train/loss,2020.0,0.060573019087314606
train/loss,2040.0,0.05983467400074005
train/loss,2060.0,0.0676397979259491
train/loss,2080.0,0.07054124027490616
train/loss,2100.0,0.04932233691215515
train/loss,2120.0,0.06383965164422989
train/loss,2140.0,0.05464991182088852
train/loss,2160.0,0.06684920191764832
train/loss,2180.0,0.05955912917852402
train/loss,2200.0,0.05788750201463699
train/loss,2220.0,0.06567263603210449
train/loss,2240.0,0.07126966118812561
train/loss,2260.0,0.06579597294330597
train/loss,2280.0,0.05647071450948715
train/loss,2300.0,0.06218375265598297
train/loss,2320.0,0.055228568613529205
train/loss,2340.0,0.06362643837928772
train/loss,2360.0,0.06423946470022202
train/loss,2380.0,0.06279090791940689
train/loss,2400.0,0.06472869217395782
train/loss,2420.0,0.06928631663322449
train/loss,2440.0,0.06078473478555679
train/loss,2460.0,0.06122423708438873
train/loss,2480.0,0.0661851242184639
train/loss,2500.0,0.0665726512670517
train/loss,2520.0,0.06498906016349792
train/loss,2540.0,0.06305018812417984
train/loss,2560.0,0.05866437405347824
train/loss,2580.0,0.0643361434340477
train/loss,2600.0,0.06620904058218002
train/loss,2620.0,0.05968005582690239
train/loss,2640.0,0.05700036138296127
train/loss,2660.0,0.06504260748624802
train/loss,2680.0,0.06624037027359009
train/loss,2700.0,0.057611506432294846
train/loss,2720.0,0.0637131780385971
train/loss,2740.0,0.06504745036363602
train/loss,2760.0,0.06566017121076584
train/loss,2780.0,0.06605783104896545
train/loss,2800.0,0.05016697198152542
train/loss,2820.0,0.06964282691478729
train/loss,2840.0,0.0640789046883583
train/loss,2860.0,0.05953790992498398
train/loss,2880.0,0.06751140207052231
train/loss,2900.0,0.06512963771820068
train/loss,2920.0,0.06778251379728317
train/loss,2940.0,0.0574040450155735
train/loss,2960.0,0.060760341584682465
train/loss,2980.0,0.06165194511413574
train/loss,3000.0,0.056951992213726044
train/loss,3020.0,0.053780779242515564
train/loss,3040.0,0.06103971600532532
train/loss,3060.0,0.05668055638670921
train/loss,3080.0,0.06555232405662537
train/loss,3100.0,0.06978467851877213
train/loss,3120.0,0.06379804015159607
train/loss,3140.0,0.05596845597028732
train/loss,3160.0,0.061966054141521454
train/loss,3180.0,0.06711255013942719
train/loss,3200.0,0.05657516047358513
train/loss,3220.0,0.0629306510090828
train/loss,3240.0,0.062399182468652725
train/loss,3260.0,0.06886661052703857
train/loss,3280.0,0.05761165916919708
train/loss,3300.0,0.05493062362074852
train/loss,3320.0,0.06649204343557358
train/loss,3340.0,0.057255860418081284
train/loss,3360.0,0.059527572244405746
train/loss,3380.0,0.05903944373130798
train/loss,3400.0,0.05843903124332428
train/loss,3420.0,0.060878559947013855
train/loss,3440.0,0.056528329849243164
train/loss,3460.0,0.06033129245042801
train/loss,3480.0,0.06186274066567421
train/loss,3500.0,0.07546854019165039
train/loss,3520.0,0.06880024075508118
train/loss,3540.0,0.0706290751695633
train/loss,3560.0,0.05850043147802353
train/loss,3580.0,0.0644679144024849
train/loss,3600.0,0.07232609391212463
train/loss,3620.0,0.0643559992313385
train/loss,3640.0,0.06016358733177185
train/loss,3660.0,0.059829678386449814
train/loss,3680.0,0.06383968889713287
train/loss,3700.0,0.059054382145404816
train/loss,3720.0,0.05961161479353905
train/loss,3740.0,0.06183309108018875
train/loss,3760.0,0.05459688976407051
train/loss,3780.0,0.05914419889450073
train/loss,3800.0,0.06555239111185074
train/loss,3820.0,0.06394354999065399
train/loss,3840.0,0.06013604253530502
train/loss,3860.0,0.06385152786970139
train/loss,3880.0,0.067960724234581
train/loss,3900.0,0.05357096344232559
train/loss,3920.0,0.0666649267077446
train/loss,3940.0,0.060180410742759705
train/loss,3960.0,0.06023553013801575
train/loss,3980.0,0.05533934384584427
train/loss,4000.0,0.0632491260766983
train/loss,4020.0,0.0665479451417923
train/loss,4040.0,0.06422621011734009
train/loss,4060.0,0.06601905822753906
train/loss,4080.0,0.06156165897846222
train/loss,4100.0,0.061419326812028885
train/loss,4120.0,0.06352480500936508
train/loss,4140.0,0.0657174289226532
train/loss,4160.0,0.06618940830230713
train/loss,4180.0,0.06305263936519623
train/loss,4200.0,0.06006074696779251
train/loss,4220.0,0.0627441555261612
train/loss,4240.0,0.05863096937537193
train/loss,4260.0,0.06081288307905197
train/loss,4280.0,0.06372690200805664
train/loss,4300.0,0.0557645782828331
train/loss,4320.0,0.06719034165143967
train/loss,4340.0,0.06671890616416931
train/loss,4360.0,0.05769956484436989
train/loss,4380.0,0.0676114410161972
train/loss,4400.0,0.06322556734085083
train/loss,4420.0,0.05859237164258957
train/loss,4440.0,0.05752488970756531
train/loss,4460.0,0.05750642344355583
train/loss,4480.0,0.05230223014950752
train/loss,4500.0,0.06060221046209335
train/loss,4520.0,0.058282651007175446
train/loss,4540.0,0.06409651041030884
train/loss,4560.0,0.0614142008125782
train/loss,4580.0,0.06346116960048676
train/loss,4600.0,0.06055951863527298
train/loss,4620.0,0.05967380106449127
train/loss,4640.0,0.06260837614536285
train/loss,4660.0,0.060996949672698975
train/loss,4680.0,0.057493314146995544
train/loss,4700.0,0.06345552951097488
train/loss,4720.0,0.06150487810373306
train/loss,4740.0,0.06326129287481308
train/loss,4760.0,0.05919720605015755
train/loss,4780.0,0.057954899966716766
train/loss,4800.0,0.057086847722530365
train/loss,4820.0,0.059618089348077774
train/loss,4840.0,0.05373440310359001
train/loss,4860.0,0.06204787641763687
train/loss,4880.0,0.05799408629536629
train/loss,4900.0,0.0607072152197361
train/loss,4920.0,0.058164067566394806
train/loss,4940.0,0.05568026006221771
train/loss,4960.0,0.05899251997470856
train/loss,4980.0,0.05971226096153259
train/loss,5000.0,0.05970306694507599
train/loss,5020.0,0.061005543917417526
train/loss,5040.0,0.06370986253023148
train/loss,5060.0,0.06094353646039963
train/loss,5080.0,0.05909433588385582
train/loss,5100.0,0.0629916787147522
train/loss,5120.0,0.05600529909133911
train/loss,5140.0,0.06319928169250488
train/loss,5160.0,0.06330089271068573
train/loss,5180.0,0.05718601122498512
train/loss,5200.0,0.06845123320817947
train/loss,5220.0,0.052628293633461
train/loss,5240.0,0.06011319160461426
train/loss,5260.0,0.06965219229459763
train/loss,5280.0,0.05524906888604164
train/loss,5300.0,0.05272763967514038
train/loss,5320.0,0.058518581092357635
train/loss,5340.0,0.061783481389284134
train/loss,5360.0,0.06503482908010483
train/loss,5380.0,0.06857337802648544
train/loss,5400.0,0.06303191930055618
train/loss,5420.0,0.060767676681280136
train/loss,5440.0,0.05352199450135231
train/loss,5460.0,0.06699690967798233
train/loss,5480.0,0.06068926677107811
train/loss,5500.0,0.05952402204275131
train/loss,5520.0,0.0597262904047966
train/loss,5540.0,0.05527094006538391
train/loss,5560.0,0.06103762984275818
train/loss,5580.0,0.05258558690547943
train/loss,5600.0,0.06892716139554977
train/loss,5620.0,0.06156717985868454
train/loss,5640.0,0.059040576219558716
train/loss,5660.0,0.059195879846811295
train/loss,5680.0,0.06693489104509354
train/loss,5700.0,0.06427060812711716
train/loss,5720.0,0.05910938233137131
train/loss,5740.0,0.05853509530425072
train/loss,5760.0,0.06244329363107681
train/loss,5780.0,0.06790634989738464
train/loss,5800.0,0.06343261152505875
train/loss,5820.0,0.06606625765562057
train/loss,5840.0,0.05510612204670906
train/loss,5860.0,0.060384586453437805
train/loss,5880.0,0.0653379037976265
train/loss,5900.0,0.060405977070331573
train/loss,5920.0,0.06254630535840988
train/loss,5940.0,0.0617661252617836
train/loss,5960.0,0.058797527104616165
train/loss,5980.0,0.058352116495370865
train/loss,6000.0,0.06181250512599945
train/loss,6020.0,0.06817427277565002
train/loss,6040.0,0.06964835524559021
train/loss,6060.0,0.06454596668481827
train/loss,6080.0,0.07018584758043289
train/loss,6100.0,0.05584483593702316
train/loss,6120.0,0.06238677725195885
train/loss,6140.0,0.06551836431026459
train/loss,6160.0,0.06017162650823593
train/loss,6180.0,0.05943075940012932
train/loss,6200.0,0.059025779366493225
train/loss,6220.0,0.06096697226166725
train/loss,6240.0,0.05735713616013527
train/loss,6260.0,0.056863367557525635
train/loss,6280.0,0.05826719477772713
train/loss,6300.0,0.07010375708341599
train/loss,6320.0,0.0606827437877655
train/loss,6340.0,0.06257714331150055
train/loss,6360.0,0.056512363255023956
train/loss,6380.0,0.056709952652454376
train/loss,6400.0,0.06292519718408585
train/loss,6420.0,0.0582883320748806
train/loss,6440.0,0.06407684087753296
train/loss,6460.0,0.06197065860033035
train/loss,6480.0,0.05524912476539612
train/loss,6500.0,0.06824523955583572
train/loss,6520.0,0.05498060584068298
train/loss,6540.0,0.0621025450527668
train/loss,6560.0,0.0691492035984993
train/loss,6580.0,0.05339064449071884
train/loss,6600.0,0.059287264943122864
train/loss,6620.0,0.08325634896755219
train/loss,6640.0,0.05933452397584915
train/loss,6660.0,0.06482930481433868
train/loss,6680.0,0.06574086844921112
train/loss,6700.0,0.06578614562749863
train/loss,6720.0,0.06102149933576584
train/loss,6740.0,0.058501604944467545
train/loss,6760.0,0.06588447093963623
train/loss,6780.0,0.05396365746855736
train/loss,6800.0,0.06281880289316177
train/loss,6820.0,0.06316978484392166
train/loss,6840.0,0.05953281745314598
train/loss,6860.0,0.061086997389793396
train/loss,6880.0,0.05289381369948387
train/loss,6900.0,0.061583735048770905
train/loss,6920.0,0.05317320674657822
train/loss,6940.0,0.05949872359633446
train/loss,6960.0,0.05973918363451958
train/loss,6980.0,0.06926362216472626
train/loss,7000.0,0.06163094937801361
train/loss,7020.0,0.06165898218750954
train/loss,7040.0,0.059456173330545425
train/loss,7060.0,0.05211663618683815
train/loss,7080.0,0.05645094811916351
train/loss,7100.0,0.06687852740287781
train/loss,7120.0,0.06587989628314972
train/loss,7140.0,0.05488140881061554
train/loss,7160.0,0.06086074933409691
train/loss,7180.0,0.057183802127838135
train/loss,7200.0,0.05824091657996178
train/loss,7220.0,0.054954759776592255
train/loss,7240.0,0.05312703549861908
train/loss,7260.0,0.05277954787015915
train/loss,7280.0,0.0589958094060421
train/loss,7300.0,0.058392614126205444
train/loss,7320.0,0.06595128774642944
train/loss,7340.0,0.07025298476219177
train/loss,7360.0,0.06532441079616547
train/loss,7380.0,0.06491754204034805
train/loss,7400.0,0.06549449265003204
train/loss,7420.0,0.06094092130661011
train/loss,7440.0,0.06509486585855484
train/loss,7460.0,0.06902359426021576
train/loss,7480.0,0.058946430683135986
train/loss,7500.0,0.06005595996975899
train/loss,7520.0,0.059797510504722595
train/loss,7540.0,0.06335902214050293
train/loss,7560.0,0.056521281599998474
train/loss,7580.0,0.05961034819483757
train/loss,7600.0,0.0515720508992672
train/loss,7620.0,0.06751328706741333
train/loss,7640.0,0.06204601377248764
train/loss,7660.0,0.07068303227424622
train/loss,7680.0,0.059981197118759155
train/loss,7700.0,0.06342267990112305
train/loss,7720.0,0.061214640736579895
train/loss,7740.0,0.06457391381263733
train/loss,7760.0,0.06389559060335159
train/loss,7780.0,0.0609186552464962
train/loss,7800.0,0.05963224917650223
train/loss,7820.0,0.05407976359128952
train/loss,7840.0,0.0585634671151638
train/loss,7860.0,0.0645466297864914
train/loss,7880.0,0.06289564818143845
train/loss,7900.0,0.055784910917282104
train/loss,7920.0,0.05998340994119644
train/loss,7940.0,0.0626402273774147
train/loss,7960.0,0.06078176572918892
train/loss,7980.0,0.06550273299217224
train/loss,8000.0,0.059438806027173996
train/loss,8020.0,0.059637654572725296
train/loss,8040.0,0.06091397628188133
train/loss,8060.0,0.06789879500865936
train/loss,8080.0,0.06415535509586334
train/loss,8100.0,0.05936666578054428
train/loss,8120.0,0.05704129487276077
train/loss,8140.0,0.05475011467933655
train/loss,8160.0,0.059411946684122086
train/loss,8180.0,0.06475837528705597
train/loss,8200.0,0.0741441547870636
train/loss,8220.0,0.05096945911645889
train/loss,8240.0,0.05507519468665123
train/loss,8260.0,0.0556342676281929
train/loss,8280.0,0.061749305576086044
train/loss,8300.0,0.066057950258255
train/loss,8320.0,0.06456885486841202
train/loss,8340.0,0.055077992379665375
train/loss,8360.0,0.06309540569782257
train/loss,8380.0,0.057975225150585175
train/loss,8400.0,0.05689777806401253
train/loss,8420.0,0.0559588223695755
train/loss,8440.0,0.06101328879594803
train/loss,8460.0,0.057249221950769424
train/loss,8480.0,0.0569133535027504
train/loss,8500.0,0.06418955326080322
train/loss,8520.0,0.05874931067228317
train/loss,8540.0,0.06447172909975052
train/loss,8560.0,0.05981767550110817
train/loss,8580.0,0.05717512592673302
train/loss,8600.0,0.06098341941833496
train/loss,8620.0,0.062359437346458435
train/loss,8640.0,0.057635560631752014
train/loss,8660.0,0.062480468302965164
train/loss,8680.0,0.059497322887182236
train/loss,8700.0,0.05943657085299492
train/loss,8720.0,0.05543171241879463
train/loss,8740.0,0.064203642308712
train/loss,8760.0,0.06155373156070709
train/loss,8780.0,0.05511222779750824
train/loss,8800.0,0.05897339805960655
train/loss,8820.0,0.05899769812822342
train/loss,8840.0,0.056306250393390656
train/loss,8860.0,0.059051696211099625
train/loss,8880.0,0.06416283547878265
train/loss,8900.0,0.05920277535915375
train/loss,8920.0,0.06309055536985397
train/loss,8940.0,0.05894326791167259
train/loss,8960.0,0.06157076358795166
train/loss,8980.0,0.060969047248363495
train/loss,9000.0,0.06202548369765282
train/loss,9020.0,0.06556639820337296
train/loss,9040.0,0.06255298107862473
train/loss,9060.0,0.06259270757436752
train/loss,9080.0,0.05880427733063698
train/loss,9100.0,0.06419415771961212
train/loss,9120.0,0.06382647156715393
train/loss,9140.0,0.04753701761364937
train/loss,9160.0,0.06977316737174988
train/loss,9180.0,0.0617557130753994
train/loss,9200.0,0.06285452842712402
train/loss,9220.0,0.05463093891739845
train/loss,9240.0,0.06423023343086243
train/loss,9260.0,0.05610805004835129
train/loss,9280.0,0.058225177228450775
train/loss,9300.0,0.06020978465676308
train/loss,9320.0,0.05794861540198326
train/loss,9340.0,0.06381036341190338
train/loss,9360.0,0.06094815582036972
train/loss,9380.0,0.057829711586236954
train/loss,9400.0,0.055207449942827225
train/loss,9420.0,0.0585351437330246
train/loss,9440.0,0.05616194009780884
train/loss,9460.0,0.06479187309741974
train/loss,9480.0,0.05700693279504776
train/loss,9500.0,0.05946716293692589
train/loss,9520.0,0.06155950948596001
train/loss,9540.0,0.06859678030014038
train/loss,9560.0,0.0573519691824913
train/loss,9580.0,0.05717313662171364
train/loss,9600.0,0.06039312109351158
train/loss,9620.0,0.05870707333087921
train/loss,9640.0,0.06235179305076599
train/loss,9660.0,0.06322035938501358
train/loss,9680.0,0.059766482561826706
train/loss,9700.0,0.059913843870162964
train/loss,9720.0,0.059301864355802536
train/loss,9740.0,0.05925898253917694
train/loss,9760.0,0.0630139708518982
train/loss,9780.0,0.05672166496515274
train/loss,9800.0,0.05803952366113663
train/loss,9820.0,0.06373035162687302
train/loss,9840.0,0.0576648972928524
train/loss,9860.0,0.06052570790052414
train/loss,9880.0,0.060257501900196075
train/loss,9900.0,0.06443997472524643
train/loss,9920.0,0.051736705005168915
train/loss,9940.0,0.054934218525886536
train/loss,9960.0,0.0588233545422554
train/loss,9980.0,0.060461368411779404
train/loss,10000.0,0.06081802397966385
train/loss,10020.0,0.06323560327291489
train/loss,10040.0,0.04849190264940262
train/loss,10060.0,0.056021060794591904
train/loss,10080.0,0.05804278701543808
train/loss,10100.0,0.06188388168811798
train/loss,10120.0,0.05212452635169029
train/loss,10140.0,0.05934091657400131
train/loss,10160.0,0.053926967084407806
train/loss,10180.0,0.06105716526508331
train/loss,10200.0,0.06024406477808952
train/loss,10220.0,0.05673887953162193
train/loss,10240.0,0.061607930809259415
train/loss,10260.0,0.058899179100990295
train/loss,10280.0,0.05405072867870331
train/loss,10300.0,0.06177578121423721
train/loss,10320.0,0.06663665920495987
train/loss,10340.0,0.056539472192525864
train/loss,10360.0,0.06256464123725891
train/loss,10380.0,0.0652988851070404
train/loss,10400.0,0.06392938643693924
train/loss,10420.0,0.05391634255647659
train/loss,10440.0,0.066423699259758
train/loss,10460.0,0.06050092354416847
train/loss,10480.0,0.06202995032072067
train/loss,10500.0,0.07015249133110046
train/loss,10520.0,0.05720315873622894
train/loss,10540.0,0.06419852375984192
train/loss,10560.0,0.05569217726588249
train/loss,10580.0,0.053685761988162994
train/loss,10600.0,0.058455999940633774
train/loss,10620.0,0.058068256825208664
train/loss,10640.0,0.06425924599170685
train/loss,10660.0,0.06617766618728638
train/loss,10680.0,0.058059848845005035
train/loss,10700.0,0.06558314710855484
train/loss,10720.0,0.059139054268598557
train/loss,10740.0,0.06095834821462631
train/loss,10760.0,0.059176646173000336
train/loss,10780.0,0.06484318524599075
train/loss,10800.0,0.06273522228002548
train/loss,10820.0,0.0556216835975647
train/loss,10840.0,0.06324069201946259
train/loss,10860.0,0.05174615606665611
train/loss,10880.0,0.055472034960985184
train/loss,10900.0,0.06097209453582764
train/loss,10920.0,0.0639776661992073
train/loss,10940.0,0.059809040278196335
train/loss,10960.0,0.060013581067323685
train/loss,10980.0,0.06696910411119461
train/loss,11000.0,0.057168200612068176
train/loss,11020.0,0.059045661240816116
train/loss,11040.0,0.0689622014760971
train/loss,11060.0,0.0656692385673523
train/loss,11080.0,0.06659641861915588
train/loss,11100.0,0.05443437024950981
train/loss,11120.0,0.061786241829395294
train/loss,11140.0,0.06179314851760864
train/loss,11160.0,0.06680288910865784
train/loss,11180.0,0.050943613052368164
train/loss,11200.0,0.05225974693894386
train/loss,11220.0,0.06521949917078018
train/loss,11240.0,0.059396836906671524
train/loss,11260.0,0.06295118480920792
train/loss,11280.0,0.05973286181688309
train/loss,11300.0,0.05814855545759201
train/loss,11320.0,0.05243197828531265
train/loss,11340.0,0.06224025413393974
train/loss,11360.0,0.061561331152915955
train/loss,11380.0,0.0675179585814476
train/loss,11400.0,0.06252206861972809
train/loss,11420.0,0.05422506481409073
train/loss,11440.0,0.05318199843168259
train/loss,11460.0,0.05360191687941551
train/loss,11480.0,0.05720321461558342
train/loss,11500.0,0.0652531161904335
train/loss,11520.0,0.06125757843255997
train/loss,11540.0,0.05959483981132507
train/loss,11560.0,0.06711606681346893
train/loss,11580.0,0.06008142977952957
train/loss,11600.0,0.06031022220849991
train/loss,11620.0,0.06458700448274612
train/loss,11640.0,0.053480830043554306
train/loss,11660.0,0.061398252844810486
train/loss,11680.0,0.06362628936767578
train/loss,11700.0,0.05498436093330383
train/loss,11720.0,0.06272388249635696
train/loss,11740.0,0.06118286773562431
train/loss,11760.0,0.061482999473810196
train/loss,11780.0,0.05967704951763153
train/loss,11800.0,0.06076803803443909
train/loss,11820.0,0.056950751692056656
train/loss,11840.0,0.055799562484025955
train/loss,11860.0,0.058251671493053436
train/loss,11880.0,0.056094177067279816
train/loss,11900.0,0.052884411066770554
train/loss,11920.0,0.05748322606086731
train/loss,11940.0,0.05274075269699097
train/loss,11960.0,0.06683290749788284
train/loss,11980.0,0.06052153930068016
train/loss,12000.0,0.06179641932249069
train/loss,12020.0,0.05414947122335434
train/loss,12040.0,0.05549914762377739
train/loss,12060.0,0.05558767542243004
train/loss,12080.0,0.0584782212972641
train/loss,12100.0,0.05900301784276962
train/loss,12120.0,0.062029462307691574
train/loss,12140.0,0.0635092705488205
train/loss,12160.0,0.05408671870827675
train/loss,12180.0,0.06396647542715073
train/loss,12200.0,0.06541970372200012
train/loss,12220.0,0.06581734120845795
train/loss,12240.0,0.05459218844771385
train/loss,12260.0,0.06336759030818939
train/loss,12280.0,0.05535806342959404
train/loss,12300.0,0.05976155027747154
train/loss,12320.0,0.05552956089377403
train/loss,12340.0,0.06819955259561539
train/loss,12360.0,0.054577477276325226
train/loss,12380.0,0.05899439752101898
train/loss,12400.0,0.049105800688266754
train/loss,12420.0,0.05966217443346977
train/loss,12440.0,0.06274169683456421
train/loss,12460.0,0.06533613055944443
train/loss,12480.0,0.060789093375205994
train/loss,12500.0,0.06773355603218079
train/loss,12520.0,0.06465055048465729
train/loss,12540.0,0.05965141952037811
train/loss,12560.0,0.05709376186132431
train/loss,12580.0,0.05445645749568939
train/loss,12600.0,0.04958915337920189
train/loss,12620.0,0.05048990249633789
train/loss,12640.0,0.05083172023296356
train/loss,12660.0,0.04940288886427879
train/loss,12680.0,0.057720575481653214
train/loss,12700.0,0.05579192563891411
train/loss,12720.0,0.05651145428419113
train/loss,12740.0,0.05617869645357132
train/loss,12760.0,0.0500674769282341
train/loss,12780.0,0.059695418924093246
train/loss,12800.0,0.06604954600334167
train/loss,12820.0,0.0582306906580925
train/loss,12840.0,0.058242637664079666
train/loss,12860.0,0.052772000432014465
train/loss,12880.0,0.05844544991850853
train/loss,12900.0,0.05342109873890877
train/loss,12920.0,0.06438827514648438
train/loss,12940.0,0.06540177762508392
train/loss,12960.0,0.06260491162538528
train/loss,12980.0,0.04675885662436485
train/loss,13000.0,0.05421275645494461
train/loss,13020.0,0.06443823128938675
train/loss,13040.0,0.061772920191287994
train/loss,13060.0,0.060064464807510376
train/loss,13080.0,0.0570603683590889
train/loss,13100.0,0.060736414045095444
train/loss,13120.0,0.06129813939332962
train/loss,13140.0,0.05878429114818573
train/loss,13160.0,0.059992920607328415
train/loss,13180.0,0.05565858632326126
train/loss,13200.0,0.06936204433441162
train/loss,13220.0,0.0545910969376564
train/loss,13240.0,0.06210146099328995
train/loss,13260.0,0.06264689564704895
train/loss,13280.0,0.07953517138957977
train/loss,13300.0,0.05196221172809601
train/loss,13320.0,0.07461832463741302
train/loss,13340.0,0.061187367886304855
train/loss,13360.0,0.059565089643001556
train/loss,13380.0,0.05523528903722763
train/loss,13400.0,0.054849881678819656
train/loss,13420.0,0.06192483380436897
train/loss,13440.0,0.054553624242544174
train/loss,13460.0,0.06636017560958862
train/loss,13480.0,0.055510953068733215
train/loss,13500.0,0.055526942014694214
train/loss,13520.0,0.04595751315355301
train/loss,13540.0,0.05719451606273651
train/loss,13560.0,0.0573263093829155
train/loss,13580.0,0.06564817577600479
train/loss,13600.0,0.058927495032548904
train/loss,13620.0,0.06476268917322159
train/loss,13640.0,0.0603485032916069
train/loss,13660.0,0.05644316226243973
train/loss,13680.0,0.05229032412171364
train/loss,13700.0,0.05756428465247154
train/loss,13720.0,0.06332948058843613
train/loss,13740.0,0.05840214714407921
train/loss,13760.0,0.06332428008317947
train/loss,13780.0,0.05609939247369766
train/loss,13800.0,0.058451324701309204
train/loss,13820.0,0.05791729316115379
train/loss,13840.0,0.05936478450894356
train/loss,13860.0,0.055920977145433426
train/loss,13880.0,0.059727512300014496
train/loss,13900.0,0.060618363320827484
train/loss,13920.0,0.06232341006398201
train/loss,13940.0,0.06080462783575058
train/loss,13960.0,0.05008237436413765
train/loss,13980.0,0.05478613078594208
train/loss,14000.0,0.05464896559715271
train/loss,14020.0,0.05754868686199188
train/loss,14040.0,0.058701422065496445
train/loss,14060.0,0.05753278359770775
train/loss,14080.0,0.0566348060965538
train/loss,14100.0,0.05552719533443451
train/loss,14120.0,0.06301211565732956
train/loss,14140.0,0.05839821323752403
train/loss,14160.0,0.0597769096493721
train/loss,14180.0,0.059664662927389145
train/loss,14200.0,0.056480810046195984
train/loss,14220.0,0.0569804385304451
train/loss,14240.0,0.06173602491617203
train/loss,14260.0,0.06048686057329178
train/loss,14280.0,0.06477893888950348
train/loss,14300.0,0.05433177947998047
train/loss,14320.0,0.06758931279182434
train/loss,14340.0,0.06319791078567505
train/loss,14360.0,0.058316320180892944
train/loss,14380.0,0.06223393976688385
train/loss,14400.0,0.06181308627128601
train/loss,14420.0,0.058271653950214386
train/loss,14440.0,0.052986662834882736
train/loss,14460.0,0.06262974441051483
train/loss,14480.0,0.05719346925616264
train/loss,14500.0,0.056156452745199203
train/loss,14520.0,0.06042691320180893
train/loss,14540.0,0.0543682835996151
train/loss,14560.0,0.05592811107635498
train/loss,14580.0,0.056965798139572144
train/loss,14600.0,0.056680113077163696
train/loss,14620.0,0.05916515365242958
train/loss,14640.0,0.06010989472270012
train/loss,14660.0,0.06282832473516464
train/loss,14680.0,0.05471960827708244
train/loss,14700.0,0.059757549315690994
train/loss,14720.0,0.06404563784599304
train/loss,14740.0,0.05746764689683914
train/loss,14760.0,0.059001218527555466
train/loss,14780.0,0.061068207025527954
train/loss,14800.0,0.05546669289469719
train/loss,14820.0,0.05900393798947334
train/loss,14840.0,0.048189789056777954
train/loss,14860.0,0.0636787861585617
train/loss,14880.0,0.06603096425533295
train/loss,14900.0,0.05505037307739258
train/loss,14920.0,0.06184830516576767
train/loss,14940.0,0.05396144837141037
train/loss,14960.0,0.06030526012182236
train/loss,14980.0,0.06013498455286026
train/loss,15000.0,0.06230269372463226
train/loss,15020.0,0.051261067390441895
train/loss,15040.0,0.060629550367593765
train/loss,15060.0,0.05654211342334747
train/loss,15080.0,0.06045418977737427
train/loss,15100.0,0.0695960745215416
train/loss,15120.0,0.05379246175289154
train/loss,15140.0,0.04646429046988487
train/loss,15160.0,0.053994979709386826
train/loss,15180.0,0.06487085670232773
train/loss,15200.0,0.062086716294288635
train/loss,15220.0,0.05458082631230354
train/loss,15240.0,0.05449675768613815
train/loss,15260.0,0.06693168729543686
train/loss,15280.0,0.05831259861588478
train/loss,15300.0,0.06326712667942047
train/loss,15320.0,0.05145345628261566
train/loss,15340.0,0.057318639010190964
train/loss,15360.0,0.05631617084145546
train/loss,15380.0,0.06353174149990082
train/loss,15400.0,0.05021215230226517
train/loss,15420.0,0.05355013906955719
train/loss,15440.0,0.05576850101351738
train/loss,15460.0,0.05924605205655098
train/loss,15480.0,0.057160384953022
train/loss,15500.0,0.05416547507047653
train/loss,15520.0,0.06306452304124832
train/loss,15540.0,0.06721548736095428
train/loss,15560.0,0.06283310800790787
train/loss,15580.0,0.062324680387973785
train/loss,15600.0,0.04967731982469559
train/loss,15620.0,0.05934952571988106
train/loss,15640.0,0.059010349214076996
train/loss,15660.0,0.05497400835156441
train/loss,15680.0,0.05853560194373131
train/loss,15700.0,0.05936374142765999
train/loss,15720.0,0.05920958146452904
train/loss,15740.0,0.04784850403666496
train/loss,15760.0,0.05971330776810646
train/loss,15780.0,0.05182000994682312
train/loss,15800.0,0.0563574880361557
train/loss,15820.0,0.05979537218809128
train/loss,15840.0,0.06156700849533081
train/loss,15860.0,0.05834360048174858
train/loss,15880.0,0.059485405683517456
train/loss,15900.0,0.06350855529308319
train/loss,15920.0,0.08062627911567688
train/loss,15940.0,0.056539177894592285
train/loss,15960.0,0.05121280625462532
train/loss,15980.0,0.06233694404363632
train/loss,16000.0,0.04717160761356354
train/loss,16020.0,0.059184156358242035
train/loss,16040.0,0.05601084977388382
train/loss,16060.0,0.05486895143985748
train/loss,16080.0,0.06199090927839279
train/loss,16100.0,0.066543810069561
train/loss,16120.0,0.05750112980604172
train/loss,16140.0,0.05964157357811928
train/loss,16160.0,0.06579263508319855
train/loss,16180.0,0.05692146718502045
train/loss,16200.0,0.06347542256116867
train/loss,16220.0,0.05057314783334732
train/loss,16240.0,0.051297519356012344
train/loss,16260.0,0.05826269090175629
train/loss,16280.0,0.061062607914209366
train/loss,16300.0,0.05890478193759918
train/loss,16320.0,0.06233430281281471
train/loss,16340.0,0.06296569854021072
train/loss,16360.0,0.052593886852264404
train/loss,16380.0,0.06304555386304855
train/loss,16400.0,0.06489893794059753
train/loss,16420.0,0.061514973640441895
train/loss,16440.0,0.05588078871369362
train/loss,16460.0,0.0620386078953743
train/loss,16480.0,0.049668774008750916
train/loss,16500.0,0.06546801328659058
train/loss,16520.0,0.058358434587717056
train/loss,16540.0,0.06437815725803375
train/loss,16560.0,0.05744268000125885
train/loss,16580.0,0.05786393582820892
train/loss,16600.0,0.06338023394346237
train/loss,16620.0,0.06046479940414429
train/loss,16640.0,0.0557611882686615
train/loss,16660.0,0.06311668455600739
train/loss,16680.0,0.0606372095644474
train/loss,16700.0,0.05609479546546936
train/loss,16720.0,0.054010264575481415
train/loss,16740.0,0.058202341198921204
train/loss,16760.0,0.05922993645071983
train/loss,16780.0,0.06409279257059097
train/loss,16800.0,0.06280124187469482
train/loss,16820.0,0.057161539793014526
train/loss,16840.0,0.059401120990514755
train/loss,16860.0,0.059624653309583664
train/loss,16880.0,0.06353162229061127
train/loss,16900.0,0.06015913933515549
train/loss,16920.0,0.0558619350194931
train/loss,16940.0,0.06919360905885696
train/loss,16960.0,0.07090478390455246
train/loss,16980.0,0.06106812506914139
train/loss,17000.0,0.05423779413104057
train/loss,17020.0,0.06922632455825806
train/loss,17040.0,0.05582168698310852
train/loss,17060.0,0.05841792747378349
train/loss,17080.0,0.049528997391462326
train/loss,17100.0,0.06129011511802673
train/loss,17120.0,0.054958831518888474
train/loss,17140.0,0.06112217903137207
train/loss,17160.0,0.06135110557079315
train/loss,17180.0,0.05599972978234291
train/loss,17200.0,0.05840091407299042
train/loss,17220.0,0.05827326700091362
train/loss,17240.0,0.05478661507368088
train/loss,17260.0,0.06610669195652008
train/loss,17280.0,0.05400834605097771
train/loss,17300.0,0.05932346358895302
train/loss,17320.0,0.0482972152531147
train/loss,17340.0,0.05309303104877472
train/loss,17360.0,0.062286313623189926
train/loss,17380.0,0.05490212142467499
train/loss,17400.0,0.05728961527347565
train/loss,17420.0,0.05641983076930046
train/loss,17440.0,0.05944573134183884
train/loss,17460.0,0.05092138797044754
train/loss,17480.0,0.05509787052869797
train/loss,17500.0,0.05974428355693817
train/loss,17520.0,0.053393252193927765
train/loss,17540.0,0.05179014801979065
train/loss,17560.0,0.07198336720466614
train/loss,17580.0,0.0564722865819931
train/loss,17600.0,0.05802877992391586
train/loss,17620.0,0.0639023706316948
train/loss,17640.0,0.05779256299138069
train/loss,17660.0,0.0664820447564125
train/loss,17680.0,0.06464535742998123
train/loss,17700.0,0.05874546617269516
train/loss,17720.0,0.050615131855010986
train/loss,17740.0,0.0626586526632309
train/loss,17760.0,0.061948731541633606
train/loss,17780.0,0.060302965342998505
train/loss,17800.0,0.05357583612203598
train/loss,17820.0,0.062312982976436615
train/loss,17840.0,0.053877267986536026
train/loss,17860.0,0.06229154020547867
train/loss,17880.0,0.06359080225229263
train/loss,17900.0,0.05682367458939552
train/loss,17920.0,0.06532729417085648
train/loss,17940.0,0.057818811386823654
train/loss,17960.0,0.0577988475561142
train/loss,17980.0,0.06201454997062683
train/loss,18000.0,0.06155769154429436
train/loss,18020.0,0.05399683117866516
train/loss,18040.0,0.06671339273452759
train/loss,18060.0,0.05691537633538246
train/loss,18080.0,0.06597418338060379
train/loss,18100.0,0.056599196046590805
train/loss,18120.0,0.05595688149333
train/loss,18140.0,0.05955716222524643
train/loss,18160.0,0.0512864924967289
train/loss,18180.0,0.06157156080007553
train/loss,18200.0,0.06444375216960907
train/loss,18220.0,0.06430771946907043
train/loss,18240.0,0.06113244220614433
train/loss,18260.0,0.051001954823732376
train/loss,18280.0,0.05910830572247505
train/loss,18300.0,0.05916985496878624
train/loss,18320.0,0.056369930505752563
train/loss,18340.0,0.057332322001457214
train/loss,18360.0,0.05970051884651184
train/loss,18380.0,0.05655716359615326
train/loss,18400.0,0.05892181396484375
train/loss,18420.0,0.05592960864305496
train/loss,18440.0,0.060503438115119934
train/loss,18460.0,0.0687837153673172
train/loss,18480.0,0.056921616196632385
train/loss,18500.0,0.05713876336812973
train/loss,18520.0,0.05830908194184303
train/loss,18540.0,0.058952514082193375
train/loss,18560.0,0.0585317388176918
train/loss,18580.0,0.049420397728681564
train/loss,18600.0,0.05804301053285599
train/loss,18620.0,0.05963025614619255
train/loss,18640.0,0.062492966651916504
train/loss,18660.0,0.06124630942940712
train/loss,18680.0,0.053279563784599304
train/loss,18700.0,0.05417701601982117
train/loss,18720.0,0.05565573647618294
train/loss,18740.0,0.052820153534412384
train/loss,18760.0,0.06210237741470337
train/loss,18780.0,0.05172713100910187
train/loss,18800.0,0.04892071709036827
train/loss,18820.0,0.059434548020362854
train/loss,18840.0,0.06647904217243195
train/loss,18860.0,0.05829932168126106
train/loss,18880.0,0.062209390103816986
train/loss,18900.0,0.06526126712560654
train/loss,18920.0,0.060417115688323975
train/loss,18940.0,0.058946482837200165
train/loss,18960.0,0.05809371918439865
train/loss,18980.0,0.06321229040622711
train/loss,19000.0,0.05414123833179474
train/loss,19020.0,0.06543546169996262
train/loss,19040.0,0.05279341712594032
train/loss,19060.0,0.06088435649871826
train/loss,19080.0,0.0660027265548706
train/loss,19100.0,0.06183640658855438
train/loss,19120.0,0.06204243004322052
train/loss,19140.0,0.0582992248237133
train/loss,19160.0,0.04943816736340523
train/loss,19180.0,0.06639009714126587
train/loss,19200.0,0.05500373989343643
train/loss,19220.0,0.048817940056324005
train/loss,19240.0,0.05888599529862404
train/loss,19260.0,0.05861298739910126
train/loss,19280.0,0.06033138558268547
train/loss,19300.0,0.05986754596233368
train/loss,19320.0,0.06050031632184982
train/loss,19340.0,0.05719982087612152
train/loss,19360.0,0.0625525638461113
train/loss,19380.0,0.05734767019748688
train/loss,19400.0,0.0603376179933548
train/loss,19420.0,0.06760167330503464
train/loss,19440.0,0.06032095104455948
train/loss,19460.0,0.050443779677152634
train/loss,19480.0,0.06649644672870636
train/loss,19500.0,0.05612599849700928
train/loss,19520.0,0.058199480175971985
train/loss,19540.0,0.05185478553175926
train/loss,19560.0,0.054742902517318726
train/loss,19580.0,0.061319466680288315
train/loss,19600.0,0.053164321929216385
train/loss,19620.0,0.05676824599504471
train/loss,19640.0,0.06144523620605469
train/loss,19660.0,0.05697499215602875
train/loss,19680.0,0.045780859887599945
train/loss,19700.0,0.05762426182627678
train/loss,19720.0,0.06046728044748306
train/loss,19740.0,0.06769941002130508
train/loss,19760.0,0.05148342624306679
train/loss,19780.0,0.0577569417655468
train/loss,19800.0,0.054709676653146744
train/loss,19820.0,0.0557146891951561
train/loss,19840.0,0.06326635181903839
train/loss,19860.0,0.06378277391195297
train/loss,19880.0,0.05419737100601196
train/loss,19900.0,0.06877250224351883
train/loss,19920.0,0.05994521453976631
train/loss,19940.0,0.06717629730701447
train/loss,19960.0,0.04576694592833519
train/loss,19980.0,0.0527624785900116
train/loss,20000.0,0.056607186794281006
train/lpips,1.0,0.23585274815559387
train/lpips,20.0,0.2450653463602066
train/lpips,40.0,0.23798759281635284
train/lpips,60.0,0.22297748923301697
train/lpips,80.0,0.2431129813194275
train/lpips,100.0,0.223928302526474
train/lpips,120.0,0.21058553457260132
train/lpips,140.0,0.20896092057228088
train/lpips,160.0,0.23151303827762604
train/lpips,180.0,0.2444337010383606
train/lpips,200.0,0.23760131001472473
train/lpips,220.0,0.21142341196537018
train/lpips,240.0,0.22457432746887207
train/lpips,260.0,0.23633301258087158
train/lpips,280.0,0.23334816098213196
train/lpips,300.0,0.23055343329906464
train/lpips,320.0,0.21956661343574524
train/lpips,340.0,0.19552958011627197
train/lpips,360.0,0.21197158098220825
train/lpips,380.0,0.22667261958122253
train/lpips,400.0,0.22380530834197998
train/lpips,420.0,0.2421693205833435
train/lpips,440.0,0.20944534242153168
train/lpips,460.0,0.21572980284690857
train/lpips,480.0,0.20691919326782227
train/lpips,500.0,0.22142818570137024
train/lpips,520.0,0.23039504885673523
train/lpips,540.0,0.22846339643001556
train/lpips,560.0,0.22026388347148895
train/lpips,580.0,0.24961723387241364
train/lpips,600.0,0.2599093019962311
train/lpips,620.0,0.21971145272254944
train/lpips,640.0,0.22051231563091278
train/lpips,660.0,0.2179853618144989
train/lpips,680.0,0.23606789112091064
train/lpips,700.0,0.23570480942726135
train/lpips,720.0,0.21015582978725433
train/lpips,740.0,0.23303860425949097
train/lpips,760.0,0.23523426055908203
train/lpips,780.0,0.21686255931854248
train/lpips,800.0,0.23091340065002441
train/lpips,820.0,0.23528236150741577
train/lpips,840.0,0.2614091634750366
train/lpips,860.0,0.2127177119255066
train/lpips,880.0,0.2410886287689209
train/lpips,900.0,0.2473038136959076
train/lpips,920.0,0.2558731436729431
train/lpips,940.0,0.24656563997268677
train/lpips,960.0,0.21353864669799805
train/lpips,980.0,0.22521771490573883
train/lpips,1000.0,0.2133101522922516
train/lpips,1020.0,0.25580400228500366
train/lpips,1040.0,0.2569093406200409
train/lpips,1060.0,0.23875792324543
train/lpips,1080.0,0.2178136706352234
train/lpips,1100.0,0.2519650161266327
train/lpips,1120.0,0.2446468025445938
train/lpips,1140.0,0.21072813868522644
train/lpips,1160.0,0.23879030346870422
train/lpips,1180.0,0.2230411320924759
train/lpips,1200.0,0.22221146523952484
train/lpips,1220.0,0.2539452612400055
train/lpips,1240.0,0.22416150569915771
train/lpips,1260.0,0.23546399176120758
train/lpips,1280.0,0.24127861857414246
train/lpips,1300.0,0.19956140220165253
train/lpips,1320.0,0.23052050173282623
train/lpips,1340.0,0.20634262263774872
train/lpips,1360.0,0.21750949323177338
train/lpips,1380.0,0.21609485149383545
train/lpips,1400.0,0.21575112640857697
train/lpips,1420.0,0.19152559340000153
train/lpips,1440.0,0.2238353192806244
train/lpips,1460.0,0.26988133788108826
train/lpips,1480.0,0.18502451479434967
train/lpips,1500.0,0.21733909845352173
train/lpips,1520.0,0.23664739727973938
train/lpips,1540.0,0.20743721723556519
train/lpips,1560.0,0.2430252730846405
train/lpips,1580.0,0.25208812952041626
train/lpips,1600.0,0.23780442774295807
train/lpips,1620.0,0.2318643182516098
train/lpips,1640.0,0.22417911887168884
train/lpips,1660.0,0.24909575283527374
train/lpips,1680.0,0.21772079169750214
train/lpips,1700.0,0.24212774634361267
train/lpips,1720.0,0.21227072179317474
train/lpips,1740.0,0.2478046864271164
train/lpips,1760.0,0.2436971664428711
train/lpips,1780.0,0.21840475499629974
train/lpips,1800.0,0.22900275886058807
train/lpips,1820.0,0.255064994096756
train/lpips,1840.0,0.23054102063179016
train/lpips,1860.0,0.23963060975074768
train/lpips,1880.0,0.21552881598472595
train/lpips,1900.0,0.24928124248981476
train/lpips,1920.0,0.21864208579063416
train/lpips,1940.0,0.2067609280347824
train/lpips,1960.0,0.21422144770622253
train/lpips,1980.0,0.2584783136844635
train/lpips,2000.0,0.21217158436775208
train/lpips,2020.0,0.23554053902626038
train/lpips,2040.0,0.2073722928762436
train/lpips,2060.0,0.2364160567522049
train/lpips,2080.0,0.2299349457025528
train/lpips,2100.0,0.18999779224395752
train/lpips,2120.0,0.22530317306518555
train/lpips,2140.0,0.20496240258216858
train/lpips,2160.0,0.2549559473991394
train/lpips,2180.0,0.22656938433647156
train/lpips,2200.0,0.23493987321853638
train/lpips,2220.0,0.241283118724823
train/lpips,2240.0,0.24612367153167725
train/lpips,2260.0,0.23775714635849
train/lpips,2280.0,0.2238793671131134
train/lpips,2300.0,0.22487002611160278
train/lpips,2320.0,0.19113214313983917
train/lpips,2340.0,0.21445193886756897
train/lpips,2360.0,0.22610190510749817
train/lpips,2380.0,0.236436665058136
train/lpips,2400.0,0.21465006470680237
train/lpips,2420.0,0.24037310481071472
train/lpips,2440.0,0.23164469003677368
train/lpips,2460.0,0.2274690866470337
train/lpips,2480.0,0.2450525313615799
train/lpips,2500.0,0.2469659000635147
train/lpips,2520.0,0.23331579566001892
train/lpips,2540.0,0.22899878025054932
train/lpips,2560.0,0.22818462550640106
train/lpips,2580.0,0.2396138608455658
train/lpips,2600.0,0.2293495237827301
train/lpips,2620.0,0.2205980122089386
train/lpips,2640.0,0.214097261428833
train/lpips,2660.0,0.22809132933616638
train/lpips,2680.0,0.2361353039741516
train/lpips,2700.0,0.2149505913257599
train/lpips,2720.0,0.25106513500213623
train/lpips,2740.0,0.22921845316886902
train/lpips,2760.0,0.23856717348098755
train/lpips,2780.0,0.2174694836139679
train/lpips,2800.0,0.21055202186107635
train/lpips,2820.0,0.24695198237895966
train/lpips,2840.0,0.2361031025648117
train/lpips,2860.0,0.2120315283536911
train/lpips,2880.0,0.23943203687667847
train/lpips,2900.0,0.2024998813867569
train/lpips,2920.0,0.2512766122817993
train/lpips,2940.0,0.20872420072555542
train/lpips,2960.0,0.2336079180240631
train/lpips,2980.0,0.23049578070640564
train/lpips,3000.0,0.22650836408138275
train/lpips,3020.0,0.20319123566150665
train/lpips,3040.0,0.24152661859989166
train/lpips,3060.0,0.2019742876291275
train/lpips,3080.0,0.25156527757644653
train/lpips,3100.0,0.22633562982082367
train/lpips,3120.0,0.21441543102264404
train/lpips,3140.0,0.20677663385868073
train/lpips,3160.0,0.19859269261360168
train/lpips,3180.0,0.2576233446598053
train/lpips,3200.0,0.21819321811199188
train/lpips,3220.0,0.22768446803092957
train/lpips,3240.0,0.21529456973075867
train/lpips,3260.0,0.23934859037399292
train/lpips,3280.0,0.20582766830921173
train/lpips,3300.0,0.19591903686523438
train/lpips,3320.0,0.25082099437713623
train/lpips,3340.0,0.19848433136940002
train/lpips,3360.0,0.20628942549228668
train/lpips,3380.0,0.23265570402145386
train/lpips,3400.0,0.20453603565692902
train/lpips,3420.0,0.2348647117614746
train/lpips,3440.0,0.2142375111579895
train/lpips,3460.0,0.19745689630508423
train/lpips,3480.0,0.22479453682899475
train/lpips,3500.0,0.26180851459503174
train/lpips,3520.0,0.25782376527786255
train/lpips,3540.0,0.25579574704170227
train/lpips,3560.0,0.22989165782928467
train/lpips,3580.0,0.22559861838817596
train/lpips,3600.0,0.2344270944595337
train/lpips,3620.0,0.23466503620147705
train/lpips,3640.0,0.20383813977241516
train/lpips,3660.0,0.21891328692436218
train/lpips,3680.0,0.22120024263858795
train/lpips,3700.0,0.20550477504730225
train/lpips,3720.0,0.21474771201610565
train/lpips,3740.0,0.2190016210079193
train/lpips,3760.0,0.20111438632011414
train/lpips,3780.0,0.21250124275684357
train/lpips,3800.0,0.22011834383010864
train/lpips,3820.0,0.22872129082679749
train/lpips,3840.0,0.235317662358284
train/lpips,3860.0,0.22516050934791565
train/lpips,3880.0,0.2583256959915161
train/lpips,3900.0,0.2120235562324524
train/lpips,3920.0,0.22406569123268127
train/lpips,3940.0,0.21835172176361084
train/lpips,3960.0,0.20617841184139252
train/lpips,3980.0,0.20138254761695862
train/lpips,4000.0,0.2241283357143402
train/lpips,4020.0,0.2593855559825897
train/lpips,4040.0,0.21915912628173828
train/lpips,4060.0,0.23876382410526276
train/lpips,4080.0,0.23891858756542206
train/lpips,4100.0,0.22375962138175964
train/lpips,4120.0,0.22444623708724976
train/lpips,4140.0,0.24134361743927002
train/lpips,4160.0,0.22875569760799408
train/lpips,4180.0,0.2188042551279068
train/lpips,4200.0,0.20374974608421326
train/lpips,4220.0,0.22972573339939117
train/lpips,4240.0,0.23595668375492096
train/lpips,4260.0,0.23369984328746796
train/lpips,4280.0,0.25168412923812866
train/lpips,4300.0,0.2311185598373413
train/lpips,4320.0,0.2591257393360138
train/lpips,4340.0,0.24866901338100433
train/lpips,4360.0,0.20705649256706238
train/lpips,4380.0,0.23046670854091644
train/lpips,4400.0,0.21899452805519104
train/lpips,4420.0,0.22923941910266876
train/lpips,4440.0,0.20495951175689697
train/lpips,4460.0,0.21771477162837982
train/lpips,4480.0,0.18114157021045685
train/lpips,4500.0,0.20825862884521484
train/lpips,4520.0,0.21648430824279785
train/lpips,4540.0,0.23283308744430542
train/lpips,4560.0,0.20641519129276276
train/lpips,4580.0,0.2428092360496521
train/lpips,4600.0,0.20582276582717896
train/lpips,4620.0,0.21460555493831635
train/lpips,4640.0,0.21295157074928284
train/lpips,4660.0,0.2075994610786438
train/lpips,4680.0,0.2178286463022232
train/lpips,4700.0,0.22157418727874756
train/lpips,4720.0,0.24008671939373016
train/lpips,4740.0,0.23577044904232025
train/lpips,4760.0,0.21870340406894684
train/lpips,4780.0,0.22213222086429596
train/lpips,4800.0,0.21728651225566864
train/lpips,4820.0,0.2239997386932373
train/lpips,4840.0,0.20488207042217255
train/lpips,4860.0,0.21788987517356873
train/lpips,4880.0,0.2081313282251358
train/lpips,4900.0,0.21704581379890442
train/lpips,4920.0,0.21023894846439362
train/lpips,4940.0,0.20017015933990479
train/lpips,4960.0,0.20451752841472626
train/lpips,4980.0,0.20588821172714233
train/lpips,5000.0,0.23537836968898773
train/lpips,5020.0,0.2139100879430771
train/lpips,5040.0,0.2191493809223175
train/lpips,5060.0,0.2051539421081543
train/lpips,5080.0,0.22108709812164307
train/lpips,5100.0,0.24606280028820038
train/lpips,5120.0,0.21239034831523895
train/lpips,5140.0,0.23818404972553253
train/lpips,5160.0,0.22521772980690002
train/lpips,5180.0,0.21147090196609497
train/lpips,5200.0,0.23108157515525818
train/lpips,5220.0,0.1968868225812912
train/lpips,5240.0,0.21067649126052856
train/lpips,5260.0,0.24822843074798584
train/lpips,5280.0,0.19873785972595215
train/lpips,5300.0,0.20473599433898926
train/lpips,5320.0,0.21916764974594116
train/lpips,5340.0,0.22296953201293945
train/lpips,5360.0,0.21837735176086426
train/lpips,5380.0,0.23569753766059875
train/lpips,5400.0,0.22750523686408997
train/lpips,5420.0,0.2068886160850525
train/lpips,5440.0,0.2098999321460724
train/lpips,5460.0,0.24327997863292694
train/lpips,5480.0,0.2319151759147644
train/lpips,5500.0,0.2252320796251297
train/lpips,5520.0,0.22314462065696716
train/lpips,5540.0,0.20324084162712097
train/lpips,5560.0,0.21950510144233704
train/lpips,5580.0,0.19628962874412537
train/lpips,5600.0,0.22284212708473206
train/lpips,5620.0,0.22612306475639343
train/lpips,5640.0,0.2478063553571701
train/lpips,5660.0,0.2050081193447113
train/lpips,5680.0,0.24729105830192566
train/lpips,5700.0,0.24393609166145325
train/lpips,5720.0,0.19927003979682922
train/lpips,5740.0,0.22178031504154205
train/lpips,5760.0,0.21514546871185303
train/lpips,5780.0,0.24650314450263977
train/lpips,5800.0,0.24061766266822815
train/lpips,5820.0,0.236409991979599
train/lpips,5840.0,0.21089795231819153
train/lpips,5860.0,0.21899816393852234
train/lpips,5880.0,0.23912210762500763
train/lpips,5900.0,0.22383207082748413
train/lpips,5920.0,0.2265983372926712
train/lpips,5940.0,0.20504704117774963
train/lpips,5960.0,0.22042877972126007
train/lpips,5980.0,0.22294990718364716
train/lpips,6000.0,0.22131043672561646
train/lpips,6020.0,0.24135489761829376
train/lpips,6040.0,0.23901888728141785
train/lpips,6060.0,0.24926547706127167
train/lpips,6080.0,0.25762927532196045
train/lpips,6100.0,0.2034515142440796
train/lpips,6120.0,0.23505210876464844
train/lpips,6140.0,0.21501967310905457
train/lpips,6160.0,0.200101837515831
train/lpips,6180.0,0.21295569837093353
train/lpips,6200.0,0.21881131827831268
train/lpips,6220.0,0.2086142897605896
train/lpips,6240.0,0.19994422793388367
train/lpips,6260.0,0.216129869222641
train/lpips,6280.0,0.19265936315059662
train/lpips,6300.0,0.23899085819721222
train/lpips,6320.0,0.2255813181400299
train/lpips,6340.0,0.22896182537078857
train/lpips,6360.0,0.21722917258739471
train/lpips,6380.0,0.2067624032497406
train/lpips,6400.0,0.24123015999794006
train/lpips,6420.0,0.2345273196697235
train/lpips,6440.0,0.2570483088493347
train/lpips,6460.0,0.22742745280265808
train/lpips,6480.0,0.21894702315330505
train/lpips,6500.0,0.25961780548095703
train/lpips,6520.0,0.20317289233207703
train/lpips,6540.0,0.21245594322681427
train/lpips,6560.0,0.245680570602417
train/lpips,6580.0,0.20936104655265808
train/lpips,6600.0,0.22413623332977295
train/lpips,6620.0,0.27421778440475464
train/lpips,6640.0,0.19863727688789368
train/lpips,6660.0,0.23099477589130402
train/lpips,6680.0,0.2352229654788971
train/lpips,6700.0,0.2338191419839859
train/lpips,6720.0,0.23704181611537933
train/lpips,6740.0,0.20467376708984375
train/lpips,6760.0,0.22717414796352386
train/lpips,6780.0,0.1945851594209671
train/lpips,6800.0,0.23562100529670715
train/lpips,6820.0,0.22798725962638855
train/lpips,6840.0,0.2203160524368286
train/lpips,6860.0,0.22225937247276306
train/lpips,6880.0,0.2023797333240509
train/lpips,6900.0,0.22761675715446472
train/lpips,6920.0,0.20852208137512207
train/lpips,6940.0,0.20773211121559143
train/lpips,6960.0,0.22409243881702423
train/lpips,6980.0,0.24249272048473358
train/lpips,7000.0,0.20800019800662994
train/lpips,7020.0,0.22956052422523499
train/lpips,7040.0,0.196746364235878
train/lpips,7060.0,0.1944471001625061
train/lpips,7080.0,0.21948257088661194
train/lpips,7100.0,0.23939715325832367
train/lpips,7120.0,0.24833503365516663
train/lpips,7140.0,0.20038926601409912
train/lpips,7160.0,0.22720037400722504
train/lpips,7180.0,0.20461010932922363
train/lpips,7200.0,0.21839813888072968
train/lpips,7220.0,0.2251143753528595
train/lpips,7240.0,0.18703824281692505
train/lpips,7260.0,0.19503003358840942
train/lpips,7280.0,0.2338249683380127
train/lpips,7300.0,0.2119571417570114
train/lpips,7320.0,0.24392497539520264
train/lpips,7340.0,0.24232444167137146
train/lpips,7360.0,0.22636331617832184
train/lpips,7380.0,0.21436914801597595
train/lpips,7400.0,0.22160181403160095
train/lpips,7420.0,0.21305814385414124
train/lpips,7440.0,0.218623548746109
train/lpips,7460.0,0.2705852687358856
train/lpips,7480.0,0.20346108078956604
train/lpips,7500.0,0.21137399971485138
train/lpips,7520.0,0.20503194630146027
train/lpips,7540.0,0.22421815991401672
train/lpips,7560.0,0.20393505692481995
train/lpips,7580.0,0.22706250846385956
train/lpips,7600.0,0.20094500482082367
train/lpips,7620.0,0.2395545393228531
train/lpips,7640.0,0.21936887502670288
train/lpips,7660.0,0.24078369140625
train/lpips,7680.0,0.20904310047626495
train/lpips,7700.0,0.2178974449634552
train/lpips,7720.0,0.2246703803539276
train/lpips,7740.0,0.215345561504364
train/lpips,7760.0,0.24556785821914673
train/lpips,7780.0,0.22739604115486145
train/lpips,7800.0,0.20910121500492096
train/lpips,7820.0,0.20590387284755707
train/lpips,7840.0,0.2005147635936737
train/lpips,7860.0,0.2223576009273529
train/lpips,7880.0,0.24440963566303253
train/lpips,7900.0,0.2088017761707306
train/lpips,7920.0,0.21280938386917114
train/lpips,7940.0,0.21100740134716034
train/lpips,7960.0,0.22470475733280182
train/lpips,7980.0,0.25800859928131104
train/lpips,8000.0,0.22122125327587128
train/lpips,8020.0,0.2058214545249939
train/lpips,8040.0,0.22840476036071777
train/lpips,8060.0,0.22349730134010315
train/lpips,8080.0,0.2440355122089386
train/lpips,8100.0,0.21735480427742004
train/lpips,8120.0,0.1830960512161255
train/lpips,8140.0,0.19934336841106415
train/lpips,8160.0,0.2049832046031952
train/lpips,8180.0,0.251319944858551
train/lpips,8200.0,0.2702964246273041
train/lpips,8220.0,0.18054960668087006
train/lpips,8240.0,0.19718989729881287
train/lpips,8260.0,0.1908656805753708
train/lpips,8280.0,0.22292619943618774
train/lpips,8300.0,0.2290802001953125
train/lpips,8320.0,0.2184305042028427
train/lpips,8340.0,0.20032136142253876
train/lpips,8360.0,0.23072266578674316
train/lpips,8380.0,0.20689061284065247
train/lpips,8400.0,0.2159792184829712
train/lpips,8420.0,0.19227191805839539
train/lpips,8440.0,0.22492854297161102
train/lpips,8460.0,0.20271262526512146
train/lpips,8480.0,0.2047429382801056
train/lpips,8500.0,0.23540504276752472
train/lpips,8520.0,0.20508921146392822
train/lpips,8540.0,0.24183130264282227
train/lpips,8560.0,0.22758187353610992
train/lpips,8580.0,0.20904892683029175
train/lpips,8600.0,0.21986427903175354
train/lpips,8620.0,0.23492522537708282
train/lpips,8640.0,0.20120474696159363
train/lpips,8660.0,0.24698442220687866
train/lpips,8680.0,0.21564403176307678
train/lpips,8700.0,0.21613983809947968
train/lpips,8720.0,0.20560576021671295
train/lpips,8740.0,0.21232624351978302
train/lpips,8760.0,0.2255823314189911
train/lpips,8780.0,0.18757662177085876
train/lpips,8800.0,0.19982270896434784
train/lpips,8820.0,0.21585139632225037
train/lpips,8840.0,0.2115178108215332
train/lpips,8860.0,0.22568032145500183
train/lpips,8880.0,0.22362306714057922
train/lpips,8900.0,0.19797049462795258
train/lpips,8920.0,0.2217971384525299
train/lpips,8940.0,0.23010654747486115
train/lpips,8960.0,0.2269050031900406
train/lpips,8980.0,0.22404196858406067
train/lpips,9000.0,0.22533512115478516
train/lpips,9020.0,0.21205012500286102
train/lpips,9040.0,0.23302927613258362
train/lpips,9060.0,0.223684161901474
train/lpips,9080.0,0.2024567723274231
train/lpips,9100.0,0.23840105533599854
train/lpips,9120.0,0.23634041845798492
train/lpips,9140.0,0.18141621351242065
train/lpips,9160.0,0.24574750661849976
train/lpips,9180.0,0.19946619868278503
train/lpips,9200.0,0.23188139498233795
train/lpips,9220.0,0.1967477947473526
train/lpips,9240.0,0.2496681809425354
train/lpips,9260.0,0.1988096833229065
train/lpips,9280.0,0.20608316361904144
train/lpips,9300.0,0.23041591048240662
train/lpips,9320.0,0.21669122576713562
train/lpips,9340.0,0.23424053192138672
train/lpips,9360.0,0.20405925810337067
train/lpips,9380.0,0.21576927602291107
train/lpips,9400.0,0.20953643321990967
train/lpips,9420.0,0.2151808887720108
train/lpips,9440.0,0.2279491424560547
train/lpips,9460.0,0.23355017602443695
train/lpips,9480.0,0.21573984622955322
train/lpips,9500.0,0.22836700081825256
train/lpips,9520.0,0.2255820780992508
train/lpips,9540.0,0.221053346991539
train/lpips,9560.0,0.22775159776210785
train/lpips,9580.0,0.19937695562839508
train/lpips,9600.0,0.21244469285011292
train/lpips,9620.0,0.20488880574703217
train/lpips,9640.0,0.2054212987422943
train/lpips,9660.0,0.23980802297592163
train/lpips,9680.0,0.22459092736244202
train/lpips,9700.0,0.21325726807117462
train/lpips,9720.0,0.19054079055786133
train/lpips,9740.0,0.202700674533844
train/lpips,9760.0,0.23705437779426575
train/lpips,9780.0,0.20812295377254486
train/lpips,9800.0,0.22364133596420288
train/lpips,9820.0,0.22733549773693085
train/lpips,9840.0,0.20319728553295135
train/lpips,9860.0,0.20095564424991608
train/lpips,9880.0,0.21198640763759613
train/lpips,9900.0,0.2535633444786072
train/lpips,9920.0,0.19917164742946625
train/lpips,9940.0,0.20375734567642212
train/lpips,9960.0,0.2063862681388855
train/lpips,9980.0,0.22290641069412231
train/lpips,10000.0,0.20433810353279114
train/lpips,10020.0,0.21112653613090515
train/lpips,10040.0,0.1917916238307953
train/lpips,10060.0,0.2035069465637207
train/lpips,10080.0,0.21954119205474854
train/lpips,10100.0,0.22595608234405518
train/lpips,10120.0,0.18694111704826355
train/lpips,10140.0,0.21477782726287842
train/lpips,10160.0,0.18895752727985382
train/lpips,10180.0,0.22448819875717163
train/lpips,10200.0,0.21502554416656494
train/lpips,10220.0,0.21616896986961365
train/lpips,10240.0,0.22756464779376984
train/lpips,10260.0,0.20777080953121185
train/lpips,10280.0,0.19364003837108612
train/lpips,10300.0,0.22206547856330872
train/lpips,10320.0,0.24695055186748505
train/lpips,10340.0,0.20410484075546265
train/lpips,10360.0,0.2352866530418396
train/lpips,10380.0,0.2472061961889267
train/lpips,10400.0,0.218673437833786
train/lpips,10420.0,0.2058587372303009
train/lpips,10440.0,0.25241005420684814
train/lpips,10460.0,0.2233555167913437
train/lpips,10480.0,0.23052415251731873
train/lpips,10500.0,0.2507590353488922
train/lpips,10520.0,0.21560779213905334
train/lpips,10540.0,0.22367623448371887
train/lpips,10560.0,0.18450427055358887
train/lpips,10580.0,0.19548870623111725
train/lpips,10600.0,0.1989332139492035
train/lpips,10620.0,0.21883469820022583
train/lpips,10640.0,0.22990649938583374
train/lpips,10660.0,0.25536125898361206
train/lpips,10680.0,0.23042818903923035
train/lpips,10700.0,0.22524766623973846
train/lpips,10720.0,0.2157755196094513
train/lpips,10740.0,0.21391069889068604
train/lpips,10760.0,0.21944677829742432
train/lpips,10780.0,0.2295166254043579
train/lpips,10800.0,0.22133657336235046
train/lpips,10820.0,0.20840388536453247
train/lpips,10840.0,0.2254498302936554
train/lpips,10860.0,0.16914002597332
train/lpips,10880.0,0.19699960947036743
train/lpips,10900.0,0.2171877920627594
train/lpips,10920.0,0.21372467279434204
train/lpips,10940.0,0.21720381081104279
train/lpips,10960.0,0.20525240898132324
train/lpips,10980.0,0.21919140219688416
train/lpips,11000.0,0.1951577514410019
train/lpips,11020.0,0.23258762061595917
train/lpips,11040.0,0.23668546974658966
train/lpips,11060.0,0.2215585708618164
train/lpips,11080.0,0.22279001772403717
train/lpips,11100.0,0.19638007879257202
train/lpips,11120.0,0.2317236363887787
train/lpips,11140.0,0.21994775533676147
train/lpips,11160.0,0.25009685754776
train/lpips,11180.0,0.18101449310779572
train/lpips,11200.0,0.1836916208267212
train/lpips,11220.0,0.24319447576999664
train/lpips,11240.0,0.22824081778526306
train/lpips,11260.0,0.22119948267936707
train/lpips,11280.0,0.21589620411396027
train/lpips,11300.0,0.2105049043893814
train/lpips,11320.0,0.17809514701366425
train/lpips,11340.0,0.23130810260772705
train/lpips,11360.0,0.23419462144374847
train/lpips,11380.0,0.251041054725647
train/lpips,11400.0,0.23018451035022736
train/lpips,11420.0,0.17751887440681458
train/lpips,11440.0,0.195465087890625
train/lpips,11460.0,0.1985267847776413
train/lpips,11480.0,0.20817601680755615
train/lpips,11500.0,0.24404272437095642
train/lpips,11520.0,0.20885230600833893
train/lpips,11540.0,0.2033557891845703
train/lpips,11560.0,0.23763646185398102
train/lpips,11580.0,0.19898919761180878
train/lpips,11600.0,0.21884572505950928
train/lpips,11620.0,0.22847869992256165
train/lpips,11640.0,0.18352919816970825
train/lpips,11660.0,0.223480224609375
train/lpips,11680.0,0.2157154679298401
train/lpips,11700.0,0.21313096582889557
train/lpips,11720.0,0.21161526441574097
train/lpips,11740.0,0.208933025598526
train/lpips,11760.0,0.2184508740901947
train/lpips,11780.0,0.2261728197336197
train/lpips,11800.0,0.21577046811580658
train/lpips,11820.0,0.20318901538848877
train/lpips,11840.0,0.21067553758621216
train/lpips,11860.0,0.21465268731117249
train/lpips,11880.0,0.22905117273330688
train/lpips,11900.0,0.18441805243492126
train/lpips,11920.0,0.2084445357322693
train/lpips,11940.0,0.2032020092010498
train/lpips,11960.0,0.24063751101493835
train/lpips,11980.0,0.20370665192604065
train/lpips,12000.0,0.22535863518714905
train/lpips,12020.0,0.2048620730638504
train/lpips,12040.0,0.19957095384597778
train/lpips,12060.0,0.21231965720653534
train/lpips,12080.0,0.20193591713905334
train/lpips,12100.0,0.18493185937404633
train/lpips,12120.0,0.2316637486219406
train/lpips,12140.0,0.199300155043602
train/lpips,12160.0,0.1935890167951584
train/lpips,12180.0,0.20743098855018616
train/lpips,12200.0,0.23264364898204803
train/lpips,12220.0,0.23952582478523254
train/lpips,12240.0,0.21164703369140625
train/lpips,12260.0,0.22159135341644287
train/lpips,12280.0,0.20282311737537384
train/lpips,12300.0,0.19754162430763245
train/lpips,12320.0,0.2172195017337799
train/lpips,12340.0,0.23444591462612152
train/lpips,12360.0,0.19990864396095276
train/lpips,12380.0,0.2139797806739807
train/lpips,12400.0,0.16936849057674408
train/lpips,12420.0,0.2145664095878601
train/lpips,12440.0,0.22189250588417053
train/lpips,12460.0,0.22910292446613312
train/lpips,12480.0,0.21235398948192596
train/lpips,12500.0,0.24165746569633484
train/lpips,12520.0,0.2265964150428772
train/lpips,12540.0,0.18880891799926758
train/lpips,12560.0,0.20042641460895538
train/lpips,12580.0,0.20065736770629883
train/lpips,12600.0,0.17944450676441193
train/lpips,12620.0,0.18668133020401
train/lpips,12640.0,0.16391770541667938
train/lpips,12660.0,0.1936511993408203
train/lpips,12680.0,0.20117096602916718
train/lpips,12700.0,0.21622642874717712
train/lpips,12720.0,0.19936028122901917
train/lpips,12740.0,0.20142418146133423
train/lpips,12760.0,0.18066132068634033
train/lpips,12780.0,0.21803390979766846
train/lpips,12800.0,0.22334563732147217
train/lpips,12820.0,0.20851117372512817
train/lpips,12840.0,0.21534276008605957
train/lpips,12860.0,0.20908181369304657
train/lpips,12880.0,0.21368783712387085
train/lpips,12900.0,0.20023362338542938
train/lpips,12920.0,0.218537375330925
train/lpips,12940.0,0.23319250345230103
train/lpips,12960.0,0.21131661534309387
train/lpips,12980.0,0.17952801287174225
train/lpips,13000.0,0.2017832100391388
train/lpips,13020.0,0.2275824397802353
train/lpips,13040.0,0.22370190918445587
train/lpips,13060.0,0.20989438891410828
train/lpips,13080.0,0.20754975080490112
train/lpips,13100.0,0.22988350689411163
train/lpips,13120.0,0.21069616079330444
train/lpips,13140.0,0.21685965359210968
train/lpips,13160.0,0.22398492693901062
train/lpips,13180.0,0.20179611444473267
train/lpips,13200.0,0.24863922595977783
train/lpips,13220.0,0.20362144708633423
train/lpips,13240.0,0.23734907805919647
train/lpips,13260.0,0.22352223098278046
train/lpips,13280.0,0.23901484906673431
train/lpips,13300.0,0.19044026732444763
train/lpips,13320.0,0.22552819550037384
train/lpips,13340.0,0.22373519837856293
train/lpips,13360.0,0.22375063598155975
train/lpips,13380.0,0.19658394157886505
train/lpips,13400.0,0.19400447607040405
train/lpips,13420.0,0.21554085612297058
train/lpips,13440.0,0.19483289122581482
train/lpips,13460.0,0.26011207699775696
train/lpips,13480.0,0.1996474713087082
train/lpips,13500.0,0.19305521249771118
train/lpips,13520.0,0.1993500143289566
train/lpips,13540.0,0.20362578332424164
train/lpips,13560.0,0.22612370550632477
train/lpips,13580.0,0.23048467934131622
train/lpips,13600.0,0.20029935240745544
train/lpips,13620.0,0.23787255585193634
train/lpips,13640.0,0.20913314819335938
train/lpips,13660.0,0.21339376270771027
train/lpips,13680.0,0.20160573720932007
train/lpips,13700.0,0.20032763481140137
train/lpips,13720.0,0.2166166454553604
train/lpips,13740.0,0.21839402616024017
train/lpips,13760.0,0.23686158657073975
train/lpips,13780.0,0.17873375117778778
train/lpips,13800.0,0.19690094888210297
train/lpips,13820.0,0.22751787304878235
train/lpips,13840.0,0.200379878282547
train/lpips,13860.0,0.20936504006385803
train/lpips,13880.0,0.20660625398159027
train/lpips,13900.0,0.22801828384399414
train/lpips,13920.0,0.23179516196250916
train/lpips,13940.0,0.2306092083454132
train/lpips,13960.0,0.18454788625240326
train/lpips,13980.0,0.19285863637924194
train/lpips,14000.0,0.19310429692268372
train/lpips,14020.0,0.18998751044273376
train/lpips,14040.0,0.22162526845932007
train/lpips,14060.0,0.21431326866149902
train/lpips,14080.0,0.204191654920578
train/lpips,14100.0,0.18579143285751343
train/lpips,14120.0,0.22995337843894958
train/lpips,14140.0,0.2033262550830841
train/lpips,14160.0,0.20429322123527527
train/lpips,14180.0,0.2077300101518631
train/lpips,14200.0,0.18790340423583984
train/lpips,14220.0,0.20265603065490723
train/lpips,14240.0,0.2255135178565979
train/lpips,14260.0,0.2053861916065216
train/lpips,14280.0,0.2455250322818756
train/lpips,14300.0,0.191105455160141
train/lpips,14320.0,0.24439004063606262
train/lpips,14340.0,0.22480909526348114
train/lpips,14360.0,0.21131165325641632
train/lpips,14380.0,0.2223082184791565
train/lpips,14400.0,0.2480059713125229
train/lpips,14420.0,0.22016426920890808
train/lpips,14440.0,0.19659769535064697
train/lpips,14460.0,0.22042706608772278
train/lpips,14480.0,0.19996905326843262
train/lpips,14500.0,0.22034676373004913
train/lpips,14520.0,0.2126985490322113
train/lpips,14540.0,0.21016328036785126
train/lpips,14560.0,0.21975275874137878
train/lpips,14580.0,0.2068389505147934
train/lpips,14600.0,0.20324233174324036
train/lpips,14620.0,0.2283259928226471
train/lpips,14640.0,0.21074825525283813
train/lpips,14660.0,0.2293044775724411
train/lpips,14680.0,0.1994754672050476
train/lpips,14700.0,0.20952163636684418
train/lpips,14720.0,0.22178971767425537
train/lpips,14740.0,0.20997950434684753
train/lpips,14760.0,0.19661860167980194
train/lpips,14780.0,0.20328719913959503
train/lpips,14800.0,0.21068760752677917
train/lpips,14820.0,0.19423356652259827
train/lpips,14840.0,0.1864456832408905
train/lpips,14860.0,0.22422395646572113
train/lpips,14880.0,0.24083785712718964
train/lpips,14900.0,0.20588794350624084
train/lpips,14920.0,0.22740782797336578
train/lpips,14940.0,0.18948692083358765
train/lpips,14960.0,0.22514691948890686
train/lpips,14980.0,0.2136077731847763
train/lpips,15000.0,0.21515339612960815
train/lpips,15020.0,0.1807432621717453
train/lpips,15040.0,0.21641291677951813
train/lpips,15060.0,0.20306576788425446
train/lpips,15080.0,0.21307814121246338
train/lpips,15100.0,0.2337350845336914
train/lpips,15120.0,0.18492642045021057
train/lpips,15140.0,0.1860244870185852
train/lpips,15160.0,0.19640308618545532
train/lpips,15180.0,0.22304166853427887
train/lpips,15200.0,0.21766233444213867
train/lpips,15220.0,0.2212628722190857
train/lpips,15240.0,0.20301030576229095
train/lpips,15260.0,0.22483599185943604
train/lpips,15280.0,0.21483543515205383
train/lpips,15300.0,0.22750958800315857
train/lpips,15320.0,0.18568453192710876
train/lpips,15340.0,0.20828212797641754
train/lpips,15360.0,0.2095528244972229
train/lpips,15380.0,0.2105402648448944
train/lpips,15400.0,0.18206527829170227
train/lpips,15420.0,0.195455402135849
train/lpips,15440.0,0.22061657905578613
train/lpips,15460.0,0.21227718889713287
train/lpips,15480.0,0.20857679843902588
train/lpips,15500.0,0.19398213922977448
train/lpips,15520.0,0.22739455103874207
train/lpips,15540.0,0.2113569974899292
train/lpips,15560.0,0.21882450580596924
train/lpips,15580.0,0.23579716682434082
train/lpips,15600.0,0.1794072389602661
train/lpips,15620.0,0.2051602303981781
train/lpips,15640.0,0.2266373634338379
train/lpips,15660.0,0.19327344000339508
train/lpips,15680.0,0.19968757033348083
train/lpips,15700.0,0.21432404220104218
train/lpips,15720.0,0.205437570810318
train/lpips,15740.0,0.16887904703617096
train/lpips,15760.0,0.22325225174427032
train/lpips,15780.0,0.19517125189304352
train/lpips,15800.0,0.20484265685081482
train/lpips,15820.0,0.23118455708026886
train/lpips,15840.0,0.20594057440757751
train/lpips,15860.0,0.19874510169029236
train/lpips,15880.0,0.20426328480243683
train/lpips,15900.0,0.2183200716972351
train/lpips,15920.0,0.24122178554534912
train/lpips,15940.0,0.2013525664806366
train/lpips,15960.0,0.1927698403596878
train/lpips,15980.0,0.22442223131656647
train/lpips,16000.0,0.18156728148460388
train/lpips,16020.0,0.21888577938079834
train/lpips,16040.0,0.19063371419906616
train/lpips,16060.0,0.20327909290790558
train/lpips,16080.0,0.1989450454711914
train/lpips,16100.0,0.23342402279376984
train/lpips,16120.0,0.2098880112171173
train/lpips,16140.0,0.20572324097156525
train/lpips,16160.0,0.23693354427814484
train/lpips,16180.0,0.2041967213153839
train/lpips,16200.0,0.23368343710899353
train/lpips,16220.0,0.1994275450706482
train/lpips,16240.0,0.1781228482723236
train/lpips,16260.0,0.2010127604007721
train/lpips,16280.0,0.2283955216407776
train/lpips,16300.0,0.21128222346305847
train/lpips,16320.0,0.21791322529315948
train/lpips,16340.0,0.2258169800043106
train/lpips,16360.0,0.18105168640613556
train/lpips,16380.0,0.2232622355222702
train/lpips,16400.0,0.2153492122888565
train/lpips,16420.0,0.2199116051197052
train/lpips,16440.0,0.19725237786769867
train/lpips,16460.0,0.24331310391426086
train/lpips,16480.0,0.1932971477508545
train/lpips,16500.0,0.2237066626548767
train/lpips,16520.0,0.20312508940696716
train/lpips,16540.0,0.2246176153421402
train/lpips,16560.0,0.2004864513874054
train/lpips,16580.0,0.21068279445171356
train/lpips,16600.0,0.23500379920005798
train/lpips,16620.0,0.22706818580627441
train/lpips,16640.0,0.196675643324852
train/lpips,16660.0,0.22659087181091309
train/lpips,16680.0,0.19477151334285736
train/lpips,16700.0,0.1990593671798706
train/lpips,16720.0,0.2091422975063324
train/lpips,16740.0,0.2177320420742035
train/lpips,16760.0,0.22353273630142212
train/lpips,16780.0,0.21800263226032257
train/lpips,16800.0,0.20719820261001587
train/lpips,16820.0,0.195806086063385
train/lpips,16840.0,0.22665739059448242
train/lpips,16860.0,0.2204068899154663
train/lpips,16880.0,0.24469777941703796
train/lpips,16900.0,0.2104623019695282
train/lpips,16920.0,0.1925140917301178
train/lpips,16940.0,0.22181841731071472
train/lpips,16960.0,0.24192990362644196
train/lpips,16980.0,0.22050954401493073
train/lpips,17000.0,0.1891634166240692
train/lpips,17020.0,0.22720715403556824
train/lpips,17040.0,0.19700488448143005
train/lpips,17060.0,0.20401597023010254
train/lpips,17080.0,0.16826169192790985
train/lpips,17100.0,0.23281854391098022
train/lpips,17120.0,0.22517067193984985
train/lpips,17140.0,0.231577530503273
train/lpips,17160.0,0.2202102094888687
train/lpips,17180.0,0.1939374804496765
train/lpips,17200.0,0.21370480954647064
train/lpips,17220.0,0.20528648793697357
train/lpips,17240.0,0.20992890000343323
train/lpips,17260.0,0.24136583507061005
train/lpips,17280.0,0.18452787399291992
train/lpips,17300.0,0.21420836448669434
train/lpips,17320.0,0.1779153048992157
train/lpips,17340.0,0.18795421719551086
train/lpips,17360.0,0.2158093899488449
train/lpips,17380.0,0.20987343788146973
train/lpips,17400.0,0.20206594467163086
train/lpips,17420.0,0.2088330239057541
train/lpips,17440.0,0.21060645580291748
train/lpips,17460.0,0.19466105103492737
train/lpips,17480.0,0.21048176288604736
train/lpips,17500.0,0.21351805329322815
train/lpips,17520.0,0.2283090204000473
train/lpips,17540.0,0.1891062706708908
train/lpips,17560.0,0.24329929053783417
train/lpips,17580.0,0.19942523539066315
train/lpips,17600.0,0.23222029209136963
train/lpips,17620.0,0.22834479808807373
train/lpips,17640.0,0.2073521763086319
train/lpips,17660.0,0.2517198324203491
train/lpips,17680.0,0.23419834673404694
train/lpips,17700.0,0.2175503522157669
train/lpips,17720.0,0.19947434961795807
train/lpips,17740.0,0.21760569512844086
train/lpips,17760.0,0.20565885305404663
train/lpips,17780.0,0.2210301160812378
train/lpips,17800.0,0.1930810660123825
train/lpips,17820.0,0.21118217706680298
train/lpips,17840.0,0.21413587033748627
train/lpips,17860.0,0.2151183784008026
train/lpips,17880.0,0.23139259219169617
train/lpips,17900.0,0.20342686772346497
train/lpips,17920.0,0.24334388971328735
train/lpips,17940.0,0.2179911732673645
train/lpips,17960.0,0.20475614070892334
train/lpips,17980.0,0.2248743176460266
train/lpips,18000.0,0.21491679549217224
train/lpips,18020.0,0.20986303687095642
train/lpips,18040.0,0.2296363264322281
train/lpips,18060.0,0.18987056612968445
train/lpips,18080.0,0.22548918426036835
train/lpips,18100.0,0.19555296003818512
train/lpips,18120.0,0.19929437339305878
train/lpips,18140.0,0.21929356455802917
train/lpips,18160.0,0.20780399441719055
train/lpips,18180.0,0.24036794900894165
train/lpips,18200.0,0.2119656801223755
train/lpips,18220.0,0.23358377814292908
train/lpips,18240.0,0.2393772006034851
train/lpips,18260.0,0.17997115850448608
train/lpips,18280.0,0.21464762091636658
train/lpips,18300.0,0.2067503035068512
train/lpips,18320.0,0.19568315148353577
train/lpips,18340.0,0.22444871068000793
train/lpips,18360.0,0.21348869800567627
train/lpips,18380.0,0.19535352289676666
train/lpips,18400.0,0.23284682631492615
train/lpips,18420.0,0.1805577129125595
train/lpips,18440.0,0.2229941487312317
train/lpips,18460.0,0.23577459156513214
train/lpips,18480.0,0.21118900179862976
train/lpips,18500.0,0.22473707795143127
train/lpips,18520.0,0.20844438672065735
train/lpips,18540.0,0.2117873579263687
train/lpips,18560.0,0.19946399331092834
train/lpips,18580.0,0.18820329010486603
train/lpips,18600.0,0.195781409740448
train/lpips,18620.0,0.207509845495224
train/lpips,18640.0,0.2300693541765213
train/lpips,18660.0,0.22311054170131683
train/lpips,18680.0,0.18628107011318207
train/lpips,18700.0,0.22354348003864288
train/lpips,18720.0,0.18832334876060486
train/lpips,18740.0,0.19971881806850433
train/lpips,18760.0,0.21162685751914978
train/lpips,18780.0,0.18650580942630768
train/lpips,18800.0,0.1847483366727829
train/lpips,18820.0,0.22291818261146545
train/lpips,18840.0,0.21609890460968018
train/lpips,18860.0,0.2096327841281891
train/lpips,18880.0,0.2028396725654602
train/lpips,18900.0,0.22294823825359344
train/lpips,18920.0,0.21877041459083557
train/lpips,18940.0,0.21860428154468536
train/lpips,18960.0,0.2238682359457016
train/lpips,18980.0,0.2273707240819931
train/lpips,19000.0,0.19456520676612854
train/lpips,19020.0,0.23794202506542206
train/lpips,19040.0,0.2089032381772995
train/lpips,19060.0,0.22656702995300293
train/lpips,19080.0,0.19989751279354095
train/lpips,19100.0,0.23909705877304077
train/lpips,19120.0,0.21996048092842102
train/lpips,19140.0,0.2192232310771942
train/lpips,19160.0,0.17623503506183624
train/lpips,19180.0,0.2325972318649292
train/lpips,19200.0,0.19513386487960815
train/lpips,19220.0,0.1692068874835968
train/lpips,19240.0,0.1998293697834015
train/lpips,19260.0,0.20826774835586548
train/lpips,19280.0,0.2229464054107666
train/lpips,19300.0,0.21268904209136963
train/lpips,19320.0,0.21008223295211792
train/lpips,19340.0,0.1957949697971344
train/lpips,19360.0,0.1899792104959488
train/lpips,19380.0,0.22234958410263062
train/lpips,19400.0,0.22924718260765076
train/lpips,19420.0,0.24091674387454987
train/lpips,19440.0,0.21824456751346588
train/lpips,19460.0,0.2020491659641266
train/lpips,19480.0,0.23073704540729523
train/lpips,19500.0,0.21007028222084045
train/lpips,19520.0,0.2075670063495636
train/lpips,19540.0,0.19068385660648346
train/lpips,19560.0,0.20618247985839844
train/lpips,19580.0,0.22023621201515198
train/lpips,19600.0,0.19965238869190216
train/lpips,19620.0,0.202763170003891
train/lpips,19640.0,0.21197818219661713
train/lpips,19660.0,0.2193947583436966
train/lpips,19680.0,0.17958013713359833
train/lpips,19700.0,0.2049703598022461
train/lpips,19720.0,0.22682031989097595
train/lpips,19740.0,0.22158879041671753
train/lpips,19760.0,0.19231140613555908
train/lpips,19780.0,0.2073739916086197
train/lpips,19800.0,0.22480501234531403
train/lpips,19820.0,0.20131617784500122
train/lpips,19840.0,0.20891073346138
train/lpips,19860.0,0.21055063605308533
train/lpips,19880.0,0.2130233198404312
train/lpips,19900.0,0.21760013699531555
train/lpips,19920.0,0.2182394415140152
train/lpips,19940.0,0.21129398047924042
train/lpips,19960.0,0.17661359906196594
train/lpips,19980.0,0.19867560267448425
train/lpips,20000.0,0.207711324095726
train/lpips_weighted,1.0,0.011792637407779694
train/lpips_weighted,20.0,0.01225326769053936
train/lpips_weighted,40.0,0.011899380013346672
train/lpips_weighted,60.0,0.011148874647915363
train/lpips_weighted,80.0,0.01215564925223589
train/lpips_weighted,100.0,0.011196414940059185
train/lpips_weighted,120.0,0.01052927691489458
train/lpips_weighted,140.0,0.010448046028614044
train/lpips_weighted,160.0,0.011575652286410332
train/lpips_weighted,180.0,0.012221685610711575
train/lpips_weighted,200.0,0.011880066245794296
train/lpips_weighted,220.0,0.010571170598268509
train/lpips_weighted,240.0,0.011228716932237148
train/lpips_weighted,260.0,0.011816650629043579
train/lpips_weighted,280.0,0.011667408980429173
train/lpips_weighted,300.0,0.011527672410011292
train/lpips_weighted,320.0,0.010978329926729202
train/lpips_weighted,340.0,0.009776478633284569
train/lpips_weighted,360.0,0.010598579421639442
train/lpips_weighted,380.0,0.011333631351590157
train/lpips_weighted,400.0,0.011190266348421574
train/lpips_weighted,420.0,0.012108465656638145
train/lpips_weighted,440.0,0.010472266934812069
train/lpips_weighted,460.0,0.010786490514874458
train/lpips_weighted,480.0,0.010345960035920143
train/lpips_weighted,500.0,0.011071409098803997
train/lpips_weighted,520.0,0.011519752442836761
train/lpips_weighted,540.0,0.011423169635236263
train/lpips_weighted,560.0,0.011013194918632507
train/lpips_weighted,580.0,0.012480862438678741
train/lpips_weighted,600.0,0.012995464727282524
train/lpips_weighted,620.0,0.010985572822391987
train/lpips_weighted,640.0,0.011025615967810154
train/lpips_weighted,660.0,0.01089926902204752
train/lpips_weighted,680.0,0.011803395114839077
train/lpips_weighted,700.0,0.011785240843892097
train/lpips_weighted,720.0,0.010507792234420776
train/lpips_weighted,740.0,0.011651930399239063
train/lpips_weighted,760.0,0.011761713773012161
train/lpips_weighted,780.0,0.010843127965927124
train/lpips_weighted,800.0,0.011545670218765736
train/lpips_weighted,820.0,0.011764118447899818
train/lpips_weighted,840.0,0.013070458546280861
train/lpips_weighted,860.0,0.01063588634133339
train/lpips_weighted,880.0,0.012054432183504105
train/lpips_weighted,900.0,0.01236519031226635
train/lpips_weighted,920.0,0.012793656438589096
train/lpips_weighted,940.0,0.012328281998634338
train/lpips_weighted,960.0,0.010676931589841843
train/lpips_weighted,980.0,0.011260885745286942
train/lpips_weighted,1000.0,0.01066550798714161
train/lpips_weighted,1020.0,0.012790200300514698
train/lpips_weighted,1040.0,0.01284546684473753
train/lpips_weighted,1060.0,0.01193789578974247
train/lpips_weighted,1080.0,0.010890684090554714
train/lpips_weighted,1100.0,0.01259825099259615
train/lpips_weighted,1120.0,0.01223234087228775
train/lpips_weighted,1140.0,0.010536407120525837
train/lpips_weighted,1160.0,0.011939515359699726
train/lpips_weighted,1180.0,0.011152056977152824
train/lpips_weighted,1200.0,0.011110573075711727
train/lpips_weighted,1220.0,0.01269726362079382
train/lpips_weighted,1240.0,0.011208076030015945
train/lpips_weighted,1260.0,0.011773199774324894
train/lpips_weighted,1280.0,0.012063930742442608
train/lpips_weighted,1300.0,0.009978069923818111
train/lpips_weighted,1320.0,0.011526025831699371
train/lpips_weighted,1340.0,0.010317130945622921
train/lpips_weighted,1360.0,0.010875474661588669
train/lpips_weighted,1380.0,0.010804742574691772
train/lpips_weighted,1400.0,0.010787556879222393
train/lpips_weighted,1420.0,0.009576280601322651
train/lpips_weighted,1440.0,0.01119176670908928
train/lpips_weighted,1460.0,0.013494066894054413
train/lpips_weighted,1480.0,0.009251225739717484
train/lpips_weighted,1500.0,0.010866954922676086
train/lpips_weighted,1520.0,0.01183236949145794
train/lpips_weighted,1540.0,0.010371861048042774
train/lpips_weighted,1560.0,0.012151263654232025
train/lpips_weighted,1580.0,0.012604406103491783
train/lpips_weighted,1600.0,0.011890221387147903
train/lpips_weighted,1620.0,0.011593216098845005
train/lpips_weighted,1640.0,0.011208955198526382
train/lpips_weighted,1660.0,0.012454788200557232
train/lpips_weighted,1680.0,0.010886039584875107
train/lpips_weighted,1700.0,0.012106386944651604
train/lpips_weighted,1720.0,0.010613536462187767
train/lpips_weighted,1740.0,0.012390234507620335
train/lpips_weighted,1760.0,0.012184858322143555
train/lpips_weighted,1780.0,0.010920237749814987
train/lpips_weighted,1800.0,0.011450137943029404
train/lpips_weighted,1820.0,0.012753250077366829
train/lpips_weighted,1840.0,0.011527050286531448
train/lpips_weighted,1860.0,0.011981530115008354
train/lpips_weighted,1880.0,0.010776441544294357
train/lpips_weighted,1900.0,0.012464062310755253
train/lpips_weighted,1920.0,0.010932104662060738
train/lpips_weighted,1940.0,0.010338046588003635
train/lpips_weighted,1960.0,0.010711072944104671
train/lpips_weighted,1980.0,0.012923916801810265
train/lpips_weighted,2000.0,0.010608579963445663
train/lpips_weighted,2020.0,0.011777027510106564
train/lpips_weighted,2040.0,0.01036861538887024
train/lpips_weighted,2060.0,0.011820802465081215
train/lpips_weighted,2080.0,0.01149674691259861
train/lpips_weighted,2100.0,0.009499889798462391
train/lpips_weighted,2120.0,0.011265158653259277
train/lpips_weighted,2140.0,0.010248120874166489
train/lpips_weighted,2160.0,0.01274779811501503
train/lpips_weighted,2180.0,0.011328469030559063
train/lpips_weighted,2200.0,0.011746994219720364
train/lpips_weighted,2220.0,0.012064156122505665
train/lpips_weighted,2240.0,0.012306183576583862
train/lpips_weighted,2260.0,0.011887856759130955
train/lpips_weighted,2280.0,0.01119396835565567
train/lpips_weighted,2300.0,0.011243501678109169
train/lpips_weighted,2320.0,0.009556607343256474
train/lpips_weighted,2340.0,0.010722597129642963
train/lpips_weighted,2360.0,0.011305095627903938
train/lpips_weighted,2380.0,0.011821834370493889
train/lpips_weighted,2400.0,0.010732503607869148
train/lpips_weighted,2420.0,0.012018655426800251
train/lpips_weighted,2440.0,0.011582234874367714
train/lpips_weighted,2460.0,0.011373454704880714
train/lpips_weighted,2480.0,0.012252626940608025
train/lpips_weighted,2500.0,0.01234829518944025
train/lpips_weighted,2520.0,0.011665789410471916
train/lpips_weighted,2540.0,0.011449938639998436
train/lpips_weighted,2560.0,0.011409231461584568
train/lpips_weighted,2580.0,0.011980692856013775
train/lpips_weighted,2600.0,0.011467477306723595
train/lpips_weighted,2620.0,0.01102990098297596
train/lpips_weighted,2640.0,0.01070486381649971
train/lpips_weighted,2660.0,0.011404566466808319
train/lpips_weighted,2680.0,0.01180676557123661
train/lpips_weighted,2700.0,0.010747529566287994
train/lpips_weighted,2720.0,0.012553256936371326
train/lpips_weighted,2740.0,0.011460922658443451
train/lpips_weighted,2760.0,0.011928359046578407
train/lpips_weighted,2780.0,0.010873474180698395
train/lpips_weighted,2800.0,0.010527601465582848
train/lpips_weighted,2820.0,0.012347599491477013
train/lpips_weighted,2840.0,0.0118051553145051
train/lpips_weighted,2860.0,0.010601576417684555
train/lpips_weighted,2880.0,0.011971602216362953
train/lpips_weighted,2900.0,0.010124994441866875
train/lpips_weighted,2920.0,0.01256383117288351
train/lpips_weighted,2940.0,0.010436209850013256
train/lpips_weighted,2960.0,0.011680396273732185
train/lpips_weighted,2980.0,0.011524789035320282
train/lpips_weighted,3000.0,0.011325418017804623
train/lpips_weighted,3020.0,0.010159561410546303
train/lpips_weighted,3040.0,0.012076331302523613
train/lpips_weighted,3060.0,0.010098714381456375
train/lpips_weighted,3080.0,0.012578264810144901
train/lpips_weighted,3100.0,0.011316781863570213
train/lpips_weighted,3120.0,0.010720771737396717
train/lpips_weighted,3140.0,0.010338831692934036
train/lpips_weighted,3160.0,0.009929634630680084
train/lpips_weighted,3180.0,0.012881167232990265
train/lpips_weighted,3200.0,0.01090966071933508
train/lpips_weighted,3220.0,0.011384223587810993
train/lpips_weighted,3240.0,0.010764728300273418
train/lpips_weighted,3260.0,0.011967429891228676
train/lpips_weighted,3280.0,0.010291383601725101
train/lpips_weighted,3300.0,0.009795951656997204
train/lpips_weighted,3320.0,0.012541050091385841
train/lpips_weighted,3340.0,0.009924217127263546
train/lpips_weighted,3360.0,0.010314472019672394
train/lpips_weighted,3380.0,0.011632785201072693
train/lpips_weighted,3400.0,0.010226801969110966
train/lpips_weighted,3420.0,0.011743235401809216
train/lpips_weighted,3440.0,0.010711874812841415
train/lpips_weighted,3460.0,0.009872845374047756
train/lpips_weighted,3480.0,0.011239727027714252
train/lpips_weighted,3500.0,0.013090426102280617
train/lpips_weighted,3520.0,0.012891188263893127
train/lpips_weighted,3540.0,0.012789787724614143
train/lpips_weighted,3560.0,0.011494582518935204
train/lpips_weighted,3580.0,0.011279931291937828
train/lpips_weighted,3600.0,0.0117213549092412
train/lpips_weighted,3620.0,0.011733252555131912
train/lpips_weighted,3640.0,0.010191907174885273
train/lpips_weighted,3660.0,0.010945664718747139
train/lpips_weighted,3680.0,0.011060012504458427
train/lpips_weighted,3700.0,0.010275239124894142
train/lpips_weighted,3720.0,0.010737385600805283
train/lpips_weighted,3740.0,0.010950081050395966
train/lpips_weighted,3760.0,0.010055719874799252
train/lpips_weighted,3780.0,0.010625062510371208
train/lpips_weighted,3800.0,0.011005917564034462
train/lpips_weighted,3820.0,0.01143606472760439
train/lpips_weighted,3840.0,0.011765883304178715
train/lpips_weighted,3860.0,0.011258024722337723
train/lpips_weighted,3880.0,0.01291628461331129
train/lpips_weighted,3900.0,0.010601178742945194
train/lpips_weighted,3920.0,0.011203284375369549
train/lpips_weighted,3940.0,0.010917586274445057
train/lpips_weighted,3960.0,0.010308920405805111
train/lpips_weighted,3980.0,0.01006912812590599
train/lpips_weighted,4000.0,0.011206417344510555
train/lpips_weighted,4020.0,0.012969277799129486
train/lpips_weighted,4040.0,0.010957956314086914
train/lpips_weighted,4060.0,0.011938191018998623
train/lpips_weighted,4080.0,0.011945929378271103
train/lpips_weighted,4100.0,0.011187980882823467
train/lpips_weighted,4120.0,0.011222312226891518
train/lpips_weighted,4140.0,0.012067181058228016
train/lpips_weighted,4160.0,0.011437784880399704
train/lpips_weighted,4180.0,0.01094021275639534
train/lpips_weighted,4200.0,0.010187487117946148
train/lpips_weighted,4220.0,0.011486286297440529
train/lpips_weighted,4240.0,0.011797834187746048
train/lpips_weighted,4260.0,0.011684992350637913
train/lpips_weighted,4280.0,0.012584205716848373
train/lpips_weighted,4300.0,0.01155592780560255
train/lpips_weighted,4320.0,0.01295628771185875
train/lpips_weighted,4340.0,0.012433450669050217
train/lpips_weighted,4360.0,0.010352824814617634
train/lpips_weighted,4380.0,0.011523335240781307
train/lpips_weighted,4400.0,0.010949726216495037
train/lpips_weighted,4420.0,0.011461971327662468
train/lpips_weighted,4440.0,0.010247975587844849
train/lpips_weighted,4460.0,0.01088573969900608
train/lpips_weighted,4480.0,0.009057078510522842
train/lpips_weighted,4500.0,0.010412931442260742
train/lpips_weighted,4520.0,0.010824215598404408
train/lpips_weighted,4540.0,0.01164165511727333
train/lpips_weighted,4560.0,0.010320760309696198
train/lpips_weighted,4580.0,0.012140462175011635
train/lpips_weighted,4600.0,0.010291138663887978
train/lpips_weighted,4620.0,0.010730277746915817
train/lpips_weighted,4640.0,0.010647578164935112
train/lpips_weighted,4660.0,0.01037997379899025
train/lpips_weighted,4680.0,0.01089143194258213
train/lpips_weighted,4700.0,0.011078709736466408
train/lpips_weighted,4720.0,0.012004336342215538
train/lpips_weighted,4740.0,0.011788522824645042
train/lpips_weighted,4760.0,0.010935170575976372
train/lpips_weighted,4780.0,0.011106611229479313
train/lpips_weighted,4800.0,0.010864325799047947
train/lpips_weighted,4820.0,0.01119998749345541
train/lpips_weighted,4840.0,0.010244103148579597
train/lpips_weighted,4860.0,0.010894494131207466
train/lpips_weighted,4880.0,0.01040656678378582
train/lpips_weighted,4900.0,0.010852290317416191
train/lpips_weighted,4920.0,0.01051194779574871
train/lpips_weighted,4940.0,0.010008508339524269
train/lpips_weighted,4960.0,0.010225877165794373
train/lpips_weighted,4980.0,0.010294411331415176
train/lpips_weighted,5000.0,0.011768918484449387
train/lpips_weighted,5020.0,0.010695504024624825
train/lpips_weighted,5040.0,0.010957468301057816
train/lpips_weighted,5060.0,0.01025769766420126
train/lpips_weighted,5080.0,0.011054354719817638
train/lpips_weighted,5100.0,0.012303140014410019
train/lpips_weighted,5120.0,0.010619517415761948
train/lpips_weighted,5140.0,0.011909201741218567
train/lpips_weighted,5160.0,0.011260886676609516
train/lpips_weighted,5180.0,0.010573545470833778
train/lpips_weighted,5200.0,0.011554079130291939
train/lpips_weighted,5220.0,0.009844341315329075
train/lpips_weighted,5240.0,0.010533825494349003
train/lpips_weighted,5260.0,0.012411422096192837
train/lpips_weighted,5280.0,0.009936893358826637
train/lpips_weighted,5300.0,0.010236799716949463
train/lpips_weighted,5320.0,0.010958382859826088
train/lpips_weighted,5340.0,0.011148476973176003
train/lpips_weighted,5360.0,0.010918867774307728
train/lpips_weighted,5380.0,0.011784876696765423
train/lpips_weighted,5400.0,0.011375262401998043
train/lpips_weighted,5420.0,0.010344430804252625
train/lpips_weighted,5440.0,0.010494996793568134
train/lpips_weighted,5460.0,0.012163999490439892
train/lpips_weighted,5480.0,0.01159575954079628
train/lpips_weighted,5500.0,0.01126160379499197
train/lpips_weighted,5520.0,0.011157231405377388
train/lpips_weighted,5540.0,0.010162042453885078
train/lpips_weighted,5560.0,0.010975255630910397
train/lpips_weighted,5580.0,0.009814481250941753
train/lpips_weighted,5600.0,0.011142106726765633
train/lpips_weighted,5620.0,0.011306153610348701
train/lpips_weighted,5640.0,0.012390317395329475
train/lpips_weighted,5660.0,0.010250406339764595
train/lpips_weighted,5680.0,0.012364553287625313
train/lpips_weighted,5700.0,0.012196805328130722
train/lpips_weighted,5720.0,0.009963502176105976
train/lpips_weighted,5740.0,0.011089015752077103
train/lpips_weighted,5760.0,0.010757273063063622
train/lpips_weighted,5780.0,0.012325157411396503
train/lpips_weighted,5800.0,0.012030883692204952
train/lpips_weighted,5820.0,0.011820499785244465
train/lpips_weighted,5840.0,0.010544897988438606
train/lpips_weighted,5860.0,0.010949908755719662
train/lpips_weighted,5880.0,0.011956105940043926
train/lpips_weighted,5900.0,0.011191602796316147
train/lpips_weighted,5920.0,0.01132991723716259
train/lpips_weighted,5940.0,0.010252352803945541
train/lpips_weighted,5960.0,0.011021438986063004
train/lpips_weighted,5980.0,0.011147495359182358
train/lpips_weighted,6000.0,0.011065522208809853
train/lpips_weighted,6020.0,0.012067744508385658
train/lpips_weighted,6040.0,0.011950944550335407
train/lpips_weighted,6060.0,0.012463274411857128
train/lpips_weighted,6080.0,0.012881464324891567
train/lpips_weighted,6100.0,0.01017257571220398
train/lpips_weighted,6120.0,0.011752605438232422
train/lpips_weighted,6140.0,0.010750983841717243
train/lpips_weighted,6160.0,0.01000509224832058
train/lpips_weighted,6180.0,0.010647784918546677
train/lpips_weighted,6200.0,0.01094056572765112
train/lpips_weighted,6220.0,0.010430715046823025
train/lpips_weighted,6240.0,0.009997211396694183
train/lpips_weighted,6260.0,0.01080649346113205
train/lpips_weighted,6280.0,0.009632968343794346
train/lpips_weighted,6300.0,0.011949542909860611
train/lpips_weighted,6320.0,0.01127906609326601
train/lpips_weighted,6340.0,0.011448091827332973
train/lpips_weighted,6360.0,0.010861458256840706
train/lpips_weighted,6380.0,0.01033812016248703
train/lpips_weighted,6400.0,0.012061508372426033
train/lpips_weighted,6420.0,0.01172636542469263
train/lpips_weighted,6440.0,0.012852415442466736
train/lpips_weighted,6460.0,0.011371372267603874
train/lpips_weighted,6480.0,0.010947351343929768
train/lpips_weighted,6500.0,0.012980891391634941
train/lpips_weighted,6520.0,0.010158644989132881
train/lpips_weighted,6540.0,0.010622797533869743
train/lpips_weighted,6560.0,0.012284028343856335
train/lpips_weighted,6580.0,0.010468052700161934
train/lpips_weighted,6600.0,0.011206812225282192
train/lpips_weighted,6620.0,0.013710889965295792
train/lpips_weighted,6640.0,0.009931864216923714
train/lpips_weighted,6660.0,0.011549738235771656
train/lpips_weighted,6680.0,0.01176114846020937
train/lpips_weighted,6700.0,0.011690957471728325
train/lpips_weighted,6720.0,0.011852091178297997
train/lpips_weighted,6740.0,0.010233688168227673
train/lpips_weighted,6760.0,0.011358707211911678
train/lpips_weighted,6780.0,0.009729258716106415
train/lpips_weighted,6800.0,0.011781049892306328
train/lpips_weighted,6820.0,0.011399364098906517
train/lpips_weighted,6840.0,0.01101580262184143
train/lpips_weighted,6860.0,0.011112969368696213
train/lpips_weighted,6880.0,0.01011898647993803
train/lpips_weighted,6900.0,0.011380838230252266
train/lpips_weighted,6920.0,0.010426105000078678
train/lpips_weighted,6940.0,0.010386605747044086
train/lpips_weighted,6960.0,0.011204621754586697
train/lpips_weighted,6980.0,0.012124636210501194
train/lpips_weighted,7000.0,0.010400010272860527
train/lpips_weighted,7020.0,0.011478026397526264
train/lpips_weighted,7040.0,0.0098373182117939
train/lpips_weighted,7060.0,0.00972235482186079
train/lpips_weighted,7080.0,0.010974128730595112
train/lpips_weighted,7100.0,0.011969857849180698
train/lpips_weighted,7120.0,0.012416751123964787
train/lpips_weighted,7140.0,0.010019463486969471
train/lpips_weighted,7160.0,0.011360019445419312
train/lpips_weighted,7180.0,0.010230504907667637
train/lpips_weighted,7200.0,0.010919907130300999
train/lpips_weighted,7220.0,0.01125571969896555
train/lpips_weighted,7240.0,0.009351911954581738
train/lpips_weighted,7260.0,0.009751502424478531
train/lpips_weighted,7280.0,0.011691248044371605
train/lpips_weighted,7300.0,0.01059785671532154
train/lpips_weighted,7320.0,0.012196249328553677
train/lpips_weighted,7340.0,0.012116221711039543
train/lpips_weighted,7360.0,0.011318165808916092
train/lpips_weighted,7380.0,0.010718457400798798
train/lpips_weighted,7400.0,0.011080090887844563
train/lpips_weighted,7420.0,0.010652907192707062
train/lpips_weighted,7440.0,0.01093117706477642
train/lpips_weighted,7460.0,0.013529263436794281
train/lpips_weighted,7480.0,0.010173054412007332
train/lpips_weighted,7500.0,0.010568700730800629
train/lpips_weighted,7520.0,0.010251597501337528
train/lpips_weighted,7540.0,0.011210908181965351
train/lpips_weighted,7560.0,0.010196752846240997
train/lpips_weighted,7580.0,0.011353125795722008
train/lpips_weighted,7600.0,0.010047250427305698
train/lpips_weighted,7620.0,0.0119777275249362
train/lpips_weighted,7640.0,0.010968443937599659
train/lpips_weighted,7660.0,0.0120391845703125
train/lpips_weighted,7680.0,0.010452155023813248
train/lpips_weighted,7700.0,0.01089487224817276
train/lpips_weighted,7720.0,0.011233518831431866
train/lpips_weighted,7740.0,0.010767278261482716
train/lpips_weighted,7760.0,0.012278392910957336
train/lpips_weighted,7780.0,0.011369802057743073
train/lpips_weighted,7800.0,0.010455060750246048
train/lpips_weighted,7820.0,0.010295193642377853
train/lpips_weighted,7840.0,0.01002573873847723
train/lpips_weighted,7860.0,0.01111788023263216
train/lpips_weighted,7880.0,0.012220482341945171
train/lpips_weighted,7900.0,0.01044008880853653
train/lpips_weighted,7920.0,0.010640470311045647
train/lpips_weighted,7940.0,0.010550370439887047
train/lpips_weighted,7960.0,0.011235238052904606
train/lpips_weighted,7980.0,0.012900429777801037
train/lpips_weighted,8000.0,0.011061063036322594
train/lpips_weighted,8020.0,0.01029107253998518
train/lpips_weighted,8040.0,0.011420237831771374
train/lpips_weighted,8060.0,0.011174865067005157
train/lpips_weighted,8080.0,0.012201775796711445
train/lpips_weighted,8100.0,0.010867740958929062
train/lpips_weighted,8120.0,0.009154802188277245
train/lpips_weighted,8140.0,0.009967168793082237
train/lpips_weighted,8160.0,0.01024916023015976
train/lpips_weighted,8180.0,0.012565996497869492
train/lpips_weighted,8200.0,0.013514821417629719
train/lpips_weighted,8220.0,0.009027480147778988
train/lpips_weighted,8240.0,0.009859494864940643
train/lpips_weighted,8260.0,0.009543283842504025
train/lpips_weighted,8280.0,0.011146309785544872
train/lpips_weighted,8300.0,0.011454010382294655
train/lpips_weighted,8320.0,0.01092152576893568
train/lpips_weighted,8340.0,0.010016067884862423
train/lpips_weighted,8360.0,0.011536133475601673
train/lpips_weighted,8380.0,0.010344531387090683
train/lpips_weighted,8400.0,0.01079896092414856
train/lpips_weighted,8420.0,0.00961359590291977
train/lpips_weighted,8440.0,0.01124642789363861
train/lpips_weighted,8460.0,0.010135631076991558
train/lpips_weighted,8480.0,0.010237147100269794
train/lpips_weighted,8500.0,0.011770252138376236
train/lpips_weighted,8520.0,0.01025446131825447
train/lpips_weighted,8540.0,0.012091565877199173
train/lpips_weighted,8560.0,0.011379093863070011
train/lpips_weighted,8580.0,0.010452446527779102
train/lpips_weighted,8600.0,0.010993214324116707
train/lpips_weighted,8620.0,0.011746261268854141
train/lpips_weighted,8640.0,0.010060237720608711
train/lpips_weighted,8660.0,0.012349220924079418
train/lpips_weighted,8680.0,0.01078220084309578
train/lpips_weighted,8700.0,0.010806992650032043
train/lpips_weighted,8720.0,0.010280288755893707
train/lpips_weighted,8740.0,0.010616312734782696
train/lpips_weighted,8760.0,0.011279117316007614
train/lpips_weighted,8780.0,0.009378831833600998
train/lpips_weighted,8800.0,0.009991135448217392
train/lpips_weighted,8820.0,0.010792570188641548
train/lpips_weighted,8840.0,0.010575891472399235
train/lpips_weighted,8860.0,0.011284016072750092
train/lpips_weighted,8880.0,0.011181153357028961
train/lpips_weighted,8900.0,0.009898524731397629
train/lpips_weighted,8920.0,0.011089857667684555
train/lpips_weighted,8940.0,0.011505328118801117
train/lpips_weighted,8960.0,0.01134525053203106
train/lpips_weighted,8980.0,0.011202098801732063
train/lpips_weighted,9000.0,0.011266756802797318
train/lpips_weighted,9020.0,0.010602505877614021
train/lpips_weighted,9040.0,0.011651463806629181
train/lpips_weighted,9060.0,0.0111842080950737
train/lpips_weighted,9080.0,0.01012283843010664
train/lpips_weighted,9100.0,0.011920052580535412
train/lpips_weighted,9120.0,0.011817021295428276
train/lpips_weighted,9140.0,0.009070810861885548
train/lpips_weighted,9160.0,0.012287376448512077
train/lpips_weighted,9180.0,0.009973309934139252
train/lpips_weighted,9200.0,0.011594070121645927
train/lpips_weighted,9220.0,0.009837389923632145
train/lpips_weighted,9240.0,0.012483409605920315
train/lpips_weighted,9260.0,0.009940484538674355
train/lpips_weighted,9280.0,0.010304158553481102
train/lpips_weighted,9300.0,0.01152079552412033
train/lpips_weighted,9320.0,0.01083456166088581
train/lpips_weighted,9340.0,0.01171202678233385
train/lpips_weighted,9360.0,0.010202962905168533
train/lpips_weighted,9380.0,0.010788463987410069
train/lpips_weighted,9400.0,0.010476822033524513
train/lpips_weighted,9420.0,0.01075904443860054
train/lpips_weighted,9440.0,0.011397456750273705
train/lpips_weighted,9460.0,0.011677509173750877
train/lpips_weighted,9480.0,0.010786992497742176
train/lpips_weighted,9500.0,0.011418350040912628
train/lpips_weighted,9520.0,0.01127910427749157
train/lpips_weighted,9540.0,0.011052667163312435
train/lpips_weighted,9560.0,0.011387580074369907
train/lpips_weighted,9580.0,0.009968847967684269
train/lpips_weighted,9600.0,0.010622235015034676
train/lpips_weighted,9620.0,0.010244440287351608
train/lpips_weighted,9640.0,0.010271064937114716
train/lpips_weighted,9660.0,0.011990401893854141
train/lpips_weighted,9680.0,0.01122954674065113
train/lpips_weighted,9700.0,0.010662863962352276
train/lpips_weighted,9720.0,0.009527039714157581
train/lpips_weighted,9740.0,0.01013503409922123
train/lpips_weighted,9760.0,0.011852718889713287
train/lpips_weighted,9780.0,0.010406147688627243
train/lpips_weighted,9800.0,0.011182066984474659
train/lpips_weighted,9820.0,0.011366775259375572
train/lpips_weighted,9840.0,0.010159865021705627
train/lpips_weighted,9860.0,0.010047782212495804
train/lpips_weighted,9880.0,0.010599320754408836
train/lpips_weighted,9900.0,0.012678167782723904
train/lpips_weighted,9920.0,0.009958582930266857
train/lpips_weighted,9940.0,0.010187868028879166
train/lpips_weighted,9960.0,0.01031931396573782
train/lpips_weighted,9980.0,0.01114532072097063
train/lpips_weighted,10000.0,0.010216904804110527
train/lpips_weighted,10020.0,0.010556327179074287
train/lpips_weighted,10040.0,0.009589580819010735
train/lpips_weighted,10060.0,0.010175347328186035
train/lpips_weighted,10080.0,0.010977059602737427
train/lpips_weighted,10100.0,0.011297805234789848
train/lpips_weighted,10120.0,0.009347055107355118
train/lpips_weighted,10140.0,0.010738891549408436
train/lpips_weighted,10160.0,0.009447876363992691
train/lpips_weighted,10180.0,0.011224410496652126
train/lpips_weighted,10200.0,0.010751278139650822
train/lpips_weighted,10220.0,0.010808448307216167
train/lpips_weighted,10240.0,0.011378232389688492
train/lpips_weighted,10260.0,0.010388541035354137
train/lpips_weighted,10280.0,0.00968200247734785
train/lpips_weighted,10300.0,0.011103274300694466
train/lpips_weighted,10320.0,0.012347527779638767
train/lpips_weighted,10340.0,0.010205242782831192
train/lpips_weighted,10360.0,0.01176433265209198
train/lpips_weighted,10380.0,0.012360310181975365
train/lpips_weighted,10400.0,0.010933672077953815
train/lpips_weighted,10420.0,0.01029293704777956
train/lpips_weighted,10440.0,0.012620503082871437
train/lpips_weighted,10460.0,0.011167775839567184
train/lpips_weighted,10480.0,0.011526208370923996
train/lpips_weighted,10500.0,0.01253795251250267
train/lpips_weighted,10520.0,0.010780389420688152
train/lpips_weighted,10540.0,0.011183811351656914
train/lpips_weighted,10560.0,0.009225213900208473
train/lpips_weighted,10580.0,0.009774435311555862
train/lpips_weighted,10600.0,0.009946661069989204
train/lpips_weighted,10620.0,0.010941734537482262
train/lpips_weighted,10640.0,0.011495324783027172
train/lpips_weighted,10660.0,0.012768063694238663
train/lpips_weighted,10680.0,0.011521410197019577
train/lpips_weighted,10700.0,0.011262383311986923
train/lpips_weighted,10720.0,0.01078877691179514
train/lpips_weighted,10740.0,0.010695534758269787
train/lpips_weighted,10760.0,0.010972339659929276
train/lpips_weighted,10780.0,0.011475831270217896
train/lpips_weighted,10800.0,0.011066828854382038
train/lpips_weighted,10820.0,0.010420193895697594
train/lpips_weighted,10840.0,0.0112724918872118
train/lpips_weighted,10860.0,0.008457001298666
train/lpips_weighted,10880.0,0.009849980473518372
train/lpips_weighted,10900.0,0.010859389789402485
train/lpips_weighted,10920.0,0.010686233639717102
train/lpips_weighted,10940.0,0.010860190726816654
train/lpips_weighted,10960.0,0.010262619704008102
train/lpips_weighted,10980.0,0.010959570296108723
train/lpips_weighted,11000.0,0.009757887572050095
train/lpips_weighted,11020.0,0.011629381217062473
train/lpips_weighted,11040.0,0.011834274046123028
train/lpips_weighted,11060.0,0.01107792928814888
train/lpips_weighted,11080.0,0.011139500886201859
train/lpips_weighted,11100.0,0.009819003753364086
train/lpips_weighted,11120.0,0.011586181819438934
train/lpips_weighted,11140.0,0.010997388511896133
train/lpips_weighted,11160.0,0.012504843063652515
train/lpips_weighted,11180.0,0.009050725027918816
train/lpips_weighted,11200.0,0.009184580296278
train/lpips_weighted,11220.0,0.012159723788499832
train/lpips_weighted,11240.0,0.011412041261792183
train/lpips_weighted,11260.0,0.011059974320232868
train/lpips_weighted,11280.0,0.010794810019433498
train/lpips_weighted,11300.0,0.01052524521946907
train/lpips_weighted,11320.0,0.008904756978154182
train/lpips_weighted,11340.0,0.011565404944121838
train/lpips_weighted,11360.0,0.011709731072187424
train/lpips_weighted,11380.0,0.012552052736282349
train/lpips_weighted,11400.0,0.011509225703775883
train/lpips_weighted,11420.0,0.008875943720340729
train/lpips_weighted,11440.0,0.00977325439453125
train/lpips_weighted,11460.0,0.009926339611411095
train/lpips_weighted,11480.0,0.010408800095319748
train/lpips_weighted,11500.0,0.012202136218547821
train/lpips_weighted,11520.0,0.010442615486681461
train/lpips_weighted,11540.0,0.01016778964549303
train/lpips_weighted,11560.0,0.011881823651492596
train/lpips_weighted,11580.0,0.009949459694325924
train/lpips_weighted,11600.0,0.010942285880446434
train/lpips_weighted,11620.0,0.011423935182392597
train/lpips_weighted,11640.0,0.009176460094749928
train/lpips_weighted,11660.0,0.011174011044204235
train/lpips_weighted,11680.0,0.010785773396492004
train/lpips_weighted,11700.0,0.010656548663973808
train/lpips_weighted,11720.0,0.010580763220787048
train/lpips_weighted,11740.0,0.01044665090739727
train/lpips_weighted,11760.0,0.010922543704509735
train/lpips_weighted,11780.0,0.0113086411729455
train/lpips_weighted,11800.0,0.010788523592054844
train/lpips_weighted,11820.0,0.010159451514482498
train/lpips_weighted,11840.0,0.010533777065575123
train/lpips_weighted,11860.0,0.010732634924352169
train/lpips_weighted,11880.0,0.011452559381723404
train/lpips_weighted,11900.0,0.009220902808010578
train/lpips_weighted,11920.0,0.01042222697287798
train/lpips_weighted,11940.0,0.010160100646317005
train/lpips_weighted,11960.0,0.012031875550746918
train/lpips_weighted,11980.0,0.010185332968831062
train/lpips_weighted,12000.0,0.011267932131886482
train/lpips_weighted,12020.0,0.010243103839457035
train/lpips_weighted,12040.0,0.00997854769229889
train/lpips_weighted,12060.0,0.010615983046591282
train/lpips_weighted,12080.0,0.010096795856952667
train/lpips_weighted,12100.0,0.009246593341231346
train/lpips_weighted,12120.0,0.011583187617361546
train/lpips_weighted,12140.0,0.00996500812470913
train/lpips_weighted,12160.0,0.009679450653493404
train/lpips_weighted,12180.0,0.010371549986302853
train/lpips_weighted,12200.0,0.011632182635366917
train/lpips_weighted,12220.0,0.011976292356848717
train/lpips_weighted,12240.0,0.010582352057099342
train/lpips_weighted,12260.0,0.011079568415880203
train/lpips_weighted,12280.0,0.010141156613826752
train/lpips_weighted,12300.0,0.009877081960439682
train/lpips_weighted,12320.0,0.01086097490042448
train/lpips_weighted,12340.0,0.011722296476364136
train/lpips_weighted,12360.0,0.009995432570576668
train/lpips_weighted,12380.0,0.010698989033699036
train/lpips_weighted,12400.0,0.008468424901366234
train/lpips_weighted,12420.0,0.010728320106863976
train/lpips_weighted,12440.0,0.011094626039266586
train/lpips_weighted,12460.0,0.011455146595835686
train/lpips_weighted,12480.0,0.010617699474096298
train/lpips_weighted,12500.0,0.012082872912287712
train/lpips_weighted,12520.0,0.011329821310937405
train/lpips_weighted,12540.0,0.009440446272492409
train/lpips_weighted,12560.0,0.010021321475505829
train/lpips_weighted,12580.0,0.010032868944108486
train/lpips_weighted,12600.0,0.008972225710749626
train/lpips_weighted,12620.0,0.00933406688272953
train/lpips_weighted,12640.0,0.008195885457098484
train/lpips_weighted,12660.0,0.009682560339570045
train/lpips_weighted,12680.0,0.010058548301458359
train/lpips_weighted,12700.0,0.010811321437358856
train/lpips_weighted,12720.0,0.009968014433979988
train/lpips_weighted,12740.0,0.010071209631860256
train/lpips_weighted,12760.0,0.009033066220581532
train/lpips_weighted,12780.0,0.010901696048676968
train/lpips_weighted,12800.0,0.011167282238602638
train/lpips_weighted,12820.0,0.010425559245049953
train/lpips_weighted,12840.0,0.010767137631773949
train/lpips_weighted,12860.0,0.010454090312123299
train/lpips_weighted,12880.0,0.010684391483664513
train/lpips_weighted,12900.0,0.010011681355535984
train/lpips_weighted,12920.0,0.01092686876654625
train/lpips_weighted,12940.0,0.011659625917673111
train/lpips_weighted,12960.0,0.010565831325948238
train/lpips_weighted,12980.0,0.008976400829851627
train/lpips_weighted,13000.0,0.01008916087448597
train/lpips_weighted,13020.0,0.011379122734069824
train/lpips_weighted,13040.0,0.011185095645487309
train/lpips_weighted,13060.0,0.010494719259440899
train/lpips_weighted,13080.0,0.010377488099038601
train/lpips_weighted,13100.0,0.011494175530970097
train/lpips_weighted,13120.0,0.010534808039665222
train/lpips_weighted,13140.0,0.010842982679605484
train/lpips_weighted,13160.0,0.01119924709200859
train/lpips_weighted,13180.0,0.010089805349707603
train/lpips_weighted,13200.0,0.012431960552930832
train/lpips_weighted,13220.0,0.010181073099374771
train/lpips_weighted,13240.0,0.011867454275488853
train/lpips_weighted,13260.0,0.011176111176609993
train/lpips_weighted,13280.0,0.011950742453336716
train/lpips_weighted,13300.0,0.009522013366222382
train/lpips_weighted,13320.0,0.011276409961283207
train/lpips_weighted,13340.0,0.011186759918928146
train/lpips_weighted,13360.0,0.011187531985342503
train/lpips_weighted,13380.0,0.009829197078943253
train/lpips_weighted,13400.0,0.009700223803520203
train/lpips_weighted,13420.0,0.010777042247354984
train/lpips_weighted,13440.0,0.0097416453063488
train/lpips_weighted,13460.0,0.013005604967474937
train/lpips_weighted,13480.0,0.00998237356543541
train/lpips_weighted,13500.0,0.009652760811150074
train/lpips_weighted,13520.0,0.0099675003439188
train/lpips_weighted,13540.0,0.010181289166212082
train/lpips_weighted,13560.0,0.011306185275316238
train/lpips_weighted,13580.0,0.011524233967065811
train/lpips_weighted,13600.0,0.010014967061579227
train/lpips_weighted,13620.0,0.011893628165125847
train/lpips_weighted,13640.0,0.010456657037138939
train/lpips_weighted,13660.0,0.010669688694179058
train/lpips_weighted,13680.0,0.010080287232995033
train/lpips_weighted,13700.0,0.010016381740570068
train/lpips_weighted,13720.0,0.01083083264529705
train/lpips_weighted,13740.0,0.010919701308012009
train/lpips_weighted,13760.0,0.011843078769743443
train/lpips_weighted,13780.0,0.008936687372624874
train/lpips_weighted,13800.0,0.009845048189163208
train/lpips_weighted,13820.0,0.011375893838703632
train/lpips_weighted,13840.0,0.010018994100391865
train/lpips_weighted,13860.0,0.010468252003192902
train/lpips_weighted,13880.0,0.010330312885344028
train/lpips_weighted,13900.0,0.011400913819670677
train/lpips_weighted,13920.0,0.011589758098125458
train/lpips_weighted,13940.0,0.01153046078979969
train/lpips_weighted,13960.0,0.009227394126355648
train/lpips_weighted,13980.0,0.009642932564020157
train/lpips_weighted,14000.0,0.009655214846134186
train/lpips_weighted,14020.0,0.009499376639723778
train/lpips_weighted,14040.0,0.011081263422966003
train/lpips_weighted,14060.0,0.010715663433074951
train/lpips_weighted,14080.0,0.0102095827460289
train/lpips_weighted,14100.0,0.009289572015404701
train/lpips_weighted,14120.0,0.01149766892194748
train/lpips_weighted,14140.0,0.01016631256788969
train/lpips_weighted,14160.0,0.010214661248028278
train/lpips_weighted,14180.0,0.010386500507593155
train/lpips_weighted,14200.0,0.009395170956850052
train/lpips_weighted,14220.0,0.010132801719009876
train/lpips_weighted,14240.0,0.01127567607909441
train/lpips_weighted,14260.0,0.010269309394061565
train/lpips_weighted,14280.0,0.01227625273168087
train/lpips_weighted,14300.0,0.00955527275800705
train/lpips_weighted,14320.0,0.012219502590596676
train/lpips_weighted,14340.0,0.011240454390645027
train/lpips_weighted,14360.0,0.010565582662820816
train/lpips_weighted,14380.0,0.011115411296486855
train/lpips_weighted,14400.0,0.012400299310684204
train/lpips_weighted,14420.0,0.011008214205503464
train/lpips_weighted,14440.0,0.009829884395003319
train/lpips_weighted,14460.0,0.011021353304386139
train/lpips_weighted,14480.0,0.009998452849686146
train/lpips_weighted,14500.0,0.011017338372766972
train/lpips_weighted,14520.0,0.010634927079081535
train/lpips_weighted,14540.0,0.010508164763450623
train/lpips_weighted,14560.0,0.01098763756453991
train/lpips_weighted,14580.0,0.0103419478982687
train/lpips_weighted,14600.0,0.010162116959691048
train/lpips_weighted,14620.0,0.011416299268603325
train/lpips_weighted,14640.0,0.010537412017583847
train/lpips_weighted,14660.0,0.011465223506093025
train/lpips_weighted,14680.0,0.00997377373278141
train/lpips_weighted,14700.0,0.010476082563400269
train/lpips_weighted,14720.0,0.011089486069977283
train/lpips_weighted,14740.0,0.010498976334929466
train/lpips_weighted,14760.0,0.009830930270254612
train/lpips_weighted,14780.0,0.010164360515773296
train/lpips_weighted,14800.0,0.010534380562603474
train/lpips_weighted,14820.0,0.009711678139865398
train/lpips_weighted,14840.0,0.009322283789515495
train/lpips_weighted,14860.0,0.011211197823286057
train/lpips_weighted,14880.0,0.012041892856359482
train/lpips_weighted,14900.0,0.010294397361576557
train/lpips_weighted,14920.0,0.011370391584932804
train/lpips_weighted,14940.0,0.009474346414208412
train/lpips_weighted,14960.0,0.011257345788180828
train/lpips_weighted,14980.0,0.010680388659238815
train/lpips_weighted,15000.0,0.010757669806480408
train/lpips_weighted,15020.0,0.009037163108587265
train/lpips_weighted,15040.0,0.010820645838975906
train/lpips_weighted,15060.0,0.010153288021683693
train/lpips_weighted,15080.0,0.010653907433152199
train/lpips_weighted,15100.0,0.011686754412949085
train/lpips_weighted,15120.0,0.009246321395039558
train/lpips_weighted,15140.0,0.00930122472345829
train/lpips_weighted,15160.0,0.009820154868066311
train/lpips_weighted,15180.0,0.011152083985507488
train/lpips_weighted,15200.0,0.010883117094635963
train/lpips_weighted,15220.0,0.011063143610954285
train/lpips_weighted,15240.0,0.010150515474379063
train/lpips_weighted,15260.0,0.011241800151765347
train/lpips_weighted,15280.0,0.010741772130131721
train/lpips_weighted,15300.0,0.011375480331480503
train/lpips_weighted,15320.0,0.009284227155148983
train/lpips_weighted,15340.0,0.010414106771349907
train/lpips_weighted,15360.0,0.010477641597390175
train/lpips_weighted,15380.0,0.01052701286971569
train/lpips_weighted,15400.0,0.009103264659643173
train/lpips_weighted,15420.0,0.00977277010679245
train/lpips_weighted,15440.0,0.011030829511582851
train/lpips_weighted,15460.0,0.010613859631121159
train/lpips_weighted,15480.0,0.010428840294480324
train/lpips_weighted,15500.0,0.009699107147753239
train/lpips_weighted,15520.0,0.011369727551937103
train/lpips_weighted,15540.0,0.01056784950196743
train/lpips_weighted,15560.0,0.010941226035356522
train/lpips_weighted,15580.0,0.011789858341217041
train/lpips_weighted,15600.0,0.00897036213427782
train/lpips_weighted,15620.0,0.010258011519908905
train/lpips_weighted,15640.0,0.011331867426633835
train/lpips_weighted,15660.0,0.009663672186434269
train/lpips_weighted,15680.0,0.009984378702938557
train/lpips_weighted,15700.0,0.010716201737523079
train/lpips_weighted,15720.0,0.01027187891304493
train/lpips_weighted,15740.0,0.008443952538073063
train/lpips_weighted,15760.0,0.011162612587213516
train/lpips_weighted,15780.0,0.00975856278091669
train/lpips_weighted,15800.0,0.010242132470011711
train/lpips_weighted,15820.0,0.011559228412806988
train/lpips_weighted,15840.0,0.010297028347849846
train/lpips_weighted,15860.0,0.009937254711985588
train/lpips_weighted,15880.0,0.010213164612650871
train/lpips_weighted,15900.0,0.01091600302606821
train/lpips_weighted,15920.0,0.012061089277267456
train/lpips_weighted,15940.0,0.01006762869656086
train/lpips_weighted,15960.0,0.00963849201798439
train/lpips_weighted,15980.0,0.011221111752092838
train/lpips_weighted,16000.0,0.009078364819288254
train/lpips_weighted,16020.0,0.010944289155304432
train/lpips_weighted,16040.0,0.009531686082482338
train/lpips_weighted,16060.0,0.010163955390453339
train/lpips_weighted,16080.0,0.009947252459824085
train/lpips_weighted,16100.0,0.011671201325953007
train/lpips_weighted,16120.0,0.010494399815797806
train/lpips_weighted,16140.0,0.010286161676049232
train/lpips_weighted,16160.0,0.011846677400171757
train/lpips_weighted,16180.0,0.010209836065769196
train/lpips_weighted,16200.0,0.011684171855449677
train/lpips_weighted,16220.0,0.009971377439796925
train/lpips_weighted,16240.0,0.00890614278614521
train/lpips_weighted,16260.0,0.01005063857883215
train/lpips_weighted,16280.0,0.011419776827096939
train/lpips_weighted,16300.0,0.010564111173152924
train/lpips_weighted,16320.0,0.010895662009716034
train/lpips_weighted,16340.0,0.011290849186480045
train/lpips_weighted,16360.0,0.009052584879100323
train/lpips_weighted,16380.0,0.01116311177611351
train/lpips_weighted,16400.0,0.01076746080070734
train/lpips_weighted,16420.0,0.010995580814778805
train/lpips_weighted,16440.0,0.009862618520855904
train/lpips_weighted,16460.0,0.012165655381977558
train/lpips_weighted,16480.0,0.009664857760071754
train/lpips_weighted,16500.0,0.01118533406406641
train/lpips_weighted,16520.0,0.010156255215406418
train/lpips_weighted,16540.0,0.01123088039457798
train/lpips_weighted,16560.0,0.01002432219684124
train/lpips_weighted,16580.0,0.010534139350056648
train/lpips_weighted,16600.0,0.01175018958747387
train/lpips_weighted,16620.0,0.011353409849107265
train/lpips_weighted,16640.0,0.009833781979978085
train/lpips_weighted,16660.0,0.011329544708132744
train/lpips_weighted,16680.0,0.009738575667142868
train/lpips_weighted,16700.0,0.0099529679864645
train/lpips_weighted,16720.0,0.01045711524784565
train/lpips_weighted,16740.0,0.010886602103710175
train/lpips_weighted,16760.0,0.011176636442542076
train/lpips_weighted,16780.0,0.010900131426751614
train/lpips_weighted,16800.0,0.010359910316765308
train/lpips_weighted,16820.0,0.00979030504822731
train/lpips_weighted,16840.0,0.011332869529724121
train/lpips_weighted,16860.0,0.01102034468203783
train/lpips_weighted,16880.0,0.012234888970851898
train/lpips_weighted,16900.0,0.010523115284740925
train/lpips_weighted,16920.0,0.00962570495903492
train/lpips_weighted,16940.0,0.011090921238064766
train/lpips_weighted,16960.0,0.012096495367586613
train/lpips_weighted,16980.0,0.011025477200746536
train/lpips_weighted,17000.0,0.00945817120373249
train/lpips_weighted,17020.0,0.011360357515513897
train/lpips_weighted,17040.0,0.009850244037806988
train/lpips_weighted,17060.0,0.010200799442827702
train/lpips_weighted,17080.0,0.008413084782660007
train/lpips_weighted,17100.0,0.011640926823019981
train/lpips_weighted,17120.0,0.011258534155786037
train/lpips_weighted,17140.0,0.01157887652516365
train/lpips_weighted,17160.0,0.011010510846972466
train/lpips_weighted,17180.0,0.00969687383621931
train/lpips_weighted,17200.0,0.010685240849852562
train/lpips_weighted,17220.0,0.010264324024319649
train/lpips_weighted,17240.0,0.010496445000171661
train/lpips_weighted,17260.0,0.012068292126059532
train/lpips_weighted,17280.0,0.009226393885910511
train/lpips_weighted,17300.0,0.010710418224334717
train/lpips_weighted,17320.0,0.008895765990018845
train/lpips_weighted,17340.0,0.009397711604833603
train/lpips_weighted,17360.0,0.010790469124913216
train/lpips_weighted,17380.0,0.010493671521544456
train/lpips_weighted,17400.0,0.010103297419846058
train/lpips_weighted,17420.0,0.010441651567816734
train/lpips_weighted,17440.0,0.010530322790145874
train/lpips_weighted,17460.0,0.009733052924275398
train/lpips_weighted,17480.0,0.010524088516831398
train/lpips_weighted,17500.0,0.010675902478396893
train/lpips_weighted,17520.0,0.01141545083373785
train/lpips_weighted,17540.0,0.00945531390607357
train/lpips_weighted,17560.0,0.012164965271949768
train/lpips_weighted,17580.0,0.009971261955797672
train/lpips_weighted,17600.0,0.011611015535891056
train/lpips_weighted,17620.0,0.011417239904403687
train/lpips_weighted,17640.0,0.01036760862916708
train/lpips_weighted,17660.0,0.012585991062223911
train/lpips_weighted,17680.0,0.011709917336702347
train/lpips_weighted,17700.0,0.010877517983317375
train/lpips_weighted,17720.0,0.009973717853426933
train/lpips_weighted,17740.0,0.010880284942686558
train/lpips_weighted,17760.0,0.010282942093908787
train/lpips_weighted,17780.0,0.01105150580406189
train/lpips_weighted,17800.0,0.00965405348688364
train/lpips_weighted,17820.0,0.010559109039604664
train/lpips_weighted,17840.0,0.010706793516874313
train/lpips_weighted,17860.0,0.01075591892004013
train/lpips_weighted,17880.0,0.011569630354642868
train/lpips_weighted,17900.0,0.010171343572437763
train/lpips_weighted,17920.0,0.012167193926870823
train/lpips_weighted,17940.0,0.010899558663368225
train/lpips_weighted,17960.0,0.010237807407975197
train/lpips_weighted,17980.0,0.01124371588230133
train/lpips_weighted,18000.0,0.010745840147137642
train/lpips_weighted,18020.0,0.010493151843547821
train/lpips_weighted,18040.0,0.011481815949082375
train/lpips_weighted,18060.0,0.009493527933955193
train/lpips_weighted,18080.0,0.011274458840489388
train/lpips_weighted,18100.0,0.009777648374438286
train/lpips_weighted,18120.0,0.009964718483388424
train/lpips_weighted,18140.0,0.010964678600430489
train/lpips_weighted,18160.0,0.010390199720859528
train/lpips_weighted,18180.0,0.012018397450447083
train/lpips_weighted,18200.0,0.01059828419238329
train/lpips_weighted,18220.0,0.011679189279675484
train/lpips_weighted,18240.0,0.011968860402703285
train/lpips_weighted,18260.0,0.008998557925224304
train/lpips_weighted,18280.0,0.010732380673289299
train/lpips_weighted,18300.0,0.01033751480281353
train/lpips_weighted,18320.0,0.009784157387912273
train/lpips_weighted,18340.0,0.011222435161471367
train/lpips_weighted,18360.0,0.010674434714019299
train/lpips_weighted,18380.0,0.009767676703631878
train/lpips_weighted,18400.0,0.011642340570688248
train/lpips_weighted,18420.0,0.009027885273098946
train/lpips_weighted,18440.0,0.01114970725029707
train/lpips_weighted,18460.0,0.011788729578256607
train/lpips_weighted,18480.0,0.010559450834989548
train/lpips_weighted,18500.0,0.011236853897571564
train/lpips_weighted,18520.0,0.010422219522297382
train/lpips_weighted,18540.0,0.010589368641376495
train/lpips_weighted,18560.0,0.009973200038075447
train/lpips_weighted,18580.0,0.009410165250301361
train/lpips_weighted,18600.0,0.00978907011449337
train/lpips_weighted,18620.0,0.0103754922747612
train/lpips_weighted,18640.0,0.011503467336297035
train/lpips_weighted,18660.0,0.011155527085065842
train/lpips_weighted,18680.0,0.009314053691923618
train/lpips_weighted,18700.0,0.011177174746990204
train/lpips_weighted,18720.0,0.009416167624294758
train/lpips_weighted,18740.0,0.009985941462218761
train/lpips_weighted,18760.0,0.010581343434751034
train/lpips_weighted,18780.0,0.009325291030108929
train/lpips_weighted,18800.0,0.00923741701990366
train/lpips_weighted,18820.0,0.011145908385515213
train/lpips_weighted,18840.0,0.010804945603013039
train/lpips_weighted,18860.0,0.010481638833880424
train/lpips_weighted,18880.0,0.01014198362827301
train/lpips_weighted,18900.0,0.011147411540150642
train/lpips_weighted,18920.0,0.010938521474599838
train/lpips_weighted,18940.0,0.010930214077234268
train/lpips_weighted,18960.0,0.01119341142475605
train/lpips_weighted,18980.0,0.01136853639036417
train/lpips_weighted,19000.0,0.009728260338306427
train/lpips_weighted,19020.0,0.011897101067006588
train/lpips_weighted,19040.0,0.010445162653923035
train/lpips_weighted,19060.0,0.011328351683914661
train/lpips_weighted,19080.0,0.009994875639677048
train/lpips_weighted,19100.0,0.011954853311181068
train/lpips_weighted,19120.0,0.010998023673892021
train/lpips_weighted,19140.0,0.01096116192638874
train/lpips_weighted,19160.0,0.008811751380562782
train/lpips_weighted,19180.0,0.01162986271083355
train/lpips_weighted,19200.0,0.009756693616509438
train/lpips_weighted,19220.0,0.00846034474670887
train/lpips_weighted,19240.0,0.009991468861699104
train/lpips_weighted,19260.0,0.010413387790322304
train/lpips_weighted,19280.0,0.01114732027053833
train/lpips_weighted,19300.0,0.010634452104568481
train/lpips_weighted,19320.0,0.010504111647605896
train/lpips_weighted,19340.0,0.00978974811732769
train/lpips_weighted,19360.0,0.009498960338532925
train/lpips_weighted,19380.0,0.011117478832602501
train/lpips_weighted,19400.0,0.011462358757853508
train/lpips_weighted,19420.0,0.012045837938785553
train/lpips_weighted,19440.0,0.010912228375673294
train/lpips_weighted,19460.0,0.01010245829820633
train/lpips_weighted,19480.0,0.011536852456629276
train/lpips_weighted,19500.0,0.010503513738512993
train/lpips_weighted,19520.0,0.010378350503742695
train/lpips_weighted,19540.0,0.009534193202853203
train/lpips_weighted,19560.0,0.010309124365448952
train/lpips_weighted,19580.0,0.011011810973286629
train/lpips_weighted,19600.0,0.009982619434595108
train/lpips_weighted,19620.0,0.010138159617781639
train/lpips_weighted,19640.0,0.010598909109830856
train/lpips_weighted,19660.0,0.010969738475978374
train/lpips_weighted,19680.0,0.008979006670415401
train/lpips_weighted,19700.0,0.01024851854890585
train/lpips_weighted,19720.0,0.011341016739606857
train/lpips_weighted,19740.0,0.011079439893364906
train/lpips_weighted,19760.0,0.009615570306777954
train/lpips_weighted,19780.0,0.01036870013922453
train/lpips_weighted,19800.0,0.011240251362323761
train/lpips_weighted,19820.0,0.010065808892250061
train/lpips_weighted,19840.0,0.01044553704559803
train/lpips_weighted,19860.0,0.010527531616389751
train/lpips_weighted,19880.0,0.01065116561949253
train/lpips_weighted,19900.0,0.010880007408559322
train/lpips_weighted,19920.0,0.010911972261965275
train/lpips_weighted,19940.0,0.01056469976902008
train/lpips_weighted,19960.0,0.008830680511891842
train/lpips_weighted,19980.0,0.009933780878782272
train/lpips_weighted,20000.0,0.010385566391050816
train/reconstruction,1.0,0.06522905081510544
train/reconstruction,20.0,0.05109872296452522
train/reconstruction,40.0,0.05154227465391159
train/reconstruction,60.0,0.04893995821475983
train/reconstruction,80.0,0.04746869206428528
train/reconstruction,100.0,0.04849455505609512
train/reconstruction,120.0,0.04914942383766174
train/reconstruction,140.0,0.04832912236452103
train/reconstruction,160.0,0.046428557485342026
train/reconstruction,180.0,0.05906752496957779
train/reconstruction,200.0,0.05416959524154663
train/reconstruction,220.0,0.05350438505411148
train/reconstruction,240.0,0.050943948328495026
train/reconstruction,260.0,0.04846404492855072
train/reconstruction,280.0,0.04912029206752777
train/reconstruction,300.0,0.05408639460802078
train/reconstruction,320.0,0.05295291915535927
train/reconstruction,340.0,0.043661393225193024
train/reconstruction,360.0,0.04738830029964447
train/reconstruction,380.0,0.04730214551091194
train/reconstruction,400.0,0.0495024174451828
train/reconstruction,420.0,0.05030960217118263
train/reconstruction,440.0,0.04763190820813179
train/reconstruction,460.0,0.05104630067944527
train/reconstruction,480.0,0.0468125082552433
train/reconstruction,500.0,0.04645569622516632
train/reconstruction,520.0,0.05485742539167404
train/reconstruction,540.0,0.05030330270528793
train/reconstruction,560.0,0.04662720113992691
train/reconstruction,580.0,0.05205873027443886
train/reconstruction,600.0,0.05993794649839401
train/reconstruction,620.0,0.04342413693666458
train/reconstruction,640.0,0.04838237911462784
train/reconstruction,660.0,0.0512811541557312
train/reconstruction,680.0,0.04782925918698311
train/reconstruction,700.0,0.05784699320793152
train/reconstruction,720.0,0.05011081323027611
train/reconstruction,740.0,0.04787687957286835
train/reconstruction,760.0,0.05348201096057892
train/reconstruction,780.0,0.043007854372262955
train/reconstruction,800.0,0.04531789943575859
train/reconstruction,820.0,0.05019214749336243
train/reconstruction,840.0,0.06266440451145172
train/reconstruction,860.0,0.04738950356841087
train/reconstruction,880.0,0.0549466572701931
train/reconstruction,900.0,0.05508090555667877
train/reconstruction,920.0,0.05735640600323677
train/reconstruction,940.0,0.05219516158103943
train/reconstruction,960.0,0.046862877905368805
train/reconstruction,980.0,0.049224987626075745
train/reconstruction,1000.0,0.048186782747507095
train/reconstruction,1020.0,0.056824102997779846
train/reconstruction,1040.0,0.046340931206941605
train/reconstruction,1060.0,0.0556529276072979
train/reconstruction,1080.0,0.048675164580345154
train/reconstruction,1100.0,0.062088869512081146
train/reconstruction,1120.0,0.051514942198991776
train/reconstruction,1140.0,0.0514955036342144
train/reconstruction,1160.0,0.048011455684900284
train/reconstruction,1180.0,0.0529751181602478
train/reconstruction,1200.0,0.04476933926343918
train/reconstruction,1220.0,0.056147877126932144
train/reconstruction,1240.0,0.05542188510298729
train/reconstruction,1260.0,0.0560467354953289
train/reconstruction,1280.0,0.055495306849479675
train/reconstruction,1300.0,0.04494123533368111
train/reconstruction,1320.0,0.0472802110016346
train/reconstruction,1340.0,0.05026010423898697
train/reconstruction,1360.0,0.05256902426481247
train/reconstruction,1380.0,0.05004122853279114
train/reconstruction,1400.0,0.049099281430244446
train/reconstruction,1420.0,0.04413493722677231
train/reconstruction,1440.0,0.050551630556583405
train/reconstruction,1460.0,0.06062702462077141
train/reconstruction,1480.0,0.04385349899530411
train/reconstruction,1500.0,0.051250480115413666
train/reconstruction,1520.0,0.053290605545043945
train/reconstruction,1540.0,0.04595201462507248
train/reconstruction,1560.0,0.05344519764184952
train/reconstruction,1580.0,0.05791501700878143
train/reconstruction,1600.0,0.05184867978096008
train/reconstruction,1620.0,0.04719763994216919
train/reconstruction,1640.0,0.05003851652145386
train/reconstruction,1660.0,0.05550011992454529
train/reconstruction,1680.0,0.04743588715791702
train/reconstruction,1700.0,0.050361067056655884
train/reconstruction,1720.0,0.045519765466451645
train/reconstruction,1740.0,0.06636763364076614
train/reconstruction,1760.0,0.05232332646846771
train/reconstruction,1780.0,0.051469314843416214
train/reconstruction,1800.0,0.05403399094939232
train/reconstruction,1820.0,0.053397130221128464
train/reconstruction,1840.0,0.0532277449965477
train/reconstruction,1860.0,0.048747796565294266
train/reconstruction,1880.0,0.04980599135160446
train/reconstruction,1900.0,0.05829416960477829
train/reconstruction,1920.0,0.04855228215456009
train/reconstruction,1940.0,0.04212401807308197
train/reconstruction,1960.0,0.046112850308418274
train/reconstruction,1980.0,0.05342278257012367
train/reconstruction,2000.0,0.04391125589609146
train/reconstruction,2020.0,0.04879599064588547
train/reconstruction,2040.0,0.04946605861186981
train/reconstruction,2060.0,0.05581899732351303
train/reconstruction,2080.0,0.0590444952249527
train/reconstruction,2100.0,0.039822448045015335
train/reconstruction,2120.0,0.05257449299097061
train/reconstruction,2140.0,0.04440178722143173
train/reconstruction,2160.0,0.054101407527923584
train/reconstruction,2180.0,0.04823065921664238
train/reconstruction,2200.0,0.046140506863594055
train/reconstruction,2220.0,0.0536084845662117
train/reconstruction,2240.0,0.05896347761154175
train/reconstruction,2260.0,0.05390812084078789
train/reconstruction,2280.0,0.04527674615383148
train/reconstruction,2300.0,0.05094024911522865
train/reconstruction,2320.0,0.045671962201595306
train/reconstruction,2340.0,0.05290384218096733
train/reconstruction,2360.0,0.052934370934963226
train/reconstruction,2380.0,0.05096907168626785
train/reconstruction,2400.0,0.053996190428733826
train/reconstruction,2420.0,0.05726766586303711
train/reconstruction,2440.0,0.04920250177383423
train/reconstruction,2460.0,0.04985078424215317
train/reconstruction,2480.0,0.05393249914050102
train/reconstruction,2500.0,0.05422435700893402
train/reconstruction,2520.0,0.05332326889038086
train/reconstruction,2540.0,0.051600247621536255
train/reconstruction,2560.0,0.04725513979792595
train/reconstruction,2580.0,0.05235544964671135
train/reconstruction,2600.0,0.05474156141281128
train/reconstruction,2620.0,0.04865015298128128
train/reconstruction,2640.0,0.046295493841171265
train/reconstruction,2660.0,0.0536380410194397
train/reconstruction,2680.0,0.05443360283970833
train/reconstruction,2700.0,0.04686397686600685
train/reconstruction,2720.0,0.051159925758838654
train/reconstruction,2740.0,0.05358652397990227
train/reconstruction,2760.0,0.05373181030154228
train/reconstruction,2780.0,0.05518435686826706
train/reconstruction,2800.0,0.03963937237858772
train/reconstruction,2820.0,0.05729522183537483
train/reconstruction,2840.0,0.05227374657988548
train/reconstruction,2860.0,0.04893633350729942
train/reconstruction,2880.0,0.055539797991514206
train/reconstruction,2900.0,0.05500464141368866
train/reconstruction,2920.0,0.05521868169307709
train/reconstruction,2940.0,0.04696783423423767
train/reconstruction,2960.0,0.04907994717359543
train/reconstruction,2980.0,0.05012715607881546
train/reconstruction,3000.0,0.045626573264598846
train/reconstruction,3020.0,0.04362121969461441
train/reconstruction,3040.0,0.048963386565446854
train/reconstruction,3060.0,0.04658184200525284
train/reconstruction,3080.0,0.05297405645251274
train/reconstruction,3100.0,0.05846789851784706
train/reconstruction,3120.0,0.05307726934552193
train/reconstruction,3140.0,0.04562962427735329
train/reconstruction,3160.0,0.05203641951084137
train/reconstruction,3180.0,0.05423138663172722
train/reconstruction,3200.0,0.045665498822927475
train/reconstruction,3220.0,0.05154642462730408
train/reconstruction,3240.0,0.05163445323705673
train/reconstruction,3260.0,0.05689917877316475
train/reconstruction,3280.0,0.04732027277350426
train/reconstruction,3300.0,0.04513467103242874
train/reconstruction,3320.0,0.053950995206832886
train/reconstruction,3340.0,0.04733164235949516
train/reconstruction,3360.0,0.04921310022473335
train/reconstruction,3380.0,0.04740665853023529
train/reconstruction,3400.0,0.04821223020553589
train/reconstruction,3420.0,0.04913532733917236
train/reconstruction,3440.0,0.04581645876169205
train/reconstruction,3460.0,0.05045844614505768
train/reconstruction,3480.0,0.05062301456928253
train/reconstruction,3500.0,0.06237811595201492
train/reconstruction,3520.0,0.05590905621647835
train/reconstruction,3540.0,0.0578392893075943
train/reconstruction,3560.0,0.047005847096443176
train/reconstruction,3580.0,0.053187984973192215
train/reconstruction,3600.0,0.06060473620891571
train/reconstruction,3620.0,0.05262274295091629
train/reconstruction,3640.0,0.049971677362918854
train/reconstruction,3660.0,0.048884015530347824
train/reconstruction,3680.0,0.0527796745300293
train/reconstruction,3700.0,0.04877914488315582
train/reconstruction,3720.0,0.048874229192733765
train/reconstruction,3740.0,0.050883010029792786
train/reconstruction,3760.0,0.044541168957948685
train/reconstruction,3780.0,0.04851913824677467
train/reconstruction,3800.0,0.054546475410461426
train/reconstruction,3820.0,0.05250748246908188
train/reconstruction,3840.0,0.04837016016244888
train/reconstruction,3860.0,0.05259350314736366
train/reconstruction,3880.0,0.05504443868994713
train/reconstruction,3900.0,0.04296978563070297
train/reconstruction,3920.0,0.055461641401052475
train/reconstruction,3940.0,0.049262821674346924
train/reconstruction,3960.0,0.04992660880088806
train/reconstruction,3980.0,0.04527021571993828
train/reconstruction,4000.0,0.05204271152615547
train/reconstruction,4020.0,0.05357866734266281
train/reconstruction,4040.0,0.053268253803253174
train/reconstruction,4060.0,0.054080866277217865
train/reconstruction,4080.0,0.04961572587490082
train/reconstruction,4100.0,0.05023134872317314
train/reconstruction,4120.0,0.05230249464511871
train/reconstruction,4140.0,0.053650252521038055
train/reconstruction,4160.0,0.054751619696617126
train/reconstruction,4180.0,0.05211242288351059
train/reconstruction,4200.0,0.04987325891852379
train/reconstruction,4220.0,0.051257871091365814
train/reconstruction,4240.0,0.046833135187625885
train/reconstruction,4260.0,0.049127887934446335
train/reconstruction,4280.0,0.05114269629120827
train/reconstruction,4300.0,0.04420865327119827
train/reconstruction,4320.0,0.05423405393958092
train/reconstruction,4340.0,0.054285451769828796
train/reconstruction,4360.0,0.04734674096107483
train/reconstruction,4380.0,0.05608810856938362
train/reconstruction,4400.0,0.05227584391832352
train/reconstruction,4420.0,0.04713039845228195
train/reconstruction,4440.0,0.04727691411972046
train/reconstruction,4460.0,0.0466206818819046
train/reconstruction,4480.0,0.04324515163898468
train/reconstruction,4500.0,0.05018927901983261
train/reconstruction,4520.0,0.04745843634009361
train/reconstruction,4540.0,0.05245485156774521
train/reconstruction,4560.0,0.051093440502882004
train/reconstruction,4580.0,0.05132070928812027
train/reconstruction,4600.0,0.05026838183403015
train/reconstruction,4620.0,0.048943519592285156
train/reconstruction,4640.0,0.05196079984307289
train/reconstruction,4660.0,0.050616972148418427
train/reconstruction,4680.0,0.046601880341768265
train/reconstruction,4700.0,0.052376821637153625
train/reconstruction,4720.0,0.049500543624162674
train/reconstruction,4740.0,0.05147276818752289
train/reconstruction,4760.0,0.048262037336826324
train/reconstruction,4780.0,0.04684828966856003
train/reconstruction,4800.0,0.04622252285480499
train/reconstruction,4820.0,0.04841810092329979
train/reconstruction,4840.0,0.043490298092365265
train/reconstruction,4860.0,0.051153384149074554
train/reconstruction,4880.0,0.047587521374225616
train/reconstruction,4900.0,0.04985492303967476
train/reconstruction,4920.0,0.047652117908000946
train/reconstruction,4940.0,0.04567175358533859
train/reconstruction,4960.0,0.048766642808914185
train/reconstruction,4980.0,0.049417849630117416
train/reconstruction,5000.0,0.0479341484606266
train/reconstruction,5020.0,0.05031003803014755
train/reconstruction,5040.0,0.05275239422917366
train/reconstruction,5060.0,0.05068583786487579
train/reconstruction,5080.0,0.04803998023271561
train/reconstruction,5100.0,0.05068854242563248
train/reconstruction,5120.0,0.045385777950286865
train/reconstruction,5140.0,0.051290079951286316
train/reconstruction,5160.0,0.05204000324010849
train/reconstruction,5180.0,0.046612467616796494
train/reconstruction,5200.0,0.056897152215242386
train/reconstruction,5220.0,0.0427839532494545
train/reconstruction,5240.0,0.04957936704158783
train/reconstruction,5260.0,0.057240769267082214
train/reconstruction,5280.0,0.045312173664569855
train/reconstruction,5300.0,0.04249083995819092
train/reconstruction,5320.0,0.0475601963698864
train/reconstruction,5340.0,0.05063500255346298
train/reconstruction,5360.0,0.054115962237119675
train/reconstruction,5380.0,0.056788500398397446
train/reconstruction,5400.0,0.051656659692525864
train/reconstruction,5420.0,0.05042324960231781
train/reconstruction,5440.0,0.04302699863910675
train/reconstruction,5460.0,0.05483291298151016
train/reconstruction,5480.0,0.04909350723028183
train/reconstruction,5500.0,0.04826241731643677
train/reconstruction,5520.0,0.04856905713677406
train/reconstruction,5540.0,0.04510889947414398
train/reconstruction,5560.0,0.05006237328052521
train/reconstruction,5580.0,0.0427711084485054
train/reconstruction,5600.0,0.05778505280613899
train/reconstruction,5620.0,0.05026102438569069
train/reconstruction,5640.0,0.04665025696158409
train/reconstruction,5660.0,0.04894547164440155
train/reconstruction,5680.0,0.054570335894823074
train/reconstruction,5700.0,0.05207380652427673
train/reconstruction,5720.0,0.04914587736129761
train/reconstruction,5740.0,0.047446079552173615
train/reconstruction,5760.0,0.05168601870536804
train/reconstruction,5780.0,0.05558119714260101
train/reconstruction,5800.0,0.05140172690153122
train/reconstruction,5820.0,0.054245758801698685
train/reconstruction,5840.0,0.044561222195625305
train/reconstruction,5860.0,0.04943468049168587
train/reconstruction,5880.0,0.053381796926259995
train/reconstruction,5900.0,0.04921437427401543
train/reconstruction,5920.0,0.05121639370918274
train/reconstruction,5940.0,0.05151377245783806
train/reconstruction,5960.0,0.04777608811855316
train/reconstruction,5980.0,0.04720462113618851
train/reconstruction,6000.0,0.05074698477983475
train/reconstruction,6020.0,0.05610652640461922
train/reconstruction,6040.0,0.05769740790128708
train/reconstruction,6060.0,0.052082691341638565
train/reconstruction,6080.0,0.05730438232421875
train/reconstruction,6100.0,0.04567226022481918
train/reconstruction,6120.0,0.050634171813726425
train/reconstruction,6140.0,0.05476737767457962
train/reconstruction,6160.0,0.0501665323972702
train/reconstruction,6180.0,0.04878297448158264
train/reconstruction,6200.0,0.04808521270751953
train/reconstruction,6220.0,0.05053626000881195
train/reconstruction,6240.0,0.047359924763441086
train/reconstruction,6260.0,0.046056874096393585
train/reconstruction,6280.0,0.048634227365255356
train/reconstruction,6300.0,0.058154214173555374
train/reconstruction,6320.0,0.049403682351112366
train/reconstruction,6340.0,0.051129050552845
train/reconstruction,6360.0,0.0456509068608284
train/reconstruction,6380.0,0.046371832489967346
train/reconstruction,6400.0,0.050863683223724365
train/reconstruction,6420.0,0.046561963856220245
train/reconstruction,6440.0,0.05122442543506622
train/reconstruction,6460.0,0.05059928819537163
train/reconstruction,6480.0,0.044301778078079224
train/reconstruction,6500.0,0.055264346301555634
train/reconstruction,6520.0,0.04482196271419525
train/reconstruction,6540.0,0.051479749381542206
train/reconstruction,6560.0,0.05686517059803009
train/reconstruction,6580.0,0.04292259365320206
train/reconstruction,6600.0,0.0480804517865181
train/reconstruction,6620.0,0.06954546272754669
train/reconstruction,6640.0,0.04940266162157059
train/reconstruction,6660.0,0.0532795712351799
train/reconstruction,6680.0,0.05397971719503403
train/reconstruction,6700.0,0.05409518629312515
train/reconstruction,6720.0,0.04916941002011299
train/reconstruction,6740.0,0.0482679158449173
train/reconstruction,6760.0,0.05452576279640198
train/reconstruction,6780.0,0.04423439875245094
train/reconstruction,6800.0,0.0510377511382103
train/reconstruction,6820.0,0.051770422607660294
train/reconstruction,6840.0,0.04851701855659485
train/reconstruction,6860.0,0.04997403174638748
train/reconstruction,6880.0,0.042774830013513565
train/reconstruction,6900.0,0.05020289868116379
train/reconstruction,6920.0,0.04274710267782211
train/reconstruction,6940.0,0.049112118780612946
train/reconstruction,6960.0,0.048534564673900604
train/reconstruction,6980.0,0.05713898316025734
train/reconstruction,7000.0,0.051230937242507935
train/reconstruction,7020.0,0.05018095672130585
train/reconstruction,7040.0,0.049618855118751526
train/reconstruction,7060.0,0.042394280433654785
train/reconstruction,7080.0,0.04547681659460068
train/reconstruction,7100.0,0.054908670485019684
train/reconstruction,7120.0,0.05346314236521721
train/reconstruction,7140.0,0.04486194625496864
train/reconstruction,7160.0,0.0495007298886776
train/reconstruction,7180.0,0.046953294426202774
train/reconstruction,7200.0,0.04732101038098335
train/reconstruction,7220.0,0.04369904100894928
train/reconstruction,7240.0,0.04377511888742447
train/reconstruction,7260.0,0.04302804544568062
train/reconstruction,7280.0,0.047304559499025345
train/reconstruction,7300.0,0.047794755548238754
train/reconstruction,7320.0,0.05375503748655319
train/reconstruction,7340.0,0.05813676491379738
train/reconstruction,7360.0,0.054006244987249374
train/reconstruction,7380.0,0.054199084639549255
train/reconstruction,7400.0,0.05441439896821976
train/reconstruction,7420.0,0.050288017839193344
train/reconstruction,7440.0,0.05416368693113327
train/reconstruction,7460.0,0.05549433454871178
train/reconstruction,7480.0,0.048773378133773804
train/reconstruction,7500.0,0.04948725551366806
train/reconstruction,7520.0,0.04954591393470764
train/reconstruction,7540.0,0.052148111164569855
train/reconstruction,7560.0,0.04632452875375748
train/reconstruction,7580.0,0.04825722426176071
train/reconstruction,7600.0,0.041524797677993774
train/reconstruction,7620.0,0.055535562336444855
train/reconstruction,7640.0,0.051077570766210556
train/reconstruction,7660.0,0.058643851429224014
train/reconstruction,7680.0,0.04952904209494591
train/reconstruction,7700.0,0.052527811378240585
train/reconstruction,7720.0,0.049981120973825455
train/reconstruction,7740.0,0.05380663648247719
train/reconstruction,7760.0,0.05161719396710396
train/reconstruction,7780.0,0.04954884946346283
train/reconstruction,7800.0,0.04917718842625618
train/reconstruction,7820.0,0.04378456994891167
train/reconstruction,7840.0,0.048537727445364
train/reconstruction,7860.0,0.05342875421047211
train/reconstruction,7880.0,0.050675168633461
train/reconstruction,7900.0,0.045344822108745575
train/reconstruction,7920.0,0.049342941492795944
train/reconstruction,7940.0,0.05208985507488251
train/reconstruction,7960.0,0.04954652860760689
train/reconstruction,7980.0,0.05260230228304863
train/reconstruction,8000.0,0.04837774485349655
train/reconstruction,8020.0,0.04934658110141754
train/reconstruction,8040.0,0.049493737518787384
train/reconstruction,8060.0,0.056723929941654205
train/reconstruction,8080.0,0.05195358395576477
train/reconstruction,8100.0,0.04849892482161522
train/reconstruction,8120.0,0.04788649082183838
train/reconstruction,8140.0,0.04478294402360916
train/reconstruction,8160.0,0.049162786453962326
train/reconstruction,8180.0,0.052192382514476776
train/reconstruction,8200.0,0.060629334300756454
train/reconstruction,8220.0,0.04194197803735733
train/reconstruction,8240.0,0.04521569982171059
train/reconstruction,8260.0,0.0460909828543663
train/reconstruction,8280.0,0.0506029948592186
train/reconstruction,8300.0,0.0546039417386055
train/reconstruction,8320.0,0.05364733189344406
train/reconstruction,8340.0,0.045061927288770676
train/reconstruction,8360.0,0.05155927315354347
train/reconstruction,8380.0,0.04763069748878479
train/reconstruction,8400.0,0.04609881713986397
train/reconstruction,8420.0,0.04634522646665573
train/reconstruction,8440.0,0.04976686090230942
train/reconstruction,8460.0,0.04711358994245529
train/reconstruction,8480.0,0.04667620733380318
train/reconstruction,8500.0,0.05241929739713669
train/reconstruction,8520.0,0.0484948493540287
train/reconstruction,8540.0,0.052380166947841644
train/reconstruction,8560.0,0.04843858256936073
train/reconstruction,8580.0,0.04672268033027649
train/reconstruction,8600.0,0.0499902069568634
train/reconstruction,8620.0,0.050613176077604294
train/reconstruction,8640.0,0.04757532477378845
train/reconstruction,8660.0,0.05013125017285347
train/reconstruction,8680.0,0.048715122044086456
train/reconstruction,8700.0,0.048629578202962875
train/reconstruction,8720.0,0.045151423662900925
train/reconstruction,8740.0,0.05358732491731644
train/reconstruction,8760.0,0.05027461424469948
train/reconstruction,8780.0,0.04573339968919754
train/reconstruction,8800.0,0.04898226261138916
train/reconstruction,8820.0,0.04820512980222702
train/reconstruction,8840.0,0.0457303561270237
train/reconstruction,8860.0,0.047767676413059235
train/reconstruction,8880.0,0.05298168584704399
train/reconstruction,8900.0,0.04930425062775612
train/reconstruction,8920.0,0.05200070142745972
train/reconstruction,8940.0,0.047437943518161774
train/reconstruction,8960.0,0.05022551119327545
train/reconstruction,8980.0,0.04976695030927658
train/reconstruction,9000.0,0.0507587268948555
train/reconstruction,9020.0,0.05496389418840408
train/reconstruction,9040.0,0.050901517271995544
train/reconstruction,9060.0,0.05140849947929382
train/reconstruction,9080.0,0.048681437969207764
train/reconstruction,9100.0,0.05227410048246384
train/reconstruction,9120.0,0.0520094558596611
train/reconstruction,9140.0,0.038466207683086395
train/reconstruction,9160.0,0.05748579278588295
train/reconstruction,9180.0,0.05178240314126015
train/reconstruction,9200.0,0.05126045644283295
train/reconstruction,9220.0,0.04479354992508888
train/reconstruction,9240.0,0.05174682289361954
train/reconstruction,9260.0,0.04616756737232208
train/reconstruction,9280.0,0.047921016812324524
train/reconstruction,9300.0,0.048688989132642746
train/reconstruction,9320.0,0.0471140518784523
train/reconstruction,9340.0,0.052098341286182404
train/reconstruction,9360.0,0.05074518918991089
train/reconstruction,9380.0,0.04704124480485916
train/reconstruction,9400.0,0.04473062977194786
train/reconstruction,9420.0,0.04777609929442406
train/reconstruction,9440.0,0.04476448521018028
train/reconstruction,9460.0,0.05311436206102371
train/reconstruction,9480.0,0.04621993750333786
train/reconstruction,9500.0,0.04804881289601326
train/reconstruction,9520.0,0.050280407071113586
train/reconstruction,9540.0,0.05754411220550537
train/reconstruction,9560.0,0.04596439003944397
train/reconstruction,9580.0,0.047204285860061646
train/reconstruction,9600.0,0.049770887941122055
train/reconstruction,9620.0,0.0484626330435276
train/reconstruction,9640.0,0.052080731838941574
train/reconstruction,9660.0,0.05122995376586914
train/reconstruction,9680.0,0.048536937683820724
train/reconstruction,9700.0,0.04925097897648811
train/reconstruction,9720.0,0.04977482557296753
train/reconstruction,9740.0,0.04912394657731056
train/reconstruction,9760.0,0.051161251962184906
train/reconstruction,9780.0,0.0463155135512352
train/reconstruction,9800.0,0.04685746133327484
train/reconstruction,9820.0,0.052363574504852295
train/reconstruction,9840.0,0.047505032271146774
train/reconstruction,9860.0,0.05047792196273804
train/reconstruction,9880.0,0.04965817928314209
train/reconstruction,9900.0,0.05176180601119995
train/reconstruction,9920.0,0.04177812486886978
train/reconstruction,9940.0,0.04474635422229767
train/reconstruction,9960.0,0.04850403964519501
train/reconstruction,9980.0,0.04931604862213135
train/reconstruction,10000.0,0.05060111731290817
train/reconstruction,10020.0,0.05267927795648575
train/reconstruction,10040.0,0.038902319967746735
train/reconstruction,10060.0,0.04584571346640587
train/reconstruction,10080.0,0.04706572741270065
train/reconstruction,10100.0,0.05058607831597328
train/reconstruction,10120.0,0.042777471244335175
train/reconstruction,10140.0,0.04860202595591545
train/reconstruction,10160.0,0.044479090720415115
train/reconstruction,10180.0,0.04983275756239891
train/reconstruction,10200.0,0.04949278384447098
train/reconstruction,10220.0,0.04593043401837349
train/reconstruction,10240.0,0.05022969841957092
train/reconstruction,10260.0,0.04851063713431358
train/reconstruction,10280.0,0.04436872899532318
train/reconstruction,10300.0,0.0506725050508976
train/reconstruction,10320.0,0.05428912863135338
train/reconstruction,10340.0,0.04633422940969467
train/reconstruction,10360.0,0.05080030858516693
train/reconstruction,10380.0,0.05293857678771019
train/reconstruction,10400.0,0.0529957190155983
train/reconstruction,10420.0,0.04362340644001961
train/reconstruction,10440.0,0.053803201764822006
train/reconstruction,10460.0,0.04933314397931099
train/reconstruction,10480.0,0.05050373822450638
train/reconstruction,10500.0,0.05761454254388809
train/reconstruction,10520.0,0.046422768384218216
train/reconstruction,10540.0,0.053014710545539856
train/reconstruction,10560.0,0.04646696522831917
train/reconstruction,10580.0,0.043911322951316833
train/reconstruction,10600.0,0.04850933700799942
train/reconstruction,10620.0,0.04712652042508125
train/reconstruction,10640.0,0.0527639240026474
train/reconstruction,10660.0,0.05340960621833801
train/reconstruction,10680.0,0.04653844237327576
train/reconstruction,10700.0,0.05432076007127762
train/reconstruction,10720.0,0.04835027828812599
train/reconstruction,10740.0,0.05026281252503395
train/reconstruction,10760.0,0.04820431023836136
train/reconstruction,10780.0,0.05336735397577286
train/reconstruction,10800.0,0.05166839435696602
train/reconstruction,10820.0,0.045201487839221954
train/reconstruction,10840.0,0.05196819826960564
train/reconstruction,10860.0,0.04328915476799011
train/reconstruction,10880.0,0.04562205448746681
train/reconstruction,10900.0,0.050112705677747726
train/reconstruction,10920.0,0.0532914362847805
train/reconstruction,10940.0,0.048948850482702255
train/reconstruction,10960.0,0.04975096136331558
train/reconstruction,10980.0,0.056009531021118164
train/reconstruction,11000.0,0.04741031304001808
train/reconstruction,11020.0,0.04741627722978592
train/reconstruction,11040.0,0.0571279302239418
train/reconstruction,11060.0,0.054591305553913116
train/reconstruction,11080.0,0.05545691400766373
train/reconstruction,11100.0,0.04461536556482315
train/reconstruction,11120.0,0.05020006000995636
train/reconstruction,11140.0,0.05079576000571251
train/reconstruction,11160.0,0.0542980432510376
train/reconstruction,11180.0,0.0418928861618042
train/reconstruction,11200.0,0.04307516664266586
train/reconstruction,11220.0,0.05305977910757065
train/reconstruction,11240.0,0.04798479750752449
train/reconstruction,11260.0,0.051891207695007324
train/reconstruction,11280.0,0.048938050866127014
train/reconstruction,11300.0,0.04762331396341324
train/reconstruction,11320.0,0.04352722316980362
train/reconstruction,11340.0,0.05067484825849533
train/reconstruction,11360.0,0.04985160008072853
train/reconstruction,11380.0,0.05496590584516525
train/reconstruction,11400.0,0.05101284384727478
train/reconstruction,11420.0,0.04534912109375
train/reconstruction,11440.0,0.04340874403715134
train/reconstruction,11460.0,0.04367557540535927
train/reconstruction,11480.0,0.04679441452026367
train/reconstruction,11500.0,0.05305097997188568
train/reconstruction,11520.0,0.05081496387720108
train/reconstruction,11540.0,0.04942705109715462
train/reconstruction,11560.0,0.055234238505363464
train/reconstruction,11580.0,0.05013196915388107
train/reconstruction,11600.0,0.049367934465408325
train/reconstruction,11620.0,0.0531630702316761
train/reconstruction,11640.0,0.04430437088012695
train/reconstruction,11660.0,0.050224244594573975
train/reconstruction,11680.0,0.05284051224589348
train/reconstruction,11700.0,0.044327814131975174
train/reconstruction,11720.0,0.05214311555027962
train/reconstruction,11740.0,0.05073621869087219
train/reconstruction,11760.0,0.05056045576930046
train/reconstruction,11780.0,0.048368409276008606
train/reconstruction,11800.0,0.04997951537370682
train/reconstruction,11820.0,0.04679130017757416
train/reconstruction,11840.0,0.04526578634977341
train/reconstruction,11860.0,0.04751903563737869
train/reconstruction,11880.0,0.04464161768555641
train/reconstruction,11900.0,0.04366350919008255
train/reconstruction,11920.0,0.047060996294021606
train/reconstruction,11940.0,0.042580652981996536
train/reconstruction,11960.0,0.054801031947135925
train/reconstruction,11980.0,0.05033620446920395
train/reconstruction,12000.0,0.05052848905324936
train/reconstruction,12020.0,0.04390636831521988
train/reconstruction,12040.0,0.0455205999314785
train/reconstruction,12060.0,0.04497169330716133
train/reconstruction,12080.0,0.04838142544031143
train/reconstruction,12100.0,0.04975642263889313
train/reconstruction,12120.0,0.050446271896362305
train/reconstruction,12140.0,0.053544268012046814
train/reconstruction,12160.0,0.04440726712346077
train/reconstruction,12180.0,0.0535949245095253
train/reconstruction,12200.0,0.05378752201795578
train/reconstruction,12220.0,0.05384105443954468
train/reconstruction,12240.0,0.04400983452796936
train/reconstruction,12260.0,0.05228801816701889
train/reconstruction,12280.0,0.04521690681576729
train/reconstruction,12300.0,0.04988446831703186
train/reconstruction,12320.0,0.04466858506202698
train/reconstruction,12340.0,0.05647725239396095
train/reconstruction,12360.0,0.04458204284310341
train/reconstruction,12380.0,0.048295408487319946
train/reconstruction,12400.0,0.04063737392425537
train/reconstruction,12420.0,0.04893385246396065
train/reconstruction,12440.0,0.05164707079529762
train/reconstruction,12460.0,0.05388098210096359
train/reconstruction,12480.0,0.0501713901758194
train/reconstruction,12500.0,0.055650681257247925
train/reconstruction,12520.0,0.05332072824239731
train/reconstruction,12540.0,0.05021097511053085
train/reconstruction,12560.0,0.04707244038581848
train/reconstruction,12580.0,0.04442358762025833
train/reconstruction,12600.0,0.040616925805807114
train/reconstruction,12620.0,0.04115583375096321
train/reconstruction,12640.0,0.04263583570718765
train/reconstruction,12660.0,0.0397203303873539
train/reconstruction,12680.0,0.047662027180194855
train/reconstruction,12700.0,0.04498060420155525
train/reconstruction,12720.0,0.046543437987565994
train/reconstruction,12740.0,0.04610748589038849
train/reconstruction,12760.0,0.04103441163897514
train/reconstruction,12780.0,0.048793725669384
train/reconstruction,12800.0,0.054882265627384186
train/reconstruction,12820.0,0.04780513048171997
train/reconstruction,12840.0,0.04747550189495087
train/reconstruction,12860.0,0.04231790825724602
train/reconstruction,12880.0,0.04776105657219887
train/reconstruction,12900.0,0.04340941831469536
train/reconstruction,12920.0,0.053461406379938126
train/reconstruction,12940.0,0.053742147982120514
train/reconstruction,12960.0,0.05203907936811447
train/reconstruction,12980.0,0.0377824567258358
train/reconstruction,13000.0,0.04412359371781349
train/reconstruction,13020.0,0.053059112280607224
train/reconstruction,13040.0,0.05058782547712326
train/reconstruction,13060.0,0.0495697446167469
train/reconstruction,13080.0,0.04668287932872772
train/reconstruction,13100.0,0.04924223944544792
train/reconstruction,13120.0,0.0507633313536644
train/reconstruction,13140.0,0.04794130474328995
train/reconstruction,13160.0,0.048793673515319824
train/reconstruction,13180.0,0.04556877911090851
train/reconstruction,13200.0,0.05693008750677109
train/reconstruction,13220.0,0.04441002383828163
train/reconstruction,13240.0,0.050234004855155945
train/reconstruction,13260.0,0.051470786333084106
train/reconstruction,13280.0,0.06758442521095276
train/reconstruction,13300.0,0.04244019836187363
train/reconstruction,13320.0,0.06334191560745239
train/reconstruction,13340.0,0.05000060796737671
train/reconstruction,13360.0,0.04837755486369133
train/reconstruction,13380.0,0.045406095683574677
train/reconstruction,13400.0,0.045149657875299454
train/reconstruction,13420.0,0.05114779248833656
train/reconstruction,13440.0,0.044811978936195374
train/reconstruction,13460.0,0.053354572504758835
train/reconstruction,13480.0,0.045528579503297806
train/reconstruction,13500.0,0.045874182134866714
train/reconstruction,13520.0,0.03599001094698906
train/reconstruction,13540.0,0.04701322689652443
train/reconstruction,13560.0,0.04602012410759926
train/reconstruction,13580.0,0.05412394553422928
train/reconstruction,13600.0,0.04891252517700195
train/reconstruction,13620.0,0.05286906287074089
train/reconstruction,13640.0,0.04989184811711311
train/reconstruction,13660.0,0.045773472636938095
train/reconstruction,13680.0,0.042210038751363754
train/reconstruction,13700.0,0.047547902911901474
train/reconstruction,13720.0,0.05249864608049393
train/reconstruction,13740.0,0.0474824458360672
train/reconstruction,13760.0,0.051481202244758606
train/reconstruction,13780.0,0.047162704169750214
train/reconstruction,13800.0,0.048606276512145996
train/reconstruction,13820.0,0.046541400253772736
train/reconstruction,13840.0,0.04934579133987427
train/reconstruction,13860.0,0.045452725142240524
train/reconstruction,13880.0,0.04939720034599304
train/reconstruction,13900.0,0.04921744763851166
train/reconstruction,13920.0,0.05073365196585655
train/reconstruction,13940.0,0.04927416518330574
train/reconstruction,13960.0,0.04085497930645943
train/reconstruction,13980.0,0.04514319449663162
train/reconstruction,14000.0,0.044993750751018524
train/reconstruction,14020.0,0.048049308359622955
train/reconstruction,14040.0,0.04762015864253044
train/reconstruction,14060.0,0.0468171201646328
train/reconstruction,14080.0,0.0464252233505249
train/reconstruction,14100.0,0.04623762518167496
train/reconstruction,14120.0,0.05151444673538208
train/reconstruction,14140.0,0.04823189973831177
train/reconstruction,14160.0,0.0495622493326664
train/reconstruction,14180.0,0.04927816241979599
train/reconstruction,14200.0,0.04708563908934593
train/reconstruction,14220.0,0.0468476340174675
train/reconstruction,14240.0,0.050460346043109894
train/reconstruction,14260.0,0.05021755397319794
train/reconstruction,14280.0,0.05250268802046776
train/reconstruction,14300.0,0.04477650672197342
train/reconstruction,14320.0,0.05536981299519539
train/reconstruction,14340.0,0.05195745825767517
train/reconstruction,14360.0,0.04775073751807213
train/reconstruction,14380.0,0.051118530333042145
train/reconstruction,14400.0,0.04941278696060181
train/reconstruction,14420.0,0.04726343974471092
train/reconstruction,14440.0,0.04315677657723427
train/reconstruction,14460.0,0.05160839110612869
train/reconstruction,14480.0,0.04719501733779907
train/reconstruction,14500.0,0.04513911157846451
train/reconstruction,14520.0,0.04979198798537254
train/reconstruction,14540.0,0.043860115110874176
train/reconstruction,14560.0,0.04494047537446022
train/reconstruction,14580.0,0.04662385210394859
train/reconstruction,14600.0,0.0465179979801178
train/reconstruction,14620.0,0.04774885252118111
train/reconstruction,14640.0,0.04957248270511627
train/reconstruction,14660.0,0.05136309936642647
train/reconstruction,14680.0,0.044745832681655884
train/reconstruction,14700.0,0.049281466752290726
train/reconstruction,14720.0,0.052956148982048035
train/reconstruction,14740.0,0.046968672424554825
train/reconstruction,14760.0,0.04917028918862343
train/reconstruction,14780.0,0.05090384930372238
train/reconstruction,14800.0,0.04493231326341629
train/reconstruction,14820.0,0.04929225891828537
train/reconstruction,14840.0,0.03886750340461731
train/reconstruction,14860.0,0.05246759206056595
train/reconstruction,14880.0,0.05398907512426376
train/reconstruction,14900.0,0.044755976647138596
train/reconstruction,14920.0,0.05047791078686714
train/reconstruction,14940.0,0.04448710381984711
train/reconstruction,14960.0,0.04904791712760925
train/reconstruction,14980.0,0.049454595893621445
train/reconstruction,15000.0,0.05154502019286156
train/reconstruction,15020.0,0.04222390428185463
train/reconstruction,15040.0,0.04980890452861786
train/reconstruction,15060.0,0.04638882726430893
train/reconstruction,15080.0,0.04980028048157692
train/reconstruction,15100.0,0.057909321039915085
train/reconstruction,15120.0,0.04454614222049713
train/reconstruction,15140.0,0.03716306760907173
train/reconstruction,15160.0,0.04417482763528824
train/reconstruction,15180.0,0.053718771785497665
train/reconstruction,15200.0,0.05120359733700752
train/reconstruction,15220.0,0.04351768270134926
train/reconstruction,15240.0,0.04434623941779137
train/reconstruction,15260.0,0.055689889937639236
train/reconstruction,15280.0,0.04757082834839821
train/reconstruction,15300.0,0.05189165100455284
train/reconstruction,15320.0,0.042169228196144104
train/reconstruction,15340.0,0.046904534101486206
train/reconstruction,15360.0,0.045838527381420135
train/reconstruction,15380.0,0.05300472676753998
train/reconstruction,15400.0,0.041108887642621994
train/reconstruction,15420.0,0.04377736523747444
train/reconstruction,15440.0,0.044737670570611954
train/reconstruction,15460.0,0.048632193356752396
train/reconstruction,15480.0,0.04673154652118683
train/reconstruction,15500.0,0.04446636885404587
train/reconstruction,15520.0,0.05169479548931122
train/reconstruction,15540.0,0.056647635996341705
train/reconstruction,15560.0,0.051891885697841644
train/reconstruction,15580.0,0.050534822046756744
train/reconstruction,15600.0,0.04070695862174034
train/reconstruction,15620.0,0.04909151419997215
train/reconstruction,15640.0,0.04767847806215286
train/reconstruction,15660.0,0.04531033709645271
train/reconstruction,15680.0,0.048551224172115326
train/reconstruction,15700.0,0.04864753782749176
train/reconstruction,15720.0,0.04893770068883896
train/reconstruction,15740.0,0.039404552429914474
train/reconstruction,15760.0,0.048550695180892944
train/reconstruction,15780.0,0.042061448097229004
train/reconstruction,15800.0,0.04611535742878914
train/reconstruction,15820.0,0.048236142843961716
train/reconstruction,15840.0,0.051269978284835815
train/reconstruction,15860.0,0.04840634763240814
train/reconstruction,15880.0,0.049272239208221436
train/reconstruction,15900.0,0.052592553198337555
train/reconstruction,15920.0,0.06856518983840942
train/reconstruction,15940.0,0.046471547335386276
train/reconstruction,15960.0,0.04157431423664093
train/reconstruction,15980.0,0.05111583322286606
train/reconstruction,16000.0,0.038093242794275284
train/reconstruction,16020.0,0.04823986813426018
train/reconstruction,16040.0,0.04647916555404663
train/reconstruction,16060.0,0.044704996049404144
train/reconstruction,16080.0,0.05204365774989128
train/reconstruction,16100.0,0.05487260967493057
train/reconstruction,16120.0,0.04700672626495361
train/reconstruction,16140.0,0.049355410039424896
train/reconstruction,16160.0,0.053945958614349365
train/reconstruction,16180.0,0.04671163111925125
train/reconstruction,16200.0,0.051791250705718994
train/reconstruction,16220.0,0.04060176759958267
train/reconstruction,16240.0,0.04239137843251228
train/reconstruction,16260.0,0.04821205139160156
train/reconstruction,16280.0,0.04964283108711243
train/reconstruction,16300.0,0.04834067076444626
train/reconstruction,16320.0,0.05143864080309868
train/reconstruction,16340.0,0.051674846559762955
train/reconstruction,16360.0,0.043541304767131805
train/reconstruction,16380.0,0.051882438361644745
train/reconstruction,16400.0,0.05413147434592247
train/reconstruction,16420.0,0.050519391894340515
train/reconstruction,16440.0,0.046018168330192566
train/reconstruction,16460.0,0.049872949719429016
train/reconstruction,16480.0,0.04000391811132431
train/reconstruction,16500.0,0.05428268387913704
train/reconstruction,16520.0,0.04820217937231064
train/reconstruction,16540.0,0.05314727500081062
train/reconstruction,16560.0,0.04741835594177246
train/reconstruction,16580.0,0.047329798340797424
train/reconstruction,16600.0,0.05163004249334335
train/reconstruction,16620.0,0.04911138862371445
train/reconstruction,16640.0,0.04592740535736084
train/reconstruction,16660.0,0.05178713798522949
train/reconstruction,16680.0,0.050898633897304535
train/reconstruction,16700.0,0.04614182561635971
train/reconstruction,16720.0,0.043553151190280914
train/reconstruction,16740.0,0.04731573909521103
train/reconstruction,16760.0,0.04805329814553261
train/reconstruction,16780.0,0.053192660212516785
train/reconstruction,16800.0,0.05244132876396179
train/reconstruction,16820.0,0.047371234744787216
train/reconstruction,16840.0,0.048068251460790634
train/reconstruction,16860.0,0.04860430955886841
train/reconstruction,16880.0,0.05129673704504967
train/reconstruction,16900.0,0.04963602498173714
train/reconstruction,16920.0,0.046236228197813034
train/reconstruction,16940.0,0.05810268968343735
train/reconstruction,16960.0,0.05880828574299812
train/reconstruction,16980.0,0.05004264414310455
train/reconstruction,17000.0,0.04477962106466293
train/reconstruction,17020.0,0.057865969836711884
train/reconstruction,17040.0,0.04597144573926926
train/reconstruction,17060.0,0.048217128962278366
train/reconstruction,17080.0,0.04111591354012489
train/reconstruction,17100.0,0.0496491864323616
train/reconstruction,17120.0,0.04370030015707016
train/reconstruction,17140.0,0.04954329878091812
train/reconstruction,17160.0,0.05034059286117554
train/reconstruction,17180.0,0.046302855014801025
train/reconstruction,17200.0,0.047715675085783005
train/reconstruction,17220.0,0.04800894111394882
train/reconstruction,17240.0,0.044290170073509216
train/reconstruction,17260.0,0.054038405418395996
train/reconstruction,17280.0,0.04478195309638977
train/reconstruction,17300.0,0.0486130453646183
train/reconstruction,17320.0,0.039401449263095856
train/reconstruction,17340.0,0.043695319443941116
train/reconstruction,17360.0,0.05149584263563156
train/reconstruction,17380.0,0.04440844804048538
train/reconstruction,17400.0,0.047186315059661865
train/reconstruction,17420.0,0.04597817733883858
train/reconstruction,17440.0,0.04891540855169296
train/reconstruction,17460.0,0.04118833318352699
train/reconstruction,17480.0,0.04457378387451172
train/reconstruction,17500.0,0.049068380147218704
train/reconstruction,17520.0,0.04197780042886734
train/reconstruction,17540.0,0.04233483225107193
train/reconstruction,17560.0,0.05981840193271637
train/reconstruction,17580.0,0.046501025557518005
train/reconstruction,17600.0,0.04641776531934738
train/reconstruction,17620.0,0.05248513072729111
train/reconstruction,17640.0,0.047424957156181335
train/reconstruction,17660.0,0.05389605462551117
train/reconstruction,17680.0,0.052935436367988586
train/reconstruction,17700.0,0.047867950052022934
train/reconstruction,17720.0,0.040641412138938904
train/reconstruction,17740.0,0.05177836865186691
train/reconstruction,17760.0,0.051665790379047394
train/reconstruction,17780.0,0.049251459538936615
train/reconstruction,17800.0,0.043921779841184616
train/reconstruction,17820.0,0.051753874868154526
train/reconstruction,17840.0,0.04317047446966171
train/reconstruction,17860.0,0.05153562128543854
train/reconstruction,17880.0,0.05202116817235947
train/reconstruction,17900.0,0.046652331948280334
train/reconstruction,17920.0,0.05316009745001793
train/reconstruction,17940.0,0.04691925272345543
train/reconstruction,17960.0,0.04756103828549385
train/reconstruction,17980.0,0.0507708340883255
train/reconstruction,18000.0,0.050811849534511566
train/reconstruction,18020.0,0.04350367933511734
train/reconstruction,18040.0,0.055231574922800064
train/reconstruction,18060.0,0.04742184653878212
train/reconstruction,18080.0,0.054699722677469254
train/reconstruction,18100.0,0.04682154953479767
train/reconstruction,18120.0,0.045992162078619
train/reconstruction,18140.0,0.04859248548746109
train/reconstruction,18160.0,0.04089629277586937
train/reconstruction,18180.0,0.04955316334962845
train/reconstruction,18200.0,0.05384546518325806
train/reconstruction,18220.0,0.0526285283267498
train/reconstruction,18240.0,0.0491635836660862
train/reconstruction,18260.0,0.04200339689850807
train/reconstruction,18280.0,0.048375923186540604
train/reconstruction,18300.0,0.04883234202861786
train/reconstruction,18320.0,0.04658576846122742
train/reconstruction,18340.0,0.0461098849773407
train/reconstruction,18360.0,0.04902608320116997
train/reconstruction,18380.0,0.046789489686489105
train/reconstruction,18400.0,0.0472794771194458
train/reconstruction,18420.0,0.046901725232601166
train/reconstruction,18440.0,0.04935373365879059
train/reconstruction,18460.0,0.05699498951435089
train/reconstruction,18480.0,0.04636216536164284
train/reconstruction,18500.0,0.045901909470558167
train/reconstruction,18520.0,0.047886863350868225
train/reconstruction,18540.0,0.04836314544081688
train/reconstruction,18560.0,0.048558540642261505
train/reconstruction,18580.0,0.0400102324783802
train/reconstruction,18600.0,0.04825394228100777
train/reconstruction,18620.0,0.04925476387143135
train/reconstruction,18640.0,0.05098949745297432
train/reconstruction,18660.0,0.05009078234434128
train/reconstruction,18680.0,0.04396551102399826
train/reconstruction,18700.0,0.04299984127283096
train/reconstruction,18720.0,0.046239569783210754
train/reconstruction,18740.0,0.04283421114087105
train/reconstruction,18760.0,0.05152103304862976
train/reconstruction,18780.0,0.042401839047670364
train/reconstruction,18800.0,0.039683301001787186
train/reconstruction,18820.0,0.04828863590955734
train/reconstruction,18840.0,0.055674098432064056
train/reconstruction,18860.0,0.04781768471002579
train/reconstruction,18880.0,0.052067406475543976
train/reconstruction,18900.0,0.054113857448101044
train/reconstruction,18920.0,0.049478594213724136
train/reconstruction,18940.0,0.0480162687599659
train/reconstruction,18960.0,0.04690030962228775
train/reconstruction,18980.0,0.051843754947185516
train/reconstruction,19000.0,0.04441297799348831
train/reconstruction,19020.0,0.05353836342692375
train/reconstruction,19040.0,0.04234825819730759
train/reconstruction,19060.0,0.049556005746126175
train/reconstruction,19080.0,0.05600784718990326
train/reconstruction,19100.0,0.04988155514001846
train/reconstruction,19120.0,0.05104440450668335
train/reconstruction,19140.0,0.04733806103467941
train/reconstruction,19160.0,0.040626414120197296
train/reconstruction,19180.0,0.05476023256778717
train/reconstruction,19200.0,0.045247044414281845
train/reconstruction,19220.0,0.040357593446969986
train/reconstruction,19240.0,0.048894524574279785
train/reconstruction,19260.0,0.0481996014714241
train/reconstruction,19280.0,0.04918406531214714
train/reconstruction,19300.0,0.0492330938577652
train/reconstruction,19320.0,0.04999620467424393
train/reconstruction,19340.0,0.04741007089614868
train/reconstruction,19360.0,0.0530536063015461
train/reconstruction,19380.0,0.04623018950223923
train/reconstruction,19400.0,0.04887525737285614
train/reconstruction,19420.0,0.055555835366249084
train/reconstruction,19440.0,0.049408718943595886
train/reconstruction,19460.0,0.040341321378946304
train/reconstruction,19480.0,0.05495959520339966
train/reconstruction,19500.0,0.045622482895851135
train/reconstruction,19520.0,0.047821130603551865
train/reconstruction,19540.0,0.04232059419155121
train/reconstruction,19560.0,0.044433776289224625
train/reconstruction,19580.0,0.050307657569646835
train/reconstruction,19600.0,0.04318170249462128
train/reconstruction,19620.0,0.04663008823990822
train/reconstruction,19640.0,0.05084632709622383
train/reconstruction,19660.0,0.0460052564740181
train/reconstruction,19680.0,0.03680185228586197
train/reconstruction,19700.0,0.04737573862075806
train/reconstruction,19720.0,0.049126263707876205
train/reconstruction,19740.0,0.05661997199058533
train/reconstruction,19760.0,0.041867855936288834
train/reconstruction,19780.0,0.047388240694999695
train/reconstruction,19800.0,0.04346942529082298
train/reconstruction,19820.0,0.045648880302906036
train/reconstruction,19840.0,0.05282081291079521
train/reconstruction,19860.0,0.053255241364240646
train/reconstruction,19880.0,0.04354620352387428
train/reconstruction,19900.0,0.05789249390363693
train/reconstruction,19920.0,0.04903324320912361
train/reconstruction,19940.0,0.056611597537994385
train/reconstruction,19960.0,0.03693626448512077
train/reconstruction,19980.0,0.042828697711229324
train/reconstruction,20000.0,0.046221621334552765
val/delta_e76,0.0,6.345161437988281
val/delta_e76,1000.0,6.35950231552124
val/delta_e76,2000.0,6.365030288696289
val/delta_e76,3000.0,6.244451522827148
val/delta_e76,4000.0,6.628693103790283
val/delta_e76,5000.0,6.255115509033203
val/delta_e76,6000.0,6.439245700836182
val/delta_e76,7000.0,6.363945960998535
val/delta_e76,8000.0,6.567681312561035
val/delta_e76,9000.0,6.317485809326172
val/delta_e76,10000.0,6.488917350769043
val/delta_e76,11000.0,6.26928186416626
val/delta_e76,12000.0,6.178812026977539
val/delta_e76,13000.0,6.4554443359375
val/delta_e76,14000.0,6.441579818725586
val/delta_e76,15000.0,6.292305946350098
val/delta_e76,16000.0,6.479302883148193
val/delta_e76,17000.0,6.530108451843262
val/delta_e76,18000.0,6.421015739440918
val/delta_e76,19000.0,6.366922855377197
val/delta_e76,20000.0,6.436473369598389
val/loss,0.0,0.051193565130233765
val/loss,1000.0,0.051120974123477936
val/loss,2000.0,0.05160977691411972
val/loss,3000.0,0.05060304328799248
val/loss,4000.0,0.05274117365479469
val/loss,5000.0,0.050294652581214905
val/loss,6000.0,0.05247177556157112
val/loss,7000.0,0.051362376660108566
val/loss,8000.0,0.0526905320584774
val/loss,9000.0,0.05061274766921997
val/loss,10000.0,0.05204015225172043
val/loss,11000.0,0.05075042322278023
val/loss,12000.0,0.050028879195451736
val/loss,13000.0,0.051975738257169724
val/loss,14000.0,0.051368895918130875
val/loss,15000.0,0.05081436038017273
val/loss,16000.0,0.05201776698231697
val/loss,17000.0,0.052330970764160156
val/loss,18000.0,0.05155586823821068
val/loss,19000.0,0.0511930026113987
val/loss,20000.0,0.051758915185928345
val/lpips,0.0,0.24852900207042694
val/lpips,1000.0,0.24954596161842346
val/lpips,2000.0,0.24646300077438354
val/lpips,3000.0,0.253804475069046
val/lpips,4000.0,0.25063976645469666
val/lpips,5000.0,0.24634982645511627
val/lpips,6000.0,0.24366545677185059
val/lpips,7000.0,0.244147390127182
val/lpips,8000.0,0.24126917123794556
val/lpips,9000.0,0.24072004854679108
val/lpips,10000.0,0.24236442148685455
val/lpips,11000.0,0.24179768562316895
val/lpips,12000.0,0.23851540684700012
val/lpips,13000.0,0.23952680826187134
val/lpips,14000.0,0.2398405820131302
val/lpips,15000.0,0.2362547069787979
val/lpips,16000.0,0.2381657361984253
val/lpips,17000.0,0.23815365135669708
val/lpips,18000.0,0.23622772097587585
val/lpips,19000.0,0.2365763783454895
val/lpips,20000.0,0.23666603863239288
val/mae,0.0,0.051073066890239716
val/mae,1000.0,0.05100184679031372
val/mae,2000.0,0.051489654928445816
val/mae,3000.0,0.05047940835356712
val/mae,4000.0,0.05262448638677597
val/mae,5000.0,0.050172898918390274
val/mae,6000.0,0.05240245535969734
val/mae,7000.0,0.051282793283462524
val/mae,8000.0,0.05256974697113037
val/mae,9000.0,0.050522804260253906
val/mae,10000.0,0.051931850612163544
val/mae,11000.0,0.050629932433366776
val/mae,12000.0,0.04994076117873192
val/mae,13000.0,0.0518973171710968
val/mae,14000.0,0.05127895250916481
val/mae,15000.0,0.05071306601166725
val/mae,16000.0,0.05193944647908211
val/mae,17000.0,0.0522364042699337
val/mae,18000.0,0.051468197256326675
val/mae,19000.0,0.05110769718885422
val/mae,20000.0,0.051675084978342056
val/psnr,0.0,23.050329208374023
val/psnr,1000.0,23.08821678161621
val/psnr,2000.0,22.958498001098633
val/psnr,3000.0,23.10621452331543
val/psnr,4000.0,22.902803421020508
val/psnr,5000.0,23.203832626342773
val/psnr,6000.0,22.960336685180664
val/psnr,7000.0,23.076095581054688
val/psnr,8000.0,22.90040397644043
val/psnr,9000.0,23.162870407104492
val/psnr,10000.0,22.985700607299805
val/psnr,11000.0,23.195537567138672
val/psnr,12000.0,23.27621841430664
val/psnr,13000.0,23.06464385986328
val/psnr,14000.0,23.13274574279785
val/psnr,15000.0,23.15118408203125
val/psnr,16000.0,23.030113220214844
val/psnr,17000.0,22.985761642456055
val/psnr,18000.0,23.09160614013672
val/psnr,19000.0,23.164974212646484
val/psnr,20000.0,23.0750675201416
val/ssim,0.0,0.5783044099807739
val/ssim,1000.0,0.5744972229003906
val/ssim,2000.0,0.5787831544876099
val/ssim,3000.0,0.5825921297073364
val/ssim,4000.0,0.5809685587882996
val/ssim,5000.0,0.5823135375976562
val/ssim,6000.0,0.5814981460571289
val/ssim,7000.0,0.5849995613098145
val/ssim,8000.0,0.5844675898551941
val/ssim,9000.0,0.5836558938026428
val/ssim,10000.0,0.5839846730232239
val/ssim,11000.0,0.5859313011169434
val/ssim,12000.0,0.5874413251876831
val/ssim,13000.0,0.5852700471878052
val/ssim,14000.0,0.5860340595245361
val/ssim,15000.0,0.5882124304771423
val/ssim,16000.0,0.5872376561164856
val/ssim,17000.0,0.5884993672370911
val/ssim,18000.0,0.5880370736122131
val/ssim,19000.0,0.5880866646766663
val/ssim,20000.0,0.5883222222328186
val/total_objective,0.0,0.06362001597881317
val/total_objective,1000.0,0.06359827518463135
val/total_objective,2000.0,0.06393292546272278
val/total_objective,3000.0,0.06329327076673508
val/total_objective,4000.0,0.06527315825223923
val/total_objective,5000.0,0.0626121461391449
val/total_objective,6000.0,0.06465505063533783
val/total_objective,7000.0,0.06356974691152573
val/total_objective,8000.0,0.06475399434566498
val/total_objective,9000.0,0.06264875084161758
val/total_objective,10000.0,0.0641583725810051
val/total_objective,11000.0,0.0628403052687645
val/total_objective,12000.0,0.061954647302627563
val/total_objective,13000.0,0.06395208090543747
val/total_objective,14000.0,0.06336092203855515
val/total_objective,15000.0,0.06262709945440292
val/total_objective,16000.0,0.06392605602741241
val/total_objective,17000.0,0.06423865258693695
val/total_objective,18000.0,0.06336725503206253
val/total_objective,19000.0,0.06302182376384735
val/total_objective,20000.0,0.06359221786260605
train/learning_rate,1.0,5.000000058430487e-08
train/learning_rate,20.0,9.999999974752427e-07
train/learning_rate,40.0,1.9999999949504854e-06
train/learning_rate,60.0,3.000000106112566e-06
train/learning_rate,80.0,3.999999989900971e-06
train/learning_rate,100.0,4.999999873689376e-06
train/learning_rate,120.0,6.000000212225132e-06
train/learning_rate,140.0,7.000000096013537e-06
train/learning_rate,160.0,7.999999979801942e-06
train/learning_rate,180.0,9.000000318337698e-06
train/learning_rate,200.0,9.999999747378752e-06
train/learning_rate,220.0,1.1000000085914508e-05
train/learning_rate,240.0,1.2000000424450263e-05
train/learning_rate,260.0,1.2999999853491317e-05
train/learning_rate,280.0,1.4000000192027073e-05
train/learning_rate,300.0,1.4999999621068127e-05
train/learning_rate,320.0,1.5999999959603883e-05
train/learning_rate,340.0,1.700000029813964e-05
train/learning_rate,360.0,1.8000000636675395e-05
train/learning_rate,380.0,1.8999999156221747e-05
train/learning_rate,400.0,1.9999999494757503e-05
train/learning_rate,420.0,2.099999983329326e-05
train/learning_rate,440.0,2.2000000171829015e-05
train/learning_rate,460.0,2.300000051036477e-05
train/learning_rate,480.0,2.4000000848900527e-05
train/learning_rate,500.0,2.499999936844688e-05
train/learning_rate,520.0,2.4999944798764773e-05
train/learning_rate,540.0,2.499976471881382e-05
train/learning_rate,560.0,2.4999462766572833e-05
train/learning_rate,580.0,2.4999038942041807e-05
train/learning_rate,600.0,2.4998489607241936e-05
train/learning_rate,620.0,2.4997818400152028e-05
train/learning_rate,640.0,2.4997021682793275e-05
train/learning_rate,660.0,2.4996104912133887e-05
train/learning_rate,680.0,2.4995062631205656e-05
train/learning_rate,700.0,2.4993896658997983e-05
train/learning_rate,720.0,2.4992608814500272e-05
train/learning_rate,740.0,2.499119727872312e-05
train/learning_rate,760.0,2.498966387065593e-05
train/learning_rate,780.0,2.4988004952319898e-05
train/learning_rate,800.0,2.4986224161693826e-05
train/learning_rate,820.0,2.4984321498777717e-05
train/learning_rate,840.0,2.4982293325592764e-05
train/learning_rate,860.0,2.4980143280117773e-05
train/learning_rate,880.0,2.497786954336334e-05
train/learning_rate,900.0,2.497547393431887e-05
train/learning_rate,920.0,2.497295463399496e-05
train/learning_rate,940.0,2.4970311642391607e-05
train/learning_rate,960.0,2.4967546778498217e-05
train/learning_rate,980.0,2.4964658223325387e-05
train/learning_rate,1000.0,2.4961645976873115e-05
train/learning_rate,1020.0,2.4958511858130805e-05
train/learning_rate,1040.0,2.4955255867098458e-05
train/learning_rate,1060.0,2.495187618478667e-05
train/learning_rate,1080.0,2.494837281119544e-05
train/learning_rate,1100.0,2.4944747565314174e-05
train/learning_rate,1120.0,2.4940998628153466e-05
train/learning_rate,1140.0,2.493712781870272e-05
train/learning_rate,1160.0,2.4933135136961937e-05
train/learning_rate,1180.0,2.4929018763941713e-05
train/learning_rate,1200.0,2.492478051863145e-05
train/learning_rate,1220.0,2.492042040103115e-05
train/learning_rate,1240.0,2.491593659215141e-05
train/learning_rate,1260.0,2.4911330910981633e-05
train/learning_rate,1280.0,2.4906601538532414e-05
train/learning_rate,1300.0,2.4901750293793157e-05
train/learning_rate,1320.0,2.4896778995753266e-05
train/learning_rate,1340.0,2.489168218744453e-05
train/learning_rate,1360.0,2.488646532583516e-05
train/learning_rate,1380.0,2.4881126591935754e-05
train/learning_rate,1400.0,2.4875664166756906e-05
train/learning_rate,1420.0,2.4870081688277423e-05
train/learning_rate,1440.0,2.48643755185185e-05
train/learning_rate,1460.0,2.4858549295458943e-05
train/learning_rate,1480.0,2.4852599381119944e-05
train/learning_rate,1500.0,2.484652941348031e-05
train/learning_rate,1520.0,2.4840335754561238e-05
train/learning_rate,1540.0,2.483402204234153e-05
train/learning_rate,1560.0,2.4827586457831785e-05
train/learning_rate,1580.0,2.4821029001032002e-05
train/learning_rate,1600.0,2.4814349671942182e-05
train/learning_rate,1620.0,2.4807550289551727e-05
train/learning_rate,1640.0,2.4800629034871235e-05
train/learning_rate,1660.0,2.4793585907900706e-05
train/learning_rate,1680.0,2.4786422727629542e-05
train/learning_rate,1700.0,2.477913767506834e-05
train/learning_rate,1720.0,2.4771732569206506e-05
train/learning_rate,1740.0,2.4764205591054633e-05
train/learning_rate,1760.0,2.4756558559602126e-05
train/learning_rate,1780.0,2.4748789655859582e-05
train/learning_rate,1800.0,2.4740900698816404e-05
train/learning_rate,1820.0,2.473289168847259e-05
train/learning_rate,1840.0,2.472476080583874e-05
train/learning_rate,1860.0,2.4716509869904257e-05
train/learning_rate,1880.0,2.470813888066914e-05
train/learning_rate,1900.0,2.4699647838133387e-05
train/learning_rate,1920.0,2.4691036742297e-05
train/learning_rate,1940.0,2.468230559315998e-05
train/learning_rate,1960.0,2.4673454390722327e-05
train/learning_rate,1980.0,2.466448313498404e-05
train/learning_rate,2000.0,2.4655391825945117e-05
train/learning_rate,2020.0,2.464618046360556e-05
train/learning_rate,2040.0,2.4636850866954774e-05
train/learning_rate,2060.0,2.4627401217003353e-05
train/learning_rate,2080.0,2.4617831513751298e-05
train/learning_rate,2100.0,2.4608143576188013e-05
train/learning_rate,2120.0,2.4598335585324094e-05
train/learning_rate,2140.0,2.458840754115954e-05
train/learning_rate,2160.0,2.4578361262683757e-05
train/learning_rate,2180.0,2.4568196749896742e-05
train/learning_rate,2200.0,2.4557914002798498e-05
train/learning_rate,2220.0,2.454751120239962e-05
train/learning_rate,2240.0,2.453699016768951e-05
train/learning_rate,2260.0,2.452635089866817e-05
train/learning_rate,2280.0,2.4515591576346196e-05
train/learning_rate,2300.0,2.4504715838702396e-05
train/learning_rate,2320.0,2.4493721866747364e-05
train/learning_rate,2340.0,2.4482609660481103e-05
train/learning_rate,2360.0,2.447137921990361e-05
train/learning_rate,2380.0,2.4460030545014888e-05
train/learning_rate,2400.0,2.444856545480434e-05
train/learning_rate,2420.0,2.443698213028256e-05
train/learning_rate,2440.0,2.442528239043895e-05
train/learning_rate,2460.0,2.441346259729471e-05
train/learning_rate,2480.0,2.4401528207818046e-05
train/learning_rate,2500.0,2.438947558403015e-05
train/learning_rate,2520.0,2.437730654492043e-05
train/learning_rate,2540.0,2.436502109048888e-05
train/learning_rate,2560.0,2.43526174017461e-05
train/learning_rate,2580.0,2.43400991166709e-05
train/learning_rate,2600.0,2.4327462597284466e-05
train/learning_rate,2620.0,2.4314709662576206e-05
train/learning_rate,2640.0,2.4301842131535523e-05
train/learning_rate,2660.0,2.4288858185173012e-05
train/learning_rate,2680.0,2.4275757823488675e-05
train/learning_rate,2700.0,2.426254104648251e-05
train/learning_rate,2720.0,2.4249209673143923e-05
train/learning_rate,2740.0,2.4235763703472912e-05
train/learning_rate,2760.0,2.4222201318480074e-05
train/learning_rate,2780.0,2.420852251816541e-05
train/learning_rate,2800.0,2.4194730940507725e-05
train/learning_rate,2820.0,2.4180822947528213e-05
train/learning_rate,2840.0,2.4166800358216278e-05
train/learning_rate,2860.0,2.415266317257192e-05
train/learning_rate,2880.0,2.4138411390595138e-05
train/learning_rate,2900.0,2.4124045012285933e-05
train/learning_rate,2920.0,2.4109565856633708e-05
train/learning_rate,2940.0,2.4094970285659656e-05
train/learning_rate,2960.0,2.4080263756331988e-05
train/learning_rate,2980.0,2.4065440811682492e-05
train/learning_rate,3000.0,2.4050505089689977e-05
train/learning_rate,3020.0,2.4035456590354443e-05
train/learning_rate,3040.0,2.4020295313675888e-05
train/learning_rate,3060.0,2.400501944066491e-05
train/learning_rate,3080.0,2.3989630790310912e-05
train/learning_rate,3100.0,2.3974131181603298e-05
train/learning_rate,3120.0,2.395851697656326e-05
train/learning_rate,3140.0,2.3942789994180202e-05
train/learning_rate,3160.0,2.392695205344353e-05
train/learning_rate,3180.0,2.3911001335363835e-05
train/learning_rate,3200.0,2.3894939658930525e-05
train/learning_rate,3220.0,2.3878765205154195e-05
train/learning_rate,3240.0,2.3862477974034846e-05
train/learning_rate,3260.0,2.3846081603551283e-05
train/learning_rate,3280.0,2.38295724557247e-05
train/learning_rate,3300.0,2.3812952349544503e-05
train/learning_rate,3320.0,2.3796221285010688e-05
train/learning_rate,3340.0,2.3779379262123257e-05
train/learning_rate,3360.0,2.3762428099871613e-05
train/learning_rate,3380.0,2.374536416027695e-05
train/learning_rate,3400.0,2.3728191081318073e-05
train/learning_rate,3420.0,2.3710908862994984e-05
train/learning_rate,3440.0,2.369351568631828e-05
train/learning_rate,3460.0,2.367601337027736e-05
train/learning_rate,3480.0,2.3658400095882826e-05
train/learning_rate,3500.0,2.3640679501113482e-05
train/learning_rate,3520.0,2.3622847947990522e-05
train/learning_rate,3540.0,2.3604909074492753e-05
train/learning_rate,3560.0,2.3586859242641367e-05
train/learning_rate,3580.0,2.3568702090415172e-05
train/learning_rate,3600.0,2.355043761781417e-05
train/learning_rate,3620.0,2.353206400584895e-05
train/learning_rate,3640.0,2.3513581254519522e-05
train/learning_rate,3660.0,2.3494991182815284e-05
train/learning_rate,3680.0,2.3476293790736236e-05
train/learning_rate,3700.0,2.345748907828238e-05
train/learning_rate,3720.0,2.3438577045453712e-05
train/learning_rate,3740.0,2.3419557692250237e-05
train/learning_rate,3760.0,2.3400431018671952e-05
train/learning_rate,3780.0,2.3381198843708262e-05
train/learning_rate,3800.0,2.3361859348369762e-05
train/learning_rate,3820.0,2.3342414351645857e-05
train/learning_rate,3840.0,2.3322862034547143e-05
train/learning_rate,3860.0,2.3303204216063023e-05
train/learning_rate,3880.0,2.3283440896193497e-05
train/learning_rate,3900.0,2.3263572074938565e-05
train/learning_rate,3920.0,2.3243599571287632e-05
train/learning_rate,3940.0,2.322351974726189e-05
train/learning_rate,3960.0,2.3203336240840144e-05
train/learning_rate,3980.0,2.3183047233032994e-05
train/learning_rate,4000.0,2.316265454282984e-05
train/learning_rate,4020.0,2.3142158170230687e-05
train/learning_rate,4040.0,2.3121556296246126e-05
train/learning_rate,4060.0,2.3100850739865564e-05
train/learning_rate,4080.0,2.3080043320078403e-05
train/learning_rate,4100.0,2.3059130398905836e-05
train/learning_rate,4120.0,2.303811561432667e-05
train/learning_rate,4140.0,2.3016998966340907e-05
train/learning_rate,4160.0,2.299577863595914e-05
train/learning_rate,4180.0,2.2974454623181373e-05
train/learning_rate,4200.0,2.2953028746997006e-05
train/learning_rate,4220.0,2.2931502826395445e-05
train/learning_rate,4240.0,2.290987322339788e-05
train/learning_rate,4260.0,2.288814175699372e-05
train/learning_rate,4280.0,2.286631024617236e-05
train/learning_rate,4300.0,2.2844376871944405e-05
train/learning_rate,4320.0,2.282234163430985e-05
train/learning_rate,4340.0,2.2800208171247505e-05
train/learning_rate,4360.0,2.277797284477856e-05
train/learning_rate,4380.0,2.275563747389242e-05
train/learning_rate,4400.0,2.2733202058589086e-05
train/learning_rate,4420.0,2.2710666598868556e-05
train/learning_rate,4440.0,2.268803109473083e-05
train/learning_rate,4460.0,2.2665297365165316e-05
train/learning_rate,4480.0,2.2642463591182604e-05
train/learning_rate,4500.0,2.2619531591772102e-05
train/learning_rate,4520.0,2.2596501366933808e-05
train/learning_rate,4540.0,2.2573372916667722e-05
train/learning_rate,4560.0,2.2550146240973845e-05
train/learning_rate,4580.0,2.2526821339852177e-05
train/learning_rate,4600.0,2.2503398213302717e-05
train/learning_rate,4620.0,2.247987868031487e-05
train/learning_rate,4640.0,2.245626092189923e-05
train/learning_rate,4660.0,2.2432548576034606e-05
train/learning_rate,4680.0,2.240873800474219e-05
train/learning_rate,4700.0,2.2384831027011387e-05
train/learning_rate,4720.0,2.2360827642842196e-05
train/learning_rate,4740.0,2.233672967122402e-05
train/learning_rate,4760.0,2.2312535293167457e-05
train/learning_rate,4780.0,2.2288244508672506e-05
train/learning_rate,4800.0,2.226385913672857e-05
train/learning_rate,4820.0,2.223937917733565e-05
train/learning_rate,4840.0,2.2214804630493745e-05
train/learning_rate,4860.0,2.219013731519226e-05
train/learning_rate,4880.0,2.2165373593452387e-05
train/learning_rate,4900.0,2.2140517103252932e-05
train/learning_rate,4920.0,2.2115566025604494e-05
train/learning_rate,4940.0,2.2090522179496475e-05
train/learning_rate,4960.0,2.2065385564928874e-05
train/learning_rate,4980.0,2.2040156181901693e-05
train/learning_rate,5000.0,2.201483403041493e-05
train/learning_rate,5020.0,2.198941911046859e-05
train/learning_rate,5040.0,2.196391324105207e-05
train/learning_rate,5060.0,2.1938314603175968e-05
train/learning_rate,5080.0,2.191262501582969e-05
train/learning_rate,5100.0,2.188684266002383e-05
train/learning_rate,5120.0,2.1860971173737198e-05
train/learning_rate,5140.0,2.1835008737980388e-05
train/learning_rate,5160.0,2.18089553527534e-05
train/learning_rate,5180.0,2.178281283704564e-05
train/learning_rate,5200.0,2.17565793718677e-05
train/learning_rate,5220.0,2.173025677620899e-05
train/learning_rate,5240.0,2.17038432310801e-05
train/learning_rate,5260.0,2.167734237445984e-05
train/learning_rate,5280.0,2.1650752387358807e-05
train/learning_rate,5300.0,2.1624073269777e-05
train/learning_rate,5320.0,2.1597306840703823e-05
train/learning_rate,5340.0,2.1570453100139275e-05
train/learning_rate,5360.0,2.1543510229093954e-05
train/learning_rate,5380.0,2.1516480046557263e-05
train/learning_rate,5400.0,2.14893625525292e-05
train/learning_rate,5420.0,2.1462159565999173e-05
train/learning_rate,5440.0,2.1434869267977774e-05
train/learning_rate,5460.0,2.1407491658465005e-05
train/learning_rate,5480.0,2.1380030375439674e-05
train/learning_rate,5500.0,2.135248178092297e-05
train/learning_rate,5520.0,2.1324847693904303e-05
train/learning_rate,5540.0,2.1297128114383668e-05
train/learning_rate,5560.0,2.126932486135047e-05
train/learning_rate,5580.0,2.1241436115815304e-05
train/learning_rate,5600.0,2.1213463696767576e-05
train/learning_rate,5620.0,2.1185407604207285e-05
train/learning_rate,5640.0,2.115726783813443e-05
train/learning_rate,5660.0,2.1129044398549013e-05
train/learning_rate,5680.0,2.1100737285451032e-05
train/learning_rate,5700.0,2.1072348317829892e-05
train/learning_rate,5720.0,2.104387567669619e-05
train/learning_rate,5740.0,2.1015321181039326e-05
train/learning_rate,5760.0,2.0986684830859303e-05
train/learning_rate,5780.0,2.095796662615612e-05
train/learning_rate,5800.0,2.0929168385919183e-05
train/learning_rate,5820.0,2.0900288291159086e-05
train/learning_rate,5840.0,2.0871328160865232e-05
train/learning_rate,5860.0,2.084228617604822e-05
train/learning_rate,5880.0,2.081316415569745e-05
train/learning_rate,5900.0,2.078396391880233e-05
train/learning_rate,5920.0,2.0754681827384047e-05
train/learning_rate,5940.0,2.0725323338410817e-05
train/learning_rate,5960.0,2.0695882994914427e-05
train/learning_rate,5980.0,2.066636625386309e-05
train/learning_rate,6000.0,2.0636771296267398e-05
train/learning_rate,6020.0,2.060709630313795e-05
train/learning_rate,6040.0,2.0577344912453555e-05
train/learning_rate,6060.0,2.054751712421421e-05
train/learning_rate,6080.0,2.0517611119430512e-05
train/learning_rate,6100.0,2.0487628717091866e-05
train/learning_rate,6120.0,2.045756991719827e-05
train/learning_rate,6140.0,2.0427434719749726e-05
train/learning_rate,6160.0,2.0397223124746233e-05
train/learning_rate,6180.0,2.0366936951177195e-05
train/learning_rate,6200.0,2.0336574380053207e-05
train/learning_rate,6220.0,2.0306139049353078e-05
train/learning_rate,6240.0,2.0275627321098e-05
train/learning_rate,6260.0,2.0245041014277376e-05
train/learning_rate,6280.0,2.021438194788061e-05
train/learning_rate,6300.0,2.0183650121907704e-05
train/learning_rate,6320.0,2.015284371736925e-05
train/learning_rate,6340.0,2.0121964553254656e-05
train/learning_rate,6360.0,2.009101262956392e-05
train/learning_rate,6380.0,2.0059987946297042e-05
train/learning_rate,6400.0,2.0028892322443426e-05
train/learning_rate,6420.0,1.9997723939013667e-05
train/learning_rate,6440.0,1.996648461499717e-05
train/learning_rate,6460.0,1.993517616938334e-05
train/learning_rate,6480.0,1.9903794964193366e-05
train/learning_rate,6500.0,1.9872342818416655e-05
train/learning_rate,6520.0,1.984082155104261e-05
train/learning_rate,6540.0,1.9809231162071228e-05
train/learning_rate,6560.0,1.977756983251311e-05
train/learning_rate,6580.0,1.974584120034706e-05
train/learning_rate,6600.0,1.9714043446583673e-05
train/learning_rate,6620.0,1.9682176571222953e-05
train/learning_rate,6640.0,1.9650242393254302e-05
train/learning_rate,6660.0,1.9618239093688317e-05
train/learning_rate,6680.0,1.95861684915144e-05
train/learning_rate,6700.0,1.9554032405721955e-05
train/learning_rate,6720.0,1.952182901732158e-05
train/learning_rate,6740.0,1.9489558326313272e-05
train/learning_rate,6760.0,1.9457222151686437e-05
train/learning_rate,6780.0,1.9424820493441075e-05
train/learning_rate,6800.0,1.9392353351577185e-05
train/learning_rate,6820.0,1.9359820726094767e-05
train/learning_rate,6840.0,1.9327222616993822e-05
train/learning_rate,6860.0,1.9294562662253156e-05
train/learning_rate,6880.0,1.9261837223893963e-05
train/learning_rate,6900.0,1.922904630191624e-05
train/learning_rate,6920.0,1.91961935342988e-05
train/learning_rate,6940.0,1.9163278921041638e-05
train/learning_rate,6960.0,1.913030064315535e-05
train/learning_rate,6980.0,1.909725870063994e-05
train/learning_rate,7000.0,1.9064156731474213e-05
train/learning_rate,7020.0,1.9030992916668765e-05
train/learning_rate,7040.0,1.8997767256223597e-05
train/learning_rate,7060.0,1.8964479750138707e-05
train/learning_rate,7080.0,1.89311322174035e-05
train/learning_rate,7100.0,1.8897724658017978e-05
train/learning_rate,7120.0,1.8864257071982138e-05
train/learning_rate,7140.0,1.883072945929598e-05
train/learning_rate,7160.0,1.879714363894891e-05
train/learning_rate,7180.0,1.8763499610940926e-05
train/learning_rate,7200.0,1.8729795556282625e-05
train/learning_rate,7220.0,1.869603329396341e-05
train/learning_rate,7240.0,1.8662212823983282e-05
train/learning_rate,7260.0,1.8628335965331644e-05
train/learning_rate,7280.0,1.8594400899019092e-05
train/learning_rate,7300.0,1.856040944403503e-05
train/learning_rate,7320.0,1.852636160037946e-05
train/learning_rate,7340.0,1.8492259187041782e-05
train/learning_rate,7360.0,1.845809856604319e-05
train/learning_rate,7380.0,1.8423885194351897e-05
train/learning_rate,7400.0,1.8389615433989093e-05
train/learning_rate,7420.0,1.835528928495478e-05
train/learning_rate,7440.0,1.8320910385227762e-05
train/learning_rate,7460.0,1.8286478734808043e-05
train/learning_rate,7480.0,1.8251992514706217e-05
train/learning_rate,7500.0,1.8217451724922284e-05
train/learning_rate,7520.0,1.8182860003435053e-05
train/learning_rate,7540.0,1.814821553125512e-05
train/learning_rate,7560.0,1.811351830838248e-05
train/learning_rate,7580.0,1.807876833481714e-05
train/learning_rate,7600.0,1.8043969248537906e-05
train/learning_rate,7620.0,1.8009117411565967e-05
train/learning_rate,7640.0,1.797421464289073e-05
train/learning_rate,7660.0,1.7939262761501595e-05
train/learning_rate,7680.0,1.7904259948409162e-05
train/learning_rate,7700.0,1.7869208022602834e-05
train/learning_rate,7720.0,1.783410698408261e-05
train/learning_rate,7740.0,1.779895683284849e-05
train/learning_rate,7760.0,1.7763757568900473e-05
train/learning_rate,7780.0,1.7728511011227965e-05
train/learning_rate,7800.0,1.7693217159830965e-05
train/learning_rate,7820.0,1.765787419572007e-05
train/learning_rate,7840.0,1.7622485756874084e-05
train/learning_rate,7860.0,1.7587050024303608e-05
train/learning_rate,7880.0,1.755156699800864e-05
train/learning_rate,7900.0,1.751603849697858e-05
train/learning_rate,7920.0,1.7480464521213435e-05
train/learning_rate,7940.0,1.7444846889702603e-05
train/learning_rate,7960.0,1.740918196446728e-05
train/learning_rate,7980.0,1.737347338348627e-05
train/learning_rate,8000.0,1.7337721146759577e-05
train/learning_rate,8020.0,1.7301925254287198e-05
train/learning_rate,8040.0,1.7266085706069134e-05
train/learning_rate,8060.0,1.723020432109479e-05
train/learning_rate,8080.0,1.7194279280374758e-05
train/learning_rate,8100.0,1.7158310583909042e-05
train/learning_rate,8120.0,1.712230186967645e-05
train/learning_rate,8140.0,1.7086251318687573e-05
train/learning_rate,8160.0,1.7050158930942416e-05
train/learning_rate,8180.0,1.701402652543038e-05
train/learning_rate,8200.0,1.697785410215147e-05
train/learning_rate,8220.0,1.6941639842116274e-05
train/learning_rate,8240.0,1.6905387383303605e-05
train/learning_rate,8260.0,1.686909672571346e-05
train/learning_rate,8280.0,1.683276605035644e-05
train/learning_rate,8300.0,1.6796397176221944e-05
train/learning_rate,8320.0,1.675998828432057e-05
train/learning_rate,8340.0,1.6723543012631126e-05
train/learning_rate,8360.0,1.668706136115361e-05
train/learning_rate,8380.0,1.665054151089862e-05
train/learning_rate,8400.0,1.661398528085556e-05
train/learning_rate,8420.0,1.657739449001383e-05
train/learning_rate,8440.0,1.6540765500394627e-05
train/learning_rate,8460.0,1.6504101949976757e-05
train/learning_rate,8480.0,1.646740383876022e-05
train/learning_rate,8500.0,1.643066934775561e-05
train/learning_rate,8520.0,1.639390211494174e-05
train/learning_rate,8540.0,1.63571003213292e-05
train/learning_rate,8560.0,1.6320265785907395e-05
train/learning_rate,8580.0,1.6283396689686924e-05
train/learning_rate,8600.0,1.6246496670646593e-05
train/learning_rate,8620.0,1.6209562090807594e-05
train/learning_rate,8640.0,1.6172596588148735e-05
train/learning_rate,8660.0,1.6135600162670016e-05
train/learning_rate,8680.0,1.6098570995382033e-05
train/learning_rate,8700.0,1.6061512724263594e-05
train/learning_rate,8720.0,1.602442171133589e-05
train/learning_rate,8740.0,1.598730159457773e-05
train/learning_rate,8760.0,1.5950152373989113e-05
train/learning_rate,8780.0,1.591297404957004e-05
train/learning_rate,8800.0,1.5875764802331105e-05
train/learning_rate,8820.0,1.5838528270251118e-05
train/learning_rate,8840.0,1.5801264453330077e-05
train/learning_rate,8860.0,1.576397153257858e-05
train/learning_rate,8880.0,1.572665132698603e-05
train/learning_rate,8900.0,1.568930565554183e-05
train/learning_rate,8920.0,1.5651932699256577e-05
train/learning_rate,8940.0,1.561453245813027e-05
train/learning_rate,8960.0,1.5577106751152314e-05
train/learning_rate,8980.0,1.553965557832271e-05
train/learning_rate,9000.0,1.5502178939641453e-05
train/learning_rate,9020.0,1.5464678654097952e-05
train/learning_rate,9040.0,1.54271529027028e-05
train/learning_rate,9060.0,1.5389605323434807e-05
train/learning_rate,9080.0,1.5352032278315164e-05
train/learning_rate,9100.0,1.531443740532268e-05
train/learning_rate,9120.0,1.5276818885467947e-05
train/learning_rate,9140.0,1.523917762824567e-05
train/learning_rate,9160.0,1.5201515452645253e-05
train/learning_rate,9180.0,1.5163831449171994e-05
train/learning_rate,9200.0,1.5126125617825892e-05
train/learning_rate,9220.0,1.508839977759635e-05
train/learning_rate,9240.0,1.5050653018988669e-05
train/learning_rate,9260.0,1.5012886251497548e-05
train/learning_rate,9280.0,1.497510038461769e-05
train/learning_rate,9300.0,1.4937295418349095e-05
train/learning_rate,9320.0,1.4899471352691762e-05
train/learning_rate,9340.0,1.4861628187645692e-05
train/learning_rate,9360.0,1.4823767742200289e-05
train/learning_rate,9380.0,1.4785890016355552e-05
train/learning_rate,9400.0,1.474799410061678e-05
train/learning_rate,9420.0,1.4710081813973375e-05
train/learning_rate,9440.0,1.4672153156425338e-05
train/learning_rate,9460.0,1.463420812797267e-05
train/learning_rate,9480.0,1.4596247638110071e-05
train/learning_rate,9500.0,1.4558272596332245e-05
train/learning_rate,9520.0,1.4520281183649786e-05
train/learning_rate,9540.0,1.44822761285468e-05
train/learning_rate,9560.0,1.4444257431023289e-05
train/learning_rate,9580.0,1.4406224181584548e-05
train/learning_rate,9600.0,1.4368178199219983e-05
train/learning_rate,9620.0,1.4330119483929593e-05
train/learning_rate,9640.0,1.4292047126218677e-05
train/learning_rate,9660.0,1.4253963854571339e-05
train/learning_rate,9680.0,1.4215867849998176e-05
train/learning_rate,9700.0,1.4177760931488592e-05
train/learning_rate,9720.0,1.4139644008537289e-05
train/learning_rate,9740.0,1.4101515262154862e-05
train/learning_rate,9760.0,1.4063377420825418e-05
train/learning_rate,9780.0,1.4025228665559553e-05
train/learning_rate,9800.0,1.3987071724841371e-05
train/learning_rate,9820.0,1.394890477968147e-05
train/learning_rate,9840.0,1.3910729649069253e-05
train/learning_rate,9860.0,1.387254633300472e-05
train/learning_rate,9880.0,1.3834355740982573e-05
train/learning_rate,9900.0,1.3796157873002812e-05
train/learning_rate,9920.0,1.3757952729065437e-05
train/learning_rate,9940.0,1.3719740309170447e-05
train/learning_rate,9960.0,1.3681522432307247e-05
train/learning_rate,9980.0,1.3643299098475836e-05
train/learning_rate,10000.0,1.3605069398181513e-05
train/learning_rate,10020.0,1.356683515041368e-05
train/learning_rate,10040.0,1.352859635517234e-05
train/learning_rate,10060.0,1.3490353921952192e-05
train/learning_rate,10080.0,1.3452106941258535e-05
train/learning_rate,10100.0,1.3413857232080773e-05
train/learning_rate,10120.0,1.3375603884924203e-05
train/learning_rate,10140.0,1.3337347809283528e-05
train/learning_rate,10160.0,1.329908991465345e-05
train/learning_rate,10180.0,1.3260830201033968e-05
train/learning_rate,10200.0,1.3222569577919785e-05
train/learning_rate,10220.0,1.3184307135816198e-05
train/learning_rate,10240.0,1.314604469371261e-05
train/learning_rate,10260.0,1.3107781342114322e-05
train/learning_rate,10280.0,1.3069518900010735e-05
train/learning_rate,10300.0,1.3031256457907148e-05
train/learning_rate,10320.0,1.2992995834792964e-05
train/learning_rate,10340.0,1.295473521167878e-05
train/learning_rate,10360.0,1.2916477317048702e-05
train/learning_rate,10380.0,1.2878221241408028e-05
train/learning_rate,10400.0,1.2839967894251458e-05
train/learning_rate,10420.0,1.2801717275578994e-05
train/learning_rate,10440.0,1.2763470294885337e-05
train/learning_rate,10460.0,1.2725226952170487e-05
train/learning_rate,10480.0,1.2686988156929146e-05
train/learning_rate,10500.0,1.2648753909161314e-05
train/learning_rate,10520.0,1.2610524208866991e-05
train/learning_rate,10540.0,1.2572299965540878e-05
train/learning_rate,10560.0,1.2534081179182976e-05
train/learning_rate,10580.0,1.2495868759287987e-05
train/learning_rate,10600.0,1.245766270585591e-05
train/learning_rate,10620.0,1.2419463928381447e-05
train/learning_rate,10640.0,1.2381271517369896e-05
train/learning_rate,10660.0,1.2343088201305363e-05
train/learning_rate,10680.0,1.2304912161198445e-05
train/learning_rate,10700.0,1.2266745216038544e-05
train/learning_rate,10720.0,1.2228586456330959e-05
train/learning_rate,10740.0,1.2190437701065093e-05
train/learning_rate,10760.0,1.2152298040746246e-05
train/learning_rate,10780.0,1.2114168384869117e-05
train/learning_rate,10800.0,1.207604964292841e-05
train/learning_rate,10820.0,1.2037941814924125e-05
train/learning_rate,10840.0,1.1999845810350962e-05
train/learning_rate,10860.0,1.196176071971422e-05
train/learning_rate,10880.0,1.1923687452508602e-05
train/learning_rate,10900.0,1.1885626918228809e-05
train/learning_rate,10920.0,1.1847580026369542e-05
train/learning_rate,10940.0,1.1809544957941398e-05
train/learning_rate,10960.0,1.1771524441428483e-05
train/learning_rate,10980.0,1.1733518476830795e-05
train/learning_rate,11000.0,1.1695526154653635e-05
train/learning_rate,11020.0,1.1657549293886404e-05
train/learning_rate,11040.0,1.1619586985034402e-05
train/learning_rate,11060.0,1.158164013759233e-05
train/learning_rate,11080.0,1.154370966105489e-05
train/learning_rate,11100.0,1.1505796464916784e-05
train/learning_rate,11120.0,1.1467898730188608e-05
train/learning_rate,11140.0,1.1430019185354467e-05
train/learning_rate,11160.0,1.139215692091966e-05
train/learning_rate,11180.0,1.1354311936884187e-05
train/learning_rate,11200.0,1.1316486052237451e-05
train/learning_rate,11220.0,1.1278679266979452e-05
train/learning_rate,11240.0,1.124089158111019e-05
train/learning_rate,11260.0,1.1203122994629666e-05
train/learning_rate,11280.0,1.116537441703258e-05
train/learning_rate,11300.0,1.1127645848318934e-05
train/learning_rate,11320.0,1.1089938197983429e-05
train/learning_rate,11340.0,1.1052252375520766e-05
train/learning_rate,11360.0,1.1014587471436244e-05
train/learning_rate,11380.0,1.0976944395224564e-05
train/learning_rate,11400.0,1.0939324056380428e-05
train/learning_rate,11420.0,1.0901726454903837e-05
train/learning_rate,11440.0,1.086415159079479e-05
train/learning_rate,11460.0,1.082660037354799e-05
train/learning_rate,11480.0,1.0789072803163435e-05
train/learning_rate,11500.0,1.0751569789135829e-05
train/learning_rate,11520.0,1.0714090421970468e-05
train/learning_rate,11540.0,1.0676637430151459e-05
train/learning_rate,11560.0,1.0639208994689398e-05
train/learning_rate,11580.0,1.0601806934573688e-05
train/learning_rate,11600.0,1.0564430340309627e-05
train/learning_rate,11620.0,1.052708103088662e-05
train/learning_rate,11640.0,1.0489759006304666e-05
train/learning_rate,11660.0,1.0452463357069064e-05
train/learning_rate,11680.0,1.0415195902169216e-05
train/learning_rate,11700.0,1.0377956641605124e-05
train/learning_rate,11720.0,1.0340745575376786e-05
train/learning_rate,11740.0,1.0303563612978905e-05
train/learning_rate,11760.0,1.0266411663906183e-05
train/learning_rate,11780.0,1.0229288818663917e-05
train/learning_rate,11800.0,1.019219598674681e-05
train/learning_rate,11820.0,1.0155133168154862e-05
train/learning_rate,11840.0,1.0118102181877475e-05
train/learning_rate,11860.0,1.0081101208925247e-05
train/learning_rate,11880.0,1.0044132977782283e-05
train/learning_rate,11900.0,1.0007195669459179e-05
train/learning_rate,11920.0,9.970291102945339e-06
train/learning_rate,11940.0,9.933420187735464e-06
train/learning_rate,11960.0,9.896581104840152e-06
train/learning_rate,11980.0,9.859776582743507e-06
train/learning_rate,12000.0,9.823005711950827e-06
train/learning_rate,12020.0,9.786268492462113e-06
train/learning_rate,12040.0,9.749566743266769e-06
train/learning_rate,12060.0,9.712899554870091e-06
train/learning_rate,12080.0,9.676267836766783e-06
train/learning_rate,12100.0,9.639671588956844e-06
train/learning_rate,12120.0,9.603111720934976e-06
train/learning_rate,12140.0,9.56658914219588e-06
train/learning_rate,12160.0,9.530102943244856e-06
train/learning_rate,12180.0,9.493654033576604e-06
train/learning_rate,12200.0,9.457242413191125e-06
train/learning_rate,12220.0,9.420869901077822e-06
train/learning_rate,12240.0,9.384534678247292e-06
train/learning_rate,12260.0,9.34823947318364e-06
train/learning_rate,12280.0,9.311982466897462e-06
train/learning_rate,12300.0,9.275765478378162e-06
train/learning_rate,12320.0,9.23958850762574e-06
train/learning_rate,12340.0,9.203452464134898e-06
train/learning_rate,12360.0,9.167356438410934e-06
train/learning_rate,12380.0,9.13130133994855e-06
train/learning_rate,12400.0,9.095288078242447e-06
train/learning_rate,12420.0,9.059316653292626e-06
train/learning_rate,12440.0,9.023387065099087e-06
train/learning_rate,12460.0,8.98750022315653e-06
train/learning_rate,12480.0,8.951656127464958e-06
train/learning_rate,12500.0,8.91585568751907e-06
train/learning_rate,12520.0,8.880098903318867e-06
train/learning_rate,12540.0,8.844386684359051e-06
train/learning_rate,12560.0,8.80871812114492e-06
train/learning_rate,12580.0,8.773095032665879e-06
train/learning_rate,12600.0,8.737516509427223e-06
train/learning_rate,12620.0,8.701983460923657e-06
train/learning_rate,12640.0,8.66649679664988e-06
train/learning_rate,12660.0,8.631056516605895e-06
train/learning_rate,12680.0,8.5956626207917e-06
train/learning_rate,12700.0,8.560316018701997e-06
train/learning_rate,12720.0,8.525015800842084e-06
train/learning_rate,12740.0,8.489764695696067e-06
train/learning_rate,12760.0,8.454560884274542e-06
train/learning_rate,12780.0,8.419406185566913e-06
train/learning_rate,12800.0,8.384299690078478e-06
train/learning_rate,12820.0,8.349242307303939e-06
train/learning_rate,12840.0,8.314234946737997e-06
train/learning_rate,12860.0,8.279277608380653e-06
train/learning_rate,12880.0,8.244370292231906e-06
train/learning_rate,12900.0,8.209513907786459e-06
train/learning_rate,12920.0,8.17470845504431e-06
train/learning_rate,12940.0,8.139954843500163e-06
train/learning_rate,12960.0,8.105252163659316e-06
train/learning_rate,12980.0,8.07060223451117e-06
train/learning_rate,13000.0,8.036004146561027e-06
train/learning_rate,13020.0,8.001459718798287e-06
train/learning_rate,13040.0,7.96696804172825e-06
train/learning_rate,13060.0,7.932530024845619e-06
train/learning_rate,13080.0,7.898145668150391e-06
train/learning_rate,13100.0,7.86381588113727e-06
train/learning_rate,13120.0,7.829539754311554e-06
train/learning_rate,13140.0,7.795320016157348e-06
train/learning_rate,13160.0,7.761154847685248e-06
train/learning_rate,13180.0,7.727045158389956e-06
train/learning_rate,13200.0,7.692991857766174e-06
train/learning_rate,13220.0,7.658994945813902e-06
train/learning_rate,13240.0,7.6250548772804905e-06
train/learning_rate,13260.0,7.591172106913291e-06
train/learning_rate,13280.0,7.557346634712303e-06
train/learning_rate,13300.0,7.523578460677527e-06
train/learning_rate,13320.0,7.489868949051015e-06
train/learning_rate,13340.0,7.456218099832768e-06
train/learning_rate,13360.0,7.422625458275434e-06
train/learning_rate,13380.0,7.389092388621066e-06
train/learning_rate,13400.0,7.355618890869664e-06
train/learning_rate,13420.0,7.322205419768579e-06
train/learning_rate,13440.0,7.288851975317812e-06
train/learning_rate,13460.0,7.255559467012063e-06
train/learning_rate,13480.0,7.222327440103982e-06
train/learning_rate,13500.0,7.18915680408827e-06
train/learning_rate,13520.0,7.1560480137122795e-06
train/learning_rate,13540.0,7.123001068976009e-06
train/learning_rate,13560.0,7.0900164246268105e-06
train/learning_rate,13580.0,7.057094535412034e-06
train/learning_rate,13600.0,7.02423540133168e-06
train/learning_rate,13620.0,6.99143993188045e-06
train/learning_rate,13640.0,6.958707672310993e-06
train/learning_rate,13660.0,6.926039986865362e-06
train/learning_rate,13680.0,6.893436420796206e-06
train/learning_rate,13700.0,6.860897428850876e-06
train/learning_rate,13720.0,6.828423465776723e-06
train/learning_rate,13740.0,6.796014986321097e-06
train/learning_rate,13760.0,6.763671990483999e-06
train/learning_rate,13780.0,6.731395387760131e-06
train/learning_rate,13800.0,6.6991851781494915e-06
train/learning_rate,13820.0,6.667041361652082e-06
train/learning_rate,13840.0,6.634964847762603e-06
train/learning_rate,13860.0,6.602955636481056e-06
train/learning_rate,13880.0,6.571014182554791e-06
train/learning_rate,13900.0,6.5391409407311585e-06
train/learning_rate,13920.0,6.507335456262808e-06
train/learning_rate,13940.0,6.475599093391793e-06
train/learning_rate,13960.0,6.443931852118112e-06
train/learning_rate,13980.0,6.412334187189117e-06
train/learning_rate,14000.0,6.380805643857457e-06
train/learning_rate,14020.0,6.349347586365184e-06
train/learning_rate,14040.0,6.317959559964947e-06
train/learning_rate,14060.0,6.286642474151449e-06
train/learning_rate,14080.0,6.2553958741773386e-06
train/learning_rate,14100.0,6.224221124284668e-06
train/learning_rate,14120.0,6.193117769726086e-06
train/learning_rate,14140.0,6.162086719996296e-06
train/learning_rate,14160.0,6.131127520347945e-06
train/learning_rate,14180.0,6.100241080275737e-06
train/learning_rate,14200.0,6.069427854527021e-06
train/learning_rate,14220.0,6.038687388354447e-06
train/learning_rate,14240.0,6.008020591252716e-06
train/learning_rate,14260.0,5.97742791796918e-06
train/learning_rate,14280.0,5.946909368503839e-06
train/learning_rate,14300.0,5.916465397604043e-06
train/learning_rate,14320.0,5.886096460017143e-06
train/learning_rate,14340.0,5.855802100995788e-06
train/learning_rate,14360.0,5.825583684782032e-06
train/learning_rate,14380.0,5.795440756628523e-06
train/learning_rate,14400.0,5.765374226029962e-06
train/learning_rate,14420.0,5.735384092986351e-06
train/learning_rate,14440.0,5.705470357497688e-06
train/learning_rate,14460.0,5.675633929058677e-06
train/learning_rate,14480.0,5.6458748076693155e-06
train/learning_rate,14500.0,5.616192993329605e-06
train/learning_rate,14520.0,5.586589850281598e-06
train/learning_rate,14540.0,5.557064469030593e-06
train/learning_rate,14560.0,5.5276177590712905e-06
train/learning_rate,14580.0,5.498249720403692e-06
train/learning_rate,14600.0,5.468961262522498e-06
train/learning_rate,14620.0,5.439751930680359e-06
train/learning_rate,14640.0,5.4106226343719754e-06
train/learning_rate,14660.0,5.381573373597348e-06
train/learning_rate,14680.0,5.352604148356477e-06
train/learning_rate,14700.0,5.323715868144063e-06
train/learning_rate,14720.0,5.2949089877074584e-06
train/learning_rate,14740.0,5.266183052299311e-06
train/learning_rate,14760.0,5.237538516666973e-06
train/learning_rate,14780.0,5.208976290305145e-06
train/learning_rate,14800.0,5.180495918466477e-06
train/learning_rate,14820.0,5.15209831064567e-06
train/learning_rate,14840.0,5.123783012095373e-06
train/learning_rate,14860.0,5.09555138705764e-06
train/learning_rate,14880.0,5.0674025260377675e-06
train/learning_rate,14900.0,5.039337793277809e-06
train/learning_rate,14920.0,5.011356734030414e-06
train/learning_rate,14940.0,4.983460257790284e-06
train/learning_rate,14960.0,4.955647909810068e-06
train/learning_rate,14980.0,4.927920599584468e-06
train/learning_rate,15000.0,4.900278327113483e-06
train/learning_rate,15020.0,4.872721092397114e-06
train/learning_rate,15040.0,4.845250259677414e-06
train/learning_rate,15060.0,4.81786491945968e-06
train/learning_rate,15080.0,4.790565981238615e-06
train/learning_rate,15100.0,4.763353445014218e-06
train/learning_rate,15120.0,4.73622776553384e-06
train/learning_rate,15140.0,4.709188942797482e-06
train/learning_rate,15160.0,4.682237886299845e-06
train/learning_rate,15180.0,4.655374596040929e-06
train/learning_rate,15200.0,4.628598617273383e-06
train/learning_rate,15220.0,4.60191131423926e-06
train/learning_rate,15240.0,4.57531268693856e-06
train/learning_rate,15260.0,4.5488022806239314e-06
train/learning_rate,15280.0,4.522381459537428e-06
train/learning_rate,15300.0,4.496049314184347e-06
train/learning_rate,15320.0,4.469807208806742e-06
train/learning_rate,15340.0,4.443655143404612e-06
train/learning_rate,15360.0,4.417592663230607e-06
train/learning_rate,15380.0,4.3916211325267795e-06
train/learning_rate,15400.0,4.365739641798427e-06
train/learning_rate,15420.0,4.339949555287603e-06
train/learning_rate,15440.0,4.3142508729943074e-06
train/learning_rate,15460.0,4.288643140171189e-06
train/learning_rate,15480.0,4.263127266312949e-06
train/learning_rate,15500.0,4.23770370616694e-06
train/learning_rate,15520.0,4.212372004985809e-06
train/learning_rate,15540.0,4.18713307226426e-06
train/learning_rate,15560.0,4.161986908002291e-06
train/learning_rate,15580.0,4.136933966947254e-06
train/learning_rate,15600.0,4.1119742490991484e-06
train/learning_rate,15620.0,4.087107754457975e-06
train/learning_rate,15640.0,4.062335392518435e-06
train/learning_rate,15660.0,4.037657163280528e-06
train/learning_rate,15680.0,4.013073521491606e-06
train/learning_rate,15700.0,3.988584012404317e-06
train/learning_rate,15720.0,3.9641895455133636e-06
train/learning_rate,15740.0,3.939890120818745e-06
train/learning_rate,15760.0,3.915686193067813e-06
train/learning_rate,15780.0,3.891577762260567e-06
train/learning_rate,15800.0,3.8675652831443585e-06
train/learning_rate,15820.0,3.843648755719187e-06
train/learning_rate,15840.0,3.819828634732403e-06
train/learning_rate,15860.0,3.7961051475576824e-06
train/learning_rate,15880.0,3.7724785215687007e-06
train/learning_rate,15900.0,3.7489492115128087e-06
train/learning_rate,15920.0,3.725516990016331e-06
train/learning_rate,15940.0,3.7021823118266184e-06
train/learning_rate,15960.0,3.678945631691022e-06
train/learning_rate,15980.0,3.6558069496095413e-06
train/learning_rate,16000.0,3.6327667203295277e-06
train/learning_rate,16020.0,3.6098247164773056e-06
train/learning_rate,16040.0,3.5869818475475768e-06
train/learning_rate,16060.0,3.5642378861666657e-06
train/learning_rate,16080.0,3.541593059708248e-06
train/learning_rate,16100.0,3.5190478229196742e-06
train/learning_rate,16120.0,3.49660240317462e-06
train/learning_rate,16140.0,3.4742568004730856e-06
train/learning_rate,16160.0,3.4520114695624216e-06
train/learning_rate,16180.0,3.4298666378163034e-06
train/learning_rate,16200.0,3.407822305234731e-06
train/learning_rate,16220.0,3.3858789265650557e-06
train/learning_rate,16240.0,3.3640367291809525e-06
train/learning_rate,16260.0,3.3422957130824216e-06
train/learning_rate,16280.0,3.3206563330168137e-06
train/learning_rate,16300.0,3.2991188163578045e-06
train/learning_rate,16320.0,3.2776831631053938e-06
train/learning_rate,16340.0,3.256350055380608e-06
train/learning_rate,16360.0,3.235119038436096e-06
train/learning_rate,16380.0,3.21399102176656e-06
train/learning_rate,16400.0,3.1929657779983245e-06
train/learning_rate,16420.0,3.1720435345050646e-06
train/learning_rate,16440.0,3.1512247460341314e-06
train/learning_rate,16460.0,3.130509412585525e-06
train/learning_rate,16480.0,3.109897988906596e-06
train/learning_rate,16500.0,3.0893904749973444e-06
train/learning_rate,16520.0,3.068987098231446e-06
train/learning_rate,16540.0,3.048688085982576e-06
train/learning_rate,16560.0,3.0284938929980854e-06
train/learning_rate,16580.0,3.0084042919042986e-06
train/learning_rate,16600.0,2.9884197374485666e-06
train/learning_rate,16620.0,2.9685406843782403e-06
train/learning_rate,16640.0,2.948766905319644e-06
train/learning_rate,16660.0,2.9290986276464537e-06
train/learning_rate,16680.0,2.909536533479695e-06
train/learning_rate,16700.0,2.890080168072018e-06
train/learning_rate,16720.0,2.870730213544448e-06
train/learning_rate,16740.0,2.851486897270661e-06
train/learning_rate,16760.0,2.8323499918769812e-06
train/learning_rate,16780.0,2.81331995211076e-06
train/learning_rate,16800.0,2.7943970053456724e-06
train/learning_rate,16820.0,2.775581378955394e-06
train/learning_rate,16840.0,2.7568733003136003e-06
train/learning_rate,16860.0,2.7382727694202913e-06
train/learning_rate,16880.0,2.7197800136491423e-06
train/learning_rate,16900.0,2.701395260373829e-06
train/learning_rate,16920.0,2.6831187369680265e-06
train/learning_rate,16940.0,2.6649506708054105e-06
train/learning_rate,16960.0,2.6468912892596563e-06
train/learning_rate,16980.0,2.628940592330764e-06
train/learning_rate,17000.0,2.611098807392409e-06
train/learning_rate,17020.0,2.5933663891919423e-06
train/learning_rate,17040.0,2.5757431103556883e-06
train/learning_rate,17060.0,2.558229425630998e-06
train/learning_rate,17080.0,2.5408255623915466e-06
train/learning_rate,17100.0,2.5235315206373343e-06
train/learning_rate,17120.0,2.506347300368361e-06
train/learning_rate,17140.0,2.4892735837056534e-06
train/learning_rate,17160.0,2.472310370649211e-06
train/learning_rate,17180.0,2.4554574338253587e-06
train/learning_rate,17200.0,2.4387154553551227e-06
train/learning_rate,17220.0,2.422084435238503e-06
train/learning_rate,17240.0,2.405564600849175e-06
train/learning_rate,17260.0,2.3891559521871386e-06
train/learning_rate,17280.0,2.372858943999745e-06
train/learning_rate,17300.0,2.3566733489133185e-06
train/learning_rate,17320.0,2.34059962167521e-06
train/learning_rate,17340.0,2.3246377622854197e-06
train/learning_rate,17360.0,2.3087882254912984e-06
train/learning_rate,17380.0,2.2930507839191705e-06
train/learning_rate,17400.0,2.277425892316387e-06
train/learning_rate,17420.0,2.2619137780566234e-06
train/learning_rate,17440.0,2.246514213766204e-06
train/learning_rate,17460.0,2.2312276541924803e-06
train/learning_rate,17480.0,2.216054326709127e-06
train/learning_rate,17500.0,2.2009942313161446e-06
train/learning_rate,17520.0,2.186047368013533e-06
train/learning_rate,17540.0,2.1712141915486427e-06
train/learning_rate,17560.0,2.156494701921474e-06
train/learning_rate,17580.0,2.1418891265057027e-06
train/learning_rate,17600.0,2.1273976926750038e-06
train/learning_rate,17620.0,2.113020173055702e-06
train/learning_rate,17640.0,2.0987572497688234e-06
train/learning_rate,17660.0,2.084608695440693e-06
train/learning_rate,17680.0,2.0705747374449857e-06
train/learning_rate,17700.0,2.0566556031553773e-06
train/learning_rate,17720.0,2.042851292571868e-06
train/learning_rate,17740.0,2.0291620330681326e-06
train/learning_rate,17760.0,2.015588052017847e-06
train/learning_rate,17780.0,2.0021293494210113e-06
train/learning_rate,17800.0,1.9887861526513007e-06
train/learning_rate,17820.0,1.9755586890823906e-06
train/learning_rate,17840.0,1.962446958714281e-06
train/learning_rate,17860.0,1.9494509615469724e-06
train/learning_rate,17880.0,1.936571152327815e-06
train/learning_rate,17900.0,1.923807303683134e-06
train/learning_rate,17920.0,1.9111598703602795e-06
train/learning_rate,17940.0,1.8986289660460898e-06
train/learning_rate,17960.0,1.886214477053727e-06
train/learning_rate,17980.0,1.8739167444437044e-06
train/learning_rate,18000.0,1.8617357682160218e-06
train/learning_rate,18020.0,1.849671662057517e-06
train/learning_rate,18040.0,1.8377247670287034e-06
train/learning_rate,18060.0,1.8258949694427429e-06
train/learning_rate,18080.0,1.8141824966733111e-06
train/learning_rate,18100.0,1.8025874624072458e-06
train/learning_rate,18120.0,1.7911099803313846e-06
train/learning_rate,18140.0,1.7797501641325653e-06
train/learning_rate,18160.0,1.7685082411844633e-06
train/learning_rate,18180.0,1.7573840978002409e-06
train/learning_rate,18200.0,1.7463779613535735e-06
train/learning_rate,18220.0,1.7354900592181366e-06
train/learning_rate,18240.0,1.7247202777070925e-06
train/learning_rate,18260.0,1.7140689578809543e-06
train/learning_rate,18280.0,1.703536099739722e-06
train/learning_rate,18300.0,1.6931218169702333e-06
train/learning_rate,18320.0,1.682826223259326e-06
train/learning_rate,18340.0,1.6726494322938379e-06
train/learning_rate,18360.0,1.6625914440737688e-06
train/learning_rate,18380.0,1.652652599659632e-06
train/learning_rate,18400.0,1.6428327853645897e-06
train/learning_rate,18420.0,1.6331321148754796e-06
train/learning_rate,18440.0,1.623550929252815e-06
train/learning_rate,18460.0,1.6140890011229203e-06
train/learning_rate,18480.0,1.6047466715463088e-06
train/learning_rate,18500.0,1.5955239405229804e-06
train/learning_rate,18520.0,1.5864208080529352e-06
train/learning_rate,18540.0,1.5774376151966862e-06
train/learning_rate,18560.0,1.5685742482673959e-06
train/learning_rate,18580.0,1.5598308209519018e-06
train/learning_rate,18600.0,1.5512075606238795e-06
train/learning_rate,18620.0,1.5427043535964913e-06
train/learning_rate,18640.0,1.5343215409302502e-06
train/learning_rate,18660.0,1.5260588952514809e-06
train/learning_rate,18680.0,1.5179167576206964e-06
train/learning_rate,18700.0,1.509895128037897e-06
train/learning_rate,18720.0,1.50199412018992e-06
train/learning_rate,18740.0,1.4942137340767658e-06
train/learning_rate,18760.0,1.486554083385272e-06
train/learning_rate,18780.0,1.4790153954891139e-06
train/learning_rate,18800.0,1.4715974430146161e-06
train/learning_rate,18820.0,1.464300567022292e-06
train/learning_rate,18840.0,1.4571247675121413e-06
train/learning_rate,18860.0,1.450070044484164e-06
train/learning_rate,18880.0,1.443136625312036e-06
train/learning_rate,18900.0,1.436324396308919e-06
train/learning_rate,18920.0,1.4296335848484887e-06
train/learning_rate,18940.0,1.423064190930745e-06
train/learning_rate,18960.0,1.4166162145556882e-06
train/learning_rate,18980.0,1.4102898830969934e-06
train/learning_rate,19000.0,1.4040851965546608e-06
train/learning_rate,19020.0,1.3980021549286903e-06
train/learning_rate,19040.0,1.3920408719059196e-06
train/learning_rate,19060.0,1.3862013474863488e-06
train/learning_rate,19080.0,1.3804838090436533e-06
train/learning_rate,19100.0,1.3748881428909954e-06
train/learning_rate,19120.0,1.3694144627152127e-06
train/learning_rate,19140.0,1.3640627685163054e-06
train/learning_rate,19160.0,1.3588332876679488e-06
train/learning_rate,19180.0,1.3537259064833052e-06
train/learning_rate,19200.0,1.3487407386492123e-06
train/learning_rate,19220.0,1.3438778978525079e-06
train/learning_rate,19240.0,1.3391372704063542e-06
train/learning_rate,19260.0,1.3345190836844267e-06
train/learning_rate,19280.0,1.3300232239998877e-06
train/learning_rate,19300.0,1.3256499187264126e-06
train/learning_rate,19320.0,1.3213990541771636e-06
train/learning_rate,19340.0,1.3172707440389786e-06
train/learning_rate,19360.0,1.3132651019986952e-06
train/learning_rate,19380.0,1.3093820143694757e-06
train/learning_rate,19400.0,1.3056215948381578e-06
train/learning_rate,19420.0,1.3019839570915792e-06
train/learning_rate,19440.0,1.2984689874429023e-06
train/learning_rate,19460.0,1.2950769132658024e-06
train/learning_rate,19480.0,1.2918075071866042e-06
train/learning_rate,19500.0,1.2886611102658208e-06
train/learning_rate,19520.0,1.2856374951297767e-06
train/learning_rate,19540.0,1.2827367754653096e-06
train/learning_rate,19560.0,1.2799590649592574e-06
train/learning_rate,19580.0,1.27730436361162e-06
train/learning_rate,19600.0,1.2747725577355595e-06
train/learning_rate,19620.0,1.2723638747047517e-06
train/learning_rate,19640.0,1.2700783145191963e-06
train/learning_rate,19660.0,1.267915649805218e-06
train/learning_rate,19680.0,1.26587622162333e-06
train/learning_rate,19700.0,1.2639599162866944e-06
train/learning_rate,19720.0,1.2621667337953113e-06
train/learning_rate,19740.0,1.2604966741491808e-06
train/learning_rate,19760.0,1.2589498510351405e-06
train/learning_rate,19780.0,1.2575261507663527e-06
train/learning_rate,19800.0,1.256225687029655e-06
train/learning_rate,19820.0,1.2550484598250478e-06
train/learning_rate,19840.0,1.2539944691525307e-06
train/learning_rate,19860.0,1.2530637150121038e-06
train/learning_rate,19880.0,1.2522563110906049e-06
train/learning_rate,19900.0,1.2515720300143585e-06
train/learning_rate,19920.0,1.25101109915704e-06
train/learning_rate,19940.0,1.2505734048318118e-06
train/learning_rate,19960.0,1.2502590607255115e-06
train/learning_rate,19980.0,1.2500679531513015e-06
train/learning_rate,20000.0,1.2500001957960194e-06
train/gradient_norm_before_clip,1.0,0.22569088637828827
train/gradient_norm_before_clip,20.0,0.09392417222261429
train/gradient_norm_before_clip,40.0,0.230888232588768
train/gradient_norm_before_clip,60.0,0.11828791350126266
train/gradient_norm_before_clip,80.0,0.25688841938972473
train/gradient_norm_before_clip,100.0,0.16634342074394226
train/gradient_norm_before_clip,120.0,0.16330629587173462
train/gradient_norm_before_clip,140.0,0.10889477282762527
train/gradient_norm_before_clip,160.0,0.21389484405517578
train/gradient_norm_before_clip,180.0,0.12235814332962036
train/gradient_norm_before_clip,200.0,0.16159461438655853
train/gradient_norm_before_clip,220.0,0.20005199313163757
train/gradient_norm_before_clip,240.0,0.19111065566539764
train/gradient_norm_before_clip,260.0,0.3347121477127075
train/gradient_norm_before_clip,280.0,0.28278419375419617
train/gradient_norm_before_clip,300.0,0.12429571896791458
train/gradient_norm_before_clip,320.0,0.163183331489563
train/gradient_norm_before_clip,340.0,0.23595000803470612
train/gradient_norm_before_clip,360.0,0.11960159987211227
train/gradient_norm_before_clip,380.0,0.11944623291492462
train/gradient_norm_before_clip,400.0,0.14684395492076874
train/gradient_norm_before_clip,420.0,0.1654210090637207
train/gradient_norm_before_clip,440.0,0.3169395923614502
train/gradient_norm_before_clip,460.0,0.09600334614515305
train/gradient_norm_before_clip,480.0,0.11573116481304169
train/gradient_norm_before_clip,500.0,0.1542462408542633
train/gradient_norm_before_clip,520.0,0.09072943031787872
train/gradient_norm_before_clip,540.0,0.40030282735824585
train/gradient_norm_before_clip,560.0,0.06782261282205582
train/gradient_norm_before_clip,580.0,0.24598121643066406
train/gradient_norm_before_clip,600.0,0.12237364798784256
train/gradient_norm_before_clip,620.0,0.257353812456131
train/gradient_norm_before_clip,640.0,0.4864788353443146
train/gradient_norm_before_clip,660.0,0.2168719321489334
train/gradient_norm_before_clip,680.0,0.09369754046201706
train/gradient_norm_before_clip,700.0,0.21635963022708893
train/gradient_norm_before_clip,720.0,0.2276686578989029
train/gradient_norm_before_clip,740.0,0.1742192953824997
train/gradient_norm_before_clip,760.0,0.05334259569644928
train/gradient_norm_before_clip,780.0,0.1727014183998108
train/gradient_norm_before_clip,800.0,0.07422886043787003
train/gradient_norm_before_clip,820.0,0.14289559423923492
train/gradient_norm_before_clip,840.0,0.2589884400367737
train/gradient_norm_before_clip,860.0,0.12084357440471649
train/gradient_norm_before_clip,880.0,0.10158417373895645
train/gradient_norm_before_clip,900.0,0.1824743002653122
train/gradient_norm_before_clip,920.0,0.09315488487482071
train/gradient_norm_before_clip,940.0,0.1672215461730957
train/gradient_norm_before_clip,960.0,0.290844202041626
train/gradient_norm_before_clip,980.0,0.08395607769489288
train/gradient_norm_before_clip,1000.0,0.3573300540447235
train/gradient_norm_before_clip,1020.0,0.3009495735168457
train/gradient_norm_before_clip,1040.0,0.09340237081050873
train/gradient_norm_before_clip,1060.0,0.12770982086658478
train/gradient_norm_before_clip,1080.0,0.12227170169353485
train/gradient_norm_before_clip,1100.0,0.10981865227222443
train/gradient_norm_before_clip,1120.0,0.248076930642128
train/gradient_norm_before_clip,1140.0,0.12473274767398834
train/gradient_norm_before_clip,1160.0,0.1766236126422882
train/gradient_norm_before_clip,1180.0,0.2260933518409729
train/gradient_norm_before_clip,1200.0,0.16247481107711792
train/gradient_norm_before_clip,1220.0,0.28567543625831604
train/gradient_norm_before_clip,1240.0,0.22134007513523102
train/gradient_norm_before_clip,1260.0,0.10118323564529419
train/gradient_norm_before_clip,1280.0,0.11036977916955948
train/gradient_norm_before_clip,1300.0,0.20108433067798615
train/gradient_norm_before_clip,1320.0,0.2976627051830292
train/gradient_norm_before_clip,1340.0,0.10281659662723541
train/gradient_norm_before_clip,1360.0,0.08040764182806015
train/gradient_norm_before_clip,1380.0,0.3189658224582672
train/gradient_norm_before_clip,1400.0,0.23868925869464874
train/gradient_norm_before_clip,1420.0,0.2191411703824997
train/gradient_norm_before_clip,1440.0,0.21558290719985962
train/gradient_norm_before_clip,1460.0,0.11515013128519058
train/gradient_norm_before_clip,1480.0,0.10989392548799515
train/gradient_norm_before_clip,1500.0,0.08803234249353409
train/gradient_norm_before_clip,1520.0,0.12255062907934189
train/gradient_norm_before_clip,1540.0,0.19185282289981842
train/gradient_norm_before_clip,1560.0,0.12375152856111526
train/gradient_norm_before_clip,1580.0,0.31589701771736145
train/gradient_norm_before_clip,1600.0,0.17093095183372498
train/gradient_norm_before_clip,1620.0,0.07264036685228348
train/gradient_norm_before_clip,1640.0,0.1380072683095932
train/gradient_norm_before_clip,1660.0,0.0962490439414978
train/gradient_norm_before_clip,1680.0,0.21280115842819214
train/gradient_norm_before_clip,1700.0,0.10437708348035812
train/gradient_norm_before_clip,1720.0,0.14708970487117767
train/gradient_norm_before_clip,1740.0,0.1074058786034584
train/gradient_norm_before_clip,1760.0,0.2547565996646881
train/gradient_norm_before_clip,1780.0,0.12790270149707794
train/gradient_norm_before_clip,1800.0,0.27423807978630066
train/gradient_norm_before_clip,1820.0,0.13028715550899506
train/gradient_norm_before_clip,1840.0,0.19007617235183716
train/gradient_norm_before_clip,1860.0,0.14033612608909607
train/gradient_norm_before_clip,1880.0,0.11865342408418655
train/gradient_norm_before_clip,1900.0,0.15551458299160004
train/gradient_norm_before_clip,1920.0,0.1489764153957367
train/gradient_norm_before_clip,1940.0,0.09596923738718033
train/gradient_norm_before_clip,1960.0,0.10384038835763931
train/gradient_norm_before_clip,1980.0,0.20491573214530945
train/gradient_norm_before_clip,2000.0,0.1313452422618866
train/gradient_norm_before_clip,2020.0,0.1358862668275833
train/gradient_norm_before_clip,2040.0,0.23661912977695465
train/gradient_norm_before_clip,2060.0,0.21980531513690948
train/gradient_norm_before_clip,2080.0,0.2758381962776184
train/gradient_norm_before_clip,2100.0,0.16673755645751953
train/gradient_norm_before_clip,2120.0,0.274688720703125
train/gradient_norm_before_clip,2140.0,0.12732262909412384
train/gradient_norm_before_clip,2160.0,0.10348688811063766
train/gradient_norm_before_clip,2180.0,0.1347481608390808
train/gradient_norm_before_clip,2200.0,0.38341036438941956
train/gradient_norm_before_clip,2220.0,0.15261095762252808
train/gradient_norm_before_clip,2240.0,0.5542511343955994
train/gradient_norm_before_clip,2260.0,0.21399667859077454
train/gradient_norm_before_clip,2280.0,0.07471427321434021
train/gradient_norm_before_clip,2300.0,0.20474861562252045
train/gradient_norm_before_clip,2320.0,0.19911527633666992
train/gradient_norm_before_clip,2340.0,0.10547629743814468
train/gradient_norm_before_clip,2360.0,0.0960996076464653
train/gradient_norm_before_clip,2380.0,0.1600736528635025
train/gradient_norm_before_clip,2400.0,0.11744298040866852
train/gradient_norm_before_clip,2420.0,0.21959808468818665
train/gradient_norm_before_clip,2440.0,0.2892080545425415
train/gradient_norm_before_clip,2460.0,0.25192737579345703
train/gradient_norm_before_clip,2480.0,0.0751366913318634
train/gradient_norm_before_clip,2500.0,0.32549744844436646
train/gradient_norm_before_clip,2520.0,0.09718038141727448
train/gradient_norm_before_clip,2540.0,0.10430324822664261
train/gradient_norm_before_clip,2560.0,0.18973538279533386
train/gradient_norm_before_clip,2580.0,0.0791197195649147
train/gradient_norm_before_clip,2600.0,0.19577240943908691
train/gradient_norm_before_clip,2620.0,0.30049028992652893
train/gradient_norm_before_clip,2640.0,0.10269199311733246
train/gradient_norm_before_clip,2660.0,0.48404890298843384
train/gradient_norm_before_clip,2680.0,0.09515167772769928
train/gradient_norm_before_clip,2700.0,0.21916310489177704
train/gradient_norm_before_clip,2720.0,0.09367083758115768
train/gradient_norm_before_clip,2740.0,0.2772948443889618
train/gradient_norm_before_clip,2760.0,0.39602622389793396
train/gradient_norm_before_clip,2780.0,0.1832345575094223
train/gradient_norm_before_clip,2800.0,0.16012278199195862
train/gradient_norm_before_clip,2820.0,0.28722482919692993
train/gradient_norm_before_clip,2840.0,0.23420055210590363
train/gradient_norm_before_clip,2860.0,0.16644909977912903
train/gradient_norm_before_clip,2880.0,0.1532350480556488
train/gradient_norm_before_clip,2900.0,0.5665138363838196
train/gradient_norm_before_clip,2920.0,0.15763357281684875
train/gradient_norm_before_clip,2940.0,0.31814712285995483
train/gradient_norm_before_clip,2960.0,0.22703847289085388
train/gradient_norm_before_clip,2980.0,0.13547034561634064
train/gradient_norm_before_clip,3000.0,0.14946043491363525
train/gradient_norm_before_clip,3020.0,0.12442580610513687
train/gradient_norm_before_clip,3040.0,0.15464940667152405
train/gradient_norm_before_clip,3060.0,0.17368333041667938
train/gradient_norm_before_clip,3080.0,0.21533770859241486
train/gradient_norm_before_clip,3100.0,0.17893603444099426
train/gradient_norm_before_clip,3120.0,0.1909976452589035
train/gradient_norm_before_clip,3140.0,0.1022845059633255
train/gradient_norm_before_clip,3160.0,0.09282950311899185
train/gradient_norm_before_clip,3180.0,0.1795656383037567
train/gradient_norm_before_clip,3200.0,0.16249002516269684
train/gradient_norm_before_clip,3220.0,0.2216140329837799
train/gradient_norm_before_clip,3240.0,0.24524806439876556
train/gradient_norm_before_clip,3260.0,0.22018517553806305
train/gradient_norm_before_clip,3280.0,0.09702902287244797
train/gradient_norm_before_clip,3300.0,0.2578219473361969
train/gradient_norm_before_clip,3320.0,0.10526945441961288
train/gradient_norm_before_clip,3340.0,0.23419564962387085
train/gradient_norm_before_clip,3360.0,0.3558088541030884
train/gradient_norm_before_clip,3380.0,0.09867888689041138
train/gradient_norm_before_clip,3400.0,0.40283530950546265
train/gradient_norm_before_clip,3420.0,0.26162388920783997
train/gradient_norm_before_clip,3440.0,0.1816815584897995
train/gradient_norm_before_clip,3460.0,0.1311260312795639
train/gradient_norm_before_clip,3480.0,0.2480155974626541
train/gradient_norm_before_clip,3500.0,0.29526105523109436
train/gradient_norm_before_clip,3520.0,0.10618017613887787
train/gradient_norm_before_clip,3540.0,0.09811627864837646
train/gradient_norm_before_clip,3560.0,0.3649279475212097
train/gradient_norm_before_clip,3580.0,0.1408689022064209
train/gradient_norm_before_clip,3600.0,0.28374311327934265
train/gradient_norm_before_clip,3620.0,0.27650120854377747
train/gradient_norm_before_clip,3640.0,0.41488176584243774
train/gradient_norm_before_clip,3660.0,0.08262131363153458
train/gradient_norm_before_clip,3680.0,0.16161058843135834
train/gradient_norm_before_clip,3700.0,0.35064736008644104
train/gradient_norm_before_clip,3720.0,0.21837732195854187
train/gradient_norm_before_clip,3740.0,0.10535266995429993
train/gradient_norm_before_clip,3760.0,0.20035111904144287
train/gradient_norm_before_clip,3780.0,0.2209002524614334
train/gradient_norm_before_clip,3800.0,0.1594618707895279
train/gradient_norm_before_clip,3820.0,0.28984519839286804
train/gradient_norm_before_clip,3840.0,0.20140928030014038
train/gradient_norm_before_clip,3860.0,0.06201666593551636
train/gradient_norm_before_clip,3880.0,0.30841493606567383
train/gradient_norm_before_clip,3900.0,0.28765368461608887
train/gradient_norm_before_clip,3920.0,0.1072489470243454
train/gradient_norm_before_clip,3940.0,0.1561518907546997
train/gradient_norm_before_clip,3960.0,0.08299265801906586
train/gradient_norm_before_clip,3980.0,0.12204486131668091
train/gradient_norm_before_clip,4000.0,0.22437076270580292
train/gradient_norm_before_clip,4020.0,0.2628701329231262
train/gradient_norm_before_clip,4040.0,0.19464799761772156
train/gradient_norm_before_clip,4060.0,0.17159809172153473
train/gradient_norm_before_clip,4080.0,0.10233961045742035
train/gradient_norm_before_clip,4100.0,0.0931309163570404
train/gradient_norm_before_clip,4120.0,0.27635470032691956
train/gradient_norm_before_clip,4140.0,0.1661587506532669
train/gradient_norm_before_clip,4160.0,0.19870902597904205
train/gradient_norm_before_clip,4180.0,0.1840551644563675
train/gradient_norm_before_clip,4200.0,0.2588141858577728
train/gradient_norm_before_clip,4220.0,0.18481257557868958
train/gradient_norm_before_clip,4240.0,0.25262463092803955
train/gradient_norm_before_clip,4260.0,0.08335091173648834
train/gradient_norm_before_clip,4280.0,0.13367199897766113
train/gradient_norm_before_clip,4300.0,0.13918042182922363
train/gradient_norm_before_clip,4320.0,0.2084546685218811
train/gradient_norm_before_clip,4340.0,0.20053039491176605
train/gradient_norm_before_clip,4360.0,0.3326011896133423
train/gradient_norm_before_clip,4380.0,0.19102826714515686
train/gradient_norm_before_clip,4400.0,0.08244914561510086
train/gradient_norm_before_clip,4420.0,0.15825589001178741
train/gradient_norm_before_clip,4440.0,0.3227052390575409
train/gradient_norm_before_clip,4460.0,0.1500299572944641
train/gradient_norm_before_clip,4480.0,0.09846264868974686
train/gradient_norm_before_clip,4500.0,0.06713083386421204
train/gradient_norm_before_clip,4520.0,0.14259810745716095
train/gradient_norm_before_clip,4540.0,0.31588470935821533
train/gradient_norm_before_clip,4560.0,0.2917605936527252
train/gradient_norm_before_clip,4580.0,0.16873401403427124
train/gradient_norm_before_clip,4600.0,0.24153652787208557
train/gradient_norm_before_clip,4620.0,0.26976141333580017
train/gradient_norm_before_clip,4640.0,0.1760566532611847
train/gradient_norm_before_clip,4660.0,0.20984333753585815
train/gradient_norm_before_clip,4680.0,0.1647624671459198
train/gradient_norm_before_clip,4700.0,0.18979164958000183
train/gradient_norm_before_clip,4720.0,0.18217039108276367
train/gradient_norm_before_clip,4740.0,0.10585582256317139
train/gradient_norm_before_clip,4760.0,0.2165440171957016
train/gradient_norm_before_clip,4780.0,0.17317979037761688
train/gradient_norm_before_clip,4800.0,0.1662820726633072
train/gradient_norm_before_clip,4820.0,0.2644580006599426
train/gradient_norm_before_clip,4840.0,0.15552350878715515
train/gradient_norm_before_clip,4860.0,0.08170419186353683
train/gradient_norm_before_clip,4880.0,0.24453817307949066
train/gradient_norm_before_clip,4900.0,0.12675102055072784
train/gradient_norm_before_clip,4920.0,0.24036508798599243
train/gradient_norm_before_clip,4940.0,0.2739120125770569
train/gradient_norm_before_clip,4960.0,0.1634189784526825
train/gradient_norm_before_clip,4980.0,0.21971915662288666
train/gradient_norm_before_clip,5000.0,0.07823596894741058
train/gradient_norm_before_clip,5020.0,0.33897513151168823
train/gradient_norm_before_clip,5040.0,0.14417560398578644
train/gradient_norm_before_clip,5060.0,0.09521236270666122
train/gradient_norm_before_clip,5080.0,0.18998749554157257
train/gradient_norm_before_clip,5100.0,0.13169749081134796
train/gradient_norm_before_clip,5120.0,0.1914549171924591
train/gradient_norm_before_clip,5140.0,0.19943849742412567
train/gradient_norm_before_clip,5160.0,0.4020673930644989
train/gradient_norm_before_clip,5180.0,0.27787840366363525
train/gradient_norm_before_clip,5200.0,0.13679516315460205
train/gradient_norm_before_clip,5220.0,0.21491087973117828
train/gradient_norm_before_clip,5240.0,0.22342324256896973
train/gradient_norm_before_clip,5260.0,0.09369953721761703
train/gradient_norm_before_clip,5280.0,0.16662204265594482
train/gradient_norm_before_clip,5300.0,0.158653125166893
train/gradient_norm_before_clip,5320.0,0.09801016747951508
train/gradient_norm_before_clip,5340.0,0.11425561457872391
train/gradient_norm_before_clip,5360.0,0.28090131282806396
train/gradient_norm_before_clip,5380.0,0.19249242544174194
train/gradient_norm_before_clip,5400.0,0.35160449147224426
train/gradient_norm_before_clip,5420.0,0.18092018365859985
train/gradient_norm_before_clip,5440.0,0.14860153198242188
train/gradient_norm_before_clip,5460.0,0.13221287727355957
train/gradient_norm_before_clip,5480.0,0.15336163341999054
train/gradient_norm_before_clip,5500.0,0.14220000803470612
train/gradient_norm_before_clip,5520.0,0.12252261489629745
train/gradient_norm_before_clip,5540.0,0.08627208322286606
train/gradient_norm_before_clip,5560.0,0.13262084126472473
train/gradient_norm_before_clip,5580.0,0.08131676912307739
train/gradient_norm_before_clip,5600.0,0.2122422158718109
train/gradient_norm_before_clip,5620.0,0.08827666193246841
train/gradient_norm_before_clip,5640.0,0.37884724140167236
train/gradient_norm_before_clip,5660.0,0.21096161007881165
train/gradient_norm_before_clip,5680.0,0.2270401567220688
train/gradient_norm_before_clip,5700.0,0.2531574070453644
train/gradient_norm_before_clip,5720.0,0.10314877331256866
train/gradient_norm_before_clip,5740.0,0.08276776224374771
train/gradient_norm_before_clip,5760.0,0.19829174876213074
train/gradient_norm_before_clip,5780.0,0.09670208394527435
train/gradient_norm_before_clip,5800.0,0.10843569040298462
train/gradient_norm_before_clip,5820.0,0.08167020231485367
train/gradient_norm_before_clip,5840.0,0.12955912947654724
train/gradient_norm_before_clip,5860.0,0.10538195818662643
train/gradient_norm_before_clip,5880.0,0.13537773489952087
train/gradient_norm_before_clip,5900.0,0.20514167845249176
train/gradient_norm_before_clip,5920.0,0.30559563636779785
train/gradient_norm_before_clip,5940.0,0.2135908454656601
train/gradient_norm_before_clip,5960.0,0.10212957113981247
train/gradient_norm_before_clip,5980.0,0.10341516137123108
train/gradient_norm_before_clip,6000.0,0.12245466560125351
train/gradient_norm_before_clip,6020.0,0.4772856831550598
train/gradient_norm_before_clip,6040.0,0.2009182572364807
train/gradient_norm_before_clip,6060.0,0.2426646202802658
train/gradient_norm_before_clip,6080.0,0.15966756641864777
train/gradient_norm_before_clip,6100.0,0.1954241842031479
train/gradient_norm_before_clip,6120.0,0.0885550007224083
train/gradient_norm_before_clip,6140.0,0.12698562443256378
train/gradient_norm_before_clip,6160.0,0.11589647829532623
train/gradient_norm_before_clip,6180.0,0.20979979634284973
train/gradient_norm_before_clip,6200.0,0.12621760368347168
train/gradient_norm_before_clip,6220.0,0.16489073634147644
train/gradient_norm_before_clip,6240.0,0.09509704262018204
train/gradient_norm_before_clip,6260.0,0.12849602103233337
train/gradient_norm_before_clip,6280.0,0.07024285942316055
train/gradient_norm_before_clip,6300.0,0.16956180334091187
train/gradient_norm_before_clip,6320.0,0.08693302422761917
train/gradient_norm_before_clip,6340.0,0.26198312640190125
train/gradient_norm_before_clip,6360.0,0.10166734457015991
train/gradient_norm_before_clip,6380.0,0.09274742007255554
train/gradient_norm_before_clip,6400.0,0.17910918593406677
train/gradient_norm_before_clip,6420.0,0.1413470357656479
train/gradient_norm_before_clip,6440.0,0.1448666751384735
train/gradient_norm_before_clip,6460.0,0.08679167926311493
train/gradient_norm_before_clip,6480.0,0.13801348209381104
train/gradient_norm_before_clip,6500.0,0.25903645157814026
train/gradient_norm_before_clip,6520.0,0.3189374804496765
train/gradient_norm_before_clip,6540.0,0.10300099849700928
train/gradient_norm_before_clip,6560.0,0.13619394600391388
train/gradient_norm_before_clip,6580.0,0.14239951968193054
train/gradient_norm_before_clip,6600.0,0.17121480405330658
train/gradient_norm_before_clip,6620.0,0.18750222027301788
train/gradient_norm_before_clip,6640.0,0.34583789110183716
train/gradient_norm_before_clip,6660.0,0.07739115506410599
train/gradient_norm_before_clip,6680.0,0.2941097021102905
train/gradient_norm_before_clip,6700.0,0.12861211597919464
train/gradient_norm_before_clip,6720.0,0.1416931003332138
train/gradient_norm_before_clip,6740.0,0.18877030909061432
train/gradient_norm_before_clip,6760.0,0.24876774847507477
train/gradient_norm_before_clip,6780.0,0.08239013701677322
train/gradient_norm_before_clip,6800.0,0.0929502323269844
train/gradient_norm_before_clip,6820.0,0.12366430461406708
train/gradient_norm_before_clip,6840.0,0.12450281530618668
train/gradient_norm_before_clip,6860.0,0.20427629351615906
train/gradient_norm_before_clip,6880.0,0.12709732353687286
train/gradient_norm_before_clip,6900.0,0.09257648885250092
train/gradient_norm_before_clip,6920.0,0.1429012566804886
train/gradient_norm_before_clip,6940.0,0.19519686698913574
train/gradient_norm_before_clip,6960.0,0.07666980475187302
train/gradient_norm_before_clip,6980.0,0.14843671023845673
train/gradient_norm_before_clip,7000.0,0.08481074124574661
train/gradient_norm_before_clip,7020.0,0.3788209855556488
train/gradient_norm_before_clip,7040.0,0.1167064905166626
train/gradient_norm_before_clip,7060.0,0.07680533081293106
train/gradient_norm_before_clip,7080.0,0.0995607078075409
train/gradient_norm_before_clip,7100.0,0.1084270253777504
train/gradient_norm_before_clip,7120.0,0.14621461927890778
train/gradient_norm_before_clip,7140.0,0.16748806834220886
train/gradient_norm_before_clip,7160.0,0.20447097718715668
train/gradient_norm_before_clip,7180.0,0.27451151609420776
train/gradient_norm_before_clip,7200.0,0.11523278057575226
train/gradient_norm_before_clip,7220.0,0.12018226832151413
train/gradient_norm_before_clip,7240.0,0.24083931744098663
train/gradient_norm_before_clip,7260.0,0.24211359024047852
train/gradient_norm_before_clip,7280.0,0.11725325137376785
train/gradient_norm_before_clip,7300.0,0.2744155526161194
train/gradient_norm_before_clip,7320.0,0.12965723872184753
train/gradient_norm_before_clip,7340.0,0.23197107017040253
train/gradient_norm_before_clip,7360.0,0.11872994154691696
train/gradient_norm_before_clip,7380.0,0.15525226294994354
train/gradient_norm_before_clip,7400.0,0.16240975260734558
train/gradient_norm_before_clip,7420.0,0.1535816788673401
train/gradient_norm_before_clip,7440.0,0.21318863332271576
train/gradient_norm_before_clip,7460.0,0.16417479515075684
train/gradient_norm_before_clip,7480.0,0.10981964319944382
train/gradient_norm_before_clip,7500.0,0.14963839948177338
train/gradient_norm_before_clip,7520.0,0.14353859424591064
train/gradient_norm_before_clip,7540.0,0.12323411554098129
train/gradient_norm_before_clip,7560.0,0.2192264199256897
train/gradient_norm_before_clip,7580.0,0.1390145868062973
train/gradient_norm_before_clip,7600.0,0.29980093240737915
train/gradient_norm_before_clip,7620.0,0.16433559358119965
train/gradient_norm_before_clip,7640.0,0.1620100885629654
train/gradient_norm_before_clip,7660.0,0.08960315585136414
train/gradient_norm_before_clip,7680.0,0.10918112099170685
train/gradient_norm_before_clip,7700.0,0.09104771912097931
train/gradient_norm_before_clip,7720.0,0.081675685942173
train/gradient_norm_before_clip,7740.0,0.09673188626766205
train/gradient_norm_before_clip,7760.0,0.0955364778637886
train/gradient_norm_before_clip,7780.0,0.25998181104660034
train/gradient_norm_before_clip,7800.0,0.2718418538570404
train/gradient_norm_before_clip,7820.0,0.1201614961028099
train/gradient_norm_before_clip,7840.0,0.10367181897163391
train/gradient_norm_before_clip,7860.0,0.2823016047477722
train/gradient_norm_before_clip,7880.0,0.07538121938705444
train/gradient_norm_before_clip,7900.0,0.12208116799592972
train/gradient_norm_before_clip,7920.0,0.11082261055707932
train/gradient_norm_before_clip,7940.0,0.15554164350032806
train/gradient_norm_before_clip,7960.0,0.11495018005371094
train/gradient_norm_before_clip,7980.0,0.10409783571958542
train/gradient_norm_before_clip,8000.0,0.26803407073020935
train/gradient_norm_before_clip,8020.0,0.28235912322998047
train/gradient_norm_before_clip,8040.0,0.3427780866622925
train/gradient_norm_before_clip,8060.0,0.27839648723602295
train/gradient_norm_before_clip,8080.0,0.11143624782562256
train/gradient_norm_before_clip,8100.0,0.08764442801475525
train/gradient_norm_before_clip,8120.0,0.18167901039123535
train/gradient_norm_before_clip,8140.0,0.12566761672496796
train/gradient_norm_before_clip,8160.0,0.1435863971710205
train/gradient_norm_before_clip,8180.0,0.17014054954051971
train/gradient_norm_before_clip,8200.0,0.31644219160079956
train/gradient_norm_before_clip,8220.0,0.24559751152992249
train/gradient_norm_before_clip,8240.0,0.09429803490638733
train/gradient_norm_before_clip,8260.0,0.34645363688468933
train/gradient_norm_before_clip,8280.0,0.10293909907341003
train/gradient_norm_before_clip,8300.0,0.21968230605125427
train/gradient_norm_before_clip,8320.0,0.12878160178661346
train/gradient_norm_before_clip,8340.0,0.09015028923749924
train/gradient_norm_before_clip,8360.0,0.09206145256757736
train/gradient_norm_before_clip,8380.0,0.22912052273750305
train/gradient_norm_before_clip,8400.0,0.20905795693397522
train/gradient_norm_before_clip,8420.0,0.13354972004890442
train/gradient_norm_before_clip,8440.0,0.21699491143226624
train/gradient_norm_before_clip,8460.0,0.17629364132881165
train/gradient_norm_before_clip,8480.0,0.2470087707042694
train/gradient_norm_before_clip,8500.0,0.09951191395521164
train/gradient_norm_before_clip,8520.0,0.16841347515583038
train/gradient_norm_before_clip,8540.0,0.14334043860435486
train/gradient_norm_before_clip,8560.0,0.2581568956375122
train/gradient_norm_before_clip,8580.0,0.17592041194438934
train/gradient_norm_before_clip,8600.0,0.28736022114753723
train/gradient_norm_before_clip,8620.0,0.11822196841239929
train/gradient_norm_before_clip,8640.0,0.13837608695030212
train/gradient_norm_before_clip,8660.0,0.11708496510982513
train/gradient_norm_before_clip,8680.0,0.3267027735710144
train/gradient_norm_before_clip,8700.0,0.18953388929367065
train/gradient_norm_before_clip,8720.0,0.08851704746484756
train/gradient_norm_before_clip,8740.0,0.1540139615535736
train/gradient_norm_before_clip,8760.0,0.13878849148750305
train/gradient_norm_before_clip,8780.0,0.09947465360164642
train/gradient_norm_before_clip,8800.0,0.2458593100309372
train/gradient_norm_before_clip,8820.0,0.252195805311203
train/gradient_norm_before_clip,8840.0,0.17207957804203033
train/gradient_norm_before_clip,8860.0,0.21053166687488556
train/gradient_norm_before_clip,8880.0,0.11836802214384079
train/gradient_norm_before_clip,8900.0,0.18673387169837952
train/gradient_norm_before_clip,8920.0,0.24944914877414703
train/gradient_norm_before_clip,8940.0,0.2258967012166977
train/gradient_norm_before_clip,8960.0,0.31880268454551697
train/gradient_norm_before_clip,8980.0,0.08523935824632645
train/gradient_norm_before_clip,9000.0,0.0845528244972229
train/gradient_norm_before_clip,9020.0,0.12326925992965698
train/gradient_norm_before_clip,9040.0,0.21461915969848633
train/gradient_norm_before_clip,9060.0,0.10435380041599274
train/gradient_norm_before_clip,9080.0,0.10636959224939346
train/gradient_norm_before_clip,9100.0,0.20745326578617096
train/gradient_norm_before_clip,9120.0,0.20609042048454285
train/gradient_norm_before_clip,9140.0,0.16062182188034058
train/gradient_norm_before_clip,9160.0,0.2994939684867859
train/gradient_norm_before_clip,9180.0,0.4198961555957794
train/gradient_norm_before_clip,9200.0,0.1402256041765213
train/gradient_norm_before_clip,9220.0,0.1844046264886856
train/gradient_norm_before_clip,9240.0,0.14667879045009613
train/gradient_norm_before_clip,9260.0,0.111842080950737
train/gradient_norm_before_clip,9280.0,0.12681540846824646
train/gradient_norm_before_clip,9300.0,0.09466300159692764
train/gradient_norm_before_clip,9320.0,0.17798730731010437
train/gradient_norm_before_clip,9340.0,0.111365407705307
train/gradient_norm_before_clip,9360.0,0.3530004620552063
train/gradient_norm_before_clip,9380.0,0.11644556373357773
train/gradient_norm_before_clip,9400.0,0.12637370824813843
train/gradient_norm_before_clip,9420.0,0.24475862085819244
train/gradient_norm_before_clip,9440.0,0.10348527133464813
train/gradient_norm_before_clip,9460.0,0.32924559712409973
train/gradient_norm_before_clip,9480.0,0.12016476690769196
train/gradient_norm_before_clip,9500.0,0.18685677647590637
train/gradient_norm_before_clip,9520.0,0.09588608145713806
train/gradient_norm_before_clip,9540.0,0.09631158411502838
train/gradient_norm_before_clip,9560.0,0.1238722875714302
train/gradient_norm_before_clip,9580.0,0.14040282368659973
train/gradient_norm_before_clip,9600.0,0.09615132212638855
train/gradient_norm_before_clip,9620.0,0.28244197368621826
train/gradient_norm_before_clip,9640.0,0.28269630670547485
train/gradient_norm_before_clip,9660.0,0.13156931102275848
train/gradient_norm_before_clip,9680.0,0.18042245507240295
train/gradient_norm_before_clip,9700.0,0.09663797169923782
train/gradient_norm_before_clip,9720.0,0.11914531886577606
train/gradient_norm_before_clip,9740.0,0.10663064569234848
train/gradient_norm_before_clip,9760.0,0.1703229695558548
train/gradient_norm_before_clip,9780.0,0.10939911752939224
train/gradient_norm_before_clip,9800.0,0.11900930106639862
train/gradient_norm_before_clip,9820.0,0.0885138213634491
train/gradient_norm_before_clip,9840.0,0.1312025636434555
train/gradient_norm_before_clip,9860.0,0.30604037642478943
train/gradient_norm_before_clip,9880.0,0.09071166068315506
train/gradient_norm_before_clip,9900.0,0.09544859826564789
train/gradient_norm_before_clip,9920.0,0.18058417737483978
train/gradient_norm_before_clip,9940.0,0.10835419595241547
train/gradient_norm_before_clip,9960.0,0.27951306104660034
train/gradient_norm_before_clip,9980.0,0.09238653630018234
train/gradient_norm_before_clip,10000.0,0.15700985491275787
train/gradient_norm_before_clip,10020.0,0.09493087977170944
train/gradient_norm_before_clip,10040.0,0.14476361870765686
train/gradient_norm_before_clip,10060.0,0.2558906376361847
train/gradient_norm_before_clip,10080.0,0.14802560210227966
train/gradient_norm_before_clip,10100.0,0.12428922206163406
train/gradient_norm_before_clip,10120.0,0.16597813367843628
train/gradient_norm_before_clip,10140.0,0.1245809867978096
train/gradient_norm_before_clip,10160.0,0.11559908092021942
train/gradient_norm_before_clip,10180.0,0.15658466517925262
train/gradient_norm_before_clip,10200.0,0.1611119508743286
train/gradient_norm_before_clip,10220.0,0.1669471710920334
train/gradient_norm_before_clip,10240.0,0.2429949790239334
train/gradient_norm_before_clip,10260.0,0.1713123619556427
train/gradient_norm_before_clip,10280.0,0.11230242252349854
train/gradient_norm_before_clip,10300.0,0.2182324379682541
train/gradient_norm_before_clip,10320.0,0.1118030771613121
train/gradient_norm_before_clip,10340.0,0.13534046709537506
train/gradient_norm_before_clip,10360.0,0.18417920172214508
train/gradient_norm_before_clip,10380.0,0.11730054765939713
train/gradient_norm_before_clip,10400.0,0.18068000674247742
train/gradient_norm_before_clip,10420.0,0.09830348193645477
train/gradient_norm_before_clip,10440.0,0.22248166799545288
train/gradient_norm_before_clip,10460.0,0.21613189578056335
train/gradient_norm_before_clip,10480.0,0.29290473461151123
train/gradient_norm_before_clip,10500.0,0.28253820538520813
train/gradient_norm_before_clip,10520.0,0.17279231548309326
train/gradient_norm_before_clip,10540.0,0.17827898263931274
train/gradient_norm_before_clip,10560.0,0.07384734600782394
train/gradient_norm_before_clip,10580.0,0.1410450041294098
train/gradient_norm_before_clip,10600.0,0.08328831195831299
train/gradient_norm_before_clip,10620.0,0.10597287863492966
train/gradient_norm_before_clip,10640.0,0.08971249312162399
train/gradient_norm_before_clip,10660.0,0.30015650391578674
train/gradient_norm_before_clip,10680.0,0.11539923399686813
train/gradient_norm_before_clip,10700.0,0.21204593777656555
train/gradient_norm_before_clip,10720.0,0.15843985974788666
train/gradient_norm_before_clip,10740.0,0.11886201053857803
train/gradient_norm_before_clip,10760.0,0.0789097473025322
train/gradient_norm_before_clip,10780.0,0.24336521327495575
train/gradient_norm_before_clip,10800.0,0.09255680441856384
train/gradient_norm_before_clip,10820.0,0.11670016497373581
train/gradient_norm_before_clip,10840.0,0.1156393438577652
train/gradient_norm_before_clip,10860.0,0.18653187155723572
train/gradient_norm_before_clip,10880.0,0.2662658989429474
train/gradient_norm_before_clip,10900.0,0.08604922145605087
train/gradient_norm_before_clip,10920.0,0.2741820514202118
train/gradient_norm_before_clip,10940.0,0.18777064979076385
train/gradient_norm_before_clip,10960.0,0.18020479381084442
train/gradient_norm_before_clip,10980.0,0.19256427884101868
train/gradient_norm_before_clip,11000.0,0.12066742032766342
train/gradient_norm_before_clip,11020.0,0.24035190045833588
train/gradient_norm_before_clip,11040.0,0.22690457105636597
train/gradient_norm_before_clip,11060.0,0.2503865659236908
train/gradient_norm_before_clip,11080.0,0.15554216504096985
train/gradient_norm_before_clip,11100.0,0.1685599535703659
train/gradient_norm_before_clip,11120.0,0.1576896756887436
train/gradient_norm_before_clip,11140.0,0.17147158086299896
train/gradient_norm_before_clip,11160.0,0.18874579668045044
train/gradient_norm_before_clip,11180.0,0.08643324673175812
train/gradient_norm_before_clip,11200.0,0.1529814600944519
train/gradient_norm_before_clip,11220.0,0.0932176485657692
train/gradient_norm_before_clip,11240.0,0.26086437702178955
train/gradient_norm_before_clip,11260.0,0.1659097671508789
train/gradient_norm_before_clip,11280.0,0.2636834979057312
train/gradient_norm_before_clip,11300.0,0.15903447568416595
train/gradient_norm_before_clip,11320.0,0.2647179365158081
train/gradient_norm_before_clip,11340.0,0.10898829251527786
train/gradient_norm_before_clip,11360.0,0.10814535617828369
train/gradient_norm_before_clip,11380.0,0.34264862537384033
train/gradient_norm_before_clip,11400.0,0.10270335525274277
train/gradient_norm_before_clip,11420.0,0.16037538647651672
train/gradient_norm_before_clip,11440.0,0.1263946294784546
train/gradient_norm_before_clip,11460.0,0.21825584769248962
train/gradient_norm_before_clip,11480.0,0.20272955298423767
train/gradient_norm_before_clip,11500.0,0.197858527302742
train/gradient_norm_before_clip,11520.0,0.1956920176744461
train/gradient_norm_before_clip,11540.0,0.11609603464603424
train/gradient_norm_before_clip,11560.0,0.151205375790596
train/gradient_norm_before_clip,11580.0,0.16305983066558838
train/gradient_norm_before_clip,11600.0,0.08607947826385498
train/gradient_norm_before_clip,11620.0,0.6532554030418396
train/gradient_norm_before_clip,11640.0,0.08938458561897278
train/gradient_norm_before_clip,11660.0,0.13007113337516785
train/gradient_norm_before_clip,11680.0,0.14929591119289398
train/gradient_norm_before_clip,11700.0,0.11832979321479797
train/gradient_norm_before_clip,11720.0,0.17535482347011566
train/gradient_norm_before_clip,11740.0,0.27161145210266113
train/gradient_norm_before_clip,11760.0,0.1134805828332901
train/gradient_norm_before_clip,11780.0,0.2592468857765198
train/gradient_norm_before_clip,11800.0,0.11101143807172775
train/gradient_norm_before_clip,11820.0,0.06212039664387703
train/gradient_norm_before_clip,11840.0,0.37844184041023254
train/gradient_norm_before_clip,11860.0,0.0957162007689476
train/gradient_norm_before_clip,11880.0,0.08680367469787598
train/gradient_norm_before_clip,11900.0,0.4839737117290497
train/gradient_norm_before_clip,11920.0,0.11588693410158157
train/gradient_norm_before_clip,11940.0,0.1467486470937729
train/gradient_norm_before_clip,11960.0,0.09771867096424103
train/gradient_norm_before_clip,11980.0,0.17911602556705475
train/gradient_norm_before_clip,12000.0,0.0983513668179512
train/gradient_norm_before_clip,12020.0,0.12471820414066315
train/gradient_norm_before_clip,12040.0,0.12826155126094818
train/gradient_norm_before_clip,12060.0,0.11799321323633194
train/gradient_norm_before_clip,12080.0,0.09000295400619507
train/gradient_norm_before_clip,12100.0,0.10949071496725082
train/gradient_norm_before_clip,12120.0,0.1573886275291443
train/gradient_norm_before_clip,12140.0,0.1313377469778061
train/gradient_norm_before_clip,12160.0,0.14081928133964539
train/gradient_norm_before_clip,12180.0,0.09361458569765091
train/gradient_norm_before_clip,12200.0,0.12679290771484375
train/gradient_norm_before_clip,12220.0,0.1700495481491089
train/gradient_norm_before_clip,12240.0,0.11214251071214676
train/gradient_norm_before_clip,12260.0,0.2987346053123474
train/gradient_norm_before_clip,12280.0,0.09151903539896011
train/gradient_norm_before_clip,12300.0,0.12415146082639694
train/gradient_norm_before_clip,12320.0,0.30785009264945984
train/gradient_norm_before_clip,12340.0,0.12514610588550568
train/gradient_norm_before_clip,12360.0,0.11960876733064651
train/gradient_norm_before_clip,12380.0,0.12239670753479004
train/gradient_norm_before_clip,12400.0,0.12962962687015533
train/gradient_norm_before_clip,12420.0,0.12316589057445526
train/gradient_norm_before_clip,12440.0,0.21677003800868988
train/gradient_norm_before_clip,12460.0,0.19112752377986908
train/gradient_norm_before_clip,12480.0,0.12254616618156433
train/gradient_norm_before_clip,12500.0,0.1330389529466629
train/gradient_norm_before_clip,12520.0,0.1068863645195961
train/gradient_norm_before_clip,12540.0,0.11827999353408813
train/gradient_norm_before_clip,12560.0,0.07536965608596802
train/gradient_norm_before_clip,12580.0,0.10618553310632706
train/gradient_norm_before_clip,12600.0,0.07966005802154541
train/gradient_norm_before_clip,12620.0,0.1672665923833847
train/gradient_norm_before_clip,12640.0,0.12284497171640396
train/gradient_norm_before_clip,12660.0,0.100750632584095
train/gradient_norm_before_clip,12680.0,0.19270509481430054
train/gradient_norm_before_clip,12700.0,0.11311862617731094
train/gradient_norm_before_clip,12720.0,0.09260166436433792
train/gradient_norm_before_clip,12740.0,0.10447687655687332
train/gradient_norm_before_clip,12760.0,0.107388935983181
train/gradient_norm_before_clip,12780.0,0.14968284964561462
train/gradient_norm_before_clip,12800.0,0.09806078672409058
train/gradient_norm_before_clip,12820.0,0.14866042137145996
train/gradient_norm_before_clip,12840.0,0.09974769502878189
train/gradient_norm_before_clip,12860.0,0.19375388324260712
train/gradient_norm_before_clip,12880.0,0.13251490890979767
train/gradient_norm_before_clip,12900.0,0.16031533479690552
train/gradient_norm_before_clip,12920.0,0.1557357758283615
train/gradient_norm_before_clip,12940.0,0.1317465603351593
train/gradient_norm_before_clip,12960.0,0.07088212668895721
train/gradient_norm_before_clip,12980.0,0.08338648825883865
train/gradient_norm_before_clip,13000.0,0.11520898342132568
train/gradient_norm_before_clip,13020.0,0.17777341604232788
train/gradient_norm_before_clip,13040.0,0.11744310706853867
train/gradient_norm_before_clip,13060.0,0.09337560832500458
train/gradient_norm_before_clip,13080.0,0.37374916672706604
train/gradient_norm_before_clip,13100.0,0.13303084671497345
train/gradient_norm_before_clip,13120.0,0.25251221656799316
train/gradient_norm_before_clip,13140.0,0.10501427203416824
train/gradient_norm_before_clip,13160.0,0.08419065177440643
train/gradient_norm_before_clip,13180.0,0.09871428459882736
train/gradient_norm_before_clip,13200.0,0.20470330119132996
train/gradient_norm_before_clip,13220.0,0.1364719271659851
train/gradient_norm_before_clip,13240.0,0.10655297338962555
train/gradient_norm_before_clip,13260.0,0.2855468988418579
train/gradient_norm_before_clip,13280.0,0.13427069783210754
train/gradient_norm_before_clip,13300.0,0.11187911778688431
train/gradient_norm_before_clip,13320.0,0.13127325475215912
train/gradient_norm_before_clip,13340.0,0.23030176758766174
train/gradient_norm_before_clip,13360.0,0.13284076750278473
train/gradient_norm_before_clip,13380.0,0.14444302022457123
train/gradient_norm_before_clip,13400.0,0.19308479130268097
train/gradient_norm_before_clip,13420.0,0.145216166973114
train/gradient_norm_before_clip,13440.0,0.09624216705560684
train/gradient_norm_before_clip,13460.0,0.14443688094615936
train/gradient_norm_before_clip,13480.0,0.25829049944877625
train/gradient_norm_before_clip,13500.0,0.10245295614004135
train/gradient_norm_before_clip,13520.0,0.16463670134544373
train/gradient_norm_before_clip,13540.0,0.10327611863613129
train/gradient_norm_before_clip,13560.0,0.11130790412425995
train/gradient_norm_before_clip,13580.0,0.11531470715999603
train/gradient_norm_before_clip,13600.0,0.2096989005804062
train/gradient_norm_before_clip,13620.0,0.11537415534257889
train/gradient_norm_before_clip,13640.0,0.09637895971536636
train/gradient_norm_before_clip,13660.0,0.1721479743719101
train/gradient_norm_before_clip,13680.0,0.2760099768638611
train/gradient_norm_before_clip,13700.0,0.09953182935714722
train/gradient_norm_before_clip,13720.0,0.16189084947109222
train/gradient_norm_before_clip,13740.0,0.18078787624835968
train/gradient_norm_before_clip,13760.0,0.07463125884532928
train/gradient_norm_before_clip,13780.0,0.14569200575351715
train/gradient_norm_before_clip,13800.0,0.12705838680267334
train/gradient_norm_before_clip,13820.0,0.15627840161323547
train/gradient_norm_before_clip,13840.0,0.2554277181625366
train/gradient_norm_before_clip,13860.0,0.10188764333724976
train/gradient_norm_before_clip,13880.0,0.1342421919107437
train/gradient_norm_before_clip,13900.0,0.1439121663570404
train/gradient_norm_before_clip,13920.0,0.11673983186483383
train/gradient_norm_before_clip,13940.0,0.07149934768676758
train/gradient_norm_before_clip,13960.0,0.10974256694316864
train/gradient_norm_before_clip,13980.0,0.08564361929893494
train/gradient_norm_before_clip,14000.0,0.07973618060350418
train/gradient_norm_before_clip,14020.0,0.14811545610427856
train/gradient_norm_before_clip,14040.0,0.11457011103630066
train/gradient_norm_before_clip,14060.0,0.1222328171133995
train/gradient_norm_before_clip,14080.0,0.09915455430746078
train/gradient_norm_before_clip,14100.0,0.13543814420700073
train/gradient_norm_before_clip,14120.0,0.09949187189340591
train/gradient_norm_before_clip,14140.0,0.16963492333889008
train/gradient_norm_before_clip,14160.0,0.2371804267168045
train/gradient_norm_before_clip,14180.0,0.10382191836833954
train/gradient_norm_before_clip,14200.0,0.08424172550439835
train/gradient_norm_before_clip,14220.0,0.1823730319738388
train/gradient_norm_before_clip,14240.0,0.12673600018024445
train/gradient_norm_before_clip,14260.0,0.10626117140054703
train/gradient_norm_before_clip,14280.0,0.10661569982767105
train/gradient_norm_before_clip,14300.0,0.10307266563177109
train/gradient_norm_before_clip,14320.0,0.25943076610565186
train/gradient_norm_before_clip,14340.0,0.11525847017765045
train/gradient_norm_before_clip,14360.0,0.1652112454175949
train/gradient_norm_before_clip,14380.0,0.0943719893693924
train/gradient_norm_before_clip,14400.0,0.1593724489212036
train/gradient_norm_before_clip,14420.0,0.09084586799144745
train/gradient_norm_before_clip,14440.0,0.13418981432914734
train/gradient_norm_before_clip,14460.0,0.1078496053814888
train/gradient_norm_before_clip,14480.0,0.13645818829536438
train/gradient_norm_before_clip,14500.0,0.1774917095899582
train/gradient_norm_before_clip,14520.0,0.300843745470047
train/gradient_norm_before_clip,14540.0,0.17182838916778564
train/gradient_norm_before_clip,14560.0,0.22247298061847687
train/gradient_norm_before_clip,14580.0,0.12914060056209564
train/gradient_norm_before_clip,14600.0,0.27551576495170593
train/gradient_norm_before_clip,14620.0,0.11550746858119965
train/gradient_norm_before_clip,14640.0,0.16971004009246826
train/gradient_norm_before_clip,14660.0,0.229477196931839
train/gradient_norm_before_clip,14680.0,0.13289998471736908
train/gradient_norm_before_clip,14700.0,0.1900033950805664
train/gradient_norm_before_clip,14720.0,0.13435576856136322
train/gradient_norm_before_clip,14740.0,0.13703353703022003
train/gradient_norm_before_clip,14760.0,0.13269059360027313
train/gradient_norm_before_clip,14780.0,0.12126060575246811
train/gradient_norm_before_clip,14800.0,0.202340766787529
train/gradient_norm_before_clip,14820.0,0.2336650937795639
train/gradient_norm_before_clip,14840.0,0.10427406430244446
train/gradient_norm_before_clip,14860.0,0.2219899296760559
train/gradient_norm_before_clip,14880.0,0.2586767077445984
train/gradient_norm_before_clip,14900.0,0.23104426264762878
train/gradient_norm_before_clip,14920.0,0.23501694202423096
train/gradient_norm_before_clip,14940.0,0.15042181313037872
train/gradient_norm_before_clip,14960.0,0.3011317253112793
train/gradient_norm_before_clip,14980.0,0.17613662779331207
train/gradient_norm_before_clip,15000.0,0.11056937277317047
train/gradient_norm_before_clip,15020.0,0.13858768343925476
train/gradient_norm_before_clip,15040.0,0.09547093510627747
train/gradient_norm_before_clip,15060.0,0.10961408168077469
train/gradient_norm_before_clip,15080.0,0.09222802519798279
train/gradient_norm_before_clip,15100.0,0.10097847133874893
train/gradient_norm_before_clip,15120.0,0.1404111683368683
train/gradient_norm_before_clip,15140.0,0.3219570219516754
train/gradient_norm_before_clip,15160.0,0.17651186883449554
train/gradient_norm_before_clip,15180.0,0.09947790205478668
train/gradient_norm_before_clip,15200.0,0.21370504796504974
train/gradient_norm_before_clip,15220.0,0.20759648084640503
train/gradient_norm_before_clip,15240.0,0.22461414337158203
train/gradient_norm_before_clip,15260.0,0.1438598334789276
train/gradient_norm_before_clip,15280.0,0.14505086839199066
train/gradient_norm_before_clip,15300.0,0.14825867116451263
train/gradient_norm_before_clip,15320.0,0.22587335109710693
train/gradient_norm_before_clip,15340.0,0.12948410212993622
train/gradient_norm_before_clip,15360.0,0.16137011349201202
train/gradient_norm_before_clip,15380.0,0.24310137331485748
train/gradient_norm_before_clip,15400.0,0.17022494971752167
train/gradient_norm_before_clip,15420.0,0.16434328258037567
train/gradient_norm_before_clip,15440.0,0.1658114492893219
train/gradient_norm_before_clip,15460.0,0.19279293715953827
train/gradient_norm_before_clip,15480.0,0.16856832802295685
train/gradient_norm_before_clip,15500.0,0.1416541188955307
train/gradient_norm_before_clip,15520.0,0.1462310403585434
train/gradient_norm_before_clip,15540.0,0.1895523965358734
train/gradient_norm_before_clip,15560.0,0.19806508719921112
train/gradient_norm_before_clip,15580.0,0.33537936210632324
train/gradient_norm_before_clip,15600.0,0.1823873072862625
train/gradient_norm_before_clip,15620.0,0.20765306055545807
train/gradient_norm_before_clip,15640.0,0.35116222500801086
train/gradient_norm_before_clip,15660.0,0.09831401705741882
train/gradient_norm_before_clip,15680.0,0.19505007565021515
train/gradient_norm_before_clip,15700.0,0.2064729779958725
train/gradient_norm_before_clip,15720.0,0.08183097094297409
train/gradient_norm_before_clip,15740.0,0.11247467994689941
train/gradient_norm_before_clip,15760.0,0.2429569512605667
train/gradient_norm_before_clip,15780.0,0.22692668437957764
train/gradient_norm_before_clip,15800.0,0.17446142435073853
train/gradient_norm_before_clip,15820.0,0.19747868180274963
train/gradient_norm_before_clip,15840.0,0.10283231735229492
train/gradient_norm_before_clip,15860.0,0.156189426779747
train/gradient_norm_before_clip,15880.0,0.10056871175765991
train/gradient_norm_before_clip,15900.0,0.19407711923122406
train/gradient_norm_before_clip,15920.0,0.3154500126838684
train/gradient_norm_before_clip,15940.0,0.13069401681423187
train/gradient_norm_before_clip,15960.0,0.17620259523391724
train/gradient_norm_before_clip,15980.0,0.24148525297641754
train/gradient_norm_before_clip,16000.0,0.17041002213954926
train/gradient_norm_before_clip,16020.0,0.0954110398888588
train/gradient_norm_before_clip,16040.0,0.19116230309009552
train/gradient_norm_before_clip,16060.0,0.06466875970363617
train/gradient_norm_before_clip,16080.0,0.16004492342472076
train/gradient_norm_before_clip,16100.0,0.13639096915721893
train/gradient_norm_before_clip,16120.0,0.16190756857395172
train/gradient_norm_before_clip,16140.0,0.15113072097301483
train/gradient_norm_before_clip,16160.0,0.11306226253509521
train/gradient_norm_before_clip,16180.0,0.22347359359264374
train/gradient_norm_before_clip,16200.0,0.2000941038131714
train/gradient_norm_before_clip,16220.0,0.14807665348052979
train/gradient_norm_before_clip,16240.0,0.09736338257789612
train/gradient_norm_before_clip,16260.0,0.109500452876091
train/gradient_norm_before_clip,16280.0,0.10118184983730316
train/gradient_norm_before_clip,16300.0,0.1754809319972992
train/gradient_norm_before_clip,16320.0,0.15028999745845795
train/gradient_norm_before_clip,16340.0,0.10219667851924896
train/gradient_norm_before_clip,16360.0,0.08416006714105606
train/gradient_norm_before_clip,16380.0,0.12115277349948883
train/gradient_norm_before_clip,16400.0,0.07192074507474899
train/gradient_norm_before_clip,16420.0,0.14344370365142822
train/gradient_norm_before_clip,16440.0,0.25681543350219727
train/gradient_norm_before_clip,16460.0,0.179945170879364
train/gradient_norm_before_clip,16480.0,0.19321340322494507
train/gradient_norm_before_clip,16500.0,0.16349631547927856
train/gradient_norm_before_clip,16520.0,0.05804779753088951
train/gradient_norm_before_clip,16540.0,0.2480858415365219
train/gradient_norm_before_clip,16560.0,0.20126602053642273
train/gradient_norm_before_clip,16580.0,0.2154841274023056
train/gradient_norm_before_clip,16600.0,0.19908258318901062
train/gradient_norm_before_clip,16620.0,0.0979519784450531
train/gradient_norm_before_clip,16640.0,0.08454450219869614
train/gradient_norm_before_clip,16660.0,0.1317521035671234
train/gradient_norm_before_clip,16680.0,0.1043601781129837
train/gradient_norm_before_clip,16700.0,0.16141940653324127
train/gradient_norm_before_clip,16720.0,0.08586888015270233
train/gradient_norm_before_clip,16740.0,0.15879999101161957
train/gradient_norm_before_clip,16760.0,0.11419998109340668
train/gradient_norm_before_clip,16780.0,0.1452321857213974
train/gradient_norm_before_clip,16800.0,0.10672344267368317
train/gradient_norm_before_clip,16820.0,0.1179460883140564
train/gradient_norm_before_clip,16840.0,0.15580317378044128
train/gradient_norm_before_clip,16860.0,0.13813456892967224
train/gradient_norm_before_clip,16880.0,0.12001045048236847
train/gradient_norm_before_clip,16900.0,0.15039312839508057
train/gradient_norm_before_clip,16920.0,0.10046613961458206
train/gradient_norm_before_clip,16940.0,0.08987385034561157
train/gradient_norm_before_clip,16960.0,0.09553387016057968
train/gradient_norm_before_clip,16980.0,0.12487607449293137
train/gradient_norm_before_clip,17000.0,0.09549594670534134
train/gradient_norm_before_clip,17020.0,0.13355737924575806
train/gradient_norm_before_clip,17040.0,0.10707419365644455
train/gradient_norm_before_clip,17060.0,0.2095617949962616
train/gradient_norm_before_clip,17080.0,0.14123257994651794
train/gradient_norm_before_clip,17100.0,0.11945392191410065
train/gradient_norm_before_clip,17120.0,0.22580449283123016
train/gradient_norm_before_clip,17140.0,0.16659800708293915
train/gradient_norm_before_clip,17160.0,0.14914964139461517
train/gradient_norm_before_clip,17180.0,0.11320245265960693
train/gradient_norm_before_clip,17200.0,0.13447900116443634
train/gradient_norm_before_clip,17220.0,0.13426990807056427
train/gradient_norm_before_clip,17240.0,0.14879174530506134
train/gradient_norm_before_clip,17260.0,0.19286419451236725
train/gradient_norm_before_clip,17280.0,0.10749875009059906
train/gradient_norm_before_clip,17300.0,0.1668616682291031
train/gradient_norm_before_clip,17320.0,0.14727547764778137
train/gradient_norm_before_clip,17340.0,0.18192772567272186
train/gradient_norm_before_clip,17360.0,0.28335174918174744
train/gradient_norm_before_clip,17380.0,0.07318299263715744
train/gradient_norm_before_clip,17400.0,0.14204730093479156
train/gradient_norm_before_clip,17420.0,0.1677614003419876
train/gradient_norm_before_clip,17440.0,0.09671765565872192
train/gradient_norm_before_clip,17460.0,0.1344345360994339
train/gradient_norm_before_clip,17480.0,0.1629101037979126
train/gradient_norm_before_clip,17500.0,0.22120532393455505
train/gradient_norm_before_clip,17520.0,0.12957195937633514
train/gradient_norm_before_clip,17540.0,0.14574848115444183
train/gradient_norm_before_clip,17560.0,0.2037576287984848
train/gradient_norm_before_clip,17580.0,0.08364889025688171
train/gradient_norm_before_clip,17600.0,0.11033830791711807
train/gradient_norm_before_clip,17620.0,0.3087799847126007
train/gradient_norm_before_clip,17640.0,0.1521950215101242
train/gradient_norm_before_clip,17660.0,0.22753265500068665
train/gradient_norm_before_clip,17680.0,0.12575888633728027
train/gradient_norm_before_clip,17700.0,0.09851039201021194
train/gradient_norm_before_clip,17720.0,0.08002789318561554
train/gradient_norm_before_clip,17740.0,0.10438480973243713
train/gradient_norm_before_clip,17760.0,0.2088921070098877
train/gradient_norm_before_clip,17780.0,0.20093217492103577
train/gradient_norm_before_clip,17800.0,0.13223427534103394
train/gradient_norm_before_clip,17820.0,0.13641828298568726
train/gradient_norm_before_clip,17840.0,0.07636240124702454
train/gradient_norm_before_clip,17860.0,0.1163519099354744
train/gradient_norm_before_clip,17880.0,0.15654845535755157
train/gradient_norm_before_clip,17900.0,0.15579846501350403
train/gradient_norm_before_clip,17920.0,0.15675491094589233
train/gradient_norm_before_clip,17940.0,0.16237393021583557
train/gradient_norm_before_clip,17960.0,0.16859669983386993
train/gradient_norm_before_clip,17980.0,0.11508794873952866
train/gradient_norm_before_clip,18000.0,0.3228679597377777
train/gradient_norm_before_clip,18020.0,0.09547197818756104
train/gradient_norm_before_clip,18040.0,0.1618165671825409
train/gradient_norm_before_clip,18060.0,0.1975303292274475
train/gradient_norm_before_clip,18080.0,0.10420022159814835
train/gradient_norm_before_clip,18100.0,0.14537835121154785
train/gradient_norm_before_clip,18120.0,0.15163975954055786
train/gradient_norm_before_clip,18140.0,0.25529536604881287
train/gradient_norm_before_clip,18160.0,0.08906053751707077
train/gradient_norm_before_clip,18180.0,0.19181862473487854
train/gradient_norm_before_clip,18200.0,0.10053324699401855
train/gradient_norm_before_clip,18220.0,0.1386604756116867
train/gradient_norm_before_clip,18240.0,0.10737604647874832
train/gradient_norm_before_clip,18260.0,0.11797887831926346
train/gradient_norm_before_clip,18280.0,0.24187707901000977
train/gradient_norm_before_clip,18300.0,0.22470009326934814
train/gradient_norm_before_clip,18320.0,0.1288907676935196
train/gradient_norm_before_clip,18340.0,0.22883349657058716
train/gradient_norm_before_clip,18360.0,0.14205467700958252
train/gradient_norm_before_clip,18380.0,0.1837484985589981
train/gradient_norm_before_clip,18400.0,0.1393255740404129
train/gradient_norm_before_clip,18420.0,0.09986596554517746
train/gradient_norm_before_clip,18440.0,0.22324863076210022
train/gradient_norm_before_clip,18460.0,0.45617082715034485
train/gradient_norm_before_clip,18480.0,0.13464219868183136
train/gradient_norm_before_clip,18500.0,0.15139910578727722
train/gradient_norm_before_clip,18520.0,0.1422189325094223
train/gradient_norm_before_clip,18540.0,0.0777263417840004
train/gradient_norm_before_clip,18560.0,0.16071128845214844
train/gradient_norm_before_clip,18580.0,0.0921149030327797
train/gradient_norm_before_clip,18600.0,0.11170057952404022
train/gradient_norm_before_clip,18620.0,0.1091543659567833
train/gradient_norm_before_clip,18640.0,0.08183421939611435
train/gradient_norm_before_clip,18660.0,0.1425919234752655
train/gradient_norm_before_clip,18680.0,0.1975657343864441
train/gradient_norm_before_clip,18700.0,0.13482140004634857
train/gradient_norm_before_clip,18720.0,0.20534908771514893
train/gradient_norm_before_clip,18740.0,0.22743681073188782
train/gradient_norm_before_clip,18760.0,0.2213321477174759
train/gradient_norm_before_clip,18780.0,0.08116042613983154
train/gradient_norm_before_clip,18800.0,0.12029518187046051
train/gradient_norm_before_clip,18820.0,0.1356462985277176
train/gradient_norm_before_clip,18840.0,0.1623285710811615
train/gradient_norm_before_clip,18860.0,0.08987130224704742
train/gradient_norm_before_clip,18880.0,0.11814022809267044
train/gradient_norm_before_clip,18900.0,0.26674380898475647
train/gradient_norm_before_clip,18920.0,0.21176594495773315
train/gradient_norm_before_clip,18940.0,0.13516990840435028
train/gradient_norm_before_clip,18960.0,0.10737325251102448
train/gradient_norm_before_clip,18980.0,0.11295980960130692
train/gradient_norm_before_clip,19000.0,0.20319198071956635
train/gradient_norm_before_clip,19020.0,0.2107594907283783
train/gradient_norm_before_clip,19040.0,0.15101124346256256
train/gradient_norm_before_clip,19060.0,0.1677975207567215
train/gradient_norm_before_clip,19080.0,0.1493590772151947
train/gradient_norm_before_clip,19100.0,0.1526648849248886
train/gradient_norm_before_clip,19120.0,0.1753654181957245
train/gradient_norm_before_clip,19140.0,0.10093828290700912
train/gradient_norm_before_clip,19160.0,0.09732174128293991
train/gradient_norm_before_clip,19180.0,0.20655617117881775
train/gradient_norm_before_clip,19200.0,0.09172758460044861
train/gradient_norm_before_clip,19220.0,0.21381448209285736
train/gradient_norm_before_clip,19240.0,0.11105247586965561
train/gradient_norm_before_clip,19260.0,0.17196494340896606
train/gradient_norm_before_clip,19280.0,0.2175215631723404
train/gradient_norm_before_clip,19300.0,0.2500171363353729
train/gradient_norm_before_clip,19320.0,0.13143332302570343
train/gradient_norm_before_clip,19340.0,0.11831006407737732
train/gradient_norm_before_clip,19360.0,0.1308889538049698
train/gradient_norm_before_clip,19380.0,0.11892679333686829
train/gradient_norm_before_clip,19400.0,0.11765483766794205
train/gradient_norm_before_clip,19420.0,0.3211005926132202
train/gradient_norm_before_clip,19440.0,0.11237012594938278
train/gradient_norm_before_clip,19460.0,0.11636507511138916
train/gradient_norm_before_clip,19480.0,0.3566127419471741
train/gradient_norm_before_clip,19500.0,0.14308376610279083
train/gradient_norm_before_clip,19520.0,0.0926440879702568
train/gradient_norm_before_clip,19540.0,0.11647786945104599
train/gradient_norm_before_clip,19560.0,0.1271011233329773
train/gradient_norm_before_clip,19580.0,0.13100972771644592
train/gradient_norm_before_clip,19600.0,0.1387947052717209
train/gradient_norm_before_clip,19620.0,0.11345045268535614
train/gradient_norm_before_clip,19640.0,0.10228712111711502
train/gradient_norm_before_clip,19660.0,0.13666588068008423
train/gradient_norm_before_clip,19680.0,0.1549147665500641
train/gradient_norm_before_clip,19700.0,0.19739341735839844
train/gradient_norm_before_clip,19720.0,0.15770085155963898
train/gradient_norm_before_clip,19740.0,0.12678463757038116
train/gradient_norm_before_clip,19760.0,0.0766252875328064
train/gradient_norm_before_clip,19780.0,0.13981087505817413
train/gradient_norm_before_clip,19800.0,0.23238694667816162
train/gradient_norm_before_clip,19820.0,0.10813391208648682
train/gradient_norm_before_clip,19840.0,0.13306793570518494
train/gradient_norm_before_clip,19860.0,0.1561976820230484
train/gradient_norm_before_clip,19880.0,0.21141482889652252
train/gradient_norm_before_clip,19900.0,0.17456822097301483
train/gradient_norm_before_clip,19920.0,0.19328032433986664
train/gradient_norm_before_clip,19940.0,0.15052156150341034
train/gradient_norm_before_clip,19960.0,0.14827744662761688
train/gradient_norm_before_clip,19980.0,0.08601363003253937
train/gradient_norm_before_clip,20000.0,0.11216459423303604
train_interval/charbonnier,1000.0,0.050830237567424774
train_interval/charbonnier,2000.0,0.05081113800406456
train_interval/charbonnier,3000.0,0.05060924217104912
train_interval/charbonnier,4000.0,0.05046010762453079
train_interval/charbonnier,5000.0,0.050288133323192596
train_interval/charbonnier,6000.0,0.049982745200395584
train_interval/charbonnier,7000.0,0.04971218854188919
train_interval/charbonnier,8000.0,0.04951826483011246
train_interval/charbonnier,9000.0,0.049454864114522934
train_interval/charbonnier,10000.0,0.04910014942288399
train_interval/charbonnier,11000.0,0.04918397590517998
train_interval/charbonnier,12000.0,0.04895743355154991
train_interval/charbonnier,13000.0,0.04868311434984207
train_interval/charbonnier,14000.0,0.04859486594796181
train_interval/charbonnier,15000.0,0.048490602523088455
train_interval/charbonnier,16000.0,0.048214349895715714
train_interval/charbonnier,17000.0,0.04838794842362404
train_interval/charbonnier,18000.0,0.04812890663743019
train_interval/charbonnier,19000.0,0.04794769734144211
train_interval/charbonnier,20000.0,0.04810424894094467
train_interval/l1,1000.0,0.05074606090784073
train_interval/l1,2000.0,0.0507257916033268
train_interval/l1,3000.0,0.05052340775728226
train_interval/l1,4000.0,0.050374727696180344
train_interval/l1,5000.0,0.05020103231072426
train_interval/l1,6000.0,0.04989553987979889
train_interval/l1,7000.0,0.04962484538555145
train_interval/l1,8000.0,0.04943123832345009
train_interval/l1,9000.0,0.049366164952516556
train_interval/l1,10000.0,0.049009859561920166
train_interval/l1,11000.0,0.049096085131168365
train_interval/l1,12000.0,0.04886789247393608
train_interval/l1,13000.0,0.048593733459711075
train_interval/l1,14000.0,0.04850473254919052
train_interval/l1,15000.0,0.04839972034096718
train_interval/l1,16000.0,0.04812312871217728
train_interval/l1,17000.0,0.04829702898859978
train_interval/l1,18000.0,0.04803670570254326
train_interval/l1,19000.0,0.0478547029197216
train_interval/l1,20000.0,0.04801173135638237
train_interval/loss,1000.0,0.0621972531080246
train_interval/loss,2000.0,0.06222420185804367
train_interval/loss,3000.0,0.06188218295574188
train_interval/loss,4000.0,0.06170935556292534
train_interval/loss,5000.0,0.06147679314017296
train_interval/loss,6000.0,0.06113168224692345
train_interval/loss,7000.0,0.06068900600075722
train_interval/loss,8000.0,0.0604555606842041
train_interval/loss,9000.0,0.06033240631222725
train_interval/loss,10000.0,0.059918057173490524
train_interval/loss,11000.0,0.059988416731357574
train_interval/loss,12000.0,0.059692274779081345
train_interval/loss,13000.0,0.05933317914605141
train_interval/loss,14000.0,0.059248168021440506
train_interval/loss,15000.0,0.05909746140241623
train_interval/loss,16000.0,0.05875369906425476
train_interval/loss,17000.0,0.058939483016729355
train_interval/loss,18000.0,0.0586901530623436
train_interval/loss,19000.0,0.058472905308008194
train_interval/loss,20000.0,0.058651890605688095
train_interval/lpips,1000.0,0.22734029591083527
train_interval/lpips,2000.0,0.22826124727725983
train_interval/lpips,3000.0,0.2254587858915329
train_interval/lpips,4000.0,0.22498495876789093
train_interval/lpips,5000.0,0.22377315163612366
train_interval/lpips,6000.0,0.22297874093055725
train_interval/lpips,7000.0,0.21953636407852173
train_interval/lpips,8000.0,0.2187458574771881
train_interval/lpips,9000.0,0.2175508290529251
train_interval/lpips,10000.0,0.21635815501213074
train_interval/lpips,11000.0,0.21608880162239075
train_interval/lpips,12000.0,0.21469682455062866
train_interval/lpips,13000.0,0.2130012810230255
train_interval/lpips,14000.0,0.21306604146957397
train_interval/lpips,15000.0,0.2121371626853943
train_interval/lpips,16000.0,0.21078701317310333
train_interval/lpips,17000.0,0.21103064715862274
train_interval/lpips,18000.0,0.21122492849826813
train_interval/lpips,19000.0,0.21050415933132172
train_interval/lpips,20000.0,0.2109527736902237
train_interval/lpips_weighted,1000.0,0.011367014609277248
train_interval/lpips_weighted,2000.0,0.011413062922656536
train_interval/lpips_weighted,3000.0,0.01127293985337019
train_interval/lpips_weighted,4000.0,0.011249247938394547
train_interval/lpips_weighted,5000.0,0.011188657023012638
train_interval/lpips_weighted,6000.0,0.011148937046527863
train_interval/lpips_weighted,7000.0,0.010976818390190601
train_interval/lpips_weighted,8000.0,0.01093729306012392
train_interval/lpips_weighted,9000.0,0.010877542197704315
train_interval/lpips_weighted,10000.0,0.010817907750606537
train_interval/lpips_weighted,11000.0,0.010804440826177597
train_interval/lpips_weighted,12000.0,0.010734841227531433
train_interval/lpips_weighted,13000.0,0.01065006386488676
train_interval/lpips_weighted,14000.0,0.010653302073478699
train_interval/lpips_weighted,15000.0,0.010606858879327774
train_interval/lpips_weighted,16000.0,0.010539351031184196
train_interval/lpips_weighted,17000.0,0.010551532730460167
train_interval/lpips_weighted,18000.0,0.010561246424913406
train_interval/lpips_weighted,19000.0,0.010525207966566086
train_interval/lpips_weighted,20000.0,0.0105476388707757
train_interval/reconstruction,1000.0,0.050830237567424774
train_interval/reconstruction,2000.0,0.05081113800406456
train_interval/reconstruction,3000.0,0.05060924217104912
train_interval/reconstruction,4000.0,0.05046010762453079
train_interval/reconstruction,5000.0,0.050288133323192596
train_interval/reconstruction,6000.0,0.049982745200395584
train_interval/reconstruction,7000.0,0.04971218854188919
train_interval/reconstruction,8000.0,0.04951826483011246
train_interval/reconstruction,9000.0,0.049454864114522934
train_interval/reconstruction,10000.0,0.04910014942288399
train_interval/reconstruction,11000.0,0.04918397590517998
train_interval/reconstruction,12000.0,0.04895743355154991
train_interval/reconstruction,13000.0,0.04868311434984207
train_interval/reconstruction,14000.0,0.04859486594796181
train_interval/reconstruction,15000.0,0.048490602523088455
train_interval/reconstruction,16000.0,0.048214349895715714
train_interval/reconstruction,17000.0,0.04838794842362404
train_interval/reconstruction,18000.0,0.04812890663743019
train_interval/reconstruction,19000.0,0.04794769734144211
train_interval/reconstruction,20000.0,0.04810424894094467
system/train_images_per_second,1000.0,2.829263210296631
system/train_images_per_second,2000.0,2.828716278076172
system/train_images_per_second,3000.0,2.8293185234069824
system/train_images_per_second,4000.0,2.8295578956604004
system/train_images_per_second,5000.0,2.8295021057128906
system/train_images_per_second,6000.0,2.829108476638794
system/train_images_per_second,7000.0,2.8291118144989014
system/train_images_per_second,8000.0,2.8297548294067383
system/train_images_per_second,9000.0,2.8293399810791016
system/train_images_per_second,10000.0,2.829195737838745
system/train_images_per_second,11000.0,2.8296806812286377
system/train_images_per_second,12000.0,2.829558849334717
system/train_images_per_second,13000.0,2.8288018703460693
system/train_images_per_second,14000.0,2.829479217529297
system/train_images_per_second,15000.0,2.8299684524536133
system/train_images_per_second,16000.0,2.8292105197906494
system/train_images_per_second,17000.0,2.830921173095703
system/train_images_per_second,18000.0,2.831568717956543
system/train_images_per_second,19000.0,2.831287384033203
system/train_images_per_second,20000.0,2.8312060832977295
system/validation_seconds,1000.0,111.34378814697266
system/validation_seconds,2000.0,111.19315338134766
system/validation_seconds,3000.0,111.15518188476562
system/validation_seconds,4000.0,111.2138671875
system/validation_seconds,5000.0,111.13941955566406
system/validation_seconds,6000.0,111.16645050048828
system/validation_seconds,7000.0,111.16658782958984
system/validation_seconds,8000.0,111.13716125488281
system/validation_seconds,9000.0,111.17523956298828
system/validation_seconds,10000.0,111.24623107910156
system/validation_seconds,11000.0,111.17668914794922
system/validation_seconds,12000.0,111.18594360351562
system/validation_seconds,13000.0,111.24744415283203
system/validation_seconds,14000.0,111.16669464111328
system/validation_seconds,15000.0,111.19261169433594
system/validation_seconds,16000.0,111.2079086303711
system/validation_seconds,17000.0,111.17369842529297
system/validation_seconds,18000.0,111.17214965820312
system/validation_seconds,19000.0,111.17997741699219
system/validation_seconds,20000.0,111.203857421875
system/sampler_epoch,1000.0,0.0
system/sampler_epoch,2000.0,0.0
system/sampler_epoch,3000.0,0.0
system/sampler_epoch,4000.0,0.0
system/sampler_epoch,5000.0,0.0
system/sampler_epoch,6000.0,0.0
system/sampler_epoch,7000.0,0.0
system/sampler_epoch,8000.0,0.0
system/sampler_epoch,9000.0,1.0
system/sampler_epoch,10000.0,1.0
system/sampler_epoch,11000.0,1.0
system/sampler_epoch,12000.0,1.0
system/sampler_epoch,13000.0,1.0
system/sampler_epoch,14000.0,1.0
system/sampler_epoch,15000.0,1.0
system/sampler_epoch,16000.0,1.0
system/sampler_epoch,17000.0,1.0
system/sampler_epoch,18000.0,1.0
system/sampler_epoch,19000.0,1.0
system/sampler_epoch,20000.0,1.0
system/training_tiles_seen,1000.0,16000.0
system/training_tiles_seen,2000.0,32000.0
system/training_tiles_seen,3000.0,48000.0
system/training_tiles_seen,4000.0,64000.0
system/training_tiles_seen,5000.0,80000.0
system/training_tiles_seen,6000.0,96000.0
system/training_tiles_seen,7000.0,112000.0
system/training_tiles_seen,8000.0,128000.0
system/training_tiles_seen,9000.0,144000.0
system/training_tiles_seen,10000.0,160000.0
system/training_tiles_seen,11000.0,176000.0
system/training_tiles_seen,12000.0,192000.0
system/training_tiles_seen,13000.0,208000.0
system/training_tiles_seen,14000.0,224000.0
system/training_tiles_seen,15000.0,240000.0
system/training_tiles_seen,16000.0,256000.0
system/training_tiles_seen,17000.0,272000.0
system/training_tiles_seen,18000.0,288000.0
system/training_tiles_seen,19000.0,304000.0
system/training_tiles_seen,20000.0,320000.0
system/peak_memory_gb_max_all_gpus,1000.0,53.84621047973633
system/peak_memory_gb_max_all_gpus,2000.0,53.84621047973633
system/peak_memory_gb_max_all_gpus,3000.0,53.84621047973633
system/peak_memory_gb_max_all_gpus,4000.0,53.84621047973633
system/peak_memory_gb_max_all_gpus,5000.0,53.84621047973633
system/peak_memory_gb_max_all_gpus,6000.0,53.84621047973633
system/peak_memory_gb_max_all_gpus,7000.0,53.84621047973633
system/peak_memory_gb_max_all_gpus,8000.0,53.84621047973633
system/peak_memory_gb_max_all_gpus,9000.0,53.84621047973633
system/peak_memory_gb_max_all_gpus,10000.0,53.84621047973633
system/peak_memory_gb_max_all_gpus,11000.0,53.84621047973633
system/peak_memory_gb_max_all_gpus,12000.0,53.84621047973633
system/peak_memory_gb_max_all_gpus,13000.0,53.84621047973633
system/peak_memory_gb_max_all_gpus,14000.0,53.84621047973633
system/peak_memory_gb_max_all_gpus,15000.0,53.84621047973633
system/peak_memory_gb_max_all_gpus,16000.0,53.84621047973633
system/peak_memory_gb_max_all_gpus,17000.0,53.84621047973633
system/peak_memory_gb_max_all_gpus,18000.0,53.84621047973633
system/peak_memory_gb_max_all_gpus,19000.0,53.84621047973633
system/peak_memory_gb_max_all_gpus,20000.0,53.84621047973633
