tag,step_or_epoch,value
train/l1,1.0,0.3184310793876648
train/l1,50.0,0.20515835285186768
train/l1,100.0,0.11650177836418152
train/l1,150.0,0.0943586677312851
train/l1,200.0,0.10220371186733246
train/l1,250.0,0.07904699444770813
train/l1,300.0,0.07789161056280136
train/l1,350.0,0.07571981102228165
train/l1,400.0,0.07361090928316116
train/l1,450.0,0.0769411027431488
train/l1,500.0,0.06727787107229233
train/l1,550.0,0.07806641608476639
train/l1,600.0,0.06196918338537216
train/l1,650.0,0.05858713388442993
train/l1,700.0,0.06518352031707764
train/l1,750.0,0.06554268300533295
train/l1,800.0,0.060437314212322235
train/l1,850.0,0.06849829852581024
train/l1,900.0,0.0605432353913784
train/l1,950.0,0.06253036111593246
train/l1,1000.0,0.06137755885720253
train/l1,1050.0,0.06207214295864105
train/l1,1100.0,0.06423039734363556
train/l1,1150.0,0.05491833761334419
train/l1,1200.0,0.0550374872982502
train/l1,1250.0,0.06232492998242378
train/l1,1300.0,0.061554256826639175
train/l1,1350.0,0.054614052176475525
train/l1,1400.0,0.05874578282237053
train/l1,1450.0,0.05626413971185684
train/l1,1500.0,0.0509740374982357
train/l1,1550.0,0.05798241123557091
train/l1,1600.0,0.05294502526521683
train/l1,1650.0,0.05631053075194359
train/l1,1700.0,0.05283506214618683
train/l1,1750.0,0.059879105538129807
train/l1,1800.0,0.059089042246341705
train/l1,1850.0,0.051897503435611725
train/l1,1900.0,0.05012241005897522
train/l1,1950.0,0.05061515420675278
train/l1,2000.0,0.055896420031785965
train/l1,2050.0,0.053924810141325
train/l1,2100.0,0.0520210936665535
train/l1,2150.0,0.0542401559650898
train/l1,2200.0,0.05815117433667183
train/l1,2250.0,0.053708404302597046
train/l1,2300.0,0.050608694553375244
train/l1,2350.0,0.052733179181814194
train/l1,2400.0,0.04976474493741989
train/l1,2450.0,0.04818222299218178
train/l1,2500.0,0.05371171981096268
train/l1,2550.0,0.052058104425668716
train/l1,2600.0,0.052402038127183914
train/l1,2650.0,0.05572644993662834
train/l1,2700.0,0.04981888830661774
train/l1,2750.0,0.04930036514997482
train/l1,2800.0,0.0533546507358551
train/l1,2850.0,0.05432218313217163
train/l1,2900.0,0.04994109272956848
train/l1,2950.0,0.056622110307216644
train/l1,3000.0,0.05216197669506073
train/l1,3050.0,0.04930898919701576
train/l1,3100.0,0.05390594154596329
train/l1,3150.0,0.049129121005535126
train/l1,3200.0,0.04905344173312187
train/l1,3250.0,0.05316672474145889
train/l1,3300.0,0.05381056293845177
train/l1,3350.0,0.054155249148607254
train/l1,3400.0,0.05181846022605896
train/l1,3450.0,0.052316322922706604
train/l1,3500.0,0.05305909365415573
train/l1,3550.0,0.05220623314380646
train/l1,3600.0,0.05041526257991791
train/l1,3650.0,0.04994722828269005
train/l1,3700.0,0.052072156220674515
train/l1,3750.0,0.05492998659610748
train/l1,3800.0,0.046580683439970016
train/l1,3850.0,0.05150913447141647
train/l1,3900.0,0.05006833374500275
train/l1,3950.0,0.05080871284008026
train/l1,4000.0,0.05574224144220352
train/l1,4050.0,0.05369307100772858
train/l1,4100.0,0.052824415266513824
train/l1,4150.0,0.04826980456709862
train/l1,4200.0,0.05604134872555733
train/l1,4250.0,0.054070502519607544
train/l1,4300.0,0.04889843985438347
train/l1,4350.0,0.047840557992458344
train/l1,4400.0,0.05011929199099541
train/l1,4450.0,0.04994407296180725
train/l1,4500.0,0.050572894513607025
train/l1,4550.0,0.04969436675310135
train/l1,4600.0,0.0475347600877285
train/l1,4650.0,0.0496770516037941
train/l1,4700.0,0.04579612985253334
train/l1,4750.0,0.05069790408015251
train/l1,4800.0,0.049967072904109955
train/l1,4850.0,0.0515136644244194
train/l1,4900.0,0.05512447655200958
train/l1,4950.0,0.04967383295297623
train/l1,5000.0,0.04971753805875778
train/l1,5050.0,0.05179113894701004
train/l1,5100.0,0.04967861995100975
train/l1,5150.0,0.04748902469873428
train/l1,5200.0,0.04468584805727005
train/l1,5250.0,0.05181184783577919
train/l1,5300.0,0.05243299528956413
train/l1,5350.0,0.050636328756809235
train/l1,5400.0,0.04879990220069885
train/l1,5450.0,0.049131374806165695
train/l1,5500.0,0.04909594729542732
train/l1,5550.0,0.051687173545360565
train/l1,5600.0,0.05980810523033142
train/l1,5650.0,0.049246132373809814
train/l1,5700.0,0.05058378726243973
train/l1,5750.0,0.057784873992204666
train/l1,5800.0,0.05282525345683098
train/l1,5850.0,0.04882697016000748
train/l1,5900.0,0.05068834871053696
train/l1,5950.0,0.0526258684694767
train/l1,6000.0,0.047427184879779816
train/l1,6050.0,0.05011335760354996
train/l1,6100.0,0.05227751284837723
train/l1,6150.0,0.04576161876320839
train/l1,6200.0,0.04357529431581497
train/l1,6250.0,0.05206840857863426
train/l1,6300.0,0.04621998593211174
train/l1,6350.0,0.05182453989982605
train/l1,6400.0,0.048082057386636734
train/l1,6450.0,0.05500425025820732
train/l1,6500.0,0.049062736332416534
train/l1,6550.0,0.04811970144510269
train/l1,6600.0,0.05152035877108574
train/l1,6650.0,0.052296578884124756
train/l1,6700.0,0.05475858598947525
train/l1,6750.0,0.051134105771780014
train/l1,6800.0,0.05185071378946304
train/l1,6850.0,0.05192951858043671
train/l1,6900.0,0.05632052198052406
train/l1,6950.0,0.04663057625293732
train/l1,7000.0,0.04565580189228058
train/l1,7050.0,0.05149392783641815
train/l1,7100.0,0.052609533071517944
train/l1,7150.0,0.048376888036727905
train/l1,7200.0,0.052091002464294434
train/l1,7250.0,0.05036419630050659
train/l1,7300.0,0.04951731488108635
train/l1,7350.0,0.05491429194808006
train/l1,7400.0,0.04597718268632889
train/l1,7450.0,0.05027132108807564
train/l1,7500.0,0.048090290278196335
train/l1,7550.0,0.04513569176197052
train/l1,7600.0,0.04835627228021622
train/l1,7650.0,0.05019049346446991
train/l1,7700.0,0.04966231808066368
train/l1,7750.0,0.04694380611181259
train/l1,7800.0,0.051329225301742554
train/l1,7850.0,0.044756706804037094
train/l1,7900.0,0.05019428953528404
train/l1,7950.0,0.05094089359045029
train/l1,8000.0,0.051251739263534546
train/l1,8050.0,0.0509064681828022
train/l1,8100.0,0.05430862307548523
train/l1,8150.0,0.04841097816824913
train/l1,8200.0,0.04534043371677399
train/l1,8250.0,0.0489361435174942
train/l1,8300.0,0.05109483003616333
train/l1,8350.0,0.05010109767317772
train/l1,8400.0,0.049985695630311966
train/l1,8450.0,0.051990360021591187
train/l1,8500.0,0.0466143935918808
train/l1,8550.0,0.049370523542165756
train/l1,8600.0,0.04778236523270607
train/l1,8650.0,0.049138154834508896
train/l1,8700.0,0.051746711134910583
train/l1,8750.0,0.053295016288757324
train/l1,8800.0,0.04659850150346756
train/l1,8850.0,0.046688515692949295
train/l1,8900.0,0.04653045907616615
train/l1,8950.0,0.04688453674316406
train/l1,9000.0,0.04930807650089264
train/l1,9050.0,0.04847891256213188
train/l1,9100.0,0.04966690391302109
train/l1,9150.0,0.0472409725189209
train/l1,9200.0,0.04805995523929596
train/l1,9250.0,0.05453675240278244
train/l1,9300.0,0.05328930541872978
train/l1,9350.0,0.04516123607754707
train/l1,9400.0,0.05406906083226204
train/l1,9450.0,0.04787299409508705
train/l1,9500.0,0.05296889320015907
train/l1,9550.0,0.04802962392568588
train/l1,9600.0,0.052579365670681
train/l1,9650.0,0.05090866610407829
train/l1,9700.0,0.05044807493686676
train/l1,9750.0,0.044327955693006516
train/l1,9800.0,0.052035048604011536
train/l1,9850.0,0.046253740787506104
train/l1,9900.0,0.04929022863507271
train/l1,9950.0,0.04925385117530823
train/l1,10000.0,0.04762473702430725
train/l1,10050.0,0.048521481454372406
train/l1,10100.0,0.05313687026500702
train/l1,10150.0,0.0467073991894722
train/l1,10200.0,0.04971013963222504
train/l1,10250.0,0.04517240822315216
train/l1,10300.0,0.05132957547903061
train/l1,10350.0,0.04869828373193741
train/l1,10400.0,0.04734642058610916
train/l1,10450.0,0.0467909537255764
train/l1,10500.0,0.05125041306018829
train/l1,10550.0,0.04953650012612343
train/l1,10600.0,0.046622902154922485
train/l1,10650.0,0.049180179834365845
train/l1,10700.0,0.04711603373289108
train/l1,10750.0,0.051897238940000534
train/l1,10800.0,0.051892057061195374
train/l1,10850.0,0.05154351145029068
train/l1,10900.0,0.04881475120782852
train/l1,10950.0,0.049684587866067886
train/l1,11000.0,0.04611671715974808
train/l1,11050.0,0.051735103130340576
train/l1,11100.0,0.04607899859547615
train/l1,11150.0,0.05536852777004242
train/l1,11200.0,0.04728452488780022
train/l1,11250.0,0.053092628717422485
train/l1,11300.0,0.04718384891748428
train/l1,11350.0,0.05643538013100624
train/l1,11400.0,0.05052580684423447
train/l1,11450.0,0.05017077177762985
train/l1,11500.0,0.052171990275382996
train/l1,11550.0,0.053538475185632706
train/l1,11600.0,0.05228455737233162
train/l1,11650.0,0.04654775932431221
train/l1,11700.0,0.04735253006219864
train/l1,11750.0,0.042709264904260635
train/l1,11800.0,0.048557400703430176
train/l1,11850.0,0.046211376786231995
train/l1,11900.0,0.05660701543092728
train/l1,11950.0,0.04780737683176994
train/l1,12000.0,0.04912106692790985
train/l1,12050.0,0.05094008147716522
train/l1,12100.0,0.049221284687519073
train/l1,12150.0,0.04736983776092529
train/l1,12200.0,0.046456336975097656
train/l1,12250.0,0.04618195444345474
train/l1,12300.0,0.05015535652637482
train/l1,12350.0,0.04877316951751709
train/l1,12400.0,0.047761961817741394
train/l1,12450.0,0.049574512988328934
train/l1,12500.0,0.04167287424206734
train/l1,12550.0,0.050745073705911636
train/l1,12600.0,0.05103438347578049
train/l1,12650.0,0.04927367717027664
train/l1,12700.0,0.04908161610364914
train/l1,12750.0,0.05185629054903984
train/l1,12800.0,0.04742848128080368
train/l1,12850.0,0.04483276978135109
train/l1,12900.0,0.04813792183995247
train/l1,12950.0,0.04826262220740318
train/l1,13000.0,0.04328862205147743
train/l1,13050.0,0.04657246172428131
train/l1,13100.0,0.054690971970558167
train/l1,13150.0,0.053842004388570786
train/l1,13200.0,0.04675126075744629
train/l1,13250.0,0.04944280907511711
train/l1,13300.0,0.04637054353952408
train/l1,13350.0,0.04477010667324066
train/l1,13400.0,0.048845745623111725
train/l1,13450.0,0.04898380488157272
train/l1,13500.0,0.05067235976457596
train/l1,13550.0,0.050910551100969315
train/l1,13600.0,0.0482909232378006
train/l1,13650.0,0.05148360878229141
train/l1,13700.0,0.0460611954331398
train/l1,13750.0,0.04872151091694832
train/l1,13800.0,0.04722421243786812
train/l1,13850.0,0.04308252036571503
train/l1,13900.0,0.04492104798555374
train/l1,13950.0,0.047495175153017044
train/l1,14000.0,0.049506060779094696
train/l1,14050.0,0.04764043539762497
train/l1,14100.0,0.048285871744155884
train/l1,14150.0,0.05149795860052109
train/l1,14200.0,0.04614304006099701
train/l1,14250.0,0.053937606513500214
train/l1,14300.0,0.04623642936348915
train/l1,14350.0,0.051859430968761444
train/l1,14400.0,0.04896646738052368
train/l1,14450.0,0.0502438023686409
train/l1,14500.0,0.047828808426856995
train/l1,14550.0,0.053135670721530914
train/l1,14600.0,0.048934876918792725
train/l1,14650.0,0.04833173379302025
train/l1,14700.0,0.05273713544011116
train/l1,14750.0,0.04782075434923172
train/l1,14800.0,0.044419847428798676
train/l1,14850.0,0.05294809862971306
train/l1,14900.0,0.046340763568878174
train/l1,14950.0,0.046756207942962646
train/l1,15000.0,0.05655118077993393
train/l1,15050.0,0.04916689172387123
train/l1,15100.0,0.05275137722492218
train/l1,15150.0,0.04839848726987839
train/l1,15200.0,0.04846882075071335
train/l1,15250.0,0.050899162888526917
train/l1,15300.0,0.04677397757768631
train/l1,15350.0,0.0529603511095047
train/l1,15400.0,0.04169606417417526
train/l1,15450.0,0.04754622280597687
train/l1,15500.0,0.0454445444047451
train/l1,15550.0,0.04819250479340553
train/l1,15600.0,0.054216813296079636
train/l1,15650.0,0.05365385115146637
train/l1,15700.0,0.05036826431751251
train/l1,15750.0,0.04883959889411926
train/l1,15800.0,0.05257106572389603
train/l1,15850.0,0.052102889865636826
train/l1,15900.0,0.04450581222772598
train/l1,15950.0,0.043888721615076065
train/l1,16000.0,0.044135015457868576
train/l1,16050.0,0.04711664095520973
train/l1,16100.0,0.050807490944862366
train/l1,16150.0,0.04650607332587242
train/l1,16200.0,0.043146222829818726
train/l1,16250.0,0.047610461711883545
train/l1,16300.0,0.047420017421245575
train/l1,16350.0,0.04826011881232262
train/l1,16400.0,0.05072148144245148
train/l1,16450.0,0.04982860013842583
train/l1,16500.0,0.04765285924077034
train/l1,16550.0,0.05214158073067665
train/l1,16600.0,0.04636125639081001
train/l1,16650.0,0.04706829786300659
train/l1,16700.0,0.05408903956413269
train/l1,16750.0,0.05285228043794632
train/l1,16800.0,0.04988161474466324
train/l1,16850.0,0.043171703815460205
train/l1,16900.0,0.05182226747274399
train/l1,16950.0,0.045565567910671234
train/l1,17000.0,0.0472467839717865
train/l1,17050.0,0.05150570720434189
train/l1,17100.0,0.047186631709337234
train/l1,17150.0,0.04996649548411369
train/l1,17200.0,0.05220368877053261
train/l1,17250.0,0.044194307178258896
train/l1,17300.0,0.04933438077569008
train/l1,17350.0,0.05204218626022339
train/l1,17400.0,0.04820246249437332
train/l1,17450.0,0.0519353412091732
train/l1,17500.0,0.04667728766798973
train/l1,17550.0,0.044717974960803986
train/l1,17600.0,0.052332647144794464
train/l1,17650.0,0.03985685482621193
train/l1,17700.0,0.048197370022535324
train/l1,17750.0,0.05714767053723335
train/l1,17800.0,0.04160122945904732
train/l1,17850.0,0.05543762072920799
train/l1,17900.0,0.04601624980568886
train/l1,17950.0,0.047974079847335815
train/l1,18000.0,0.05184145271778107
train/l1,18050.0,0.052152540534734726
train/l1,18100.0,0.05253040790557861
train/l1,18150.0,0.05154603347182274
train/l1,18200.0,0.04653002694249153
train/l1,18250.0,0.04622286930680275
train/l1,18300.0,0.047954972833395004
train/l1,18350.0,0.044821567833423615
train/l1,18400.0,0.05099521949887276
train/l1,18450.0,0.04621225222945213
train/l1,18500.0,0.044482871890068054
train/l1,18550.0,0.04703016206622124
train/l1,18600.0,0.05187060311436653
train/l1,18650.0,0.05038008838891983
train/l1,18700.0,0.054616767913103104
train/l1,18750.0,0.0470285601913929
train/l1,18800.0,0.04949989542365074
train/l1,18850.0,0.04382679611444473
train/l1,18900.0,0.04935750737786293
train/l1,18950.0,0.04659334197640419
train/l1,19000.0,0.048158302903175354
train/l1,19050.0,0.05113031715154648
train/l1,19100.0,0.04872588813304901
train/l1,19150.0,0.045539118349552155
train/l1,19200.0,0.0514032319188118
train/l1,19250.0,0.05053281784057617
train/l1,19300.0,0.044587668031454086
train/l1,19350.0,0.04948990419507027
train/l1,19400.0,0.04433848708868027
train/l1,19450.0,0.04636303335428238
train/l1,19500.0,0.04882269352674484
train/l1,19550.0,0.04438791796565056
train/l1,19600.0,0.04376044124364853
train/l1,19650.0,0.04958200454711914
train/l1,19700.0,0.04688034951686859
train/l1,19750.0,0.04870428144931793
train/l1,19800.0,0.05397741496562958
train/l1,19850.0,0.047581758350133896
train/l1,19900.0,0.044959619641304016
train/l1,19950.0,0.05157710984349251
train/l1,20000.0,0.04837625473737717
train/l1,20050.0,0.04833776876330376
train/l1,20100.0,0.04957311600446701
train/l1,20150.0,0.05052921175956726
train/l1,20200.0,0.04877033084630966
train/l1,20250.0,0.046363916248083115
train/l1,20300.0,0.05046844109892845
train/l1,20350.0,0.055103741586208344
train/l1,20400.0,0.04365638643503189
train/l1,20450.0,0.047601282596588135
train/l1,20500.0,0.04301373288035393
train/l1,20550.0,0.05004831403493881
train/l1,20600.0,0.04363745450973511
train/l1,20650.0,0.052673596888780594
train/l1,20700.0,0.043991442769765854
train/l1,20750.0,0.0474901907145977
train/l1,20800.0,0.052243635058403015
train/l1,20850.0,0.046143144369125366
train/l1,20900.0,0.05114372819662094
train/l1,20950.0,0.05267774686217308
train/l1,21000.0,0.04958878085017204
train/l1,21050.0,0.050602152943611145
train/l1,21100.0,0.04729241505265236
train/l1,21150.0,0.046766333281993866
train/l1,21200.0,0.05196187272667885
train/l1,21250.0,0.04911909997463226
train/l1,21300.0,0.05299457535147667
train/l1,21350.0,0.04202946648001671
train/l1,21400.0,0.04995811730623245
train/l1,21450.0,0.046644970774650574
train/l1,21500.0,0.053872715681791306
train/l1,21550.0,0.047947145998477936
train/l1,21600.0,0.04983290284872055
train/l1,21650.0,0.04517458379268646
train/l1,21700.0,0.048758018761873245
train/l1,21750.0,0.043468691408634186
train/l1,21800.0,0.04743083938956261
train/l1,21850.0,0.05014288052916527
train/l1,21900.0,0.0479072630405426
train/l1,21950.0,0.052648141980171204
train/l1,22000.0,0.05409293621778488
train/l1,22050.0,0.047325875610113144
train/l1,22100.0,0.04776499420404434
train/l1,22150.0,0.05126538500189781
train/l1,22200.0,0.045101989060640335
train/l1,22250.0,0.051235977560281754
train/l1,22300.0,0.04955364391207695
train/l1,22350.0,0.060676515102386475
train/l1,22400.0,0.04645685851573944
train/l1,22450.0,0.0484638512134552
train/l1,22500.0,0.0460083931684494
train/l1,22550.0,0.0465053990483284
train/l1,22600.0,0.0461139976978302
train/l1,22650.0,0.04741067811846733
train/l1,22700.0,0.04859573394060135
train/l1,22750.0,0.05140085518360138
train/l1,22800.0,0.044531892985105515
train/l1,22850.0,0.05090399831533432
train/l1,22900.0,0.047924935817718506
train/l1,22950.0,0.04552921652793884
train/l1,23000.0,0.04775835573673248
train/l1,23050.0,0.04909820854663849
train/l1,23100.0,0.04597722366452217
train/l1,23150.0,0.04462631419301033
train/l1,23200.0,0.04756522551178932
train/l1,23250.0,0.0466047003865242
train/l1,23300.0,0.046393271535634995
train/l1,23350.0,0.046016626060009
train/l1,23400.0,0.046964287757873535
train/l1,23450.0,0.04716896638274193
train/l1,23500.0,0.04975603148341179
train/l1,23550.0,0.04459831863641739
train/l1,23600.0,0.049201544374227524
train/l1,23650.0,0.047279275953769684
train/l1,23700.0,0.048772599548101425
train/l1,23750.0,0.04865889623761177
train/l1,23800.0,0.045016154646873474
train/l1,23850.0,0.044807810336351395
train/l1,23900.0,0.04977481812238693
train/l1,23950.0,0.04580579325556755
train/l1,24000.0,0.0504324845969677
train/l1,24050.0,0.050181157886981964
train/l1,24100.0,0.051569342613220215
train/l1,24150.0,0.0500507615506649
train/l1,24200.0,0.04611197113990784
train/l1,24250.0,0.047124676406383514
train/l1,24300.0,0.05094440281391144
train/l1,24350.0,0.048131126910448074
train/l1,24400.0,0.04792996123433113
train/l1,24450.0,0.044126469641923904
train/l1,24500.0,0.046204373240470886
train/l1,24550.0,0.04809334874153137
train/l1,24600.0,0.05197137966752052
train/l1,24650.0,0.04716925323009491
train/l1,24700.0,0.042306188493967056
train/l1,24750.0,0.049391914159059525
train/l1,24800.0,0.04525500535964966
train/l1,24850.0,0.040488630533218384
train/l1,24900.0,0.051248107105493546
train/l1,24950.0,0.04829419031739235
train/l1,25000.0,0.0463404506444931
train/l1,25050.0,0.04588399454951286
train/l1,25100.0,0.05023018270730972
train/l1,25150.0,0.047765329480171204
train/l1,25200.0,0.04549868032336235
train/l1,25250.0,0.052029311656951904
train/l1,25300.0,0.04589298367500305
train/l1,25350.0,0.05014360696077347
train/l1,25400.0,0.045251429080963135
train/l1,25450.0,0.04328421503305435
train/l1,25500.0,0.05212835595011711
train/l1,25550.0,0.0537819005548954
train/l1,25600.0,0.047796763479709625
train/l1,25650.0,0.04951436445116997
train/l1,25700.0,0.0494142509996891
train/l1,25750.0,0.045118167996406555
train/l1,25800.0,0.047828663140535355
train/l1,25850.0,0.04851860553026199
train/l1,25900.0,0.0491800382733345
train/l1,25950.0,0.046095095574855804
train/l1,26000.0,0.048023201525211334
train/l1,26050.0,0.04565386101603508
train/l1,26100.0,0.044195178896188736
train/l1,26150.0,0.04553191736340523
train/l1,26200.0,0.04905678704380989
train/l1,26250.0,0.05240678787231445
train/l1,26300.0,0.04886217415332794
train/l1,26350.0,0.05031706020236015
train/l1,26400.0,0.049583300948143005
train/l1,26450.0,0.045130655169487
train/l1,26500.0,0.049557872116565704
train/l1,26550.0,0.0520065501332283
train/l1,26600.0,0.04886999726295471
train/l1,26650.0,0.05214691162109375
train/l1,26700.0,0.046245113015174866
train/l1,26750.0,0.04902415722608566
train/l1,26800.0,0.04505418241024017
train/l1,26850.0,0.049067042768001556
train/l1,26900.0,0.05004378780722618
train/l1,26950.0,0.048299334943294525
train/l1,27000.0,0.047454364597797394
train/l1,27050.0,0.04934556409716606
train/l1,27100.0,0.049563754349946976
train/l1,27150.0,0.04948737472295761
train/l1,27200.0,0.04661757871508598
train/l1,27250.0,0.04909093677997589
train/l1,27300.0,0.04526667669415474
train/l1,27350.0,0.05134297534823418
train/l1,27400.0,0.047019992023706436
train/l1,27450.0,0.0444965735077858
train/l1,27500.0,0.043792109936475754
train/l1,27550.0,0.04608963802456856
train/l1,27600.0,0.050732050091028214
train/l1,27650.0,0.048363588750362396
train/l1,27700.0,0.04872830584645271
train/l1,27750.0,0.05138596147298813
train/l1,27800.0,0.04448755457997322
train/l1,27850.0,0.05314047634601593
train/l1,27900.0,0.05202056095004082
train/l1,27950.0,0.04544698819518089
train/l1,28000.0,0.04528072103857994
train/l1,28050.0,0.04587109014391899
train/l1,28100.0,0.04804423823952675
train/l1,28150.0,0.047199711203575134
train/l1,28200.0,0.04987117648124695
train/l1,28250.0,0.05015116184949875
train/l1,28300.0,0.043913327157497406
train/l1,28350.0,0.045964982360601425
train/l1,28400.0,0.050526563078165054
train/l1,28450.0,0.04921722039580345
train/l1,28500.0,0.04639562964439392
train/l1,28550.0,0.04828920215368271
train/l1,28600.0,0.045262373983860016
train/l1,28650.0,0.04350274056196213
train/l1,28700.0,0.05133683234453201
train/l1,28750.0,0.050331201404333115
train/l1,28800.0,0.05642789229750633
train/l1,28850.0,0.04199341684579849
train/l1,28900.0,0.047389231622219086
train/l1,28950.0,0.04688701406121254
train/l1,29000.0,0.04322008788585663
train/l1,29050.0,0.0468049980700016
train/l1,29100.0,0.050234660506248474
train/l1,29150.0,0.04852518066763878
train/l1,29200.0,0.04139572009444237
train/l1,29250.0,0.04294401407241821
train/l1,29300.0,0.05314356088638306
train/l1,29350.0,0.04668297991156578
train/l1,29400.0,0.05159175023436546
train/l1,29450.0,0.04751736670732498
train/l1,29500.0,0.043516855686903
train/l1,29550.0,0.04112672060728073
train/l1,29600.0,0.04514699429273605
train/l1,29650.0,0.0426701083779335
train/l1,29700.0,0.04818471893668175
train/l1,29750.0,0.047059670090675354
train/l1,29800.0,0.04385586827993393
train/l1,29850.0,0.04783063009381294
train/l1,29900.0,0.048308368772268295
train/l1,29950.0,0.04567842185497284
train/l1,30000.0,0.05273093283176422
train/l1,30050.0,0.04652527719736099
train/l1,30100.0,0.04855799302458763
train/l1,30150.0,0.04625023528933525
train/l1,30200.0,0.04909849539399147
train/l1,30250.0,0.04580840840935707
train/l1,30300.0,0.050107959657907486
train/l1,30350.0,0.048345357179641724
train/l1,30400.0,0.0435323640704155
train/l1,30450.0,0.04368901252746582
train/l1,30500.0,0.043260324746370316
train/l1,30550.0,0.04593858867883682
train/l1,30600.0,0.043533410876989365
train/l1,30650.0,0.05860350281000137
train/l1,30700.0,0.052109673619270325
train/l1,30750.0,0.04563385993242264
train/l1,30800.0,0.04588508605957031
train/l1,30850.0,0.04668580740690231
train/l1,30900.0,0.04622212052345276
train/l1,30950.0,0.0443490669131279
train/l1,31000.0,0.04572155326604843
train/l1,31050.0,0.04798390716314316
train/l1,31100.0,0.04545772448182106
train/l1,31150.0,0.045578788965940475
train/l1,31200.0,0.05008001625537872
train/l1,31250.0,0.04848989471793175
train/l1,31300.0,0.05200663581490517
train/l1,31350.0,0.04251645877957344
train/l1,31400.0,0.04636843129992485
train/l1,31450.0,0.04473144933581352
train/l1,31500.0,0.04785832017660141
train/l1,31550.0,0.04581068456172943
train/l1,31600.0,0.04757579788565636
train/l1,31650.0,0.04914204403758049
train/l1,31700.0,0.04813121631741524
train/l1,31750.0,0.04529818147420883
train/l1,31800.0,0.04466055706143379
train/l1,31850.0,0.04717244952917099
train/l1,31900.0,0.048521772027015686
train/l1,31950.0,0.04811197891831398
train/l1,32000.0,0.047375116497278214
train/l1,32050.0,0.05011387914419174
train/l1,32100.0,0.05163078010082245
train/l1,32150.0,0.044040389358997345
train/l1,32200.0,0.04725876450538635
train/l1,32250.0,0.048465438187122345
train/l1,32300.0,0.04726901650428772
train/l1,32350.0,0.04951952397823334
train/l1,32400.0,0.048206426203250885
train/l1,32450.0,0.049907177686691284
train/l1,32500.0,0.0469776913523674
train/l1,32550.0,0.047871217131614685
train/l1,32600.0,0.05000350624322891
train/l1,32650.0,0.04398352652788162
train/l1,32700.0,0.045052140951156616
train/l1,32750.0,0.04656827449798584
train/l1,32800.0,0.04943881928920746
train/l1,32850.0,0.04461922124028206
train/l1,32900.0,0.05120240896940231
train/l1,32950.0,0.04689677804708481
train/l1,33000.0,0.04532434046268463
train/l1,33050.0,0.05137172341346741
train/l1,33100.0,0.04628489911556244
train/l1,33150.0,0.049176089465618134
train/l1,33200.0,0.04946715384721756
train/l1,33250.0,0.04279819503426552
train/l1,33300.0,0.044005971401929855
train/l1,33350.0,0.05186406522989273
train/l1,33400.0,0.04534697160124779
train/l1,33450.0,0.04644737392663956
train/l1,33500.0,0.047546353191137314
train/l1,33550.0,0.048922501504421234
train/l1,33600.0,0.047600578516721725
train/l1,33650.0,0.04676003009080887
train/l1,33700.0,0.04913455992937088
train/l1,33750.0,0.04354596883058548
train/l1,33800.0,0.05353497713804245
train/l1,33850.0,0.04315781220793724
train/l1,33900.0,0.04797402769327164
train/l1,33950.0,0.04486273229122162
train/l1,34000.0,0.04785245284438133
train/l1,34050.0,0.04670821130275726
train/l1,34100.0,0.04582102224230766
train/l1,34150.0,0.04485015571117401
train/l1,34200.0,0.046562522649765015
train/l1,34250.0,0.045286089181900024
train/l1,34300.0,0.04845805838704109
train/l1,34350.0,0.04472767561674118
train/l1,34400.0,0.044679176062345505
train/l1,34450.0,0.04192400723695755
train/l1,34500.0,0.05197905749082565
train/l1,34550.0,0.043590109795331955
train/l1,34600.0,0.044916920363903046
train/l1,34650.0,0.04648146778345108
train/l1,34700.0,0.047123800963163376
train/l1,34750.0,0.043880645185709
train/l1,34800.0,0.04854647070169449
train/l1,34850.0,0.04812940955162048
train/l1,34900.0,0.047271937131881714
train/l1,34950.0,0.04375309497117996
train/l1,35000.0,0.048650309443473816
train/l1,35050.0,0.04684546962380409
train/l1,35100.0,0.04550729691982269
train/l1,35150.0,0.051008857786655426
train/l1,35200.0,0.04293222725391388
train/l1,35250.0,0.04419679567217827
train/l1,35300.0,0.04834636300802231
train/l1,35350.0,0.0503530353307724
train/l1,35400.0,0.04606617987155914
train/l1,35450.0,0.04584362730383873
train/l1,35500.0,0.04635017365217209
train/l1,35550.0,0.05254574120044708
train/l1,35600.0,0.049052778631448746
train/l1,35650.0,0.047911230474710464
train/l1,35700.0,0.04525424540042877
train/l1,35750.0,0.045975763350725174
train/l1,35800.0,0.04466274380683899
train/l1,35850.0,0.045306313782930374
train/l1,35900.0,0.047674693167209625
train/l1,35950.0,0.045010045170784
train/l1,36000.0,0.046699728816747665
train/l1,36050.0,0.046059757471084595
train/l1,36100.0,0.05161599814891815
train/l1,36150.0,0.043910663574934006
train/l1,36200.0,0.04257440194487572
train/l1,36250.0,0.049182724207639694
train/l1,36300.0,0.04430152103304863
train/l1,36350.0,0.047001685947179794
train/l1,36400.0,0.04814283922314644
train/l1,36450.0,0.05188407003879547
train/l1,36500.0,0.046560972929000854
train/l1,36550.0,0.04667849466204643
train/l1,36600.0,0.0463583767414093
train/l1,36650.0,0.04764590784907341
train/l1,36700.0,0.04912357032299042
train/l1,36750.0,0.03979911655187607
train/l1,36800.0,0.045666877180337906
train/l1,36850.0,0.04559856653213501
train/l1,36900.0,0.04620756208896637
train/l1,36950.0,0.04509247466921806
train/l1,37000.0,0.05289541184902191
train/l1,37050.0,0.04807761684060097
train/l1,37100.0,0.0505530908703804
train/l1,37150.0,0.04416899383068085
train/l1,37200.0,0.04836699739098549
train/l1,37250.0,0.044098660349845886
train/l1,37300.0,0.0457720048725605
train/l1,37350.0,0.04426068067550659
train/l1,37400.0,0.04359753057360649
train/l1,37450.0,0.05145850405097008
train/l1,37500.0,0.05078259855508804
train/l1,37550.0,0.048221275210380554
train/l1,37600.0,0.048991505056619644
train/l1,37650.0,0.04540600627660751
train/l1,37700.0,0.04600862041115761
train/l1,37750.0,0.04500748962163925
train/l1,37800.0,0.049032777547836304
train/l1,37850.0,0.044518377631902695
train/l1,37900.0,0.049692220985889435
train/l1,37950.0,0.04607876017689705
train/l1,38000.0,0.04703666642308235
train/l1,38050.0,0.04624061658978462
train/l1,38100.0,0.04909102991223335
train/l1,38150.0,0.048244766891002655
train/l1,38200.0,0.05111699551343918
train/l1,38250.0,0.047041866928339005
train/l1,38300.0,0.044188015162944794
train/l1,38350.0,0.046344488859176636
train/l1,38400.0,0.04622552543878555
train/l1,38450.0,0.04594099521636963
train/l1,38500.0,0.04113437235355377
train/l1,38550.0,0.04607391357421875
train/l1,38600.0,0.04670167714357376
train/l1,38650.0,0.04318675398826599
train/l1,38700.0,0.04789256304502487
train/l1,38750.0,0.04576750099658966
train/l1,38800.0,0.04858768731355667
train/l1,38850.0,0.04492760822176933
train/l1,38900.0,0.04567958414554596
train/l1,38950.0,0.050298094749450684
train/l1,39000.0,0.04926428943872452
train/l1,39050.0,0.048807982355356216
train/l1,39100.0,0.04462933912873268
train/l1,39150.0,0.04708588868379593
train/l1,39200.0,0.04251468554139137
train/l1,39250.0,0.050621792674064636
train/l1,39300.0,0.04367142170667648
train/l1,39350.0,0.04789316654205322
train/l1,39400.0,0.04614574462175369
train/l1,39450.0,0.049974240362644196
train/l1,39500.0,0.04320704936981201
train/l1,39550.0,0.0492638498544693
train/l1,39600.0,0.04345596581697464
train/l1,39650.0,0.04521486163139343
train/l1,39700.0,0.04307203367352486
train/l1,39750.0,0.04910273104906082
train/l1,39800.0,0.052163854241371155
train/l1,39850.0,0.04895249009132385
train/l1,39900.0,0.047520074993371964
train/l1,39950.0,0.04590092971920967
train/l1,40000.0,0.045878637582063675
train/l1,40050.0,0.04600539058446884
train/l1,40100.0,0.04882745444774628
train/l1,40150.0,0.04565351828932762
train/l1,40200.0,0.04878127574920654
train/l1,40250.0,0.04605869576334953
train/l1,40300.0,0.04947875067591667
train/l1,40350.0,0.04678772762417793
train/l1,40400.0,0.04297315329313278
train/l1,40450.0,0.043280359357595444
train/l1,40500.0,0.046764496713876724
train/l1,40550.0,0.04865045100450516
train/l1,40600.0,0.049754634499549866
train/l1,40650.0,0.04553582891821861
train/l1,40700.0,0.04675865173339844
train/l1,40750.0,0.04775016009807587
train/l1,40800.0,0.03824298083782196
train/l1,40850.0,0.04395484924316406
train/l1,40900.0,0.047136835753917694
train/l1,40950.0,0.05063633248209953
train/l1,41000.0,0.05009591206908226
train/l1,41050.0,0.05011199414730072
train/l1,41100.0,0.0455230213701725
train/l1,41150.0,0.04879714548587799
train/l1,41200.0,0.04495241120457649
train/l1,41250.0,0.05086788162589073
train/l1,41300.0,0.05258195847272873
train/l1,41350.0,0.04259198158979416
train/l1,41400.0,0.04691106081008911
train/l1,41450.0,0.04744020849466324
train/l1,41500.0,0.04713364690542221
train/l1,41550.0,0.045879513025283813
train/l1,41600.0,0.04664316773414612
train/l1,41650.0,0.04594649747014046
train/l1,41700.0,0.04460005834698677
train/l1,41750.0,0.04346358776092529
train/l1,41800.0,0.04825814813375473
train/l1,41850.0,0.04687749966979027
train/l1,41900.0,0.04880343750119209
train/l1,41950.0,0.045829758048057556
train/l1,42000.0,0.04534436762332916
train/l1,42050.0,0.04597606509923935
train/l1,42100.0,0.04731491580605507
train/l1,42150.0,0.04416565224528313
train/l1,42200.0,0.05164840817451477
train/l1,42250.0,0.04505866393446922
train/l1,42300.0,0.04616151005029678
train/l1,42350.0,0.04771529883146286
train/l1,42400.0,0.04714774340391159
train/l1,42450.0,0.0504886731505394
train/l1,42500.0,0.04530532658100128
train/l1,42550.0,0.04586682468652725
train/l1,42600.0,0.044980488717556
train/l1,42650.0,0.04725809395313263
train/l1,42700.0,0.046690717339515686
train/l1,42750.0,0.044709712266922
train/l1,42800.0,0.043976470828056335
train/l1,42850.0,0.04870321974158287
train/l1,42900.0,0.045575305819511414
train/l1,42950.0,0.04941536486148834
train/l1,43000.0,0.044982485473155975
train/l1,43050.0,0.04317343980073929
train/l1,43100.0,0.04980580508708954
train/l1,43150.0,0.045889560133218765
train/l1,43200.0,0.04845210909843445
train/l1,43250.0,0.04183978587388992
train/l1,43300.0,0.048825766891241074
train/l1,43350.0,0.046349234879016876
train/l1,43400.0,0.04765991121530533
train/l1,43450.0,0.046861179172992706
train/l1,43500.0,0.047744423151016235
train/l1,43550.0,0.04582323133945465
train/l1,43600.0,0.048474013805389404
train/l1,43650.0,0.04617953300476074
train/l1,43700.0,0.04704776406288147
train/l1,43750.0,0.04283576458692551
train/l1,43800.0,0.047739505767822266
train/l1,43850.0,0.04655797779560089
train/l1,43900.0,0.04459669068455696
train/l1,43950.0,0.05022908002138138
train/l1,44000.0,0.04331766068935394
train/l1,44050.0,0.045100435614585876
train/l1,44100.0,0.04719913750886917
train/l1,44150.0,0.04591399431228638
train/l1,44200.0,0.046146195381879807
train/l1,44250.0,0.044557273387908936
train/l1,44300.0,0.05038850009441376
train/l1,44350.0,0.04340493679046631
train/l1,44400.0,0.045782752335071564
train/l1,44450.0,0.044038672000169754
train/l1,44500.0,0.04473581165075302
train/l1,44550.0,0.0502370223402977
train/l1,44600.0,0.045819543302059174
train/l1,44650.0,0.047568947076797485
train/l1,44700.0,0.0487394705414772
train/l1,44750.0,0.04395875334739685
train/l1,44800.0,0.046270906925201416
train/l1,44850.0,0.047400642186403275
train/l1,44900.0,0.046528540551662445
train/l1,44950.0,0.046651147305965424
train/l1,45000.0,0.04507080093026161
train/l1,45050.0,0.04654629901051521
train/l1,45100.0,0.04451374709606171
train/l1,45150.0,0.046790510416030884
train/l1,45200.0,0.04948461428284645
train/l1,45250.0,0.04512275010347366
train/l1,45300.0,0.03934973478317261
train/l1,45350.0,0.049124207347631454
train/l1,45400.0,0.0415801927447319
train/l1,45450.0,0.0399247445166111
train/l1,45500.0,0.04547111317515373
train/l1,45550.0,0.04675858095288277
train/l1,45600.0,0.0486542172729969
train/l1,45650.0,0.045612774789333344
train/l1,45700.0,0.04371330887079239
train/l1,45750.0,0.04080788046121597
train/l1,45800.0,0.04222152754664421
train/l1,45850.0,0.04782402887940407
train/l1,45900.0,0.04866783693432808
train/l1,45950.0,0.048510123044252396
train/l1,46000.0,0.04427085444331169
train/l1,46050.0,0.04362918436527252
train/l1,46100.0,0.046852629631757736
train/l1,46150.0,0.05138487368822098
train/l1,46200.0,0.04877941682934761
train/l1,46250.0,0.04889502003788948
train/l1,46300.0,0.04889385774731636
train/l1,46350.0,0.044421784579753876
train/l1,46400.0,0.04844033718109131
train/l1,46450.0,0.04209502041339874
train/l1,46500.0,0.04668774455785751
train/l1,46550.0,0.04337722808122635
train/l1,46600.0,0.04524346441030502
train/l1,46650.0,0.046747930347919464
train/l1,46700.0,0.045525677502155304
train/l1,46750.0,0.04155886173248291
train/l1,46800.0,0.047839052975177765
train/l1,46850.0,0.04842599853873253
train/l1,46900.0,0.04679499939084053
train/l1,46950.0,0.04975736141204834
train/l1,47000.0,0.04880491644144058
train/l1,47050.0,0.044386543333530426
train/l1,47100.0,0.04732127487659454
train/l1,47150.0,0.04549581930041313
train/l1,47200.0,0.045215945690870285
train/l1,47250.0,0.045821573585271835
train/l1,47300.0,0.04572444409132004
train/l1,47350.0,0.04494166001677513
train/l1,47400.0,0.04221614450216293
train/l1,47450.0,0.0411895215511322
train/l1,47500.0,0.045937053859233856
train/l1,47550.0,0.04250984638929367
train/l1,47600.0,0.04824710637331009
train/l1,47650.0,0.04771013557910919
train/l1,47700.0,0.04376259818673134
train/l1,47750.0,0.045807916671037674
train/l1,47800.0,0.04520415887236595
train/l1,47850.0,0.046642377972602844
train/l1,47900.0,0.04626481980085373
train/l1,47950.0,0.04656665772199631
train/l1,48000.0,0.044597286731004715
train/l1,48050.0,0.04824170097708702
train/l1,48100.0,0.046115025877952576
train/l1,48150.0,0.05030421167612076
train/l1,48200.0,0.04806792736053467
train/l1,48250.0,0.04467245936393738
train/l1,48300.0,0.0471147745847702
train/l1,48350.0,0.04546196013689041
train/l1,48400.0,0.046304307878017426
train/l1,48450.0,0.04750264436006546
train/l1,48500.0,0.04422088712453842
train/l1,48550.0,0.042976319789886475
train/l1,48600.0,0.04387054592370987
train/l1,48650.0,0.038798972964286804
train/l1,48700.0,0.05198594927787781
train/l1,48750.0,0.04537195712327957
train/l1,48800.0,0.041967205703258514
train/l1,48850.0,0.04509730637073517
train/l1,48900.0,0.04887046664953232
train/l1,48950.0,0.039900511503219604
train/l1,49000.0,0.042671266943216324
train/l1,49050.0,0.04428728669881821
train/l1,49100.0,0.04491237550973892
train/l1,49150.0,0.046308483928442
train/l1,49200.0,0.0483289510011673
train/l1,49250.0,0.045888032764196396
train/l1,49300.0,0.04696502909064293
train/l1,49350.0,0.04400394484400749
train/l1,49400.0,0.04638627916574478
train/l1,49450.0,0.04682028293609619
train/l1,49500.0,0.051283832639455795
train/l1,49550.0,0.05231017619371414
train/l1,49600.0,0.046066123992204666
train/l1,49650.0,0.04674578085541725
train/l1,49700.0,0.041648369282484055
train/l1,49750.0,0.04910687729716301
train/l1,49800.0,0.04671519622206688
train/l1,49850.0,0.04551013559103012
train/l1,49900.0,0.04308537393808365
train/l1,49950.0,0.047694623470306396
train/l1,50000.0,0.04237637668848038
train/l1,50050.0,0.04426264762878418
train/l1,50100.0,0.04841374605894089
train/l1,50150.0,0.056919507682323456
train/l1,50200.0,0.04615331068634987
train/l1,50250.0,0.04371848702430725
train/l1,50300.0,0.04788102209568024
train/l1,50350.0,0.04571695625782013
train/l1,50400.0,0.0464547723531723
train/l1,50450.0,0.04551764577627182
train/l1,50500.0,0.042664527893066406
train/l1,50550.0,0.04671858996152878
train/l1,50600.0,0.04443884640932083
train/l1,50650.0,0.04502400755882263
train/l1,50700.0,0.04600639268755913
train/l1,50750.0,0.046818625181913376
train/l1,50800.0,0.050714604556560516
train/l1,50850.0,0.042673684656620026
train/l1,50900.0,0.045413970947265625
train/l1,50950.0,0.04866640642285347
train/l1,51000.0,0.045553553849458694
train/l1,51050.0,0.046434059739112854
train/l1,51100.0,0.04467112943530083
train/l1,51150.0,0.04772558808326721
train/l1,51200.0,0.047735653817653656
train/l1,51250.0,0.04241274297237396
train/l1,51300.0,0.04926936328411102
train/l1,51350.0,0.052443090826272964
train/l1,51400.0,0.04431872069835663
train/l1,51450.0,0.046069689095020294
train/l1,51500.0,0.042744461447000504
train/l1,51550.0,0.04257461801171303
train/l1,51600.0,0.04325252026319504
train/l1,51650.0,0.04708452522754669
train/l1,51700.0,0.049750275909900665
train/l1,51750.0,0.05116725340485573
train/l1,51800.0,0.05103331804275513
train/l1,51850.0,0.04582973197102547
train/l1,51900.0,0.040356773883104324
train/l1,51950.0,0.04717405140399933
train/l1,52000.0,0.04204254969954491
train/l1,52050.0,0.045769695192575455
train/l1,52100.0,0.045688070356845856
train/l1,52150.0,0.04521583393216133
train/l1,52200.0,0.04806318134069443
train/l1,52250.0,0.04314911365509033
train/l1,52300.0,0.03907722234725952
train/l1,52350.0,0.0446416437625885
train/l1,52400.0,0.047084033489227295
train/l1,52450.0,0.048005081713199615
train/l1,52500.0,0.04706061631441116
train/l1,52550.0,0.05210896208882332
train/l1,52600.0,0.04313385859131813
train/l1,52650.0,0.048000507056713104
train/l1,52700.0,0.048936620354652405
train/l1,52750.0,0.044856198132038116
train/l1,52800.0,0.0486207976937294
train/l1,52850.0,0.04494335874915123
train/l1,52900.0,0.05186910927295685
train/l1,52950.0,0.04646168649196625
train/l1,53000.0,0.04491608217358589
train/l1,53050.0,0.04350987821817398
train/l1,53100.0,0.0439055971801281
train/l1,53150.0,0.044756487011909485
train/l1,53200.0,0.044951051473617554
train/l1,53250.0,0.04760485887527466
train/l1,53300.0,0.04973262548446655
train/l1,53350.0,0.04685128107666969
train/l1,53400.0,0.04570408910512924
train/l1,53450.0,0.048660632222890854
train/l1,53500.0,0.045192744582891464
train/l1,53550.0,0.04763336479663849
train/l1,53600.0,0.047936536371707916
train/l1,53650.0,0.0459301695227623
train/l1,53700.0,0.04548246040940285
train/l1,53750.0,0.04184025898575783
train/l1,53800.0,0.0419214628636837
train/l1,53850.0,0.04421340674161911
train/l1,53900.0,0.0456777848303318
train/l1,53950.0,0.04678122326731682
train/l1,54000.0,0.050137512385845184
train/l1,54050.0,0.04293913021683693
train/l1,54100.0,0.040777403861284256
train/l1,54150.0,0.04641430452466011
train/l1,54200.0,0.0429283045232296
train/l1,54250.0,0.05370555445551872
train/l1,54300.0,0.04930794984102249
train/l1,54350.0,0.039074525237083435
train/l1,54400.0,0.04276823252439499
train/l1,54450.0,0.04809257388114929
train/l1,54500.0,0.046012938022613525
train/l1,54550.0,0.04763416945934296
train/l1,54600.0,0.04480433464050293
train/l1,54650.0,0.04300948232412338
train/l1,54700.0,0.04652559757232666
train/l1,54750.0,0.0460105799138546
train/l1,54800.0,0.045213378965854645
train/l1,54850.0,0.042646050453186035
train/l1,54900.0,0.045269675552845
train/l1,54950.0,0.046713635325431824
train/l1,55000.0,0.042452987283468246
train/l1,55050.0,0.048646874725818634
train/l1,55100.0,0.044659633189439774
train/l1,55150.0,0.042646847665309906
train/l1,55200.0,0.04709867388010025
train/l1,55250.0,0.04996160417795181
train/l1,55300.0,0.044868674129247665
train/l1,55350.0,0.04553378373384476
train/l1,55400.0,0.046016108244657516
train/l1,55450.0,0.048211414366960526
train/l1,55500.0,0.04609708860516548
train/l1,55550.0,0.04868795722723007
train/l1,55600.0,0.045310571789741516
train/l1,55650.0,0.04834835231304169
train/l1,55700.0,0.049228083342313766
train/l1,55750.0,0.039535559713840485
train/l1,55800.0,0.045696042478084564
train/l1,55850.0,0.04786314070224762
train/l1,55900.0,0.04741263389587402
train/l1,55950.0,0.048462819308042526
train/l1,56000.0,0.04666365310549736
train/l1,56050.0,0.04389968514442444
train/l1,56100.0,0.049017418175935745
train/l1,56150.0,0.045800015330314636
train/l1,56200.0,0.0430624820291996
train/l1,56250.0,0.04304799437522888
train/l1,56300.0,0.046335719525814056
train/l1,56350.0,0.044048845767974854
train/l1,56400.0,0.04829145222902298
train/l1,56450.0,0.05195127800107002
train/l1,56500.0,0.05047747120261192
train/l1,56550.0,0.04375617578625679
train/l1,56600.0,0.04582309350371361
train/l1,56650.0,0.04531438648700714
train/l1,56700.0,0.048698607832193375
train/l1,56750.0,0.04557645320892334
train/l1,56800.0,0.0449221096932888
train/l1,56850.0,0.04799795150756836
train/l1,56900.0,0.04719019681215286
train/l1,56950.0,0.045103274285793304
train/l1,57000.0,0.04022713378071785
train/l1,57050.0,0.04942748323082924
train/l1,57100.0,0.04492168128490448
train/l1,57150.0,0.04600230231881142
train/l1,57200.0,0.03911188617348671
train/l1,57250.0,0.043633926659822464
train/l1,57300.0,0.046409741044044495
train/l1,57350.0,0.0532209537923336
train/l1,57400.0,0.051905713975429535
train/l1,57450.0,0.04410748928785324
train/l1,57500.0,0.04618537053465843
train/l1,57550.0,0.044472355395555496
train/l1,57600.0,0.04664139449596405
train/l1,57650.0,0.0437515452504158
train/l1,57700.0,0.049316950142383575
train/l1,57750.0,0.04680658504366875
train/l1,57800.0,0.049344778060913086
train/l1,57850.0,0.04659917205572128
train/l1,57900.0,0.051316745579242706
train/l1,57950.0,0.04723697155714035
train/l1,58000.0,0.04315614327788353
train/l1,58050.0,0.04585685208439827
train/l1,58100.0,0.042415838688611984
train/l1,58150.0,0.04244621470570564
train/l1,58200.0,0.04417933523654938
train/l1,58250.0,0.0525532141327858
train/l1,58300.0,0.043626926839351654
train/l1,58350.0,0.05062321573495865
train/l1,58400.0,0.041465774178504944
train/l1,58450.0,0.046038493514060974
train/l1,58500.0,0.04253613203763962
train/l1,58550.0,0.04330313205718994
train/l1,58600.0,0.04337563365697861
train/l1,58650.0,0.045833297073841095
train/l1,58700.0,0.045284710824489594
train/l1,58750.0,0.048660580068826675
train/l1,58800.0,0.04285392537713051
train/l1,58850.0,0.044218551367521286
train/l1,58900.0,0.043825678527355194
train/l1,58950.0,0.047079913318157196
train/l1,59000.0,0.04239329323172569
train/l1,59050.0,0.05104514956474304
train/l1,59100.0,0.045604344457387924
train/l1,59150.0,0.0446387454867363
train/l1,59200.0,0.047185998409986496
train/l1,59250.0,0.04501863569021225
train/l1,59300.0,0.05386395752429962
train/l1,59350.0,0.04420531913638115
train/l1,59400.0,0.04541710391640663
train/l1,59450.0,0.044209074229002
train/l1,59500.0,0.04454382508993149
train/l1,59550.0,0.05587688460946083
train/l1,59600.0,0.04940374195575714
train/l1,59650.0,0.04681040719151497
train/l1,59700.0,0.04273049905896187
train/l1,59750.0,0.049115028232336044
train/l1,59800.0,0.04677508771419525
train/l1,59850.0,0.046100858598947525
train/l1,59900.0,0.04555326700210571
train/l1,59950.0,0.049352213740348816
train/l1,60000.0,0.04740532487630844
train/l1,60050.0,0.05051521956920624
train/l1,60100.0,0.04804172366857529
train/l1,60150.0,0.048691678792238235
train/l1,60200.0,0.046166762709617615
train/l1,60250.0,0.044948771595954895
train/l1,60300.0,0.05459883064031601
train/l1,60350.0,0.0481305755674839
train/l1,60400.0,0.04541235789656639
train/l1,60450.0,0.047707997262477875
train/l1,60500.0,0.044368401169776917
train/l1,60550.0,0.05145051330327988
train/l1,60600.0,0.0480976365506649
train/l1,60650.0,0.04474583640694618
train/l1,60700.0,0.05141810327768326
train/l1,60750.0,0.0427999272942543
train/l1,60800.0,0.04255184903740883
train/l1,60850.0,0.044555939733982086
train/l1,60900.0,0.04950212687253952
train/l1,60950.0,0.04391768202185631
train/l1,61000.0,0.04257028177380562
train/l1,61050.0,0.041687190532684326
train/l1,61100.0,0.04885523393750191
train/l1,61150.0,0.05108897015452385
train/l1,61200.0,0.045380353927612305
train/l1,61250.0,0.04912670701742172
train/l1,61300.0,0.04901823401451111
train/l1,61350.0,0.048666149377822876
train/l1,61400.0,0.04560867324471474
train/l1,61450.0,0.04620600491762161
train/l1,61500.0,0.04657432809472084
train/l1,61550.0,0.05106639862060547
train/l1,61600.0,0.04783669486641884
train/l1,61650.0,0.046314120292663574
train/l1,61700.0,0.0467316135764122
train/l1,61750.0,0.04040304198861122
train/l1,61800.0,0.055229488760232925
train/l1,61850.0,0.04865073412656784
train/l1,61900.0,0.04878250136971474
train/l1,61950.0,0.048328861594200134
train/l1,62000.0,0.052226472645998
train/l1,62050.0,0.04826026409864426
train/l1,62100.0,0.0439857579767704
train/l1,62150.0,0.04519730806350708
train/l1,62200.0,0.047461144626140594
train/l1,62250.0,0.04848207160830498
train/l1,62300.0,0.04893500730395317
train/l1,62350.0,0.04720635339617729
train/l1,62400.0,0.04469887167215347
train/l1,62450.0,0.048925161361694336
train/l1,62500.0,0.04612431675195694
train/l1,62550.0,0.0448487214744091
train/l1,62600.0,0.046224020421504974
train/l1,62650.0,0.04969310015439987
train/l1,62700.0,0.04487031325697899
train/l1,62750.0,0.0476345494389534
train/l1,62800.0,0.045479822903871536
train/l1,62850.0,0.04933231696486473
train/l1,62900.0,0.04453040659427643
train/l1,62950.0,0.050431083887815475
train/l1,63000.0,0.046369098126888275
train/l1,63050.0,0.048724181950092316
train/l1,63100.0,0.05020339414477348
train/l1,63150.0,0.04609857499599457
train/l1,63200.0,0.046623922884464264
train/l1,63250.0,0.04809241741895676
train/l1,63300.0,0.04845927655696869
train/l1,63350.0,0.046602364629507065
train/l1,63400.0,0.04628881439566612
train/l1,63450.0,0.04826930910348892
train/l1,63500.0,0.04597964882850647
train/l1,63550.0,0.046978920698165894
train/l1,63600.0,0.04485803842544556
train/l1,63650.0,0.04839067906141281
train/l1,63700.0,0.05198036879301071
train/l1,63750.0,0.04450942948460579
train/l1,63800.0,0.0480562224984169
train/l1,63850.0,0.048589952290058136
train/l1,63900.0,0.04303457960486412
train/l1,63950.0,0.04847447946667671
train/l1,64000.0,0.04709036648273468
train/l1,64050.0,0.04956614971160889
train/l1,64100.0,0.04550914466381073
train/l1,64150.0,0.045001231133937836
train/l1,64200.0,0.04731224849820137
train/l1,64250.0,0.050155218690633774
train/l1,64300.0,0.046110644936561584
train/l1,64350.0,0.04837968572974205
train/l1,64400.0,0.050699517130851746
train/l1,64450.0,0.04492906108498573
train/l1,64500.0,0.04427548497915268
train/l1,64550.0,0.0437251478433609
train/l1,64600.0,0.04742240905761719
train/l1,64650.0,0.047386858612298965
train/l1,64700.0,0.04929496720433235
train/l1,64750.0,0.053327031433582306
train/l1,64800.0,0.044717393815517426
train/l1,64850.0,0.04449445381760597
train/l1,64900.0,0.04829801619052887
train/l1,64950.0,0.04557054862380028
train/l1,65000.0,0.04886037856340408
train/l1,65050.0,0.04677324742078781
train/l1,65100.0,0.048999447375535965
train/l1,65150.0,0.05287422239780426
train/l1,65200.0,0.04576883465051651
train/l1,65250.0,0.04940053075551987
train/l1,65300.0,0.04811402037739754
train/l1,65350.0,0.04299598187208176
train/l1,65400.0,0.04962273687124252
train/l1,65450.0,0.04760856553912163
train/l1,65500.0,0.05066404119133949
train/l1,65550.0,0.0447554886341095
train/l1,65600.0,0.04559270292520523
train/l1,65650.0,0.04939275234937668
train/l1,65700.0,0.04769294708967209
train/l1,65750.0,0.05629797279834747
train/l1,65800.0,0.041251927614212036
train/l1,65850.0,0.045868441462516785
train/l1,65900.0,0.05267845466732979
train/l1,65950.0,0.049030669033527374
train/l1,66000.0,0.0446925014257431
train/l1,66050.0,0.04940367490053177
train/l1,66100.0,0.04663652926683426
train/l1,66150.0,0.0507938414812088
train/l1,66200.0,0.04795510321855545
train/l1,66250.0,0.04400978982448578
train/l1,66300.0,0.05298547446727753
train/l1,66350.0,0.04486352950334549
train/l1,66400.0,0.045940954238176346
train/l1,66450.0,0.05081910267472267
train/l1,66500.0,0.049202434718608856
train/l1,66550.0,0.049573712050914764
train/l1,66600.0,0.04829780384898186
train/l1,66650.0,0.04582956060767174
train/l1,66700.0,0.05039845407009125
train/l1,66750.0,0.05035305395722389
train/l1,66800.0,0.04402507469058037
train/l1,66850.0,0.051862023770809174
train/l1,66900.0,0.04721735045313835
train/l1,66950.0,0.04677983745932579
train/l1,67000.0,0.043504826724529266
train/l1,67050.0,0.05151131749153137
train/l1,67100.0,0.04054921120405197
train/l1,67150.0,0.05162643641233444
train/l1,67200.0,0.04905480146408081
train/l1,67250.0,0.04363163933157921
train/l1,67300.0,0.055086977779865265
train/l1,67350.0,0.049720995128154755
train/l1,67400.0,0.04417158290743828
train/l1,67450.0,0.0493445061147213
train/l1,67500.0,0.04971536248922348
train/l1,67550.0,0.04967539384961128
train/l1,67600.0,0.04404547065496445
train/l1,67650.0,0.04383762925863266
train/l1,67700.0,0.05085963010787964
train/l1,67750.0,0.04903559386730194
train/l1,67800.0,0.04871154576539993
train/l1,67850.0,0.04876786842942238
train/l1,67900.0,0.04623210057616234
train/l1,67950.0,0.04340799152851105
train/l1,68000.0,0.04581877961754799
train/l1,68050.0,0.04770611226558685
train/l1,68100.0,0.05247768014669418
train/l1,68150.0,0.0434582456946373
train/l1,68200.0,0.04674392193555832
train/l1,68250.0,0.04718396067619324
train/l1,68300.0,0.05132710188627243
train/l1,68350.0,0.04474033787846565
train/l1,68400.0,0.03995106369256973
train/l1,68450.0,0.04918745160102844
train/l1,68500.0,0.04647066071629524
train/l1,68550.0,0.0467861145734787
train/l1,68600.0,0.05193717032670975
train/l1,68650.0,0.049983955919742584
train/l1,68700.0,0.04778528958559036
train/l1,68750.0,0.0476292222738266
train/l1,68800.0,0.04776575043797493
train/l1,68850.0,0.04537836089730263
train/l1,68900.0,0.0457167848944664
train/l1,68950.0,0.0494002029299736
train/l1,69000.0,0.05073970928788185
train/l1,69050.0,0.04925195500254631
train/l1,69100.0,0.04668612778186798
train/l1,69150.0,0.04454272240400314
train/l1,69200.0,0.0480794794857502
train/l1,69250.0,0.045178353786468506
train/l1,69300.0,0.05125373601913452
train/l1,69350.0,0.04836810380220413
train/l1,69400.0,0.05337395519018173
train/l1,69450.0,0.04203673452138901
train/l1,69500.0,0.04587174579501152
train/l1,69550.0,0.04778563976287842
train/l1,69600.0,0.046722814440727234
train/l1,69650.0,0.04714979976415634
train/l1,69700.0,0.04702196270227432
train/l1,69750.0,0.0491337813436985
train/l1,69800.0,0.04683299735188484
train/l1,69850.0,0.0476171039044857
train/l1,69900.0,0.0450005978345871
train/l1,69950.0,0.04757910594344139
train/l1,70000.0,0.04339497908949852
train/l1,70050.0,0.04371272772550583
train/l1,70100.0,0.04479521885514259
train/l1,70150.0,0.043941136449575424
train/l1,70200.0,0.04637637361884117
train/l1,70250.0,0.04490140825510025
train/l1,70300.0,0.04525125399231911
train/l1,70350.0,0.04713519290089607
train/l1,70400.0,0.04157371073961258
train/l1,70450.0,0.04113725572824478
train/l1,70500.0,0.042915474623441696
train/l1,70550.0,0.045257318764925
train/l1,70600.0,0.05159421265125275
train/l1,70650.0,0.04788936674594879
train/l1,70700.0,0.04647590592503548
train/l1,70750.0,0.04838407039642334
train/l1,70800.0,0.044757820665836334
train/l1,70850.0,0.04516831785440445
train/l1,70900.0,0.048948079347610474
train/l1,70950.0,0.04550797492265701
train/l1,71000.0,0.04757842794060707
train/l1,71050.0,0.045607149600982666
train/l1,71100.0,0.04419389367103577
train/l1,71150.0,0.049129195511341095
train/l1,71200.0,0.04806430637836456
train/l1,71250.0,0.0487532764673233
train/l1,71300.0,0.05094946175813675
train/l1,71350.0,0.051443204283714294
train/l1,71400.0,0.045415084809064865
train/l1,71450.0,0.04186123237013817
train/l1,71500.0,0.04930032044649124
train/l1,71550.0,0.046739012002944946
train/l1,71600.0,0.05075101926922798
train/l1,71650.0,0.04254625365138054
train/l1,71700.0,0.05007920414209366
train/l1,71750.0,0.045402828603982925
train/l1,71800.0,0.04214991629123688
train/l1,71850.0,0.04443562030792236
train/l1,71900.0,0.05187845230102539
train/l1,71950.0,0.04607413336634636
train/l1,72000.0,0.05273771286010742
train/l1,72050.0,0.049074187874794006
train/l1,72100.0,0.04912324249744415
train/l1,72150.0,0.050147250294685364
train/l1,72200.0,0.0451849028468132
train/l1,72250.0,0.04219558462500572
train/l1,72300.0,0.04632711037993431
train/l1,72350.0,0.04653550684452057
train/l1,72400.0,0.04587935283780098
train/l1,72450.0,0.04567154496908188
train/l1,72500.0,0.05230800434947014
train/l1,72550.0,0.05010198801755905
train/l1,72600.0,0.046029020100831985
train/l1,72650.0,0.046726491302251816
train/l1,72700.0,0.04680846631526947
train/l1,72750.0,0.04934149235486984
train/l1,72800.0,0.05401163920760155
train/l1,72850.0,0.04468610882759094
train/l1,72900.0,0.04886039346456528
train/l1,72950.0,0.050087425857782364
train/l1,73000.0,0.04428933560848236
train/l1,73050.0,0.043700575828552246
train/l1,73100.0,0.045777663588523865
train/l1,73150.0,0.043801069259643555
train/l1,73200.0,0.049946803599596024
train/l1,73250.0,0.046835027635097504
train/l1,73300.0,0.04487334564328194
train/l1,73350.0,0.04549149423837662
train/l1,73400.0,0.05209128186106682
train/l1,73450.0,0.047140490263700485
train/l1,73500.0,0.05104968324303627
train/l1,73550.0,0.04872019588947296
train/l1,73600.0,0.043446965515613556
train/l1,73650.0,0.0454053096473217
train/l1,73700.0,0.04367778077721596
train/l1,73750.0,0.04604143276810646
train/l1,73800.0,0.05015060678124428
train/l1,73850.0,0.04611033946275711
train/l1,73900.0,0.04445984959602356
train/l1,73950.0,0.04842473566532135
train/l1,74000.0,0.049017008394002914
train/l1,74050.0,0.050791457295417786
train/l1,74100.0,0.05219772830605507
train/l1,74150.0,0.05447177216410637
train/l1,74200.0,0.04639009013772011
train/l1,74250.0,0.04706320911645889
train/l1,74300.0,0.04776269942522049
train/l1,74350.0,0.047961726784706116
train/l1,74400.0,0.047408148646354675
train/l1,74450.0,0.04973423480987549
train/l1,74500.0,0.048004746437072754
train/l1,74550.0,0.04569852724671364
train/l1,74600.0,0.052505116909742355
train/l1,74650.0,0.042083531618118286
train/l1,74700.0,0.048958390951156616
train/l1,74750.0,0.05239906534552574
train/l1,74800.0,0.04451189190149307
train/l1,74850.0,0.05043718218803406
train/l1,74900.0,0.04605644941329956
train/l1,74950.0,0.049980826675891876
train/l1,75000.0,0.04350612685084343
train/l1,75050.0,0.04960716515779495
train/l1,75100.0,0.04847216606140137
train/l1,75150.0,0.04830685630440712
train/l1,75200.0,0.045566853135824203
train/l1,75250.0,0.046330153942108154
train/l1,75300.0,0.043343547731637955
train/l1,75350.0,0.04924352839589119
train/l1,75400.0,0.04616524279117584
train/l1,75450.0,0.04914935678243637
train/l1,75500.0,0.0486643984913826
train/l1,75550.0,0.047881197184324265
train/l1,75600.0,0.04600159078836441
train/l1,75650.0,0.04378221929073334
train/l1,75700.0,0.04775794968008995
train/l1,75750.0,0.043513115495443344
train/l1,75800.0,0.04646996781229973
train/l1,75850.0,0.045886702835559845
train/l1,75900.0,0.04846251755952835
train/l1,75950.0,0.04367899149656296
train/l1,76000.0,0.05138981714844704
train/l1,76050.0,0.046877406537532806
train/l1,76100.0,0.038271497935056686
train/l1,76150.0,0.04505409300327301
train/l1,76200.0,0.048777610063552856
train/l1,76250.0,0.04292024299502373
train/l1,76300.0,0.04398609325289726
train/l1,76350.0,0.047524064779281616
train/l1,76400.0,0.044282469898462296
train/l1,76450.0,0.043641816824674606
train/l1,76500.0,0.047236621379852295
train/l1,76550.0,0.053287290036678314
train/l1,76600.0,0.046664126217365265
train/l1,76650.0,0.04624989628791809
train/l1,76700.0,0.05003776773810387
train/l1,76750.0,0.05077212303876877
train/l1,76800.0,0.04984486103057861
train/l1,76850.0,0.03937382996082306
train/l1,76900.0,0.04535602033138275
train/l1,76950.0,0.048399098217487335
train/l1,77000.0,0.050571732223033905
train/l1,77050.0,0.05149081349372864
train/l1,77100.0,0.0486966073513031
train/l1,77150.0,0.04472808539867401
train/l1,77200.0,0.047121405601501465
train/l1,77250.0,0.04243027791380882
train/l1,77300.0,0.04945199191570282
train/l1,77350.0,0.04376273229718208
train/l1,77400.0,0.042895443737506866
train/l1,77450.0,0.0462656170129776
train/l1,77500.0,0.041880570352077484
train/l1,77550.0,0.048075977712869644
train/l1,77600.0,0.04762502387166023
train/l1,77650.0,0.046040985733270645
train/l1,77700.0,0.04467857629060745
train/l1,77750.0,0.04528730735182762
train/l1,77800.0,0.04763698950409889
train/l1,77850.0,0.04522036761045456
train/l1,77900.0,0.04445485770702362
train/l1,77950.0,0.04860036447644234
train/l1,78000.0,0.046682506799697876
train/l1,78050.0,0.04755073040723801
train/l1,78100.0,0.05296233296394348
train/l1,78150.0,0.04743873327970505
train/l1,78200.0,0.048736341297626495
train/l1,78250.0,0.043259505182504654
train/l1,78300.0,0.04710135981440544
train/l1,78350.0,0.051425084471702576
train/l1,78400.0,0.04785982891917229
train/l1,78450.0,0.05326302722096443
train/l1,78500.0,0.04769926518201828
train/l1,78550.0,0.049941614270210266
train/l1,78600.0,0.049274131655693054
train/l1,78650.0,0.04839436337351799
train/l1,78700.0,0.05223406106233597
train/l1,78750.0,0.047894708812236786
train/l1,78800.0,0.04776271805167198
train/l1,78850.0,0.04491320624947548
train/l1,78900.0,0.04882720857858658
train/l1,78950.0,0.04363975301384926
train/l1,79000.0,0.045055899769067764
train/l1,79050.0,0.048933472484350204
train/l1,79100.0,0.047558292746543884
train/l1,79150.0,0.04257545620203018
train/l1,79200.0,0.044071756303310394
train/l1,79250.0,0.04469989612698555
train/l1,79300.0,0.048454537987709045
train/l1,79350.0,0.04523712024092674
train/l1,79400.0,0.046805836260318756
train/l1,79450.0,0.04701710119843483
train/l1,79500.0,0.04779569432139397
train/l1,79550.0,0.05086290091276169
train/l1,79600.0,0.04411677271127701
train/l1,79650.0,0.04695221781730652
train/l1,79700.0,0.04854162037372589
train/l1,79750.0,0.043569136410951614
train/l1,79800.0,0.04337417706847191
train/l1,79850.0,0.04943563789129257
train/l1,79900.0,0.04928459972143173
train/l1,79950.0,0.04924338310956955
train/l1,80000.0,0.04872909560799599
train/loss,1.0,0.3184310793876648
train/loss,50.0,0.20515835285186768
train/loss,100.0,0.11650177836418152
train/loss,150.0,0.0943586677312851
train/loss,200.0,0.10220371186733246
train/loss,250.0,0.07904699444770813
train/loss,300.0,0.07789161056280136
train/loss,350.0,0.07571981102228165
train/loss,400.0,0.07361090928316116
train/loss,450.0,0.0769411027431488
train/loss,500.0,0.06727787107229233
train/loss,550.0,0.07806641608476639
train/loss,600.0,0.06196918338537216
train/loss,650.0,0.05858713388442993
train/loss,700.0,0.06518352031707764
train/loss,750.0,0.06554268300533295
train/loss,800.0,0.060437314212322235
train/loss,850.0,0.06849829852581024
train/loss,900.0,0.0605432353913784
train/loss,950.0,0.06253036111593246
train/loss,1000.0,0.06137755885720253
train/loss,1050.0,0.06207214295864105
train/loss,1100.0,0.06423039734363556
train/loss,1150.0,0.05491833761334419
train/loss,1200.0,0.0550374872982502
train/loss,1250.0,0.06232492998242378
train/loss,1300.0,0.061554256826639175
train/loss,1350.0,0.054614052176475525
train/loss,1400.0,0.05874578282237053
train/loss,1450.0,0.05626413971185684
train/loss,1500.0,0.0509740374982357
train/loss,1550.0,0.05798241123557091
train/loss,1600.0,0.05294502526521683
train/loss,1650.0,0.05631053075194359
train/loss,1700.0,0.05283506214618683
train/loss,1750.0,0.059879105538129807
train/loss,1800.0,0.059089042246341705
train/loss,1850.0,0.051897503435611725
train/loss,1900.0,0.05012241005897522
train/loss,1950.0,0.05061515420675278
train/loss,2000.0,0.055896420031785965
train/loss,2050.0,0.053924810141325
train/loss,2100.0,0.0520210936665535
train/loss,2150.0,0.0542401559650898
train/loss,2200.0,0.05815117433667183
train/loss,2250.0,0.053708404302597046
train/loss,2300.0,0.050608694553375244
train/loss,2350.0,0.052733179181814194
train/loss,2400.0,0.04976474493741989
train/loss,2450.0,0.04818222299218178
train/loss,2500.0,0.05371171981096268
train/loss,2550.0,0.052058104425668716
train/loss,2600.0,0.052402038127183914
train/loss,2650.0,0.05572644993662834
train/loss,2700.0,0.04981888830661774
train/loss,2750.0,0.04930036514997482
train/loss,2800.0,0.0533546507358551
train/loss,2850.0,0.05432218313217163
train/loss,2900.0,0.04994109272956848
train/loss,2950.0,0.056622110307216644
train/loss,3000.0,0.05216197669506073
train/loss,3050.0,0.04930898919701576
train/loss,3100.0,0.05390594154596329
train/loss,3150.0,0.049129121005535126
train/loss,3200.0,0.04905344173312187
train/loss,3250.0,0.05316672474145889
train/loss,3300.0,0.05381056293845177
train/loss,3350.0,0.054155249148607254
train/loss,3400.0,0.05181846022605896
train/loss,3450.0,0.052316322922706604
train/loss,3500.0,0.05305909365415573
train/loss,3550.0,0.05220623314380646
train/loss,3600.0,0.05041526257991791
train/loss,3650.0,0.04994722828269005
train/loss,3700.0,0.052072156220674515
train/loss,3750.0,0.05492998659610748
train/loss,3800.0,0.046580683439970016
train/loss,3850.0,0.05150913447141647
train/loss,3900.0,0.05006833374500275
train/loss,3950.0,0.05080871284008026
train/loss,4000.0,0.05574224144220352
train/loss,4050.0,0.05369307100772858
train/loss,4100.0,0.052824415266513824
train/loss,4150.0,0.04826980456709862
train/loss,4200.0,0.05604134872555733
train/loss,4250.0,0.054070502519607544
train/loss,4300.0,0.04889843985438347
train/loss,4350.0,0.047840557992458344
train/loss,4400.0,0.05011929199099541
train/loss,4450.0,0.04994407296180725
train/loss,4500.0,0.050572894513607025
train/loss,4550.0,0.04969436675310135
train/loss,4600.0,0.0475347600877285
train/loss,4650.0,0.0496770516037941
train/loss,4700.0,0.04579612985253334
train/loss,4750.0,0.05069790408015251
train/loss,4800.0,0.049967072904109955
train/loss,4850.0,0.0515136644244194
train/loss,4900.0,0.05512447655200958
train/loss,4950.0,0.04967383295297623
train/loss,5000.0,0.04971753805875778
train/loss,5050.0,0.05179113894701004
train/loss,5100.0,0.04967861995100975
train/loss,5150.0,0.04748902469873428
train/loss,5200.0,0.04468584805727005
train/loss,5250.0,0.05181184783577919
train/loss,5300.0,0.05243299528956413
train/loss,5350.0,0.050636328756809235
train/loss,5400.0,0.04879990220069885
train/loss,5450.0,0.049131374806165695
train/loss,5500.0,0.04909594729542732
train/loss,5550.0,0.051687173545360565
train/loss,5600.0,0.05980810523033142
train/loss,5650.0,0.049246132373809814
train/loss,5700.0,0.05058378726243973
train/loss,5750.0,0.057784873992204666
train/loss,5800.0,0.05282525345683098
train/loss,5850.0,0.04882697016000748
train/loss,5900.0,0.05068834871053696
train/loss,5950.0,0.0526258684694767
train/loss,6000.0,0.047427184879779816
train/loss,6050.0,0.05011335760354996
train/loss,6100.0,0.05227751284837723
train/loss,6150.0,0.04576161876320839
train/loss,6200.0,0.04357529431581497
train/loss,6250.0,0.05206840857863426
train/loss,6300.0,0.04621998593211174
train/loss,6350.0,0.05182453989982605
train/loss,6400.0,0.048082057386636734
train/loss,6450.0,0.05500425025820732
train/loss,6500.0,0.049062736332416534
train/loss,6550.0,0.04811970144510269
train/loss,6600.0,0.05152035877108574
train/loss,6650.0,0.052296578884124756
train/loss,6700.0,0.05475858598947525
train/loss,6750.0,0.051134105771780014
train/loss,6800.0,0.05185071378946304
train/loss,6850.0,0.05192951858043671
train/loss,6900.0,0.05632052198052406
train/loss,6950.0,0.04663057625293732
train/loss,7000.0,0.04565580189228058
train/loss,7050.0,0.05149392783641815
train/loss,7100.0,0.052609533071517944
train/loss,7150.0,0.048376888036727905
train/loss,7200.0,0.052091002464294434
train/loss,7250.0,0.05036419630050659
train/loss,7300.0,0.04951731488108635
train/loss,7350.0,0.05491429194808006
train/loss,7400.0,0.04597718268632889
train/loss,7450.0,0.05027132108807564
train/loss,7500.0,0.048090290278196335
train/loss,7550.0,0.04513569176197052
train/loss,7600.0,0.04835627228021622
train/loss,7650.0,0.05019049346446991
train/loss,7700.0,0.04966231808066368
train/loss,7750.0,0.04694380611181259
train/loss,7800.0,0.051329225301742554
train/loss,7850.0,0.044756706804037094
train/loss,7900.0,0.05019428953528404
train/loss,7950.0,0.05094089359045029
train/loss,8000.0,0.051251739263534546
train/loss,8050.0,0.0509064681828022
train/loss,8100.0,0.05430862307548523
train/loss,8150.0,0.04841097816824913
train/loss,8200.0,0.04534043371677399
train/loss,8250.0,0.0489361435174942
train/loss,8300.0,0.05109483003616333
train/loss,8350.0,0.05010109767317772
train/loss,8400.0,0.049985695630311966
train/loss,8450.0,0.051990360021591187
train/loss,8500.0,0.0466143935918808
train/loss,8550.0,0.049370523542165756
train/loss,8600.0,0.04778236523270607
train/loss,8650.0,0.049138154834508896
train/loss,8700.0,0.051746711134910583
train/loss,8750.0,0.053295016288757324
train/loss,8800.0,0.04659850150346756
train/loss,8850.0,0.046688515692949295
train/loss,8900.0,0.04653045907616615
train/loss,8950.0,0.04688453674316406
train/loss,9000.0,0.04930807650089264
train/loss,9050.0,0.04847891256213188
train/loss,9100.0,0.04966690391302109
train/loss,9150.0,0.0472409725189209
train/loss,9200.0,0.04805995523929596
train/loss,9250.0,0.05453675240278244
train/loss,9300.0,0.05328930541872978
train/loss,9350.0,0.04516123607754707
train/loss,9400.0,0.05406906083226204
train/loss,9450.0,0.04787299409508705
train/loss,9500.0,0.05296889320015907
train/loss,9550.0,0.04802962392568588
train/loss,9600.0,0.052579365670681
train/loss,9650.0,0.05090866610407829
train/loss,9700.0,0.05044807493686676
train/loss,9750.0,0.044327955693006516
train/loss,9800.0,0.052035048604011536
train/loss,9850.0,0.046253740787506104
train/loss,9900.0,0.04929022863507271
train/loss,9950.0,0.04925385117530823
train/loss,10000.0,0.04762473702430725
train/loss,10050.0,0.048521481454372406
train/loss,10100.0,0.05313687026500702
train/loss,10150.0,0.0467073991894722
train/loss,10200.0,0.04971013963222504
train/loss,10250.0,0.04517240822315216
train/loss,10300.0,0.05132957547903061
train/loss,10350.0,0.04869828373193741
train/loss,10400.0,0.04734642058610916
train/loss,10450.0,0.0467909537255764
train/loss,10500.0,0.05125041306018829
train/loss,10550.0,0.04953650012612343
train/loss,10600.0,0.046622902154922485
train/loss,10650.0,0.049180179834365845
train/loss,10700.0,0.04711603373289108
train/loss,10750.0,0.051897238940000534
train/loss,10800.0,0.051892057061195374
train/loss,10850.0,0.05154351145029068
train/loss,10900.0,0.04881475120782852
train/loss,10950.0,0.049684587866067886
train/loss,11000.0,0.04611671715974808
train/loss,11050.0,0.051735103130340576
train/loss,11100.0,0.04607899859547615
train/loss,11150.0,0.05536852777004242
train/loss,11200.0,0.04728452488780022
train/loss,11250.0,0.053092628717422485
train/loss,11300.0,0.04718384891748428
train/loss,11350.0,0.05643538013100624
train/loss,11400.0,0.05052580684423447
train/loss,11450.0,0.05017077177762985
train/loss,11500.0,0.052171990275382996
train/loss,11550.0,0.053538475185632706
train/loss,11600.0,0.05228455737233162
train/loss,11650.0,0.04654775932431221
train/loss,11700.0,0.04735253006219864
train/loss,11750.0,0.042709264904260635
train/loss,11800.0,0.048557400703430176
train/loss,11850.0,0.046211376786231995
train/loss,11900.0,0.05660701543092728
train/loss,11950.0,0.04780737683176994
train/loss,12000.0,0.04912106692790985
train/loss,12050.0,0.05094008147716522
train/loss,12100.0,0.049221284687519073
train/loss,12150.0,0.04736983776092529
train/loss,12200.0,0.046456336975097656
train/loss,12250.0,0.04618195444345474
train/loss,12300.0,0.05015535652637482
train/loss,12350.0,0.04877316951751709
train/loss,12400.0,0.047761961817741394
train/loss,12450.0,0.049574512988328934
train/loss,12500.0,0.04167287424206734
train/loss,12550.0,0.050745073705911636
train/loss,12600.0,0.05103438347578049
train/loss,12650.0,0.04927367717027664
train/loss,12700.0,0.04908161610364914
train/loss,12750.0,0.05185629054903984
train/loss,12800.0,0.04742848128080368
train/loss,12850.0,0.04483276978135109
train/loss,12900.0,0.04813792183995247
train/loss,12950.0,0.04826262220740318
train/loss,13000.0,0.04328862205147743
train/loss,13050.0,0.04657246172428131
train/loss,13100.0,0.054690971970558167
train/loss,13150.0,0.053842004388570786
train/loss,13200.0,0.04675126075744629
train/loss,13250.0,0.04944280907511711
train/loss,13300.0,0.04637054353952408
train/loss,13350.0,0.04477010667324066
train/loss,13400.0,0.048845745623111725
train/loss,13450.0,0.04898380488157272
train/loss,13500.0,0.05067235976457596
train/loss,13550.0,0.050910551100969315
train/loss,13600.0,0.0482909232378006
train/loss,13650.0,0.05148360878229141
train/loss,13700.0,0.0460611954331398
train/loss,13750.0,0.04872151091694832
train/loss,13800.0,0.04722421243786812
train/loss,13850.0,0.04308252036571503
train/loss,13900.0,0.04492104798555374
train/loss,13950.0,0.047495175153017044
train/loss,14000.0,0.049506060779094696
train/loss,14050.0,0.04764043539762497
train/loss,14100.0,0.048285871744155884
train/loss,14150.0,0.05149795860052109
train/loss,14200.0,0.04614304006099701
train/loss,14250.0,0.053937606513500214
train/loss,14300.0,0.04623642936348915
train/loss,14350.0,0.051859430968761444
train/loss,14400.0,0.04896646738052368
train/loss,14450.0,0.0502438023686409
train/loss,14500.0,0.047828808426856995
train/loss,14550.0,0.053135670721530914
train/loss,14600.0,0.048934876918792725
train/loss,14650.0,0.04833173379302025
train/loss,14700.0,0.05273713544011116
train/loss,14750.0,0.04782075434923172
train/loss,14800.0,0.044419847428798676
train/loss,14850.0,0.05294809862971306
train/loss,14900.0,0.046340763568878174
train/loss,14950.0,0.046756207942962646
train/loss,15000.0,0.05655118077993393
train/loss,15050.0,0.04916689172387123
train/loss,15100.0,0.05275137722492218
train/loss,15150.0,0.04839848726987839
train/loss,15200.0,0.04846882075071335
train/loss,15250.0,0.050899162888526917
train/loss,15300.0,0.04677397757768631
train/loss,15350.0,0.0529603511095047
train/loss,15400.0,0.04169606417417526
train/loss,15450.0,0.04754622280597687
train/loss,15500.0,0.0454445444047451
train/loss,15550.0,0.04819250479340553
train/loss,15600.0,0.054216813296079636
train/loss,15650.0,0.05365385115146637
train/loss,15700.0,0.05036826431751251
train/loss,15750.0,0.04883959889411926
train/loss,15800.0,0.05257106572389603
train/loss,15850.0,0.052102889865636826
train/loss,15900.0,0.04450581222772598
train/loss,15950.0,0.043888721615076065
train/loss,16000.0,0.044135015457868576
train/loss,16050.0,0.04711664095520973
train/loss,16100.0,0.050807490944862366
train/loss,16150.0,0.04650607332587242
train/loss,16200.0,0.043146222829818726
train/loss,16250.0,0.047610461711883545
train/loss,16300.0,0.047420017421245575
train/loss,16350.0,0.04826011881232262
train/loss,16400.0,0.05072148144245148
train/loss,16450.0,0.04982860013842583
train/loss,16500.0,0.04765285924077034
train/loss,16550.0,0.05214158073067665
train/loss,16600.0,0.04636125639081001
train/loss,16650.0,0.04706829786300659
train/loss,16700.0,0.05408903956413269
train/loss,16750.0,0.05285228043794632
train/loss,16800.0,0.04988161474466324
train/loss,16850.0,0.043171703815460205
train/loss,16900.0,0.05182226747274399
train/loss,16950.0,0.045565567910671234
train/loss,17000.0,0.0472467839717865
train/loss,17050.0,0.05150570720434189
train/loss,17100.0,0.047186631709337234
train/loss,17150.0,0.04996649548411369
train/loss,17200.0,0.05220368877053261
train/loss,17250.0,0.044194307178258896
train/loss,17300.0,0.04933438077569008
train/loss,17350.0,0.05204218626022339
train/loss,17400.0,0.04820246249437332
train/loss,17450.0,0.0519353412091732
train/loss,17500.0,0.04667728766798973
train/loss,17550.0,0.044717974960803986
train/loss,17600.0,0.052332647144794464
train/loss,17650.0,0.03985685482621193
train/loss,17700.0,0.048197370022535324
train/loss,17750.0,0.05714767053723335
train/loss,17800.0,0.04160122945904732
train/loss,17850.0,0.05543762072920799
train/loss,17900.0,0.04601624980568886
train/loss,17950.0,0.047974079847335815
train/loss,18000.0,0.05184145271778107
train/loss,18050.0,0.052152540534734726
train/loss,18100.0,0.05253040790557861
train/loss,18150.0,0.05154603347182274
train/loss,18200.0,0.04653002694249153
train/loss,18250.0,0.04622286930680275
train/loss,18300.0,0.047954972833395004
train/loss,18350.0,0.044821567833423615
train/loss,18400.0,0.05099521949887276
train/loss,18450.0,0.04621225222945213
train/loss,18500.0,0.044482871890068054
train/loss,18550.0,0.04703016206622124
train/loss,18600.0,0.05187060311436653
train/loss,18650.0,0.05038008838891983
train/loss,18700.0,0.054616767913103104
train/loss,18750.0,0.0470285601913929
train/loss,18800.0,0.04949989542365074
train/loss,18850.0,0.04382679611444473
train/loss,18900.0,0.04935750737786293
train/loss,18950.0,0.04659334197640419
train/loss,19000.0,0.048158302903175354
train/loss,19050.0,0.05113031715154648
train/loss,19100.0,0.04872588813304901
train/loss,19150.0,0.045539118349552155
train/loss,19200.0,0.0514032319188118
train/loss,19250.0,0.05053281784057617
train/loss,19300.0,0.044587668031454086
train/loss,19350.0,0.04948990419507027
train/loss,19400.0,0.04433848708868027
train/loss,19450.0,0.04636303335428238
train/loss,19500.0,0.04882269352674484
train/loss,19550.0,0.04438791796565056
train/loss,19600.0,0.04376044124364853
train/loss,19650.0,0.04958200454711914
train/loss,19700.0,0.04688034951686859
train/loss,19750.0,0.04870428144931793
train/loss,19800.0,0.05397741496562958
train/loss,19850.0,0.047581758350133896
train/loss,19900.0,0.044959619641304016
train/loss,19950.0,0.05157710984349251
train/loss,20000.0,0.04837625473737717
train/loss,20050.0,0.04833776876330376
train/loss,20100.0,0.04957311600446701
train/loss,20150.0,0.05052921175956726
train/loss,20200.0,0.04877033084630966
train/loss,20250.0,0.046363916248083115
train/loss,20300.0,0.05046844109892845
train/loss,20350.0,0.055103741586208344
train/loss,20400.0,0.04365638643503189
train/loss,20450.0,0.047601282596588135
train/loss,20500.0,0.04301373288035393
train/loss,20550.0,0.05004831403493881
train/loss,20600.0,0.04363745450973511
train/loss,20650.0,0.052673596888780594
train/loss,20700.0,0.043991442769765854
train/loss,20750.0,0.0474901907145977
train/loss,20800.0,0.052243635058403015
train/loss,20850.0,0.046143144369125366
train/loss,20900.0,0.05114372819662094
train/loss,20950.0,0.05267774686217308
train/loss,21000.0,0.04958878085017204
train/loss,21050.0,0.050602152943611145
train/loss,21100.0,0.04729241505265236
train/loss,21150.0,0.046766333281993866
train/loss,21200.0,0.05196187272667885
train/loss,21250.0,0.04911909997463226
train/loss,21300.0,0.05299457535147667
train/loss,21350.0,0.04202946648001671
train/loss,21400.0,0.04995811730623245
train/loss,21450.0,0.046644970774650574
train/loss,21500.0,0.053872715681791306
train/loss,21550.0,0.047947145998477936
train/loss,21600.0,0.04983290284872055
train/loss,21650.0,0.04517458379268646
train/loss,21700.0,0.048758018761873245
train/loss,21750.0,0.043468691408634186
train/loss,21800.0,0.04743083938956261
train/loss,21850.0,0.05014288052916527
train/loss,21900.0,0.0479072630405426
train/loss,21950.0,0.052648141980171204
train/loss,22000.0,0.05409293621778488
train/loss,22050.0,0.047325875610113144
train/loss,22100.0,0.04776499420404434
train/loss,22150.0,0.05126538500189781
train/loss,22200.0,0.045101989060640335
train/loss,22250.0,0.051235977560281754
train/loss,22300.0,0.04955364391207695
train/loss,22350.0,0.060676515102386475
train/loss,22400.0,0.04645685851573944
train/loss,22450.0,0.0484638512134552
train/loss,22500.0,0.0460083931684494
train/loss,22550.0,0.0465053990483284
train/loss,22600.0,0.0461139976978302
train/loss,22650.0,0.04741067811846733
train/loss,22700.0,0.04859573394060135
train/loss,22750.0,0.05140085518360138
train/loss,22800.0,0.044531892985105515
train/loss,22850.0,0.05090399831533432
train/loss,22900.0,0.047924935817718506
train/loss,22950.0,0.04552921652793884
train/loss,23000.0,0.04775835573673248
train/loss,23050.0,0.04909820854663849
train/loss,23100.0,0.04597722366452217
train/loss,23150.0,0.04462631419301033
train/loss,23200.0,0.04756522551178932
train/loss,23250.0,0.0466047003865242
train/loss,23300.0,0.046393271535634995
train/loss,23350.0,0.046016626060009
train/loss,23400.0,0.046964287757873535
train/loss,23450.0,0.04716896638274193
train/loss,23500.0,0.04975603148341179
train/loss,23550.0,0.04459831863641739
train/loss,23600.0,0.049201544374227524
train/loss,23650.0,0.047279275953769684
train/loss,23700.0,0.048772599548101425
train/loss,23750.0,0.04865889623761177
train/loss,23800.0,0.045016154646873474
train/loss,23850.0,0.044807810336351395
train/loss,23900.0,0.04977481812238693
train/loss,23950.0,0.04580579325556755
train/loss,24000.0,0.0504324845969677
train/loss,24050.0,0.050181157886981964
train/loss,24100.0,0.051569342613220215
train/loss,24150.0,0.0500507615506649
train/loss,24200.0,0.04611197113990784
train/loss,24250.0,0.047124676406383514
train/loss,24300.0,0.05094440281391144
train/loss,24350.0,0.048131126910448074
train/loss,24400.0,0.04792996123433113
train/loss,24450.0,0.044126469641923904
train/loss,24500.0,0.046204373240470886
train/loss,24550.0,0.04809334874153137
train/loss,24600.0,0.05197137966752052
train/loss,24650.0,0.04716925323009491
train/loss,24700.0,0.042306188493967056
train/loss,24750.0,0.049391914159059525
train/loss,24800.0,0.04525500535964966
train/loss,24850.0,0.040488630533218384
train/loss,24900.0,0.051248107105493546
train/loss,24950.0,0.04829419031739235
train/loss,25000.0,0.0463404506444931
train/loss,25050.0,0.04588399454951286
train/loss,25100.0,0.05023018270730972
train/loss,25150.0,0.047765329480171204
train/loss,25200.0,0.04549868032336235
train/loss,25250.0,0.052029311656951904
train/loss,25300.0,0.04589298367500305
train/loss,25350.0,0.05014360696077347
train/loss,25400.0,0.045251429080963135
train/loss,25450.0,0.04328421503305435
train/loss,25500.0,0.05212835595011711
train/loss,25550.0,0.0537819005548954
train/loss,25600.0,0.047796763479709625
train/loss,25650.0,0.04951436445116997
train/loss,25700.0,0.0494142509996891
train/loss,25750.0,0.045118167996406555
train/loss,25800.0,0.047828663140535355
train/loss,25850.0,0.04851860553026199
train/loss,25900.0,0.0491800382733345
train/loss,25950.0,0.046095095574855804
train/loss,26000.0,0.048023201525211334
train/loss,26050.0,0.04565386101603508
train/loss,26100.0,0.044195178896188736
train/loss,26150.0,0.04553191736340523
train/loss,26200.0,0.04905678704380989
train/loss,26250.0,0.05240678787231445
train/loss,26300.0,0.04886217415332794
train/loss,26350.0,0.05031706020236015
train/loss,26400.0,0.049583300948143005
train/loss,26450.0,0.045130655169487
train/loss,26500.0,0.049557872116565704
train/loss,26550.0,0.0520065501332283
train/loss,26600.0,0.04886999726295471
train/loss,26650.0,0.05214691162109375
train/loss,26700.0,0.046245113015174866
train/loss,26750.0,0.04902415722608566
train/loss,26800.0,0.04505418241024017
train/loss,26850.0,0.049067042768001556
train/loss,26900.0,0.05004378780722618
train/loss,26950.0,0.048299334943294525
train/loss,27000.0,0.047454364597797394
train/loss,27050.0,0.04934556409716606
train/loss,27100.0,0.049563754349946976
train/loss,27150.0,0.04948737472295761
train/loss,27200.0,0.04661757871508598
train/loss,27250.0,0.04909093677997589
train/loss,27300.0,0.04526667669415474
train/loss,27350.0,0.05134297534823418
train/loss,27400.0,0.047019992023706436
train/loss,27450.0,0.0444965735077858
train/loss,27500.0,0.043792109936475754
train/loss,27550.0,0.04608963802456856
train/loss,27600.0,0.050732050091028214
train/loss,27650.0,0.048363588750362396
train/loss,27700.0,0.04872830584645271
train/loss,27750.0,0.05138596147298813
train/loss,27800.0,0.04448755457997322
train/loss,27850.0,0.05314047634601593
train/loss,27900.0,0.05202056095004082
train/loss,27950.0,0.04544698819518089
train/loss,28000.0,0.04528072103857994
train/loss,28050.0,0.04587109014391899
train/loss,28100.0,0.04804423823952675
train/loss,28150.0,0.047199711203575134
train/loss,28200.0,0.04987117648124695
train/loss,28250.0,0.05015116184949875
train/loss,28300.0,0.043913327157497406
train/loss,28350.0,0.045964982360601425
train/loss,28400.0,0.050526563078165054
train/loss,28450.0,0.04921722039580345
train/loss,28500.0,0.04639562964439392
train/loss,28550.0,0.04828920215368271
train/loss,28600.0,0.045262373983860016
train/loss,28650.0,0.04350274056196213
train/loss,28700.0,0.05133683234453201
train/loss,28750.0,0.050331201404333115
train/loss,28800.0,0.05642789229750633
train/loss,28850.0,0.04199341684579849
train/loss,28900.0,0.047389231622219086
train/loss,28950.0,0.04688701406121254
train/loss,29000.0,0.04322008788585663
train/loss,29050.0,0.0468049980700016
train/loss,29100.0,0.050234660506248474
train/loss,29150.0,0.04852518066763878
train/loss,29200.0,0.04139572009444237
train/loss,29250.0,0.04294401407241821
train/loss,29300.0,0.05314356088638306
train/loss,29350.0,0.04668297991156578
train/loss,29400.0,0.05159175023436546
train/loss,29450.0,0.04751736670732498
train/loss,29500.0,0.043516855686903
train/loss,29550.0,0.04112672060728073
train/loss,29600.0,0.04514699429273605
train/loss,29650.0,0.0426701083779335
train/loss,29700.0,0.04818471893668175
train/loss,29750.0,0.047059670090675354
train/loss,29800.0,0.04385586827993393
train/loss,29850.0,0.04783063009381294
train/loss,29900.0,0.048308368772268295
train/loss,29950.0,0.04567842185497284
train/loss,30000.0,0.05273093283176422
train/loss,30050.0,0.04652527719736099
train/loss,30100.0,0.04855799302458763
train/loss,30150.0,0.04625023528933525
train/loss,30200.0,0.04909849539399147
train/loss,30250.0,0.04580840840935707
train/loss,30300.0,0.050107959657907486
train/loss,30350.0,0.048345357179641724
train/loss,30400.0,0.0435323640704155
train/loss,30450.0,0.04368901252746582
train/loss,30500.0,0.043260324746370316
train/loss,30550.0,0.04593858867883682
train/loss,30600.0,0.043533410876989365
train/loss,30650.0,0.05860350281000137
train/loss,30700.0,0.052109673619270325
train/loss,30750.0,0.04563385993242264
train/loss,30800.0,0.04588508605957031
train/loss,30850.0,0.04668580740690231
train/loss,30900.0,0.04622212052345276
train/loss,30950.0,0.0443490669131279
train/loss,31000.0,0.04572155326604843
train/loss,31050.0,0.04798390716314316
train/loss,31100.0,0.04545772448182106
train/loss,31150.0,0.045578788965940475
train/loss,31200.0,0.05008001625537872
train/loss,31250.0,0.04848989471793175
train/loss,31300.0,0.05200663581490517
train/loss,31350.0,0.04251645877957344
train/loss,31400.0,0.04636843129992485
train/loss,31450.0,0.04473144933581352
train/loss,31500.0,0.04785832017660141
train/loss,31550.0,0.04581068456172943
train/loss,31600.0,0.04757579788565636
train/loss,31650.0,0.04914204403758049
train/loss,31700.0,0.04813121631741524
train/loss,31750.0,0.04529818147420883
train/loss,31800.0,0.04466055706143379
train/loss,31850.0,0.04717244952917099
train/loss,31900.0,0.048521772027015686
train/loss,31950.0,0.04811197891831398
train/loss,32000.0,0.047375116497278214
train/loss,32050.0,0.05011387914419174
train/loss,32100.0,0.05163078010082245
train/loss,32150.0,0.044040389358997345
train/loss,32200.0,0.04725876450538635
train/loss,32250.0,0.048465438187122345
train/loss,32300.0,0.04726901650428772
train/loss,32350.0,0.04951952397823334
train/loss,32400.0,0.048206426203250885
train/loss,32450.0,0.049907177686691284
train/loss,32500.0,0.0469776913523674
train/loss,32550.0,0.047871217131614685
train/loss,32600.0,0.05000350624322891
train/loss,32650.0,0.04398352652788162
train/loss,32700.0,0.045052140951156616
train/loss,32750.0,0.04656827449798584
train/loss,32800.0,0.04943881928920746
train/loss,32850.0,0.04461922124028206
train/loss,32900.0,0.05120240896940231
train/loss,32950.0,0.04689677804708481
train/loss,33000.0,0.04532434046268463
train/loss,33050.0,0.05137172341346741
train/loss,33100.0,0.04628489911556244
train/loss,33150.0,0.049176089465618134
train/loss,33200.0,0.04946715384721756
train/loss,33250.0,0.04279819503426552
train/loss,33300.0,0.044005971401929855
train/loss,33350.0,0.05186406522989273
train/loss,33400.0,0.04534697160124779
train/loss,33450.0,0.04644737392663956
train/loss,33500.0,0.047546353191137314
train/loss,33550.0,0.048922501504421234
train/loss,33600.0,0.047600578516721725
train/loss,33650.0,0.04676003009080887
train/loss,33700.0,0.04913455992937088
train/loss,33750.0,0.04354596883058548
train/loss,33800.0,0.05353497713804245
train/loss,33850.0,0.04315781220793724
train/loss,33900.0,0.04797402769327164
train/loss,33950.0,0.04486273229122162
train/loss,34000.0,0.04785245284438133
train/loss,34050.0,0.04670821130275726
train/loss,34100.0,0.04582102224230766
train/loss,34150.0,0.04485015571117401
train/loss,34200.0,0.046562522649765015
train/loss,34250.0,0.045286089181900024
train/loss,34300.0,0.04845805838704109
train/loss,34350.0,0.04472767561674118
train/loss,34400.0,0.044679176062345505
train/loss,34450.0,0.04192400723695755
train/loss,34500.0,0.05197905749082565
train/loss,34550.0,0.043590109795331955
train/loss,34600.0,0.044916920363903046
train/loss,34650.0,0.04648146778345108
train/loss,34700.0,0.047123800963163376
train/loss,34750.0,0.043880645185709
train/loss,34800.0,0.04854647070169449
train/loss,34850.0,0.04812940955162048
train/loss,34900.0,0.047271937131881714
train/loss,34950.0,0.04375309497117996
train/loss,35000.0,0.048650309443473816
train/loss,35050.0,0.04684546962380409
train/loss,35100.0,0.04550729691982269
train/loss,35150.0,0.051008857786655426
train/loss,35200.0,0.04293222725391388
train/loss,35250.0,0.04419679567217827
train/loss,35300.0,0.04834636300802231
train/loss,35350.0,0.0503530353307724
train/loss,35400.0,0.04606617987155914
train/loss,35450.0,0.04584362730383873
train/loss,35500.0,0.04635017365217209
train/loss,35550.0,0.05254574120044708
train/loss,35600.0,0.049052778631448746
train/loss,35650.0,0.047911230474710464
train/loss,35700.0,0.04525424540042877
train/loss,35750.0,0.045975763350725174
train/loss,35800.0,0.04466274380683899
train/loss,35850.0,0.045306313782930374
train/loss,35900.0,0.047674693167209625
train/loss,35950.0,0.045010045170784
train/loss,36000.0,0.046699728816747665
train/loss,36050.0,0.046059757471084595
train/loss,36100.0,0.05161599814891815
train/loss,36150.0,0.043910663574934006
train/loss,36200.0,0.04257440194487572
train/loss,36250.0,0.049182724207639694
train/loss,36300.0,0.04430152103304863
train/loss,36350.0,0.047001685947179794
train/loss,36400.0,0.04814283922314644
train/loss,36450.0,0.05188407003879547
train/loss,36500.0,0.046560972929000854
train/loss,36550.0,0.04667849466204643
train/loss,36600.0,0.0463583767414093
train/loss,36650.0,0.04764590784907341
train/loss,36700.0,0.04912357032299042
train/loss,36750.0,0.03979911655187607
train/loss,36800.0,0.045666877180337906
train/loss,36850.0,0.04559856653213501
train/loss,36900.0,0.04620756208896637
train/loss,36950.0,0.04509247466921806
train/loss,37000.0,0.05289541184902191
train/loss,37050.0,0.04807761684060097
train/loss,37100.0,0.0505530908703804
train/loss,37150.0,0.04416899383068085
train/loss,37200.0,0.04836699739098549
train/loss,37250.0,0.044098660349845886
train/loss,37300.0,0.0457720048725605
train/loss,37350.0,0.04426068067550659
train/loss,37400.0,0.04359753057360649
train/loss,37450.0,0.05145850405097008
train/loss,37500.0,0.05078259855508804
train/loss,37550.0,0.048221275210380554
train/loss,37600.0,0.048991505056619644
train/loss,37650.0,0.04540600627660751
train/loss,37700.0,0.04600862041115761
train/loss,37750.0,0.04500748962163925
train/loss,37800.0,0.049032777547836304
train/loss,37850.0,0.044518377631902695
train/loss,37900.0,0.049692220985889435
train/loss,37950.0,0.04607876017689705
train/loss,38000.0,0.04703666642308235
train/loss,38050.0,0.04624061658978462
train/loss,38100.0,0.04909102991223335
train/loss,38150.0,0.048244766891002655
train/loss,38200.0,0.05111699551343918
train/loss,38250.0,0.047041866928339005
train/loss,38300.0,0.044188015162944794
train/loss,38350.0,0.046344488859176636
train/loss,38400.0,0.04622552543878555
train/loss,38450.0,0.04594099521636963
train/loss,38500.0,0.04113437235355377
train/loss,38550.0,0.04607391357421875
train/loss,38600.0,0.04670167714357376
train/loss,38650.0,0.04318675398826599
train/loss,38700.0,0.04789256304502487
train/loss,38750.0,0.04576750099658966
train/loss,38800.0,0.04858768731355667
train/loss,38850.0,0.04492760822176933
train/loss,38900.0,0.04567958414554596
train/loss,38950.0,0.050298094749450684
train/loss,39000.0,0.04926428943872452
train/loss,39050.0,0.048807982355356216
train/loss,39100.0,0.04462933912873268
train/loss,39150.0,0.04708588868379593
train/loss,39200.0,0.04251468554139137
train/loss,39250.0,0.050621792674064636
train/loss,39300.0,0.04367142170667648
train/loss,39350.0,0.04789316654205322
train/loss,39400.0,0.04614574462175369
train/loss,39450.0,0.049974240362644196
train/loss,39500.0,0.04320704936981201
train/loss,39550.0,0.0492638498544693
train/loss,39600.0,0.04345596581697464
train/loss,39650.0,0.04521486163139343
train/loss,39700.0,0.04307203367352486
train/loss,39750.0,0.04910273104906082
train/loss,39800.0,0.052163854241371155
train/loss,39850.0,0.04895249009132385
train/loss,39900.0,0.047520074993371964
train/loss,39950.0,0.04590092971920967
train/loss,40000.0,0.045878637582063675
train/loss,40050.0,0.04600539058446884
train/loss,40100.0,0.04882745444774628
train/loss,40150.0,0.04565351828932762
train/loss,40200.0,0.04878127574920654
train/loss,40250.0,0.04605869576334953
train/loss,40300.0,0.04947875067591667
train/loss,40350.0,0.04678772762417793
train/loss,40400.0,0.04297315329313278
train/loss,40450.0,0.043280359357595444
train/loss,40500.0,0.046764496713876724
train/loss,40550.0,0.04865045100450516
train/loss,40600.0,0.049754634499549866
train/loss,40650.0,0.04553582891821861
train/loss,40700.0,0.04675865173339844
train/loss,40750.0,0.04775016009807587
train/loss,40800.0,0.03824298083782196
train/loss,40850.0,0.04395484924316406
train/loss,40900.0,0.047136835753917694
train/loss,40950.0,0.05063633248209953
train/loss,41000.0,0.05009591206908226
train/loss,41050.0,0.05011199414730072
train/loss,41100.0,0.0455230213701725
train/loss,41150.0,0.04879714548587799
train/loss,41200.0,0.04495241120457649
train/loss,41250.0,0.05086788162589073
train/loss,41300.0,0.05258195847272873
train/loss,41350.0,0.04259198158979416
train/loss,41400.0,0.04691106081008911
train/loss,41450.0,0.04744020849466324
train/loss,41500.0,0.04713364690542221
train/loss,41550.0,0.045879513025283813
train/loss,41600.0,0.04664316773414612
train/loss,41650.0,0.04594649747014046
train/loss,41700.0,0.04460005834698677
train/loss,41750.0,0.04346358776092529
train/loss,41800.0,0.04825814813375473
train/loss,41850.0,0.04687749966979027
train/loss,41900.0,0.04880343750119209
train/loss,41950.0,0.045829758048057556
train/loss,42000.0,0.04534436762332916
train/loss,42050.0,0.04597606509923935
train/loss,42100.0,0.04731491580605507
train/loss,42150.0,0.04416565224528313
train/loss,42200.0,0.05164840817451477
train/loss,42250.0,0.04505866393446922
train/loss,42300.0,0.04616151005029678
train/loss,42350.0,0.04771529883146286
train/loss,42400.0,0.04714774340391159
train/loss,42450.0,0.0504886731505394
train/loss,42500.0,0.04530532658100128
train/loss,42550.0,0.04586682468652725
train/loss,42600.0,0.044980488717556
train/loss,42650.0,0.04725809395313263
train/loss,42700.0,0.046690717339515686
train/loss,42750.0,0.044709712266922
train/loss,42800.0,0.043976470828056335
train/loss,42850.0,0.04870321974158287
train/loss,42900.0,0.045575305819511414
train/loss,42950.0,0.04941536486148834
train/loss,43000.0,0.044982485473155975
train/loss,43050.0,0.04317343980073929
train/loss,43100.0,0.04980580508708954
train/loss,43150.0,0.045889560133218765
train/loss,43200.0,0.04845210909843445
train/loss,43250.0,0.04183978587388992
train/loss,43300.0,0.048825766891241074
train/loss,43350.0,0.046349234879016876
train/loss,43400.0,0.04765991121530533
train/loss,43450.0,0.046861179172992706
train/loss,43500.0,0.047744423151016235
train/loss,43550.0,0.04582323133945465
train/loss,43600.0,0.048474013805389404
train/loss,43650.0,0.04617953300476074
train/loss,43700.0,0.04704776406288147
train/loss,43750.0,0.04283576458692551
train/loss,43800.0,0.047739505767822266
train/loss,43850.0,0.04655797779560089
train/loss,43900.0,0.04459669068455696
train/loss,43950.0,0.05022908002138138
train/loss,44000.0,0.04331766068935394
train/loss,44050.0,0.045100435614585876
train/loss,44100.0,0.04719913750886917
train/loss,44150.0,0.04591399431228638
train/loss,44200.0,0.046146195381879807
train/loss,44250.0,0.044557273387908936
train/loss,44300.0,0.05038850009441376
train/loss,44350.0,0.04340493679046631
train/loss,44400.0,0.045782752335071564
train/loss,44450.0,0.044038672000169754
train/loss,44500.0,0.04473581165075302
train/loss,44550.0,0.0502370223402977
train/loss,44600.0,0.045819543302059174
train/loss,44650.0,0.047568947076797485
train/loss,44700.0,0.0487394705414772
train/loss,44750.0,0.04395875334739685
train/loss,44800.0,0.046270906925201416
train/loss,44850.0,0.047400642186403275
train/loss,44900.0,0.046528540551662445
train/loss,44950.0,0.046651147305965424
train/loss,45000.0,0.04507080093026161
train/loss,45050.0,0.04654629901051521
train/loss,45100.0,0.04451374709606171
train/loss,45150.0,0.046790510416030884
train/loss,45200.0,0.04948461428284645
train/loss,45250.0,0.04512275010347366
train/loss,45300.0,0.03934973478317261
train/loss,45350.0,0.049124207347631454
train/loss,45400.0,0.0415801927447319
train/loss,45450.0,0.0399247445166111
train/loss,45500.0,0.04547111317515373
train/loss,45550.0,0.04675858095288277
train/loss,45600.0,0.0486542172729969
train/loss,45650.0,0.045612774789333344
train/loss,45700.0,0.04371330887079239
train/loss,45750.0,0.04080788046121597
train/loss,45800.0,0.04222152754664421
train/loss,45850.0,0.04782402887940407
train/loss,45900.0,0.04866783693432808
train/loss,45950.0,0.048510123044252396
train/loss,46000.0,0.04427085444331169
train/loss,46050.0,0.04362918436527252
train/loss,46100.0,0.046852629631757736
train/loss,46150.0,0.05138487368822098
train/loss,46200.0,0.04877941682934761
train/loss,46250.0,0.04889502003788948
train/loss,46300.0,0.04889385774731636
train/loss,46350.0,0.044421784579753876
train/loss,46400.0,0.04844033718109131
train/loss,46450.0,0.04209502041339874
train/loss,46500.0,0.04668774455785751
train/loss,46550.0,0.04337722808122635
train/loss,46600.0,0.04524346441030502
train/loss,46650.0,0.046747930347919464
train/loss,46700.0,0.045525677502155304
train/loss,46750.0,0.04155886173248291
train/loss,46800.0,0.047839052975177765
train/loss,46850.0,0.04842599853873253
train/loss,46900.0,0.04679499939084053
train/loss,46950.0,0.04975736141204834
train/loss,47000.0,0.04880491644144058
train/loss,47050.0,0.044386543333530426
train/loss,47100.0,0.04732127487659454
train/loss,47150.0,0.04549581930041313
train/loss,47200.0,0.045215945690870285
train/loss,47250.0,0.045821573585271835
train/loss,47300.0,0.04572444409132004
train/loss,47350.0,0.04494166001677513
train/loss,47400.0,0.04221614450216293
train/loss,47450.0,0.0411895215511322
train/loss,47500.0,0.045937053859233856
train/loss,47550.0,0.04250984638929367
train/loss,47600.0,0.04824710637331009
train/loss,47650.0,0.04771013557910919
train/loss,47700.0,0.04376259818673134
train/loss,47750.0,0.045807916671037674
train/loss,47800.0,0.04520415887236595
train/loss,47850.0,0.046642377972602844
train/loss,47900.0,0.04626481980085373
train/loss,47950.0,0.04656665772199631
train/loss,48000.0,0.044597286731004715
train/loss,48050.0,0.04824170097708702
train/loss,48100.0,0.046115025877952576
train/loss,48150.0,0.05030421167612076
train/loss,48200.0,0.04806792736053467
train/loss,48250.0,0.04467245936393738
train/loss,48300.0,0.0471147745847702
train/loss,48350.0,0.04546196013689041
train/loss,48400.0,0.046304307878017426
train/loss,48450.0,0.04750264436006546
train/loss,48500.0,0.04422088712453842
train/loss,48550.0,0.042976319789886475
train/loss,48600.0,0.04387054592370987
train/loss,48650.0,0.038798972964286804
train/loss,48700.0,0.05198594927787781
train/loss,48750.0,0.04537195712327957
train/loss,48800.0,0.041967205703258514
train/loss,48850.0,0.04509730637073517
train/loss,48900.0,0.04887046664953232
train/loss,48950.0,0.039900511503219604
train/loss,49000.0,0.042671266943216324
train/loss,49050.0,0.04428728669881821
train/loss,49100.0,0.04491237550973892
train/loss,49150.0,0.046308483928442
train/loss,49200.0,0.0483289510011673
train/loss,49250.0,0.045888032764196396
train/loss,49300.0,0.04696502909064293
train/loss,49350.0,0.04400394484400749
train/loss,49400.0,0.04638627916574478
train/loss,49450.0,0.04682028293609619
train/loss,49500.0,0.051283832639455795
train/loss,49550.0,0.05231017619371414
train/loss,49600.0,0.046066123992204666
train/loss,49650.0,0.04674578085541725
train/loss,49700.0,0.041648369282484055
train/loss,49750.0,0.04910687729716301
train/loss,49800.0,0.04671519622206688
train/loss,49850.0,0.04551013559103012
train/loss,49900.0,0.04308537393808365
train/loss,49950.0,0.047694623470306396
train/loss,50000.0,0.04237637668848038
train/loss,50050.0,0.04426264762878418
train/loss,50100.0,0.04841374605894089
train/loss,50150.0,0.056919507682323456
train/loss,50200.0,0.04615331068634987
train/loss,50250.0,0.04371848702430725
train/loss,50300.0,0.04788102209568024
train/loss,50350.0,0.04571695625782013
train/loss,50400.0,0.0464547723531723
train/loss,50450.0,0.04551764577627182
train/loss,50500.0,0.042664527893066406
train/loss,50550.0,0.04671858996152878
train/loss,50600.0,0.04443884640932083
train/loss,50650.0,0.04502400755882263
train/loss,50700.0,0.04600639268755913
train/loss,50750.0,0.046818625181913376
train/loss,50800.0,0.050714604556560516
train/loss,50850.0,0.042673684656620026
train/loss,50900.0,0.045413970947265625
train/loss,50950.0,0.04866640642285347
train/loss,51000.0,0.045553553849458694
train/loss,51050.0,0.046434059739112854
train/loss,51100.0,0.04467112943530083
train/loss,51150.0,0.04772558808326721
train/loss,51200.0,0.047735653817653656
train/loss,51250.0,0.04241274297237396
train/loss,51300.0,0.04926936328411102
train/loss,51350.0,0.052443090826272964
train/loss,51400.0,0.04431872069835663
train/loss,51450.0,0.046069689095020294
train/loss,51500.0,0.042744461447000504
train/loss,51550.0,0.04257461801171303
train/loss,51600.0,0.04325252026319504
train/loss,51650.0,0.04708452522754669
train/loss,51700.0,0.049750275909900665
train/loss,51750.0,0.05116725340485573
train/loss,51800.0,0.05103331804275513
train/loss,51850.0,0.04582973197102547
train/loss,51900.0,0.040356773883104324
train/loss,51950.0,0.04717405140399933
train/loss,52000.0,0.04204254969954491
train/loss,52050.0,0.045769695192575455
train/loss,52100.0,0.045688070356845856
train/loss,52150.0,0.04521583393216133
train/loss,52200.0,0.04806318134069443
train/loss,52250.0,0.04314911365509033
train/loss,52300.0,0.03907722234725952
train/loss,52350.0,0.0446416437625885
train/loss,52400.0,0.047084033489227295
train/loss,52450.0,0.048005081713199615
train/loss,52500.0,0.04706061631441116
train/loss,52550.0,0.05210896208882332
train/loss,52600.0,0.04313385859131813
train/loss,52650.0,0.048000507056713104
train/loss,52700.0,0.048936620354652405
train/loss,52750.0,0.044856198132038116
train/loss,52800.0,0.0486207976937294
train/loss,52850.0,0.04494335874915123
train/loss,52900.0,0.05186910927295685
train/loss,52950.0,0.04646168649196625
train/loss,53000.0,0.04491608217358589
train/loss,53050.0,0.04350987821817398
train/loss,53100.0,0.0439055971801281
train/loss,53150.0,0.044756487011909485
train/loss,53200.0,0.044951051473617554
train/loss,53250.0,0.04760485887527466
train/loss,53300.0,0.04973262548446655
train/loss,53350.0,0.04685128107666969
train/loss,53400.0,0.04570408910512924
train/loss,53450.0,0.048660632222890854
train/loss,53500.0,0.045192744582891464
train/loss,53550.0,0.04763336479663849
train/loss,53600.0,0.047936536371707916
train/loss,53650.0,0.0459301695227623
train/loss,53700.0,0.04548246040940285
train/loss,53750.0,0.04184025898575783
train/loss,53800.0,0.0419214628636837
train/loss,53850.0,0.04421340674161911
train/loss,53900.0,0.0456777848303318
train/loss,53950.0,0.04678122326731682
train/loss,54000.0,0.050137512385845184
train/loss,54050.0,0.04293913021683693
train/loss,54100.0,0.040777403861284256
train/loss,54150.0,0.04641430452466011
train/loss,54200.0,0.0429283045232296
train/loss,54250.0,0.05370555445551872
train/loss,54300.0,0.04930794984102249
train/loss,54350.0,0.039074525237083435
train/loss,54400.0,0.04276823252439499
train/loss,54450.0,0.04809257388114929
train/loss,54500.0,0.046012938022613525
train/loss,54550.0,0.04763416945934296
train/loss,54600.0,0.04480433464050293
train/loss,54650.0,0.04300948232412338
train/loss,54700.0,0.04652559757232666
train/loss,54750.0,0.0460105799138546
train/loss,54800.0,0.045213378965854645
train/loss,54850.0,0.042646050453186035
train/loss,54900.0,0.045269675552845
train/loss,54950.0,0.046713635325431824
train/loss,55000.0,0.042452987283468246
train/loss,55050.0,0.048646874725818634
train/loss,55100.0,0.044659633189439774
train/loss,55150.0,0.042646847665309906
train/loss,55200.0,0.04709867388010025
train/loss,55250.0,0.04996160417795181
train/loss,55300.0,0.044868674129247665
train/loss,55350.0,0.04553378373384476
train/loss,55400.0,0.046016108244657516
train/loss,55450.0,0.048211414366960526
train/loss,55500.0,0.04609708860516548
train/loss,55550.0,0.04868795722723007
train/loss,55600.0,0.045310571789741516
train/loss,55650.0,0.04834835231304169
train/loss,55700.0,0.049228083342313766
train/loss,55750.0,0.039535559713840485
train/loss,55800.0,0.045696042478084564
train/loss,55850.0,0.04786314070224762
train/loss,55900.0,0.04741263389587402
train/loss,55950.0,0.048462819308042526
train/loss,56000.0,0.04666365310549736
train/loss,56050.0,0.04389968514442444
train/loss,56100.0,0.049017418175935745
train/loss,56150.0,0.045800015330314636
train/loss,56200.0,0.0430624820291996
train/loss,56250.0,0.04304799437522888
train/loss,56300.0,0.046335719525814056
train/loss,56350.0,0.044048845767974854
train/loss,56400.0,0.04829145222902298
train/loss,56450.0,0.05195127800107002
train/loss,56500.0,0.05047747120261192
train/loss,56550.0,0.04375617578625679
train/loss,56600.0,0.04582309350371361
train/loss,56650.0,0.04531438648700714
train/loss,56700.0,0.048698607832193375
train/loss,56750.0,0.04557645320892334
train/loss,56800.0,0.0449221096932888
train/loss,56850.0,0.04799795150756836
train/loss,56900.0,0.04719019681215286
train/loss,56950.0,0.045103274285793304
train/loss,57000.0,0.04022713378071785
train/loss,57050.0,0.04942748323082924
train/loss,57100.0,0.04492168128490448
train/loss,57150.0,0.04600230231881142
train/loss,57200.0,0.03911188617348671
train/loss,57250.0,0.043633926659822464
train/loss,57300.0,0.046409741044044495
train/loss,57350.0,0.0532209537923336
train/loss,57400.0,0.051905713975429535
train/loss,57450.0,0.04410748928785324
train/loss,57500.0,0.04618537053465843
train/loss,57550.0,0.044472355395555496
train/loss,57600.0,0.04664139449596405
train/loss,57650.0,0.0437515452504158
train/loss,57700.0,0.049316950142383575
train/loss,57750.0,0.04680658504366875
train/loss,57800.0,0.049344778060913086
train/loss,57850.0,0.04659917205572128
train/loss,57900.0,0.051316745579242706
train/loss,57950.0,0.04723697155714035
train/loss,58000.0,0.04315614327788353
train/loss,58050.0,0.04585685208439827
train/loss,58100.0,0.042415838688611984
train/loss,58150.0,0.04244621470570564
train/loss,58200.0,0.04417933523654938
train/loss,58250.0,0.0525532141327858
train/loss,58300.0,0.043626926839351654
train/loss,58350.0,0.05062321573495865
train/loss,58400.0,0.041465774178504944
train/loss,58450.0,0.046038493514060974
train/loss,58500.0,0.04253613203763962
train/loss,58550.0,0.04330313205718994
train/loss,58600.0,0.04337563365697861
train/loss,58650.0,0.045833297073841095
train/loss,58700.0,0.045284710824489594
train/loss,58750.0,0.048660580068826675
train/loss,58800.0,0.04285392537713051
train/loss,58850.0,0.044218551367521286
train/loss,58900.0,0.043825678527355194
train/loss,58950.0,0.047079913318157196
train/loss,59000.0,0.04239329323172569
train/loss,59050.0,0.05104514956474304
train/loss,59100.0,0.045604344457387924
train/loss,59150.0,0.0446387454867363
train/loss,59200.0,0.047185998409986496
train/loss,59250.0,0.04501863569021225
train/loss,59300.0,0.05386395752429962
train/loss,59350.0,0.04420531913638115
train/loss,59400.0,0.04541710391640663
train/loss,59450.0,0.044209074229002
train/loss,59500.0,0.04454382508993149
train/loss,59550.0,0.05587688460946083
train/loss,59600.0,0.04940374195575714
train/loss,59650.0,0.04681040719151497
train/loss,59700.0,0.04273049905896187
train/loss,59750.0,0.049115028232336044
train/loss,59800.0,0.04677508771419525
train/loss,59850.0,0.046100858598947525
train/loss,59900.0,0.04555326700210571
train/loss,59950.0,0.049352213740348816
train/loss,60000.0,0.04740532487630844
train/loss,60050.0,0.0792265385389328
train/loss,60100.0,0.07363066077232361
train/loss,60150.0,0.07277949899435043
train/loss,60200.0,0.06903347373008728
train/loss,60250.0,0.0661323070526123
train/loss,60300.0,0.08210481703281403
train/loss,60350.0,0.07012712955474854
train/loss,60400.0,0.06707577407360077
train/loss,60450.0,0.07024975121021271
train/loss,60500.0,0.06524131447076797
train/loss,60550.0,0.07490833103656769
train/loss,60600.0,0.0699210911989212
train/loss,60650.0,0.06494929641485214
train/loss,60700.0,0.07404966652393341
train/loss,60750.0,0.062299396842718124
train/loss,60800.0,0.062080711126327515
train/loss,60850.0,0.0647755041718483
train/loss,60900.0,0.0714593380689621
train/loss,60950.0,0.06424296647310257
train/loss,61000.0,0.06140538305044174
train/loss,61050.0,0.06072533130645752
train/loss,61100.0,0.07098148763179779
train/loss,61150.0,0.07316558063030243
train/loss,61200.0,0.06661494821310043
train/loss,61250.0,0.07172347605228424
train/loss,61300.0,0.07072500139474869
train/loss,61350.0,0.07073412835597992
train/loss,61400.0,0.06683571636676788
train/loss,61450.0,0.06775092333555222
train/loss,61500.0,0.06772522628307343
train/loss,61550.0,0.07462489604949951
train/loss,61600.0,0.0691806823015213
train/loss,61650.0,0.06676385551691055
train/loss,61700.0,0.06863689422607422
train/loss,61750.0,0.05907103046774864
train/loss,61800.0,0.080510213971138
train/loss,61850.0,0.06997603178024292
train/loss,61900.0,0.06957690417766571
train/loss,61950.0,0.06993429362773895
train/loss,62000.0,0.07498221099376678
train/loss,62050.0,0.07007470726966858
train/loss,62100.0,0.0645003542304039
train/loss,62150.0,0.0649951919913292
train/loss,62200.0,0.06862318515777588
train/loss,62250.0,0.07012669742107391
train/loss,62300.0,0.0702165812253952
train/loss,62350.0,0.06804756820201874
train/loss,62400.0,0.06623376905918121
train/loss,62450.0,0.06986303627490997
train/loss,62500.0,0.06692175567150116
train/loss,62550.0,0.06568313390016556
train/loss,62600.0,0.06678774207830429
train/loss,62650.0,0.07268983870744705
train/loss,62700.0,0.06558018922805786
train/loss,62750.0,0.06895840167999268
train/loss,62800.0,0.06602691113948822
train/loss,62850.0,0.07079507410526276
train/loss,62900.0,0.0646996796131134
train/loss,62950.0,0.0742608904838562
train/loss,63000.0,0.06735271960496902
train/loss,63050.0,0.07001571357250214
train/loss,63100.0,0.0720565989613533
train/loss,63150.0,0.0669625997543335
train/loss,63200.0,0.06722711771726608
train/loss,63250.0,0.07034603506326675
train/loss,63300.0,0.06905798614025116
train/loss,63350.0,0.06671670079231262
train/loss,63400.0,0.06688226759433746
train/loss,63450.0,0.06970933079719543
train/loss,63500.0,0.06712064892053604
train/loss,63550.0,0.06751148402690887
train/loss,63600.0,0.06518800556659698
train/loss,63650.0,0.06943288445472717
train/loss,63700.0,0.07423296570777893
train/loss,63750.0,0.06494074314832687
train/loss,63800.0,0.06928934156894684
train/loss,63850.0,0.07041369378566742
train/loss,63900.0,0.06146039068698883
train/loss,63950.0,0.06953049451112747
train/loss,64000.0,0.06789722293615341
train/loss,64050.0,0.07045155763626099
train/loss,64100.0,0.06674496829509735
train/loss,64150.0,0.06472908705472946
train/loss,64200.0,0.06839660555124283
train/loss,64250.0,0.07289770245552063
train/loss,64300.0,0.0663861632347107
train/loss,64350.0,0.07002194970846176
train/loss,64400.0,0.07353728264570236
train/loss,64450.0,0.0648512989282608
train/loss,64500.0,0.0645374059677124
train/loss,64550.0,0.06422767788171768
train/loss,64600.0,0.06784022599458694
train/loss,64650.0,0.0686468631029129
train/loss,64700.0,0.07113107293844223
train/loss,64750.0,0.07599766552448273
train/loss,64800.0,0.06545284390449524
train/loss,64850.0,0.0640283077955246
train/loss,64900.0,0.06960418820381165
train/loss,64950.0,0.06577906012535095
train/loss,65000.0,0.07044053077697754
train/loss,65050.0,0.06832019984722137
train/loss,65100.0,0.06952852010726929
train/loss,65150.0,0.07605111598968506
train/loss,65200.0,0.06594740599393845
train/loss,65250.0,0.07086571305990219
train/loss,65300.0,0.06942152976989746
train/loss,65350.0,0.06244445592164993
train/loss,65400.0,0.07129573822021484
train/loss,65450.0,0.06879295408725739
train/loss,65500.0,0.07282841950654984
train/loss,65550.0,0.06447653472423553
train/loss,65600.0,0.06590181589126587
train/loss,65650.0,0.07097145915031433
train/loss,65700.0,0.06917595863342285
train/loss,65750.0,0.08044534176588058
train/loss,65800.0,0.05956646054983139
train/loss,65850.0,0.06551998853683472
train/loss,65900.0,0.07588794827461243
train/loss,65950.0,0.0704927071928978
train/loss,66000.0,0.06502102315425873
train/loss,66050.0,0.07126115262508392
train/loss,66100.0,0.06678827852010727
train/loss,66150.0,0.07316304743289948
train/loss,66200.0,0.0691905990242958
train/loss,66250.0,0.06390950828790665
train/loss,66300.0,0.07729373872280121
train/loss,66350.0,0.06403838098049164
train/loss,66400.0,0.0663810521364212
train/loss,66450.0,0.0734453797340393
train/loss,66500.0,0.07095658779144287
train/loss,66550.0,0.07158684730529785
train/loss,66600.0,0.06978188455104828
train/loss,66650.0,0.06582439690828323
train/loss,66700.0,0.07276924699544907
train/loss,66750.0,0.07242363691329956
train/loss,66800.0,0.06333449482917786
train/loss,66850.0,0.07441581785678864
train/loss,66900.0,0.06793445348739624
train/loss,66950.0,0.06791841238737106
train/loss,67000.0,0.06357275694608688
train/loss,67050.0,0.07326708734035492
train/loss,67100.0,0.05906300246715546
train/loss,67150.0,0.07383627444505692
train/loss,67200.0,0.07134216278791428
train/loss,67250.0,0.0638376846909523
train/loss,67300.0,0.07895050197839737
train/loss,67350.0,0.07141049951314926
train/loss,67400.0,0.06435786187648773
train/loss,67450.0,0.06996333599090576
train/loss,67500.0,0.07099775969982147
train/loss,67550.0,0.07058592885732651
train/loss,67600.0,0.06351392716169357
train/loss,67650.0,0.06400538980960846
train/loss,67700.0,0.07219250500202179
train/loss,67750.0,0.06992782652378082
train/loss,67800.0,0.07023833692073822
train/loss,67850.0,0.06870236992835999
train/loss,67900.0,0.06663904339075089
train/loss,67950.0,0.06296784430742264
train/loss,68000.0,0.06604517996311188
train/loss,68050.0,0.068548783659935
train/loss,68100.0,0.07544513046741486
train/loss,68150.0,0.062417834997177124
train/loss,68200.0,0.0668603777885437
train/loss,68250.0,0.06734461337327957
train/loss,68300.0,0.07344740629196167
train/loss,68350.0,0.06383518129587173
train/loss,68400.0,0.0577620193362236
train/loss,68450.0,0.07053783535957336
train/loss,68500.0,0.0668073445558548
train/loss,68550.0,0.06747132539749146
train/loss,68600.0,0.07460328191518784
train/loss,68650.0,0.07192057371139526
train/loss,68700.0,0.06870245933532715
train/loss,68750.0,0.06858488917350769
train/loss,68800.0,0.06886721402406693
train/loss,68850.0,0.06592749059200287
train/loss,68900.0,0.06588289886713028
train/loss,68950.0,0.07093110680580139
train/loss,69000.0,0.07279309630393982
train/loss,69050.0,0.07028269022703171
train/loss,69100.0,0.06698273867368698
train/loss,69150.0,0.06446149945259094
train/loss,69200.0,0.06914690136909485
train/loss,69250.0,0.06413940340280533
train/loss,69300.0,0.07405725866556168
train/loss,69350.0,0.06942953914403915
train/loss,69400.0,0.07651902735233307
train/loss,69450.0,0.061247244477272034
train/loss,69500.0,0.06544537097215652
train/loss,69550.0,0.06876867264509201
train/loss,69600.0,0.06651540845632553
train/loss,69650.0,0.06793207675218582
train/loss,69700.0,0.0679713785648346
train/loss,69750.0,0.07025126367807388
train/loss,69800.0,0.06756680458784103
train/loss,69850.0,0.06860805302858353
train/loss,69900.0,0.06477859616279602
train/loss,69950.0,0.06811265647411346
train/loss,70000.0,0.06283880770206451
train/loss,70050.0,0.06299673020839691
train/loss,70100.0,0.06443239003419876
train/loss,70150.0,0.06351237744092941
train/loss,70200.0,0.06619944423437119
train/loss,70250.0,0.06594198942184448
train/loss,70300.0,0.06526438891887665
train/loss,70350.0,0.06835866719484329
train/loss,70400.0,0.05996303632855415
train/loss,70450.0,0.05891363322734833
train/loss,70500.0,0.062065161764621735
train/loss,70550.0,0.0643334612250328
train/loss,70600.0,0.07397747039794922
train/loss,70650.0,0.0698687732219696
train/loss,70700.0,0.06631885468959808
train/loss,70750.0,0.0695272907614708
train/loss,70800.0,0.06495632231235504
train/loss,70850.0,0.06457030773162842
train/loss,70900.0,0.07085587829351425
train/loss,70950.0,0.06595664471387863
train/loss,71000.0,0.06878623366355896
train/loss,71050.0,0.0657896175980568
train/loss,71100.0,0.06380505114793777
train/loss,71150.0,0.07056252658367157
train/loss,71200.0,0.06813272833824158
train/loss,71250.0,0.0698474794626236
train/loss,71300.0,0.07291202992200851
train/loss,71350.0,0.07429923117160797
train/loss,71400.0,0.06548629701137543
train/loss,71450.0,0.05960956588387489
train/loss,71500.0,0.07036957144737244
train/loss,71550.0,0.06649404019117355
train/loss,71600.0,0.07222805917263031
train/loss,71650.0,0.06142622232437134
train/loss,71700.0,0.07097329944372177
train/loss,71750.0,0.06509104371070862
train/loss,71800.0,0.06180368363857269
train/loss,71850.0,0.06390891969203949
train/loss,71900.0,0.07418293505907059
train/loss,71950.0,0.06585320830345154
train/loss,72000.0,0.07576137781143188
train/loss,72050.0,0.0712701827287674
train/loss,72100.0,0.06966723501682281
train/loss,72150.0,0.07161358743906021
train/loss,72200.0,0.06522069871425629
train/loss,72250.0,0.0602915957570076
train/loss,72300.0,0.06646246463060379
train/loss,72350.0,0.06628803163766861
train/loss,72400.0,0.06629515439271927
train/loss,72450.0,0.06606990098953247
train/loss,72500.0,0.07458660006523132
train/loss,72550.0,0.07206126302480698
train/loss,72600.0,0.06581295281648636
train/loss,72650.0,0.06661970168352127
train/loss,72700.0,0.06742572784423828
train/loss,72750.0,0.0705566257238388
train/loss,72800.0,0.07793594151735306
train/loss,72850.0,0.06466323137283325
train/loss,72900.0,0.07067698240280151
train/loss,72950.0,0.07276424765586853
train/loss,73000.0,0.0635090172290802
train/loss,73050.0,0.06311333179473877
train/loss,73100.0,0.06565694510936737
train/loss,73150.0,0.06330151855945587
train/loss,73200.0,0.0708247721195221
train/loss,73250.0,0.06741636246442795
train/loss,73300.0,0.06518016755580902
train/loss,73350.0,0.0656091645359993
train/loss,73400.0,0.07555456459522247
train/loss,73450.0,0.06693530827760696
train/loss,73500.0,0.07349894940853119
train/loss,73550.0,0.06956855207681656
train/loss,73600.0,0.06337989121675491
train/loss,73650.0,0.06549932062625885
train/loss,73700.0,0.06383074820041656
train/loss,73750.0,0.0663311630487442
train/loss,73800.0,0.07186141610145569
train/loss,73850.0,0.06590992957353592
train/loss,73900.0,0.0645422488451004
train/loss,73950.0,0.06964483857154846
train/loss,74000.0,0.07113084197044373
train/loss,74050.0,0.07216736674308777
train/loss,74100.0,0.07461096346378326
train/loss,74150.0,0.07753553986549377
train/loss,74200.0,0.06607738137245178
train/loss,74250.0,0.06849947571754456
train/loss,74300.0,0.06918008625507355
train/loss,74350.0,0.06927114725112915
train/loss,74400.0,0.06840194016695023
train/loss,74450.0,0.072010837495327
train/loss,74500.0,0.06920935213565826
train/loss,74550.0,0.0653444230556488
train/loss,74600.0,0.07449213415384293
train/loss,74650.0,0.05950024351477623
train/loss,74700.0,0.07052268087863922
train/loss,74750.0,0.07514402270317078
train/loss,74800.0,0.06320546567440033
train/loss,74850.0,0.07274185121059418
train/loss,74900.0,0.06757686287164688
train/loss,74950.0,0.0714043378829956
train/loss,75000.0,0.06334640830755234
train/loss,75050.0,0.0708661898970604
train/loss,75100.0,0.06968392431735992
train/loss,75150.0,0.06952176243066788
train/loss,75200.0,0.06492181122303009
train/loss,75250.0,0.06724199652671814
train/loss,75300.0,0.06204681843519211
train/loss,75350.0,0.07114341855049133
train/loss,75400.0,0.06590390205383301
train/loss,75450.0,0.07099234312772751
train/loss,75500.0,0.06930521875619888
train/loss,75550.0,0.06860890984535217
train/loss,75600.0,0.06565076857805252
train/loss,75650.0,0.062040723860263824
train/loss,75700.0,0.06868518143892288
train/loss,75750.0,0.06283751130104065
train/loss,75800.0,0.06711743772029877
train/loss,75850.0,0.06635472178459167
train/loss,75900.0,0.06986179947853088
train/loss,75950.0,0.06371596455574036
train/loss,76000.0,0.07304754108190536
train/loss,76050.0,0.06701482832431793
train/loss,76100.0,0.05546054244041443
train/loss,76150.0,0.06444249302148819
train/loss,76200.0,0.06891799718141556
train/loss,76250.0,0.0615488700568676
train/loss,76300.0,0.06324692070484161
train/loss,76350.0,0.06805852055549622
train/loss,76400.0,0.06304602324962616
train/loss,76450.0,0.06350509077310562
train/loss,76500.0,0.06837049126625061
train/loss,76550.0,0.07643003761768341
train/loss,76600.0,0.06725380569696426
train/loss,76650.0,0.06680692732334137
train/loss,76700.0,0.07149189710617065
train/loss,76750.0,0.0723726749420166
train/loss,76800.0,0.07211514562368393
train/loss,76850.0,0.05682583153247833
train/loss,76900.0,0.06513314694166183
train/loss,76950.0,0.07010460644960403
train/loss,77000.0,0.07201798260211945
train/loss,77050.0,0.07339493185281754
train/loss,77100.0,0.0699867308139801
train/loss,77150.0,0.0634051263332367
train/loss,77200.0,0.0677209347486496
train/loss,77250.0,0.061380498111248016
train/loss,77300.0,0.07103560864925385
train/loss,77350.0,0.06314831972122192
train/loss,77400.0,0.06171416491270065
train/loss,77450.0,0.06644534319639206
train/loss,77500.0,0.060706742107868195
train/loss,77550.0,0.06930317729711533
train/loss,77600.0,0.06940070539712906
train/loss,77650.0,0.06502817571163177
train/loss,77700.0,0.06459730863571167
train/loss,77750.0,0.06550658494234085
train/loss,77800.0,0.06849305331707001
train/loss,77850.0,0.06508263200521469
train/loss,77900.0,0.0638657882809639
train/loss,77950.0,0.06984424591064453
train/loss,78000.0,0.06811057776212692
train/loss,78050.0,0.06792759150266647
train/loss,78100.0,0.07458242774009705
train/loss,78150.0,0.06844846904277802
train/loss,78200.0,0.06953302770853043
train/loss,78250.0,0.06201101467013359
train/loss,78300.0,0.0674230083823204
train/loss,78350.0,0.0734994038939476
train/loss,78400.0,0.06859903037548065
train/loss,78450.0,0.07605274766683578
train/loss,78500.0,0.0683496743440628
train/loss,78550.0,0.07157142460346222
train/loss,78600.0,0.07033663243055344
train/loss,78650.0,0.06966312974691391
train/loss,78700.0,0.07480309903621674
train/loss,78750.0,0.0681118294596672
train/loss,78800.0,0.06824615597724915
train/loss,78850.0,0.06404370069503784
train/loss,78900.0,0.07024497538805008
train/loss,78950.0,0.06246912479400635
train/loss,79000.0,0.06548640131950378
train/loss,79050.0,0.06990863382816315
train/loss,79100.0,0.06800344586372375
train/loss,79150.0,0.061228327453136444
train/loss,79200.0,0.06329924613237381
train/loss,79250.0,0.06446798145771027
train/loss,79300.0,0.06986846029758453
train/loss,79350.0,0.0649951696395874
train/loss,79400.0,0.06666203588247299
train/loss,79450.0,0.06724440306425095
train/loss,79500.0,0.06874800473451614
train/loss,79550.0,0.07270054519176483
train/loss,79600.0,0.06354662030935287
train/loss,79650.0,0.06729881465435028
train/loss,79700.0,0.06981667131185532
train/loss,79750.0,0.06274892389774323
train/loss,79800.0,0.06279456615447998
train/loss,79850.0,0.07099708169698715
train/loss,79900.0,0.07133926451206207
train/loss,79950.0,0.07065104693174362
train/loss,80000.0,0.06922726333141327
train/lpips,1.0,0.0
train/lpips,50.0,0.0
train/lpips,100.0,0.0
train/lpips,150.0,0.0
train/lpips,200.0,0.0
train/lpips,250.0,0.0
train/lpips,300.0,0.0
train/lpips,350.0,0.0
train/lpips,400.0,0.0
train/lpips,450.0,0.0
train/lpips,500.0,0.0
train/lpips,550.0,0.0
train/lpips,600.0,0.0
train/lpips,650.0,0.0
train/lpips,700.0,0.0
train/lpips,750.0,0.0
train/lpips,800.0,0.0
train/lpips,850.0,0.0
train/lpips,900.0,0.0
train/lpips,950.0,0.0
train/lpips,1000.0,0.0
train/lpips,1050.0,0.0
train/lpips,1100.0,0.0
train/lpips,1150.0,0.0
train/lpips,1200.0,0.0
train/lpips,1250.0,0.0
train/lpips,1300.0,0.0
train/lpips,1350.0,0.0
train/lpips,1400.0,0.0
train/lpips,1450.0,0.0
train/lpips,1500.0,0.0
train/lpips,1550.0,0.0
train/lpips,1600.0,0.0
train/lpips,1650.0,0.0
train/lpips,1700.0,0.0
train/lpips,1750.0,0.0
train/lpips,1800.0,0.0
train/lpips,1850.0,0.0
train/lpips,1900.0,0.0
train/lpips,1950.0,0.0
train/lpips,2000.0,0.0
train/lpips,2050.0,0.0
train/lpips,2100.0,0.0
train/lpips,2150.0,0.0
train/lpips,2200.0,0.0
train/lpips,2250.0,0.0
train/lpips,2300.0,0.0
train/lpips,2350.0,0.0
train/lpips,2400.0,0.0
train/lpips,2450.0,0.0
train/lpips,2500.0,0.0
train/lpips,2550.0,0.0
train/lpips,2600.0,0.0
train/lpips,2650.0,0.0
train/lpips,2700.0,0.0
train/lpips,2750.0,0.0
train/lpips,2800.0,0.0
train/lpips,2850.0,0.0
train/lpips,2900.0,0.0
train/lpips,2950.0,0.0
train/lpips,3000.0,0.0
train/lpips,3050.0,0.0
train/lpips,3100.0,0.0
train/lpips,3150.0,0.0
train/lpips,3200.0,0.0
train/lpips,3250.0,0.0
train/lpips,3300.0,0.0
train/lpips,3350.0,0.0
train/lpips,3400.0,0.0
train/lpips,3450.0,0.0
train/lpips,3500.0,0.0
train/lpips,3550.0,0.0
train/lpips,3600.0,0.0
train/lpips,3650.0,0.0
train/lpips,3700.0,0.0
train/lpips,3750.0,0.0
train/lpips,3800.0,0.0
train/lpips,3850.0,0.0
train/lpips,3900.0,0.0
train/lpips,3950.0,0.0
train/lpips,4000.0,0.0
train/lpips,4050.0,0.0
train/lpips,4100.0,0.0
train/lpips,4150.0,0.0
train/lpips,4200.0,0.0
train/lpips,4250.0,0.0
train/lpips,4300.0,0.0
train/lpips,4350.0,0.0
train/lpips,4400.0,0.0
train/lpips,4450.0,0.0
train/lpips,4500.0,0.0
train/lpips,4550.0,0.0
train/lpips,4600.0,0.0
train/lpips,4650.0,0.0
train/lpips,4700.0,0.0
train/lpips,4750.0,0.0
train/lpips,4800.0,0.0
train/lpips,4850.0,0.0
train/lpips,4900.0,0.0
train/lpips,4950.0,0.0
train/lpips,5000.0,0.0
train/lpips,5050.0,0.0
train/lpips,5100.0,0.0
train/lpips,5150.0,0.0
train/lpips,5200.0,0.0
train/lpips,5250.0,0.0
train/lpips,5300.0,0.0
train/lpips,5350.0,0.0
train/lpips,5400.0,0.0
train/lpips,5450.0,0.0
train/lpips,5500.0,0.0
train/lpips,5550.0,0.0
train/lpips,5600.0,0.0
train/lpips,5650.0,0.0
train/lpips,5700.0,0.0
train/lpips,5750.0,0.0
train/lpips,5800.0,0.0
train/lpips,5850.0,0.0
train/lpips,5900.0,0.0
train/lpips,5950.0,0.0
train/lpips,6000.0,0.0
train/lpips,6050.0,0.0
train/lpips,6100.0,0.0
train/lpips,6150.0,0.0
train/lpips,6200.0,0.0
train/lpips,6250.0,0.0
train/lpips,6300.0,0.0
train/lpips,6350.0,0.0
train/lpips,6400.0,0.0
train/lpips,6450.0,0.0
train/lpips,6500.0,0.0
train/lpips,6550.0,0.0
train/lpips,6600.0,0.0
train/lpips,6650.0,0.0
train/lpips,6700.0,0.0
train/lpips,6750.0,0.0
train/lpips,6800.0,0.0
train/lpips,6850.0,0.0
train/lpips,6900.0,0.0
train/lpips,6950.0,0.0
train/lpips,7000.0,0.0
train/lpips,7050.0,0.0
train/lpips,7100.0,0.0
train/lpips,7150.0,0.0
train/lpips,7200.0,0.0
train/lpips,7250.0,0.0
train/lpips,7300.0,0.0
train/lpips,7350.0,0.0
train/lpips,7400.0,0.0
train/lpips,7450.0,0.0
train/lpips,7500.0,0.0
train/lpips,7550.0,0.0
train/lpips,7600.0,0.0
train/lpips,7650.0,0.0
train/lpips,7700.0,0.0
train/lpips,7750.0,0.0
train/lpips,7800.0,0.0
train/lpips,7850.0,0.0
train/lpips,7900.0,0.0
train/lpips,7950.0,0.0
train/lpips,8000.0,0.0
train/lpips,8050.0,0.0
train/lpips,8100.0,0.0
train/lpips,8150.0,0.0
train/lpips,8200.0,0.0
train/lpips,8250.0,0.0
train/lpips,8300.0,0.0
train/lpips,8350.0,0.0
train/lpips,8400.0,0.0
train/lpips,8450.0,0.0
train/lpips,8500.0,0.0
train/lpips,8550.0,0.0
train/lpips,8600.0,0.0
train/lpips,8650.0,0.0
train/lpips,8700.0,0.0
train/lpips,8750.0,0.0
train/lpips,8800.0,0.0
train/lpips,8850.0,0.0
train/lpips,8900.0,0.0
train/lpips,8950.0,0.0
train/lpips,9000.0,0.0
train/lpips,9050.0,0.0
train/lpips,9100.0,0.0
train/lpips,9150.0,0.0
train/lpips,9200.0,0.0
train/lpips,9250.0,0.0
train/lpips,9300.0,0.0
train/lpips,9350.0,0.0
train/lpips,9400.0,0.0
train/lpips,9450.0,0.0
train/lpips,9500.0,0.0
train/lpips,9550.0,0.0
train/lpips,9600.0,0.0
train/lpips,9650.0,0.0
train/lpips,9700.0,0.0
train/lpips,9750.0,0.0
train/lpips,9800.0,0.0
train/lpips,9850.0,0.0
train/lpips,9900.0,0.0
train/lpips,9950.0,0.0
train/lpips,10000.0,0.0
train/lpips,10050.0,0.0
train/lpips,10100.0,0.0
train/lpips,10150.0,0.0
train/lpips,10200.0,0.0
train/lpips,10250.0,0.0
train/lpips,10300.0,0.0
train/lpips,10350.0,0.0
train/lpips,10400.0,0.0
train/lpips,10450.0,0.0
train/lpips,10500.0,0.0
train/lpips,10550.0,0.0
train/lpips,10600.0,0.0
train/lpips,10650.0,0.0
train/lpips,10700.0,0.0
train/lpips,10750.0,0.0
train/lpips,10800.0,0.0
train/lpips,10850.0,0.0
train/lpips,10900.0,0.0
train/lpips,10950.0,0.0
train/lpips,11000.0,0.0
train/lpips,11050.0,0.0
train/lpips,11100.0,0.0
train/lpips,11150.0,0.0
train/lpips,11200.0,0.0
train/lpips,11250.0,0.0
train/lpips,11300.0,0.0
train/lpips,11350.0,0.0
train/lpips,11400.0,0.0
train/lpips,11450.0,0.0
train/lpips,11500.0,0.0
train/lpips,11550.0,0.0
train/lpips,11600.0,0.0
train/lpips,11650.0,0.0
train/lpips,11700.0,0.0
train/lpips,11750.0,0.0
train/lpips,11800.0,0.0
train/lpips,11850.0,0.0
train/lpips,11900.0,0.0
train/lpips,11950.0,0.0
train/lpips,12000.0,0.0
train/lpips,12050.0,0.0
train/lpips,12100.0,0.0
train/lpips,12150.0,0.0
train/lpips,12200.0,0.0
train/lpips,12250.0,0.0
train/lpips,12300.0,0.0
train/lpips,12350.0,0.0
train/lpips,12400.0,0.0
train/lpips,12450.0,0.0
train/lpips,12500.0,0.0
train/lpips,12550.0,0.0
train/lpips,12600.0,0.0
train/lpips,12650.0,0.0
train/lpips,12700.0,0.0
train/lpips,12750.0,0.0
train/lpips,12800.0,0.0
train/lpips,12850.0,0.0
train/lpips,12900.0,0.0
train/lpips,12950.0,0.0
train/lpips,13000.0,0.0
train/lpips,13050.0,0.0
train/lpips,13100.0,0.0
train/lpips,13150.0,0.0
train/lpips,13200.0,0.0
train/lpips,13250.0,0.0
train/lpips,13300.0,0.0
train/lpips,13350.0,0.0
train/lpips,13400.0,0.0
train/lpips,13450.0,0.0
train/lpips,13500.0,0.0
train/lpips,13550.0,0.0
train/lpips,13600.0,0.0
train/lpips,13650.0,0.0
train/lpips,13700.0,0.0
train/lpips,13750.0,0.0
train/lpips,13800.0,0.0
train/lpips,13850.0,0.0
train/lpips,13900.0,0.0
train/lpips,13950.0,0.0
train/lpips,14000.0,0.0
train/lpips,14050.0,0.0
train/lpips,14100.0,0.0
train/lpips,14150.0,0.0
train/lpips,14200.0,0.0
train/lpips,14250.0,0.0
train/lpips,14300.0,0.0
train/lpips,14350.0,0.0
train/lpips,14400.0,0.0
train/lpips,14450.0,0.0
train/lpips,14500.0,0.0
train/lpips,14550.0,0.0
train/lpips,14600.0,0.0
train/lpips,14650.0,0.0
train/lpips,14700.0,0.0
train/lpips,14750.0,0.0
train/lpips,14800.0,0.0
train/lpips,14850.0,0.0
train/lpips,14900.0,0.0
train/lpips,14950.0,0.0
train/lpips,15000.0,0.0
train/lpips,15050.0,0.0
train/lpips,15100.0,0.0
train/lpips,15150.0,0.0
train/lpips,15200.0,0.0
train/lpips,15250.0,0.0
train/lpips,15300.0,0.0
train/lpips,15350.0,0.0
train/lpips,15400.0,0.0
train/lpips,15450.0,0.0
train/lpips,15500.0,0.0
train/lpips,15550.0,0.0
train/lpips,15600.0,0.0
train/lpips,15650.0,0.0
train/lpips,15700.0,0.0
train/lpips,15750.0,0.0
train/lpips,15800.0,0.0
train/lpips,15850.0,0.0
train/lpips,15900.0,0.0
train/lpips,15950.0,0.0
train/lpips,16000.0,0.0
train/lpips,16050.0,0.0
train/lpips,16100.0,0.0
train/lpips,16150.0,0.0
train/lpips,16200.0,0.0
train/lpips,16250.0,0.0
train/lpips,16300.0,0.0
train/lpips,16350.0,0.0
train/lpips,16400.0,0.0
train/lpips,16450.0,0.0
train/lpips,16500.0,0.0
train/lpips,16550.0,0.0
train/lpips,16600.0,0.0
train/lpips,16650.0,0.0
train/lpips,16700.0,0.0
train/lpips,16750.0,0.0
train/lpips,16800.0,0.0
train/lpips,16850.0,0.0
train/lpips,16900.0,0.0
train/lpips,16950.0,0.0
train/lpips,17000.0,0.0
train/lpips,17050.0,0.0
train/lpips,17100.0,0.0
train/lpips,17150.0,0.0
train/lpips,17200.0,0.0
train/lpips,17250.0,0.0
train/lpips,17300.0,0.0
train/lpips,17350.0,0.0
train/lpips,17400.0,0.0
train/lpips,17450.0,0.0
train/lpips,17500.0,0.0
train/lpips,17550.0,0.0
train/lpips,17600.0,0.0
train/lpips,17650.0,0.0
train/lpips,17700.0,0.0
train/lpips,17750.0,0.0
train/lpips,17800.0,0.0
train/lpips,17850.0,0.0
train/lpips,17900.0,0.0
train/lpips,17950.0,0.0
train/lpips,18000.0,0.0
train/lpips,18050.0,0.0
train/lpips,18100.0,0.0
train/lpips,18150.0,0.0
train/lpips,18200.0,0.0
train/lpips,18250.0,0.0
train/lpips,18300.0,0.0
train/lpips,18350.0,0.0
train/lpips,18400.0,0.0
train/lpips,18450.0,0.0
train/lpips,18500.0,0.0
train/lpips,18550.0,0.0
train/lpips,18600.0,0.0
train/lpips,18650.0,0.0
train/lpips,18700.0,0.0
train/lpips,18750.0,0.0
train/lpips,18800.0,0.0
train/lpips,18850.0,0.0
train/lpips,18900.0,0.0
train/lpips,18950.0,0.0
train/lpips,19000.0,0.0
train/lpips,19050.0,0.0
train/lpips,19100.0,0.0
train/lpips,19150.0,0.0
train/lpips,19200.0,0.0
train/lpips,19250.0,0.0
train/lpips,19300.0,0.0
train/lpips,19350.0,0.0
train/lpips,19400.0,0.0
train/lpips,19450.0,0.0
train/lpips,19500.0,0.0
train/lpips,19550.0,0.0
train/lpips,19600.0,0.0
train/lpips,19650.0,0.0
train/lpips,19700.0,0.0
train/lpips,19750.0,0.0
train/lpips,19800.0,0.0
train/lpips,19850.0,0.0
train/lpips,19900.0,0.0
train/lpips,19950.0,0.0
train/lpips,20000.0,0.0
train/lpips,20050.0,0.0
train/lpips,20100.0,0.0
train/lpips,20150.0,0.0
train/lpips,20200.0,0.0
train/lpips,20250.0,0.0
train/lpips,20300.0,0.0
train/lpips,20350.0,0.0
train/lpips,20400.0,0.0
train/lpips,20450.0,0.0
train/lpips,20500.0,0.0
train/lpips,20550.0,0.0
train/lpips,20600.0,0.0
train/lpips,20650.0,0.0
train/lpips,20700.0,0.0
train/lpips,20750.0,0.0
train/lpips,20800.0,0.0
train/lpips,20850.0,0.0
train/lpips,20900.0,0.0
train/lpips,20950.0,0.0
train/lpips,21000.0,0.0
train/lpips,21050.0,0.0
train/lpips,21100.0,0.0
train/lpips,21150.0,0.0
train/lpips,21200.0,0.0
train/lpips,21250.0,0.0
train/lpips,21300.0,0.0
train/lpips,21350.0,0.0
train/lpips,21400.0,0.0
train/lpips,21450.0,0.0
train/lpips,21500.0,0.0
train/lpips,21550.0,0.0
train/lpips,21600.0,0.0
train/lpips,21650.0,0.0
train/lpips,21700.0,0.0
train/lpips,21750.0,0.0
train/lpips,21800.0,0.0
train/lpips,21850.0,0.0
train/lpips,21900.0,0.0
train/lpips,21950.0,0.0
train/lpips,22000.0,0.0
train/lpips,22050.0,0.0
train/lpips,22100.0,0.0
train/lpips,22150.0,0.0
train/lpips,22200.0,0.0
train/lpips,22250.0,0.0
train/lpips,22300.0,0.0
train/lpips,22350.0,0.0
train/lpips,22400.0,0.0
train/lpips,22450.0,0.0
train/lpips,22500.0,0.0
train/lpips,22550.0,0.0
train/lpips,22600.0,0.0
train/lpips,22650.0,0.0
train/lpips,22700.0,0.0
train/lpips,22750.0,0.0
train/lpips,22800.0,0.0
train/lpips,22850.0,0.0
train/lpips,22900.0,0.0
train/lpips,22950.0,0.0
train/lpips,23000.0,0.0
train/lpips,23050.0,0.0
train/lpips,23100.0,0.0
train/lpips,23150.0,0.0
train/lpips,23200.0,0.0
train/lpips,23250.0,0.0
train/lpips,23300.0,0.0
train/lpips,23350.0,0.0
train/lpips,23400.0,0.0
train/lpips,23450.0,0.0
train/lpips,23500.0,0.0
train/lpips,23550.0,0.0
train/lpips,23600.0,0.0
train/lpips,23650.0,0.0
train/lpips,23700.0,0.0
train/lpips,23750.0,0.0
train/lpips,23800.0,0.0
train/lpips,23850.0,0.0
train/lpips,23900.0,0.0
train/lpips,23950.0,0.0
train/lpips,24000.0,0.0
train/lpips,24050.0,0.0
train/lpips,24100.0,0.0
train/lpips,24150.0,0.0
train/lpips,24200.0,0.0
train/lpips,24250.0,0.0
train/lpips,24300.0,0.0
train/lpips,24350.0,0.0
train/lpips,24400.0,0.0
train/lpips,24450.0,0.0
train/lpips,24500.0,0.0
train/lpips,24550.0,0.0
train/lpips,24600.0,0.0
train/lpips,24650.0,0.0
train/lpips,24700.0,0.0
train/lpips,24750.0,0.0
train/lpips,24800.0,0.0
train/lpips,24850.0,0.0
train/lpips,24900.0,0.0
train/lpips,24950.0,0.0
train/lpips,25000.0,0.0
train/lpips,25050.0,0.0
train/lpips,25100.0,0.0
train/lpips,25150.0,0.0
train/lpips,25200.0,0.0
train/lpips,25250.0,0.0
train/lpips,25300.0,0.0
train/lpips,25350.0,0.0
train/lpips,25400.0,0.0
train/lpips,25450.0,0.0
train/lpips,25500.0,0.0
train/lpips,25550.0,0.0
train/lpips,25600.0,0.0
train/lpips,25650.0,0.0
train/lpips,25700.0,0.0
train/lpips,25750.0,0.0
train/lpips,25800.0,0.0
train/lpips,25850.0,0.0
train/lpips,25900.0,0.0
train/lpips,25950.0,0.0
train/lpips,26000.0,0.0
train/lpips,26050.0,0.0
train/lpips,26100.0,0.0
train/lpips,26150.0,0.0
train/lpips,26200.0,0.0
train/lpips,26250.0,0.0
train/lpips,26300.0,0.0
train/lpips,26350.0,0.0
train/lpips,26400.0,0.0
train/lpips,26450.0,0.0
train/lpips,26500.0,0.0
train/lpips,26550.0,0.0
train/lpips,26600.0,0.0
train/lpips,26650.0,0.0
train/lpips,26700.0,0.0
train/lpips,26750.0,0.0
train/lpips,26800.0,0.0
train/lpips,26850.0,0.0
train/lpips,26900.0,0.0
train/lpips,26950.0,0.0
train/lpips,27000.0,0.0
train/lpips,27050.0,0.0
train/lpips,27100.0,0.0
train/lpips,27150.0,0.0
train/lpips,27200.0,0.0
train/lpips,27250.0,0.0
train/lpips,27300.0,0.0
train/lpips,27350.0,0.0
train/lpips,27400.0,0.0
train/lpips,27450.0,0.0
train/lpips,27500.0,0.0
train/lpips,27550.0,0.0
train/lpips,27600.0,0.0
train/lpips,27650.0,0.0
train/lpips,27700.0,0.0
train/lpips,27750.0,0.0
train/lpips,27800.0,0.0
train/lpips,27850.0,0.0
train/lpips,27900.0,0.0
train/lpips,27950.0,0.0
train/lpips,28000.0,0.0
train/lpips,28050.0,0.0
train/lpips,28100.0,0.0
train/lpips,28150.0,0.0
train/lpips,28200.0,0.0
train/lpips,28250.0,0.0
train/lpips,28300.0,0.0
train/lpips,28350.0,0.0
train/lpips,28400.0,0.0
train/lpips,28450.0,0.0
train/lpips,28500.0,0.0
train/lpips,28550.0,0.0
train/lpips,28600.0,0.0
train/lpips,28650.0,0.0
train/lpips,28700.0,0.0
train/lpips,28750.0,0.0
train/lpips,28800.0,0.0
train/lpips,28850.0,0.0
train/lpips,28900.0,0.0
train/lpips,28950.0,0.0
train/lpips,29000.0,0.0
train/lpips,29050.0,0.0
train/lpips,29100.0,0.0
train/lpips,29150.0,0.0
train/lpips,29200.0,0.0
train/lpips,29250.0,0.0
train/lpips,29300.0,0.0
train/lpips,29350.0,0.0
train/lpips,29400.0,0.0
train/lpips,29450.0,0.0
train/lpips,29500.0,0.0
train/lpips,29550.0,0.0
train/lpips,29600.0,0.0
train/lpips,29650.0,0.0
train/lpips,29700.0,0.0
train/lpips,29750.0,0.0
train/lpips,29800.0,0.0
train/lpips,29850.0,0.0
train/lpips,29900.0,0.0
train/lpips,29950.0,0.0
train/lpips,30000.0,0.0
train/lpips,30050.0,0.0
train/lpips,30100.0,0.0
train/lpips,30150.0,0.0
train/lpips,30200.0,0.0
train/lpips,30250.0,0.0
train/lpips,30300.0,0.0
train/lpips,30350.0,0.0
train/lpips,30400.0,0.0
train/lpips,30450.0,0.0
train/lpips,30500.0,0.0
train/lpips,30550.0,0.0
train/lpips,30600.0,0.0
train/lpips,30650.0,0.0
train/lpips,30700.0,0.0
train/lpips,30750.0,0.0
train/lpips,30800.0,0.0
train/lpips,30850.0,0.0
train/lpips,30900.0,0.0
train/lpips,30950.0,0.0
train/lpips,31000.0,0.0
train/lpips,31050.0,0.0
train/lpips,31100.0,0.0
train/lpips,31150.0,0.0
train/lpips,31200.0,0.0
train/lpips,31250.0,0.0
train/lpips,31300.0,0.0
train/lpips,31350.0,0.0
train/lpips,31400.0,0.0
train/lpips,31450.0,0.0
train/lpips,31500.0,0.0
train/lpips,31550.0,0.0
train/lpips,31600.0,0.0
train/lpips,31650.0,0.0
train/lpips,31700.0,0.0
train/lpips,31750.0,0.0
train/lpips,31800.0,0.0
train/lpips,31850.0,0.0
train/lpips,31900.0,0.0
train/lpips,31950.0,0.0
train/lpips,32000.0,0.0
train/lpips,32050.0,0.0
train/lpips,32100.0,0.0
train/lpips,32150.0,0.0
train/lpips,32200.0,0.0
train/lpips,32250.0,0.0
train/lpips,32300.0,0.0
train/lpips,32350.0,0.0
train/lpips,32400.0,0.0
train/lpips,32450.0,0.0
train/lpips,32500.0,0.0
train/lpips,32550.0,0.0
train/lpips,32600.0,0.0
train/lpips,32650.0,0.0
train/lpips,32700.0,0.0
train/lpips,32750.0,0.0
train/lpips,32800.0,0.0
train/lpips,32850.0,0.0
train/lpips,32900.0,0.0
train/lpips,32950.0,0.0
train/lpips,33000.0,0.0
train/lpips,33050.0,0.0
train/lpips,33100.0,0.0
train/lpips,33150.0,0.0
train/lpips,33200.0,0.0
train/lpips,33250.0,0.0
train/lpips,33300.0,0.0
train/lpips,33350.0,0.0
train/lpips,33400.0,0.0
train/lpips,33450.0,0.0
train/lpips,33500.0,0.0
train/lpips,33550.0,0.0
train/lpips,33600.0,0.0
train/lpips,33650.0,0.0
train/lpips,33700.0,0.0
train/lpips,33750.0,0.0
train/lpips,33800.0,0.0
train/lpips,33850.0,0.0
train/lpips,33900.0,0.0
train/lpips,33950.0,0.0
train/lpips,34000.0,0.0
train/lpips,34050.0,0.0
train/lpips,34100.0,0.0
train/lpips,34150.0,0.0
train/lpips,34200.0,0.0
train/lpips,34250.0,0.0
train/lpips,34300.0,0.0
train/lpips,34350.0,0.0
train/lpips,34400.0,0.0
train/lpips,34450.0,0.0
train/lpips,34500.0,0.0
train/lpips,34550.0,0.0
train/lpips,34600.0,0.0
train/lpips,34650.0,0.0
train/lpips,34700.0,0.0
train/lpips,34750.0,0.0
train/lpips,34800.0,0.0
train/lpips,34850.0,0.0
train/lpips,34900.0,0.0
train/lpips,34950.0,0.0
train/lpips,35000.0,0.0
train/lpips,35050.0,0.0
train/lpips,35100.0,0.0
train/lpips,35150.0,0.0
train/lpips,35200.0,0.0
train/lpips,35250.0,0.0
train/lpips,35300.0,0.0
train/lpips,35350.0,0.0
train/lpips,35400.0,0.0
train/lpips,35450.0,0.0
train/lpips,35500.0,0.0
train/lpips,35550.0,0.0
train/lpips,35600.0,0.0
train/lpips,35650.0,0.0
train/lpips,35700.0,0.0
train/lpips,35750.0,0.0
train/lpips,35800.0,0.0
train/lpips,35850.0,0.0
train/lpips,35900.0,0.0
train/lpips,35950.0,0.0
train/lpips,36000.0,0.0
train/lpips,36050.0,0.0
train/lpips,36100.0,0.0
train/lpips,36150.0,0.0
train/lpips,36200.0,0.0
train/lpips,36250.0,0.0
train/lpips,36300.0,0.0
train/lpips,36350.0,0.0
train/lpips,36400.0,0.0
train/lpips,36450.0,0.0
train/lpips,36500.0,0.0
train/lpips,36550.0,0.0
train/lpips,36600.0,0.0
train/lpips,36650.0,0.0
train/lpips,36700.0,0.0
train/lpips,36750.0,0.0
train/lpips,36800.0,0.0
train/lpips,36850.0,0.0
train/lpips,36900.0,0.0
train/lpips,36950.0,0.0
train/lpips,37000.0,0.0
train/lpips,37050.0,0.0
train/lpips,37100.0,0.0
train/lpips,37150.0,0.0
train/lpips,37200.0,0.0
train/lpips,37250.0,0.0
train/lpips,37300.0,0.0
train/lpips,37350.0,0.0
train/lpips,37400.0,0.0
train/lpips,37450.0,0.0
train/lpips,37500.0,0.0
train/lpips,37550.0,0.0
train/lpips,37600.0,0.0
train/lpips,37650.0,0.0
train/lpips,37700.0,0.0
train/lpips,37750.0,0.0
train/lpips,37800.0,0.0
train/lpips,37850.0,0.0
train/lpips,37900.0,0.0
train/lpips,37950.0,0.0
train/lpips,38000.0,0.0
train/lpips,38050.0,0.0
train/lpips,38100.0,0.0
train/lpips,38150.0,0.0
train/lpips,38200.0,0.0
train/lpips,38250.0,0.0
train/lpips,38300.0,0.0
train/lpips,38350.0,0.0
train/lpips,38400.0,0.0
train/lpips,38450.0,0.0
train/lpips,38500.0,0.0
train/lpips,38550.0,0.0
train/lpips,38600.0,0.0
train/lpips,38650.0,0.0
train/lpips,38700.0,0.0
train/lpips,38750.0,0.0
train/lpips,38800.0,0.0
train/lpips,38850.0,0.0
train/lpips,38900.0,0.0
train/lpips,38950.0,0.0
train/lpips,39000.0,0.0
train/lpips,39050.0,0.0
train/lpips,39100.0,0.0
train/lpips,39150.0,0.0
train/lpips,39200.0,0.0
train/lpips,39250.0,0.0
train/lpips,39300.0,0.0
train/lpips,39350.0,0.0
train/lpips,39400.0,0.0
train/lpips,39450.0,0.0
train/lpips,39500.0,0.0
train/lpips,39550.0,0.0
train/lpips,39600.0,0.0
train/lpips,39650.0,0.0
train/lpips,39700.0,0.0
train/lpips,39750.0,0.0
train/lpips,39800.0,0.0
train/lpips,39850.0,0.0
train/lpips,39900.0,0.0
train/lpips,39950.0,0.0
train/lpips,40000.0,0.0
train/lpips,40050.0,0.0
train/lpips,40100.0,0.0
train/lpips,40150.0,0.0
train/lpips,40200.0,0.0
train/lpips,40250.0,0.0
train/lpips,40300.0,0.0
train/lpips,40350.0,0.0
train/lpips,40400.0,0.0
train/lpips,40450.0,0.0
train/lpips,40500.0,0.0
train/lpips,40550.0,0.0
train/lpips,40600.0,0.0
train/lpips,40650.0,0.0
train/lpips,40700.0,0.0
train/lpips,40750.0,0.0
train/lpips,40800.0,0.0
train/lpips,40850.0,0.0
train/lpips,40900.0,0.0
train/lpips,40950.0,0.0
train/lpips,41000.0,0.0
train/lpips,41050.0,0.0
train/lpips,41100.0,0.0
train/lpips,41150.0,0.0
train/lpips,41200.0,0.0
train/lpips,41250.0,0.0
train/lpips,41300.0,0.0
train/lpips,41350.0,0.0
train/lpips,41400.0,0.0
train/lpips,41450.0,0.0
train/lpips,41500.0,0.0
train/lpips,41550.0,0.0
train/lpips,41600.0,0.0
train/lpips,41650.0,0.0
train/lpips,41700.0,0.0
train/lpips,41750.0,0.0
train/lpips,41800.0,0.0
train/lpips,41850.0,0.0
train/lpips,41900.0,0.0
train/lpips,41950.0,0.0
train/lpips,42000.0,0.0
train/lpips,42050.0,0.0
train/lpips,42100.0,0.0
train/lpips,42150.0,0.0
train/lpips,42200.0,0.0
train/lpips,42250.0,0.0
train/lpips,42300.0,0.0
train/lpips,42350.0,0.0
train/lpips,42400.0,0.0
train/lpips,42450.0,0.0
train/lpips,42500.0,0.0
train/lpips,42550.0,0.0
train/lpips,42600.0,0.0
train/lpips,42650.0,0.0
train/lpips,42700.0,0.0
train/lpips,42750.0,0.0
train/lpips,42800.0,0.0
train/lpips,42850.0,0.0
train/lpips,42900.0,0.0
train/lpips,42950.0,0.0
train/lpips,43000.0,0.0
train/lpips,43050.0,0.0
train/lpips,43100.0,0.0
train/lpips,43150.0,0.0
train/lpips,43200.0,0.0
train/lpips,43250.0,0.0
train/lpips,43300.0,0.0
train/lpips,43350.0,0.0
train/lpips,43400.0,0.0
train/lpips,43450.0,0.0
train/lpips,43500.0,0.0
train/lpips,43550.0,0.0
train/lpips,43600.0,0.0
train/lpips,43650.0,0.0
train/lpips,43700.0,0.0
train/lpips,43750.0,0.0
train/lpips,43800.0,0.0
train/lpips,43850.0,0.0
train/lpips,43900.0,0.0
train/lpips,43950.0,0.0
train/lpips,44000.0,0.0
train/lpips,44050.0,0.0
train/lpips,44100.0,0.0
train/lpips,44150.0,0.0
train/lpips,44200.0,0.0
train/lpips,44250.0,0.0
train/lpips,44300.0,0.0
train/lpips,44350.0,0.0
train/lpips,44400.0,0.0
train/lpips,44450.0,0.0
train/lpips,44500.0,0.0
train/lpips,44550.0,0.0
train/lpips,44600.0,0.0
train/lpips,44650.0,0.0
train/lpips,44700.0,0.0
train/lpips,44750.0,0.0
train/lpips,44800.0,0.0
train/lpips,44850.0,0.0
train/lpips,44900.0,0.0
train/lpips,44950.0,0.0
train/lpips,45000.0,0.0
train/lpips,45050.0,0.0
train/lpips,45100.0,0.0
train/lpips,45150.0,0.0
train/lpips,45200.0,0.0
train/lpips,45250.0,0.0
train/lpips,45300.0,0.0
train/lpips,45350.0,0.0
train/lpips,45400.0,0.0
train/lpips,45450.0,0.0
train/lpips,45500.0,0.0
train/lpips,45550.0,0.0
train/lpips,45600.0,0.0
train/lpips,45650.0,0.0
train/lpips,45700.0,0.0
train/lpips,45750.0,0.0
train/lpips,45800.0,0.0
train/lpips,45850.0,0.0
train/lpips,45900.0,0.0
train/lpips,45950.0,0.0
train/lpips,46000.0,0.0
train/lpips,46050.0,0.0
train/lpips,46100.0,0.0
train/lpips,46150.0,0.0
train/lpips,46200.0,0.0
train/lpips,46250.0,0.0
train/lpips,46300.0,0.0
train/lpips,46350.0,0.0
train/lpips,46400.0,0.0
train/lpips,46450.0,0.0
train/lpips,46500.0,0.0
train/lpips,46550.0,0.0
train/lpips,46600.0,0.0
train/lpips,46650.0,0.0
train/lpips,46700.0,0.0
train/lpips,46750.0,0.0
train/lpips,46800.0,0.0
train/lpips,46850.0,0.0
train/lpips,46900.0,0.0
train/lpips,46950.0,0.0
train/lpips,47000.0,0.0
train/lpips,47050.0,0.0
train/lpips,47100.0,0.0
train/lpips,47150.0,0.0
train/lpips,47200.0,0.0
train/lpips,47250.0,0.0
train/lpips,47300.0,0.0
train/lpips,47350.0,0.0
train/lpips,47400.0,0.0
train/lpips,47450.0,0.0
train/lpips,47500.0,0.0
train/lpips,47550.0,0.0
train/lpips,47600.0,0.0
train/lpips,47650.0,0.0
train/lpips,47700.0,0.0
train/lpips,47750.0,0.0
train/lpips,47800.0,0.0
train/lpips,47850.0,0.0
train/lpips,47900.0,0.0
train/lpips,47950.0,0.0
train/lpips,48000.0,0.0
train/lpips,48050.0,0.0
train/lpips,48100.0,0.0
train/lpips,48150.0,0.0
train/lpips,48200.0,0.0
train/lpips,48250.0,0.0
train/lpips,48300.0,0.0
train/lpips,48350.0,0.0
train/lpips,48400.0,0.0
train/lpips,48450.0,0.0
train/lpips,48500.0,0.0
train/lpips,48550.0,0.0
train/lpips,48600.0,0.0
train/lpips,48650.0,0.0
train/lpips,48700.0,0.0
train/lpips,48750.0,0.0
train/lpips,48800.0,0.0
train/lpips,48850.0,0.0
train/lpips,48900.0,0.0
train/lpips,48950.0,0.0
train/lpips,49000.0,0.0
train/lpips,49050.0,0.0
train/lpips,49100.0,0.0
train/lpips,49150.0,0.0
train/lpips,49200.0,0.0
train/lpips,49250.0,0.0
train/lpips,49300.0,0.0
train/lpips,49350.0,0.0
train/lpips,49400.0,0.0
train/lpips,49450.0,0.0
train/lpips,49500.0,0.0
train/lpips,49550.0,0.0
train/lpips,49600.0,0.0
train/lpips,49650.0,0.0
train/lpips,49700.0,0.0
train/lpips,49750.0,0.0
train/lpips,49800.0,0.0
train/lpips,49850.0,0.0
train/lpips,49900.0,0.0
train/lpips,49950.0,0.0
train/lpips,50000.0,0.0
train/lpips,50050.0,0.0
train/lpips,50100.0,0.0
train/lpips,50150.0,0.0
train/lpips,50200.0,0.0
train/lpips,50250.0,0.0
train/lpips,50300.0,0.0
train/lpips,50350.0,0.0
train/lpips,50400.0,0.0
train/lpips,50450.0,0.0
train/lpips,50500.0,0.0
train/lpips,50550.0,0.0
train/lpips,50600.0,0.0
train/lpips,50650.0,0.0
train/lpips,50700.0,0.0
train/lpips,50750.0,0.0
train/lpips,50800.0,0.0
train/lpips,50850.0,0.0
train/lpips,50900.0,0.0
train/lpips,50950.0,0.0
train/lpips,51000.0,0.0
train/lpips,51050.0,0.0
train/lpips,51100.0,0.0
train/lpips,51150.0,0.0
train/lpips,51200.0,0.0
train/lpips,51250.0,0.0
train/lpips,51300.0,0.0
train/lpips,51350.0,0.0
train/lpips,51400.0,0.0
train/lpips,51450.0,0.0
train/lpips,51500.0,0.0
train/lpips,51550.0,0.0
train/lpips,51600.0,0.0
train/lpips,51650.0,0.0
train/lpips,51700.0,0.0
train/lpips,51750.0,0.0
train/lpips,51800.0,0.0
train/lpips,51850.0,0.0
train/lpips,51900.0,0.0
train/lpips,51950.0,0.0
train/lpips,52000.0,0.0
train/lpips,52050.0,0.0
train/lpips,52100.0,0.0
train/lpips,52150.0,0.0
train/lpips,52200.0,0.0
train/lpips,52250.0,0.0
train/lpips,52300.0,0.0
train/lpips,52350.0,0.0
train/lpips,52400.0,0.0
train/lpips,52450.0,0.0
train/lpips,52500.0,0.0
train/lpips,52550.0,0.0
train/lpips,52600.0,0.0
train/lpips,52650.0,0.0
train/lpips,52700.0,0.0
train/lpips,52750.0,0.0
train/lpips,52800.0,0.0
train/lpips,52850.0,0.0
train/lpips,52900.0,0.0
train/lpips,52950.0,0.0
train/lpips,53000.0,0.0
train/lpips,53050.0,0.0
train/lpips,53100.0,0.0
train/lpips,53150.0,0.0
train/lpips,53200.0,0.0
train/lpips,53250.0,0.0
train/lpips,53300.0,0.0
train/lpips,53350.0,0.0
train/lpips,53400.0,0.0
train/lpips,53450.0,0.0
train/lpips,53500.0,0.0
train/lpips,53550.0,0.0
train/lpips,53600.0,0.0
train/lpips,53650.0,0.0
train/lpips,53700.0,0.0
train/lpips,53750.0,0.0
train/lpips,53800.0,0.0
train/lpips,53850.0,0.0
train/lpips,53900.0,0.0
train/lpips,53950.0,0.0
train/lpips,54000.0,0.0
train/lpips,54050.0,0.0
train/lpips,54100.0,0.0
train/lpips,54150.0,0.0
train/lpips,54200.0,0.0
train/lpips,54250.0,0.0
train/lpips,54300.0,0.0
train/lpips,54350.0,0.0
train/lpips,54400.0,0.0
train/lpips,54450.0,0.0
train/lpips,54500.0,0.0
train/lpips,54550.0,0.0
train/lpips,54600.0,0.0
train/lpips,54650.0,0.0
train/lpips,54700.0,0.0
train/lpips,54750.0,0.0
train/lpips,54800.0,0.0
train/lpips,54850.0,0.0
train/lpips,54900.0,0.0
train/lpips,54950.0,0.0
train/lpips,55000.0,0.0
train/lpips,55050.0,0.0
train/lpips,55100.0,0.0
train/lpips,55150.0,0.0
train/lpips,55200.0,0.0
train/lpips,55250.0,0.0
train/lpips,55300.0,0.0
train/lpips,55350.0,0.0
train/lpips,55400.0,0.0
train/lpips,55450.0,0.0
train/lpips,55500.0,0.0
train/lpips,55550.0,0.0
train/lpips,55600.0,0.0
train/lpips,55650.0,0.0
train/lpips,55700.0,0.0
train/lpips,55750.0,0.0
train/lpips,55800.0,0.0
train/lpips,55850.0,0.0
train/lpips,55900.0,0.0
train/lpips,55950.0,0.0
train/lpips,56000.0,0.0
train/lpips,56050.0,0.0
train/lpips,56100.0,0.0
train/lpips,56150.0,0.0
train/lpips,56200.0,0.0
train/lpips,56250.0,0.0
train/lpips,56300.0,0.0
train/lpips,56350.0,0.0
train/lpips,56400.0,0.0
train/lpips,56450.0,0.0
train/lpips,56500.0,0.0
train/lpips,56550.0,0.0
train/lpips,56600.0,0.0
train/lpips,56650.0,0.0
train/lpips,56700.0,0.0
train/lpips,56750.0,0.0
train/lpips,56800.0,0.0
train/lpips,56850.0,0.0
train/lpips,56900.0,0.0
train/lpips,56950.0,0.0
train/lpips,57000.0,0.0
train/lpips,57050.0,0.0
train/lpips,57100.0,0.0
train/lpips,57150.0,0.0
train/lpips,57200.0,0.0
train/lpips,57250.0,0.0
train/lpips,57300.0,0.0
train/lpips,57350.0,0.0
train/lpips,57400.0,0.0
train/lpips,57450.0,0.0
train/lpips,57500.0,0.0
train/lpips,57550.0,0.0
train/lpips,57600.0,0.0
train/lpips,57650.0,0.0
train/lpips,57700.0,0.0
train/lpips,57750.0,0.0
train/lpips,57800.0,0.0
train/lpips,57850.0,0.0
train/lpips,57900.0,0.0
train/lpips,57950.0,0.0
train/lpips,58000.0,0.0
train/lpips,58050.0,0.0
train/lpips,58100.0,0.0
train/lpips,58150.0,0.0
train/lpips,58200.0,0.0
train/lpips,58250.0,0.0
train/lpips,58300.0,0.0
train/lpips,58350.0,0.0
train/lpips,58400.0,0.0
train/lpips,58450.0,0.0
train/lpips,58500.0,0.0
train/lpips,58550.0,0.0
train/lpips,58600.0,0.0
train/lpips,58650.0,0.0
train/lpips,58700.0,0.0
train/lpips,58750.0,0.0
train/lpips,58800.0,0.0
train/lpips,58850.0,0.0
train/lpips,58900.0,0.0
train/lpips,58950.0,0.0
train/lpips,59000.0,0.0
train/lpips,59050.0,0.0
train/lpips,59100.0,0.0
train/lpips,59150.0,0.0
train/lpips,59200.0,0.0
train/lpips,59250.0,0.0
train/lpips,59300.0,0.0
train/lpips,59350.0,0.0
train/lpips,59400.0,0.0
train/lpips,59450.0,0.0
train/lpips,59500.0,0.0
train/lpips,59550.0,0.0
train/lpips,59600.0,0.0
train/lpips,59650.0,0.0
train/lpips,59700.0,0.0
train/lpips,59750.0,0.0
train/lpips,59800.0,0.0
train/lpips,59850.0,0.0
train/lpips,59900.0,0.0
train/lpips,59950.0,0.0
train/lpips,60000.0,0.0
train/lpips,60050.0,0.35523131489753723
train/lpips,60100.0,0.30343127250671387
train/lpips,60150.0,0.2741134762763977
train/lpips,60200.0,0.25764036178588867
train/lpips,60250.0,0.22973833978176117
train/lpips,60300.0,0.3121810555458069
train/lpips,60350.0,0.23334546387195587
train/lpips,60400.0,0.23467199504375458
train/lpips,60450.0,0.24361228942871094
train/lpips,60500.0,0.22444498538970947
train/lpips,60550.0,0.24697105586528778
train/lpips,60600.0,0.22994527220726013
train/lpips,60650.0,0.21360313892364502
train/lpips,60700.0,0.23144713044166565
train/lpips,60750.0,0.20853903889656067
train/lpips,60800.0,0.20672547817230225
train/lpips,60850.0,0.2129199206829071
train/lpips,60900.0,0.22734761238098145
train/lpips,60950.0,0.2181209921836853
train/lpips,61000.0,0.19175004959106445
train/lpips,61050.0,0.20212478935718536
train/lpips,61100.0,0.22976461052894592
train/lpips,61150.0,0.22392010688781738
train/lpips,61200.0,0.22895918786525726
train/lpips,61250.0,0.23589542508125305
train/lpips,61300.0,0.22203026711940765
train/lpips,61350.0,0.2307174801826477
train/lpips,61400.0,0.2273935079574585
train/lpips,61450.0,0.22930654883384705
train/lpips,61500.0,0.22388532757759094
train/lpips,61550.0,0.24512970447540283
train/lpips,61600.0,0.22503459453582764
train/lpips,61650.0,0.20713116228580475
train/lpips,61700.0,0.2360634207725525
train/lpips,61750.0,0.20062538981437683
train/lpips,61800.0,0.2640359103679657
train/lpips,61850.0,0.21899190545082092
train/lpips,61900.0,0.20847919583320618
train/lpips,61950.0,0.22391529381275177
train/lpips,62000.0,0.23179219663143158
train/lpips,62050.0,0.2281949669122696
train/lpips,62100.0,0.21751967072486877
train/lpips,62150.0,0.2044384479522705
train/lpips,62200.0,0.22017666697502136
train/lpips,62250.0,0.21982534229755402
train/lpips,62300.0,0.21573299169540405
train/lpips,62350.0,0.21648749709129333
train/lpips,62400.0,0.23733876645565033
train/lpips,62450.0,0.21219205856323242
train/lpips,62500.0,0.21604612469673157
train/lpips,62550.0,0.22026978433132172
train/lpips,62600.0,0.20976975560188293
train/lpips,62650.0,0.2444940209388733
train/lpips,62700.0,0.22044944763183594
train/lpips,62750.0,0.22195811569690704
train/lpips,62800.0,0.21587786078453064
train/lpips,62850.0,0.21721281111240387
train/lpips,62900.0,0.2101883888244629
train/lpips,62950.0,0.2534126043319702
train/lpips,63000.0,0.21840105950832367
train/lpips,63050.0,0.21409358084201813
train/lpips,63100.0,0.22151218354701996
train/lpips,63150.0,0.21660996973514557
train/lpips,63200.0,0.21306613087654114
train/lpips,63250.0,0.23440663516521454
train/lpips,63300.0,0.20368410646915436
train/lpips,63350.0,0.2060314118862152
train/lpips,63400.0,0.21365246176719666
train/lpips,63450.0,0.22344669699668884
train/lpips,63500.0,0.22346417605876923
train/lpips,63550.0,0.21023617684841156
train/lpips,63600.0,0.21151524782180786
train/lpips,63650.0,0.2172570675611496
train/lpips,63700.0,0.2192358672618866
train/lpips,63750.0,0.21575994789600372
train/lpips,63800.0,0.2182483673095703
train/lpips,63850.0,0.22700771689414978
train/lpips,63900.0,0.186861053109169
train/lpips,63950.0,0.213407501578331
train/lpips,64000.0,0.2129344791173935
train/lpips,64050.0,0.20415404438972473
train/lpips,64100.0,0.22678318619728088
train/lpips,64150.0,0.20439890027046204
train/lpips,64200.0,0.2166183739900589
train/lpips,64250.0,0.23620054125785828
train/lpips,64300.0,0.20935018360614777
train/lpips,64350.0,0.2236599326133728
train/lpips,64400.0,0.238139808177948
train/lpips,64450.0,0.20653150975704193
train/lpips,64500.0,0.2149074375629425
train/lpips,64550.0,0.22024348378181458
train/lpips,64600.0,0.20780415832996368
train/lpips,64650.0,0.2211986780166626
train/lpips,64700.0,0.2252631038427353
train/lpips,64750.0,0.2231847047805786
train/lpips,64800.0,0.21800589561462402
train/lpips,64850.0,0.2017151415348053
train/lpips,64900.0,0.21705713868141174
train/lpips,64950.0,0.21036578714847565
train/lpips,65000.0,0.22121095657348633
train/lpips,65050.0,0.22706250846385956
train/lpips,65100.0,0.20259225368499756
train/lpips,65150.0,0.23294472694396973
train/lpips,65200.0,0.20754411816596985
train/lpips,65250.0,0.2150425910949707
train/lpips,65300.0,0.22074991464614868
train/lpips,65350.0,0.20346584916114807
train/lpips,65400.0,0.2191702127456665
train/lpips,65450.0,0.21553529798984528
train/lpips,65500.0,0.2224266231060028
train/lpips,65550.0,0.20306633412837982
train/lpips,65600.0,0.2129756361246109
train/lpips,65650.0,0.221418559551239
train/lpips,65700.0,0.2228088080883026
train/lpips,65750.0,0.23620370030403137
train/lpips,65800.0,0.18935626745224
train/lpips,65850.0,0.19937658309936523
train/lpips,65900.0,0.23541302978992462
train/lpips,65950.0,0.21661514043807983
train/lpips,66000.0,0.21609768271446228
train/lpips,66050.0,0.2239830195903778
train/lpips,66100.0,0.20650294423103333
train/lpips,66150.0,0.22770008444786072
train/lpips,66200.0,0.21720696985721588
train/lpips,66250.0,0.21202877163887024
train/lpips,66300.0,0.2547706067562103
train/lpips,66350.0,0.1924976110458374
train/lpips,66400.0,0.21440185606479645
train/lpips,66450.0,0.2301991730928421
train/lpips,66500.0,0.22202762961387634
train/lpips,66550.0,0.2260793149471283
train/lpips,66600.0,0.2183752804994583
train/lpips,66650.0,0.20256716012954712
train/lpips,66700.0,0.2256253957748413
train/lpips,66750.0,0.2237287163734436
train/lpips,66800.0,0.19647499918937683
train/lpips,66850.0,0.22730350494384766
train/lpips,66900.0,0.2146783024072647
train/lpips,66950.0,0.22426189482212067
train/lpips,67000.0,0.2171412706375122
train/lpips,67050.0,0.2152753621339798
train/lpips,67100.0,0.1941600739955902
train/lpips,67150.0,0.22137391567230225
train/lpips,67200.0,0.23374345898628235
train/lpips,67250.0,0.21591368317604065
train/lpips,67300.0,0.2360585480928421
train/lpips,67350.0,0.21783596277236938
train/lpips,67400.0,0.2126597762107849
train/lpips,67450.0,0.19933779537677765
train/lpips,67500.0,0.21049533784389496
train/lpips,67550.0,0.2060585618019104
train/lpips,67600.0,0.20043843984603882
train/lpips,67650.0,0.21663865447044373
train/lpips,67700.0,0.20731374621391296
train/lpips,67750.0,0.21101564168930054
train/lpips,67800.0,0.2201758772134781
train/lpips,67850.0,0.19467051327228546
train/lpips,67900.0,0.21092653274536133
train/lpips,67950.0,0.20772932469844818
train/lpips,68000.0,0.20679140090942383
train/lpips,68050.0,0.20850858092308044
train/lpips,68100.0,0.23051580786705017
train/lpips,68150.0,0.19377446174621582
train/lpips,68200.0,0.2036801427602768
train/lpips,68250.0,0.2024451643228531
train/lpips,68300.0,0.2179551124572754
train/lpips,68350.0,0.1899501383304596
train/lpips,68400.0,0.18723753094673157
train/lpips,68450.0,0.21606938540935516
train/lpips,68500.0,0.20759743452072144
train/lpips,68550.0,0.21301117539405823
train/lpips,68600.0,0.22965574264526367
train/lpips,68650.0,0.223395437002182
train/lpips,68700.0,0.2108820229768753
train/lpips,68750.0,0.21487921476364136
train/lpips,68800.0,0.217086523771286
train/lpips,68850.0,0.21440917253494263
train/lpips,68900.0,0.2073647379875183
train/lpips,68950.0,0.2187941074371338
train/lpips,69000.0,0.22026962041854858
train/lpips,69050.0,0.21089407801628113
train/lpips,69100.0,0.2057514488697052
train/lpips,69150.0,0.20674625039100647
train/lpips,69200.0,0.2151738852262497
train/lpips,69250.0,0.18826048076152802
train/lpips,69300.0,0.23343662917613983
train/lpips,69350.0,0.2150585949420929
train/lpips,69400.0,0.23086754977703094
train/lpips,69450.0,0.20336487889289856
train/lpips,69500.0,0.19591307640075684
train/lpips,69550.0,0.216352641582489
train/lpips,69600.0,0.19618046283721924
train/lpips,69650.0,0.21425661444664001
train/lpips,69700.0,0.2167946696281433
train/lpips,69750.0,0.21420881152153015
train/lpips,69800.0,0.21292783319950104
train/lpips,69850.0,0.2149432748556137
train/lpips,69900.0,0.20196962356567383
train/lpips,69950.0,0.2056935727596283
train/lpips,70000.0,0.20086345076560974
train/lpips,70050.0,0.19728469848632812
train/lpips,70100.0,0.20386642217636108
train/lpips,70150.0,0.19905851781368256
train/lpips,70200.0,0.19853977859020233
train/lpips,70250.0,0.2232450544834137
train/lpips,70300.0,0.2065461426973343
train/lpips,70350.0,0.2194817066192627
train/lpips,70400.0,0.18876518309116364
train/lpips,70450.0,0.18115288019180298
train/lpips,70500.0,0.19996602833271027
train/lpips,70550.0,0.19102594256401062
train/lpips,70600.0,0.22378242015838623
train/lpips,70650.0,0.2297995537519455
train/lpips,70700.0,0.19849318265914917
train/lpips,70750.0,0.2153678834438324
train/lpips,70800.0,0.21137118339538574
train/lpips,70850.0,0.19911637902259827
train/lpips,70900.0,0.2241850048303604
train/lpips,70950.0,0.21140114963054657
train/lpips,71000.0,0.2186833769083023
train/lpips,71050.0,0.21105700731277466
train/lpips,71100.0,0.20572638511657715
train/lpips,71150.0,0.21577520668506622
train/lpips,71200.0,0.1996574103832245
train/lpips,71250.0,0.21200624108314514
train/lpips,71300.0,0.21932242810726166
train/lpips,71350.0,0.2340887486934662
train/lpips,71400.0,0.20504070818424225
train/lpips,71450.0,0.17802900075912476
train/lpips,71500.0,0.21035337448120117
train/lpips,71550.0,0.19556626677513123
train/lpips,71600.0,0.21308645606040955
train/lpips,71650.0,0.19605696201324463
train/lpips,71700.0,0.20643335580825806
train/lpips,71750.0,0.19920562207698822
train/lpips,71800.0,0.20869287848472595
train/lpips,71850.0,0.1990761160850525
train/lpips,71900.0,0.22316470742225647
train/lpips,71950.0,0.20138946175575256
train/lpips,72000.0,0.23098893463611603
train/lpips,72050.0,0.23202890157699585
train/lpips,72100.0,0.2044886201620102
train/lpips,72150.0,0.21305960416793823
train/lpips,72200.0,0.2054886370897293
train/lpips,72250.0,0.18574896454811096
train/lpips,72300.0,0.20305663347244263
train/lpips,72350.0,0.19942347705364227
train/lpips,72400.0,0.21240323781967163
train/lpips,72450.0,0.21091561019420624
train/lpips,72500.0,0.2206963151693344
train/lpips,72550.0,0.22634023427963257
train/lpips,72600.0,0.20109227299690247
train/lpips,72650.0,0.19774632155895233
train/lpips,72700.0,0.21051619946956635
train/lpips,72750.0,0.212594136595726
train/lpips,72800.0,0.24074409902095795
train/lpips,72850.0,0.20913058519363403
train/lpips,72900.0,0.22165308892726898
train/lpips,72950.0,0.2356632947921753
train/lpips,73000.0,0.19641292095184326
train/lpips,73050.0,0.20116785168647766
train/lpips,73100.0,0.20156314969062805
train/lpips,73150.0,0.2032027393579483
train/lpips,73200.0,0.2059013843536377
train/lpips,73250.0,0.20960652828216553
train/lpips,73300.0,0.21335861086845398
train/lpips,73350.0,0.20623871684074402
train/lpips,73400.0,0.23866361379623413
train/lpips,73450.0,0.19704186916351318
train/lpips,73500.0,0.22913634777069092
train/lpips,73550.0,0.20587465167045593
train/lpips,73600.0,0.20975571870803833
train/lpips,73650.0,0.20548556745052338
train/lpips,73700.0,0.21252751350402832
train/lpips,73750.0,0.20716699957847595
train/lpips,73800.0,0.2191750854253769
train/lpips,73850.0,0.2010023593902588
train/lpips,73900.0,0.21156185865402222
train/lpips,73950.0,0.2142760157585144
train/lpips,74000.0,0.22945232689380646
train/lpips,74050.0,0.21130305528640747
train/lpips,74100.0,0.22451519966125488
train/lpips,74150.0,0.22866296768188477
train/lpips,74200.0,0.19806687533855438
train/lpips,74250.0,0.22565537691116333
train/lpips,74300.0,0.21842466294765472
train/lpips,74350.0,0.21813702583312988
train/lpips,74400.0,0.2159309685230255
train/lpips,74450.0,0.22863584756851196
train/lpips,74500.0,0.21890993416309357
train/lpips,74550.0,0.1969173550605774
train/lpips,74600.0,0.21470415592193604
train/lpips,74650.0,0.17346052825450897
train/lpips,74700.0,0.21841362118721008
train/lpips,74750.0,0.22639569640159607
train/lpips,74800.0,0.1836312860250473
train/lpips,74850.0,0.2262953668832779
train/lpips,74900.0,0.22864072024822235
train/lpips,74950.0,0.21328192949295044
train/lpips,75000.0,0.20973530411720276
train/lpips,75050.0,0.2136583924293518
train/lpips,75100.0,0.21463894844055176
train/lpips,75150.0,0.2158384621143341
train/lpips,75200.0,0.19176846742630005
train/lpips,75250.0,0.21913202106952667
train/lpips,75300.0,0.18923719227313995
train/lpips,75350.0,0.22260908782482147
train/lpips,75400.0,0.1982894241809845
train/lpips,75450.0,0.2220485955476761
train/lpips,75500.0,0.2041039913892746
train/lpips,75550.0,0.20667168498039246
train/lpips,75600.0,0.19823072850704193
train/lpips,75650.0,0.1823882758617401
train/lpips,75700.0,0.21219350397586823
train/lpips,75750.0,0.1996137797832489
train/lpips,75800.0,0.21060487627983093
train/lpips,75850.0,0.2119418978691101
train/lpips,75900.0,0.21911174058914185
train/lpips,75950.0,0.21388760209083557
train/lpips,76000.0,0.21148744225502014
train/lpips,76050.0,0.20171284675598145
train/lpips,76100.0,0.18200980126857758
train/lpips,76150.0,0.19784554839134216
train/lpips,76200.0,0.1948317289352417
train/lpips,76250.0,0.19067591428756714
train/lpips,76300.0,0.19509080052375793
train/lpips,76350.0,0.20947781205177307
train/lpips,76400.0,0.18899866938591003
train/lpips,76450.0,0.21106304228305817
train/lpips,76500.0,0.21953149139881134
train/lpips,76550.0,0.22940993309020996
train/lpips,76600.0,0.20913580060005188
train/lpips,76650.0,0.21421024203300476
train/lpips,76700.0,0.21474537253379822
train/lpips,76750.0,0.21160642802715302
train/lpips,76800.0,0.22939422726631165
train/lpips,76850.0,0.18012525141239166
train/lpips,76900.0,0.20238076150417328
train/lpips,76950.0,0.22467809915542603
train/lpips,77000.0,0.21323847770690918
train/lpips,77050.0,0.21617284417152405
train/lpips,77100.0,0.21981805562973022
train/lpips,77150.0,0.18618950247764587
train/lpips,77200.0,0.21061190962791443
train/lpips,77250.0,0.19484379887580872
train/lpips,77300.0,0.21632936596870422
train/lpips,77350.0,0.19806340336799622
train/lpips,77400.0,0.19270819425582886
train/lpips,77450.0,0.20800037682056427
train/lpips,77500.0,0.19929489493370056
train/lpips,77550.0,0.2145461142063141
train/lpips,77600.0,0.22481481730937958
train/lpips,77650.0,0.18726347386837006
train/lpips,77700.0,0.207051083445549
train/lpips,77750.0,0.20838022232055664
train/lpips,77800.0,0.21457992494106293
train/lpips,77850.0,0.20223911106586456
train/lpips,77900.0,0.19810941815376282
train/lpips,77950.0,0.21431897580623627
train/lpips,78000.0,0.22556331753730774
train/lpips,78050.0,0.20285755395889282
train/lpips,78100.0,0.20787176489830017
train/lpips,78150.0,0.21712742745876312
train/lpips,78200.0,0.2079208493232727
train/lpips,78250.0,0.19239899516105652
train/lpips,78300.0,0.20648393034934998
train/lpips,78350.0,0.22003929316997528
train/lpips,78400.0,0.2059725672006607
train/lpips,78450.0,0.22206905484199524
train/lpips,78500.0,0.21088173985481262
train/lpips,78550.0,0.22066541016101837
train/lpips,78600.0,0.20760776102542877
train/lpips,78650.0,0.21719621121883392
train/lpips,78700.0,0.22759690880775452
train/lpips,78750.0,0.20220336318016052
train/lpips,78800.0,0.2077445685863495
train/lpips,78850.0,0.19338080286979675
train/lpips,78900.0,0.22038036584854126
train/lpips,78950.0,0.1874171942472458
train/lpips,79000.0,0.21321840584278107
train/lpips,79050.0,0.20992307364940643
train/lpips,79100.0,0.20238569378852844
train/lpips,79150.0,0.18900877237319946
train/lpips,79200.0,0.1997920572757721
train/lpips,79250.0,0.2037827968597412
train/lpips,79300.0,0.22094938158988953
train/lpips,79350.0,0.20185664296150208
train/lpips,79400.0,0.197641521692276
train/lpips,79450.0,0.2014569640159607
train/lpips,79500.0,0.21289269626140594
train/lpips,79550.0,0.2178577333688736
train/lpips,79600.0,0.19854646921157837
train/lpips,79650.0,0.2060585916042328
train/lpips,79700.0,0.2186630219221115
train/lpips,79750.0,0.1995004415512085
train/lpips,79800.0,0.20398645102977753
train/lpips,79850.0,0.21870262920856476
train/lpips,79900.0,0.225834459066391
train/lpips,79950.0,0.21892516314983368
train/lpips,80000.0,0.2034907191991806
train/lpips_weighted,1.0,0.0
train/lpips_weighted,50.0,0.0
train/lpips_weighted,100.0,0.0
train/lpips_weighted,150.0,0.0
train/lpips_weighted,200.0,0.0
train/lpips_weighted,250.0,0.0
train/lpips_weighted,300.0,0.0
train/lpips_weighted,350.0,0.0
train/lpips_weighted,400.0,0.0
train/lpips_weighted,450.0,0.0
train/lpips_weighted,500.0,0.0
train/lpips_weighted,550.0,0.0
train/lpips_weighted,600.0,0.0
train/lpips_weighted,650.0,0.0
train/lpips_weighted,700.0,0.0
train/lpips_weighted,750.0,0.0
train/lpips_weighted,800.0,0.0
train/lpips_weighted,850.0,0.0
train/lpips_weighted,900.0,0.0
train/lpips_weighted,950.0,0.0
train/lpips_weighted,1000.0,0.0
train/lpips_weighted,1050.0,0.0
train/lpips_weighted,1100.0,0.0
train/lpips_weighted,1150.0,0.0
train/lpips_weighted,1200.0,0.0
train/lpips_weighted,1250.0,0.0
train/lpips_weighted,1300.0,0.0
train/lpips_weighted,1350.0,0.0
train/lpips_weighted,1400.0,0.0
train/lpips_weighted,1450.0,0.0
train/lpips_weighted,1500.0,0.0
train/lpips_weighted,1550.0,0.0
train/lpips_weighted,1600.0,0.0
train/lpips_weighted,1650.0,0.0
train/lpips_weighted,1700.0,0.0
train/lpips_weighted,1750.0,0.0
train/lpips_weighted,1800.0,0.0
train/lpips_weighted,1850.0,0.0
train/lpips_weighted,1900.0,0.0
train/lpips_weighted,1950.0,0.0
train/lpips_weighted,2000.0,0.0
train/lpips_weighted,2050.0,0.0
train/lpips_weighted,2100.0,0.0
train/lpips_weighted,2150.0,0.0
train/lpips_weighted,2200.0,0.0
train/lpips_weighted,2250.0,0.0
train/lpips_weighted,2300.0,0.0
train/lpips_weighted,2350.0,0.0
train/lpips_weighted,2400.0,0.0
train/lpips_weighted,2450.0,0.0
train/lpips_weighted,2500.0,0.0
train/lpips_weighted,2550.0,0.0
train/lpips_weighted,2600.0,0.0
train/lpips_weighted,2650.0,0.0
train/lpips_weighted,2700.0,0.0
train/lpips_weighted,2750.0,0.0
train/lpips_weighted,2800.0,0.0
train/lpips_weighted,2850.0,0.0
train/lpips_weighted,2900.0,0.0
train/lpips_weighted,2950.0,0.0
train/lpips_weighted,3000.0,0.0
train/lpips_weighted,3050.0,0.0
train/lpips_weighted,3100.0,0.0
train/lpips_weighted,3150.0,0.0
train/lpips_weighted,3200.0,0.0
train/lpips_weighted,3250.0,0.0
train/lpips_weighted,3300.0,0.0
train/lpips_weighted,3350.0,0.0
train/lpips_weighted,3400.0,0.0
train/lpips_weighted,3450.0,0.0
train/lpips_weighted,3500.0,0.0
train/lpips_weighted,3550.0,0.0
train/lpips_weighted,3600.0,0.0
train/lpips_weighted,3650.0,0.0
train/lpips_weighted,3700.0,0.0
train/lpips_weighted,3750.0,0.0
train/lpips_weighted,3800.0,0.0
train/lpips_weighted,3850.0,0.0
train/lpips_weighted,3900.0,0.0
train/lpips_weighted,3950.0,0.0
train/lpips_weighted,4000.0,0.0
train/lpips_weighted,4050.0,0.0
train/lpips_weighted,4100.0,0.0
train/lpips_weighted,4150.0,0.0
train/lpips_weighted,4200.0,0.0
train/lpips_weighted,4250.0,0.0
train/lpips_weighted,4300.0,0.0
train/lpips_weighted,4350.0,0.0
train/lpips_weighted,4400.0,0.0
train/lpips_weighted,4450.0,0.0
train/lpips_weighted,4500.0,0.0
train/lpips_weighted,4550.0,0.0
train/lpips_weighted,4600.0,0.0
train/lpips_weighted,4650.0,0.0
train/lpips_weighted,4700.0,0.0
train/lpips_weighted,4750.0,0.0
train/lpips_weighted,4800.0,0.0
train/lpips_weighted,4850.0,0.0
train/lpips_weighted,4900.0,0.0
train/lpips_weighted,4950.0,0.0
train/lpips_weighted,5000.0,0.0
train/lpips_weighted,5050.0,0.0
train/lpips_weighted,5100.0,0.0
train/lpips_weighted,5150.0,0.0
train/lpips_weighted,5200.0,0.0
train/lpips_weighted,5250.0,0.0
train/lpips_weighted,5300.0,0.0
train/lpips_weighted,5350.0,0.0
train/lpips_weighted,5400.0,0.0
train/lpips_weighted,5450.0,0.0
train/lpips_weighted,5500.0,0.0
train/lpips_weighted,5550.0,0.0
train/lpips_weighted,5600.0,0.0
train/lpips_weighted,5650.0,0.0
train/lpips_weighted,5700.0,0.0
train/lpips_weighted,5750.0,0.0
train/lpips_weighted,5800.0,0.0
train/lpips_weighted,5850.0,0.0
train/lpips_weighted,5900.0,0.0
train/lpips_weighted,5950.0,0.0
train/lpips_weighted,6000.0,0.0
train/lpips_weighted,6050.0,0.0
train/lpips_weighted,6100.0,0.0
train/lpips_weighted,6150.0,0.0
train/lpips_weighted,6200.0,0.0
train/lpips_weighted,6250.0,0.0
train/lpips_weighted,6300.0,0.0
train/lpips_weighted,6350.0,0.0
train/lpips_weighted,6400.0,0.0
train/lpips_weighted,6450.0,0.0
train/lpips_weighted,6500.0,0.0
train/lpips_weighted,6550.0,0.0
train/lpips_weighted,6600.0,0.0
train/lpips_weighted,6650.0,0.0
train/lpips_weighted,6700.0,0.0
train/lpips_weighted,6750.0,0.0
train/lpips_weighted,6800.0,0.0
train/lpips_weighted,6850.0,0.0
train/lpips_weighted,6900.0,0.0
train/lpips_weighted,6950.0,0.0
train/lpips_weighted,7000.0,0.0
train/lpips_weighted,7050.0,0.0
train/lpips_weighted,7100.0,0.0
train/lpips_weighted,7150.0,0.0
train/lpips_weighted,7200.0,0.0
train/lpips_weighted,7250.0,0.0
train/lpips_weighted,7300.0,0.0
train/lpips_weighted,7350.0,0.0
train/lpips_weighted,7400.0,0.0
train/lpips_weighted,7450.0,0.0
train/lpips_weighted,7500.0,0.0
train/lpips_weighted,7550.0,0.0
train/lpips_weighted,7600.0,0.0
train/lpips_weighted,7650.0,0.0
train/lpips_weighted,7700.0,0.0
train/lpips_weighted,7750.0,0.0
train/lpips_weighted,7800.0,0.0
train/lpips_weighted,7850.0,0.0
train/lpips_weighted,7900.0,0.0
train/lpips_weighted,7950.0,0.0
train/lpips_weighted,8000.0,0.0
train/lpips_weighted,8050.0,0.0
train/lpips_weighted,8100.0,0.0
train/lpips_weighted,8150.0,0.0
train/lpips_weighted,8200.0,0.0
train/lpips_weighted,8250.0,0.0
train/lpips_weighted,8300.0,0.0
train/lpips_weighted,8350.0,0.0
train/lpips_weighted,8400.0,0.0
train/lpips_weighted,8450.0,0.0
train/lpips_weighted,8500.0,0.0
train/lpips_weighted,8550.0,0.0
train/lpips_weighted,8600.0,0.0
train/lpips_weighted,8650.0,0.0
train/lpips_weighted,8700.0,0.0
train/lpips_weighted,8750.0,0.0
train/lpips_weighted,8800.0,0.0
train/lpips_weighted,8850.0,0.0
train/lpips_weighted,8900.0,0.0
train/lpips_weighted,8950.0,0.0
train/lpips_weighted,9000.0,0.0
train/lpips_weighted,9050.0,0.0
train/lpips_weighted,9100.0,0.0
train/lpips_weighted,9150.0,0.0
train/lpips_weighted,9200.0,0.0
train/lpips_weighted,9250.0,0.0
train/lpips_weighted,9300.0,0.0
train/lpips_weighted,9350.0,0.0
train/lpips_weighted,9400.0,0.0
train/lpips_weighted,9450.0,0.0
train/lpips_weighted,9500.0,0.0
train/lpips_weighted,9550.0,0.0
train/lpips_weighted,9600.0,0.0
train/lpips_weighted,9650.0,0.0
train/lpips_weighted,9700.0,0.0
train/lpips_weighted,9750.0,0.0
train/lpips_weighted,9800.0,0.0
train/lpips_weighted,9850.0,0.0
train/lpips_weighted,9900.0,0.0
train/lpips_weighted,9950.0,0.0
train/lpips_weighted,10000.0,0.0
train/lpips_weighted,10050.0,0.0
train/lpips_weighted,10100.0,0.0
train/lpips_weighted,10150.0,0.0
train/lpips_weighted,10200.0,0.0
train/lpips_weighted,10250.0,0.0
train/lpips_weighted,10300.0,0.0
train/lpips_weighted,10350.0,0.0
train/lpips_weighted,10400.0,0.0
train/lpips_weighted,10450.0,0.0
train/lpips_weighted,10500.0,0.0
train/lpips_weighted,10550.0,0.0
train/lpips_weighted,10600.0,0.0
train/lpips_weighted,10650.0,0.0
train/lpips_weighted,10700.0,0.0
train/lpips_weighted,10750.0,0.0
train/lpips_weighted,10800.0,0.0
train/lpips_weighted,10850.0,0.0
train/lpips_weighted,10900.0,0.0
train/lpips_weighted,10950.0,0.0
train/lpips_weighted,11000.0,0.0
train/lpips_weighted,11050.0,0.0
train/lpips_weighted,11100.0,0.0
train/lpips_weighted,11150.0,0.0
train/lpips_weighted,11200.0,0.0
train/lpips_weighted,11250.0,0.0
train/lpips_weighted,11300.0,0.0
train/lpips_weighted,11350.0,0.0
train/lpips_weighted,11400.0,0.0
train/lpips_weighted,11450.0,0.0
train/lpips_weighted,11500.0,0.0
train/lpips_weighted,11550.0,0.0
train/lpips_weighted,11600.0,0.0
train/lpips_weighted,11650.0,0.0
train/lpips_weighted,11700.0,0.0
train/lpips_weighted,11750.0,0.0
train/lpips_weighted,11800.0,0.0
train/lpips_weighted,11850.0,0.0
train/lpips_weighted,11900.0,0.0
train/lpips_weighted,11950.0,0.0
train/lpips_weighted,12000.0,0.0
train/lpips_weighted,12050.0,0.0
train/lpips_weighted,12100.0,0.0
train/lpips_weighted,12150.0,0.0
train/lpips_weighted,12200.0,0.0
train/lpips_weighted,12250.0,0.0
train/lpips_weighted,12300.0,0.0
train/lpips_weighted,12350.0,0.0
train/lpips_weighted,12400.0,0.0
train/lpips_weighted,12450.0,0.0
train/lpips_weighted,12500.0,0.0
train/lpips_weighted,12550.0,0.0
train/lpips_weighted,12600.0,0.0
train/lpips_weighted,12650.0,0.0
train/lpips_weighted,12700.0,0.0
train/lpips_weighted,12750.0,0.0
train/lpips_weighted,12800.0,0.0
train/lpips_weighted,12850.0,0.0
train/lpips_weighted,12900.0,0.0
train/lpips_weighted,12950.0,0.0
train/lpips_weighted,13000.0,0.0
train/lpips_weighted,13050.0,0.0
train/lpips_weighted,13100.0,0.0
train/lpips_weighted,13150.0,0.0
train/lpips_weighted,13200.0,0.0
train/lpips_weighted,13250.0,0.0
train/lpips_weighted,13300.0,0.0
train/lpips_weighted,13350.0,0.0
train/lpips_weighted,13400.0,0.0
train/lpips_weighted,13450.0,0.0
train/lpips_weighted,13500.0,0.0
train/lpips_weighted,13550.0,0.0
train/lpips_weighted,13600.0,0.0
train/lpips_weighted,13650.0,0.0
train/lpips_weighted,13700.0,0.0
train/lpips_weighted,13750.0,0.0
train/lpips_weighted,13800.0,0.0
train/lpips_weighted,13850.0,0.0
train/lpips_weighted,13900.0,0.0
train/lpips_weighted,13950.0,0.0
train/lpips_weighted,14000.0,0.0
train/lpips_weighted,14050.0,0.0
train/lpips_weighted,14100.0,0.0
train/lpips_weighted,14150.0,0.0
train/lpips_weighted,14200.0,0.0
train/lpips_weighted,14250.0,0.0
train/lpips_weighted,14300.0,0.0
train/lpips_weighted,14350.0,0.0
train/lpips_weighted,14400.0,0.0
train/lpips_weighted,14450.0,0.0
train/lpips_weighted,14500.0,0.0
train/lpips_weighted,14550.0,0.0
train/lpips_weighted,14600.0,0.0
train/lpips_weighted,14650.0,0.0
train/lpips_weighted,14700.0,0.0
train/lpips_weighted,14750.0,0.0
train/lpips_weighted,14800.0,0.0
train/lpips_weighted,14850.0,0.0
train/lpips_weighted,14900.0,0.0
train/lpips_weighted,14950.0,0.0
train/lpips_weighted,15000.0,0.0
train/lpips_weighted,15050.0,0.0
train/lpips_weighted,15100.0,0.0
train/lpips_weighted,15150.0,0.0
train/lpips_weighted,15200.0,0.0
train/lpips_weighted,15250.0,0.0
train/lpips_weighted,15300.0,0.0
train/lpips_weighted,15350.0,0.0
train/lpips_weighted,15400.0,0.0
train/lpips_weighted,15450.0,0.0
train/lpips_weighted,15500.0,0.0
train/lpips_weighted,15550.0,0.0
train/lpips_weighted,15600.0,0.0
train/lpips_weighted,15650.0,0.0
train/lpips_weighted,15700.0,0.0
train/lpips_weighted,15750.0,0.0
train/lpips_weighted,15800.0,0.0
train/lpips_weighted,15850.0,0.0
train/lpips_weighted,15900.0,0.0
train/lpips_weighted,15950.0,0.0
train/lpips_weighted,16000.0,0.0
train/lpips_weighted,16050.0,0.0
train/lpips_weighted,16100.0,0.0
train/lpips_weighted,16150.0,0.0
train/lpips_weighted,16200.0,0.0
train/lpips_weighted,16250.0,0.0
train/lpips_weighted,16300.0,0.0
train/lpips_weighted,16350.0,0.0
train/lpips_weighted,16400.0,0.0
train/lpips_weighted,16450.0,0.0
train/lpips_weighted,16500.0,0.0
train/lpips_weighted,16550.0,0.0
train/lpips_weighted,16600.0,0.0
train/lpips_weighted,16650.0,0.0
train/lpips_weighted,16700.0,0.0
train/lpips_weighted,16750.0,0.0
train/lpips_weighted,16800.0,0.0
train/lpips_weighted,16850.0,0.0
train/lpips_weighted,16900.0,0.0
train/lpips_weighted,16950.0,0.0
train/lpips_weighted,17000.0,0.0
train/lpips_weighted,17050.0,0.0
train/lpips_weighted,17100.0,0.0
train/lpips_weighted,17150.0,0.0
train/lpips_weighted,17200.0,0.0
train/lpips_weighted,17250.0,0.0
train/lpips_weighted,17300.0,0.0
train/lpips_weighted,17350.0,0.0
train/lpips_weighted,17400.0,0.0
train/lpips_weighted,17450.0,0.0
train/lpips_weighted,17500.0,0.0
train/lpips_weighted,17550.0,0.0
train/lpips_weighted,17600.0,0.0
train/lpips_weighted,17650.0,0.0
train/lpips_weighted,17700.0,0.0
train/lpips_weighted,17750.0,0.0
train/lpips_weighted,17800.0,0.0
train/lpips_weighted,17850.0,0.0
train/lpips_weighted,17900.0,0.0
train/lpips_weighted,17950.0,0.0
train/lpips_weighted,18000.0,0.0
train/lpips_weighted,18050.0,0.0
train/lpips_weighted,18100.0,0.0
train/lpips_weighted,18150.0,0.0
train/lpips_weighted,18200.0,0.0
train/lpips_weighted,18250.0,0.0
train/lpips_weighted,18300.0,0.0
train/lpips_weighted,18350.0,0.0
train/lpips_weighted,18400.0,0.0
train/lpips_weighted,18450.0,0.0
train/lpips_weighted,18500.0,0.0
train/lpips_weighted,18550.0,0.0
train/lpips_weighted,18600.0,0.0
train/lpips_weighted,18650.0,0.0
train/lpips_weighted,18700.0,0.0
train/lpips_weighted,18750.0,0.0
train/lpips_weighted,18800.0,0.0
train/lpips_weighted,18850.0,0.0
train/lpips_weighted,18900.0,0.0
train/lpips_weighted,18950.0,0.0
train/lpips_weighted,19000.0,0.0
train/lpips_weighted,19050.0,0.0
train/lpips_weighted,19100.0,0.0
train/lpips_weighted,19150.0,0.0
train/lpips_weighted,19200.0,0.0
train/lpips_weighted,19250.0,0.0
train/lpips_weighted,19300.0,0.0
train/lpips_weighted,19350.0,0.0
train/lpips_weighted,19400.0,0.0
train/lpips_weighted,19450.0,0.0
train/lpips_weighted,19500.0,0.0
train/lpips_weighted,19550.0,0.0
train/lpips_weighted,19600.0,0.0
train/lpips_weighted,19650.0,0.0
train/lpips_weighted,19700.0,0.0
train/lpips_weighted,19750.0,0.0
train/lpips_weighted,19800.0,0.0
train/lpips_weighted,19850.0,0.0
train/lpips_weighted,19900.0,0.0
train/lpips_weighted,19950.0,0.0
train/lpips_weighted,20000.0,0.0
train/lpips_weighted,20050.0,0.0
train/lpips_weighted,20100.0,0.0
train/lpips_weighted,20150.0,0.0
train/lpips_weighted,20200.0,0.0
train/lpips_weighted,20250.0,0.0
train/lpips_weighted,20300.0,0.0
train/lpips_weighted,20350.0,0.0
train/lpips_weighted,20400.0,0.0
train/lpips_weighted,20450.0,0.0
train/lpips_weighted,20500.0,0.0
train/lpips_weighted,20550.0,0.0
train/lpips_weighted,20600.0,0.0
train/lpips_weighted,20650.0,0.0
train/lpips_weighted,20700.0,0.0
train/lpips_weighted,20750.0,0.0
train/lpips_weighted,20800.0,0.0
train/lpips_weighted,20850.0,0.0
train/lpips_weighted,20900.0,0.0
train/lpips_weighted,20950.0,0.0
train/lpips_weighted,21000.0,0.0
train/lpips_weighted,21050.0,0.0
train/lpips_weighted,21100.0,0.0
train/lpips_weighted,21150.0,0.0
train/lpips_weighted,21200.0,0.0
train/lpips_weighted,21250.0,0.0
train/lpips_weighted,21300.0,0.0
train/lpips_weighted,21350.0,0.0
train/lpips_weighted,21400.0,0.0
train/lpips_weighted,21450.0,0.0
train/lpips_weighted,21500.0,0.0
train/lpips_weighted,21550.0,0.0
train/lpips_weighted,21600.0,0.0
train/lpips_weighted,21650.0,0.0
train/lpips_weighted,21700.0,0.0
train/lpips_weighted,21750.0,0.0
train/lpips_weighted,21800.0,0.0
train/lpips_weighted,21850.0,0.0
train/lpips_weighted,21900.0,0.0
train/lpips_weighted,21950.0,0.0
train/lpips_weighted,22000.0,0.0
train/lpips_weighted,22050.0,0.0
train/lpips_weighted,22100.0,0.0
train/lpips_weighted,22150.0,0.0
train/lpips_weighted,22200.0,0.0
train/lpips_weighted,22250.0,0.0
train/lpips_weighted,22300.0,0.0
train/lpips_weighted,22350.0,0.0
train/lpips_weighted,22400.0,0.0
train/lpips_weighted,22450.0,0.0
train/lpips_weighted,22500.0,0.0
train/lpips_weighted,22550.0,0.0
train/lpips_weighted,22600.0,0.0
train/lpips_weighted,22650.0,0.0
train/lpips_weighted,22700.0,0.0
train/lpips_weighted,22750.0,0.0
train/lpips_weighted,22800.0,0.0
train/lpips_weighted,22850.0,0.0
train/lpips_weighted,22900.0,0.0
train/lpips_weighted,22950.0,0.0
train/lpips_weighted,23000.0,0.0
train/lpips_weighted,23050.0,0.0
train/lpips_weighted,23100.0,0.0
train/lpips_weighted,23150.0,0.0
train/lpips_weighted,23200.0,0.0
train/lpips_weighted,23250.0,0.0
train/lpips_weighted,23300.0,0.0
train/lpips_weighted,23350.0,0.0
train/lpips_weighted,23400.0,0.0
train/lpips_weighted,23450.0,0.0
train/lpips_weighted,23500.0,0.0
train/lpips_weighted,23550.0,0.0
train/lpips_weighted,23600.0,0.0
train/lpips_weighted,23650.0,0.0
train/lpips_weighted,23700.0,0.0
train/lpips_weighted,23750.0,0.0
train/lpips_weighted,23800.0,0.0
train/lpips_weighted,23850.0,0.0
train/lpips_weighted,23900.0,0.0
train/lpips_weighted,23950.0,0.0
train/lpips_weighted,24000.0,0.0
train/lpips_weighted,24050.0,0.0
train/lpips_weighted,24100.0,0.0
train/lpips_weighted,24150.0,0.0
train/lpips_weighted,24200.0,0.0
train/lpips_weighted,24250.0,0.0
train/lpips_weighted,24300.0,0.0
train/lpips_weighted,24350.0,0.0
train/lpips_weighted,24400.0,0.0
train/lpips_weighted,24450.0,0.0
train/lpips_weighted,24500.0,0.0
train/lpips_weighted,24550.0,0.0
train/lpips_weighted,24600.0,0.0
train/lpips_weighted,24650.0,0.0
train/lpips_weighted,24700.0,0.0
train/lpips_weighted,24750.0,0.0
train/lpips_weighted,24800.0,0.0
train/lpips_weighted,24850.0,0.0
train/lpips_weighted,24900.0,0.0
train/lpips_weighted,24950.0,0.0
train/lpips_weighted,25000.0,0.0
train/lpips_weighted,25050.0,0.0
train/lpips_weighted,25100.0,0.0
train/lpips_weighted,25150.0,0.0
train/lpips_weighted,25200.0,0.0
train/lpips_weighted,25250.0,0.0
train/lpips_weighted,25300.0,0.0
train/lpips_weighted,25350.0,0.0
train/lpips_weighted,25400.0,0.0
train/lpips_weighted,25450.0,0.0
train/lpips_weighted,25500.0,0.0
train/lpips_weighted,25550.0,0.0
train/lpips_weighted,25600.0,0.0
train/lpips_weighted,25650.0,0.0
train/lpips_weighted,25700.0,0.0
train/lpips_weighted,25750.0,0.0
train/lpips_weighted,25800.0,0.0
train/lpips_weighted,25850.0,0.0
train/lpips_weighted,25900.0,0.0
train/lpips_weighted,25950.0,0.0
train/lpips_weighted,26000.0,0.0
train/lpips_weighted,26050.0,0.0
train/lpips_weighted,26100.0,0.0
train/lpips_weighted,26150.0,0.0
train/lpips_weighted,26200.0,0.0
train/lpips_weighted,26250.0,0.0
train/lpips_weighted,26300.0,0.0
train/lpips_weighted,26350.0,0.0
train/lpips_weighted,26400.0,0.0
train/lpips_weighted,26450.0,0.0
train/lpips_weighted,26500.0,0.0
train/lpips_weighted,26550.0,0.0
train/lpips_weighted,26600.0,0.0
train/lpips_weighted,26650.0,0.0
train/lpips_weighted,26700.0,0.0
train/lpips_weighted,26750.0,0.0
train/lpips_weighted,26800.0,0.0
train/lpips_weighted,26850.0,0.0
train/lpips_weighted,26900.0,0.0
train/lpips_weighted,26950.0,0.0
train/lpips_weighted,27000.0,0.0
train/lpips_weighted,27050.0,0.0
train/lpips_weighted,27100.0,0.0
train/lpips_weighted,27150.0,0.0
train/lpips_weighted,27200.0,0.0
train/lpips_weighted,27250.0,0.0
train/lpips_weighted,27300.0,0.0
train/lpips_weighted,27350.0,0.0
train/lpips_weighted,27400.0,0.0
train/lpips_weighted,27450.0,0.0
train/lpips_weighted,27500.0,0.0
train/lpips_weighted,27550.0,0.0
train/lpips_weighted,27600.0,0.0
train/lpips_weighted,27650.0,0.0
train/lpips_weighted,27700.0,0.0
train/lpips_weighted,27750.0,0.0
train/lpips_weighted,27800.0,0.0
train/lpips_weighted,27850.0,0.0
train/lpips_weighted,27900.0,0.0
train/lpips_weighted,27950.0,0.0
train/lpips_weighted,28000.0,0.0
train/lpips_weighted,28050.0,0.0
train/lpips_weighted,28100.0,0.0
train/lpips_weighted,28150.0,0.0
train/lpips_weighted,28200.0,0.0
train/lpips_weighted,28250.0,0.0
train/lpips_weighted,28300.0,0.0
train/lpips_weighted,28350.0,0.0
train/lpips_weighted,28400.0,0.0
train/lpips_weighted,28450.0,0.0
train/lpips_weighted,28500.0,0.0
train/lpips_weighted,28550.0,0.0
train/lpips_weighted,28600.0,0.0
train/lpips_weighted,28650.0,0.0
train/lpips_weighted,28700.0,0.0
train/lpips_weighted,28750.0,0.0
train/lpips_weighted,28800.0,0.0
train/lpips_weighted,28850.0,0.0
train/lpips_weighted,28900.0,0.0
train/lpips_weighted,28950.0,0.0
train/lpips_weighted,29000.0,0.0
train/lpips_weighted,29050.0,0.0
train/lpips_weighted,29100.0,0.0
train/lpips_weighted,29150.0,0.0
train/lpips_weighted,29200.0,0.0
train/lpips_weighted,29250.0,0.0
train/lpips_weighted,29300.0,0.0
train/lpips_weighted,29350.0,0.0
train/lpips_weighted,29400.0,0.0
train/lpips_weighted,29450.0,0.0
train/lpips_weighted,29500.0,0.0
train/lpips_weighted,29550.0,0.0
train/lpips_weighted,29600.0,0.0
train/lpips_weighted,29650.0,0.0
train/lpips_weighted,29700.0,0.0
train/lpips_weighted,29750.0,0.0
train/lpips_weighted,29800.0,0.0
train/lpips_weighted,29850.0,0.0
train/lpips_weighted,29900.0,0.0
train/lpips_weighted,29950.0,0.0
train/lpips_weighted,30000.0,0.0
train/lpips_weighted,30050.0,0.0
train/lpips_weighted,30100.0,0.0
train/lpips_weighted,30150.0,0.0
train/lpips_weighted,30200.0,0.0
train/lpips_weighted,30250.0,0.0
train/lpips_weighted,30300.0,0.0
train/lpips_weighted,30350.0,0.0
train/lpips_weighted,30400.0,0.0
train/lpips_weighted,30450.0,0.0
train/lpips_weighted,30500.0,0.0
train/lpips_weighted,30550.0,0.0
train/lpips_weighted,30600.0,0.0
train/lpips_weighted,30650.0,0.0
train/lpips_weighted,30700.0,0.0
train/lpips_weighted,30750.0,0.0
train/lpips_weighted,30800.0,0.0
train/lpips_weighted,30850.0,0.0
train/lpips_weighted,30900.0,0.0
train/lpips_weighted,30950.0,0.0
train/lpips_weighted,31000.0,0.0
train/lpips_weighted,31050.0,0.0
train/lpips_weighted,31100.0,0.0
train/lpips_weighted,31150.0,0.0
train/lpips_weighted,31200.0,0.0
train/lpips_weighted,31250.0,0.0
train/lpips_weighted,31300.0,0.0
train/lpips_weighted,31350.0,0.0
train/lpips_weighted,31400.0,0.0
train/lpips_weighted,31450.0,0.0
train/lpips_weighted,31500.0,0.0
train/lpips_weighted,31550.0,0.0
train/lpips_weighted,31600.0,0.0
train/lpips_weighted,31650.0,0.0
train/lpips_weighted,31700.0,0.0
train/lpips_weighted,31750.0,0.0
train/lpips_weighted,31800.0,0.0
train/lpips_weighted,31850.0,0.0
train/lpips_weighted,31900.0,0.0
train/lpips_weighted,31950.0,0.0
train/lpips_weighted,32000.0,0.0
train/lpips_weighted,32050.0,0.0
train/lpips_weighted,32100.0,0.0
train/lpips_weighted,32150.0,0.0
train/lpips_weighted,32200.0,0.0
train/lpips_weighted,32250.0,0.0
train/lpips_weighted,32300.0,0.0
train/lpips_weighted,32350.0,0.0
train/lpips_weighted,32400.0,0.0
train/lpips_weighted,32450.0,0.0
train/lpips_weighted,32500.0,0.0
train/lpips_weighted,32550.0,0.0
train/lpips_weighted,32600.0,0.0
train/lpips_weighted,32650.0,0.0
train/lpips_weighted,32700.0,0.0
train/lpips_weighted,32750.0,0.0
train/lpips_weighted,32800.0,0.0
train/lpips_weighted,32850.0,0.0
train/lpips_weighted,32900.0,0.0
train/lpips_weighted,32950.0,0.0
train/lpips_weighted,33000.0,0.0
train/lpips_weighted,33050.0,0.0
train/lpips_weighted,33100.0,0.0
train/lpips_weighted,33150.0,0.0
train/lpips_weighted,33200.0,0.0
train/lpips_weighted,33250.0,0.0
train/lpips_weighted,33300.0,0.0
train/lpips_weighted,33350.0,0.0
train/lpips_weighted,33400.0,0.0
train/lpips_weighted,33450.0,0.0
train/lpips_weighted,33500.0,0.0
train/lpips_weighted,33550.0,0.0
train/lpips_weighted,33600.0,0.0
train/lpips_weighted,33650.0,0.0
train/lpips_weighted,33700.0,0.0
train/lpips_weighted,33750.0,0.0
train/lpips_weighted,33800.0,0.0
train/lpips_weighted,33850.0,0.0
train/lpips_weighted,33900.0,0.0
train/lpips_weighted,33950.0,0.0
train/lpips_weighted,34000.0,0.0
train/lpips_weighted,34050.0,0.0
train/lpips_weighted,34100.0,0.0
train/lpips_weighted,34150.0,0.0
train/lpips_weighted,34200.0,0.0
train/lpips_weighted,34250.0,0.0
train/lpips_weighted,34300.0,0.0
train/lpips_weighted,34350.0,0.0
train/lpips_weighted,34400.0,0.0
train/lpips_weighted,34450.0,0.0
train/lpips_weighted,34500.0,0.0
train/lpips_weighted,34550.0,0.0
train/lpips_weighted,34600.0,0.0
train/lpips_weighted,34650.0,0.0
train/lpips_weighted,34700.0,0.0
train/lpips_weighted,34750.0,0.0
train/lpips_weighted,34800.0,0.0
train/lpips_weighted,34850.0,0.0
train/lpips_weighted,34900.0,0.0
train/lpips_weighted,34950.0,0.0
train/lpips_weighted,35000.0,0.0
train/lpips_weighted,35050.0,0.0
train/lpips_weighted,35100.0,0.0
train/lpips_weighted,35150.0,0.0
train/lpips_weighted,35200.0,0.0
train/lpips_weighted,35250.0,0.0
train/lpips_weighted,35300.0,0.0
train/lpips_weighted,35350.0,0.0
train/lpips_weighted,35400.0,0.0
train/lpips_weighted,35450.0,0.0
train/lpips_weighted,35500.0,0.0
train/lpips_weighted,35550.0,0.0
train/lpips_weighted,35600.0,0.0
train/lpips_weighted,35650.0,0.0
train/lpips_weighted,35700.0,0.0
train/lpips_weighted,35750.0,0.0
train/lpips_weighted,35800.0,0.0
train/lpips_weighted,35850.0,0.0
train/lpips_weighted,35900.0,0.0
train/lpips_weighted,35950.0,0.0
train/lpips_weighted,36000.0,0.0
train/lpips_weighted,36050.0,0.0
train/lpips_weighted,36100.0,0.0
train/lpips_weighted,36150.0,0.0
train/lpips_weighted,36200.0,0.0
train/lpips_weighted,36250.0,0.0
train/lpips_weighted,36300.0,0.0
train/lpips_weighted,36350.0,0.0
train/lpips_weighted,36400.0,0.0
train/lpips_weighted,36450.0,0.0
train/lpips_weighted,36500.0,0.0
train/lpips_weighted,36550.0,0.0
train/lpips_weighted,36600.0,0.0
train/lpips_weighted,36650.0,0.0
train/lpips_weighted,36700.0,0.0
train/lpips_weighted,36750.0,0.0
train/lpips_weighted,36800.0,0.0
train/lpips_weighted,36850.0,0.0
train/lpips_weighted,36900.0,0.0
train/lpips_weighted,36950.0,0.0
train/lpips_weighted,37000.0,0.0
train/lpips_weighted,37050.0,0.0
train/lpips_weighted,37100.0,0.0
train/lpips_weighted,37150.0,0.0
train/lpips_weighted,37200.0,0.0
train/lpips_weighted,37250.0,0.0
train/lpips_weighted,37300.0,0.0
train/lpips_weighted,37350.0,0.0
train/lpips_weighted,37400.0,0.0
train/lpips_weighted,37450.0,0.0
train/lpips_weighted,37500.0,0.0
train/lpips_weighted,37550.0,0.0
train/lpips_weighted,37600.0,0.0
train/lpips_weighted,37650.0,0.0
train/lpips_weighted,37700.0,0.0
train/lpips_weighted,37750.0,0.0
train/lpips_weighted,37800.0,0.0
train/lpips_weighted,37850.0,0.0
train/lpips_weighted,37900.0,0.0
train/lpips_weighted,37950.0,0.0
train/lpips_weighted,38000.0,0.0
train/lpips_weighted,38050.0,0.0
train/lpips_weighted,38100.0,0.0
train/lpips_weighted,38150.0,0.0
train/lpips_weighted,38200.0,0.0
train/lpips_weighted,38250.0,0.0
train/lpips_weighted,38300.0,0.0
train/lpips_weighted,38350.0,0.0
train/lpips_weighted,38400.0,0.0
train/lpips_weighted,38450.0,0.0
train/lpips_weighted,38500.0,0.0
train/lpips_weighted,38550.0,0.0
train/lpips_weighted,38600.0,0.0
train/lpips_weighted,38650.0,0.0
train/lpips_weighted,38700.0,0.0
train/lpips_weighted,38750.0,0.0
train/lpips_weighted,38800.0,0.0
train/lpips_weighted,38850.0,0.0
train/lpips_weighted,38900.0,0.0
train/lpips_weighted,38950.0,0.0
train/lpips_weighted,39000.0,0.0
train/lpips_weighted,39050.0,0.0
train/lpips_weighted,39100.0,0.0
train/lpips_weighted,39150.0,0.0
train/lpips_weighted,39200.0,0.0
train/lpips_weighted,39250.0,0.0
train/lpips_weighted,39300.0,0.0
train/lpips_weighted,39350.0,0.0
train/lpips_weighted,39400.0,0.0
train/lpips_weighted,39450.0,0.0
train/lpips_weighted,39500.0,0.0
train/lpips_weighted,39550.0,0.0
train/lpips_weighted,39600.0,0.0
train/lpips_weighted,39650.0,0.0
train/lpips_weighted,39700.0,0.0
train/lpips_weighted,39750.0,0.0
train/lpips_weighted,39800.0,0.0
train/lpips_weighted,39850.0,0.0
train/lpips_weighted,39900.0,0.0
train/lpips_weighted,39950.0,0.0
train/lpips_weighted,40000.0,0.0
train/lpips_weighted,40050.0,0.0
train/lpips_weighted,40100.0,0.0
train/lpips_weighted,40150.0,0.0
train/lpips_weighted,40200.0,0.0
train/lpips_weighted,40250.0,0.0
train/lpips_weighted,40300.0,0.0
train/lpips_weighted,40350.0,0.0
train/lpips_weighted,40400.0,0.0
train/lpips_weighted,40450.0,0.0
train/lpips_weighted,40500.0,0.0
train/lpips_weighted,40550.0,0.0
train/lpips_weighted,40600.0,0.0
train/lpips_weighted,40650.0,0.0
train/lpips_weighted,40700.0,0.0
train/lpips_weighted,40750.0,0.0
train/lpips_weighted,40800.0,0.0
train/lpips_weighted,40850.0,0.0
train/lpips_weighted,40900.0,0.0
train/lpips_weighted,40950.0,0.0
train/lpips_weighted,41000.0,0.0
train/lpips_weighted,41050.0,0.0
train/lpips_weighted,41100.0,0.0
train/lpips_weighted,41150.0,0.0
train/lpips_weighted,41200.0,0.0
train/lpips_weighted,41250.0,0.0
train/lpips_weighted,41300.0,0.0
train/lpips_weighted,41350.0,0.0
train/lpips_weighted,41400.0,0.0
train/lpips_weighted,41450.0,0.0
train/lpips_weighted,41500.0,0.0
train/lpips_weighted,41550.0,0.0
train/lpips_weighted,41600.0,0.0
train/lpips_weighted,41650.0,0.0
train/lpips_weighted,41700.0,0.0
train/lpips_weighted,41750.0,0.0
train/lpips_weighted,41800.0,0.0
train/lpips_weighted,41850.0,0.0
train/lpips_weighted,41900.0,0.0
train/lpips_weighted,41950.0,0.0
train/lpips_weighted,42000.0,0.0
train/lpips_weighted,42050.0,0.0
train/lpips_weighted,42100.0,0.0
train/lpips_weighted,42150.0,0.0
train/lpips_weighted,42200.0,0.0
train/lpips_weighted,42250.0,0.0
train/lpips_weighted,42300.0,0.0
train/lpips_weighted,42350.0,0.0
train/lpips_weighted,42400.0,0.0
train/lpips_weighted,42450.0,0.0
train/lpips_weighted,42500.0,0.0
train/lpips_weighted,42550.0,0.0
train/lpips_weighted,42600.0,0.0
train/lpips_weighted,42650.0,0.0
train/lpips_weighted,42700.0,0.0
train/lpips_weighted,42750.0,0.0
train/lpips_weighted,42800.0,0.0
train/lpips_weighted,42850.0,0.0
train/lpips_weighted,42900.0,0.0
train/lpips_weighted,42950.0,0.0
train/lpips_weighted,43000.0,0.0
train/lpips_weighted,43050.0,0.0
train/lpips_weighted,43100.0,0.0
train/lpips_weighted,43150.0,0.0
train/lpips_weighted,43200.0,0.0
train/lpips_weighted,43250.0,0.0
train/lpips_weighted,43300.0,0.0
train/lpips_weighted,43350.0,0.0
train/lpips_weighted,43400.0,0.0
train/lpips_weighted,43450.0,0.0
train/lpips_weighted,43500.0,0.0
train/lpips_weighted,43550.0,0.0
train/lpips_weighted,43600.0,0.0
train/lpips_weighted,43650.0,0.0
train/lpips_weighted,43700.0,0.0
train/lpips_weighted,43750.0,0.0
train/lpips_weighted,43800.0,0.0
train/lpips_weighted,43850.0,0.0
train/lpips_weighted,43900.0,0.0
train/lpips_weighted,43950.0,0.0
train/lpips_weighted,44000.0,0.0
train/lpips_weighted,44050.0,0.0
train/lpips_weighted,44100.0,0.0
train/lpips_weighted,44150.0,0.0
train/lpips_weighted,44200.0,0.0
train/lpips_weighted,44250.0,0.0
train/lpips_weighted,44300.0,0.0
train/lpips_weighted,44350.0,0.0
train/lpips_weighted,44400.0,0.0
train/lpips_weighted,44450.0,0.0
train/lpips_weighted,44500.0,0.0
train/lpips_weighted,44550.0,0.0
train/lpips_weighted,44600.0,0.0
train/lpips_weighted,44650.0,0.0
train/lpips_weighted,44700.0,0.0
train/lpips_weighted,44750.0,0.0
train/lpips_weighted,44800.0,0.0
train/lpips_weighted,44850.0,0.0
train/lpips_weighted,44900.0,0.0
train/lpips_weighted,44950.0,0.0
train/lpips_weighted,45000.0,0.0
train/lpips_weighted,45050.0,0.0
train/lpips_weighted,45100.0,0.0
train/lpips_weighted,45150.0,0.0
train/lpips_weighted,45200.0,0.0
train/lpips_weighted,45250.0,0.0
train/lpips_weighted,45300.0,0.0
train/lpips_weighted,45350.0,0.0
train/lpips_weighted,45400.0,0.0
train/lpips_weighted,45450.0,0.0
train/lpips_weighted,45500.0,0.0
train/lpips_weighted,45550.0,0.0
train/lpips_weighted,45600.0,0.0
train/lpips_weighted,45650.0,0.0
train/lpips_weighted,45700.0,0.0
train/lpips_weighted,45750.0,0.0
train/lpips_weighted,45800.0,0.0
train/lpips_weighted,45850.0,0.0
train/lpips_weighted,45900.0,0.0
train/lpips_weighted,45950.0,0.0
train/lpips_weighted,46000.0,0.0
train/lpips_weighted,46050.0,0.0
train/lpips_weighted,46100.0,0.0
train/lpips_weighted,46150.0,0.0
train/lpips_weighted,46200.0,0.0
train/lpips_weighted,46250.0,0.0
train/lpips_weighted,46300.0,0.0
train/lpips_weighted,46350.0,0.0
train/lpips_weighted,46400.0,0.0
train/lpips_weighted,46450.0,0.0
train/lpips_weighted,46500.0,0.0
train/lpips_weighted,46550.0,0.0
train/lpips_weighted,46600.0,0.0
train/lpips_weighted,46650.0,0.0
train/lpips_weighted,46700.0,0.0
train/lpips_weighted,46750.0,0.0
train/lpips_weighted,46800.0,0.0
train/lpips_weighted,46850.0,0.0
train/lpips_weighted,46900.0,0.0
train/lpips_weighted,46950.0,0.0
train/lpips_weighted,47000.0,0.0
train/lpips_weighted,47050.0,0.0
train/lpips_weighted,47100.0,0.0
train/lpips_weighted,47150.0,0.0
train/lpips_weighted,47200.0,0.0
train/lpips_weighted,47250.0,0.0
train/lpips_weighted,47300.0,0.0
train/lpips_weighted,47350.0,0.0
train/lpips_weighted,47400.0,0.0
train/lpips_weighted,47450.0,0.0
train/lpips_weighted,47500.0,0.0
train/lpips_weighted,47550.0,0.0
train/lpips_weighted,47600.0,0.0
train/lpips_weighted,47650.0,0.0
train/lpips_weighted,47700.0,0.0
train/lpips_weighted,47750.0,0.0
train/lpips_weighted,47800.0,0.0
train/lpips_weighted,47850.0,0.0
train/lpips_weighted,47900.0,0.0
train/lpips_weighted,47950.0,0.0
train/lpips_weighted,48000.0,0.0
train/lpips_weighted,48050.0,0.0
train/lpips_weighted,48100.0,0.0
train/lpips_weighted,48150.0,0.0
train/lpips_weighted,48200.0,0.0
train/lpips_weighted,48250.0,0.0
train/lpips_weighted,48300.0,0.0
train/lpips_weighted,48350.0,0.0
train/lpips_weighted,48400.0,0.0
train/lpips_weighted,48450.0,0.0
train/lpips_weighted,48500.0,0.0
train/lpips_weighted,48550.0,0.0
train/lpips_weighted,48600.0,0.0
train/lpips_weighted,48650.0,0.0
train/lpips_weighted,48700.0,0.0
train/lpips_weighted,48750.0,0.0
train/lpips_weighted,48800.0,0.0
train/lpips_weighted,48850.0,0.0
train/lpips_weighted,48900.0,0.0
train/lpips_weighted,48950.0,0.0
train/lpips_weighted,49000.0,0.0
train/lpips_weighted,49050.0,0.0
train/lpips_weighted,49100.0,0.0
train/lpips_weighted,49150.0,0.0
train/lpips_weighted,49200.0,0.0
train/lpips_weighted,49250.0,0.0
train/lpips_weighted,49300.0,0.0
train/lpips_weighted,49350.0,0.0
train/lpips_weighted,49400.0,0.0
train/lpips_weighted,49450.0,0.0
train/lpips_weighted,49500.0,0.0
train/lpips_weighted,49550.0,0.0
train/lpips_weighted,49600.0,0.0
train/lpips_weighted,49650.0,0.0
train/lpips_weighted,49700.0,0.0
train/lpips_weighted,49750.0,0.0
train/lpips_weighted,49800.0,0.0
train/lpips_weighted,49850.0,0.0
train/lpips_weighted,49900.0,0.0
train/lpips_weighted,49950.0,0.0
train/lpips_weighted,50000.0,0.0
train/lpips_weighted,50050.0,0.0
train/lpips_weighted,50100.0,0.0
train/lpips_weighted,50150.0,0.0
train/lpips_weighted,50200.0,0.0
train/lpips_weighted,50250.0,0.0
train/lpips_weighted,50300.0,0.0
train/lpips_weighted,50350.0,0.0
train/lpips_weighted,50400.0,0.0
train/lpips_weighted,50450.0,0.0
train/lpips_weighted,50500.0,0.0
train/lpips_weighted,50550.0,0.0
train/lpips_weighted,50600.0,0.0
train/lpips_weighted,50650.0,0.0
train/lpips_weighted,50700.0,0.0
train/lpips_weighted,50750.0,0.0
train/lpips_weighted,50800.0,0.0
train/lpips_weighted,50850.0,0.0
train/lpips_weighted,50900.0,0.0
train/lpips_weighted,50950.0,0.0
train/lpips_weighted,51000.0,0.0
train/lpips_weighted,51050.0,0.0
train/lpips_weighted,51100.0,0.0
train/lpips_weighted,51150.0,0.0
train/lpips_weighted,51200.0,0.0
train/lpips_weighted,51250.0,0.0
train/lpips_weighted,51300.0,0.0
train/lpips_weighted,51350.0,0.0
train/lpips_weighted,51400.0,0.0
train/lpips_weighted,51450.0,0.0
train/lpips_weighted,51500.0,0.0
train/lpips_weighted,51550.0,0.0
train/lpips_weighted,51600.0,0.0
train/lpips_weighted,51650.0,0.0
train/lpips_weighted,51700.0,0.0
train/lpips_weighted,51750.0,0.0
train/lpips_weighted,51800.0,0.0
train/lpips_weighted,51850.0,0.0
train/lpips_weighted,51900.0,0.0
train/lpips_weighted,51950.0,0.0
train/lpips_weighted,52000.0,0.0
train/lpips_weighted,52050.0,0.0
train/lpips_weighted,52100.0,0.0
train/lpips_weighted,52150.0,0.0
train/lpips_weighted,52200.0,0.0
train/lpips_weighted,52250.0,0.0
train/lpips_weighted,52300.0,0.0
train/lpips_weighted,52350.0,0.0
train/lpips_weighted,52400.0,0.0
train/lpips_weighted,52450.0,0.0
train/lpips_weighted,52500.0,0.0
train/lpips_weighted,52550.0,0.0
train/lpips_weighted,52600.0,0.0
train/lpips_weighted,52650.0,0.0
train/lpips_weighted,52700.0,0.0
train/lpips_weighted,52750.0,0.0
train/lpips_weighted,52800.0,0.0
train/lpips_weighted,52850.0,0.0
train/lpips_weighted,52900.0,0.0
train/lpips_weighted,52950.0,0.0
train/lpips_weighted,53000.0,0.0
train/lpips_weighted,53050.0,0.0
train/lpips_weighted,53100.0,0.0
train/lpips_weighted,53150.0,0.0
train/lpips_weighted,53200.0,0.0
train/lpips_weighted,53250.0,0.0
train/lpips_weighted,53300.0,0.0
train/lpips_weighted,53350.0,0.0
train/lpips_weighted,53400.0,0.0
train/lpips_weighted,53450.0,0.0
train/lpips_weighted,53500.0,0.0
train/lpips_weighted,53550.0,0.0
train/lpips_weighted,53600.0,0.0
train/lpips_weighted,53650.0,0.0
train/lpips_weighted,53700.0,0.0
train/lpips_weighted,53750.0,0.0
train/lpips_weighted,53800.0,0.0
train/lpips_weighted,53850.0,0.0
train/lpips_weighted,53900.0,0.0
train/lpips_weighted,53950.0,0.0
train/lpips_weighted,54000.0,0.0
train/lpips_weighted,54050.0,0.0
train/lpips_weighted,54100.0,0.0
train/lpips_weighted,54150.0,0.0
train/lpips_weighted,54200.0,0.0
train/lpips_weighted,54250.0,0.0
train/lpips_weighted,54300.0,0.0
train/lpips_weighted,54350.0,0.0
train/lpips_weighted,54400.0,0.0
train/lpips_weighted,54450.0,0.0
train/lpips_weighted,54500.0,0.0
train/lpips_weighted,54550.0,0.0
train/lpips_weighted,54600.0,0.0
train/lpips_weighted,54650.0,0.0
train/lpips_weighted,54700.0,0.0
train/lpips_weighted,54750.0,0.0
train/lpips_weighted,54800.0,0.0
train/lpips_weighted,54850.0,0.0
train/lpips_weighted,54900.0,0.0
train/lpips_weighted,54950.0,0.0
train/lpips_weighted,55000.0,0.0
train/lpips_weighted,55050.0,0.0
train/lpips_weighted,55100.0,0.0
train/lpips_weighted,55150.0,0.0
train/lpips_weighted,55200.0,0.0
train/lpips_weighted,55250.0,0.0
train/lpips_weighted,55300.0,0.0
train/lpips_weighted,55350.0,0.0
train/lpips_weighted,55400.0,0.0
train/lpips_weighted,55450.0,0.0
train/lpips_weighted,55500.0,0.0
train/lpips_weighted,55550.0,0.0
train/lpips_weighted,55600.0,0.0
train/lpips_weighted,55650.0,0.0
train/lpips_weighted,55700.0,0.0
train/lpips_weighted,55750.0,0.0
train/lpips_weighted,55800.0,0.0
train/lpips_weighted,55850.0,0.0
train/lpips_weighted,55900.0,0.0
train/lpips_weighted,55950.0,0.0
train/lpips_weighted,56000.0,0.0
train/lpips_weighted,56050.0,0.0
train/lpips_weighted,56100.0,0.0
train/lpips_weighted,56150.0,0.0
train/lpips_weighted,56200.0,0.0
train/lpips_weighted,56250.0,0.0
train/lpips_weighted,56300.0,0.0
train/lpips_weighted,56350.0,0.0
train/lpips_weighted,56400.0,0.0
train/lpips_weighted,56450.0,0.0
train/lpips_weighted,56500.0,0.0
train/lpips_weighted,56550.0,0.0
train/lpips_weighted,56600.0,0.0
train/lpips_weighted,56650.0,0.0
train/lpips_weighted,56700.0,0.0
train/lpips_weighted,56750.0,0.0
train/lpips_weighted,56800.0,0.0
train/lpips_weighted,56850.0,0.0
train/lpips_weighted,56900.0,0.0
train/lpips_weighted,56950.0,0.0
train/lpips_weighted,57000.0,0.0
train/lpips_weighted,57050.0,0.0
train/lpips_weighted,57100.0,0.0
train/lpips_weighted,57150.0,0.0
train/lpips_weighted,57200.0,0.0
train/lpips_weighted,57250.0,0.0
train/lpips_weighted,57300.0,0.0
train/lpips_weighted,57350.0,0.0
train/lpips_weighted,57400.0,0.0
train/lpips_weighted,57450.0,0.0
train/lpips_weighted,57500.0,0.0
train/lpips_weighted,57550.0,0.0
train/lpips_weighted,57600.0,0.0
train/lpips_weighted,57650.0,0.0
train/lpips_weighted,57700.0,0.0
train/lpips_weighted,57750.0,0.0
train/lpips_weighted,57800.0,0.0
train/lpips_weighted,57850.0,0.0
train/lpips_weighted,57900.0,0.0
train/lpips_weighted,57950.0,0.0
train/lpips_weighted,58000.0,0.0
train/lpips_weighted,58050.0,0.0
train/lpips_weighted,58100.0,0.0
train/lpips_weighted,58150.0,0.0
train/lpips_weighted,58200.0,0.0
train/lpips_weighted,58250.0,0.0
train/lpips_weighted,58300.0,0.0
train/lpips_weighted,58350.0,0.0
train/lpips_weighted,58400.0,0.0
train/lpips_weighted,58450.0,0.0
train/lpips_weighted,58500.0,0.0
train/lpips_weighted,58550.0,0.0
train/lpips_weighted,58600.0,0.0
train/lpips_weighted,58650.0,0.0
train/lpips_weighted,58700.0,0.0
train/lpips_weighted,58750.0,0.0
train/lpips_weighted,58800.0,0.0
train/lpips_weighted,58850.0,0.0
train/lpips_weighted,58900.0,0.0
train/lpips_weighted,58950.0,0.0
train/lpips_weighted,59000.0,0.0
train/lpips_weighted,59050.0,0.0
train/lpips_weighted,59100.0,0.0
train/lpips_weighted,59150.0,0.0
train/lpips_weighted,59200.0,0.0
train/lpips_weighted,59250.0,0.0
train/lpips_weighted,59300.0,0.0
train/lpips_weighted,59350.0,0.0
train/lpips_weighted,59400.0,0.0
train/lpips_weighted,59450.0,0.0
train/lpips_weighted,59500.0,0.0
train/lpips_weighted,59550.0,0.0
train/lpips_weighted,59600.0,0.0
train/lpips_weighted,59650.0,0.0
train/lpips_weighted,59700.0,0.0
train/lpips_weighted,59750.0,0.0
train/lpips_weighted,59800.0,0.0
train/lpips_weighted,59850.0,0.0
train/lpips_weighted,59900.0,0.0
train/lpips_weighted,59950.0,0.0
train/lpips_weighted,60000.0,0.0
train/lpips_weighted,60050.0,0.01776156760752201
train/lpips_weighted,60100.0,0.015171564184129238
train/lpips_weighted,60150.0,0.013705674558877945
train/lpips_weighted,60200.0,0.012882017530500889
train/lpips_weighted,60250.0,0.011486916802823544
train/lpips_weighted,60300.0,0.015609053894877434
train/lpips_weighted,60350.0,0.011667273007333279
train/lpips_weighted,60400.0,0.011733599938452244
train/lpips_weighted,60450.0,0.012180614285171032
train/lpips_weighted,60500.0,0.011222248896956444
train/lpips_weighted,60550.0,0.012348553165793419
train/lpips_weighted,60600.0,0.011497263796627522
train/lpips_weighted,60650.0,0.01068015769124031
train/lpips_weighted,60700.0,0.011572357267141342
train/lpips_weighted,60750.0,0.010426952503621578
train/lpips_weighted,60800.0,0.010336274281144142
train/lpips_weighted,60850.0,0.01064599584788084
train/lpips_weighted,60900.0,0.011367380619049072
train/lpips_weighted,60950.0,0.01090604905039072
train/lpips_weighted,61000.0,0.009587503038346767
train/lpips_weighted,61050.0,0.010106239467859268
train/lpips_weighted,61100.0,0.011488230898976326
train/lpips_weighted,61150.0,0.011196005158126354
train/lpips_weighted,61200.0,0.011447959579527378
train/lpips_weighted,61250.0,0.011794771999120712
train/lpips_weighted,61300.0,0.011101514101028442
train/lpips_weighted,61350.0,0.011535873636603355
train/lpips_weighted,61400.0,0.011369675397872925
train/lpips_weighted,61450.0,0.011465327814221382
train/lpips_weighted,61500.0,0.011194266378879547
train/lpips_weighted,61550.0,0.012256484478712082
train/lpips_weighted,61600.0,0.011251730844378471
train/lpips_weighted,61650.0,0.010356558486819267
train/lpips_weighted,61700.0,0.01180317159742117
train/lpips_weighted,61750.0,0.010031269863247871
train/lpips_weighted,61800.0,0.013201795518398285
train/lpips_weighted,61850.0,0.010949594900012016
train/lpips_weighted,61900.0,0.010423960164189339
train/lpips_weighted,61950.0,0.011195764876902103
train/lpips_weighted,62000.0,0.011589610017836094
train/lpips_weighted,62050.0,0.01140974834561348
train/lpips_weighted,62100.0,0.010875984095036983
train/lpips_weighted,62150.0,0.010221922770142555
train/lpips_weighted,62200.0,0.011008833535015583
train/lpips_weighted,62250.0,0.01099126785993576
train/lpips_weighted,62300.0,0.010786650702357292
train/lpips_weighted,62350.0,0.010824374854564667
train/lpips_weighted,62400.0,0.011866938322782516
train/lpips_weighted,62450.0,0.010609603486955166
train/lpips_weighted,62500.0,0.010802307166159153
train/lpips_weighted,62550.0,0.011013489216566086
train/lpips_weighted,62600.0,0.010488488711416721
train/lpips_weighted,62650.0,0.012224702164530754
train/lpips_weighted,62700.0,0.011022472754120827
train/lpips_weighted,62750.0,0.011097906157374382
train/lpips_weighted,62800.0,0.010793893598020077
train/lpips_weighted,62850.0,0.010860640555620193
train/lpips_weighted,62900.0,0.01050941925495863
train/lpips_weighted,62950.0,0.01267063058912754
train/lpips_weighted,63000.0,0.010920053347945213
train/lpips_weighted,63050.0,0.010704679414629936
train/lpips_weighted,63100.0,0.011075609363615513
train/lpips_weighted,63150.0,0.010830498300492764
train/lpips_weighted,63200.0,0.010653306730091572
train/lpips_weighted,63250.0,0.011720332317054272
train/lpips_weighted,63300.0,0.010184205137193203
train/lpips_weighted,63350.0,0.01030157133936882
train/lpips_weighted,63400.0,0.010682622902095318
train/lpips_weighted,63450.0,0.011172335594892502
train/lpips_weighted,63500.0,0.011173209175467491
train/lpips_weighted,63550.0,0.010511809028685093
train/lpips_weighted,63600.0,0.010575762018561363
train/lpips_weighted,63650.0,0.01086285337805748
train/lpips_weighted,63700.0,0.01096179336309433
train/lpips_weighted,63750.0,0.010787997394800186
train/lpips_weighted,63800.0,0.01091241929680109
train/lpips_weighted,63850.0,0.011350385844707489
train/lpips_weighted,63900.0,0.009343053214251995
train/lpips_weighted,63950.0,0.01067037507891655
train/lpips_weighted,64000.0,0.01064672414213419
train/lpips_weighted,64050.0,0.010207702405750751
train/lpips_weighted,64100.0,0.011339159682393074
train/lpips_weighted,64150.0,0.010219944640994072
train/lpips_weighted,64200.0,0.010830918326973915
train/lpips_weighted,64250.0,0.011810027062892914
train/lpips_weighted,64300.0,0.010467509739100933
train/lpips_weighted,64350.0,0.011182996444404125
train/lpips_weighted,64400.0,0.01190699078142643
train/lpips_weighted,64450.0,0.010326575487852097
train/lpips_weighted,64500.0,0.010745372623205185
train/lpips_weighted,64550.0,0.011012174189090729
train/lpips_weighted,64600.0,0.010390208102762699
train/lpips_weighted,64650.0,0.01105993427336216
train/lpips_weighted,64700.0,0.01126315537840128
train/lpips_weighted,64750.0,0.011159234680235386
train/lpips_weighted,64800.0,0.010900294408202171
train/lpips_weighted,64850.0,0.010085757821798325
train/lpips_weighted,64900.0,0.010852857492864132
train/lpips_weighted,64950.0,0.010518290102481842
train/lpips_weighted,65000.0,0.011060548946261406
train/lpips_weighted,65050.0,0.011353125795722008
train/lpips_weighted,65100.0,0.010129612870514393
train/lpips_weighted,65150.0,0.011647235602140427
train/lpips_weighted,65200.0,0.010377205908298492
train/lpips_weighted,65250.0,0.01075212936848402
train/lpips_weighted,65300.0,0.011037495918571949
train/lpips_weighted,65350.0,0.010173292830586433
train/lpips_weighted,65400.0,0.01095851045101881
train/lpips_weighted,65450.0,0.010776765644550323
train/lpips_weighted,65500.0,0.011121331714093685
train/lpips_weighted,65550.0,0.010153316892683506
train/lpips_weighted,65600.0,0.01064878236502409
train/lpips_weighted,65650.0,0.01107092760503292
train/lpips_weighted,65700.0,0.011140439659357071
train/lpips_weighted,65750.0,0.011810185387730598
train/lpips_weighted,65800.0,0.009467813186347485
train/lpips_weighted,65850.0,0.009968829341232777
train/lpips_weighted,65900.0,0.011770650744438171
train/lpips_weighted,65950.0,0.010830757208168507
train/lpips_weighted,66000.0,0.010804884135723114
train/lpips_weighted,66050.0,0.011199151165783405
train/lpips_weighted,66100.0,0.010325146839022636
train/lpips_weighted,66150.0,0.011385004967451096
train/lpips_weighted,66200.0,0.010860348120331764
train/lpips_weighted,66250.0,0.010601438581943512
train/lpips_weighted,66300.0,0.012738529592752457
train/lpips_weighted,66350.0,0.009624880738556385
train/lpips_weighted,66400.0,0.010720092803239822
train/lpips_weighted,66450.0,0.011509958654642105
train/lpips_weighted,66500.0,0.011101381853222847
train/lpips_weighted,66550.0,0.01130396593362093
train/lpips_weighted,66600.0,0.010918764397501945
train/lpips_weighted,66650.0,0.010128358379006386
train/lpips_weighted,66700.0,0.01128126960247755
train/lpips_weighted,66750.0,0.01118643581867218
train/lpips_weighted,66800.0,0.009823750704526901
train/lpips_weighted,66850.0,0.011365175247192383
train/lpips_weighted,66900.0,0.010733915492892265
train/lpips_weighted,66950.0,0.011213094927370548
train/lpips_weighted,67000.0,0.01085706427693367
train/lpips_weighted,67050.0,0.01076376810669899
train/lpips_weighted,67100.0,0.00970800407230854
train/lpips_weighted,67150.0,0.011068696156144142
train/lpips_weighted,67200.0,0.011687173508107662
train/lpips_weighted,67250.0,0.010795684531331062
train/lpips_weighted,67300.0,0.01180292759090662
train/lpips_weighted,67350.0,0.010891797952353954
train/lpips_weighted,67400.0,0.01063298899680376
train/lpips_weighted,67450.0,0.009966889396309853
train/lpips_weighted,67500.0,0.010524767450988293
train/lpips_weighted,67550.0,0.010302928276360035
train/lpips_weighted,67600.0,0.010021922178566456
train/lpips_weighted,67650.0,0.010831932537257671
train/lpips_weighted,67700.0,0.010365688242018223
train/lpips_weighted,67750.0,0.010550782084465027
train/lpips_weighted,67800.0,0.01100879441946745
train/lpips_weighted,67850.0,0.009733526036143303
train/lpips_weighted,67900.0,0.010546326637268066
train/lpips_weighted,67950.0,0.010386466048657894
train/lpips_weighted,68000.0,0.010339570231735706
train/lpips_weighted,68050.0,0.010425429791212082
train/lpips_weighted,68100.0,0.011525791138410568
train/lpips_weighted,68150.0,0.00968872383236885
train/lpips_weighted,68200.0,0.010184007696807384
train/lpips_weighted,68250.0,0.010122258216142654
train/lpips_weighted,68300.0,0.01089775562286377
train/lpips_weighted,68350.0,0.00949750654399395
train/lpips_weighted,68400.0,0.009361877106130123
train/lpips_weighted,68450.0,0.010803469456732273
train/lpips_weighted,68500.0,0.010379871353507042
train/lpips_weighted,68550.0,0.010650559328496456
train/lpips_weighted,68600.0,0.011482788249850273
train/lpips_weighted,68650.0,0.01116977259516716
train/lpips_weighted,68700.0,0.010544100776314735
train/lpips_weighted,68750.0,0.010743960738182068
train/lpips_weighted,68800.0,0.0108543261885643
train/lpips_weighted,68850.0,0.010720458813011646
train/lpips_weighted,68900.0,0.010368237271904945
train/lpips_weighted,68950.0,0.01093970611691475
train/lpips_weighted,69000.0,0.011013480834662914
train/lpips_weighted,69050.0,0.010544704273343086
train/lpips_weighted,69100.0,0.010287572629749775
train/lpips_weighted,69150.0,0.010337312705814838
train/lpips_weighted,69200.0,0.010758694261312485
train/lpips_weighted,69250.0,0.00941302441060543
train/lpips_weighted,69300.0,0.011671831831336021
train/lpips_weighted,69350.0,0.010752929374575615
train/lpips_weighted,69400.0,0.011543378233909607
train/lpips_weighted,69450.0,0.010168244130909443
train/lpips_weighted,69500.0,0.009795653633773327
train/lpips_weighted,69550.0,0.01081763207912445
train/lpips_weighted,69600.0,0.009809023700654507
train/lpips_weighted,69650.0,0.010712830349802971
train/lpips_weighted,69700.0,0.010839734226465225
train/lpips_weighted,69750.0,0.010710440576076508
train/lpips_weighted,69800.0,0.010646391659975052
train/lpips_weighted,69850.0,0.01074716355651617
train/lpips_weighted,69900.0,0.010098481550812721
train/lpips_weighted,69950.0,0.010284679010510445
train/lpips_weighted,70000.0,0.010043172165751457
train/lpips_weighted,70050.0,0.009864235296845436
train/lpips_weighted,70100.0,0.010193321853876114
train/lpips_weighted,70150.0,0.009952926076948643
train/lpips_weighted,70200.0,0.009926989674568176
train/lpips_weighted,70250.0,0.011162253096699715
train/lpips_weighted,70300.0,0.010327307507395744
train/lpips_weighted,70350.0,0.010974084958434105
train/lpips_weighted,70400.0,0.009438259527087212
train/lpips_weighted,70450.0,0.009057643823325634
train/lpips_weighted,70500.0,0.009998301044106483
train/lpips_weighted,70550.0,0.009551296941936016
train/lpips_weighted,70600.0,0.011189121752977371
train/lpips_weighted,70650.0,0.011489978060126305
train/lpips_weighted,70700.0,0.009924659505486488
train/lpips_weighted,70750.0,0.01076839491724968
train/lpips_weighted,70800.0,0.010568559169769287
train/lpips_weighted,70850.0,0.009955818764865398
train/lpips_weighted,70900.0,0.011209250427782536
train/lpips_weighted,70950.0,0.010570057667791843
train/lpips_weighted,71000.0,0.010934168472886086
train/lpips_weighted,71050.0,0.010552850551903248
train/lpips_weighted,71100.0,0.010286320000886917
train/lpips_weighted,71150.0,0.01078876107931137
train/lpips_weighted,71200.0,0.009982870891690254
train/lpips_weighted,71250.0,0.010600312612950802
train/lpips_weighted,71300.0,0.010966121219098568
train/lpips_weighted,71350.0,0.01170443743467331
train/lpips_weighted,71400.0,0.010252036154270172
train/lpips_weighted,71450.0,0.008901450783014297
train/lpips_weighted,71500.0,0.010517668910324574
train/lpips_weighted,71550.0,0.009778313338756561
train/lpips_weighted,71600.0,0.010654322803020477
train/lpips_weighted,71650.0,0.009802848100662231
train/lpips_weighted,71700.0,0.010321667417883873
train/lpips_weighted,71750.0,0.009960281662642956
train/lpips_weighted,71800.0,0.010434644296765327
train/lpips_weighted,71850.0,0.009953806176781654
train/lpips_weighted,71900.0,0.011158235371112823
train/lpips_weighted,71950.0,0.010069473646581173
train/lpips_weighted,72000.0,0.011549446731805801
train/lpips_weighted,72050.0,0.011601445265114307
train/lpips_weighted,72100.0,0.010224430821835995
train/lpips_weighted,72150.0,0.010652980767190456
train/lpips_weighted,72200.0,0.01027443166822195
train/lpips_weighted,72250.0,0.009287448599934578
train/lpips_weighted,72300.0,0.010152831673622131
train/lpips_weighted,72350.0,0.009971173480153084
train/lpips_weighted,72400.0,0.010620161890983582
train/lpips_weighted,72450.0,0.010545780882239342
train/lpips_weighted,72500.0,0.011034815572202206
train/lpips_weighted,72550.0,0.011317012831568718
train/lpips_weighted,72600.0,0.010054613463580608
train/lpips_weighted,72650.0,0.009887316264212132
train/lpips_weighted,72700.0,0.010525810532271862
train/lpips_weighted,72750.0,0.010629707016050816
train/lpips_weighted,72800.0,0.012037204578518867
train/lpips_weighted,72850.0,0.010456529445946217
train/lpips_weighted,72900.0,0.011082654818892479
train/lpips_weighted,72950.0,0.01178316492587328
train/lpips_weighted,73000.0,0.009820646606385708
train/lpips_weighted,73050.0,0.010058393701910973
train/lpips_weighted,73100.0,0.010078157298266888
train/lpips_weighted,73150.0,0.010160136967897415
train/lpips_weighted,73200.0,0.01029506977647543
train/lpips_weighted,73250.0,0.010480326600372791
train/lpips_weighted,73300.0,0.010667930357158184
train/lpips_weighted,73350.0,0.010311936028301716
train/lpips_weighted,73400.0,0.011933181434869766
train/lpips_weighted,73450.0,0.0098520927131176
train/lpips_weighted,73500.0,0.011456817388534546
train/lpips_weighted,73550.0,0.010293732397258282
train/lpips_weighted,73600.0,0.010487786494195461
train/lpips_weighted,73650.0,0.010274277999997139
train/lpips_weighted,73700.0,0.010626375675201416
train/lpips_weighted,73750.0,0.010358350351452827
train/lpips_weighted,73800.0,0.01095875445753336
train/lpips_weighted,73850.0,0.01005011796951294
train/lpips_weighted,73900.0,0.010578093118965626
train/lpips_weighted,73950.0,0.01071380078792572
train/lpips_weighted,74000.0,0.011472616344690323
train/lpips_weighted,74050.0,0.010565152391791344
train/lpips_weighted,74100.0,0.011225759983062744
train/lpips_weighted,74150.0,0.011433148756623268
train/lpips_weighted,74200.0,0.009903344325721264
train/lpips_weighted,74250.0,0.011282769031822681
train/lpips_weighted,74300.0,0.010921233333647251
train/lpips_weighted,74350.0,0.010906851850450039
train/lpips_weighted,74400.0,0.010796548798680305
train/lpips_weighted,74450.0,0.011431792750954628
train/lpips_weighted,74500.0,0.010945497080683708
train/lpips_weighted,74550.0,0.00984586775302887
train/lpips_weighted,74600.0,0.010735208168625832
train/lpips_weighted,74650.0,0.008673026226460934
train/lpips_weighted,74700.0,0.010920681059360504
train/lpips_weighted,74750.0,0.011319784447550774
train/lpips_weighted,74800.0,0.009181564673781395
train/lpips_weighted,74850.0,0.011314768344163895
train/lpips_weighted,74900.0,0.011432036757469177
train/lpips_weighted,74950.0,0.010664096102118492
train/lpips_weighted,75000.0,0.010486764833331108
train/lpips_weighted,75050.0,0.01068291999399662
train/lpips_weighted,75100.0,0.010731948539614677
train/lpips_weighted,75150.0,0.010791923850774765
train/lpips_weighted,75200.0,0.009588423185050488
train/lpips_weighted,75250.0,0.010956601239740849
train/lpips_weighted,75300.0,0.009461859241127968
train/lpips_weighted,75350.0,0.011130454950034618
train/lpips_weighted,75400.0,0.009914470836520195
train/lpips_weighted,75450.0,0.01110242959111929
train/lpips_weighted,75500.0,0.01020519994199276
train/lpips_weighted,75550.0,0.010333584621548653
train/lpips_weighted,75600.0,0.009911536239087582
train/lpips_weighted,75650.0,0.009119413793087006
train/lpips_weighted,75700.0,0.010609675198793411
train/lpips_weighted,75750.0,0.009980689734220505
train/lpips_weighted,75800.0,0.010530244559049606
train/lpips_weighted,75850.0,0.010597094893455505
train/lpips_weighted,75900.0,0.010955587029457092
train/lpips_weighted,75950.0,0.010694380849599838
train/lpips_weighted,76000.0,0.010574372485280037
train/lpips_weighted,76050.0,0.010085643269121647
train/lpips_weighted,76100.0,0.009100490249693394
train/lpips_weighted,76150.0,0.009892277419567108
train/lpips_weighted,76200.0,0.0097415866330266
train/lpips_weighted,76250.0,0.009533796459436417
train/lpips_weighted,76300.0,0.009754540398716927
train/lpips_weighted,76350.0,0.010473890230059624
train/lpips_weighted,76400.0,0.009449933655560017
train/lpips_weighted,76450.0,0.010553152300417423
train/lpips_weighted,76500.0,0.010976574383676052
train/lpips_weighted,76550.0,0.011470496654510498
train/lpips_weighted,76600.0,0.010456790216267109
train/lpips_weighted,76650.0,0.010710512287914753
train/lpips_weighted,76700.0,0.010737268254160881
train/lpips_weighted,76750.0,0.01058032177388668
train/lpips_weighted,76800.0,0.011469711549580097
train/lpips_weighted,76850.0,0.009006262756884098
train/lpips_weighted,76900.0,0.010119037702679634
train/lpips_weighted,76950.0,0.011233905330300331
train/lpips_weighted,77000.0,0.010661924257874489
train/lpips_weighted,77050.0,0.010808642953634262
train/lpips_weighted,77100.0,0.010990902781486511
train/lpips_weighted,77150.0,0.009309474378824234
train/lpips_weighted,77200.0,0.010530595667660236
train/lpips_weighted,77250.0,0.00974219013005495
train/lpips_weighted,77300.0,0.010816467925906181
train/lpips_weighted,77350.0,0.00990317016839981
train/lpips_weighted,77400.0,0.009635410271584988
train/lpips_weighted,77450.0,0.010400019586086273
train/lpips_weighted,77500.0,0.009964744560420513
train/lpips_weighted,77550.0,0.01072730589658022
train/lpips_weighted,77600.0,0.011240741237998009
train/lpips_weighted,77650.0,0.009363173507153988
train/lpips_weighted,77700.0,0.01035255379974842
train/lpips_weighted,77750.0,0.010419011116027832
train/lpips_weighted,77800.0,0.010728996247053146
train/lpips_weighted,77850.0,0.010111955925822258
train/lpips_weighted,77900.0,0.009905470535159111
train/lpips_weighted,77950.0,0.010715949349105358
train/lpips_weighted,78000.0,0.011278165504336357
train/lpips_weighted,78050.0,0.010142877697944641
train/lpips_weighted,78100.0,0.010393588803708553
train/lpips_weighted,78150.0,0.010856371372938156
train/lpips_weighted,78200.0,0.010396042838692665
train/lpips_weighted,78250.0,0.009619949385523796
train/lpips_weighted,78300.0,0.010324196889996529
train/lpips_weighted,78350.0,0.011001965031027794
train/lpips_weighted,78400.0,0.010298628360033035
train/lpips_weighted,78450.0,0.011103452183306217
train/lpips_weighted,78500.0,0.010544086806476116
train/lpips_weighted,78550.0,0.011033270508050919
train/lpips_weighted,78600.0,0.010380388237535954
train/lpips_weighted,78650.0,0.010859810747206211
train/lpips_weighted,78700.0,0.0113798463717103
train/lpips_weighted,78750.0,0.010110167786478996
train/lpips_weighted,78800.0,0.010387228801846504
train/lpips_weighted,78850.0,0.009669040329754353
train/lpips_weighted,78900.0,0.011019018478691578
train/lpips_weighted,78950.0,0.00937085971236229
train/lpips_weighted,79000.0,0.010660920292139053
train/lpips_weighted,79050.0,0.010496154427528381
train/lpips_weighted,79100.0,0.010119285434484482
train/lpips_weighted,79150.0,0.009450438432395458
train/lpips_weighted,79200.0,0.009989602491259575
train/lpips_weighted,79250.0,0.01018914021551609
train/lpips_weighted,79300.0,0.011047469452023506
train/lpips_weighted,79350.0,0.010092832148075104
train/lpips_weighted,79400.0,0.00988207571208477
train/lpips_weighted,79450.0,0.01007284875959158
train/lpips_weighted,79500.0,0.010644635185599327
train/lpips_weighted,79550.0,0.01089288666844368
train/lpips_weighted,79600.0,0.009927324019372463
train/lpips_weighted,79650.0,0.01030292920768261
train/lpips_weighted,79700.0,0.010933151468634605
train/lpips_weighted,79750.0,0.009975021705031395
train/lpips_weighted,79800.0,0.010199322365224361
train/lpips_weighted,79850.0,0.010935132391750813
train/lpips_weighted,79900.0,0.01129172369837761
train/lpips_weighted,79950.0,0.010946258902549744
train/lpips_weighted,80000.0,0.01017453707754612
train/reconstruction,1.0,0.3184310793876648
train/reconstruction,50.0,0.20515835285186768
train/reconstruction,100.0,0.11650177836418152
train/reconstruction,150.0,0.0943586677312851
train/reconstruction,200.0,0.10220371186733246
train/reconstruction,250.0,0.07904699444770813
train/reconstruction,300.0,0.07789161056280136
train/reconstruction,350.0,0.07571981102228165
train/reconstruction,400.0,0.07361090928316116
train/reconstruction,450.0,0.0769411027431488
train/reconstruction,500.0,0.06727787107229233
train/reconstruction,550.0,0.07806641608476639
train/reconstruction,600.0,0.06196918338537216
train/reconstruction,650.0,0.05858713388442993
train/reconstruction,700.0,0.06518352031707764
train/reconstruction,750.0,0.06554268300533295
train/reconstruction,800.0,0.060437314212322235
train/reconstruction,850.0,0.06849829852581024
train/reconstruction,900.0,0.0605432353913784
train/reconstruction,950.0,0.06253036111593246
train/reconstruction,1000.0,0.06137755885720253
train/reconstruction,1050.0,0.06207214295864105
train/reconstruction,1100.0,0.06423039734363556
train/reconstruction,1150.0,0.05491833761334419
train/reconstruction,1200.0,0.0550374872982502
train/reconstruction,1250.0,0.06232492998242378
train/reconstruction,1300.0,0.061554256826639175
train/reconstruction,1350.0,0.054614052176475525
train/reconstruction,1400.0,0.05874578282237053
train/reconstruction,1450.0,0.05626413971185684
train/reconstruction,1500.0,0.0509740374982357
train/reconstruction,1550.0,0.05798241123557091
train/reconstruction,1600.0,0.05294502526521683
train/reconstruction,1650.0,0.05631053075194359
train/reconstruction,1700.0,0.05283506214618683
train/reconstruction,1750.0,0.059879105538129807
train/reconstruction,1800.0,0.059089042246341705
train/reconstruction,1850.0,0.051897503435611725
train/reconstruction,1900.0,0.05012241005897522
train/reconstruction,1950.0,0.05061515420675278
train/reconstruction,2000.0,0.055896420031785965
train/reconstruction,2050.0,0.053924810141325
train/reconstruction,2100.0,0.0520210936665535
train/reconstruction,2150.0,0.0542401559650898
train/reconstruction,2200.0,0.05815117433667183
train/reconstruction,2250.0,0.053708404302597046
train/reconstruction,2300.0,0.050608694553375244
train/reconstruction,2350.0,0.052733179181814194
train/reconstruction,2400.0,0.04976474493741989
train/reconstruction,2450.0,0.04818222299218178
train/reconstruction,2500.0,0.05371171981096268
train/reconstruction,2550.0,0.052058104425668716
train/reconstruction,2600.0,0.052402038127183914
train/reconstruction,2650.0,0.05572644993662834
train/reconstruction,2700.0,0.04981888830661774
train/reconstruction,2750.0,0.04930036514997482
train/reconstruction,2800.0,0.0533546507358551
train/reconstruction,2850.0,0.05432218313217163
train/reconstruction,2900.0,0.04994109272956848
train/reconstruction,2950.0,0.056622110307216644
train/reconstruction,3000.0,0.05216197669506073
train/reconstruction,3050.0,0.04930898919701576
train/reconstruction,3100.0,0.05390594154596329
train/reconstruction,3150.0,0.049129121005535126
train/reconstruction,3200.0,0.04905344173312187
train/reconstruction,3250.0,0.05316672474145889
train/reconstruction,3300.0,0.05381056293845177
train/reconstruction,3350.0,0.054155249148607254
train/reconstruction,3400.0,0.05181846022605896
train/reconstruction,3450.0,0.052316322922706604
train/reconstruction,3500.0,0.05305909365415573
train/reconstruction,3550.0,0.05220623314380646
train/reconstruction,3600.0,0.05041526257991791
train/reconstruction,3650.0,0.04994722828269005
train/reconstruction,3700.0,0.052072156220674515
train/reconstruction,3750.0,0.05492998659610748
train/reconstruction,3800.0,0.046580683439970016
train/reconstruction,3850.0,0.05150913447141647
train/reconstruction,3900.0,0.05006833374500275
train/reconstruction,3950.0,0.05080871284008026
train/reconstruction,4000.0,0.05574224144220352
train/reconstruction,4050.0,0.05369307100772858
train/reconstruction,4100.0,0.052824415266513824
train/reconstruction,4150.0,0.04826980456709862
train/reconstruction,4200.0,0.05604134872555733
train/reconstruction,4250.0,0.054070502519607544
train/reconstruction,4300.0,0.04889843985438347
train/reconstruction,4350.0,0.047840557992458344
train/reconstruction,4400.0,0.05011929199099541
train/reconstruction,4450.0,0.04994407296180725
train/reconstruction,4500.0,0.050572894513607025
train/reconstruction,4550.0,0.04969436675310135
train/reconstruction,4600.0,0.0475347600877285
train/reconstruction,4650.0,0.0496770516037941
train/reconstruction,4700.0,0.04579612985253334
train/reconstruction,4750.0,0.05069790408015251
train/reconstruction,4800.0,0.049967072904109955
train/reconstruction,4850.0,0.0515136644244194
train/reconstruction,4900.0,0.05512447655200958
train/reconstruction,4950.0,0.04967383295297623
train/reconstruction,5000.0,0.04971753805875778
train/reconstruction,5050.0,0.05179113894701004
train/reconstruction,5100.0,0.04967861995100975
train/reconstruction,5150.0,0.04748902469873428
train/reconstruction,5200.0,0.04468584805727005
train/reconstruction,5250.0,0.05181184783577919
train/reconstruction,5300.0,0.05243299528956413
train/reconstruction,5350.0,0.050636328756809235
train/reconstruction,5400.0,0.04879990220069885
train/reconstruction,5450.0,0.049131374806165695
train/reconstruction,5500.0,0.04909594729542732
train/reconstruction,5550.0,0.051687173545360565
train/reconstruction,5600.0,0.05980810523033142
train/reconstruction,5650.0,0.049246132373809814
train/reconstruction,5700.0,0.05058378726243973
train/reconstruction,5750.0,0.057784873992204666
train/reconstruction,5800.0,0.05282525345683098
train/reconstruction,5850.0,0.04882697016000748
train/reconstruction,5900.0,0.05068834871053696
train/reconstruction,5950.0,0.0526258684694767
train/reconstruction,6000.0,0.047427184879779816
train/reconstruction,6050.0,0.05011335760354996
train/reconstruction,6100.0,0.05227751284837723
train/reconstruction,6150.0,0.04576161876320839
train/reconstruction,6200.0,0.04357529431581497
train/reconstruction,6250.0,0.05206840857863426
train/reconstruction,6300.0,0.04621998593211174
train/reconstruction,6350.0,0.05182453989982605
train/reconstruction,6400.0,0.048082057386636734
train/reconstruction,6450.0,0.05500425025820732
train/reconstruction,6500.0,0.049062736332416534
train/reconstruction,6550.0,0.04811970144510269
train/reconstruction,6600.0,0.05152035877108574
train/reconstruction,6650.0,0.052296578884124756
train/reconstruction,6700.0,0.05475858598947525
train/reconstruction,6750.0,0.051134105771780014
train/reconstruction,6800.0,0.05185071378946304
train/reconstruction,6850.0,0.05192951858043671
train/reconstruction,6900.0,0.05632052198052406
train/reconstruction,6950.0,0.04663057625293732
train/reconstruction,7000.0,0.04565580189228058
train/reconstruction,7050.0,0.05149392783641815
train/reconstruction,7100.0,0.052609533071517944
train/reconstruction,7150.0,0.048376888036727905
train/reconstruction,7200.0,0.052091002464294434
train/reconstruction,7250.0,0.05036419630050659
train/reconstruction,7300.0,0.04951731488108635
train/reconstruction,7350.0,0.05491429194808006
train/reconstruction,7400.0,0.04597718268632889
train/reconstruction,7450.0,0.05027132108807564
train/reconstruction,7500.0,0.048090290278196335
train/reconstruction,7550.0,0.04513569176197052
train/reconstruction,7600.0,0.04835627228021622
train/reconstruction,7650.0,0.05019049346446991
train/reconstruction,7700.0,0.04966231808066368
train/reconstruction,7750.0,0.04694380611181259
train/reconstruction,7800.0,0.051329225301742554
train/reconstruction,7850.0,0.044756706804037094
train/reconstruction,7900.0,0.05019428953528404
train/reconstruction,7950.0,0.05094089359045029
train/reconstruction,8000.0,0.051251739263534546
train/reconstruction,8050.0,0.0509064681828022
train/reconstruction,8100.0,0.05430862307548523
train/reconstruction,8150.0,0.04841097816824913
train/reconstruction,8200.0,0.04534043371677399
train/reconstruction,8250.0,0.0489361435174942
train/reconstruction,8300.0,0.05109483003616333
train/reconstruction,8350.0,0.05010109767317772
train/reconstruction,8400.0,0.049985695630311966
train/reconstruction,8450.0,0.051990360021591187
train/reconstruction,8500.0,0.0466143935918808
train/reconstruction,8550.0,0.049370523542165756
train/reconstruction,8600.0,0.04778236523270607
train/reconstruction,8650.0,0.049138154834508896
train/reconstruction,8700.0,0.051746711134910583
train/reconstruction,8750.0,0.053295016288757324
train/reconstruction,8800.0,0.04659850150346756
train/reconstruction,8850.0,0.046688515692949295
train/reconstruction,8900.0,0.04653045907616615
train/reconstruction,8950.0,0.04688453674316406
train/reconstruction,9000.0,0.04930807650089264
train/reconstruction,9050.0,0.04847891256213188
train/reconstruction,9100.0,0.04966690391302109
train/reconstruction,9150.0,0.0472409725189209
train/reconstruction,9200.0,0.04805995523929596
train/reconstruction,9250.0,0.05453675240278244
train/reconstruction,9300.0,0.05328930541872978
train/reconstruction,9350.0,0.04516123607754707
train/reconstruction,9400.0,0.05406906083226204
train/reconstruction,9450.0,0.04787299409508705
train/reconstruction,9500.0,0.05296889320015907
train/reconstruction,9550.0,0.04802962392568588
train/reconstruction,9600.0,0.052579365670681
train/reconstruction,9650.0,0.05090866610407829
train/reconstruction,9700.0,0.05044807493686676
train/reconstruction,9750.0,0.044327955693006516
train/reconstruction,9800.0,0.052035048604011536
train/reconstruction,9850.0,0.046253740787506104
train/reconstruction,9900.0,0.04929022863507271
train/reconstruction,9950.0,0.04925385117530823
train/reconstruction,10000.0,0.04762473702430725
train/reconstruction,10050.0,0.048521481454372406
train/reconstruction,10100.0,0.05313687026500702
train/reconstruction,10150.0,0.0467073991894722
train/reconstruction,10200.0,0.04971013963222504
train/reconstruction,10250.0,0.04517240822315216
train/reconstruction,10300.0,0.05132957547903061
train/reconstruction,10350.0,0.04869828373193741
train/reconstruction,10400.0,0.04734642058610916
train/reconstruction,10450.0,0.0467909537255764
train/reconstruction,10500.0,0.05125041306018829
train/reconstruction,10550.0,0.04953650012612343
train/reconstruction,10600.0,0.046622902154922485
train/reconstruction,10650.0,0.049180179834365845
train/reconstruction,10700.0,0.04711603373289108
train/reconstruction,10750.0,0.051897238940000534
train/reconstruction,10800.0,0.051892057061195374
train/reconstruction,10850.0,0.05154351145029068
train/reconstruction,10900.0,0.04881475120782852
train/reconstruction,10950.0,0.049684587866067886
train/reconstruction,11000.0,0.04611671715974808
train/reconstruction,11050.0,0.051735103130340576
train/reconstruction,11100.0,0.04607899859547615
train/reconstruction,11150.0,0.05536852777004242
train/reconstruction,11200.0,0.04728452488780022
train/reconstruction,11250.0,0.053092628717422485
train/reconstruction,11300.0,0.04718384891748428
train/reconstruction,11350.0,0.05643538013100624
train/reconstruction,11400.0,0.05052580684423447
train/reconstruction,11450.0,0.05017077177762985
train/reconstruction,11500.0,0.052171990275382996
train/reconstruction,11550.0,0.053538475185632706
train/reconstruction,11600.0,0.05228455737233162
train/reconstruction,11650.0,0.04654775932431221
train/reconstruction,11700.0,0.04735253006219864
train/reconstruction,11750.0,0.042709264904260635
train/reconstruction,11800.0,0.048557400703430176
train/reconstruction,11850.0,0.046211376786231995
train/reconstruction,11900.0,0.05660701543092728
train/reconstruction,11950.0,0.04780737683176994
train/reconstruction,12000.0,0.04912106692790985
train/reconstruction,12050.0,0.05094008147716522
train/reconstruction,12100.0,0.049221284687519073
train/reconstruction,12150.0,0.04736983776092529
train/reconstruction,12200.0,0.046456336975097656
train/reconstruction,12250.0,0.04618195444345474
train/reconstruction,12300.0,0.05015535652637482
train/reconstruction,12350.0,0.04877316951751709
train/reconstruction,12400.0,0.047761961817741394
train/reconstruction,12450.0,0.049574512988328934
train/reconstruction,12500.0,0.04167287424206734
train/reconstruction,12550.0,0.050745073705911636
train/reconstruction,12600.0,0.05103438347578049
train/reconstruction,12650.0,0.04927367717027664
train/reconstruction,12700.0,0.04908161610364914
train/reconstruction,12750.0,0.05185629054903984
train/reconstruction,12800.0,0.04742848128080368
train/reconstruction,12850.0,0.04483276978135109
train/reconstruction,12900.0,0.04813792183995247
train/reconstruction,12950.0,0.04826262220740318
train/reconstruction,13000.0,0.04328862205147743
train/reconstruction,13050.0,0.04657246172428131
train/reconstruction,13100.0,0.054690971970558167
train/reconstruction,13150.0,0.053842004388570786
train/reconstruction,13200.0,0.04675126075744629
train/reconstruction,13250.0,0.04944280907511711
train/reconstruction,13300.0,0.04637054353952408
train/reconstruction,13350.0,0.04477010667324066
train/reconstruction,13400.0,0.048845745623111725
train/reconstruction,13450.0,0.04898380488157272
train/reconstruction,13500.0,0.05067235976457596
train/reconstruction,13550.0,0.050910551100969315
train/reconstruction,13600.0,0.0482909232378006
train/reconstruction,13650.0,0.05148360878229141
train/reconstruction,13700.0,0.0460611954331398
train/reconstruction,13750.0,0.04872151091694832
train/reconstruction,13800.0,0.04722421243786812
train/reconstruction,13850.0,0.04308252036571503
train/reconstruction,13900.0,0.04492104798555374
train/reconstruction,13950.0,0.047495175153017044
train/reconstruction,14000.0,0.049506060779094696
train/reconstruction,14050.0,0.04764043539762497
train/reconstruction,14100.0,0.048285871744155884
train/reconstruction,14150.0,0.05149795860052109
train/reconstruction,14200.0,0.04614304006099701
train/reconstruction,14250.0,0.053937606513500214
train/reconstruction,14300.0,0.04623642936348915
train/reconstruction,14350.0,0.051859430968761444
train/reconstruction,14400.0,0.04896646738052368
train/reconstruction,14450.0,0.0502438023686409
train/reconstruction,14500.0,0.047828808426856995
train/reconstruction,14550.0,0.053135670721530914
train/reconstruction,14600.0,0.048934876918792725
train/reconstruction,14650.0,0.04833173379302025
train/reconstruction,14700.0,0.05273713544011116
train/reconstruction,14750.0,0.04782075434923172
train/reconstruction,14800.0,0.044419847428798676
train/reconstruction,14850.0,0.05294809862971306
train/reconstruction,14900.0,0.046340763568878174
train/reconstruction,14950.0,0.046756207942962646
train/reconstruction,15000.0,0.05655118077993393
train/reconstruction,15050.0,0.04916689172387123
train/reconstruction,15100.0,0.05275137722492218
train/reconstruction,15150.0,0.04839848726987839
train/reconstruction,15200.0,0.04846882075071335
train/reconstruction,15250.0,0.050899162888526917
train/reconstruction,15300.0,0.04677397757768631
train/reconstruction,15350.0,0.0529603511095047
train/reconstruction,15400.0,0.04169606417417526
train/reconstruction,15450.0,0.04754622280597687
train/reconstruction,15500.0,0.0454445444047451
train/reconstruction,15550.0,0.04819250479340553
train/reconstruction,15600.0,0.054216813296079636
train/reconstruction,15650.0,0.05365385115146637
train/reconstruction,15700.0,0.05036826431751251
train/reconstruction,15750.0,0.04883959889411926
train/reconstruction,15800.0,0.05257106572389603
train/reconstruction,15850.0,0.052102889865636826
train/reconstruction,15900.0,0.04450581222772598
train/reconstruction,15950.0,0.043888721615076065
train/reconstruction,16000.0,0.044135015457868576
train/reconstruction,16050.0,0.04711664095520973
train/reconstruction,16100.0,0.050807490944862366
train/reconstruction,16150.0,0.04650607332587242
train/reconstruction,16200.0,0.043146222829818726
train/reconstruction,16250.0,0.047610461711883545
train/reconstruction,16300.0,0.047420017421245575
train/reconstruction,16350.0,0.04826011881232262
train/reconstruction,16400.0,0.05072148144245148
train/reconstruction,16450.0,0.04982860013842583
train/reconstruction,16500.0,0.04765285924077034
train/reconstruction,16550.0,0.05214158073067665
train/reconstruction,16600.0,0.04636125639081001
train/reconstruction,16650.0,0.04706829786300659
train/reconstruction,16700.0,0.05408903956413269
train/reconstruction,16750.0,0.05285228043794632
train/reconstruction,16800.0,0.04988161474466324
train/reconstruction,16850.0,0.043171703815460205
train/reconstruction,16900.0,0.05182226747274399
train/reconstruction,16950.0,0.045565567910671234
train/reconstruction,17000.0,0.0472467839717865
train/reconstruction,17050.0,0.05150570720434189
train/reconstruction,17100.0,0.047186631709337234
train/reconstruction,17150.0,0.04996649548411369
train/reconstruction,17200.0,0.05220368877053261
train/reconstruction,17250.0,0.044194307178258896
train/reconstruction,17300.0,0.04933438077569008
train/reconstruction,17350.0,0.05204218626022339
train/reconstruction,17400.0,0.04820246249437332
train/reconstruction,17450.0,0.0519353412091732
train/reconstruction,17500.0,0.04667728766798973
train/reconstruction,17550.0,0.044717974960803986
train/reconstruction,17600.0,0.052332647144794464
train/reconstruction,17650.0,0.03985685482621193
train/reconstruction,17700.0,0.048197370022535324
train/reconstruction,17750.0,0.05714767053723335
train/reconstruction,17800.0,0.04160122945904732
train/reconstruction,17850.0,0.05543762072920799
train/reconstruction,17900.0,0.04601624980568886
train/reconstruction,17950.0,0.047974079847335815
train/reconstruction,18000.0,0.05184145271778107
train/reconstruction,18050.0,0.052152540534734726
train/reconstruction,18100.0,0.05253040790557861
train/reconstruction,18150.0,0.05154603347182274
train/reconstruction,18200.0,0.04653002694249153
train/reconstruction,18250.0,0.04622286930680275
train/reconstruction,18300.0,0.047954972833395004
train/reconstruction,18350.0,0.044821567833423615
train/reconstruction,18400.0,0.05099521949887276
train/reconstruction,18450.0,0.04621225222945213
train/reconstruction,18500.0,0.044482871890068054
train/reconstruction,18550.0,0.04703016206622124
train/reconstruction,18600.0,0.05187060311436653
train/reconstruction,18650.0,0.05038008838891983
train/reconstruction,18700.0,0.054616767913103104
train/reconstruction,18750.0,0.0470285601913929
train/reconstruction,18800.0,0.04949989542365074
train/reconstruction,18850.0,0.04382679611444473
train/reconstruction,18900.0,0.04935750737786293
train/reconstruction,18950.0,0.04659334197640419
train/reconstruction,19000.0,0.048158302903175354
train/reconstruction,19050.0,0.05113031715154648
train/reconstruction,19100.0,0.04872588813304901
train/reconstruction,19150.0,0.045539118349552155
train/reconstruction,19200.0,0.0514032319188118
train/reconstruction,19250.0,0.05053281784057617
train/reconstruction,19300.0,0.044587668031454086
train/reconstruction,19350.0,0.04948990419507027
train/reconstruction,19400.0,0.04433848708868027
train/reconstruction,19450.0,0.04636303335428238
train/reconstruction,19500.0,0.04882269352674484
train/reconstruction,19550.0,0.04438791796565056
train/reconstruction,19600.0,0.04376044124364853
train/reconstruction,19650.0,0.04958200454711914
train/reconstruction,19700.0,0.04688034951686859
train/reconstruction,19750.0,0.04870428144931793
train/reconstruction,19800.0,0.05397741496562958
train/reconstruction,19850.0,0.047581758350133896
train/reconstruction,19900.0,0.044959619641304016
train/reconstruction,19950.0,0.05157710984349251
train/reconstruction,20000.0,0.04837625473737717
train/reconstruction,20050.0,0.04833776876330376
train/reconstruction,20100.0,0.04957311600446701
train/reconstruction,20150.0,0.05052921175956726
train/reconstruction,20200.0,0.04877033084630966
train/reconstruction,20250.0,0.046363916248083115
train/reconstruction,20300.0,0.05046844109892845
train/reconstruction,20350.0,0.055103741586208344
train/reconstruction,20400.0,0.04365638643503189
train/reconstruction,20450.0,0.047601282596588135
train/reconstruction,20500.0,0.04301373288035393
train/reconstruction,20550.0,0.05004831403493881
train/reconstruction,20600.0,0.04363745450973511
train/reconstruction,20650.0,0.052673596888780594
train/reconstruction,20700.0,0.043991442769765854
train/reconstruction,20750.0,0.0474901907145977
train/reconstruction,20800.0,0.052243635058403015
train/reconstruction,20850.0,0.046143144369125366
train/reconstruction,20900.0,0.05114372819662094
train/reconstruction,20950.0,0.05267774686217308
train/reconstruction,21000.0,0.04958878085017204
train/reconstruction,21050.0,0.050602152943611145
train/reconstruction,21100.0,0.04729241505265236
train/reconstruction,21150.0,0.046766333281993866
train/reconstruction,21200.0,0.05196187272667885
train/reconstruction,21250.0,0.04911909997463226
train/reconstruction,21300.0,0.05299457535147667
train/reconstruction,21350.0,0.04202946648001671
train/reconstruction,21400.0,0.04995811730623245
train/reconstruction,21450.0,0.046644970774650574
train/reconstruction,21500.0,0.053872715681791306
train/reconstruction,21550.0,0.047947145998477936
train/reconstruction,21600.0,0.04983290284872055
train/reconstruction,21650.0,0.04517458379268646
train/reconstruction,21700.0,0.048758018761873245
train/reconstruction,21750.0,0.043468691408634186
train/reconstruction,21800.0,0.04743083938956261
train/reconstruction,21850.0,0.05014288052916527
train/reconstruction,21900.0,0.0479072630405426
train/reconstruction,21950.0,0.052648141980171204
train/reconstruction,22000.0,0.05409293621778488
train/reconstruction,22050.0,0.047325875610113144
train/reconstruction,22100.0,0.04776499420404434
train/reconstruction,22150.0,0.05126538500189781
train/reconstruction,22200.0,0.045101989060640335
train/reconstruction,22250.0,0.051235977560281754
train/reconstruction,22300.0,0.04955364391207695
train/reconstruction,22350.0,0.060676515102386475
train/reconstruction,22400.0,0.04645685851573944
train/reconstruction,22450.0,0.0484638512134552
train/reconstruction,22500.0,0.0460083931684494
train/reconstruction,22550.0,0.0465053990483284
train/reconstruction,22600.0,0.0461139976978302
train/reconstruction,22650.0,0.04741067811846733
train/reconstruction,22700.0,0.04859573394060135
train/reconstruction,22750.0,0.05140085518360138
train/reconstruction,22800.0,0.044531892985105515
train/reconstruction,22850.0,0.05090399831533432
train/reconstruction,22900.0,0.047924935817718506
train/reconstruction,22950.0,0.04552921652793884
train/reconstruction,23000.0,0.04775835573673248
train/reconstruction,23050.0,0.04909820854663849
train/reconstruction,23100.0,0.04597722366452217
train/reconstruction,23150.0,0.04462631419301033
train/reconstruction,23200.0,0.04756522551178932
train/reconstruction,23250.0,0.0466047003865242
train/reconstruction,23300.0,0.046393271535634995
train/reconstruction,23350.0,0.046016626060009
train/reconstruction,23400.0,0.046964287757873535
train/reconstruction,23450.0,0.04716896638274193
train/reconstruction,23500.0,0.04975603148341179
train/reconstruction,23550.0,0.04459831863641739
train/reconstruction,23600.0,0.049201544374227524
train/reconstruction,23650.0,0.047279275953769684
train/reconstruction,23700.0,0.048772599548101425
train/reconstruction,23750.0,0.04865889623761177
train/reconstruction,23800.0,0.045016154646873474
train/reconstruction,23850.0,0.044807810336351395
train/reconstruction,23900.0,0.04977481812238693
train/reconstruction,23950.0,0.04580579325556755
train/reconstruction,24000.0,0.0504324845969677
train/reconstruction,24050.0,0.050181157886981964
train/reconstruction,24100.0,0.051569342613220215
train/reconstruction,24150.0,0.0500507615506649
train/reconstruction,24200.0,0.04611197113990784
train/reconstruction,24250.0,0.047124676406383514
train/reconstruction,24300.0,0.05094440281391144
train/reconstruction,24350.0,0.048131126910448074
train/reconstruction,24400.0,0.04792996123433113
train/reconstruction,24450.0,0.044126469641923904
train/reconstruction,24500.0,0.046204373240470886
train/reconstruction,24550.0,0.04809334874153137
train/reconstruction,24600.0,0.05197137966752052
train/reconstruction,24650.0,0.04716925323009491
train/reconstruction,24700.0,0.042306188493967056
train/reconstruction,24750.0,0.049391914159059525
train/reconstruction,24800.0,0.04525500535964966
train/reconstruction,24850.0,0.040488630533218384
train/reconstruction,24900.0,0.051248107105493546
train/reconstruction,24950.0,0.04829419031739235
train/reconstruction,25000.0,0.0463404506444931
train/reconstruction,25050.0,0.04588399454951286
train/reconstruction,25100.0,0.05023018270730972
train/reconstruction,25150.0,0.047765329480171204
train/reconstruction,25200.0,0.04549868032336235
train/reconstruction,25250.0,0.052029311656951904
train/reconstruction,25300.0,0.04589298367500305
train/reconstruction,25350.0,0.05014360696077347
train/reconstruction,25400.0,0.045251429080963135
train/reconstruction,25450.0,0.04328421503305435
train/reconstruction,25500.0,0.05212835595011711
train/reconstruction,25550.0,0.0537819005548954
train/reconstruction,25600.0,0.047796763479709625
train/reconstruction,25650.0,0.04951436445116997
train/reconstruction,25700.0,0.0494142509996891
train/reconstruction,25750.0,0.045118167996406555
train/reconstruction,25800.0,0.047828663140535355
train/reconstruction,25850.0,0.04851860553026199
train/reconstruction,25900.0,0.0491800382733345
train/reconstruction,25950.0,0.046095095574855804
train/reconstruction,26000.0,0.048023201525211334
train/reconstruction,26050.0,0.04565386101603508
train/reconstruction,26100.0,0.044195178896188736
train/reconstruction,26150.0,0.04553191736340523
train/reconstruction,26200.0,0.04905678704380989
train/reconstruction,26250.0,0.05240678787231445
train/reconstruction,26300.0,0.04886217415332794
train/reconstruction,26350.0,0.05031706020236015
train/reconstruction,26400.0,0.049583300948143005
train/reconstruction,26450.0,0.045130655169487
train/reconstruction,26500.0,0.049557872116565704
train/reconstruction,26550.0,0.0520065501332283
train/reconstruction,26600.0,0.04886999726295471
train/reconstruction,26650.0,0.05214691162109375
train/reconstruction,26700.0,0.046245113015174866
train/reconstruction,26750.0,0.04902415722608566
train/reconstruction,26800.0,0.04505418241024017
train/reconstruction,26850.0,0.049067042768001556
train/reconstruction,26900.0,0.05004378780722618
train/reconstruction,26950.0,0.048299334943294525
train/reconstruction,27000.0,0.047454364597797394
train/reconstruction,27050.0,0.04934556409716606
train/reconstruction,27100.0,0.049563754349946976
train/reconstruction,27150.0,0.04948737472295761
train/reconstruction,27200.0,0.04661757871508598
train/reconstruction,27250.0,0.04909093677997589
train/reconstruction,27300.0,0.04526667669415474
train/reconstruction,27350.0,0.05134297534823418
train/reconstruction,27400.0,0.047019992023706436
train/reconstruction,27450.0,0.0444965735077858
train/reconstruction,27500.0,0.043792109936475754
train/reconstruction,27550.0,0.04608963802456856
train/reconstruction,27600.0,0.050732050091028214
train/reconstruction,27650.0,0.048363588750362396
train/reconstruction,27700.0,0.04872830584645271
train/reconstruction,27750.0,0.05138596147298813
train/reconstruction,27800.0,0.04448755457997322
train/reconstruction,27850.0,0.05314047634601593
train/reconstruction,27900.0,0.05202056095004082
train/reconstruction,27950.0,0.04544698819518089
train/reconstruction,28000.0,0.04528072103857994
train/reconstruction,28050.0,0.04587109014391899
train/reconstruction,28100.0,0.04804423823952675
train/reconstruction,28150.0,0.047199711203575134
train/reconstruction,28200.0,0.04987117648124695
train/reconstruction,28250.0,0.05015116184949875
train/reconstruction,28300.0,0.043913327157497406
train/reconstruction,28350.0,0.045964982360601425
train/reconstruction,28400.0,0.050526563078165054
train/reconstruction,28450.0,0.04921722039580345
train/reconstruction,28500.0,0.04639562964439392
train/reconstruction,28550.0,0.04828920215368271
train/reconstruction,28600.0,0.045262373983860016
train/reconstruction,28650.0,0.04350274056196213
train/reconstruction,28700.0,0.05133683234453201
train/reconstruction,28750.0,0.050331201404333115
train/reconstruction,28800.0,0.05642789229750633
train/reconstruction,28850.0,0.04199341684579849
train/reconstruction,28900.0,0.047389231622219086
train/reconstruction,28950.0,0.04688701406121254
train/reconstruction,29000.0,0.04322008788585663
train/reconstruction,29050.0,0.0468049980700016
train/reconstruction,29100.0,0.050234660506248474
train/reconstruction,29150.0,0.04852518066763878
train/reconstruction,29200.0,0.04139572009444237
train/reconstruction,29250.0,0.04294401407241821
train/reconstruction,29300.0,0.05314356088638306
train/reconstruction,29350.0,0.04668297991156578
train/reconstruction,29400.0,0.05159175023436546
train/reconstruction,29450.0,0.04751736670732498
train/reconstruction,29500.0,0.043516855686903
train/reconstruction,29550.0,0.04112672060728073
train/reconstruction,29600.0,0.04514699429273605
train/reconstruction,29650.0,0.0426701083779335
train/reconstruction,29700.0,0.04818471893668175
train/reconstruction,29750.0,0.047059670090675354
train/reconstruction,29800.0,0.04385586827993393
train/reconstruction,29850.0,0.04783063009381294
train/reconstruction,29900.0,0.048308368772268295
train/reconstruction,29950.0,0.04567842185497284
train/reconstruction,30000.0,0.05273093283176422
train/reconstruction,30050.0,0.04652527719736099
train/reconstruction,30100.0,0.04855799302458763
train/reconstruction,30150.0,0.04625023528933525
train/reconstruction,30200.0,0.04909849539399147
train/reconstruction,30250.0,0.04580840840935707
train/reconstruction,30300.0,0.050107959657907486
train/reconstruction,30350.0,0.048345357179641724
train/reconstruction,30400.0,0.0435323640704155
train/reconstruction,30450.0,0.04368901252746582
train/reconstruction,30500.0,0.043260324746370316
train/reconstruction,30550.0,0.04593858867883682
train/reconstruction,30600.0,0.043533410876989365
train/reconstruction,30650.0,0.05860350281000137
train/reconstruction,30700.0,0.052109673619270325
train/reconstruction,30750.0,0.04563385993242264
train/reconstruction,30800.0,0.04588508605957031
train/reconstruction,30850.0,0.04668580740690231
train/reconstruction,30900.0,0.04622212052345276
train/reconstruction,30950.0,0.0443490669131279
train/reconstruction,31000.0,0.04572155326604843
train/reconstruction,31050.0,0.04798390716314316
train/reconstruction,31100.0,0.04545772448182106
train/reconstruction,31150.0,0.045578788965940475
train/reconstruction,31200.0,0.05008001625537872
train/reconstruction,31250.0,0.04848989471793175
train/reconstruction,31300.0,0.05200663581490517
train/reconstruction,31350.0,0.04251645877957344
train/reconstruction,31400.0,0.04636843129992485
train/reconstruction,31450.0,0.04473144933581352
train/reconstruction,31500.0,0.04785832017660141
train/reconstruction,31550.0,0.04581068456172943
train/reconstruction,31600.0,0.04757579788565636
train/reconstruction,31650.0,0.04914204403758049
train/reconstruction,31700.0,0.04813121631741524
train/reconstruction,31750.0,0.04529818147420883
train/reconstruction,31800.0,0.04466055706143379
train/reconstruction,31850.0,0.04717244952917099
train/reconstruction,31900.0,0.048521772027015686
train/reconstruction,31950.0,0.04811197891831398
train/reconstruction,32000.0,0.047375116497278214
train/reconstruction,32050.0,0.05011387914419174
train/reconstruction,32100.0,0.05163078010082245
train/reconstruction,32150.0,0.044040389358997345
train/reconstruction,32200.0,0.04725876450538635
train/reconstruction,32250.0,0.048465438187122345
train/reconstruction,32300.0,0.04726901650428772
train/reconstruction,32350.0,0.04951952397823334
train/reconstruction,32400.0,0.048206426203250885
train/reconstruction,32450.0,0.049907177686691284
train/reconstruction,32500.0,0.0469776913523674
train/reconstruction,32550.0,0.047871217131614685
train/reconstruction,32600.0,0.05000350624322891
train/reconstruction,32650.0,0.04398352652788162
train/reconstruction,32700.0,0.045052140951156616
train/reconstruction,32750.0,0.04656827449798584
train/reconstruction,32800.0,0.04943881928920746
train/reconstruction,32850.0,0.04461922124028206
train/reconstruction,32900.0,0.05120240896940231
train/reconstruction,32950.0,0.04689677804708481
train/reconstruction,33000.0,0.04532434046268463
train/reconstruction,33050.0,0.05137172341346741
train/reconstruction,33100.0,0.04628489911556244
train/reconstruction,33150.0,0.049176089465618134
train/reconstruction,33200.0,0.04946715384721756
train/reconstruction,33250.0,0.04279819503426552
train/reconstruction,33300.0,0.044005971401929855
train/reconstruction,33350.0,0.05186406522989273
train/reconstruction,33400.0,0.04534697160124779
train/reconstruction,33450.0,0.04644737392663956
train/reconstruction,33500.0,0.047546353191137314
train/reconstruction,33550.0,0.048922501504421234
train/reconstruction,33600.0,0.047600578516721725
train/reconstruction,33650.0,0.04676003009080887
train/reconstruction,33700.0,0.04913455992937088
train/reconstruction,33750.0,0.04354596883058548
train/reconstruction,33800.0,0.05353497713804245
train/reconstruction,33850.0,0.04315781220793724
train/reconstruction,33900.0,0.04797402769327164
train/reconstruction,33950.0,0.04486273229122162
train/reconstruction,34000.0,0.04785245284438133
train/reconstruction,34050.0,0.04670821130275726
train/reconstruction,34100.0,0.04582102224230766
train/reconstruction,34150.0,0.04485015571117401
train/reconstruction,34200.0,0.046562522649765015
train/reconstruction,34250.0,0.045286089181900024
train/reconstruction,34300.0,0.04845805838704109
train/reconstruction,34350.0,0.04472767561674118
train/reconstruction,34400.0,0.044679176062345505
train/reconstruction,34450.0,0.04192400723695755
train/reconstruction,34500.0,0.05197905749082565
train/reconstruction,34550.0,0.043590109795331955
train/reconstruction,34600.0,0.044916920363903046
train/reconstruction,34650.0,0.04648146778345108
train/reconstruction,34700.0,0.047123800963163376
train/reconstruction,34750.0,0.043880645185709
train/reconstruction,34800.0,0.04854647070169449
train/reconstruction,34850.0,0.04812940955162048
train/reconstruction,34900.0,0.047271937131881714
train/reconstruction,34950.0,0.04375309497117996
train/reconstruction,35000.0,0.048650309443473816
train/reconstruction,35050.0,0.04684546962380409
train/reconstruction,35100.0,0.04550729691982269
train/reconstruction,35150.0,0.051008857786655426
train/reconstruction,35200.0,0.04293222725391388
train/reconstruction,35250.0,0.04419679567217827
train/reconstruction,35300.0,0.04834636300802231
train/reconstruction,35350.0,0.0503530353307724
train/reconstruction,35400.0,0.04606617987155914
train/reconstruction,35450.0,0.04584362730383873
train/reconstruction,35500.0,0.04635017365217209
train/reconstruction,35550.0,0.05254574120044708
train/reconstruction,35600.0,0.049052778631448746
train/reconstruction,35650.0,0.047911230474710464
train/reconstruction,35700.0,0.04525424540042877
train/reconstruction,35750.0,0.045975763350725174
train/reconstruction,35800.0,0.04466274380683899
train/reconstruction,35850.0,0.045306313782930374
train/reconstruction,35900.0,0.047674693167209625
train/reconstruction,35950.0,0.045010045170784
train/reconstruction,36000.0,0.046699728816747665
train/reconstruction,36050.0,0.046059757471084595
train/reconstruction,36100.0,0.05161599814891815
train/reconstruction,36150.0,0.043910663574934006
train/reconstruction,36200.0,0.04257440194487572
train/reconstruction,36250.0,0.049182724207639694
train/reconstruction,36300.0,0.04430152103304863
train/reconstruction,36350.0,0.047001685947179794
train/reconstruction,36400.0,0.04814283922314644
train/reconstruction,36450.0,0.05188407003879547
train/reconstruction,36500.0,0.046560972929000854
train/reconstruction,36550.0,0.04667849466204643
train/reconstruction,36600.0,0.0463583767414093
train/reconstruction,36650.0,0.04764590784907341
train/reconstruction,36700.0,0.04912357032299042
train/reconstruction,36750.0,0.03979911655187607
train/reconstruction,36800.0,0.045666877180337906
train/reconstruction,36850.0,0.04559856653213501
train/reconstruction,36900.0,0.04620756208896637
train/reconstruction,36950.0,0.04509247466921806
train/reconstruction,37000.0,0.05289541184902191
train/reconstruction,37050.0,0.04807761684060097
train/reconstruction,37100.0,0.0505530908703804
train/reconstruction,37150.0,0.04416899383068085
train/reconstruction,37200.0,0.04836699739098549
train/reconstruction,37250.0,0.044098660349845886
train/reconstruction,37300.0,0.0457720048725605
train/reconstruction,37350.0,0.04426068067550659
train/reconstruction,37400.0,0.04359753057360649
train/reconstruction,37450.0,0.05145850405097008
train/reconstruction,37500.0,0.05078259855508804
train/reconstruction,37550.0,0.048221275210380554
train/reconstruction,37600.0,0.048991505056619644
train/reconstruction,37650.0,0.04540600627660751
train/reconstruction,37700.0,0.04600862041115761
train/reconstruction,37750.0,0.04500748962163925
train/reconstruction,37800.0,0.049032777547836304
train/reconstruction,37850.0,0.044518377631902695
train/reconstruction,37900.0,0.049692220985889435
train/reconstruction,37950.0,0.04607876017689705
train/reconstruction,38000.0,0.04703666642308235
train/reconstruction,38050.0,0.04624061658978462
train/reconstruction,38100.0,0.04909102991223335
train/reconstruction,38150.0,0.048244766891002655
train/reconstruction,38200.0,0.05111699551343918
train/reconstruction,38250.0,0.047041866928339005
train/reconstruction,38300.0,0.044188015162944794
train/reconstruction,38350.0,0.046344488859176636
train/reconstruction,38400.0,0.04622552543878555
train/reconstruction,38450.0,0.04594099521636963
train/reconstruction,38500.0,0.04113437235355377
train/reconstruction,38550.0,0.04607391357421875
train/reconstruction,38600.0,0.04670167714357376
train/reconstruction,38650.0,0.04318675398826599
train/reconstruction,38700.0,0.04789256304502487
train/reconstruction,38750.0,0.04576750099658966
train/reconstruction,38800.0,0.04858768731355667
train/reconstruction,38850.0,0.04492760822176933
train/reconstruction,38900.0,0.04567958414554596
train/reconstruction,38950.0,0.050298094749450684
train/reconstruction,39000.0,0.04926428943872452
train/reconstruction,39050.0,0.048807982355356216
train/reconstruction,39100.0,0.04462933912873268
train/reconstruction,39150.0,0.04708588868379593
train/reconstruction,39200.0,0.04251468554139137
train/reconstruction,39250.0,0.050621792674064636
train/reconstruction,39300.0,0.04367142170667648
train/reconstruction,39350.0,0.04789316654205322
train/reconstruction,39400.0,0.04614574462175369
train/reconstruction,39450.0,0.049974240362644196
train/reconstruction,39500.0,0.04320704936981201
train/reconstruction,39550.0,0.0492638498544693
train/reconstruction,39600.0,0.04345596581697464
train/reconstruction,39650.0,0.04521486163139343
train/reconstruction,39700.0,0.04307203367352486
train/reconstruction,39750.0,0.04910273104906082
train/reconstruction,39800.0,0.052163854241371155
train/reconstruction,39850.0,0.04895249009132385
train/reconstruction,39900.0,0.047520074993371964
train/reconstruction,39950.0,0.04590092971920967
train/reconstruction,40000.0,0.045878637582063675
train/reconstruction,40050.0,0.04600539058446884
train/reconstruction,40100.0,0.04882745444774628
train/reconstruction,40150.0,0.04565351828932762
train/reconstruction,40200.0,0.04878127574920654
train/reconstruction,40250.0,0.04605869576334953
train/reconstruction,40300.0,0.04947875067591667
train/reconstruction,40350.0,0.04678772762417793
train/reconstruction,40400.0,0.04297315329313278
train/reconstruction,40450.0,0.043280359357595444
train/reconstruction,40500.0,0.046764496713876724
train/reconstruction,40550.0,0.04865045100450516
train/reconstruction,40600.0,0.049754634499549866
train/reconstruction,40650.0,0.04553582891821861
train/reconstruction,40700.0,0.04675865173339844
train/reconstruction,40750.0,0.04775016009807587
train/reconstruction,40800.0,0.03824298083782196
train/reconstruction,40850.0,0.04395484924316406
train/reconstruction,40900.0,0.047136835753917694
train/reconstruction,40950.0,0.05063633248209953
train/reconstruction,41000.0,0.05009591206908226
train/reconstruction,41050.0,0.05011199414730072
train/reconstruction,41100.0,0.0455230213701725
train/reconstruction,41150.0,0.04879714548587799
train/reconstruction,41200.0,0.04495241120457649
train/reconstruction,41250.0,0.05086788162589073
train/reconstruction,41300.0,0.05258195847272873
train/reconstruction,41350.0,0.04259198158979416
train/reconstruction,41400.0,0.04691106081008911
train/reconstruction,41450.0,0.04744020849466324
train/reconstruction,41500.0,0.04713364690542221
train/reconstruction,41550.0,0.045879513025283813
train/reconstruction,41600.0,0.04664316773414612
train/reconstruction,41650.0,0.04594649747014046
train/reconstruction,41700.0,0.04460005834698677
train/reconstruction,41750.0,0.04346358776092529
train/reconstruction,41800.0,0.04825814813375473
train/reconstruction,41850.0,0.04687749966979027
train/reconstruction,41900.0,0.04880343750119209
train/reconstruction,41950.0,0.045829758048057556
train/reconstruction,42000.0,0.04534436762332916
train/reconstruction,42050.0,0.04597606509923935
train/reconstruction,42100.0,0.04731491580605507
train/reconstruction,42150.0,0.04416565224528313
train/reconstruction,42200.0,0.05164840817451477
train/reconstruction,42250.0,0.04505866393446922
train/reconstruction,42300.0,0.04616151005029678
train/reconstruction,42350.0,0.04771529883146286
train/reconstruction,42400.0,0.04714774340391159
train/reconstruction,42450.0,0.0504886731505394
train/reconstruction,42500.0,0.04530532658100128
train/reconstruction,42550.0,0.04586682468652725
train/reconstruction,42600.0,0.044980488717556
train/reconstruction,42650.0,0.04725809395313263
train/reconstruction,42700.0,0.046690717339515686
train/reconstruction,42750.0,0.044709712266922
train/reconstruction,42800.0,0.043976470828056335
train/reconstruction,42850.0,0.04870321974158287
train/reconstruction,42900.0,0.045575305819511414
train/reconstruction,42950.0,0.04941536486148834
train/reconstruction,43000.0,0.044982485473155975
train/reconstruction,43050.0,0.04317343980073929
train/reconstruction,43100.0,0.04980580508708954
train/reconstruction,43150.0,0.045889560133218765
train/reconstruction,43200.0,0.04845210909843445
train/reconstruction,43250.0,0.04183978587388992
train/reconstruction,43300.0,0.048825766891241074
train/reconstruction,43350.0,0.046349234879016876
train/reconstruction,43400.0,0.04765991121530533
train/reconstruction,43450.0,0.046861179172992706
train/reconstruction,43500.0,0.047744423151016235
train/reconstruction,43550.0,0.04582323133945465
train/reconstruction,43600.0,0.048474013805389404
train/reconstruction,43650.0,0.04617953300476074
train/reconstruction,43700.0,0.04704776406288147
train/reconstruction,43750.0,0.04283576458692551
train/reconstruction,43800.0,0.047739505767822266
train/reconstruction,43850.0,0.04655797779560089
train/reconstruction,43900.0,0.04459669068455696
train/reconstruction,43950.0,0.05022908002138138
train/reconstruction,44000.0,0.04331766068935394
train/reconstruction,44050.0,0.045100435614585876
train/reconstruction,44100.0,0.04719913750886917
train/reconstruction,44150.0,0.04591399431228638
train/reconstruction,44200.0,0.046146195381879807
train/reconstruction,44250.0,0.044557273387908936
train/reconstruction,44300.0,0.05038850009441376
train/reconstruction,44350.0,0.04340493679046631
train/reconstruction,44400.0,0.045782752335071564
train/reconstruction,44450.0,0.044038672000169754
train/reconstruction,44500.0,0.04473581165075302
train/reconstruction,44550.0,0.0502370223402977
train/reconstruction,44600.0,0.045819543302059174
train/reconstruction,44650.0,0.047568947076797485
train/reconstruction,44700.0,0.0487394705414772
train/reconstruction,44750.0,0.04395875334739685
train/reconstruction,44800.0,0.046270906925201416
train/reconstruction,44850.0,0.047400642186403275
train/reconstruction,44900.0,0.046528540551662445
train/reconstruction,44950.0,0.046651147305965424
train/reconstruction,45000.0,0.04507080093026161
train/reconstruction,45050.0,0.04654629901051521
train/reconstruction,45100.0,0.04451374709606171
train/reconstruction,45150.0,0.046790510416030884
train/reconstruction,45200.0,0.04948461428284645
train/reconstruction,45250.0,0.04512275010347366
train/reconstruction,45300.0,0.03934973478317261
train/reconstruction,45350.0,0.049124207347631454
train/reconstruction,45400.0,0.0415801927447319
train/reconstruction,45450.0,0.0399247445166111
train/reconstruction,45500.0,0.04547111317515373
train/reconstruction,45550.0,0.04675858095288277
train/reconstruction,45600.0,0.0486542172729969
train/reconstruction,45650.0,0.045612774789333344
train/reconstruction,45700.0,0.04371330887079239
train/reconstruction,45750.0,0.04080788046121597
train/reconstruction,45800.0,0.04222152754664421
train/reconstruction,45850.0,0.04782402887940407
train/reconstruction,45900.0,0.04866783693432808
train/reconstruction,45950.0,0.048510123044252396
train/reconstruction,46000.0,0.04427085444331169
train/reconstruction,46050.0,0.04362918436527252
train/reconstruction,46100.0,0.046852629631757736
train/reconstruction,46150.0,0.05138487368822098
train/reconstruction,46200.0,0.04877941682934761
train/reconstruction,46250.0,0.04889502003788948
train/reconstruction,46300.0,0.04889385774731636
train/reconstruction,46350.0,0.044421784579753876
train/reconstruction,46400.0,0.04844033718109131
train/reconstruction,46450.0,0.04209502041339874
train/reconstruction,46500.0,0.04668774455785751
train/reconstruction,46550.0,0.04337722808122635
train/reconstruction,46600.0,0.04524346441030502
train/reconstruction,46650.0,0.046747930347919464
train/reconstruction,46700.0,0.045525677502155304
train/reconstruction,46750.0,0.04155886173248291
train/reconstruction,46800.0,0.047839052975177765
train/reconstruction,46850.0,0.04842599853873253
train/reconstruction,46900.0,0.04679499939084053
train/reconstruction,46950.0,0.04975736141204834
train/reconstruction,47000.0,0.04880491644144058
train/reconstruction,47050.0,0.044386543333530426
train/reconstruction,47100.0,0.04732127487659454
train/reconstruction,47150.0,0.04549581930041313
train/reconstruction,47200.0,0.045215945690870285
train/reconstruction,47250.0,0.045821573585271835
train/reconstruction,47300.0,0.04572444409132004
train/reconstruction,47350.0,0.04494166001677513
train/reconstruction,47400.0,0.04221614450216293
train/reconstruction,47450.0,0.0411895215511322
train/reconstruction,47500.0,0.045937053859233856
train/reconstruction,47550.0,0.04250984638929367
train/reconstruction,47600.0,0.04824710637331009
train/reconstruction,47650.0,0.04771013557910919
train/reconstruction,47700.0,0.04376259818673134
train/reconstruction,47750.0,0.045807916671037674
train/reconstruction,47800.0,0.04520415887236595
train/reconstruction,47850.0,0.046642377972602844
train/reconstruction,47900.0,0.04626481980085373
train/reconstruction,47950.0,0.04656665772199631
train/reconstruction,48000.0,0.044597286731004715
train/reconstruction,48050.0,0.04824170097708702
train/reconstruction,48100.0,0.046115025877952576
train/reconstruction,48150.0,0.05030421167612076
train/reconstruction,48200.0,0.04806792736053467
train/reconstruction,48250.0,0.04467245936393738
train/reconstruction,48300.0,0.0471147745847702
train/reconstruction,48350.0,0.04546196013689041
train/reconstruction,48400.0,0.046304307878017426
train/reconstruction,48450.0,0.04750264436006546
train/reconstruction,48500.0,0.04422088712453842
train/reconstruction,48550.0,0.042976319789886475
train/reconstruction,48600.0,0.04387054592370987
train/reconstruction,48650.0,0.038798972964286804
train/reconstruction,48700.0,0.05198594927787781
train/reconstruction,48750.0,0.04537195712327957
train/reconstruction,48800.0,0.041967205703258514
train/reconstruction,48850.0,0.04509730637073517
train/reconstruction,48900.0,0.04887046664953232
train/reconstruction,48950.0,0.039900511503219604
train/reconstruction,49000.0,0.042671266943216324
train/reconstruction,49050.0,0.04428728669881821
train/reconstruction,49100.0,0.04491237550973892
train/reconstruction,49150.0,0.046308483928442
train/reconstruction,49200.0,0.0483289510011673
train/reconstruction,49250.0,0.045888032764196396
train/reconstruction,49300.0,0.04696502909064293
train/reconstruction,49350.0,0.04400394484400749
train/reconstruction,49400.0,0.04638627916574478
train/reconstruction,49450.0,0.04682028293609619
train/reconstruction,49500.0,0.051283832639455795
train/reconstruction,49550.0,0.05231017619371414
train/reconstruction,49600.0,0.046066123992204666
train/reconstruction,49650.0,0.04674578085541725
train/reconstruction,49700.0,0.041648369282484055
train/reconstruction,49750.0,0.04910687729716301
train/reconstruction,49800.0,0.04671519622206688
train/reconstruction,49850.0,0.04551013559103012
train/reconstruction,49900.0,0.04308537393808365
train/reconstruction,49950.0,0.047694623470306396
train/reconstruction,50000.0,0.04237637668848038
train/reconstruction,50050.0,0.04426264762878418
train/reconstruction,50100.0,0.04841374605894089
train/reconstruction,50150.0,0.056919507682323456
train/reconstruction,50200.0,0.04615331068634987
train/reconstruction,50250.0,0.04371848702430725
train/reconstruction,50300.0,0.04788102209568024
train/reconstruction,50350.0,0.04571695625782013
train/reconstruction,50400.0,0.0464547723531723
train/reconstruction,50450.0,0.04551764577627182
train/reconstruction,50500.0,0.042664527893066406
train/reconstruction,50550.0,0.04671858996152878
train/reconstruction,50600.0,0.04443884640932083
train/reconstruction,50650.0,0.04502400755882263
train/reconstruction,50700.0,0.04600639268755913
train/reconstruction,50750.0,0.046818625181913376
train/reconstruction,50800.0,0.050714604556560516
train/reconstruction,50850.0,0.042673684656620026
train/reconstruction,50900.0,0.045413970947265625
train/reconstruction,50950.0,0.04866640642285347
train/reconstruction,51000.0,0.045553553849458694
train/reconstruction,51050.0,0.046434059739112854
train/reconstruction,51100.0,0.04467112943530083
train/reconstruction,51150.0,0.04772558808326721
train/reconstruction,51200.0,0.047735653817653656
train/reconstruction,51250.0,0.04241274297237396
train/reconstruction,51300.0,0.04926936328411102
train/reconstruction,51350.0,0.052443090826272964
train/reconstruction,51400.0,0.04431872069835663
train/reconstruction,51450.0,0.046069689095020294
train/reconstruction,51500.0,0.042744461447000504
train/reconstruction,51550.0,0.04257461801171303
train/reconstruction,51600.0,0.04325252026319504
train/reconstruction,51650.0,0.04708452522754669
train/reconstruction,51700.0,0.049750275909900665
train/reconstruction,51750.0,0.05116725340485573
train/reconstruction,51800.0,0.05103331804275513
train/reconstruction,51850.0,0.04582973197102547
train/reconstruction,51900.0,0.040356773883104324
train/reconstruction,51950.0,0.04717405140399933
train/reconstruction,52000.0,0.04204254969954491
train/reconstruction,52050.0,0.045769695192575455
train/reconstruction,52100.0,0.045688070356845856
train/reconstruction,52150.0,0.04521583393216133
train/reconstruction,52200.0,0.04806318134069443
train/reconstruction,52250.0,0.04314911365509033
train/reconstruction,52300.0,0.03907722234725952
train/reconstruction,52350.0,0.0446416437625885
train/reconstruction,52400.0,0.047084033489227295
train/reconstruction,52450.0,0.048005081713199615
train/reconstruction,52500.0,0.04706061631441116
train/reconstruction,52550.0,0.05210896208882332
train/reconstruction,52600.0,0.04313385859131813
train/reconstruction,52650.0,0.048000507056713104
train/reconstruction,52700.0,0.048936620354652405
train/reconstruction,52750.0,0.044856198132038116
train/reconstruction,52800.0,0.0486207976937294
train/reconstruction,52850.0,0.04494335874915123
train/reconstruction,52900.0,0.05186910927295685
train/reconstruction,52950.0,0.04646168649196625
train/reconstruction,53000.0,0.04491608217358589
train/reconstruction,53050.0,0.04350987821817398
train/reconstruction,53100.0,0.0439055971801281
train/reconstruction,53150.0,0.044756487011909485
train/reconstruction,53200.0,0.044951051473617554
train/reconstruction,53250.0,0.04760485887527466
train/reconstruction,53300.0,0.04973262548446655
train/reconstruction,53350.0,0.04685128107666969
train/reconstruction,53400.0,0.04570408910512924
train/reconstruction,53450.0,0.048660632222890854
train/reconstruction,53500.0,0.045192744582891464
train/reconstruction,53550.0,0.04763336479663849
train/reconstruction,53600.0,0.047936536371707916
train/reconstruction,53650.0,0.0459301695227623
train/reconstruction,53700.0,0.04548246040940285
train/reconstruction,53750.0,0.04184025898575783
train/reconstruction,53800.0,0.0419214628636837
train/reconstruction,53850.0,0.04421340674161911
train/reconstruction,53900.0,0.0456777848303318
train/reconstruction,53950.0,0.04678122326731682
train/reconstruction,54000.0,0.050137512385845184
train/reconstruction,54050.0,0.04293913021683693
train/reconstruction,54100.0,0.040777403861284256
train/reconstruction,54150.0,0.04641430452466011
train/reconstruction,54200.0,0.0429283045232296
train/reconstruction,54250.0,0.05370555445551872
train/reconstruction,54300.0,0.04930794984102249
train/reconstruction,54350.0,0.039074525237083435
train/reconstruction,54400.0,0.04276823252439499
train/reconstruction,54450.0,0.04809257388114929
train/reconstruction,54500.0,0.046012938022613525
train/reconstruction,54550.0,0.04763416945934296
train/reconstruction,54600.0,0.04480433464050293
train/reconstruction,54650.0,0.04300948232412338
train/reconstruction,54700.0,0.04652559757232666
train/reconstruction,54750.0,0.0460105799138546
train/reconstruction,54800.0,0.045213378965854645
train/reconstruction,54850.0,0.042646050453186035
train/reconstruction,54900.0,0.045269675552845
train/reconstruction,54950.0,0.046713635325431824
train/reconstruction,55000.0,0.042452987283468246
train/reconstruction,55050.0,0.048646874725818634
train/reconstruction,55100.0,0.044659633189439774
train/reconstruction,55150.0,0.042646847665309906
train/reconstruction,55200.0,0.04709867388010025
train/reconstruction,55250.0,0.04996160417795181
train/reconstruction,55300.0,0.044868674129247665
train/reconstruction,55350.0,0.04553378373384476
train/reconstruction,55400.0,0.046016108244657516
train/reconstruction,55450.0,0.048211414366960526
train/reconstruction,55500.0,0.04609708860516548
train/reconstruction,55550.0,0.04868795722723007
train/reconstruction,55600.0,0.045310571789741516
train/reconstruction,55650.0,0.04834835231304169
train/reconstruction,55700.0,0.049228083342313766
train/reconstruction,55750.0,0.039535559713840485
train/reconstruction,55800.0,0.045696042478084564
train/reconstruction,55850.0,0.04786314070224762
train/reconstruction,55900.0,0.04741263389587402
train/reconstruction,55950.0,0.048462819308042526
train/reconstruction,56000.0,0.04666365310549736
train/reconstruction,56050.0,0.04389968514442444
train/reconstruction,56100.0,0.049017418175935745
train/reconstruction,56150.0,0.045800015330314636
train/reconstruction,56200.0,0.0430624820291996
train/reconstruction,56250.0,0.04304799437522888
train/reconstruction,56300.0,0.046335719525814056
train/reconstruction,56350.0,0.044048845767974854
train/reconstruction,56400.0,0.04829145222902298
train/reconstruction,56450.0,0.05195127800107002
train/reconstruction,56500.0,0.05047747120261192
train/reconstruction,56550.0,0.04375617578625679
train/reconstruction,56600.0,0.04582309350371361
train/reconstruction,56650.0,0.04531438648700714
train/reconstruction,56700.0,0.048698607832193375
train/reconstruction,56750.0,0.04557645320892334
train/reconstruction,56800.0,0.0449221096932888
train/reconstruction,56850.0,0.04799795150756836
train/reconstruction,56900.0,0.04719019681215286
train/reconstruction,56950.0,0.045103274285793304
train/reconstruction,57000.0,0.04022713378071785
train/reconstruction,57050.0,0.04942748323082924
train/reconstruction,57100.0,0.04492168128490448
train/reconstruction,57150.0,0.04600230231881142
train/reconstruction,57200.0,0.03911188617348671
train/reconstruction,57250.0,0.043633926659822464
train/reconstruction,57300.0,0.046409741044044495
train/reconstruction,57350.0,0.0532209537923336
train/reconstruction,57400.0,0.051905713975429535
train/reconstruction,57450.0,0.04410748928785324
train/reconstruction,57500.0,0.04618537053465843
train/reconstruction,57550.0,0.044472355395555496
train/reconstruction,57600.0,0.04664139449596405
train/reconstruction,57650.0,0.0437515452504158
train/reconstruction,57700.0,0.049316950142383575
train/reconstruction,57750.0,0.04680658504366875
train/reconstruction,57800.0,0.049344778060913086
train/reconstruction,57850.0,0.04659917205572128
train/reconstruction,57900.0,0.051316745579242706
train/reconstruction,57950.0,0.04723697155714035
train/reconstruction,58000.0,0.04315614327788353
train/reconstruction,58050.0,0.04585685208439827
train/reconstruction,58100.0,0.042415838688611984
train/reconstruction,58150.0,0.04244621470570564
train/reconstruction,58200.0,0.04417933523654938
train/reconstruction,58250.0,0.0525532141327858
train/reconstruction,58300.0,0.043626926839351654
train/reconstruction,58350.0,0.05062321573495865
train/reconstruction,58400.0,0.041465774178504944
train/reconstruction,58450.0,0.046038493514060974
train/reconstruction,58500.0,0.04253613203763962
train/reconstruction,58550.0,0.04330313205718994
train/reconstruction,58600.0,0.04337563365697861
train/reconstruction,58650.0,0.045833297073841095
train/reconstruction,58700.0,0.045284710824489594
train/reconstruction,58750.0,0.048660580068826675
train/reconstruction,58800.0,0.04285392537713051
train/reconstruction,58850.0,0.044218551367521286
train/reconstruction,58900.0,0.043825678527355194
train/reconstruction,58950.0,0.047079913318157196
train/reconstruction,59000.0,0.04239329323172569
train/reconstruction,59050.0,0.05104514956474304
train/reconstruction,59100.0,0.045604344457387924
train/reconstruction,59150.0,0.0446387454867363
train/reconstruction,59200.0,0.047185998409986496
train/reconstruction,59250.0,0.04501863569021225
train/reconstruction,59300.0,0.05386395752429962
train/reconstruction,59350.0,0.04420531913638115
train/reconstruction,59400.0,0.04541710391640663
train/reconstruction,59450.0,0.044209074229002
train/reconstruction,59500.0,0.04454382508993149
train/reconstruction,59550.0,0.05587688460946083
train/reconstruction,59600.0,0.04940374195575714
train/reconstruction,59650.0,0.04681040719151497
train/reconstruction,59700.0,0.04273049905896187
train/reconstruction,59750.0,0.049115028232336044
train/reconstruction,59800.0,0.04677508771419525
train/reconstruction,59850.0,0.046100858598947525
train/reconstruction,59900.0,0.04555326700210571
train/reconstruction,59950.0,0.049352213740348816
train/reconstruction,60000.0,0.04740532487630844
train/reconstruction,60050.0,0.06146497279405594
train/reconstruction,60100.0,0.05845910310745239
train/reconstruction,60150.0,0.05907382443547249
train/reconstruction,60200.0,0.056151457130908966
train/reconstruction,60250.0,0.054645389318466187
train/reconstruction,60300.0,0.06649576127529144
train/reconstruction,60350.0,0.05845985561609268
train/reconstruction,60400.0,0.0553421750664711
train/reconstruction,60450.0,0.0580691397190094
train/reconstruction,60500.0,0.05401906743645668
train/reconstruction,60550.0,0.06255977600812912
train/reconstruction,60600.0,0.05842382460832596
train/reconstruction,60650.0,0.05426913872361183
train/reconstruction,60700.0,0.06247731298208237
train/reconstruction,60750.0,0.05187244713306427
train/reconstruction,60800.0,0.05174443870782852
train/reconstruction,60850.0,0.05412951111793518
train/reconstruction,60900.0,0.060091953724622726
train/reconstruction,60950.0,0.05333692207932472
train/reconstruction,61000.0,0.0518178828060627
train/reconstruction,61050.0,0.05061909183859825
train/reconstruction,61100.0,0.059493258595466614
train/reconstruction,61150.0,0.0619695782661438
train/reconstruction,61200.0,0.05516698583960533
train/reconstruction,61250.0,0.05992870032787323
train/reconstruction,61300.0,0.059623487293720245
train/reconstruction,61350.0,0.059198252856731415
train/reconstruction,61400.0,0.05546604469418526
train/reconstruction,61450.0,0.05628559738397598
train/reconstruction,61500.0,0.05653095617890358
train/reconstruction,61550.0,0.06236841157078743
train/reconstruction,61600.0,0.05792894586920738
train/reconstruction,61650.0,0.056407295167446136
train/reconstruction,61700.0,0.056833721697330475
train/reconstruction,61750.0,0.04903976246714592
train/reconstruction,61800.0,0.06730842590332031
train/reconstruction,61850.0,0.05902643874287605
train/reconstruction,61900.0,0.05915294215083122
train/reconstruction,61950.0,0.05873853340744972
train/reconstruction,62000.0,0.06339260935783386
train/reconstruction,62050.0,0.0586649589240551
train/reconstruction,62100.0,0.05362436920404434
train/reconstruction,62150.0,0.05477327108383179
train/reconstruction,62200.0,0.05761434882879257
train/reconstruction,62250.0,0.05913543328642845
train/reconstruction,62300.0,0.05942993238568306
train/reconstruction,62350.0,0.05722319334745407
train/reconstruction,62400.0,0.0543668307363987
train/reconstruction,62450.0,0.05925343185663223
train/reconstruction,62500.0,0.05611944943666458
train/reconstruction,62550.0,0.05466964840888977
train/reconstruction,62600.0,0.056299254298210144
train/reconstruction,62650.0,0.06046513468027115
train/reconstruction,62700.0,0.054557718336582184
train/reconstruction,62750.0,0.057860493659973145
train/reconstruction,62800.0,0.05523302033543587
train/reconstruction,62850.0,0.05993443354964256
train/reconstruction,62900.0,0.0541902631521225
train/reconstruction,62950.0,0.06159025430679321
train/reconstruction,63000.0,0.05643266811966896
train/reconstruction,63050.0,0.05931103974580765
train/reconstruction,63100.0,0.060980990529060364
train/reconstruction,63150.0,0.056132104247808456
train/reconstruction,63200.0,0.056573811918497086
train/reconstruction,63250.0,0.058625705540180206
train/reconstruction,63300.0,0.058873776346445084
train/reconstruction,63350.0,0.0564151331782341
train/reconstruction,63400.0,0.05619964376091957
train/reconstruction,63450.0,0.05853699520230293
train/reconstruction,63500.0,0.0559474416077137
train/reconstruction,63550.0,0.05699967220425606
train/reconstruction,63600.0,0.05461224168539047
train/reconstruction,63650.0,0.058570027351379395
train/reconstruction,63700.0,0.0632711723446846
train/reconstruction,63750.0,0.05415274575352669
train/reconstruction,63800.0,0.058376919478178024
train/reconstruction,63850.0,0.05906330794095993
train/reconstruction,63900.0,0.05211733654141426
train/reconstruction,63950.0,0.058860115706920624
train/reconstruction,64000.0,0.0572504997253418
train/reconstruction,64050.0,0.06024384871125221
train/reconstruction,64100.0,0.055405810475349426
train/reconstruction,64150.0,0.05450914055109024
train/reconstruction,64200.0,0.057565685361623764
train/reconstruction,64250.0,0.061087675392627716
train/reconstruction,64300.0,0.055918652564287186
train/reconstruction,64350.0,0.05883894860744476
train/reconstruction,64400.0,0.06163029372692108
train/reconstruction,64450.0,0.05452472344040871
train/reconstruction,64500.0,0.053792037069797516
train/reconstruction,64550.0,0.05321550369262695
train/reconstruction,64600.0,0.05745001882314682
train/reconstruction,64650.0,0.057586923241615295
train/reconstruction,64700.0,0.059867918491363525
train/reconstruction,64750.0,0.06483842432498932
train/reconstruction,64800.0,0.05455255135893822
train/reconstruction,64850.0,0.05394254997372627
train/reconstruction,64900.0,0.05875132977962494
train/reconstruction,64950.0,0.05526077002286911
train/reconstruction,65000.0,0.059379979968070984
train/reconstruction,65050.0,0.05696707218885422
train/reconstruction,65100.0,0.05939890444278717
train/reconstruction,65150.0,0.06440388411283493
train/reconstruction,65200.0,0.055570200085639954
train/reconstruction,65250.0,0.060113582760095596
train/reconstruction,65300.0,0.05838403478264809
train/reconstruction,65350.0,0.05227116122841835
train/reconstruction,65400.0,0.06033723056316376
train/reconstruction,65450.0,0.05801618844270706
train/reconstruction,65500.0,0.061707090586423874
train/reconstruction,65550.0,0.0543232187628746
train/reconstruction,65600.0,0.055253032594919205
train/reconstruction,65650.0,0.05990052968263626
train/reconstruction,65700.0,0.05803551897406578
train/reconstruction,65750.0,0.06863515824079514
train/reconstruction,65800.0,0.05009864643216133
train/reconstruction,65850.0,0.05555116385221481
train/reconstruction,65900.0,0.06411729753017426
train/reconstruction,65950.0,0.059661947190761566
train/reconstruction,66000.0,0.054216135293245316
train/reconstruction,66050.0,0.06006200611591339
train/reconstruction,66100.0,0.056463129818439484
train/reconstruction,66150.0,0.06177803874015808
train/reconstruction,66200.0,0.05833024904131889
train/reconstruction,66250.0,0.053308069705963135
train/reconstruction,66300.0,0.06455521285533905
train/reconstruction,66350.0,0.05441349744796753
train/reconstruction,66400.0,0.05566095560789108
train/reconstruction,66450.0,0.0619354248046875
train/reconstruction,66500.0,0.05985520780086517
train/reconstruction,66550.0,0.0602828785777092
train/reconstruction,66600.0,0.058863118290901184
train/reconstruction,66650.0,0.0556960366666317
train/reconstruction,66700.0,0.06148797646164894
train/reconstruction,66750.0,0.06123720481991768
train/reconstruction,66800.0,0.053510747849941254
train/reconstruction,66850.0,0.06305064260959625
train/reconstruction,66900.0,0.057200539857149124
train/reconstruction,66950.0,0.05670531839132309
train/reconstruction,67000.0,0.05271569639444351
train/reconstruction,67050.0,0.06250331550836563
train/reconstruction,67100.0,0.049355000257492065
train/reconstruction,67150.0,0.06276758015155792
train/reconstruction,67200.0,0.05965498834848404
train/reconstruction,67250.0,0.05304200202226639
train/reconstruction,67300.0,0.06714757531881332
train/reconstruction,67350.0,0.06051870062947273
train/reconstruction,67400.0,0.05372487008571625
train/reconstruction,67450.0,0.05999644100666046
train/reconstruction,67500.0,0.060472991317510605
train/reconstruction,67550.0,0.06028299778699875
train/reconstruction,67600.0,0.05349200963973999
train/reconstruction,67650.0,0.053173452615737915
train/reconstruction,67700.0,0.06182681769132614
train/reconstruction,67750.0,0.059377044439315796
train/reconstruction,67800.0,0.059229545295238495
train/reconstruction,67850.0,0.05896884202957153
train/reconstruction,67900.0,0.05609271675348282
train/reconstruction,67950.0,0.05258137732744217
train/reconstruction,68000.0,0.055705610662698746
train/reconstruction,68050.0,0.05812335014343262
train/reconstruction,68100.0,0.06391934305429459
train/reconstruction,68150.0,0.05272911116480827
train/reconstruction,68200.0,0.05667637288570404
train/reconstruction,68250.0,0.057222358882427216
train/reconstruction,68300.0,0.0625496506690979
train/reconstruction,68350.0,0.054337672889232635
train/reconstruction,68400.0,0.0484001450240612
train/reconstruction,68450.0,0.059734366834163666
train/reconstruction,68500.0,0.0564274787902832
train/reconstruction,68550.0,0.056820765137672424
train/reconstruction,68600.0,0.06312049180269241
train/reconstruction,68650.0,0.0607508048415184
train/reconstruction,68700.0,0.05815836042165756
train/reconstruction,68750.0,0.05784093216061592
train/reconstruction,68800.0,0.058012887835502625
train/reconstruction,68850.0,0.0552070289850235
train/reconstruction,68900.0,0.05551466345787048
train/reconstruction,68950.0,0.059991396963596344
train/reconstruction,69000.0,0.06177961826324463
train/reconstruction,69050.0,0.05973798781633377
train/reconstruction,69100.0,0.05669516324996948
train/reconstruction,69150.0,0.05412419140338898
train/reconstruction,69200.0,0.058388207107782364
train/reconstruction,69250.0,0.05472637712955475
train/reconstruction,69300.0,0.062385424971580505
train/reconstruction,69350.0,0.05867660790681839
train/reconstruction,69400.0,0.06497564911842346
train/reconstruction,69450.0,0.05107899755239487
train/reconstruction,69500.0,0.05564971640706062
train/reconstruction,69550.0,0.05795104056596756
train/reconstruction,69600.0,0.05670638754963875
train/reconstruction,69650.0,0.057219248265028
train/reconstruction,69700.0,0.05713164806365967
train/reconstruction,69750.0,0.059540823101997375
train/reconstruction,69800.0,0.056920409202575684
train/reconstruction,69850.0,0.05786088854074478
train/reconstruction,69900.0,0.05468012019991875
train/reconstruction,69950.0,0.05782797560095787
train/reconstruction,70000.0,0.05279563367366791
train/reconstruction,70050.0,0.053132496774196625
train/reconstruction,70100.0,0.05423906818032265
train/reconstruction,70150.0,0.053559452295303345
train/reconstruction,70200.0,0.05627245455980301
train/reconstruction,70250.0,0.05477973446249962
train/reconstruction,70300.0,0.05493708327412605
train/reconstruction,70350.0,0.05738458409905434
train/reconstruction,70400.0,0.05052477866411209
train/reconstruction,70450.0,0.04985599219799042
train/reconstruction,70500.0,0.0520668625831604
train/reconstruction,70550.0,0.054782167077064514
train/reconstruction,70600.0,0.06278835237026215
train/reconstruction,70650.0,0.05837879702448845
train/reconstruction,70700.0,0.056394197046756744
train/reconstruction,70750.0,0.058758895844221115
train/reconstruction,70800.0,0.054387763142585754
train/reconstruction,70850.0,0.05461449176073074
train/reconstruction,70900.0,0.059646621346473694
train/reconstruction,70950.0,0.05538658797740936
train/reconstruction,71000.0,0.057852063328027725
train/reconstruction,71050.0,0.05523676425218582
train/reconstruction,71100.0,0.053518734872341156
train/reconstruction,71150.0,0.0597737655043602
train/reconstruction,71200.0,0.05814985930919647
train/reconstruction,71250.0,0.05924716964364052
train/reconstruction,71300.0,0.06194590777158737
train/reconstruction,71350.0,0.06259479373693466
train/reconstruction,71400.0,0.055234260857105255
train/reconstruction,71450.0,0.050708115100860596
train/reconstruction,71500.0,0.05985190346837044
train/reconstruction,71550.0,0.056715723127126694
train/reconstruction,71600.0,0.06157373636960983
train/reconstruction,71650.0,0.051623374223709106
train/reconstruction,71700.0,0.06065163016319275
train/reconstruction,71750.0,0.05513076111674309
train/reconstruction,71800.0,0.051369041204452515
train/reconstruction,71850.0,0.05395511910319328
train/reconstruction,71900.0,0.06302469968795776
train/reconstruction,71950.0,0.05578373372554779
train/reconstruction,72000.0,0.06421192735433578
train/reconstruction,72050.0,0.059668734669685364
train/reconstruction,72100.0,0.059442806988954544
train/reconstruction,72150.0,0.06096060946583748
train/reconstruction,72200.0,0.05494626984000206
train/reconstruction,72250.0,0.05100414901971817
train/reconstruction,72300.0,0.05630963295698166
train/reconstruction,72350.0,0.05631685629487038
train/reconstruction,72400.0,0.05567499250173569
train/reconstruction,72450.0,0.05552411824464798
train/reconstruction,72500.0,0.06355178356170654
train/reconstruction,72550.0,0.06074424833059311
train/reconstruction,72600.0,0.055758338421583176
train/reconstruction,72650.0,0.056732386350631714
train/reconstruction,72700.0,0.05689992010593414
train/reconstruction,72750.0,0.05992692708969116
train/reconstruction,72800.0,0.06589873880147934
train/reconstruction,72850.0,0.05420670658349991
train/reconstruction,72900.0,0.059594325721263885
train/reconstruction,72950.0,0.060981087386608124
train/reconstruction,73000.0,0.05368836969137192
train/reconstruction,73050.0,0.05305493623018265
train/reconstruction,73100.0,0.05557878687977791
train/reconstruction,73150.0,0.05314137786626816
train/reconstruction,73200.0,0.06052970513701439
train/reconstruction,73250.0,0.05693604052066803
train/reconstruction,73300.0,0.05451223626732826
train/reconstruction,73350.0,0.055297233164310455
train/reconstruction,73400.0,0.06362137943506241
train/reconstruction,73450.0,0.057083211839199066
train/reconstruction,73500.0,0.06204213201999664
train/reconstruction,73550.0,0.0592748187482357
train/reconstruction,73600.0,0.052892107516527176
train/reconstruction,73650.0,0.05522504076361656
train/reconstruction,73700.0,0.05320436879992485
train/reconstruction,73750.0,0.05597281455993652
train/reconstruction,73800.0,0.060902662575244904
train/reconstruction,73850.0,0.05585981160402298
train/reconstruction,73900.0,0.05396415665745735
train/reconstruction,73950.0,0.05893103778362274
train/reconstruction,74000.0,0.0596582293510437
train/reconstruction,74050.0,0.061602216213941574
train/reconstruction,74100.0,0.06338520348072052
train/reconstruction,74150.0,0.06610239297151566
train/reconstruction,74200.0,0.056174032390117645
train/reconstruction,74250.0,0.05721670389175415
train/reconstruction,74300.0,0.05825885385274887
train/reconstruction,74350.0,0.058364298194646835
train/reconstruction,74400.0,0.05760538950562477
train/reconstruction,74450.0,0.06057904660701752
train/reconstruction,74500.0,0.058263856917619705
train/reconstruction,74550.0,0.05549855902791023
train/reconstruction,74600.0,0.06375692784786224
train/reconstruction,74650.0,0.05082722008228302
train/reconstruction,74700.0,0.059602003544569016
train/reconstruction,74750.0,0.06382423639297485
train/reconstruction,74800.0,0.054023902863264084
train/reconstruction,74850.0,0.061427079141139984
train/reconstruction,74900.0,0.056144826114177704
train/reconstruction,74950.0,0.06074024364352226
train/reconstruction,75000.0,0.05285964161157608
train/reconstruction,75050.0,0.06018327176570892
train/reconstruction,75100.0,0.058951981365680695
train/reconstruction,75150.0,0.05872983857989311
train/reconstruction,75200.0,0.05533339083194733
train/reconstruction,75250.0,0.05628539249300957
train/reconstruction,75300.0,0.05258496105670929
train/reconstruction,75350.0,0.06001296266913414
train/reconstruction,75400.0,0.055989429354667664
train/reconstruction,75450.0,0.059889912605285645
train/reconstruction,75500.0,0.05910002067685127
train/reconstruction,75550.0,0.05827532336115837
train/reconstruction,75600.0,0.055739231407642365
train/reconstruction,75650.0,0.05292131006717682
train/reconstruction,75700.0,0.05807550251483917
train/reconstruction,75750.0,0.05285682529211044
train/reconstruction,75800.0,0.05658719688653946
train/reconstruction,75850.0,0.05575763061642647
train/reconstruction,75900.0,0.05890620872378349
train/reconstruction,75950.0,0.05302158743143082
train/reconstruction,76000.0,0.06247317045927048
train/reconstruction,76050.0,0.05692918598651886
train/reconstruction,76100.0,0.04636005312204361
train/reconstruction,76150.0,0.05455021932721138
train/reconstruction,76200.0,0.059176407754421234
train/reconstruction,76250.0,0.05201507359743118
train/reconstruction,76300.0,0.053492382168769836
train/reconstruction,76350.0,0.05758463218808174
train/reconstruction,76400.0,0.053596094250679016
train/reconstruction,76450.0,0.052951935678720474
train/reconstruction,76500.0,0.057393915951251984
train/reconstruction,76550.0,0.06495954096317291
train/reconstruction,76600.0,0.05679701641201973
train/reconstruction,76650.0,0.05609641596674919
train/reconstruction,76700.0,0.060754626989364624
train/reconstruction,76750.0,0.06179235130548477
train/reconstruction,76800.0,0.06064543500542641
train/reconstruction,76850.0,0.04781956970691681
train/reconstruction,76900.0,0.05501410737633705
train/reconstruction,76950.0,0.05887070298194885
train/reconstruction,77000.0,0.06135605648159981
train/reconstruction,77050.0,0.06258629262447357
train/reconstruction,77100.0,0.05899583175778389
train/reconstruction,77150.0,0.05409564822912216
train/reconstruction,77200.0,0.057190340012311935
train/reconstruction,77250.0,0.05163830518722534
train/reconstruction,77300.0,0.060219138860702515
train/reconstruction,77350.0,0.05324514955282211
train/reconstruction,77400.0,0.05207875743508339
train/reconstruction,77450.0,0.056045323610305786
train/reconstruction,77500.0,0.05074199661612511
train/reconstruction,77550.0,0.05857586860656738
train/reconstruction,77600.0,0.0581599660217762
train/reconstruction,77650.0,0.05566500127315521
train/reconstruction,77700.0,0.0542447566986084
train/reconstruction,77750.0,0.05508757382631302
train/reconstruction,77800.0,0.05776405707001686
train/reconstruction,77850.0,0.054970674216747284
train/reconstruction,77900.0,0.05396031588315964
train/reconstruction,77950.0,0.0591282993555069
train/reconstruction,78000.0,0.056832414120435715
train/reconstruction,78050.0,0.05778471380472183
train/reconstruction,78100.0,0.06418883800506592
train/reconstruction,78150.0,0.05759210139513016
train/reconstruction,78200.0,0.05913698673248291
train/reconstruction,78250.0,0.052391067147254944
train/reconstruction,78300.0,0.057098809629678726
train/reconstruction,78350.0,0.06249743700027466
train/reconstruction,78400.0,0.05830040201544762
train/reconstruction,78450.0,0.06494929641485214
train/reconstruction,78500.0,0.057805586606264114
train/reconstruction,78550.0,0.060538150370121
train/reconstruction,78600.0,0.05995624139904976
train/reconstruction,78650.0,0.058803316205739975
train/reconstruction,78700.0,0.06342324614524841
train/reconstruction,78750.0,0.05800165981054306
train/reconstruction,78800.0,0.05785892531275749
train/reconstruction,78850.0,0.054374657571315765
train/reconstruction,78900.0,0.059225957840681076
train/reconstruction,78950.0,0.05309826508164406
train/reconstruction,79000.0,0.05482547730207443
train/reconstruction,79050.0,0.059412479400634766
train/reconstruction,79100.0,0.05788416415452957
train/reconstruction,79150.0,0.05177788808941841
train/reconstruction,79200.0,0.053309641778469086
train/reconstruction,79250.0,0.05427883565425873
train/reconstruction,79300.0,0.05882098898291588
train/reconstruction,79350.0,0.0549023374915123
train/reconstruction,79400.0,0.05677995830774307
train/reconstruction,79450.0,0.05717155337333679
train/reconstruction,79500.0,0.058103375136852264
train/reconstruction,79550.0,0.06180766224861145
train/reconstruction,79600.0,0.05361929535865784
train/reconstruction,79650.0,0.05699588358402252
train/reconstruction,79700.0,0.05888351798057556
train/reconstruction,79750.0,0.05277390405535698
train/reconstruction,79800.0,0.05259524658322334
train/reconstruction,79850.0,0.06006195396184921
train/reconstruction,79900.0,0.060047537088394165
train/reconstruction,79950.0,0.05970478802919388
train/reconstruction,80000.0,0.0590527281165123
train/velocity_mse,1.0,0.0
train/velocity_mse,50.0,0.0
train/velocity_mse,100.0,0.0
train/velocity_mse,150.0,0.0
train/velocity_mse,200.0,0.0
train/velocity_mse,250.0,0.0
train/velocity_mse,300.0,0.0
train/velocity_mse,350.0,0.0
train/velocity_mse,400.0,0.0
train/velocity_mse,450.0,0.0
train/velocity_mse,500.0,0.0
train/velocity_mse,550.0,0.0
train/velocity_mse,600.0,0.0
train/velocity_mse,650.0,0.0
train/velocity_mse,700.0,0.0
train/velocity_mse,750.0,0.0
train/velocity_mse,800.0,0.0
train/velocity_mse,850.0,0.0
train/velocity_mse,900.0,0.0
train/velocity_mse,950.0,0.0
train/velocity_mse,1000.0,0.0
train/velocity_mse,1050.0,0.0
train/velocity_mse,1100.0,0.0
train/velocity_mse,1150.0,0.0
train/velocity_mse,1200.0,0.0
train/velocity_mse,1250.0,0.0
train/velocity_mse,1300.0,0.0
train/velocity_mse,1350.0,0.0
train/velocity_mse,1400.0,0.0
train/velocity_mse,1450.0,0.0
train/velocity_mse,1500.0,0.0
train/velocity_mse,1550.0,0.0
train/velocity_mse,1600.0,0.0
train/velocity_mse,1650.0,0.0
train/velocity_mse,1700.0,0.0
train/velocity_mse,1750.0,0.0
train/velocity_mse,1800.0,0.0
train/velocity_mse,1850.0,0.0
train/velocity_mse,1900.0,0.0
train/velocity_mse,1950.0,0.0
train/velocity_mse,2000.0,0.0
train/velocity_mse,2050.0,0.0
train/velocity_mse,2100.0,0.0
train/velocity_mse,2150.0,0.0
train/velocity_mse,2200.0,0.0
train/velocity_mse,2250.0,0.0
train/velocity_mse,2300.0,0.0
train/velocity_mse,2350.0,0.0
train/velocity_mse,2400.0,0.0
train/velocity_mse,2450.0,0.0
train/velocity_mse,2500.0,0.0
train/velocity_mse,2550.0,0.0
train/velocity_mse,2600.0,0.0
train/velocity_mse,2650.0,0.0
train/velocity_mse,2700.0,0.0
train/velocity_mse,2750.0,0.0
train/velocity_mse,2800.0,0.0
train/velocity_mse,2850.0,0.0
train/velocity_mse,2900.0,0.0
train/velocity_mse,2950.0,0.0
train/velocity_mse,3000.0,0.0
train/velocity_mse,3050.0,0.0
train/velocity_mse,3100.0,0.0
train/velocity_mse,3150.0,0.0
train/velocity_mse,3200.0,0.0
train/velocity_mse,3250.0,0.0
train/velocity_mse,3300.0,0.0
train/velocity_mse,3350.0,0.0
train/velocity_mse,3400.0,0.0
train/velocity_mse,3450.0,0.0
train/velocity_mse,3500.0,0.0
train/velocity_mse,3550.0,0.0
train/velocity_mse,3600.0,0.0
train/velocity_mse,3650.0,0.0
train/velocity_mse,3700.0,0.0
train/velocity_mse,3750.0,0.0
train/velocity_mse,3800.0,0.0
train/velocity_mse,3850.0,0.0
train/velocity_mse,3900.0,0.0
train/velocity_mse,3950.0,0.0
train/velocity_mse,4000.0,0.0
train/velocity_mse,4050.0,0.0
train/velocity_mse,4100.0,0.0
train/velocity_mse,4150.0,0.0
train/velocity_mse,4200.0,0.0
train/velocity_mse,4250.0,0.0
train/velocity_mse,4300.0,0.0
train/velocity_mse,4350.0,0.0
train/velocity_mse,4400.0,0.0
train/velocity_mse,4450.0,0.0
train/velocity_mse,4500.0,0.0
train/velocity_mse,4550.0,0.0
train/velocity_mse,4600.0,0.0
train/velocity_mse,4650.0,0.0
train/velocity_mse,4700.0,0.0
train/velocity_mse,4750.0,0.0
train/velocity_mse,4800.0,0.0
train/velocity_mse,4850.0,0.0
train/velocity_mse,4900.0,0.0
train/velocity_mse,4950.0,0.0
train/velocity_mse,5000.0,0.0
train/velocity_mse,5050.0,0.0
train/velocity_mse,5100.0,0.0
train/velocity_mse,5150.0,0.0
train/velocity_mse,5200.0,0.0
train/velocity_mse,5250.0,0.0
train/velocity_mse,5300.0,0.0
train/velocity_mse,5350.0,0.0
train/velocity_mse,5400.0,0.0
train/velocity_mse,5450.0,0.0
train/velocity_mse,5500.0,0.0
train/velocity_mse,5550.0,0.0
train/velocity_mse,5600.0,0.0
train/velocity_mse,5650.0,0.0
train/velocity_mse,5700.0,0.0
train/velocity_mse,5750.0,0.0
train/velocity_mse,5800.0,0.0
train/velocity_mse,5850.0,0.0
train/velocity_mse,5900.0,0.0
train/velocity_mse,5950.0,0.0
train/velocity_mse,6000.0,0.0
train/velocity_mse,6050.0,0.0
train/velocity_mse,6100.0,0.0
train/velocity_mse,6150.0,0.0
train/velocity_mse,6200.0,0.0
train/velocity_mse,6250.0,0.0
train/velocity_mse,6300.0,0.0
train/velocity_mse,6350.0,0.0
train/velocity_mse,6400.0,0.0
train/velocity_mse,6450.0,0.0
train/velocity_mse,6500.0,0.0
train/velocity_mse,6550.0,0.0
train/velocity_mse,6600.0,0.0
train/velocity_mse,6650.0,0.0
train/velocity_mse,6700.0,0.0
train/velocity_mse,6750.0,0.0
train/velocity_mse,6800.0,0.0
train/velocity_mse,6850.0,0.0
train/velocity_mse,6900.0,0.0
train/velocity_mse,6950.0,0.0
train/velocity_mse,7000.0,0.0
train/velocity_mse,7050.0,0.0
train/velocity_mse,7100.0,0.0
train/velocity_mse,7150.0,0.0
train/velocity_mse,7200.0,0.0
train/velocity_mse,7250.0,0.0
train/velocity_mse,7300.0,0.0
train/velocity_mse,7350.0,0.0
train/velocity_mse,7400.0,0.0
train/velocity_mse,7450.0,0.0
train/velocity_mse,7500.0,0.0
train/velocity_mse,7550.0,0.0
train/velocity_mse,7600.0,0.0
train/velocity_mse,7650.0,0.0
train/velocity_mse,7700.0,0.0
train/velocity_mse,7750.0,0.0
train/velocity_mse,7800.0,0.0
train/velocity_mse,7850.0,0.0
train/velocity_mse,7900.0,0.0
train/velocity_mse,7950.0,0.0
train/velocity_mse,8000.0,0.0
train/velocity_mse,8050.0,0.0
train/velocity_mse,8100.0,0.0
train/velocity_mse,8150.0,0.0
train/velocity_mse,8200.0,0.0
train/velocity_mse,8250.0,0.0
train/velocity_mse,8300.0,0.0
train/velocity_mse,8350.0,0.0
train/velocity_mse,8400.0,0.0
train/velocity_mse,8450.0,0.0
train/velocity_mse,8500.0,0.0
train/velocity_mse,8550.0,0.0
train/velocity_mse,8600.0,0.0
train/velocity_mse,8650.0,0.0
train/velocity_mse,8700.0,0.0
train/velocity_mse,8750.0,0.0
train/velocity_mse,8800.0,0.0
train/velocity_mse,8850.0,0.0
train/velocity_mse,8900.0,0.0
train/velocity_mse,8950.0,0.0
train/velocity_mse,9000.0,0.0
train/velocity_mse,9050.0,0.0
train/velocity_mse,9100.0,0.0
train/velocity_mse,9150.0,0.0
train/velocity_mse,9200.0,0.0
train/velocity_mse,9250.0,0.0
train/velocity_mse,9300.0,0.0
train/velocity_mse,9350.0,0.0
train/velocity_mse,9400.0,0.0
train/velocity_mse,9450.0,0.0
train/velocity_mse,9500.0,0.0
train/velocity_mse,9550.0,0.0
train/velocity_mse,9600.0,0.0
train/velocity_mse,9650.0,0.0
train/velocity_mse,9700.0,0.0
train/velocity_mse,9750.0,0.0
train/velocity_mse,9800.0,0.0
train/velocity_mse,9850.0,0.0
train/velocity_mse,9900.0,0.0
train/velocity_mse,9950.0,0.0
train/velocity_mse,10000.0,0.0
train/velocity_mse,10050.0,0.0
train/velocity_mse,10100.0,0.0
train/velocity_mse,10150.0,0.0
train/velocity_mse,10200.0,0.0
train/velocity_mse,10250.0,0.0
train/velocity_mse,10300.0,0.0
train/velocity_mse,10350.0,0.0
train/velocity_mse,10400.0,0.0
train/velocity_mse,10450.0,0.0
train/velocity_mse,10500.0,0.0
train/velocity_mse,10550.0,0.0
train/velocity_mse,10600.0,0.0
train/velocity_mse,10650.0,0.0
train/velocity_mse,10700.0,0.0
train/velocity_mse,10750.0,0.0
train/velocity_mse,10800.0,0.0
train/velocity_mse,10850.0,0.0
train/velocity_mse,10900.0,0.0
train/velocity_mse,10950.0,0.0
train/velocity_mse,11000.0,0.0
train/velocity_mse,11050.0,0.0
train/velocity_mse,11100.0,0.0
train/velocity_mse,11150.0,0.0
train/velocity_mse,11200.0,0.0
train/velocity_mse,11250.0,0.0
train/velocity_mse,11300.0,0.0
train/velocity_mse,11350.0,0.0
train/velocity_mse,11400.0,0.0
train/velocity_mse,11450.0,0.0
train/velocity_mse,11500.0,0.0
train/velocity_mse,11550.0,0.0
train/velocity_mse,11600.0,0.0
train/velocity_mse,11650.0,0.0
train/velocity_mse,11700.0,0.0
train/velocity_mse,11750.0,0.0
train/velocity_mse,11800.0,0.0
train/velocity_mse,11850.0,0.0
train/velocity_mse,11900.0,0.0
train/velocity_mse,11950.0,0.0
train/velocity_mse,12000.0,0.0
train/velocity_mse,12050.0,0.0
train/velocity_mse,12100.0,0.0
train/velocity_mse,12150.0,0.0
train/velocity_mse,12200.0,0.0
train/velocity_mse,12250.0,0.0
train/velocity_mse,12300.0,0.0
train/velocity_mse,12350.0,0.0
train/velocity_mse,12400.0,0.0
train/velocity_mse,12450.0,0.0
train/velocity_mse,12500.0,0.0
train/velocity_mse,12550.0,0.0
train/velocity_mse,12600.0,0.0
train/velocity_mse,12650.0,0.0
train/velocity_mse,12700.0,0.0
train/velocity_mse,12750.0,0.0
train/velocity_mse,12800.0,0.0
train/velocity_mse,12850.0,0.0
train/velocity_mse,12900.0,0.0
train/velocity_mse,12950.0,0.0
train/velocity_mse,13000.0,0.0
train/velocity_mse,13050.0,0.0
train/velocity_mse,13100.0,0.0
train/velocity_mse,13150.0,0.0
train/velocity_mse,13200.0,0.0
train/velocity_mse,13250.0,0.0
train/velocity_mse,13300.0,0.0
train/velocity_mse,13350.0,0.0
train/velocity_mse,13400.0,0.0
train/velocity_mse,13450.0,0.0
train/velocity_mse,13500.0,0.0
train/velocity_mse,13550.0,0.0
train/velocity_mse,13600.0,0.0
train/velocity_mse,13650.0,0.0
train/velocity_mse,13700.0,0.0
train/velocity_mse,13750.0,0.0
train/velocity_mse,13800.0,0.0
train/velocity_mse,13850.0,0.0
train/velocity_mse,13900.0,0.0
train/velocity_mse,13950.0,0.0
train/velocity_mse,14000.0,0.0
train/velocity_mse,14050.0,0.0
train/velocity_mse,14100.0,0.0
train/velocity_mse,14150.0,0.0
train/velocity_mse,14200.0,0.0
train/velocity_mse,14250.0,0.0
train/velocity_mse,14300.0,0.0
train/velocity_mse,14350.0,0.0
train/velocity_mse,14400.0,0.0
train/velocity_mse,14450.0,0.0
train/velocity_mse,14500.0,0.0
train/velocity_mse,14550.0,0.0
train/velocity_mse,14600.0,0.0
train/velocity_mse,14650.0,0.0
train/velocity_mse,14700.0,0.0
train/velocity_mse,14750.0,0.0
train/velocity_mse,14800.0,0.0
train/velocity_mse,14850.0,0.0
train/velocity_mse,14900.0,0.0
train/velocity_mse,14950.0,0.0
train/velocity_mse,15000.0,0.0
train/velocity_mse,15050.0,0.0
train/velocity_mse,15100.0,0.0
train/velocity_mse,15150.0,0.0
train/velocity_mse,15200.0,0.0
train/velocity_mse,15250.0,0.0
train/velocity_mse,15300.0,0.0
train/velocity_mse,15350.0,0.0
train/velocity_mse,15400.0,0.0
train/velocity_mse,15450.0,0.0
train/velocity_mse,15500.0,0.0
train/velocity_mse,15550.0,0.0
train/velocity_mse,15600.0,0.0
train/velocity_mse,15650.0,0.0
train/velocity_mse,15700.0,0.0
train/velocity_mse,15750.0,0.0
train/velocity_mse,15800.0,0.0
train/velocity_mse,15850.0,0.0
train/velocity_mse,15900.0,0.0
train/velocity_mse,15950.0,0.0
train/velocity_mse,16000.0,0.0
train/velocity_mse,16050.0,0.0
train/velocity_mse,16100.0,0.0
train/velocity_mse,16150.0,0.0
train/velocity_mse,16200.0,0.0
train/velocity_mse,16250.0,0.0
train/velocity_mse,16300.0,0.0
train/velocity_mse,16350.0,0.0
train/velocity_mse,16400.0,0.0
train/velocity_mse,16450.0,0.0
train/velocity_mse,16500.0,0.0
train/velocity_mse,16550.0,0.0
train/velocity_mse,16600.0,0.0
train/velocity_mse,16650.0,0.0
train/velocity_mse,16700.0,0.0
train/velocity_mse,16750.0,0.0
train/velocity_mse,16800.0,0.0
train/velocity_mse,16850.0,0.0
train/velocity_mse,16900.0,0.0
train/velocity_mse,16950.0,0.0
train/velocity_mse,17000.0,0.0
train/velocity_mse,17050.0,0.0
train/velocity_mse,17100.0,0.0
train/velocity_mse,17150.0,0.0
train/velocity_mse,17200.0,0.0
train/velocity_mse,17250.0,0.0
train/velocity_mse,17300.0,0.0
train/velocity_mse,17350.0,0.0
train/velocity_mse,17400.0,0.0
train/velocity_mse,17450.0,0.0
train/velocity_mse,17500.0,0.0
train/velocity_mse,17550.0,0.0
train/velocity_mse,17600.0,0.0
train/velocity_mse,17650.0,0.0
train/velocity_mse,17700.0,0.0
train/velocity_mse,17750.0,0.0
train/velocity_mse,17800.0,0.0
train/velocity_mse,17850.0,0.0
train/velocity_mse,17900.0,0.0
train/velocity_mse,17950.0,0.0
train/velocity_mse,18000.0,0.0
train/velocity_mse,18050.0,0.0
train/velocity_mse,18100.0,0.0
train/velocity_mse,18150.0,0.0
train/velocity_mse,18200.0,0.0
train/velocity_mse,18250.0,0.0
train/velocity_mse,18300.0,0.0
train/velocity_mse,18350.0,0.0
train/velocity_mse,18400.0,0.0
train/velocity_mse,18450.0,0.0
train/velocity_mse,18500.0,0.0
train/velocity_mse,18550.0,0.0
train/velocity_mse,18600.0,0.0
train/velocity_mse,18650.0,0.0
train/velocity_mse,18700.0,0.0
train/velocity_mse,18750.0,0.0
train/velocity_mse,18800.0,0.0
train/velocity_mse,18850.0,0.0
train/velocity_mse,18900.0,0.0
train/velocity_mse,18950.0,0.0
train/velocity_mse,19000.0,0.0
train/velocity_mse,19050.0,0.0
train/velocity_mse,19100.0,0.0
train/velocity_mse,19150.0,0.0
train/velocity_mse,19200.0,0.0
train/velocity_mse,19250.0,0.0
train/velocity_mse,19300.0,0.0
train/velocity_mse,19350.0,0.0
train/velocity_mse,19400.0,0.0
train/velocity_mse,19450.0,0.0
train/velocity_mse,19500.0,0.0
train/velocity_mse,19550.0,0.0
train/velocity_mse,19600.0,0.0
train/velocity_mse,19650.0,0.0
train/velocity_mse,19700.0,0.0
train/velocity_mse,19750.0,0.0
train/velocity_mse,19800.0,0.0
train/velocity_mse,19850.0,0.0
train/velocity_mse,19900.0,0.0
train/velocity_mse,19950.0,0.0
train/velocity_mse,20000.0,0.0
train/velocity_mse,20050.0,0.0
train/velocity_mse,20100.0,0.0
train/velocity_mse,20150.0,0.0
train/velocity_mse,20200.0,0.0
train/velocity_mse,20250.0,0.0
train/velocity_mse,20300.0,0.0
train/velocity_mse,20350.0,0.0
train/velocity_mse,20400.0,0.0
train/velocity_mse,20450.0,0.0
train/velocity_mse,20500.0,0.0
train/velocity_mse,20550.0,0.0
train/velocity_mse,20600.0,0.0
train/velocity_mse,20650.0,0.0
train/velocity_mse,20700.0,0.0
train/velocity_mse,20750.0,0.0
train/velocity_mse,20800.0,0.0
train/velocity_mse,20850.0,0.0
train/velocity_mse,20900.0,0.0
train/velocity_mse,20950.0,0.0
train/velocity_mse,21000.0,0.0
train/velocity_mse,21050.0,0.0
train/velocity_mse,21100.0,0.0
train/velocity_mse,21150.0,0.0
train/velocity_mse,21200.0,0.0
train/velocity_mse,21250.0,0.0
train/velocity_mse,21300.0,0.0
train/velocity_mse,21350.0,0.0
train/velocity_mse,21400.0,0.0
train/velocity_mse,21450.0,0.0
train/velocity_mse,21500.0,0.0
train/velocity_mse,21550.0,0.0
train/velocity_mse,21600.0,0.0
train/velocity_mse,21650.0,0.0
train/velocity_mse,21700.0,0.0
train/velocity_mse,21750.0,0.0
train/velocity_mse,21800.0,0.0
train/velocity_mse,21850.0,0.0
train/velocity_mse,21900.0,0.0
train/velocity_mse,21950.0,0.0
train/velocity_mse,22000.0,0.0
train/velocity_mse,22050.0,0.0
train/velocity_mse,22100.0,0.0
train/velocity_mse,22150.0,0.0
train/velocity_mse,22200.0,0.0
train/velocity_mse,22250.0,0.0
train/velocity_mse,22300.0,0.0
train/velocity_mse,22350.0,0.0
train/velocity_mse,22400.0,0.0
train/velocity_mse,22450.0,0.0
train/velocity_mse,22500.0,0.0
train/velocity_mse,22550.0,0.0
train/velocity_mse,22600.0,0.0
train/velocity_mse,22650.0,0.0
train/velocity_mse,22700.0,0.0
train/velocity_mse,22750.0,0.0
train/velocity_mse,22800.0,0.0
train/velocity_mse,22850.0,0.0
train/velocity_mse,22900.0,0.0
train/velocity_mse,22950.0,0.0
train/velocity_mse,23000.0,0.0
train/velocity_mse,23050.0,0.0
train/velocity_mse,23100.0,0.0
train/velocity_mse,23150.0,0.0
train/velocity_mse,23200.0,0.0
train/velocity_mse,23250.0,0.0
train/velocity_mse,23300.0,0.0
train/velocity_mse,23350.0,0.0
train/velocity_mse,23400.0,0.0
train/velocity_mse,23450.0,0.0
train/velocity_mse,23500.0,0.0
train/velocity_mse,23550.0,0.0
train/velocity_mse,23600.0,0.0
train/velocity_mse,23650.0,0.0
train/velocity_mse,23700.0,0.0
train/velocity_mse,23750.0,0.0
train/velocity_mse,23800.0,0.0
train/velocity_mse,23850.0,0.0
train/velocity_mse,23900.0,0.0
train/velocity_mse,23950.0,0.0
train/velocity_mse,24000.0,0.0
train/velocity_mse,24050.0,0.0
train/velocity_mse,24100.0,0.0
train/velocity_mse,24150.0,0.0
train/velocity_mse,24200.0,0.0
train/velocity_mse,24250.0,0.0
train/velocity_mse,24300.0,0.0
train/velocity_mse,24350.0,0.0
train/velocity_mse,24400.0,0.0
train/velocity_mse,24450.0,0.0
train/velocity_mse,24500.0,0.0
train/velocity_mse,24550.0,0.0
train/velocity_mse,24600.0,0.0
train/velocity_mse,24650.0,0.0
train/velocity_mse,24700.0,0.0
train/velocity_mse,24750.0,0.0
train/velocity_mse,24800.0,0.0
train/velocity_mse,24850.0,0.0
train/velocity_mse,24900.0,0.0
train/velocity_mse,24950.0,0.0
train/velocity_mse,25000.0,0.0
train/velocity_mse,25050.0,0.0
train/velocity_mse,25100.0,0.0
train/velocity_mse,25150.0,0.0
train/velocity_mse,25200.0,0.0
train/velocity_mse,25250.0,0.0
train/velocity_mse,25300.0,0.0
train/velocity_mse,25350.0,0.0
train/velocity_mse,25400.0,0.0
train/velocity_mse,25450.0,0.0
train/velocity_mse,25500.0,0.0
train/velocity_mse,25550.0,0.0
train/velocity_mse,25600.0,0.0
train/velocity_mse,25650.0,0.0
train/velocity_mse,25700.0,0.0
train/velocity_mse,25750.0,0.0
train/velocity_mse,25800.0,0.0
train/velocity_mse,25850.0,0.0
train/velocity_mse,25900.0,0.0
train/velocity_mse,25950.0,0.0
train/velocity_mse,26000.0,0.0
train/velocity_mse,26050.0,0.0
train/velocity_mse,26100.0,0.0
train/velocity_mse,26150.0,0.0
train/velocity_mse,26200.0,0.0
train/velocity_mse,26250.0,0.0
train/velocity_mse,26300.0,0.0
train/velocity_mse,26350.0,0.0
train/velocity_mse,26400.0,0.0
train/velocity_mse,26450.0,0.0
train/velocity_mse,26500.0,0.0
train/velocity_mse,26550.0,0.0
train/velocity_mse,26600.0,0.0
train/velocity_mse,26650.0,0.0
train/velocity_mse,26700.0,0.0
train/velocity_mse,26750.0,0.0
train/velocity_mse,26800.0,0.0
train/velocity_mse,26850.0,0.0
train/velocity_mse,26900.0,0.0
train/velocity_mse,26950.0,0.0
train/velocity_mse,27000.0,0.0
train/velocity_mse,27050.0,0.0
train/velocity_mse,27100.0,0.0
train/velocity_mse,27150.0,0.0
train/velocity_mse,27200.0,0.0
train/velocity_mse,27250.0,0.0
train/velocity_mse,27300.0,0.0
train/velocity_mse,27350.0,0.0
train/velocity_mse,27400.0,0.0
train/velocity_mse,27450.0,0.0
train/velocity_mse,27500.0,0.0
train/velocity_mse,27550.0,0.0
train/velocity_mse,27600.0,0.0
train/velocity_mse,27650.0,0.0
train/velocity_mse,27700.0,0.0
train/velocity_mse,27750.0,0.0
train/velocity_mse,27800.0,0.0
train/velocity_mse,27850.0,0.0
train/velocity_mse,27900.0,0.0
train/velocity_mse,27950.0,0.0
train/velocity_mse,28000.0,0.0
train/velocity_mse,28050.0,0.0
train/velocity_mse,28100.0,0.0
train/velocity_mse,28150.0,0.0
train/velocity_mse,28200.0,0.0
train/velocity_mse,28250.0,0.0
train/velocity_mse,28300.0,0.0
train/velocity_mse,28350.0,0.0
train/velocity_mse,28400.0,0.0
train/velocity_mse,28450.0,0.0
train/velocity_mse,28500.0,0.0
train/velocity_mse,28550.0,0.0
train/velocity_mse,28600.0,0.0
train/velocity_mse,28650.0,0.0
train/velocity_mse,28700.0,0.0
train/velocity_mse,28750.0,0.0
train/velocity_mse,28800.0,0.0
train/velocity_mse,28850.0,0.0
train/velocity_mse,28900.0,0.0
train/velocity_mse,28950.0,0.0
train/velocity_mse,29000.0,0.0
train/velocity_mse,29050.0,0.0
train/velocity_mse,29100.0,0.0
train/velocity_mse,29150.0,0.0
train/velocity_mse,29200.0,0.0
train/velocity_mse,29250.0,0.0
train/velocity_mse,29300.0,0.0
train/velocity_mse,29350.0,0.0
train/velocity_mse,29400.0,0.0
train/velocity_mse,29450.0,0.0
train/velocity_mse,29500.0,0.0
train/velocity_mse,29550.0,0.0
train/velocity_mse,29600.0,0.0
train/velocity_mse,29650.0,0.0
train/velocity_mse,29700.0,0.0
train/velocity_mse,29750.0,0.0
train/velocity_mse,29800.0,0.0
train/velocity_mse,29850.0,0.0
train/velocity_mse,29900.0,0.0
train/velocity_mse,29950.0,0.0
train/velocity_mse,30000.0,0.0
train/velocity_mse,30050.0,0.0
train/velocity_mse,30100.0,0.0
train/velocity_mse,30150.0,0.0
train/velocity_mse,30200.0,0.0
train/velocity_mse,30250.0,0.0
train/velocity_mse,30300.0,0.0
train/velocity_mse,30350.0,0.0
train/velocity_mse,30400.0,0.0
train/velocity_mse,30450.0,0.0
train/velocity_mse,30500.0,0.0
train/velocity_mse,30550.0,0.0
train/velocity_mse,30600.0,0.0
train/velocity_mse,30650.0,0.0
train/velocity_mse,30700.0,0.0
train/velocity_mse,30750.0,0.0
train/velocity_mse,30800.0,0.0
train/velocity_mse,30850.0,0.0
train/velocity_mse,30900.0,0.0
train/velocity_mse,30950.0,0.0
train/velocity_mse,31000.0,0.0
train/velocity_mse,31050.0,0.0
train/velocity_mse,31100.0,0.0
train/velocity_mse,31150.0,0.0
train/velocity_mse,31200.0,0.0
train/velocity_mse,31250.0,0.0
train/velocity_mse,31300.0,0.0
train/velocity_mse,31350.0,0.0
train/velocity_mse,31400.0,0.0
train/velocity_mse,31450.0,0.0
train/velocity_mse,31500.0,0.0
train/velocity_mse,31550.0,0.0
train/velocity_mse,31600.0,0.0
train/velocity_mse,31650.0,0.0
train/velocity_mse,31700.0,0.0
train/velocity_mse,31750.0,0.0
train/velocity_mse,31800.0,0.0
train/velocity_mse,31850.0,0.0
train/velocity_mse,31900.0,0.0
train/velocity_mse,31950.0,0.0
train/velocity_mse,32000.0,0.0
train/velocity_mse,32050.0,0.0
train/velocity_mse,32100.0,0.0
train/velocity_mse,32150.0,0.0
train/velocity_mse,32200.0,0.0
train/velocity_mse,32250.0,0.0
train/velocity_mse,32300.0,0.0
train/velocity_mse,32350.0,0.0
train/velocity_mse,32400.0,0.0
train/velocity_mse,32450.0,0.0
train/velocity_mse,32500.0,0.0
train/velocity_mse,32550.0,0.0
train/velocity_mse,32600.0,0.0
train/velocity_mse,32650.0,0.0
train/velocity_mse,32700.0,0.0
train/velocity_mse,32750.0,0.0
train/velocity_mse,32800.0,0.0
train/velocity_mse,32850.0,0.0
train/velocity_mse,32900.0,0.0
train/velocity_mse,32950.0,0.0
train/velocity_mse,33000.0,0.0
train/velocity_mse,33050.0,0.0
train/velocity_mse,33100.0,0.0
train/velocity_mse,33150.0,0.0
train/velocity_mse,33200.0,0.0
train/velocity_mse,33250.0,0.0
train/velocity_mse,33300.0,0.0
train/velocity_mse,33350.0,0.0
train/velocity_mse,33400.0,0.0
train/velocity_mse,33450.0,0.0
train/velocity_mse,33500.0,0.0
train/velocity_mse,33550.0,0.0
train/velocity_mse,33600.0,0.0
train/velocity_mse,33650.0,0.0
train/velocity_mse,33700.0,0.0
train/velocity_mse,33750.0,0.0
train/velocity_mse,33800.0,0.0
train/velocity_mse,33850.0,0.0
train/velocity_mse,33900.0,0.0
train/velocity_mse,33950.0,0.0
train/velocity_mse,34000.0,0.0
train/velocity_mse,34050.0,0.0
train/velocity_mse,34100.0,0.0
train/velocity_mse,34150.0,0.0
train/velocity_mse,34200.0,0.0
train/velocity_mse,34250.0,0.0
train/velocity_mse,34300.0,0.0
train/velocity_mse,34350.0,0.0
train/velocity_mse,34400.0,0.0
train/velocity_mse,34450.0,0.0
train/velocity_mse,34500.0,0.0
train/velocity_mse,34550.0,0.0
train/velocity_mse,34600.0,0.0
train/velocity_mse,34650.0,0.0
train/velocity_mse,34700.0,0.0
train/velocity_mse,34750.0,0.0
train/velocity_mse,34800.0,0.0
train/velocity_mse,34850.0,0.0
train/velocity_mse,34900.0,0.0
train/velocity_mse,34950.0,0.0
train/velocity_mse,35000.0,0.0
train/velocity_mse,35050.0,0.0
train/velocity_mse,35100.0,0.0
train/velocity_mse,35150.0,0.0
train/velocity_mse,35200.0,0.0
train/velocity_mse,35250.0,0.0
train/velocity_mse,35300.0,0.0
train/velocity_mse,35350.0,0.0
train/velocity_mse,35400.0,0.0
train/velocity_mse,35450.0,0.0
train/velocity_mse,35500.0,0.0
train/velocity_mse,35550.0,0.0
train/velocity_mse,35600.0,0.0
train/velocity_mse,35650.0,0.0
train/velocity_mse,35700.0,0.0
train/velocity_mse,35750.0,0.0
train/velocity_mse,35800.0,0.0
train/velocity_mse,35850.0,0.0
train/velocity_mse,35900.0,0.0
train/velocity_mse,35950.0,0.0
train/velocity_mse,36000.0,0.0
train/velocity_mse,36050.0,0.0
train/velocity_mse,36100.0,0.0
train/velocity_mse,36150.0,0.0
train/velocity_mse,36200.0,0.0
train/velocity_mse,36250.0,0.0
train/velocity_mse,36300.0,0.0
train/velocity_mse,36350.0,0.0
train/velocity_mse,36400.0,0.0
train/velocity_mse,36450.0,0.0
train/velocity_mse,36500.0,0.0
train/velocity_mse,36550.0,0.0
train/velocity_mse,36600.0,0.0
train/velocity_mse,36650.0,0.0
train/velocity_mse,36700.0,0.0
train/velocity_mse,36750.0,0.0
train/velocity_mse,36800.0,0.0
train/velocity_mse,36850.0,0.0
train/velocity_mse,36900.0,0.0
train/velocity_mse,36950.0,0.0
train/velocity_mse,37000.0,0.0
train/velocity_mse,37050.0,0.0
train/velocity_mse,37100.0,0.0
train/velocity_mse,37150.0,0.0
train/velocity_mse,37200.0,0.0
train/velocity_mse,37250.0,0.0
train/velocity_mse,37300.0,0.0
train/velocity_mse,37350.0,0.0
train/velocity_mse,37400.0,0.0
train/velocity_mse,37450.0,0.0
train/velocity_mse,37500.0,0.0
train/velocity_mse,37550.0,0.0
train/velocity_mse,37600.0,0.0
train/velocity_mse,37650.0,0.0
train/velocity_mse,37700.0,0.0
train/velocity_mse,37750.0,0.0
train/velocity_mse,37800.0,0.0
train/velocity_mse,37850.0,0.0
train/velocity_mse,37900.0,0.0
train/velocity_mse,37950.0,0.0
train/velocity_mse,38000.0,0.0
train/velocity_mse,38050.0,0.0
train/velocity_mse,38100.0,0.0
train/velocity_mse,38150.0,0.0
train/velocity_mse,38200.0,0.0
train/velocity_mse,38250.0,0.0
train/velocity_mse,38300.0,0.0
train/velocity_mse,38350.0,0.0
train/velocity_mse,38400.0,0.0
train/velocity_mse,38450.0,0.0
train/velocity_mse,38500.0,0.0
train/velocity_mse,38550.0,0.0
train/velocity_mse,38600.0,0.0
train/velocity_mse,38650.0,0.0
train/velocity_mse,38700.0,0.0
train/velocity_mse,38750.0,0.0
train/velocity_mse,38800.0,0.0
train/velocity_mse,38850.0,0.0
train/velocity_mse,38900.0,0.0
train/velocity_mse,38950.0,0.0
train/velocity_mse,39000.0,0.0
train/velocity_mse,39050.0,0.0
train/velocity_mse,39100.0,0.0
train/velocity_mse,39150.0,0.0
train/velocity_mse,39200.0,0.0
train/velocity_mse,39250.0,0.0
train/velocity_mse,39300.0,0.0
train/velocity_mse,39350.0,0.0
train/velocity_mse,39400.0,0.0
train/velocity_mse,39450.0,0.0
train/velocity_mse,39500.0,0.0
train/velocity_mse,39550.0,0.0
train/velocity_mse,39600.0,0.0
train/velocity_mse,39650.0,0.0
train/velocity_mse,39700.0,0.0
train/velocity_mse,39750.0,0.0
train/velocity_mse,39800.0,0.0
train/velocity_mse,39850.0,0.0
train/velocity_mse,39900.0,0.0
train/velocity_mse,39950.0,0.0
train/velocity_mse,40000.0,0.0
train/velocity_mse,40050.0,0.0
train/velocity_mse,40100.0,0.0
train/velocity_mse,40150.0,0.0
train/velocity_mse,40200.0,0.0
train/velocity_mse,40250.0,0.0
train/velocity_mse,40300.0,0.0
train/velocity_mse,40350.0,0.0
train/velocity_mse,40400.0,0.0
train/velocity_mse,40450.0,0.0
train/velocity_mse,40500.0,0.0
train/velocity_mse,40550.0,0.0
train/velocity_mse,40600.0,0.0
train/velocity_mse,40650.0,0.0
train/velocity_mse,40700.0,0.0
train/velocity_mse,40750.0,0.0
train/velocity_mse,40800.0,0.0
train/velocity_mse,40850.0,0.0
train/velocity_mse,40900.0,0.0
train/velocity_mse,40950.0,0.0
train/velocity_mse,41000.0,0.0
train/velocity_mse,41050.0,0.0
train/velocity_mse,41100.0,0.0
train/velocity_mse,41150.0,0.0
train/velocity_mse,41200.0,0.0
train/velocity_mse,41250.0,0.0
train/velocity_mse,41300.0,0.0
train/velocity_mse,41350.0,0.0
train/velocity_mse,41400.0,0.0
train/velocity_mse,41450.0,0.0
train/velocity_mse,41500.0,0.0
train/velocity_mse,41550.0,0.0
train/velocity_mse,41600.0,0.0
train/velocity_mse,41650.0,0.0
train/velocity_mse,41700.0,0.0
train/velocity_mse,41750.0,0.0
train/velocity_mse,41800.0,0.0
train/velocity_mse,41850.0,0.0
train/velocity_mse,41900.0,0.0
train/velocity_mse,41950.0,0.0
train/velocity_mse,42000.0,0.0
train/velocity_mse,42050.0,0.0
train/velocity_mse,42100.0,0.0
train/velocity_mse,42150.0,0.0
train/velocity_mse,42200.0,0.0
train/velocity_mse,42250.0,0.0
train/velocity_mse,42300.0,0.0
train/velocity_mse,42350.0,0.0
train/velocity_mse,42400.0,0.0
train/velocity_mse,42450.0,0.0
train/velocity_mse,42500.0,0.0
train/velocity_mse,42550.0,0.0
train/velocity_mse,42600.0,0.0
train/velocity_mse,42650.0,0.0
train/velocity_mse,42700.0,0.0
train/velocity_mse,42750.0,0.0
train/velocity_mse,42800.0,0.0
train/velocity_mse,42850.0,0.0
train/velocity_mse,42900.0,0.0
train/velocity_mse,42950.0,0.0
train/velocity_mse,43000.0,0.0
train/velocity_mse,43050.0,0.0
train/velocity_mse,43100.0,0.0
train/velocity_mse,43150.0,0.0
train/velocity_mse,43200.0,0.0
train/velocity_mse,43250.0,0.0
train/velocity_mse,43300.0,0.0
train/velocity_mse,43350.0,0.0
train/velocity_mse,43400.0,0.0
train/velocity_mse,43450.0,0.0
train/velocity_mse,43500.0,0.0
train/velocity_mse,43550.0,0.0
train/velocity_mse,43600.0,0.0
train/velocity_mse,43650.0,0.0
train/velocity_mse,43700.0,0.0
train/velocity_mse,43750.0,0.0
train/velocity_mse,43800.0,0.0
train/velocity_mse,43850.0,0.0
train/velocity_mse,43900.0,0.0
train/velocity_mse,43950.0,0.0
train/velocity_mse,44000.0,0.0
train/velocity_mse,44050.0,0.0
train/velocity_mse,44100.0,0.0
train/velocity_mse,44150.0,0.0
train/velocity_mse,44200.0,0.0
train/velocity_mse,44250.0,0.0
train/velocity_mse,44300.0,0.0
train/velocity_mse,44350.0,0.0
train/velocity_mse,44400.0,0.0
train/velocity_mse,44450.0,0.0
train/velocity_mse,44500.0,0.0
train/velocity_mse,44550.0,0.0
train/velocity_mse,44600.0,0.0
train/velocity_mse,44650.0,0.0
train/velocity_mse,44700.0,0.0
train/velocity_mse,44750.0,0.0
train/velocity_mse,44800.0,0.0
train/velocity_mse,44850.0,0.0
train/velocity_mse,44900.0,0.0
train/velocity_mse,44950.0,0.0
train/velocity_mse,45000.0,0.0
train/velocity_mse,45050.0,0.0
train/velocity_mse,45100.0,0.0
train/velocity_mse,45150.0,0.0
train/velocity_mse,45200.0,0.0
train/velocity_mse,45250.0,0.0
train/velocity_mse,45300.0,0.0
train/velocity_mse,45350.0,0.0
train/velocity_mse,45400.0,0.0
train/velocity_mse,45450.0,0.0
train/velocity_mse,45500.0,0.0
train/velocity_mse,45550.0,0.0
train/velocity_mse,45600.0,0.0
train/velocity_mse,45650.0,0.0
train/velocity_mse,45700.0,0.0
train/velocity_mse,45750.0,0.0
train/velocity_mse,45800.0,0.0
train/velocity_mse,45850.0,0.0
train/velocity_mse,45900.0,0.0
train/velocity_mse,45950.0,0.0
train/velocity_mse,46000.0,0.0
train/velocity_mse,46050.0,0.0
train/velocity_mse,46100.0,0.0
train/velocity_mse,46150.0,0.0
train/velocity_mse,46200.0,0.0
train/velocity_mse,46250.0,0.0
train/velocity_mse,46300.0,0.0
train/velocity_mse,46350.0,0.0
train/velocity_mse,46400.0,0.0
train/velocity_mse,46450.0,0.0
train/velocity_mse,46500.0,0.0
train/velocity_mse,46550.0,0.0
train/velocity_mse,46600.0,0.0
train/velocity_mse,46650.0,0.0
train/velocity_mse,46700.0,0.0
train/velocity_mse,46750.0,0.0
train/velocity_mse,46800.0,0.0
train/velocity_mse,46850.0,0.0
train/velocity_mse,46900.0,0.0
train/velocity_mse,46950.0,0.0
train/velocity_mse,47000.0,0.0
train/velocity_mse,47050.0,0.0
train/velocity_mse,47100.0,0.0
train/velocity_mse,47150.0,0.0
train/velocity_mse,47200.0,0.0
train/velocity_mse,47250.0,0.0
train/velocity_mse,47300.0,0.0
train/velocity_mse,47350.0,0.0
train/velocity_mse,47400.0,0.0
train/velocity_mse,47450.0,0.0
train/velocity_mse,47500.0,0.0
train/velocity_mse,47550.0,0.0
train/velocity_mse,47600.0,0.0
train/velocity_mse,47650.0,0.0
train/velocity_mse,47700.0,0.0
train/velocity_mse,47750.0,0.0
train/velocity_mse,47800.0,0.0
train/velocity_mse,47850.0,0.0
train/velocity_mse,47900.0,0.0
train/velocity_mse,47950.0,0.0
train/velocity_mse,48000.0,0.0
train/velocity_mse,48050.0,0.0
train/velocity_mse,48100.0,0.0
train/velocity_mse,48150.0,0.0
train/velocity_mse,48200.0,0.0
train/velocity_mse,48250.0,0.0
train/velocity_mse,48300.0,0.0
train/velocity_mse,48350.0,0.0
train/velocity_mse,48400.0,0.0
train/velocity_mse,48450.0,0.0
train/velocity_mse,48500.0,0.0
train/velocity_mse,48550.0,0.0
train/velocity_mse,48600.0,0.0
train/velocity_mse,48650.0,0.0
train/velocity_mse,48700.0,0.0
train/velocity_mse,48750.0,0.0
train/velocity_mse,48800.0,0.0
train/velocity_mse,48850.0,0.0
train/velocity_mse,48900.0,0.0
train/velocity_mse,48950.0,0.0
train/velocity_mse,49000.0,0.0
train/velocity_mse,49050.0,0.0
train/velocity_mse,49100.0,0.0
train/velocity_mse,49150.0,0.0
train/velocity_mse,49200.0,0.0
train/velocity_mse,49250.0,0.0
train/velocity_mse,49300.0,0.0
train/velocity_mse,49350.0,0.0
train/velocity_mse,49400.0,0.0
train/velocity_mse,49450.0,0.0
train/velocity_mse,49500.0,0.0
train/velocity_mse,49550.0,0.0
train/velocity_mse,49600.0,0.0
train/velocity_mse,49650.0,0.0
train/velocity_mse,49700.0,0.0
train/velocity_mse,49750.0,0.0
train/velocity_mse,49800.0,0.0
train/velocity_mse,49850.0,0.0
train/velocity_mse,49900.0,0.0
train/velocity_mse,49950.0,0.0
train/velocity_mse,50000.0,0.0
train/velocity_mse,50050.0,0.0
train/velocity_mse,50100.0,0.0
train/velocity_mse,50150.0,0.0
train/velocity_mse,50200.0,0.0
train/velocity_mse,50250.0,0.0
train/velocity_mse,50300.0,0.0
train/velocity_mse,50350.0,0.0
train/velocity_mse,50400.0,0.0
train/velocity_mse,50450.0,0.0
train/velocity_mse,50500.0,0.0
train/velocity_mse,50550.0,0.0
train/velocity_mse,50600.0,0.0
train/velocity_mse,50650.0,0.0
train/velocity_mse,50700.0,0.0
train/velocity_mse,50750.0,0.0
train/velocity_mse,50800.0,0.0
train/velocity_mse,50850.0,0.0
train/velocity_mse,50900.0,0.0
train/velocity_mse,50950.0,0.0
train/velocity_mse,51000.0,0.0
train/velocity_mse,51050.0,0.0
train/velocity_mse,51100.0,0.0
train/velocity_mse,51150.0,0.0
train/velocity_mse,51200.0,0.0
train/velocity_mse,51250.0,0.0
train/velocity_mse,51300.0,0.0
train/velocity_mse,51350.0,0.0
train/velocity_mse,51400.0,0.0
train/velocity_mse,51450.0,0.0
train/velocity_mse,51500.0,0.0
train/velocity_mse,51550.0,0.0
train/velocity_mse,51600.0,0.0
train/velocity_mse,51650.0,0.0
train/velocity_mse,51700.0,0.0
train/velocity_mse,51750.0,0.0
train/velocity_mse,51800.0,0.0
train/velocity_mse,51850.0,0.0
train/velocity_mse,51900.0,0.0
train/velocity_mse,51950.0,0.0
train/velocity_mse,52000.0,0.0
train/velocity_mse,52050.0,0.0
train/velocity_mse,52100.0,0.0
train/velocity_mse,52150.0,0.0
train/velocity_mse,52200.0,0.0
train/velocity_mse,52250.0,0.0
train/velocity_mse,52300.0,0.0
train/velocity_mse,52350.0,0.0
train/velocity_mse,52400.0,0.0
train/velocity_mse,52450.0,0.0
train/velocity_mse,52500.0,0.0
train/velocity_mse,52550.0,0.0
train/velocity_mse,52600.0,0.0
train/velocity_mse,52650.0,0.0
train/velocity_mse,52700.0,0.0
train/velocity_mse,52750.0,0.0
train/velocity_mse,52800.0,0.0
train/velocity_mse,52850.0,0.0
train/velocity_mse,52900.0,0.0
train/velocity_mse,52950.0,0.0
train/velocity_mse,53000.0,0.0
train/velocity_mse,53050.0,0.0
train/velocity_mse,53100.0,0.0
train/velocity_mse,53150.0,0.0
train/velocity_mse,53200.0,0.0
train/velocity_mse,53250.0,0.0
train/velocity_mse,53300.0,0.0
train/velocity_mse,53350.0,0.0
train/velocity_mse,53400.0,0.0
train/velocity_mse,53450.0,0.0
train/velocity_mse,53500.0,0.0
train/velocity_mse,53550.0,0.0
train/velocity_mse,53600.0,0.0
train/velocity_mse,53650.0,0.0
train/velocity_mse,53700.0,0.0
train/velocity_mse,53750.0,0.0
train/velocity_mse,53800.0,0.0
train/velocity_mse,53850.0,0.0
train/velocity_mse,53900.0,0.0
train/velocity_mse,53950.0,0.0
train/velocity_mse,54000.0,0.0
train/velocity_mse,54050.0,0.0
train/velocity_mse,54100.0,0.0
train/velocity_mse,54150.0,0.0
train/velocity_mse,54200.0,0.0
train/velocity_mse,54250.0,0.0
train/velocity_mse,54300.0,0.0
train/velocity_mse,54350.0,0.0
train/velocity_mse,54400.0,0.0
train/velocity_mse,54450.0,0.0
train/velocity_mse,54500.0,0.0
train/velocity_mse,54550.0,0.0
train/velocity_mse,54600.0,0.0
train/velocity_mse,54650.0,0.0
train/velocity_mse,54700.0,0.0
train/velocity_mse,54750.0,0.0
train/velocity_mse,54800.0,0.0
train/velocity_mse,54850.0,0.0
train/velocity_mse,54900.0,0.0
train/velocity_mse,54950.0,0.0
train/velocity_mse,55000.0,0.0
train/velocity_mse,55050.0,0.0
train/velocity_mse,55100.0,0.0
train/velocity_mse,55150.0,0.0
train/velocity_mse,55200.0,0.0
train/velocity_mse,55250.0,0.0
train/velocity_mse,55300.0,0.0
train/velocity_mse,55350.0,0.0
train/velocity_mse,55400.0,0.0
train/velocity_mse,55450.0,0.0
train/velocity_mse,55500.0,0.0
train/velocity_mse,55550.0,0.0
train/velocity_mse,55600.0,0.0
train/velocity_mse,55650.0,0.0
train/velocity_mse,55700.0,0.0
train/velocity_mse,55750.0,0.0
train/velocity_mse,55800.0,0.0
train/velocity_mse,55850.0,0.0
train/velocity_mse,55900.0,0.0
train/velocity_mse,55950.0,0.0
train/velocity_mse,56000.0,0.0
train/velocity_mse,56050.0,0.0
train/velocity_mse,56100.0,0.0
train/velocity_mse,56150.0,0.0
train/velocity_mse,56200.0,0.0
train/velocity_mse,56250.0,0.0
train/velocity_mse,56300.0,0.0
train/velocity_mse,56350.0,0.0
train/velocity_mse,56400.0,0.0
train/velocity_mse,56450.0,0.0
train/velocity_mse,56500.0,0.0
train/velocity_mse,56550.0,0.0
train/velocity_mse,56600.0,0.0
train/velocity_mse,56650.0,0.0
train/velocity_mse,56700.0,0.0
train/velocity_mse,56750.0,0.0
train/velocity_mse,56800.0,0.0
train/velocity_mse,56850.0,0.0
train/velocity_mse,56900.0,0.0
train/velocity_mse,56950.0,0.0
train/velocity_mse,57000.0,0.0
train/velocity_mse,57050.0,0.0
train/velocity_mse,57100.0,0.0
train/velocity_mse,57150.0,0.0
train/velocity_mse,57200.0,0.0
train/velocity_mse,57250.0,0.0
train/velocity_mse,57300.0,0.0
train/velocity_mse,57350.0,0.0
train/velocity_mse,57400.0,0.0
train/velocity_mse,57450.0,0.0
train/velocity_mse,57500.0,0.0
train/velocity_mse,57550.0,0.0
train/velocity_mse,57600.0,0.0
train/velocity_mse,57650.0,0.0
train/velocity_mse,57700.0,0.0
train/velocity_mse,57750.0,0.0
train/velocity_mse,57800.0,0.0
train/velocity_mse,57850.0,0.0
train/velocity_mse,57900.0,0.0
train/velocity_mse,57950.0,0.0
train/velocity_mse,58000.0,0.0
train/velocity_mse,58050.0,0.0
train/velocity_mse,58100.0,0.0
train/velocity_mse,58150.0,0.0
train/velocity_mse,58200.0,0.0
train/velocity_mse,58250.0,0.0
train/velocity_mse,58300.0,0.0
train/velocity_mse,58350.0,0.0
train/velocity_mse,58400.0,0.0
train/velocity_mse,58450.0,0.0
train/velocity_mse,58500.0,0.0
train/velocity_mse,58550.0,0.0
train/velocity_mse,58600.0,0.0
train/velocity_mse,58650.0,0.0
train/velocity_mse,58700.0,0.0
train/velocity_mse,58750.0,0.0
train/velocity_mse,58800.0,0.0
train/velocity_mse,58850.0,0.0
train/velocity_mse,58900.0,0.0
train/velocity_mse,58950.0,0.0
train/velocity_mse,59000.0,0.0
train/velocity_mse,59050.0,0.0
train/velocity_mse,59100.0,0.0
train/velocity_mse,59150.0,0.0
train/velocity_mse,59200.0,0.0
train/velocity_mse,59250.0,0.0
train/velocity_mse,59300.0,0.0
train/velocity_mse,59350.0,0.0
train/velocity_mse,59400.0,0.0
train/velocity_mse,59450.0,0.0
train/velocity_mse,59500.0,0.0
train/velocity_mse,59550.0,0.0
train/velocity_mse,59600.0,0.0
train/velocity_mse,59650.0,0.0
train/velocity_mse,59700.0,0.0
train/velocity_mse,59750.0,0.0
train/velocity_mse,59800.0,0.0
train/velocity_mse,59850.0,0.0
train/velocity_mse,59900.0,0.0
train/velocity_mse,59950.0,0.0
train/velocity_mse,60000.0,0.0
train/velocity_mse,60050.0,0.0
train/velocity_mse,60100.0,0.0
train/velocity_mse,60150.0,0.0
train/velocity_mse,60200.0,0.0
train/velocity_mse,60250.0,0.0
train/velocity_mse,60300.0,0.0
train/velocity_mse,60350.0,0.0
train/velocity_mse,60400.0,0.0
train/velocity_mse,60450.0,0.0
train/velocity_mse,60500.0,0.0
train/velocity_mse,60550.0,0.0
train/velocity_mse,60600.0,0.0
train/velocity_mse,60650.0,0.0
train/velocity_mse,60700.0,0.0
train/velocity_mse,60750.0,0.0
train/velocity_mse,60800.0,0.0
train/velocity_mse,60850.0,0.0
train/velocity_mse,60900.0,0.0
train/velocity_mse,60950.0,0.0
train/velocity_mse,61000.0,0.0
train/velocity_mse,61050.0,0.0
train/velocity_mse,61100.0,0.0
train/velocity_mse,61150.0,0.0
train/velocity_mse,61200.0,0.0
train/velocity_mse,61250.0,0.0
train/velocity_mse,61300.0,0.0
train/velocity_mse,61350.0,0.0
train/velocity_mse,61400.0,0.0
train/velocity_mse,61450.0,0.0
train/velocity_mse,61500.0,0.0
train/velocity_mse,61550.0,0.0
train/velocity_mse,61600.0,0.0
train/velocity_mse,61650.0,0.0
train/velocity_mse,61700.0,0.0
train/velocity_mse,61750.0,0.0
train/velocity_mse,61800.0,0.0
train/velocity_mse,61850.0,0.0
train/velocity_mse,61900.0,0.0
train/velocity_mse,61950.0,0.0
train/velocity_mse,62000.0,0.0
train/velocity_mse,62050.0,0.0
train/velocity_mse,62100.0,0.0
train/velocity_mse,62150.0,0.0
train/velocity_mse,62200.0,0.0
train/velocity_mse,62250.0,0.0
train/velocity_mse,62300.0,0.0
train/velocity_mse,62350.0,0.0
train/velocity_mse,62400.0,0.0
train/velocity_mse,62450.0,0.0
train/velocity_mse,62500.0,0.0
train/velocity_mse,62550.0,0.0
train/velocity_mse,62600.0,0.0
train/velocity_mse,62650.0,0.0
train/velocity_mse,62700.0,0.0
train/velocity_mse,62750.0,0.0
train/velocity_mse,62800.0,0.0
train/velocity_mse,62850.0,0.0
train/velocity_mse,62900.0,0.0
train/velocity_mse,62950.0,0.0
train/velocity_mse,63000.0,0.0
train/velocity_mse,63050.0,0.0
train/velocity_mse,63100.0,0.0
train/velocity_mse,63150.0,0.0
train/velocity_mse,63200.0,0.0
train/velocity_mse,63250.0,0.0
train/velocity_mse,63300.0,0.0
train/velocity_mse,63350.0,0.0
train/velocity_mse,63400.0,0.0
train/velocity_mse,63450.0,0.0
train/velocity_mse,63500.0,0.0
train/velocity_mse,63550.0,0.0
train/velocity_mse,63600.0,0.0
train/velocity_mse,63650.0,0.0
train/velocity_mse,63700.0,0.0
train/velocity_mse,63750.0,0.0
train/velocity_mse,63800.0,0.0
train/velocity_mse,63850.0,0.0
train/velocity_mse,63900.0,0.0
train/velocity_mse,63950.0,0.0
train/velocity_mse,64000.0,0.0
train/velocity_mse,64050.0,0.0
train/velocity_mse,64100.0,0.0
train/velocity_mse,64150.0,0.0
train/velocity_mse,64200.0,0.0
train/velocity_mse,64250.0,0.0
train/velocity_mse,64300.0,0.0
train/velocity_mse,64350.0,0.0
train/velocity_mse,64400.0,0.0
train/velocity_mse,64450.0,0.0
train/velocity_mse,64500.0,0.0
train/velocity_mse,64550.0,0.0
train/velocity_mse,64600.0,0.0
train/velocity_mse,64650.0,0.0
train/velocity_mse,64700.0,0.0
train/velocity_mse,64750.0,0.0
train/velocity_mse,64800.0,0.0
train/velocity_mse,64850.0,0.0
train/velocity_mse,64900.0,0.0
train/velocity_mse,64950.0,0.0
train/velocity_mse,65000.0,0.0
train/velocity_mse,65050.0,0.0
train/velocity_mse,65100.0,0.0
train/velocity_mse,65150.0,0.0
train/velocity_mse,65200.0,0.0
train/velocity_mse,65250.0,0.0
train/velocity_mse,65300.0,0.0
train/velocity_mse,65350.0,0.0
train/velocity_mse,65400.0,0.0
train/velocity_mse,65450.0,0.0
train/velocity_mse,65500.0,0.0
train/velocity_mse,65550.0,0.0
train/velocity_mse,65600.0,0.0
train/velocity_mse,65650.0,0.0
train/velocity_mse,65700.0,0.0
train/velocity_mse,65750.0,0.0
train/velocity_mse,65800.0,0.0
train/velocity_mse,65850.0,0.0
train/velocity_mse,65900.0,0.0
train/velocity_mse,65950.0,0.0
train/velocity_mse,66000.0,0.0
train/velocity_mse,66050.0,0.0
train/velocity_mse,66100.0,0.0
train/velocity_mse,66150.0,0.0
train/velocity_mse,66200.0,0.0
train/velocity_mse,66250.0,0.0
train/velocity_mse,66300.0,0.0
train/velocity_mse,66350.0,0.0
train/velocity_mse,66400.0,0.0
train/velocity_mse,66450.0,0.0
train/velocity_mse,66500.0,0.0
train/velocity_mse,66550.0,0.0
train/velocity_mse,66600.0,0.0
train/velocity_mse,66650.0,0.0
train/velocity_mse,66700.0,0.0
train/velocity_mse,66750.0,0.0
train/velocity_mse,66800.0,0.0
train/velocity_mse,66850.0,0.0
train/velocity_mse,66900.0,0.0
train/velocity_mse,66950.0,0.0
train/velocity_mse,67000.0,0.0
train/velocity_mse,67050.0,0.0
train/velocity_mse,67100.0,0.0
train/velocity_mse,67150.0,0.0
train/velocity_mse,67200.0,0.0
train/velocity_mse,67250.0,0.0
train/velocity_mse,67300.0,0.0
train/velocity_mse,67350.0,0.0
train/velocity_mse,67400.0,0.0
train/velocity_mse,67450.0,0.0
train/velocity_mse,67500.0,0.0
train/velocity_mse,67550.0,0.0
train/velocity_mse,67600.0,0.0
train/velocity_mse,67650.0,0.0
train/velocity_mse,67700.0,0.0
train/velocity_mse,67750.0,0.0
train/velocity_mse,67800.0,0.0
train/velocity_mse,67850.0,0.0
train/velocity_mse,67900.0,0.0
train/velocity_mse,67950.0,0.0
train/velocity_mse,68000.0,0.0
train/velocity_mse,68050.0,0.0
train/velocity_mse,68100.0,0.0
train/velocity_mse,68150.0,0.0
train/velocity_mse,68200.0,0.0
train/velocity_mse,68250.0,0.0
train/velocity_mse,68300.0,0.0
train/velocity_mse,68350.0,0.0
train/velocity_mse,68400.0,0.0
train/velocity_mse,68450.0,0.0
train/velocity_mse,68500.0,0.0
train/velocity_mse,68550.0,0.0
train/velocity_mse,68600.0,0.0
train/velocity_mse,68650.0,0.0
train/velocity_mse,68700.0,0.0
train/velocity_mse,68750.0,0.0
train/velocity_mse,68800.0,0.0
train/velocity_mse,68850.0,0.0
train/velocity_mse,68900.0,0.0
train/velocity_mse,68950.0,0.0
train/velocity_mse,69000.0,0.0
train/velocity_mse,69050.0,0.0
train/velocity_mse,69100.0,0.0
train/velocity_mse,69150.0,0.0
train/velocity_mse,69200.0,0.0
train/velocity_mse,69250.0,0.0
train/velocity_mse,69300.0,0.0
train/velocity_mse,69350.0,0.0
train/velocity_mse,69400.0,0.0
train/velocity_mse,69450.0,0.0
train/velocity_mse,69500.0,0.0
train/velocity_mse,69550.0,0.0
train/velocity_mse,69600.0,0.0
train/velocity_mse,69650.0,0.0
train/velocity_mse,69700.0,0.0
train/velocity_mse,69750.0,0.0
train/velocity_mse,69800.0,0.0
train/velocity_mse,69850.0,0.0
train/velocity_mse,69900.0,0.0
train/velocity_mse,69950.0,0.0
train/velocity_mse,70000.0,0.0
train/velocity_mse,70050.0,0.0
train/velocity_mse,70100.0,0.0
train/velocity_mse,70150.0,0.0
train/velocity_mse,70200.0,0.0
train/velocity_mse,70250.0,0.0
train/velocity_mse,70300.0,0.0
train/velocity_mse,70350.0,0.0
train/velocity_mse,70400.0,0.0
train/velocity_mse,70450.0,0.0
train/velocity_mse,70500.0,0.0
train/velocity_mse,70550.0,0.0
train/velocity_mse,70600.0,0.0
train/velocity_mse,70650.0,0.0
train/velocity_mse,70700.0,0.0
train/velocity_mse,70750.0,0.0
train/velocity_mse,70800.0,0.0
train/velocity_mse,70850.0,0.0
train/velocity_mse,70900.0,0.0
train/velocity_mse,70950.0,0.0
train/velocity_mse,71000.0,0.0
train/velocity_mse,71050.0,0.0
train/velocity_mse,71100.0,0.0
train/velocity_mse,71150.0,0.0
train/velocity_mse,71200.0,0.0
train/velocity_mse,71250.0,0.0
train/velocity_mse,71300.0,0.0
train/velocity_mse,71350.0,0.0
train/velocity_mse,71400.0,0.0
train/velocity_mse,71450.0,0.0
train/velocity_mse,71500.0,0.0
train/velocity_mse,71550.0,0.0
train/velocity_mse,71600.0,0.0
train/velocity_mse,71650.0,0.0
train/velocity_mse,71700.0,0.0
train/velocity_mse,71750.0,0.0
train/velocity_mse,71800.0,0.0
train/velocity_mse,71850.0,0.0
train/velocity_mse,71900.0,0.0
train/velocity_mse,71950.0,0.0
train/velocity_mse,72000.0,0.0
train/velocity_mse,72050.0,0.0
train/velocity_mse,72100.0,0.0
train/velocity_mse,72150.0,0.0
train/velocity_mse,72200.0,0.0
train/velocity_mse,72250.0,0.0
train/velocity_mse,72300.0,0.0
train/velocity_mse,72350.0,0.0
train/velocity_mse,72400.0,0.0
train/velocity_mse,72450.0,0.0
train/velocity_mse,72500.0,0.0
train/velocity_mse,72550.0,0.0
train/velocity_mse,72600.0,0.0
train/velocity_mse,72650.0,0.0
train/velocity_mse,72700.0,0.0
train/velocity_mse,72750.0,0.0
train/velocity_mse,72800.0,0.0
train/velocity_mse,72850.0,0.0
train/velocity_mse,72900.0,0.0
train/velocity_mse,72950.0,0.0
train/velocity_mse,73000.0,0.0
train/velocity_mse,73050.0,0.0
train/velocity_mse,73100.0,0.0
train/velocity_mse,73150.0,0.0
train/velocity_mse,73200.0,0.0
train/velocity_mse,73250.0,0.0
train/velocity_mse,73300.0,0.0
train/velocity_mse,73350.0,0.0
train/velocity_mse,73400.0,0.0
train/velocity_mse,73450.0,0.0
train/velocity_mse,73500.0,0.0
train/velocity_mse,73550.0,0.0
train/velocity_mse,73600.0,0.0
train/velocity_mse,73650.0,0.0
train/velocity_mse,73700.0,0.0
train/velocity_mse,73750.0,0.0
train/velocity_mse,73800.0,0.0
train/velocity_mse,73850.0,0.0
train/velocity_mse,73900.0,0.0
train/velocity_mse,73950.0,0.0
train/velocity_mse,74000.0,0.0
train/velocity_mse,74050.0,0.0
train/velocity_mse,74100.0,0.0
train/velocity_mse,74150.0,0.0
train/velocity_mse,74200.0,0.0
train/velocity_mse,74250.0,0.0
train/velocity_mse,74300.0,0.0
train/velocity_mse,74350.0,0.0
train/velocity_mse,74400.0,0.0
train/velocity_mse,74450.0,0.0
train/velocity_mse,74500.0,0.0
train/velocity_mse,74550.0,0.0
train/velocity_mse,74600.0,0.0
train/velocity_mse,74650.0,0.0
train/velocity_mse,74700.0,0.0
train/velocity_mse,74750.0,0.0
train/velocity_mse,74800.0,0.0
train/velocity_mse,74850.0,0.0
train/velocity_mse,74900.0,0.0
train/velocity_mse,74950.0,0.0
train/velocity_mse,75000.0,0.0
train/velocity_mse,75050.0,0.0
train/velocity_mse,75100.0,0.0
train/velocity_mse,75150.0,0.0
train/velocity_mse,75200.0,0.0
train/velocity_mse,75250.0,0.0
train/velocity_mse,75300.0,0.0
train/velocity_mse,75350.0,0.0
train/velocity_mse,75400.0,0.0
train/velocity_mse,75450.0,0.0
train/velocity_mse,75500.0,0.0
train/velocity_mse,75550.0,0.0
train/velocity_mse,75600.0,0.0
train/velocity_mse,75650.0,0.0
train/velocity_mse,75700.0,0.0
train/velocity_mse,75750.0,0.0
train/velocity_mse,75800.0,0.0
train/velocity_mse,75850.0,0.0
train/velocity_mse,75900.0,0.0
train/velocity_mse,75950.0,0.0
train/velocity_mse,76000.0,0.0
train/velocity_mse,76050.0,0.0
train/velocity_mse,76100.0,0.0
train/velocity_mse,76150.0,0.0
train/velocity_mse,76200.0,0.0
train/velocity_mse,76250.0,0.0
train/velocity_mse,76300.0,0.0
train/velocity_mse,76350.0,0.0
train/velocity_mse,76400.0,0.0
train/velocity_mse,76450.0,0.0
train/velocity_mse,76500.0,0.0
train/velocity_mse,76550.0,0.0
train/velocity_mse,76600.0,0.0
train/velocity_mse,76650.0,0.0
train/velocity_mse,76700.0,0.0
train/velocity_mse,76750.0,0.0
train/velocity_mse,76800.0,0.0
train/velocity_mse,76850.0,0.0
train/velocity_mse,76900.0,0.0
train/velocity_mse,76950.0,0.0
train/velocity_mse,77000.0,0.0
train/velocity_mse,77050.0,0.0
train/velocity_mse,77100.0,0.0
train/velocity_mse,77150.0,0.0
train/velocity_mse,77200.0,0.0
train/velocity_mse,77250.0,0.0
train/velocity_mse,77300.0,0.0
train/velocity_mse,77350.0,0.0
train/velocity_mse,77400.0,0.0
train/velocity_mse,77450.0,0.0
train/velocity_mse,77500.0,0.0
train/velocity_mse,77550.0,0.0
train/velocity_mse,77600.0,0.0
train/velocity_mse,77650.0,0.0
train/velocity_mse,77700.0,0.0
train/velocity_mse,77750.0,0.0
train/velocity_mse,77800.0,0.0
train/velocity_mse,77850.0,0.0
train/velocity_mse,77900.0,0.0
train/velocity_mse,77950.0,0.0
train/velocity_mse,78000.0,0.0
train/velocity_mse,78050.0,0.0
train/velocity_mse,78100.0,0.0
train/velocity_mse,78150.0,0.0
train/velocity_mse,78200.0,0.0
train/velocity_mse,78250.0,0.0
train/velocity_mse,78300.0,0.0
train/velocity_mse,78350.0,0.0
train/velocity_mse,78400.0,0.0
train/velocity_mse,78450.0,0.0
train/velocity_mse,78500.0,0.0
train/velocity_mse,78550.0,0.0
train/velocity_mse,78600.0,0.0
train/velocity_mse,78650.0,0.0
train/velocity_mse,78700.0,0.0
train/velocity_mse,78750.0,0.0
train/velocity_mse,78800.0,0.0
train/velocity_mse,78850.0,0.0
train/velocity_mse,78900.0,0.0
train/velocity_mse,78950.0,0.0
train/velocity_mse,79000.0,0.0
train/velocity_mse,79050.0,0.0
train/velocity_mse,79100.0,0.0
train/velocity_mse,79150.0,0.0
train/velocity_mse,79200.0,0.0
train/velocity_mse,79250.0,0.0
train/velocity_mse,79300.0,0.0
train/velocity_mse,79350.0,0.0
train/velocity_mse,79400.0,0.0
train/velocity_mse,79450.0,0.0
train/velocity_mse,79500.0,0.0
train/velocity_mse,79550.0,0.0
train/velocity_mse,79600.0,0.0
train/velocity_mse,79650.0,0.0
train/velocity_mse,79700.0,0.0
train/velocity_mse,79750.0,0.0
train/velocity_mse,79800.0,0.0
train/velocity_mse,79850.0,0.0
train/velocity_mse,79900.0,0.0
train/velocity_mse,79950.0,0.0
train/velocity_mse,80000.0,0.0
val/delta_e76,4000.0,6.519341945648193
val/delta_e76,8000.0,6.0272088050842285
val/delta_e76,12000.0,6.147026538848877
val/delta_e76,16000.0,6.207080364227295
val/delta_e76,20000.0,6.002896308898926
val/delta_e76,24000.0,5.9295334815979
val/delta_e76,28000.0,5.945040225982666
val/delta_e76,32000.0,6.0822954177856445
val/delta_e76,36000.0,5.99921989440918
val/delta_e76,40000.0,5.907693386077881
val/delta_e76,44000.0,5.904701232910156
val/delta_e76,48000.0,5.94679069519043
val/delta_e76,52000.0,5.906365871429443
val/delta_e76,56000.0,5.910651206970215
val/delta_e76,60000.0,5.9229230880737305
val/delta_e76,64000.0,6.047929286956787
val/delta_e76,68000.0,6.053603649139404
val/delta_e76,72000.0,6.0844831466674805
val/delta_e76,76000.0,6.05098295211792
val/delta_e76,80000.0,6.056960105895996
val/loss,4000.0,0.06449815630912781
val/loss,8000.0,0.06031736359000206
val/loss,12000.0,0.06136566027998924
val/loss,16000.0,0.06203014403581619
val/loss,20000.0,0.06029216945171356
val/loss,24000.0,0.05938960611820221
val/loss,28000.0,0.05990452319383621
val/loss,32000.0,0.060587771236896515
val/loss,36000.0,0.060342997312545776
val/loss,40000.0,0.05955801159143448
val/loss,44000.0,0.05949685350060463
val/loss,48000.0,0.059720367193222046
val/loss,52000.0,0.059528738260269165
val/loss,56000.0,0.05951553210616112
val/loss,60000.0,0.05974326655268669
val/loss,64000.0,0.0600423738360405
val/loss,68000.0,0.060566496104002
val/loss,72000.0,0.060720328241586685
val/loss,76000.0,0.06023269146680832
val/loss,80000.0,0.0604589506983757
val/lpips,4000.0,0.4124773144721985
val/lpips,8000.0,0.4067228436470032
val/lpips,12000.0,0.406733900308609
val/lpips,16000.0,0.4059879779815674
val/lpips,20000.0,0.39866137504577637
val/lpips,24000.0,0.4000135064125061
val/lpips,28000.0,0.39996597170829773
val/lpips,32000.0,0.39960065484046936
val/lpips,36000.0,0.40465089678764343
val/lpips,40000.0,0.39950481057167053
val/lpips,44000.0,0.39952266216278076
val/lpips,48000.0,0.40090054273605347
val/lpips,52000.0,0.3999730348587036
val/lpips,56000.0,0.39900967478752136
val/lpips,60000.0,0.4010899066925049
val/lpips,64000.0,0.24018029868602753
val/lpips,68000.0,0.23521259427070618
val/lpips,72000.0,0.23250281810760498
val/lpips,76000.0,0.23042963445186615
val/lpips,80000.0,0.22857604920864105
val/mae,4000.0,0.05254161357879639
val/mae,8000.0,0.04926113039255142
val/mae,12000.0,0.050059717148542404
val/mae,16000.0,0.05057496577501297
val/mae,20000.0,0.04923849552869797
val/mae,24000.0,0.04851221293210983
val/mae,28000.0,0.04889920726418495
val/mae,32000.0,0.04943696781992912
val/mae,36000.0,0.04922989010810852
val/mae,40000.0,0.048625148832798004
val/mae,44000.0,0.04857325926423073
val/mae,48000.0,0.04874507710337639
val/mae,52000.0,0.04859761893749237
val/mae,56000.0,0.048583921045064926
val/mae,60000.0,0.04875864461064339
val/mae,64000.0,0.049120765179395676
val/mae,68000.0,0.04953460395336151
val/mae,72000.0,0.04964536055922508
val/mae,76000.0,0.04926816001534462
val/mae,80000.0,0.04944510757923126
val/psnr,4000.0,22.930795669555664
val/psnr,8000.0,23.443145751953125
val/psnr,12000.0,23.27984619140625
val/psnr,16000.0,23.24007225036621
val/psnr,20000.0,23.454837799072266
val/psnr,24000.0,23.527549743652344
val/psnr,28000.0,23.461355209350586
val/psnr,32000.0,23.39458465576172
val/psnr,36000.0,23.39792823791504
val/psnr,40000.0,23.51324462890625
val/psnr,44000.0,23.522319793701172
val/psnr,48000.0,23.492822647094727
val/psnr,52000.0,23.515140533447266
val/psnr,56000.0,23.51468276977539
val/psnr,60000.0,23.476736068725586
val/psnr,64000.0,23.4221248626709
val/psnr,68000.0,23.33494758605957
val/psnr,72000.0,23.322221755981445
val/psnr,76000.0,23.393352508544922
val/psnr,80000.0,23.355968475341797
val/ssim,4000.0,0.58894944190979
val/ssim,8000.0,0.5934628248214722
val/ssim,12000.0,0.5944202542304993
val/ssim,16000.0,0.5978624820709229
val/ssim,20000.0,0.599342942237854
val/ssim,24000.0,0.603493869304657
val/ssim,28000.0,0.6021904945373535
val/ssim,32000.0,0.6019906401634216
val/ssim,36000.0,0.6021453738212585
val/ssim,40000.0,0.6042725443840027
val/ssim,44000.0,0.6041463017463684
val/ssim,48000.0,0.604559063911438
val/ssim,52000.0,0.6054648756980896
val/ssim,56000.0,0.6055518984794617
val/ssim,60000.0,0.6056164503097534
val/ssim,64000.0,0.5922437906265259
val/ssim,68000.0,0.5941636562347412
val/ssim,72000.0,0.5953184962272644
val/ssim,76000.0,0.5954585075378418
val/ssim,80000.0,0.5956624746322632
val/total_objective,4000.0,0.08512202650308609
val/total_objective,8000.0,0.08065350353717804
val/total_objective,12000.0,0.0817023515701294
val/total_objective,16000.0,0.08232954144477844
val/total_objective,20000.0,0.08022523671388626
val/total_objective,24000.0,0.0793902799487114
val/total_objective,28000.0,0.07990282028913498
val/total_objective,32000.0,0.08056780695915222
val/total_objective,36000.0,0.08057554066181183
val/total_objective,40000.0,0.07953324913978577
val/total_objective,44000.0,0.07947298884391785
val/total_objective,48000.0,0.07976539433002472
val/total_objective,52000.0,0.07952738553285599
val/total_objective,56000.0,0.07946601510047913
val/total_objective,60000.0,0.07979775965213776
val/total_objective,64000.0,0.07205139100551605
val/total_objective,68000.0,0.07232712209224701
val/total_objective,72000.0,0.07234547287225723
val/total_objective,76000.0,0.07175417244434357
val/total_objective,80000.0,0.07188775390386581
train/charbonnier,60050.0,0.0505836084485054
train/charbonnier,60100.0,0.04811295494437218
train/charbonnier,60150.0,0.04875143617391586
train/charbonnier,60200.0,0.04626147821545601
train/charbonnier,60250.0,0.04505348950624466
train/charbonnier,60300.0,0.05465263873338699
train/charbonnier,60350.0,0.048217251896858215
train/charbonnier,60400.0,0.04553196206688881
train/charbonnier,60450.0,0.047812167555093765
train/charbonnier,60500.0,0.04450276494026184
train/charbonnier,60550.0,0.05151728540658951
train/charbonnier,60600.0,0.048174306750297546
train/charbonnier,60650.0,0.04482357203960419
train/charbonnier,60700.0,0.0515151247382164
train/charbonnier,60750.0,0.04291160777211189
train/charbonnier,60800.0,0.042673416435718536
train/charbonnier,60850.0,0.04467862844467163
train/charbonnier,60900.0,0.049589693546295166
train/charbonnier,60950.0,0.044035881757736206
train/charbonnier,61000.0,0.042712945491075516
train/charbonnier,61050.0,0.04180442541837692
train/charbonnier,61100.0,0.048931337893009186
train/charbonnier,61150.0,0.05117397755384445
train/charbonnier,61200.0,0.04551530256867409
train/charbonnier,61250.0,0.04921877384185791
train/charbonnier,61300.0,0.04911808297038078
train/charbonnier,61350.0,0.048759594559669495
train/charbonnier,61400.0,0.04571009799838066
train/charbonnier,61450.0,0.04630560055375099
train/charbonnier,61500.0,0.04664546996355057
train/charbonnier,61550.0,0.051151446998119354
train/charbonnier,61600.0,0.047898054122924805
train/charbonnier,61650.0,0.04641410708427429
train/charbonnier,61700.0,0.04679683595895767
train/charbonnier,61750.0,0.040522366762161255
train/charbonnier,61800.0,0.0552821084856987
train/charbonnier,61850.0,0.04874318838119507
train/charbonnier,61900.0,0.04886946082115173
train/charbonnier,61950.0,0.04841550439596176
train/charbonnier,62000.0,0.05227437987923622
train/charbonnier,62050.0,0.0483289435505867
train/charbonnier,62100.0,0.044133059680461884
train/charbonnier,62150.0,0.04529311880469322
train/charbonnier,62200.0,0.047543756663799286
train/charbonnier,62250.0,0.048598092049360275
train/charbonnier,62300.0,0.049020204693078995
train/charbonnier,62350.0,0.04729351028800011
train/charbonnier,62400.0,0.04479514807462692
train/charbonnier,62450.0,0.048988763242959976
train/charbonnier,62500.0,0.04621579870581627
train/charbonnier,62550.0,0.04498748481273651
train/charbonnier,62600.0,0.04634082317352295
train/charbonnier,62650.0,0.0497923344373703
train/charbonnier,62700.0,0.04497046768665314
train/charbonnier,62750.0,0.0477280467748642
train/charbonnier,62800.0,0.04557047039270401
train/charbonnier,62850.0,0.04941536858677864
train/charbonnier,62900.0,0.04463090002536774
train/charbonnier,62950.0,0.050516266375780106
train/charbonnier,63000.0,0.04648130387067795
train/charbonnier,63050.0,0.04883013665676117
train/charbonnier,63100.0,0.05028044059872627
train/charbonnier,63150.0,0.04621575027704239
train/charbonnier,63200.0,0.046718861907720566
train/charbonnier,63250.0,0.04819764941930771
train/charbonnier,63300.0,0.048533279448747635
train/charbonnier,63350.0,0.04667743667960167
train/charbonnier,63400.0,0.046383827924728394
train/charbonnier,63450.0,0.048351310193538666
train/charbonnier,63500.0,0.04608691856265068
train/charbonnier,63550.0,0.04704941809177399
train/charbonnier,63600.0,0.044964320957660675
train/charbonnier,63650.0,0.048457711935043335
train/charbonnier,63700.0,0.05205331742763519
train/charbonnier,63750.0,0.04462461173534393
train/charbonnier,63800.0,0.04815123230218887
train/charbonnier,63850.0,0.04867732897400856
train/charbonnier,63900.0,0.04315430670976639
train/charbonnier,63950.0,0.04854355379939079
train/charbonnier,64000.0,0.04720737785100937
train/charbonnier,64050.0,0.04965679720044136
train/charbonnier,64100.0,0.0456278920173645
train/charbonnier,64150.0,0.04509899765253067
train/charbonnier,64200.0,0.04738738387823105
train/charbonnier,64250.0,0.050248872488737106
train/charbonnier,64300.0,0.04621253162622452
train/charbonnier,64350.0,0.04848286509513855
train/charbonnier,64400.0,0.050775907933712006
train/charbonnier,64450.0,0.04501613229513168
train/charbonnier,64500.0,0.04438338801264763
train/charbonnier,64550.0,0.043812140822410583
train/charbonnier,64600.0,0.04750700667500496
train/charbonnier,64650.0,0.047474902123212814
train/charbonnier,64700.0,0.04936717078089714
train/charbonnier,64750.0,0.05340631678700447
train/charbonnier,64800.0,0.04486916586756706
train/charbonnier,64850.0,0.04458436369895935
train/charbonnier,64900.0,0.048399679362773895
train/charbonnier,64950.0,0.04566682130098343
train/charbonnier,65000.0,0.04892896115779877
train/charbonnier,65050.0,0.04687337204813957
train/charbonnier,65100.0,0.04907919839024544
train/charbonnier,65150.0,0.05293858051300049
train/charbonnier,65200.0,0.04584494233131409
train/charbonnier,65250.0,0.04948612302541733
train/charbonnier,65300.0,0.048197340220212936
train/charbonnier,65350.0,0.043126337230205536
train/charbonnier,65400.0,0.04972164332866669
train/charbonnier,65450.0,0.047733839601278305
train/charbonnier,65500.0,0.050752006471157074
train/charbonnier,65550.0,0.04486134648323059
train/charbonnier,65600.0,0.04568510502576828
train/charbonnier,65650.0,0.04947160929441452
train/charbonnier,65700.0,0.04778432846069336
train/charbonnier,65750.0,0.05638870596885681
train/charbonnier,65800.0,0.04140616953372955
train/charbonnier,65850.0,0.04595543071627617
train/charbonnier,65900.0,0.05272622033953667
train/charbonnier,65950.0,0.0491282194852829
train/charbonnier,66000.0,0.0447949543595314
train/charbonnier,66050.0,0.04949846863746643
train/charbonnier,66100.0,0.04672776907682419
train/charbonnier,66150.0,0.05086169019341469
train/charbonnier,66200.0,0.048057474195957184
train/charbonnier,66250.0,0.0440981462597847
train/charbonnier,66300.0,0.053060807287693024
train/charbonnier,66350.0,0.04497504234313965
train/charbonnier,66400.0,0.046036794781684875
train/charbonnier,66450.0,0.05093611776828766
train/charbonnier,66500.0,0.04928554221987724
train/charbonnier,66550.0,0.04967029020190239
train/charbonnier,66600.0,0.04843740537762642
train/charbonnier,66650.0,0.04595809429883957
train/charbonnier,66700.0,0.05049581453204155
train/charbonnier,66750.0,0.050422973930835724
train/charbonnier,66800.0,0.04414704442024231
train/charbonnier,66850.0,0.05192189663648605
train/charbonnier,66900.0,0.047292858362197876
train/charbonnier,66950.0,0.04685138165950775
train/charbonnier,67000.0,0.043599046766757965
train/charbonnier,67050.0,0.05159250274300575
train/charbonnier,67100.0,0.04069749638438225
train/charbonnier,67150.0,0.051725804805755615
train/charbonnier,67200.0,0.04914339259266853
train/charbonnier,67250.0,0.04373636469244957
train/charbonnier,67300.0,0.05518306419253349
train/charbonnier,67350.0,0.04981948807835579
train/charbonnier,67400.0,0.04429042711853981
train/charbonnier,67450.0,0.04944225773215294
train/charbonnier,67500.0,0.04981013014912605
train/charbonnier,67550.0,0.049745265394449234
train/charbonnier,67600.0,0.04413820430636406
train/charbonnier,67650.0,0.043935663998126984
train/charbonnier,67700.0,0.05094166845083237
train/charbonnier,67750.0,0.04910577833652496
train/charbonnier,67800.0,0.04881667718291283
train/charbonnier,67850.0,0.04884712025523186
train/charbonnier,67900.0,0.046342991292476654
train/charbonnier,67950.0,0.04350628703832626
train/charbonnier,68000.0,0.045918747782707214
train/charbonnier,68050.0,0.04781494662165642
train/charbonnier,68100.0,0.05256177857518196
train/charbonnier,68150.0,0.04356488958001137
train/charbonnier,68200.0,0.04682348296046257
train/charbonnier,68250.0,0.047263722866773605
train/charbonnier,68300.0,0.05140288546681404
train/charbonnier,68350.0,0.044863760471343994
train/charbonnier,68400.0,0.0400594100356102
train/charbonnier,68450.0,0.049278706312179565
train/charbonnier,68500.0,0.04654897749423981
train/charbonnier,68550.0,0.04688471928238869
train/charbonnier,68600.0,0.05200941115617752
train/charbonnier,68650.0,0.0500606968998909
train/charbonnier,68700.0,0.04789092019200325
train/charbonnier,68750.0,0.04770670831203461
train/charbonnier,68800.0,0.04784933850169182
train/charbonnier,68850.0,0.04548793286085129
train/charbonnier,68900.0,0.04581063985824585
train/charbonnier,68950.0,0.04947051405906677
train/charbonnier,69000.0,0.05084656924009323
train/charbonnier,69050.0,0.04933057352900505
train/charbonnier,69100.0,0.04679621756076813
train/charbonnier,69150.0,0.044631227850914
train/charbonnier,69200.0,0.048159822821617126
train/charbonnier,69250.0,0.04525389149785042
train/charbonnier,69300.0,0.05132405832409859
train/charbonnier,69350.0,0.04846183583140373
train/charbonnier,69400.0,0.05344661697745323
train/charbonnier,69450.0,0.04216562956571579
train/charbonnier,69500.0,0.045973870903253555
train/charbonnier,69550.0,0.047873008996248245
train/charbonnier,69600.0,0.046812113374471664
train/charbonnier,69650.0,0.04725203290581703
train/charbonnier,69700.0,0.04711182788014412
train/charbonnier,69750.0,0.0491962693631649
train/charbonnier,69800.0,0.04693396016955376
train/charbonnier,69850.0,0.04771203175187111
train/charbonnier,69900.0,0.045106079429388046
train/charbonnier,69950.0,0.047693222761154175
train/charbonnier,70000.0,0.04353752359747887
train/charbonnier,70050.0,0.043806396424770355
train/charbonnier,70100.0,0.0448676273226738
train/charbonnier,70150.0,0.04408016428351402
train/charbonnier,70200.0,0.046463560312986374
train/charbonnier,70250.0,0.04504011571407318
train/charbonnier,70300.0,0.04535514861345291
train/charbonnier,70350.0,0.04726553335785866
train/charbonnier,70400.0,0.04171504080295563
train/charbonnier,70450.0,0.041268959641456604
train/charbonnier,70500.0,0.043025046586990356
train/charbonnier,70550.0,0.04535958915948868
train/charbonnier,70600.0,0.05168331414461136
train/charbonnier,70650.0,0.04801555722951889
train/charbonnier,70700.0,0.04656844586133957
train/charbonnier,70750.0,0.048460476100444794
train/charbonnier,70800.0,0.0448484942317009
train/charbonnier,70850.0,0.04527508467435837
train/charbonnier,70900.0,0.049050651490688324
train/charbonnier,70950.0,0.045608069747686386
train/charbonnier,71000.0,0.04767868295311928
train/charbonnier,71050.0,0.045679185539484024
train/charbonnier,71100.0,0.04429425671696663
train/charbonnier,71150.0,0.049222543835639954
train/charbonnier,71200.0,0.04813528433442116
train/charbonnier,71250.0,0.04882201552391052
train/charbonnier,71300.0,0.05103125050663948
train/charbonnier,71350.0,0.05151446908712387
train/charbonnier,71400.0,0.0455121248960495
train/charbonnier,71450.0,0.04198354110121727
train/charbonnier,71500.0,0.049395784735679626
train/charbonnier,71550.0,0.04682119935750961
train/charbonnier,71600.0,0.05080954730510712
train/charbonnier,71650.0,0.04268742352724075
train/charbonnier,71700.0,0.050130486488342285
train/charbonnier,71750.0,0.045509010553359985
train/charbonnier,71800.0,0.04225824400782585
train/charbonnier,71850.0,0.04455271363258362
train/charbonnier,71900.0,0.0519547238945961
train/charbonnier,71950.0,0.04617559164762497
train/charbonnier,72000.0,0.052818745374679565
train/charbonnier,72050.0,0.049158982932567596
train/charbonnier,72100.0,0.049197450280189514
train/charbonnier,72150.0,0.050227999687194824
train/charbonnier,72200.0,0.04528046026825905
train/charbonnier,72250.0,0.04230885207653046
train/charbonnier,72300.0,0.046416986733675
train/charbonnier,72350.0,0.046627480536699295
train/charbonnier,72400.0,0.0459749735891819
train/charbonnier,72450.0,0.045780498534440994
train/charbonnier,72500.0,0.05238010734319687
train/charbonnier,72550.0,0.05016063526272774
train/charbonnier,72600.0,0.046117350459098816
train/charbonnier,72650.0,0.04682853817939758
train/charbonnier,72700.0,0.046926628798246384
train/charbonnier,72750.0,0.04941943660378456
train/charbonnier,72800.0,0.05407959595322609
train/charbonnier,72850.0,0.04477507248520851
train/charbonnier,72900.0,0.048968955874443054
train/charbonnier,72950.0,0.05014871433377266
train/charbonnier,73000.0,0.044378530234098434
train/charbonnier,73050.0,0.04381944239139557
train/charbonnier,73100.0,0.04587763175368309
train/charbonnier,73150.0,0.04389723762869835
train/charbonnier,73200.0,0.05001215264201164
train/charbonnier,73250.0,0.04694049060344696
train/charbonnier,73300.0,0.04496234655380249
train/charbonnier,73350.0,0.04557881876826286
train/charbonnier,73400.0,0.052195463329553604
train/charbonnier,73450.0,0.04720724746584892
train/charbonnier,73500.0,0.05110840126872063
train/charbonnier,73550.0,0.04881922900676727
train/charbonnier,73600.0,0.04356713965535164
train/charbonnier,73650.0,0.045561533421278
train/charbonnier,73700.0,0.04379764944314957
train/charbonnier,73750.0,0.04613720625638962
train/charbonnier,73800.0,0.05022188648581505
train/charbonnier,73850.0,0.046177856624126434
train/charbonnier,73900.0,0.044562287628650665
train/charbonnier,73950.0,0.04853830486536026
train/charbonnier,74000.0,0.04909403994679451
train/charbonnier,74050.0,0.05085526406764984
train/charbonnier,74100.0,0.05226394906640053
train/charbonnier,74150.0,0.05451462045311928
train/charbonnier,74200.0,0.04647701233625412
train/charbonnier,74250.0,0.04716074466705322
train/charbonnier,74300.0,0.0479167141020298
train/charbonnier,74350.0,0.04805426299571991
train/charbonnier,74400.0,0.04749113693833351
train/charbonnier,74450.0,0.04983009397983551
train/charbonnier,74500.0,0.04807630181312561
train/charbonnier,74550.0,0.04580090939998627
train/charbonnier,74600.0,0.05258090794086456
train/charbonnier,74650.0,0.04221109673380852
train/charbonnier,74700.0,0.0490608774125576
train/charbonnier,74750.0,0.052503712475299835
train/charbonnier,74800.0,0.04462994635105133
train/charbonnier,74850.0,0.050522930920124054
train/charbonnier,74900.0,0.0462004654109478
train/charbonnier,74950.0,0.050040967762470245
train/charbonnier,75000.0,0.043608956038951874
train/charbonnier,75050.0,0.049684077501297
train/charbonnier,75100.0,0.04855474829673767
train/charbonnier,75150.0,0.048397451639175415
train/charbonnier,75200.0,0.04567382484674454
train/charbonnier,75250.0,0.04642486572265625
train/charbonnier,75300.0,0.04343174397945404
train/charbonnier,75350.0,0.049325473606586456
train/charbonnier,75400.0,0.04628634452819824
train/charbonnier,75450.0,0.04923401400446892
train/charbonnier,75500.0,0.04874447360634804
train/charbonnier,75550.0,0.04796309769153595
train/charbonnier,75600.0,0.046101950109004974
train/charbonnier,75650.0,0.043879684060811996
train/charbonnier,75700.0,0.04786387085914612
train/charbonnier,75750.0,0.043616242706775665
train/charbonnier,75800.0,0.04657541960477829
train/charbonnier,75850.0,0.04597005993127823
train/charbonnier,75900.0,0.048547253012657166
train/charbonnier,75950.0,0.04380190372467041
train/charbonnier,76000.0,0.05145296826958656
train/charbonnier,76050.0,0.046983957290649414
train/charbonnier,76100.0,0.03842851519584656
train/charbonnier,76150.0,0.04514290392398834
train/charbonnier,76200.0,0.04885892942547798
train/charbonnier,76250.0,0.043027326464653015
train/charbonnier,76300.0,0.04410245642066002
train/charbonnier,76350.0,0.04759661853313446
train/charbonnier,76400.0,0.044357046484947205
train/charbonnier,76450.0,0.04377669841051102
train/charbonnier,76500.0,0.047348976135253906
train/charbonnier,76550.0,0.05337749794125557
train/charbonnier,76600.0,0.04679536819458008
train/charbonnier,76650.0,0.0463249534368515
train/charbonnier,76700.0,0.050100307911634445
train/charbonnier,76750.0,0.05087020620703697
train/charbonnier,76800.0,0.04991639778017998
train/charbonnier,76850.0,0.03951645642518997
train/charbonnier,76900.0,0.04544932767748833
train/charbonnier,76950.0,0.0484689436852932
train/charbonnier,77000.0,0.05063443258404732
train/charbonnier,77050.0,0.05155220255255699
train/charbonnier,77100.0,0.04879055172204971
train/charbonnier,77150.0,0.04483204334974289
train/charbonnier,77200.0,0.047208521515131
train/charbonnier,77250.0,0.04256633669137955
train/charbonnier,77300.0,0.04952622205018997
train/charbonnier,77350.0,0.04391227662563324
train/charbonnier,77400.0,0.04300655797123909
train/charbonnier,77450.0,0.04635468125343323
train/charbonnier,77500.0,0.04200081154704094
train/charbonnier,77550.0,0.04820491001009941
train/charbonnier,77600.0,0.04776868596673012
train/charbonnier,77650.0,0.04611639678478241
train/charbonnier,77700.0,0.04478978365659714
train/charbonnier,77750.0,0.045398369431495667
train/charbonnier,77800.0,0.04771488532423973
train/charbonnier,77850.0,0.045337844640016556
train/charbonnier,77900.0,0.04457464814186096
train/charbonnier,77950.0,0.048694953322410583
train/charbonnier,78000.0,0.046797335147857666
train/charbonnier,78050.0,0.047667983919382095
train/charbonnier,78100.0,0.05303394794464111
train/charbonnier,78150.0,0.047534454613924026
train/charbonnier,78200.0,0.048818137496709824
train/charbonnier,78250.0,0.04336731880903244
train/charbonnier,78300.0,0.04717402905225754
train/charbonnier,78350.0,0.05149279534816742
train/charbonnier,78400.0,0.047956716269254684
train/charbonnier,78450.0,0.05334554612636566
train/charbonnier,78500.0,0.047772347927093506
train/charbonnier,78550.0,0.05000002682209015
train/charbonnier,78600.0,0.04938095062971115
train/charbonnier,78650.0,0.04846984148025513
train/charbonnier,78700.0,0.05233795940876007
train/charbonnier,78750.0,0.047974489629268646
train/charbonnier,78800.0,0.04784982651472092
train/charbonnier,78850.0,0.044995203614234924
train/charbonnier,78900.0,0.048928938806056976
train/charbonnier,78950.0,0.043768174946308136
train/charbonnier,79000.0,0.04517045617103577
train/charbonnier,79050.0,0.04900466278195381
train/charbonnier,79100.0,0.047660037875175476
train/charbonnier,79150.0,0.042675912380218506
train/charbonnier,79200.0,0.04414857178926468
train/charbonnier,79250.0,0.04482223466038704
train/charbonnier,79300.0,0.04854235053062439
train/charbonnier,79350.0,0.045344505459070206
train/charbonnier,79400.0,0.046899981796741486
train/charbonnier,79450.0,0.04711141064763069
train/charbonnier,79500.0,0.04789181798696518
train/charbonnier,79550.0,0.05094589293003082
train/charbonnier,79600.0,0.044235195964574814
train/charbonnier,79650.0,0.047033775597810745
train/charbonnier,79700.0,0.04861924797296524
train/charbonnier,79750.0,0.04367358982563019
train/charbonnier,79800.0,0.04349988326430321
train/charbonnier,79850.0,0.04950229823589325
train/charbonnier,79900.0,0.049373380839824677
train/charbonnier,79950.0,0.04931527376174927
train/charbonnier,80000.0,0.04880760982632637
train/multiscale,60050.0,0.043662216514348984
train/multiscale,60100.0,0.041527047753334045
train/multiscale,60150.0,0.04140906780958176
train/multiscale,60200.0,0.039749354124069214
train/multiscale,60250.0,0.038577042520046234
train/multiscale,60300.0,0.047480110079050064
train/multiscale,60350.0,0.0411437526345253
train/multiscale,60400.0,0.039480060338974
train/multiscale,60450.0,0.04123622179031372
train/multiscale,60500.0,0.03833393380045891
train/multiscale,60550.0,0.044303521513938904
train/multiscale,60600.0,0.041151419281959534
train/multiscale,60650.0,0.03793773055076599
train/multiscale,60700.0,0.04404280707240105
train/multiscale,60750.0,0.03606671094894409
train/multiscale,60800.0,0.03652722015976906
train/multiscale,60850.0,0.03804890066385269
train/multiscale,60900.0,0.04218417406082153
train/multiscale,60950.0,0.03744056075811386
train/multiscale,61000.0,0.03670506924390793
train/multiscale,61050.0,0.03549313545227051
train/multiscale,61100.0,0.04239987954497337
train/multiscale,61150.0,0.043352413922548294
train/multiscale,61200.0,0.03887663781642914
train/multiscale,61250.0,0.04302385449409485
train/multiscale,61300.0,0.0422213077545166
train/multiscale,61350.0,0.04194151982665062
train/multiscale,61400.0,0.03922664746642113
train/multiscale,61450.0,0.04011918604373932
train/multiscale,61500.0,0.039684224873781204
train/multiscale,61550.0,0.045037951320409775
train/multiscale,61600.0,0.04024629294872284
train/multiscale,61650.0,0.04017271846532822
train/multiscale,61700.0,0.04027798771858215
train/multiscale,61750.0,0.03430823236703873
train/multiscale,61800.0,0.048210494220256805
train/multiscale,61850.0,0.041317906230688095
train/multiscale,61900.0,0.04130784794688225
train/multiscale,61950.0,0.0414654016494751
train/multiscale,62000.0,0.04456871747970581
train/multiscale,62050.0,0.041481420397758484
train/multiscale,62100.0,0.0382598415017128
train/multiscale,62150.0,0.03811223432421684
train/multiscale,62200.0,0.04044758528470993
train/multiscale,62250.0,0.042381398379802704
train/multiscale,62300.0,0.04180929809808731
train/multiscale,62350.0,0.03989303857088089
train/multiscale,62400.0,0.038479283452034
train/multiscale,62450.0,0.041185881942510605
train/multiscale,62500.0,0.03979756683111191
train/multiscale,62550.0,0.039006173610687256
train/multiscale,62600.0,0.040067315101623535
train/multiscale,62650.0,0.04288965463638306
train/multiscale,62700.0,0.038549307733774185
train/multiscale,62750.0,0.04071677103638649
train/multiscale,62800.0,0.03883149474859238
train/multiscale,62850.0,0.04224236309528351
train/multiscale,62900.0,0.03843843936920166
train/multiscale,62950.0,0.04446633532643318
train/multiscale,63000.0,0.040029868483543396
train/multiscale,63050.0,0.04213552176952362
train/multiscale,63100.0,0.04295629262924194
train/multiscale,63150.0,0.03989977389574051
train/multiscale,63200.0,0.039609674364328384
train/multiscale,63250.0,0.0419226735830307
train/multiscale,63300.0,0.041510000824928284
train/multiscale,63350.0,0.03910093009471893
train/multiscale,63400.0,0.03945328667759895
train/multiscale,63450.0,0.04090673848986626
train/multiscale,63500.0,0.0396566279232502
train/multiscale,63550.0,0.03994201868772507
train/multiscale,63600.0,0.03880424052476883
train/multiscale,63650.0,0.04058333858847618
train/multiscale,63700.0,0.04501732811331749
train/multiscale,63750.0,0.0383429080247879
train/multiscale,63800.0,0.041092775762081146
train/multiscale,63850.0,0.041718658059835434
train/multiscale,63900.0,0.03609156981110573
train/multiscale,63950.0,0.04140440374612808
train/multiscale,64000.0,0.04040650278329849
train/multiscale,64050.0,0.04252951219677925
train/multiscale,64100.0,0.03934917226433754
train/multiscale,64150.0,0.03783610835671425
train/multiscale,64200.0,0.04086346924304962
train/multiscale,64250.0,0.0435425266623497
train/multiscale,64300.0,0.039028268307447433
train/multiscale,64350.0,0.04163069278001785
train/multiscale,64400.0,0.04357031732797623
train/multiscale,64450.0,0.038208507001399994
train/multiscale,64500.0,0.03785038739442825
train/multiscale,64550.0,0.03778744116425514
train/multiscale,64600.0,0.03994123265147209
train/multiscale,64650.0,0.04062418267130852
train/multiscale,64700.0,0.042147405445575714
train/multiscale,64750.0,0.04588702321052551
train/multiscale,64800.0,0.039037082344293594
train/multiscale,64850.0,0.03761256858706474
train/multiscale,64900.0,0.041609931737184525
train/multiscale,64950.0,0.038568347692489624
train/multiscale,65000.0,0.04194124415516853
train/multiscale,65050.0,0.040575042366981506
train/multiscale,65100.0,0.041438326239585876
train/multiscale,65150.0,0.04598993808031082
train/multiscale,65200.0,0.039053257554769516
train/multiscale,65250.0,0.042681023478507996
train/multiscale,65300.0,0.040913406759500504
train/multiscale,65350.0,0.036840010434389114
train/multiscale,65400.0,0.04266016557812691
train/multiscale,65450.0,0.04137995094060898
train/multiscale,65500.0,0.04399627447128296
train/multiscale,65550.0,0.03805919364094734
train/multiscale,65600.0,0.0384565144777298
train/multiscale,65650.0,0.04187338799238205
train/multiscale,65700.0,0.041187532246112823
train/multiscale,65750.0,0.049167271703481674
train/multiscale,65800.0,0.03507838770747185
train/multiscale,65850.0,0.03855690360069275
train/multiscale,65900.0,0.045659828931093216
train/multiscale,65950.0,0.04233000800013542
train/multiscale,66000.0,0.03788962960243225
train/multiscale,66050.0,0.04244372993707657
train/multiscale,66100.0,0.03912393003702164
train/multiscale,66150.0,0.04380108788609505
train/multiscale,66200.0,0.0412958487868309
train/multiscale,66250.0,0.03701641410589218
train/multiscale,66300.0,0.0461282804608345
train/multiscale,66350.0,0.03797684609889984
train/multiscale,66400.0,0.03868832439184189
train/multiscale,66450.0,0.04423125088214874
train/multiscale,66500.0,0.0424448698759079
train/multiscale,66550.0,0.04264352098107338
train/multiscale,66600.0,0.04198206961154938
train/multiscale,66650.0,0.03920883685350418
train/multiscale,66700.0,0.04416337236762047
train/multiscale,66750.0,0.04339676722884178
train/multiscale,66800.0,0.037698760628700256
train/multiscale,66850.0,0.04463474452495575
train/multiscale,66900.0,0.03978173807263374
train/multiscale,66950.0,0.039558835327625275
train/multiscale,67000.0,0.03665503114461899
train/multiscale,67050.0,0.043805621564388275
train/multiscale,67100.0,0.03492656722664833
train/multiscale,67150.0,0.044365834444761276
train/multiscale,67200.0,0.042223572731018066
train/multiscale,67250.0,0.03743200749158859
train/multiscale,67300.0,0.04805021360516548
train/multiscale,67350.0,0.04299384355545044
train/multiscale,67400.0,0.03797546774148941
train/multiscale,67450.0,0.04241224378347397
train/multiscale,67500.0,0.04284097999334335
train/multiscale,67550.0,0.04229067265987396
train/multiscale,67600.0,0.03760068491101265
train/multiscale,67650.0,0.03714722767472267
train/multiscale,67700.0,0.04370468482375145
train/multiscale,67750.0,0.04122542962431908
train/multiscale,67800.0,0.04186173528432846
train/multiscale,67850.0,0.040645383298397064
train/multiscale,67900.0,0.03922069072723389
train/multiscale,67950.0,0.03649694472551346
train/multiscale,68000.0,0.039347391575574875
train/multiscale,68050.0,0.04145128279924393
train/multiscale,68100.0,0.04559843987226486
train/multiscale,68150.0,0.03687018156051636
train/multiscale,68200.0,0.039570681750774384
train/multiscale,68250.0,0.03999406844377518
train/multiscale,68300.0,0.04473862051963806
train/multiscale,68350.0,0.03814249485731125
train/multiscale,68400.0,0.03357963636517525
train/multiscale,68450.0,0.04200515151023865
train/multiscale,68500.0,0.03967063128948212
train/multiscale,68550.0,0.03994138538837433
train/multiscale,68600.0,0.04458881914615631
train/multiscale,68650.0,0.04291391745209694
train/multiscale,68700.0,0.041281022131443024
train/multiscale,68750.0,0.04069187492132187
train/multiscale,68800.0,0.040821373462677
train/multiscale,68850.0,0.03909553959965706
train/multiscale,68900.0,0.039003804326057434
train/multiscale,68950.0,0.04222416505217552
train/multiscale,69000.0,0.04394591599702835
train/multiscale,69050.0,0.04178689420223236
train/multiscale,69100.0,0.03981596976518631
train/multiscale,69150.0,0.03814886510372162
train/multiscale,69200.0,0.04107421636581421
train/multiscale,69250.0,0.03804102912545204
train/multiscale,69300.0,0.044386111199855804
train/multiscale,69350.0,0.04104655236005783
train/multiscale,69400.0,0.04626144468784332
train/multiscale,69450.0,0.03591127321124077
train/multiscale,69500.0,0.03890763223171234
train/multiscale,69550.0,0.04048684984445572
train/multiscale,69600.0,0.0397556871175766
train/multiscale,69650.0,0.040073323994874954
train/multiscale,69700.0,0.04025901108980179
train/multiscale,69750.0,0.0415031798183918
train/multiscale,69800.0,0.04014772176742554
train/multiscale,69850.0,0.0407852940261364
train/multiscale,69900.0,0.0385071262717247
train/multiscale,69950.0,0.04076723754405975
train/multiscale,70000.0,0.03731752932071686
train/multiscale,70050.0,0.03749173879623413
train/multiscale,70100.0,0.037630580365657806
train/multiscale,70150.0,0.03819521889090538
train/multiscale,70200.0,0.03940995782613754
train/multiscale,70250.0,0.03923589736223221
train/multiscale,70300.0,0.03853553533554077
train/multiscale,70350.0,0.040736883878707886
train/multiscale,70400.0,0.03552161157131195
train/multiscale,70450.0,0.0346115343272686
train/multiscale,70500.0,0.036386407911777496
train/multiscale,70550.0,0.03789485618472099
train/multiscale,70600.0,0.044598352164030075
train/multiscale,70650.0,0.04170534759759903
train/multiscale,70700.0,0.03948808088898659
train/multiscale,70750.0,0.04134650155901909
train/multiscale,70800.0,0.038338419049978256
train/multiscale,70850.0,0.03757116198539734
train/multiscale,70900.0,0.04258904233574867
train/multiscale,70950.0,0.039314258843660355
train/multiscale,71000.0,0.04089401662349701
train/multiscale,71050.0,0.038374390453100204
train/multiscale,71100.0,0.037098631262779236
train/multiscale,71150.0,0.0423915795981884
train/multiscale,71200.0,0.040200259536504745
train/multiscale,71250.0,0.04183807969093323
train/multiscale,71300.0,0.043822210282087326
train/multiscale,71350.0,0.04446382075548172
train/multiscale,71400.0,0.039082616567611694
train/multiscale,71450.0,0.035142917186021805
train/multiscale,71500.0,0.04201540723443031
train/multiscale,71550.0,0.039742473512887955
train/multiscale,71600.0,0.043173808604478836
train/multiscale,71650.0,0.036026161164045334
train/multiscale,71700.0,0.042187146842479706
train/multiscale,71750.0,0.03869936615228653
train/multiscale,71800.0,0.0366598404943943
train/multiscale,71850.0,0.03784380108118057
train/multiscale,71900.0,0.044432446360588074
train/multiscale,71950.0,0.0386354997754097
train/multiscale,72000.0,0.045734792947769165
train/multiscale,72050.0,0.042208608239889145
train/multiscale,72100.0,0.041129834949970245
train/multiscale,72150.0,0.04309193789958954
train/multiscale,72200.0,0.03885436803102493
train/multiscale,72250.0,0.03500772640109062
train/multiscale,72300.0,0.039750345051288605
train/multiscale,72350.0,0.03894145414233208
train/multiscale,72400.0,0.03899130970239639
train/multiscale,72450.0,0.039192404597997665
train/multiscale,72500.0,0.04483089968562126
train/multiscale,72550.0,0.04245176911354065
train/multiscale,72600.0,0.0387406125664711
train/multiscale,72650.0,0.03981947898864746
train/multiscale,72700.0,0.04012948274612427
train/multiscale,72750.0,0.04218583554029465
train/multiscale,72800.0,0.047412481158971786
train/multiscale,72850.0,0.03790445625782013
train/multiscale,72900.0,0.04271860793232918
train/multiscale,72950.0,0.04345206916332245
train/multiscale,73000.0,0.03741773962974548
train/multiscale,73050.0,0.037179701030254364
train/multiscale,73100.0,0.039004549384117126
train/multiscale,73150.0,0.03716890513896942
train/multiscale,73200.0,0.04220091551542282
train/multiscale,73250.0,0.040193118155002594
train/multiscale,73300.0,0.03837756812572479
train/multiscale,73350.0,0.03904829919338226
train/multiscale,73400.0,0.045912034809589386
train/multiscale,73450.0,0.039637379348278046
train/multiscale,73500.0,0.043852366507053375
train/multiscale,73550.0,0.042020440101623535
train/multiscale,73600.0,0.037540219724178314
train/multiscale,73650.0,0.038966476917266846
train/multiscale,73700.0,0.03786662220954895
train/multiscale,73750.0,0.03953398019075394
train/multiscale,73800.0,0.04286567121744156
train/multiscale,73850.0,0.03886285051703453
train/multiscale,73900.0,0.037812355905771255
train/multiscale,73950.0,0.04179805517196655
train/multiscale,74000.0,0.04241081327199936
train/multiscale,74050.0,0.04311542212963104
train/multiscale,74100.0,0.04461745172739029
train/multiscale,74150.0,0.04643678665161133
train/multiscale,74200.0,0.03896193206310272
train/multiscale,74250.0,0.040418900549411774
train/multiscale,74300.0,0.041676588356494904
train/multiscale,74350.0,0.04142521321773529
train/multiscale,74400.0,0.04062298312783241
train/multiscale,74450.0,0.04318751394748688
train/multiscale,74500.0,0.04089333117008209
train/multiscale,74550.0,0.038995370268821716
train/multiscale,74600.0,0.04485563933849335
train/multiscale,74650.0,0.034719616174697876
train/multiscale,74700.0,0.042369481176137924
train/multiscale,74750.0,0.04549139365553856
train/multiscale,74800.0,0.03781192749738693
train/multiscale,74850.0,0.04378809779882431
train/multiscale,74900.0,0.04006548225879669
train/multiscale,74950.0,0.04291738197207451
train/multiscale,75000.0,0.03720840811729431
train/multiscale,75050.0,0.0421505942940712
train/multiscale,75100.0,0.041754089295864105
train/multiscale,75150.0,0.04151073843240738
train/multiscale,75200.0,0.038852207362651825
train/multiscale,75250.0,0.03963153064250946
train/multiscale,75300.0,0.03678924962878227
train/multiscale,75350.0,0.04291385039687157
train/multiscale,75400.0,0.03905455023050308
train/multiscale,75450.0,0.0427929125726223
train/multiscale,75500.0,0.04158234968781471
train/multiscale,75550.0,0.041412703692913055
train/multiscale,75600.0,0.03874984756112099
train/multiscale,75650.0,0.0363614447414875
train/multiscale,75700.0,0.041058361530303955
train/multiscale,75750.0,0.037168584764003754
train/multiscale,75800.0,0.0402580201625824
train/multiscale,75850.0,0.03931698948144913
train/multiscale,75900.0,0.04160529375076294
train/multiscale,75950.0,0.037124551832675934
train/multiscale,76000.0,0.04420710727572441
train/multiscale,76050.0,0.0399940051138401
train/multiscale,76100.0,0.03204018622636795
train/multiscale,76150.0,0.03780687600374222
train/multiscale,76200.0,0.04143255203962326
train/multiscale,76250.0,0.036165155470371246
train/multiscale,76300.0,0.03779242932796478
train/multiscale,76350.0,0.040097158402204514
train/multiscale,76400.0,0.03710534796118736
train/multiscale,76450.0,0.03697071969509125
train/multiscale,76500.0,0.04040447622537613
train/multiscale,76550.0,0.046508580446243286
train/multiscale,76600.0,0.040269073098897934
train/multiscale,76650.0,0.03923596814274788
train/multiscale,76700.0,0.04274234175682068
train/multiscale,76750.0,0.043884746730327606
train/multiscale,76800.0,0.043059222400188446
train/multiscale,76850.0,0.03349769115447998
train/multiscale,76900.0,0.03844573348760605
train/multiscale,76950.0,0.04174673184752464
train/multiscale,77000.0,0.04301190376281738
train/multiscale,77050.0,0.04425913095474243
train/multiscale,77100.0,0.04100901633501053
train/multiscale,77150.0,0.03726233169436455
train/multiscale,77200.0,0.04010150581598282
train/multiscale,77250.0,0.036559998989105225
train/multiscale,77300.0,0.04292012378573418
train/multiscale,77350.0,0.0376305915415287
train/multiscale,77400.0,0.03651103004813194
train/multiscale,77450.0,0.03894069045782089
train/multiscale,77500.0,0.03520522266626358
train/multiscale,77550.0,0.04174170270562172
train/multiscale,77600.0,0.0418524406850338
train/multiscale,77650.0,0.03834523633122444
train/multiscale,77700.0,0.03804229199886322
train/multiscale,77750.0,0.0389789342880249
train/multiscale,77800.0,0.0403524711728096
train/multiscale,77850.0,0.03876626864075661
train/multiscale,77900.0,0.037782251834869385
train/multiscale,77950.0,0.04192256182432175
train/multiscale,78000.0,0.040369972586631775
train/multiscale,78050.0,0.040701426565647125
train/multiscale,78100.0,0.044762805104255676
train/multiscale,78150.0,0.04042202606797218
train/multiscale,78200.0,0.041438989341259
train/multiscale,78250.0,0.03631061688065529
train/multiscale,78300.0,0.03984446078538895
train/multiscale,78350.0,0.044153980910778046
train/multiscale,78400.0,0.041568513959646225
train/multiscale,78450.0,0.04658003896474838
train/multiscale,78500.0,0.04027910903096199
train/multiscale,78550.0,0.04226931557059288
train/multiscale,78600.0,0.042514801025390625
train/multiscale,78650.0,0.04148486256599426
train/multiscale,78700.0,0.04454894736409187
train/multiscale,78750.0,0.04026825726032257
train/multiscale,78800.0,0.04021061956882477
train/multiscale,78850.0,0.03768182545900345
train/multiscale,78900.0,0.041391536593437195
train/multiscale,78950.0,0.03757721558213234
train/multiscale,79000.0,0.03884921222925186
train/multiscale,79050.0,0.04177365079522133
train/multiscale,79100.0,0.04110000282526016
train/multiscale,79150.0,0.036608822643756866
train/multiscale,79200.0,0.03679791837930679
train/multiscale,79250.0,0.03807108476758003
train/multiscale,79300.0,0.04129017889499664
train/multiscale,79350.0,0.038446106016635895
train/multiscale,79400.0,0.03970819339156151
train/multiscale,79450.0,0.040429189801216125
train/multiscale,79500.0,0.04103847220540047
train/multiscale,79550.0,0.04361306130886078
train/multiscale,79600.0,0.037773247808218
train/multiscale,79650.0,0.040011558681726456
train/multiscale,79700.0,0.04121233522891998
train/multiscale,79750.0,0.03661016374826431
train/multiscale,79800.0,0.036632876843214035
train/multiscale,79850.0,0.04237194359302521
train/multiscale,79900.0,0.04287419468164444
train/multiscale,79950.0,0.04170183837413788
train/multiscale,80000.0,0.04113750532269478
train/l1_priming,1.0,1.0
train/l1_priming,50.0,1.0
train/l1_priming,100.0,1.0
train/l1_priming,150.0,1.0
train/l1_priming,200.0,1.0
train/l1_priming,250.0,1.0
train/l1_priming,300.0,1.0
train/l1_priming,350.0,1.0
train/l1_priming,400.0,1.0
train/l1_priming,450.0,1.0
train/l1_priming,500.0,1.0
train/l1_priming,550.0,1.0
train/l1_priming,600.0,1.0
train/l1_priming,650.0,1.0
train/l1_priming,700.0,1.0
train/l1_priming,750.0,1.0
train/l1_priming,800.0,1.0
train/l1_priming,850.0,1.0
train/l1_priming,900.0,1.0
train/l1_priming,950.0,1.0
train/l1_priming,1000.0,1.0
train/l1_priming,1050.0,1.0
train/l1_priming,1100.0,1.0
train/l1_priming,1150.0,1.0
train/l1_priming,1200.0,1.0
train/l1_priming,1250.0,1.0
train/l1_priming,1300.0,1.0
train/l1_priming,1350.0,1.0
train/l1_priming,1400.0,1.0
train/l1_priming,1450.0,1.0
train/l1_priming,1500.0,1.0
train/l1_priming,1550.0,1.0
train/l1_priming,1600.0,1.0
train/l1_priming,1650.0,1.0
train/l1_priming,1700.0,1.0
train/l1_priming,1750.0,1.0
train/l1_priming,1800.0,1.0
train/l1_priming,1850.0,1.0
train/l1_priming,1900.0,1.0
train/l1_priming,1950.0,1.0
train/l1_priming,2000.0,1.0
train/l1_priming,2050.0,1.0
train/l1_priming,2100.0,1.0
train/l1_priming,2150.0,1.0
train/l1_priming,2200.0,1.0
train/l1_priming,2250.0,1.0
train/l1_priming,2300.0,1.0
train/l1_priming,2350.0,1.0
train/l1_priming,2400.0,1.0
train/l1_priming,2450.0,1.0
train/l1_priming,2500.0,1.0
train/l1_priming,2550.0,1.0
train/l1_priming,2600.0,1.0
train/l1_priming,2650.0,1.0
train/l1_priming,2700.0,1.0
train/l1_priming,2750.0,1.0
train/l1_priming,2800.0,1.0
train/l1_priming,2850.0,1.0
train/l1_priming,2900.0,1.0
train/l1_priming,2950.0,1.0
train/l1_priming,3000.0,1.0
train/l1_priming,3050.0,1.0
train/l1_priming,3100.0,1.0
train/l1_priming,3150.0,1.0
train/l1_priming,3200.0,1.0
train/l1_priming,3250.0,1.0
train/l1_priming,3300.0,1.0
train/l1_priming,3350.0,1.0
train/l1_priming,3400.0,1.0
train/l1_priming,3450.0,1.0
train/l1_priming,3500.0,1.0
train/l1_priming,3550.0,1.0
train/l1_priming,3600.0,1.0
train/l1_priming,3650.0,1.0
train/l1_priming,3700.0,1.0
train/l1_priming,3750.0,1.0
train/l1_priming,3800.0,1.0
train/l1_priming,3850.0,1.0
train/l1_priming,3900.0,1.0
train/l1_priming,3950.0,1.0
train/l1_priming,4000.0,1.0
train/l1_priming,4050.0,1.0
train/l1_priming,4100.0,1.0
train/l1_priming,4150.0,1.0
train/l1_priming,4200.0,1.0
train/l1_priming,4250.0,1.0
train/l1_priming,4300.0,1.0
train/l1_priming,4350.0,1.0
train/l1_priming,4400.0,1.0
train/l1_priming,4450.0,1.0
train/l1_priming,4500.0,1.0
train/l1_priming,4550.0,1.0
train/l1_priming,4600.0,1.0
train/l1_priming,4650.0,1.0
train/l1_priming,4700.0,1.0
train/l1_priming,4750.0,1.0
train/l1_priming,4800.0,1.0
train/l1_priming,4850.0,1.0
train/l1_priming,4900.0,1.0
train/l1_priming,4950.0,1.0
train/l1_priming,5000.0,1.0
train/l1_priming,5050.0,1.0
train/l1_priming,5100.0,1.0
train/l1_priming,5150.0,1.0
train/l1_priming,5200.0,1.0
train/l1_priming,5250.0,1.0
train/l1_priming,5300.0,1.0
train/l1_priming,5350.0,1.0
train/l1_priming,5400.0,1.0
train/l1_priming,5450.0,1.0
train/l1_priming,5500.0,1.0
train/l1_priming,5550.0,1.0
train/l1_priming,5600.0,1.0
train/l1_priming,5650.0,1.0
train/l1_priming,5700.0,1.0
train/l1_priming,5750.0,1.0
train/l1_priming,5800.0,1.0
train/l1_priming,5850.0,1.0
train/l1_priming,5900.0,1.0
train/l1_priming,5950.0,1.0
train/l1_priming,6000.0,1.0
train/l1_priming,6050.0,1.0
train/l1_priming,6100.0,1.0
train/l1_priming,6150.0,1.0
train/l1_priming,6200.0,1.0
train/l1_priming,6250.0,1.0
train/l1_priming,6300.0,1.0
train/l1_priming,6350.0,1.0
train/l1_priming,6400.0,1.0
train/l1_priming,6450.0,1.0
train/l1_priming,6500.0,1.0
train/l1_priming,6550.0,1.0
train/l1_priming,6600.0,1.0
train/l1_priming,6650.0,1.0
train/l1_priming,6700.0,1.0
train/l1_priming,6750.0,1.0
train/l1_priming,6800.0,1.0
train/l1_priming,6850.0,1.0
train/l1_priming,6900.0,1.0
train/l1_priming,6950.0,1.0
train/l1_priming,7000.0,1.0
train/l1_priming,7050.0,1.0
train/l1_priming,7100.0,1.0
train/l1_priming,7150.0,1.0
train/l1_priming,7200.0,1.0
train/l1_priming,7250.0,1.0
train/l1_priming,7300.0,1.0
train/l1_priming,7350.0,1.0
train/l1_priming,7400.0,1.0
train/l1_priming,7450.0,1.0
train/l1_priming,7500.0,1.0
train/l1_priming,7550.0,1.0
train/l1_priming,7600.0,1.0
train/l1_priming,7650.0,1.0
train/l1_priming,7700.0,1.0
train/l1_priming,7750.0,1.0
train/l1_priming,7800.0,1.0
train/l1_priming,7850.0,1.0
train/l1_priming,7900.0,1.0
train/l1_priming,7950.0,1.0
train/l1_priming,8000.0,1.0
train/l1_priming,8050.0,1.0
train/l1_priming,8100.0,1.0
train/l1_priming,8150.0,1.0
train/l1_priming,8200.0,1.0
train/l1_priming,8250.0,1.0
train/l1_priming,8300.0,1.0
train/l1_priming,8350.0,1.0
train/l1_priming,8400.0,1.0
train/l1_priming,8450.0,1.0
train/l1_priming,8500.0,1.0
train/l1_priming,8550.0,1.0
train/l1_priming,8600.0,1.0
train/l1_priming,8650.0,1.0
train/l1_priming,8700.0,1.0
train/l1_priming,8750.0,1.0
train/l1_priming,8800.0,1.0
train/l1_priming,8850.0,1.0
train/l1_priming,8900.0,1.0
train/l1_priming,8950.0,1.0
train/l1_priming,9000.0,1.0
train/l1_priming,9050.0,1.0
train/l1_priming,9100.0,1.0
train/l1_priming,9150.0,1.0
train/l1_priming,9200.0,1.0
train/l1_priming,9250.0,1.0
train/l1_priming,9300.0,1.0
train/l1_priming,9350.0,1.0
train/l1_priming,9400.0,1.0
train/l1_priming,9450.0,1.0
train/l1_priming,9500.0,1.0
train/l1_priming,9550.0,1.0
train/l1_priming,9600.0,1.0
train/l1_priming,9650.0,1.0
train/l1_priming,9700.0,1.0
train/l1_priming,9750.0,1.0
train/l1_priming,9800.0,1.0
train/l1_priming,9850.0,1.0
train/l1_priming,9900.0,1.0
train/l1_priming,9950.0,1.0
train/l1_priming,10000.0,1.0
train/l1_priming,10050.0,1.0
train/l1_priming,10100.0,1.0
train/l1_priming,10150.0,1.0
train/l1_priming,10200.0,1.0
train/l1_priming,10250.0,1.0
train/l1_priming,10300.0,1.0
train/l1_priming,10350.0,1.0
train/l1_priming,10400.0,1.0
train/l1_priming,10450.0,1.0
train/l1_priming,10500.0,1.0
train/l1_priming,10550.0,1.0
train/l1_priming,10600.0,1.0
train/l1_priming,10650.0,1.0
train/l1_priming,10700.0,1.0
train/l1_priming,10750.0,1.0
train/l1_priming,10800.0,1.0
train/l1_priming,10850.0,1.0
train/l1_priming,10900.0,1.0
train/l1_priming,10950.0,1.0
train/l1_priming,11000.0,1.0
train/l1_priming,11050.0,1.0
train/l1_priming,11100.0,1.0
train/l1_priming,11150.0,1.0
train/l1_priming,11200.0,1.0
train/l1_priming,11250.0,1.0
train/l1_priming,11300.0,1.0
train/l1_priming,11350.0,1.0
train/l1_priming,11400.0,1.0
train/l1_priming,11450.0,1.0
train/l1_priming,11500.0,1.0
train/l1_priming,11550.0,1.0
train/l1_priming,11600.0,1.0
train/l1_priming,11650.0,1.0
train/l1_priming,11700.0,1.0
train/l1_priming,11750.0,1.0
train/l1_priming,11800.0,1.0
train/l1_priming,11850.0,1.0
train/l1_priming,11900.0,1.0
train/l1_priming,11950.0,1.0
train/l1_priming,12000.0,1.0
train/l1_priming,12050.0,1.0
train/l1_priming,12100.0,1.0
train/l1_priming,12150.0,1.0
train/l1_priming,12200.0,1.0
train/l1_priming,12250.0,1.0
train/l1_priming,12300.0,1.0
train/l1_priming,12350.0,1.0
train/l1_priming,12400.0,1.0
train/l1_priming,12450.0,1.0
train/l1_priming,12500.0,1.0
train/l1_priming,12550.0,1.0
train/l1_priming,12600.0,1.0
train/l1_priming,12650.0,1.0
train/l1_priming,12700.0,1.0
train/l1_priming,12750.0,1.0
train/l1_priming,12800.0,1.0
train/l1_priming,12850.0,1.0
train/l1_priming,12900.0,1.0
train/l1_priming,12950.0,1.0
train/l1_priming,13000.0,1.0
train/l1_priming,13050.0,1.0
train/l1_priming,13100.0,1.0
train/l1_priming,13150.0,1.0
train/l1_priming,13200.0,1.0
train/l1_priming,13250.0,1.0
train/l1_priming,13300.0,1.0
train/l1_priming,13350.0,1.0
train/l1_priming,13400.0,1.0
train/l1_priming,13450.0,1.0
train/l1_priming,13500.0,1.0
train/l1_priming,13550.0,1.0
train/l1_priming,13600.0,1.0
train/l1_priming,13650.0,1.0
train/l1_priming,13700.0,1.0
train/l1_priming,13750.0,1.0
train/l1_priming,13800.0,1.0
train/l1_priming,13850.0,1.0
train/l1_priming,13900.0,1.0
train/l1_priming,13950.0,1.0
train/l1_priming,14000.0,1.0
train/l1_priming,14050.0,1.0
train/l1_priming,14100.0,1.0
train/l1_priming,14150.0,1.0
train/l1_priming,14200.0,1.0
train/l1_priming,14250.0,1.0
train/l1_priming,14300.0,1.0
train/l1_priming,14350.0,1.0
train/l1_priming,14400.0,1.0
train/l1_priming,14450.0,1.0
train/l1_priming,14500.0,1.0
train/l1_priming,14550.0,1.0
train/l1_priming,14600.0,1.0
train/l1_priming,14650.0,1.0
train/l1_priming,14700.0,1.0
train/l1_priming,14750.0,1.0
train/l1_priming,14800.0,1.0
train/l1_priming,14850.0,1.0
train/l1_priming,14900.0,1.0
train/l1_priming,14950.0,1.0
train/l1_priming,15000.0,1.0
train/l1_priming,15050.0,1.0
train/l1_priming,15100.0,1.0
train/l1_priming,15150.0,1.0
train/l1_priming,15200.0,1.0
train/l1_priming,15250.0,1.0
train/l1_priming,15300.0,1.0
train/l1_priming,15350.0,1.0
train/l1_priming,15400.0,1.0
train/l1_priming,15450.0,1.0
train/l1_priming,15500.0,1.0
train/l1_priming,15550.0,1.0
train/l1_priming,15600.0,1.0
train/l1_priming,15650.0,1.0
train/l1_priming,15700.0,1.0
train/l1_priming,15750.0,1.0
train/l1_priming,15800.0,1.0
train/l1_priming,15850.0,1.0
train/l1_priming,15900.0,1.0
train/l1_priming,15950.0,1.0
train/l1_priming,16000.0,1.0
train/l1_priming,16050.0,1.0
train/l1_priming,16100.0,1.0
train/l1_priming,16150.0,1.0
train/l1_priming,16200.0,1.0
train/l1_priming,16250.0,1.0
train/l1_priming,16300.0,1.0
train/l1_priming,16350.0,1.0
train/l1_priming,16400.0,1.0
train/l1_priming,16450.0,1.0
train/l1_priming,16500.0,1.0
train/l1_priming,16550.0,1.0
train/l1_priming,16600.0,1.0
train/l1_priming,16650.0,1.0
train/l1_priming,16700.0,1.0
train/l1_priming,16750.0,1.0
train/l1_priming,16800.0,1.0
train/l1_priming,16850.0,1.0
train/l1_priming,16900.0,1.0
train/l1_priming,16950.0,1.0
train/l1_priming,17000.0,1.0
train/l1_priming,17050.0,1.0
train/l1_priming,17100.0,1.0
train/l1_priming,17150.0,1.0
train/l1_priming,17200.0,1.0
train/l1_priming,17250.0,1.0
train/l1_priming,17300.0,1.0
train/l1_priming,17350.0,1.0
train/l1_priming,17400.0,1.0
train/l1_priming,17450.0,1.0
train/l1_priming,17500.0,1.0
train/l1_priming,17550.0,1.0
train/l1_priming,17600.0,1.0
train/l1_priming,17650.0,1.0
train/l1_priming,17700.0,1.0
train/l1_priming,17750.0,1.0
train/l1_priming,17800.0,1.0
train/l1_priming,17850.0,1.0
train/l1_priming,17900.0,1.0
train/l1_priming,17950.0,1.0
train/l1_priming,18000.0,1.0
train/l1_priming,18050.0,1.0
train/l1_priming,18100.0,1.0
train/l1_priming,18150.0,1.0
train/l1_priming,18200.0,1.0
train/l1_priming,18250.0,1.0
train/l1_priming,18300.0,1.0
train/l1_priming,18350.0,1.0
train/l1_priming,18400.0,1.0
train/l1_priming,18450.0,1.0
train/l1_priming,18500.0,1.0
train/l1_priming,18550.0,1.0
train/l1_priming,18600.0,1.0
train/l1_priming,18650.0,1.0
train/l1_priming,18700.0,1.0
train/l1_priming,18750.0,1.0
train/l1_priming,18800.0,1.0
train/l1_priming,18850.0,1.0
train/l1_priming,18900.0,1.0
train/l1_priming,18950.0,1.0
train/l1_priming,19000.0,1.0
train/l1_priming,19050.0,1.0
train/l1_priming,19100.0,1.0
train/l1_priming,19150.0,1.0
train/l1_priming,19200.0,1.0
train/l1_priming,19250.0,1.0
train/l1_priming,19300.0,1.0
train/l1_priming,19350.0,1.0
train/l1_priming,19400.0,1.0
train/l1_priming,19450.0,1.0
train/l1_priming,19500.0,1.0
train/l1_priming,19550.0,1.0
train/l1_priming,19600.0,1.0
train/l1_priming,19650.0,1.0
train/l1_priming,19700.0,1.0
train/l1_priming,19750.0,1.0
train/l1_priming,19800.0,1.0
train/l1_priming,19850.0,1.0
train/l1_priming,19900.0,1.0
train/l1_priming,19950.0,1.0
train/l1_priming,20000.0,1.0
train/l1_priming,20050.0,1.0
train/l1_priming,20100.0,1.0
train/l1_priming,20150.0,1.0
train/l1_priming,20200.0,1.0
train/l1_priming,20250.0,1.0
train/l1_priming,20300.0,1.0
train/l1_priming,20350.0,1.0
train/l1_priming,20400.0,1.0
train/l1_priming,20450.0,1.0
train/l1_priming,20500.0,1.0
train/l1_priming,20550.0,1.0
train/l1_priming,20600.0,1.0
train/l1_priming,20650.0,1.0
train/l1_priming,20700.0,1.0
train/l1_priming,20750.0,1.0
train/l1_priming,20800.0,1.0
train/l1_priming,20850.0,1.0
train/l1_priming,20900.0,1.0
train/l1_priming,20950.0,1.0
train/l1_priming,21000.0,1.0
train/l1_priming,21050.0,1.0
train/l1_priming,21100.0,1.0
train/l1_priming,21150.0,1.0
train/l1_priming,21200.0,1.0
train/l1_priming,21250.0,1.0
train/l1_priming,21300.0,1.0
train/l1_priming,21350.0,1.0
train/l1_priming,21400.0,1.0
train/l1_priming,21450.0,1.0
train/l1_priming,21500.0,1.0
train/l1_priming,21550.0,1.0
train/l1_priming,21600.0,1.0
train/l1_priming,21650.0,1.0
train/l1_priming,21700.0,1.0
train/l1_priming,21750.0,1.0
train/l1_priming,21800.0,1.0
train/l1_priming,21850.0,1.0
train/l1_priming,21900.0,1.0
train/l1_priming,21950.0,1.0
train/l1_priming,22000.0,1.0
train/l1_priming,22050.0,1.0
train/l1_priming,22100.0,1.0
train/l1_priming,22150.0,1.0
train/l1_priming,22200.0,1.0
train/l1_priming,22250.0,1.0
train/l1_priming,22300.0,1.0
train/l1_priming,22350.0,1.0
train/l1_priming,22400.0,1.0
train/l1_priming,22450.0,1.0
train/l1_priming,22500.0,1.0
train/l1_priming,22550.0,1.0
train/l1_priming,22600.0,1.0
train/l1_priming,22650.0,1.0
train/l1_priming,22700.0,1.0
train/l1_priming,22750.0,1.0
train/l1_priming,22800.0,1.0
train/l1_priming,22850.0,1.0
train/l1_priming,22900.0,1.0
train/l1_priming,22950.0,1.0
train/l1_priming,23000.0,1.0
train/l1_priming,23050.0,1.0
train/l1_priming,23100.0,1.0
train/l1_priming,23150.0,1.0
train/l1_priming,23200.0,1.0
train/l1_priming,23250.0,1.0
train/l1_priming,23300.0,1.0
train/l1_priming,23350.0,1.0
train/l1_priming,23400.0,1.0
train/l1_priming,23450.0,1.0
train/l1_priming,23500.0,1.0
train/l1_priming,23550.0,1.0
train/l1_priming,23600.0,1.0
train/l1_priming,23650.0,1.0
train/l1_priming,23700.0,1.0
train/l1_priming,23750.0,1.0
train/l1_priming,23800.0,1.0
train/l1_priming,23850.0,1.0
train/l1_priming,23900.0,1.0
train/l1_priming,23950.0,1.0
train/l1_priming,24000.0,1.0
train/l1_priming,24050.0,1.0
train/l1_priming,24100.0,1.0
train/l1_priming,24150.0,1.0
train/l1_priming,24200.0,1.0
train/l1_priming,24250.0,1.0
train/l1_priming,24300.0,1.0
train/l1_priming,24350.0,1.0
train/l1_priming,24400.0,1.0
train/l1_priming,24450.0,1.0
train/l1_priming,24500.0,1.0
train/l1_priming,24550.0,1.0
train/l1_priming,24600.0,1.0
train/l1_priming,24650.0,1.0
train/l1_priming,24700.0,1.0
train/l1_priming,24750.0,1.0
train/l1_priming,24800.0,1.0
train/l1_priming,24850.0,1.0
train/l1_priming,24900.0,1.0
train/l1_priming,24950.0,1.0
train/l1_priming,25000.0,1.0
train/l1_priming,25050.0,1.0
train/l1_priming,25100.0,1.0
train/l1_priming,25150.0,1.0
train/l1_priming,25200.0,1.0
train/l1_priming,25250.0,1.0
train/l1_priming,25300.0,1.0
train/l1_priming,25350.0,1.0
train/l1_priming,25400.0,1.0
train/l1_priming,25450.0,1.0
train/l1_priming,25500.0,1.0
train/l1_priming,25550.0,1.0
train/l1_priming,25600.0,1.0
train/l1_priming,25650.0,1.0
train/l1_priming,25700.0,1.0
train/l1_priming,25750.0,1.0
train/l1_priming,25800.0,1.0
train/l1_priming,25850.0,1.0
train/l1_priming,25900.0,1.0
train/l1_priming,25950.0,1.0
train/l1_priming,26000.0,1.0
train/l1_priming,26050.0,1.0
train/l1_priming,26100.0,1.0
train/l1_priming,26150.0,1.0
train/l1_priming,26200.0,1.0
train/l1_priming,26250.0,1.0
train/l1_priming,26300.0,1.0
train/l1_priming,26350.0,1.0
train/l1_priming,26400.0,1.0
train/l1_priming,26450.0,1.0
train/l1_priming,26500.0,1.0
train/l1_priming,26550.0,1.0
train/l1_priming,26600.0,1.0
train/l1_priming,26650.0,1.0
train/l1_priming,26700.0,1.0
train/l1_priming,26750.0,1.0
train/l1_priming,26800.0,1.0
train/l1_priming,26850.0,1.0
train/l1_priming,26900.0,1.0
train/l1_priming,26950.0,1.0
train/l1_priming,27000.0,1.0
train/l1_priming,27050.0,1.0
train/l1_priming,27100.0,1.0
train/l1_priming,27150.0,1.0
train/l1_priming,27200.0,1.0
train/l1_priming,27250.0,1.0
train/l1_priming,27300.0,1.0
train/l1_priming,27350.0,1.0
train/l1_priming,27400.0,1.0
train/l1_priming,27450.0,1.0
train/l1_priming,27500.0,1.0
train/l1_priming,27550.0,1.0
train/l1_priming,27600.0,1.0
train/l1_priming,27650.0,1.0
train/l1_priming,27700.0,1.0
train/l1_priming,27750.0,1.0
train/l1_priming,27800.0,1.0
train/l1_priming,27850.0,1.0
train/l1_priming,27900.0,1.0
train/l1_priming,27950.0,1.0
train/l1_priming,28000.0,1.0
train/l1_priming,28050.0,1.0
train/l1_priming,28100.0,1.0
train/l1_priming,28150.0,1.0
train/l1_priming,28200.0,1.0
train/l1_priming,28250.0,1.0
train/l1_priming,28300.0,1.0
train/l1_priming,28350.0,1.0
train/l1_priming,28400.0,1.0
train/l1_priming,28450.0,1.0
train/l1_priming,28500.0,1.0
train/l1_priming,28550.0,1.0
train/l1_priming,28600.0,1.0
train/l1_priming,28650.0,1.0
train/l1_priming,28700.0,1.0
train/l1_priming,28750.0,1.0
train/l1_priming,28800.0,1.0
train/l1_priming,28850.0,1.0
train/l1_priming,28900.0,1.0
train/l1_priming,28950.0,1.0
train/l1_priming,29000.0,1.0
train/l1_priming,29050.0,1.0
train/l1_priming,29100.0,1.0
train/l1_priming,29150.0,1.0
train/l1_priming,29200.0,1.0
train/l1_priming,29250.0,1.0
train/l1_priming,29300.0,1.0
train/l1_priming,29350.0,1.0
train/l1_priming,29400.0,1.0
train/l1_priming,29450.0,1.0
train/l1_priming,29500.0,1.0
train/l1_priming,29550.0,1.0
train/l1_priming,29600.0,1.0
train/l1_priming,29650.0,1.0
train/l1_priming,29700.0,1.0
train/l1_priming,29750.0,1.0
train/l1_priming,29800.0,1.0
train/l1_priming,29850.0,1.0
train/l1_priming,29900.0,1.0
train/l1_priming,29950.0,1.0
train/l1_priming,30000.0,1.0
train/l1_priming,30050.0,1.0
train/l1_priming,30100.0,1.0
train/l1_priming,30150.0,1.0
train/l1_priming,30200.0,1.0
train/l1_priming,30250.0,1.0
train/l1_priming,30300.0,1.0
train/l1_priming,30350.0,1.0
train/l1_priming,30400.0,1.0
train/l1_priming,30450.0,1.0
train/l1_priming,30500.0,1.0
train/l1_priming,30550.0,1.0
train/l1_priming,30600.0,1.0
train/l1_priming,30650.0,1.0
train/l1_priming,30700.0,1.0
train/l1_priming,30750.0,1.0
train/l1_priming,30800.0,1.0
train/l1_priming,30850.0,1.0
train/l1_priming,30900.0,1.0
train/l1_priming,30950.0,1.0
train/l1_priming,31000.0,1.0
train/l1_priming,31050.0,1.0
train/l1_priming,31100.0,1.0
train/l1_priming,31150.0,1.0
train/l1_priming,31200.0,1.0
train/l1_priming,31250.0,1.0
train/l1_priming,31300.0,1.0
train/l1_priming,31350.0,1.0
train/l1_priming,31400.0,1.0
train/l1_priming,31450.0,1.0
train/l1_priming,31500.0,1.0
train/l1_priming,31550.0,1.0
train/l1_priming,31600.0,1.0
train/l1_priming,31650.0,1.0
train/l1_priming,31700.0,1.0
train/l1_priming,31750.0,1.0
train/l1_priming,31800.0,1.0
train/l1_priming,31850.0,1.0
train/l1_priming,31900.0,1.0
train/l1_priming,31950.0,1.0
train/l1_priming,32000.0,1.0
train/l1_priming,32050.0,1.0
train/l1_priming,32100.0,1.0
train/l1_priming,32150.0,1.0
train/l1_priming,32200.0,1.0
train/l1_priming,32250.0,1.0
train/l1_priming,32300.0,1.0
train/l1_priming,32350.0,1.0
train/l1_priming,32400.0,1.0
train/l1_priming,32450.0,1.0
train/l1_priming,32500.0,1.0
train/l1_priming,32550.0,1.0
train/l1_priming,32600.0,1.0
train/l1_priming,32650.0,1.0
train/l1_priming,32700.0,1.0
train/l1_priming,32750.0,1.0
train/l1_priming,32800.0,1.0
train/l1_priming,32850.0,1.0
train/l1_priming,32900.0,1.0
train/l1_priming,32950.0,1.0
train/l1_priming,33000.0,1.0
train/l1_priming,33050.0,1.0
train/l1_priming,33100.0,1.0
train/l1_priming,33150.0,1.0
train/l1_priming,33200.0,1.0
train/l1_priming,33250.0,1.0
train/l1_priming,33300.0,1.0
train/l1_priming,33350.0,1.0
train/l1_priming,33400.0,1.0
train/l1_priming,33450.0,1.0
train/l1_priming,33500.0,1.0
train/l1_priming,33550.0,1.0
train/l1_priming,33600.0,1.0
train/l1_priming,33650.0,1.0
train/l1_priming,33700.0,1.0
train/l1_priming,33750.0,1.0
train/l1_priming,33800.0,1.0
train/l1_priming,33850.0,1.0
train/l1_priming,33900.0,1.0
train/l1_priming,33950.0,1.0
train/l1_priming,34000.0,1.0
train/l1_priming,34050.0,1.0
train/l1_priming,34100.0,1.0
train/l1_priming,34150.0,1.0
train/l1_priming,34200.0,1.0
train/l1_priming,34250.0,1.0
train/l1_priming,34300.0,1.0
train/l1_priming,34350.0,1.0
train/l1_priming,34400.0,1.0
train/l1_priming,34450.0,1.0
train/l1_priming,34500.0,1.0
train/l1_priming,34550.0,1.0
train/l1_priming,34600.0,1.0
train/l1_priming,34650.0,1.0
train/l1_priming,34700.0,1.0
train/l1_priming,34750.0,1.0
train/l1_priming,34800.0,1.0
train/l1_priming,34850.0,1.0
train/l1_priming,34900.0,1.0
train/l1_priming,34950.0,1.0
train/l1_priming,35000.0,1.0
train/l1_priming,35050.0,1.0
train/l1_priming,35100.0,1.0
train/l1_priming,35150.0,1.0
train/l1_priming,35200.0,1.0
train/l1_priming,35250.0,1.0
train/l1_priming,35300.0,1.0
train/l1_priming,35350.0,1.0
train/l1_priming,35400.0,1.0
train/l1_priming,35450.0,1.0
train/l1_priming,35500.0,1.0
train/l1_priming,35550.0,1.0
train/l1_priming,35600.0,1.0
train/l1_priming,35650.0,1.0
train/l1_priming,35700.0,1.0
train/l1_priming,35750.0,1.0
train/l1_priming,35800.0,1.0
train/l1_priming,35850.0,1.0
train/l1_priming,35900.0,1.0
train/l1_priming,35950.0,1.0
train/l1_priming,36000.0,1.0
train/l1_priming,36050.0,1.0
train/l1_priming,36100.0,1.0
train/l1_priming,36150.0,1.0
train/l1_priming,36200.0,1.0
train/l1_priming,36250.0,1.0
train/l1_priming,36300.0,1.0
train/l1_priming,36350.0,1.0
train/l1_priming,36400.0,1.0
train/l1_priming,36450.0,1.0
train/l1_priming,36500.0,1.0
train/l1_priming,36550.0,1.0
train/l1_priming,36600.0,1.0
train/l1_priming,36650.0,1.0
train/l1_priming,36700.0,1.0
train/l1_priming,36750.0,1.0
train/l1_priming,36800.0,1.0
train/l1_priming,36850.0,1.0
train/l1_priming,36900.0,1.0
train/l1_priming,36950.0,1.0
train/l1_priming,37000.0,1.0
train/l1_priming,37050.0,1.0
train/l1_priming,37100.0,1.0
train/l1_priming,37150.0,1.0
train/l1_priming,37200.0,1.0
train/l1_priming,37250.0,1.0
train/l1_priming,37300.0,1.0
train/l1_priming,37350.0,1.0
train/l1_priming,37400.0,1.0
train/l1_priming,37450.0,1.0
train/l1_priming,37500.0,1.0
train/l1_priming,37550.0,1.0
train/l1_priming,37600.0,1.0
train/l1_priming,37650.0,1.0
train/l1_priming,37700.0,1.0
train/l1_priming,37750.0,1.0
train/l1_priming,37800.0,1.0
train/l1_priming,37850.0,1.0
train/l1_priming,37900.0,1.0
train/l1_priming,37950.0,1.0
train/l1_priming,38000.0,1.0
train/l1_priming,38050.0,1.0
train/l1_priming,38100.0,1.0
train/l1_priming,38150.0,1.0
train/l1_priming,38200.0,1.0
train/l1_priming,38250.0,1.0
train/l1_priming,38300.0,1.0
train/l1_priming,38350.0,1.0
train/l1_priming,38400.0,1.0
train/l1_priming,38450.0,1.0
train/l1_priming,38500.0,1.0
train/l1_priming,38550.0,1.0
train/l1_priming,38600.0,1.0
train/l1_priming,38650.0,1.0
train/l1_priming,38700.0,1.0
train/l1_priming,38750.0,1.0
train/l1_priming,38800.0,1.0
train/l1_priming,38850.0,1.0
train/l1_priming,38900.0,1.0
train/l1_priming,38950.0,1.0
train/l1_priming,39000.0,1.0
train/l1_priming,39050.0,1.0
train/l1_priming,39100.0,1.0
train/l1_priming,39150.0,1.0
train/l1_priming,39200.0,1.0
train/l1_priming,39250.0,1.0
train/l1_priming,39300.0,1.0
train/l1_priming,39350.0,1.0
train/l1_priming,39400.0,1.0
train/l1_priming,39450.0,1.0
train/l1_priming,39500.0,1.0
train/l1_priming,39550.0,1.0
train/l1_priming,39600.0,1.0
train/l1_priming,39650.0,1.0
train/l1_priming,39700.0,1.0
train/l1_priming,39750.0,1.0
train/l1_priming,39800.0,1.0
train/l1_priming,39850.0,1.0
train/l1_priming,39900.0,1.0
train/l1_priming,39950.0,1.0
train/l1_priming,40000.0,1.0
train/l1_priming,40050.0,1.0
train/l1_priming,40100.0,1.0
train/l1_priming,40150.0,1.0
train/l1_priming,40200.0,1.0
train/l1_priming,40250.0,1.0
train/l1_priming,40300.0,1.0
train/l1_priming,40350.0,1.0
train/l1_priming,40400.0,1.0
train/l1_priming,40450.0,1.0
train/l1_priming,40500.0,1.0
train/l1_priming,40550.0,1.0
train/l1_priming,40600.0,1.0
train/l1_priming,40650.0,1.0
train/l1_priming,40700.0,1.0
train/l1_priming,40750.0,1.0
train/l1_priming,40800.0,1.0
train/l1_priming,40850.0,1.0
train/l1_priming,40900.0,1.0
train/l1_priming,40950.0,1.0
train/l1_priming,41000.0,1.0
train/l1_priming,41050.0,1.0
train/l1_priming,41100.0,1.0
train/l1_priming,41150.0,1.0
train/l1_priming,41200.0,1.0
train/l1_priming,41250.0,1.0
train/l1_priming,41300.0,1.0
train/l1_priming,41350.0,1.0
train/l1_priming,41400.0,1.0
train/l1_priming,41450.0,1.0
train/l1_priming,41500.0,1.0
train/l1_priming,41550.0,1.0
train/l1_priming,41600.0,1.0
train/l1_priming,41650.0,1.0
train/l1_priming,41700.0,1.0
train/l1_priming,41750.0,1.0
train/l1_priming,41800.0,1.0
train/l1_priming,41850.0,1.0
train/l1_priming,41900.0,1.0
train/l1_priming,41950.0,1.0
train/l1_priming,42000.0,1.0
train/l1_priming,42050.0,1.0
train/l1_priming,42100.0,1.0
train/l1_priming,42150.0,1.0
train/l1_priming,42200.0,1.0
train/l1_priming,42250.0,1.0
train/l1_priming,42300.0,1.0
train/l1_priming,42350.0,1.0
train/l1_priming,42400.0,1.0
train/l1_priming,42450.0,1.0
train/l1_priming,42500.0,1.0
train/l1_priming,42550.0,1.0
train/l1_priming,42600.0,1.0
train/l1_priming,42650.0,1.0
train/l1_priming,42700.0,1.0
train/l1_priming,42750.0,1.0
train/l1_priming,42800.0,1.0
train/l1_priming,42850.0,1.0
train/l1_priming,42900.0,1.0
train/l1_priming,42950.0,1.0
train/l1_priming,43000.0,1.0
train/l1_priming,43050.0,1.0
train/l1_priming,43100.0,1.0
train/l1_priming,43150.0,1.0
train/l1_priming,43200.0,1.0
train/l1_priming,43250.0,1.0
train/l1_priming,43300.0,1.0
train/l1_priming,43350.0,1.0
train/l1_priming,43400.0,1.0
train/l1_priming,43450.0,1.0
train/l1_priming,43500.0,1.0
train/l1_priming,43550.0,1.0
train/l1_priming,43600.0,1.0
train/l1_priming,43650.0,1.0
train/l1_priming,43700.0,1.0
train/l1_priming,43750.0,1.0
train/l1_priming,43800.0,1.0
train/l1_priming,43850.0,1.0
train/l1_priming,43900.0,1.0
train/l1_priming,43950.0,1.0
train/l1_priming,44000.0,1.0
train/l1_priming,44050.0,1.0
train/l1_priming,44100.0,1.0
train/l1_priming,44150.0,1.0
train/l1_priming,44200.0,1.0
train/l1_priming,44250.0,1.0
train/l1_priming,44300.0,1.0
train/l1_priming,44350.0,1.0
train/l1_priming,44400.0,1.0
train/l1_priming,44450.0,1.0
train/l1_priming,44500.0,1.0
train/l1_priming,44550.0,1.0
train/l1_priming,44600.0,1.0
train/l1_priming,44650.0,1.0
train/l1_priming,44700.0,1.0
train/l1_priming,44750.0,1.0
train/l1_priming,44800.0,1.0
train/l1_priming,44850.0,1.0
train/l1_priming,44900.0,1.0
train/l1_priming,44950.0,1.0
train/l1_priming,45000.0,1.0
train/l1_priming,45050.0,1.0
train/l1_priming,45100.0,1.0
train/l1_priming,45150.0,1.0
train/l1_priming,45200.0,1.0
train/l1_priming,45250.0,1.0
train/l1_priming,45300.0,1.0
train/l1_priming,45350.0,1.0
train/l1_priming,45400.0,1.0
train/l1_priming,45450.0,1.0
train/l1_priming,45500.0,1.0
train/l1_priming,45550.0,1.0
train/l1_priming,45600.0,1.0
train/l1_priming,45650.0,1.0
train/l1_priming,45700.0,1.0
train/l1_priming,45750.0,1.0
train/l1_priming,45800.0,1.0
train/l1_priming,45850.0,1.0
train/l1_priming,45900.0,1.0
train/l1_priming,45950.0,1.0
train/l1_priming,46000.0,1.0
train/l1_priming,46050.0,1.0
train/l1_priming,46100.0,1.0
train/l1_priming,46150.0,1.0
train/l1_priming,46200.0,1.0
train/l1_priming,46250.0,1.0
train/l1_priming,46300.0,1.0
train/l1_priming,46350.0,1.0
train/l1_priming,46400.0,1.0
train/l1_priming,46450.0,1.0
train/l1_priming,46500.0,1.0
train/l1_priming,46550.0,1.0
train/l1_priming,46600.0,1.0
train/l1_priming,46650.0,1.0
train/l1_priming,46700.0,1.0
train/l1_priming,46750.0,1.0
train/l1_priming,46800.0,1.0
train/l1_priming,46850.0,1.0
train/l1_priming,46900.0,1.0
train/l1_priming,46950.0,1.0
train/l1_priming,47000.0,1.0
train/l1_priming,47050.0,1.0
train/l1_priming,47100.0,1.0
train/l1_priming,47150.0,1.0
train/l1_priming,47200.0,1.0
train/l1_priming,47250.0,1.0
train/l1_priming,47300.0,1.0
train/l1_priming,47350.0,1.0
train/l1_priming,47400.0,1.0
train/l1_priming,47450.0,1.0
train/l1_priming,47500.0,1.0
train/l1_priming,47550.0,1.0
train/l1_priming,47600.0,1.0
train/l1_priming,47650.0,1.0
train/l1_priming,47700.0,1.0
train/l1_priming,47750.0,1.0
train/l1_priming,47800.0,1.0
train/l1_priming,47850.0,1.0
train/l1_priming,47900.0,1.0
train/l1_priming,47950.0,1.0
train/l1_priming,48000.0,1.0
train/l1_priming,48050.0,1.0
train/l1_priming,48100.0,1.0
train/l1_priming,48150.0,1.0
train/l1_priming,48200.0,1.0
train/l1_priming,48250.0,1.0
train/l1_priming,48300.0,1.0
train/l1_priming,48350.0,1.0
train/l1_priming,48400.0,1.0
train/l1_priming,48450.0,1.0
train/l1_priming,48500.0,1.0
train/l1_priming,48550.0,1.0
train/l1_priming,48600.0,1.0
train/l1_priming,48650.0,1.0
train/l1_priming,48700.0,1.0
train/l1_priming,48750.0,1.0
train/l1_priming,48800.0,1.0
train/l1_priming,48850.0,1.0
train/l1_priming,48900.0,1.0
train/l1_priming,48950.0,1.0
train/l1_priming,49000.0,1.0
train/l1_priming,49050.0,1.0
train/l1_priming,49100.0,1.0
train/l1_priming,49150.0,1.0
train/l1_priming,49200.0,1.0
train/l1_priming,49250.0,1.0
train/l1_priming,49300.0,1.0
train/l1_priming,49350.0,1.0
train/l1_priming,49400.0,1.0
train/l1_priming,49450.0,1.0
train/l1_priming,49500.0,1.0
train/l1_priming,49550.0,1.0
train/l1_priming,49600.0,1.0
train/l1_priming,49650.0,1.0
train/l1_priming,49700.0,1.0
train/l1_priming,49750.0,1.0
train/l1_priming,49800.0,1.0
train/l1_priming,49850.0,1.0
train/l1_priming,49900.0,1.0
train/l1_priming,49950.0,1.0
train/l1_priming,50000.0,1.0
train/l1_priming,50050.0,1.0
train/l1_priming,50100.0,1.0
train/l1_priming,50150.0,1.0
train/l1_priming,50200.0,1.0
train/l1_priming,50250.0,1.0
train/l1_priming,50300.0,1.0
train/l1_priming,50350.0,1.0
train/l1_priming,50400.0,1.0
train/l1_priming,50450.0,1.0
train/l1_priming,50500.0,1.0
train/l1_priming,50550.0,1.0
train/l1_priming,50600.0,1.0
train/l1_priming,50650.0,1.0
train/l1_priming,50700.0,1.0
train/l1_priming,50750.0,1.0
train/l1_priming,50800.0,1.0
train/l1_priming,50850.0,1.0
train/l1_priming,50900.0,1.0
train/l1_priming,50950.0,1.0
train/l1_priming,51000.0,1.0
train/l1_priming,51050.0,1.0
train/l1_priming,51100.0,1.0
train/l1_priming,51150.0,1.0
train/l1_priming,51200.0,1.0
train/l1_priming,51250.0,1.0
train/l1_priming,51300.0,1.0
train/l1_priming,51350.0,1.0
train/l1_priming,51400.0,1.0
train/l1_priming,51450.0,1.0
train/l1_priming,51500.0,1.0
train/l1_priming,51550.0,1.0
train/l1_priming,51600.0,1.0
train/l1_priming,51650.0,1.0
train/l1_priming,51700.0,1.0
train/l1_priming,51750.0,1.0
train/l1_priming,51800.0,1.0
train/l1_priming,51850.0,1.0
train/l1_priming,51900.0,1.0
train/l1_priming,51950.0,1.0
train/l1_priming,52000.0,1.0
train/l1_priming,52050.0,1.0
train/l1_priming,52100.0,1.0
train/l1_priming,52150.0,1.0
train/l1_priming,52200.0,1.0
train/l1_priming,52250.0,1.0
train/l1_priming,52300.0,1.0
train/l1_priming,52350.0,1.0
train/l1_priming,52400.0,1.0
train/l1_priming,52450.0,1.0
train/l1_priming,52500.0,1.0
train/l1_priming,52550.0,1.0
train/l1_priming,52600.0,1.0
train/l1_priming,52650.0,1.0
train/l1_priming,52700.0,1.0
train/l1_priming,52750.0,1.0
train/l1_priming,52800.0,1.0
train/l1_priming,52850.0,1.0
train/l1_priming,52900.0,1.0
train/l1_priming,52950.0,1.0
train/l1_priming,53000.0,1.0
train/l1_priming,53050.0,1.0
train/l1_priming,53100.0,1.0
train/l1_priming,53150.0,1.0
train/l1_priming,53200.0,1.0
train/l1_priming,53250.0,1.0
train/l1_priming,53300.0,1.0
train/l1_priming,53350.0,1.0
train/l1_priming,53400.0,1.0
train/l1_priming,53450.0,1.0
train/l1_priming,53500.0,1.0
train/l1_priming,53550.0,1.0
train/l1_priming,53600.0,1.0
train/l1_priming,53650.0,1.0
train/l1_priming,53700.0,1.0
train/l1_priming,53750.0,1.0
train/l1_priming,53800.0,1.0
train/l1_priming,53850.0,1.0
train/l1_priming,53900.0,1.0
train/l1_priming,53950.0,1.0
train/l1_priming,54000.0,1.0
train/l1_priming,54050.0,1.0
train/l1_priming,54100.0,1.0
train/l1_priming,54150.0,1.0
train/l1_priming,54200.0,1.0
train/l1_priming,54250.0,1.0
train/l1_priming,54300.0,1.0
train/l1_priming,54350.0,1.0
train/l1_priming,54400.0,1.0
train/l1_priming,54450.0,1.0
train/l1_priming,54500.0,1.0
train/l1_priming,54550.0,1.0
train/l1_priming,54600.0,1.0
train/l1_priming,54650.0,1.0
train/l1_priming,54700.0,1.0
train/l1_priming,54750.0,1.0
train/l1_priming,54800.0,1.0
train/l1_priming,54850.0,1.0
train/l1_priming,54900.0,1.0
train/l1_priming,54950.0,1.0
train/l1_priming,55000.0,1.0
train/l1_priming,55050.0,1.0
train/l1_priming,55100.0,1.0
train/l1_priming,55150.0,1.0
train/l1_priming,55200.0,1.0
train/l1_priming,55250.0,1.0
train/l1_priming,55300.0,1.0
train/l1_priming,55350.0,1.0
train/l1_priming,55400.0,1.0
train/l1_priming,55450.0,1.0
train/l1_priming,55500.0,1.0
train/l1_priming,55550.0,1.0
train/l1_priming,55600.0,1.0
train/l1_priming,55650.0,1.0
train/l1_priming,55700.0,1.0
train/l1_priming,55750.0,1.0
train/l1_priming,55800.0,1.0
train/l1_priming,55850.0,1.0
train/l1_priming,55900.0,1.0
train/l1_priming,55950.0,1.0
train/l1_priming,56000.0,1.0
train/l1_priming,56050.0,1.0
train/l1_priming,56100.0,1.0
train/l1_priming,56150.0,1.0
train/l1_priming,56200.0,1.0
train/l1_priming,56250.0,1.0
train/l1_priming,56300.0,1.0
train/l1_priming,56350.0,1.0
train/l1_priming,56400.0,1.0
train/l1_priming,56450.0,1.0
train/l1_priming,56500.0,1.0
train/l1_priming,56550.0,1.0
train/l1_priming,56600.0,1.0
train/l1_priming,56650.0,1.0
train/l1_priming,56700.0,1.0
train/l1_priming,56750.0,1.0
train/l1_priming,56800.0,1.0
train/l1_priming,56850.0,1.0
train/l1_priming,56900.0,1.0
train/l1_priming,56950.0,1.0
train/l1_priming,57000.0,1.0
train/l1_priming,57050.0,1.0
train/l1_priming,57100.0,1.0
train/l1_priming,57150.0,1.0
train/l1_priming,57200.0,1.0
train/l1_priming,57250.0,1.0
train/l1_priming,57300.0,1.0
train/l1_priming,57350.0,1.0
train/l1_priming,57400.0,1.0
train/l1_priming,57450.0,1.0
train/l1_priming,57500.0,1.0
train/l1_priming,57550.0,1.0
train/l1_priming,57600.0,1.0
train/l1_priming,57650.0,1.0
train/l1_priming,57700.0,1.0
train/l1_priming,57750.0,1.0
train/l1_priming,57800.0,1.0
train/l1_priming,57850.0,1.0
train/l1_priming,57900.0,1.0
train/l1_priming,57950.0,1.0
train/l1_priming,58000.0,1.0
train/l1_priming,58050.0,1.0
train/l1_priming,58100.0,1.0
train/l1_priming,58150.0,1.0
train/l1_priming,58200.0,1.0
train/l1_priming,58250.0,1.0
train/l1_priming,58300.0,1.0
train/l1_priming,58350.0,1.0
train/l1_priming,58400.0,1.0
train/l1_priming,58450.0,1.0
train/l1_priming,58500.0,1.0
train/l1_priming,58550.0,1.0
train/l1_priming,58600.0,1.0
train/l1_priming,58650.0,1.0
train/l1_priming,58700.0,1.0
train/l1_priming,58750.0,1.0
train/l1_priming,58800.0,1.0
train/l1_priming,58850.0,1.0
train/l1_priming,58900.0,1.0
train/l1_priming,58950.0,1.0
train/l1_priming,59000.0,1.0
train/l1_priming,59050.0,1.0
train/l1_priming,59100.0,1.0
train/l1_priming,59150.0,1.0
train/l1_priming,59200.0,1.0
train/l1_priming,59250.0,1.0
train/l1_priming,59300.0,1.0
train/l1_priming,59350.0,1.0
train/l1_priming,59400.0,1.0
train/l1_priming,59450.0,1.0
train/l1_priming,59500.0,1.0
train/l1_priming,59550.0,1.0
train/l1_priming,59600.0,1.0
train/l1_priming,59650.0,1.0
train/l1_priming,59700.0,1.0
train/l1_priming,59750.0,1.0
train/l1_priming,59800.0,1.0
train/l1_priming,59850.0,1.0
train/l1_priming,59900.0,1.0
train/l1_priming,59950.0,1.0
train/l1_priming,60000.0,1.0
train/l1_priming,60050.0,0.0
train/l1_priming,60100.0,0.0
train/l1_priming,60150.0,0.0
train/l1_priming,60200.0,0.0
train/l1_priming,60250.0,0.0
train/l1_priming,60300.0,0.0
train/l1_priming,60350.0,0.0
train/l1_priming,60400.0,0.0
train/l1_priming,60450.0,0.0
train/l1_priming,60500.0,0.0
train/l1_priming,60550.0,0.0
train/l1_priming,60600.0,0.0
train/l1_priming,60650.0,0.0
train/l1_priming,60700.0,0.0
train/l1_priming,60750.0,0.0
train/l1_priming,60800.0,0.0
train/l1_priming,60850.0,0.0
train/l1_priming,60900.0,0.0
train/l1_priming,60950.0,0.0
train/l1_priming,61000.0,0.0
train/l1_priming,61050.0,0.0
train/l1_priming,61100.0,0.0
train/l1_priming,61150.0,0.0
train/l1_priming,61200.0,0.0
train/l1_priming,61250.0,0.0
train/l1_priming,61300.0,0.0
train/l1_priming,61350.0,0.0
train/l1_priming,61400.0,0.0
train/l1_priming,61450.0,0.0
train/l1_priming,61500.0,0.0
train/l1_priming,61550.0,0.0
train/l1_priming,61600.0,0.0
train/l1_priming,61650.0,0.0
train/l1_priming,61700.0,0.0
train/l1_priming,61750.0,0.0
train/l1_priming,61800.0,0.0
train/l1_priming,61850.0,0.0
train/l1_priming,61900.0,0.0
train/l1_priming,61950.0,0.0
train/l1_priming,62000.0,0.0
train/l1_priming,62050.0,0.0
train/l1_priming,62100.0,0.0
train/l1_priming,62150.0,0.0
train/l1_priming,62200.0,0.0
train/l1_priming,62250.0,0.0
train/l1_priming,62300.0,0.0
train/l1_priming,62350.0,0.0
train/l1_priming,62400.0,0.0
train/l1_priming,62450.0,0.0
train/l1_priming,62500.0,0.0
train/l1_priming,62550.0,0.0
train/l1_priming,62600.0,0.0
train/l1_priming,62650.0,0.0
train/l1_priming,62700.0,0.0
train/l1_priming,62750.0,0.0
train/l1_priming,62800.0,0.0
train/l1_priming,62850.0,0.0
train/l1_priming,62900.0,0.0
train/l1_priming,62950.0,0.0
train/l1_priming,63000.0,0.0
train/l1_priming,63050.0,0.0
train/l1_priming,63100.0,0.0
train/l1_priming,63150.0,0.0
train/l1_priming,63200.0,0.0
train/l1_priming,63250.0,0.0
train/l1_priming,63300.0,0.0
train/l1_priming,63350.0,0.0
train/l1_priming,63400.0,0.0
train/l1_priming,63450.0,0.0
train/l1_priming,63500.0,0.0
train/l1_priming,63550.0,0.0
train/l1_priming,63600.0,0.0
train/l1_priming,63650.0,0.0
train/l1_priming,63700.0,0.0
train/l1_priming,63750.0,0.0
train/l1_priming,63800.0,0.0
train/l1_priming,63850.0,0.0
train/l1_priming,63900.0,0.0
train/l1_priming,63950.0,0.0
train/l1_priming,64000.0,0.0
train/l1_priming,64050.0,0.0
train/l1_priming,64100.0,0.0
train/l1_priming,64150.0,0.0
train/l1_priming,64200.0,0.0
train/l1_priming,64250.0,0.0
train/l1_priming,64300.0,0.0
train/l1_priming,64350.0,0.0
train/l1_priming,64400.0,0.0
train/l1_priming,64450.0,0.0
train/l1_priming,64500.0,0.0
train/l1_priming,64550.0,0.0
train/l1_priming,64600.0,0.0
train/l1_priming,64650.0,0.0
train/l1_priming,64700.0,0.0
train/l1_priming,64750.0,0.0
train/l1_priming,64800.0,0.0
train/l1_priming,64850.0,0.0
train/l1_priming,64900.0,0.0
train/l1_priming,64950.0,0.0
train/l1_priming,65000.0,0.0
train/l1_priming,65050.0,0.0
train/l1_priming,65100.0,0.0
train/l1_priming,65150.0,0.0
train/l1_priming,65200.0,0.0
train/l1_priming,65250.0,0.0
train/l1_priming,65300.0,0.0
train/l1_priming,65350.0,0.0
train/l1_priming,65400.0,0.0
train/l1_priming,65450.0,0.0
train/l1_priming,65500.0,0.0
train/l1_priming,65550.0,0.0
train/l1_priming,65600.0,0.0
train/l1_priming,65650.0,0.0
train/l1_priming,65700.0,0.0
train/l1_priming,65750.0,0.0
train/l1_priming,65800.0,0.0
train/l1_priming,65850.0,0.0
train/l1_priming,65900.0,0.0
train/l1_priming,65950.0,0.0
train/l1_priming,66000.0,0.0
train/l1_priming,66050.0,0.0
train/l1_priming,66100.0,0.0
train/l1_priming,66150.0,0.0
train/l1_priming,66200.0,0.0
train/l1_priming,66250.0,0.0
train/l1_priming,66300.0,0.0
train/l1_priming,66350.0,0.0
train/l1_priming,66400.0,0.0
train/l1_priming,66450.0,0.0
train/l1_priming,66500.0,0.0
train/l1_priming,66550.0,0.0
train/l1_priming,66600.0,0.0
train/l1_priming,66650.0,0.0
train/l1_priming,66700.0,0.0
train/l1_priming,66750.0,0.0
train/l1_priming,66800.0,0.0
train/l1_priming,66850.0,0.0
train/l1_priming,66900.0,0.0
train/l1_priming,66950.0,0.0
train/l1_priming,67000.0,0.0
train/l1_priming,67050.0,0.0
train/l1_priming,67100.0,0.0
train/l1_priming,67150.0,0.0
train/l1_priming,67200.0,0.0
train/l1_priming,67250.0,0.0
train/l1_priming,67300.0,0.0
train/l1_priming,67350.0,0.0
train/l1_priming,67400.0,0.0
train/l1_priming,67450.0,0.0
train/l1_priming,67500.0,0.0
train/l1_priming,67550.0,0.0
train/l1_priming,67600.0,0.0
train/l1_priming,67650.0,0.0
train/l1_priming,67700.0,0.0
train/l1_priming,67750.0,0.0
train/l1_priming,67800.0,0.0
train/l1_priming,67850.0,0.0
train/l1_priming,67900.0,0.0
train/l1_priming,67950.0,0.0
train/l1_priming,68000.0,0.0
train/l1_priming,68050.0,0.0
train/l1_priming,68100.0,0.0
train/l1_priming,68150.0,0.0
train/l1_priming,68200.0,0.0
train/l1_priming,68250.0,0.0
train/l1_priming,68300.0,0.0
train/l1_priming,68350.0,0.0
train/l1_priming,68400.0,0.0
train/l1_priming,68450.0,0.0
train/l1_priming,68500.0,0.0
train/l1_priming,68550.0,0.0
train/l1_priming,68600.0,0.0
train/l1_priming,68650.0,0.0
train/l1_priming,68700.0,0.0
train/l1_priming,68750.0,0.0
train/l1_priming,68800.0,0.0
train/l1_priming,68850.0,0.0
train/l1_priming,68900.0,0.0
train/l1_priming,68950.0,0.0
train/l1_priming,69000.0,0.0
train/l1_priming,69050.0,0.0
train/l1_priming,69100.0,0.0
train/l1_priming,69150.0,0.0
train/l1_priming,69200.0,0.0
train/l1_priming,69250.0,0.0
train/l1_priming,69300.0,0.0
train/l1_priming,69350.0,0.0
train/l1_priming,69400.0,0.0
train/l1_priming,69450.0,0.0
train/l1_priming,69500.0,0.0
train/l1_priming,69550.0,0.0
train/l1_priming,69600.0,0.0
train/l1_priming,69650.0,0.0
train/l1_priming,69700.0,0.0
train/l1_priming,69750.0,0.0
train/l1_priming,69800.0,0.0
train/l1_priming,69850.0,0.0
train/l1_priming,69900.0,0.0
train/l1_priming,69950.0,0.0
train/l1_priming,70000.0,0.0
train/l1_priming,70050.0,0.0
train/l1_priming,70100.0,0.0
train/l1_priming,70150.0,0.0
train/l1_priming,70200.0,0.0
train/l1_priming,70250.0,0.0
train/l1_priming,70300.0,0.0
train/l1_priming,70350.0,0.0
train/l1_priming,70400.0,0.0
train/l1_priming,70450.0,0.0
train/l1_priming,70500.0,0.0
train/l1_priming,70550.0,0.0
train/l1_priming,70600.0,0.0
train/l1_priming,70650.0,0.0
train/l1_priming,70700.0,0.0
train/l1_priming,70750.0,0.0
train/l1_priming,70800.0,0.0
train/l1_priming,70850.0,0.0
train/l1_priming,70900.0,0.0
train/l1_priming,70950.0,0.0
train/l1_priming,71000.0,0.0
train/l1_priming,71050.0,0.0
train/l1_priming,71100.0,0.0
train/l1_priming,71150.0,0.0
train/l1_priming,71200.0,0.0
train/l1_priming,71250.0,0.0
train/l1_priming,71300.0,0.0
train/l1_priming,71350.0,0.0
train/l1_priming,71400.0,0.0
train/l1_priming,71450.0,0.0
train/l1_priming,71500.0,0.0
train/l1_priming,71550.0,0.0
train/l1_priming,71600.0,0.0
train/l1_priming,71650.0,0.0
train/l1_priming,71700.0,0.0
train/l1_priming,71750.0,0.0
train/l1_priming,71800.0,0.0
train/l1_priming,71850.0,0.0
train/l1_priming,71900.0,0.0
train/l1_priming,71950.0,0.0
train/l1_priming,72000.0,0.0
train/l1_priming,72050.0,0.0
train/l1_priming,72100.0,0.0
train/l1_priming,72150.0,0.0
train/l1_priming,72200.0,0.0
train/l1_priming,72250.0,0.0
train/l1_priming,72300.0,0.0
train/l1_priming,72350.0,0.0
train/l1_priming,72400.0,0.0
train/l1_priming,72450.0,0.0
train/l1_priming,72500.0,0.0
train/l1_priming,72550.0,0.0
train/l1_priming,72600.0,0.0
train/l1_priming,72650.0,0.0
train/l1_priming,72700.0,0.0
train/l1_priming,72750.0,0.0
train/l1_priming,72800.0,0.0
train/l1_priming,72850.0,0.0
train/l1_priming,72900.0,0.0
train/l1_priming,72950.0,0.0
train/l1_priming,73000.0,0.0
train/l1_priming,73050.0,0.0
train/l1_priming,73100.0,0.0
train/l1_priming,73150.0,0.0
train/l1_priming,73200.0,0.0
train/l1_priming,73250.0,0.0
train/l1_priming,73300.0,0.0
train/l1_priming,73350.0,0.0
train/l1_priming,73400.0,0.0
train/l1_priming,73450.0,0.0
train/l1_priming,73500.0,0.0
train/l1_priming,73550.0,0.0
train/l1_priming,73600.0,0.0
train/l1_priming,73650.0,0.0
train/l1_priming,73700.0,0.0
train/l1_priming,73750.0,0.0
train/l1_priming,73800.0,0.0
train/l1_priming,73850.0,0.0
train/l1_priming,73900.0,0.0
train/l1_priming,73950.0,0.0
train/l1_priming,74000.0,0.0
train/l1_priming,74050.0,0.0
train/l1_priming,74100.0,0.0
train/l1_priming,74150.0,0.0
train/l1_priming,74200.0,0.0
train/l1_priming,74250.0,0.0
train/l1_priming,74300.0,0.0
train/l1_priming,74350.0,0.0
train/l1_priming,74400.0,0.0
train/l1_priming,74450.0,0.0
train/l1_priming,74500.0,0.0
train/l1_priming,74550.0,0.0
train/l1_priming,74600.0,0.0
train/l1_priming,74650.0,0.0
train/l1_priming,74700.0,0.0
train/l1_priming,74750.0,0.0
train/l1_priming,74800.0,0.0
train/l1_priming,74850.0,0.0
train/l1_priming,74900.0,0.0
train/l1_priming,74950.0,0.0
train/l1_priming,75000.0,0.0
train/l1_priming,75050.0,0.0
train/l1_priming,75100.0,0.0
train/l1_priming,75150.0,0.0
train/l1_priming,75200.0,0.0
train/l1_priming,75250.0,0.0
train/l1_priming,75300.0,0.0
train/l1_priming,75350.0,0.0
train/l1_priming,75400.0,0.0
train/l1_priming,75450.0,0.0
train/l1_priming,75500.0,0.0
train/l1_priming,75550.0,0.0
train/l1_priming,75600.0,0.0
train/l1_priming,75650.0,0.0
train/l1_priming,75700.0,0.0
train/l1_priming,75750.0,0.0
train/l1_priming,75800.0,0.0
train/l1_priming,75850.0,0.0
train/l1_priming,75900.0,0.0
train/l1_priming,75950.0,0.0
train/l1_priming,76000.0,0.0
train/l1_priming,76050.0,0.0
train/l1_priming,76100.0,0.0
train/l1_priming,76150.0,0.0
train/l1_priming,76200.0,0.0
train/l1_priming,76250.0,0.0
train/l1_priming,76300.0,0.0
train/l1_priming,76350.0,0.0
train/l1_priming,76400.0,0.0
train/l1_priming,76450.0,0.0
train/l1_priming,76500.0,0.0
train/l1_priming,76550.0,0.0
train/l1_priming,76600.0,0.0
train/l1_priming,76650.0,0.0
train/l1_priming,76700.0,0.0
train/l1_priming,76750.0,0.0
train/l1_priming,76800.0,0.0
train/l1_priming,76850.0,0.0
train/l1_priming,76900.0,0.0
train/l1_priming,76950.0,0.0
train/l1_priming,77000.0,0.0
train/l1_priming,77050.0,0.0
train/l1_priming,77100.0,0.0
train/l1_priming,77150.0,0.0
train/l1_priming,77200.0,0.0
train/l1_priming,77250.0,0.0
train/l1_priming,77300.0,0.0
train/l1_priming,77350.0,0.0
train/l1_priming,77400.0,0.0
train/l1_priming,77450.0,0.0
train/l1_priming,77500.0,0.0
train/l1_priming,77550.0,0.0
train/l1_priming,77600.0,0.0
train/l1_priming,77650.0,0.0
train/l1_priming,77700.0,0.0
train/l1_priming,77750.0,0.0
train/l1_priming,77800.0,0.0
train/l1_priming,77850.0,0.0
train/l1_priming,77900.0,0.0
train/l1_priming,77950.0,0.0
train/l1_priming,78000.0,0.0
train/l1_priming,78050.0,0.0
train/l1_priming,78100.0,0.0
train/l1_priming,78150.0,0.0
train/l1_priming,78200.0,0.0
train/l1_priming,78250.0,0.0
train/l1_priming,78300.0,0.0
train/l1_priming,78350.0,0.0
train/l1_priming,78400.0,0.0
train/l1_priming,78450.0,0.0
train/l1_priming,78500.0,0.0
train/l1_priming,78550.0,0.0
train/l1_priming,78600.0,0.0
train/l1_priming,78650.0,0.0
train/l1_priming,78700.0,0.0
train/l1_priming,78750.0,0.0
train/l1_priming,78800.0,0.0
train/l1_priming,78850.0,0.0
train/l1_priming,78900.0,0.0
train/l1_priming,78950.0,0.0
train/l1_priming,79000.0,0.0
train/l1_priming,79050.0,0.0
train/l1_priming,79100.0,0.0
train/l1_priming,79150.0,0.0
train/l1_priming,79200.0,0.0
train/l1_priming,79250.0,0.0
train/l1_priming,79300.0,0.0
train/l1_priming,79350.0,0.0
train/l1_priming,79400.0,0.0
train/l1_priming,79450.0,0.0
train/l1_priming,79500.0,0.0
train/l1_priming,79550.0,0.0
train/l1_priming,79600.0,0.0
train/l1_priming,79650.0,0.0
train/l1_priming,79700.0,0.0
train/l1_priming,79750.0,0.0
train/l1_priming,79800.0,0.0
train/l1_priming,79850.0,0.0
train/l1_priming,79900.0,0.0
train/l1_priming,79950.0,0.0
train/l1_priming,80000.0,0.0
train/learning_rate,1.0,2.0000000233721948e-07
train/learning_rate,50.0,9.999999747378752e-06
train/learning_rate,100.0,1.9999999494757503e-05
train/learning_rate,150.0,2.9999999242136255e-05
train/learning_rate,200.0,3.9999998989515007e-05
train/learning_rate,250.0,4.999999873689376e-05
train/learning_rate,300.0,5.999999848427251e-05
train/learning_rate,350.0,7.000000186963007e-05
train/learning_rate,400.0,7.999999797903001e-05
train/learning_rate,450.0,9.000000136438757e-05
train/learning_rate,500.0,9.999999747378752e-05
train/learning_rate,550.0,9.999983740272e-05
train/learning_rate,600.0,9.999934991355985e-05
train/learning_rate,650.0,9.999852773034945e-05
train/learning_rate,700.0,9.999737812904641e-05
train/learning_rate,750.0,9.999589383369312e-05
train/learning_rate,800.0,9.999408212024719e-05
train/learning_rate,850.0,9.9991935712751e-05
train/learning_rate,900.0,9.998946188716218e-05
train/learning_rate,950.0,9.99866533675231e-05
train/learning_rate,1000.0,9.998351742979139e-05
train/learning_rate,1050.0,9.998004679800943e-05
train/learning_rate,1100.0,9.997624874813482e-05
train/learning_rate,1150.0,9.997211600420997e-05
train/learning_rate,1200.0,9.996765584219247e-05
train/learning_rate,1250.0,9.996286098612472e-05
train/learning_rate,1300.0,9.995773871196434e-05
train/learning_rate,1350.0,9.99522817437537e-05
train/learning_rate,1400.0,9.994649735745043e-05
train/learning_rate,1450.0,9.994038555305451e-05
train/learning_rate,1500.0,9.993393905460835e-05
train/learning_rate,1550.0,9.992715786211193e-05
train/learning_rate,1600.0,9.992004925152287e-05
train/learning_rate,1650.0,9.991261322284117e-05
train/learning_rate,1700.0,9.990484977606684e-05
train/learning_rate,1750.0,9.989675163524225e-05
train/learning_rate,1800.0,9.988831880036741e-05
train/learning_rate,1850.0,9.987955854739994e-05
train/learning_rate,1900.0,9.987047087633982e-05
train/learning_rate,1950.0,9.986104851122946e-05
train/learning_rate,2000.0,9.985129872802645e-05
train/learning_rate,2050.0,9.98412215267308e-05
train/learning_rate,2100.0,9.983080963138491e-05
train/learning_rate,2150.0,9.982007031794637e-05
train/learning_rate,2200.0,9.98090035864152e-05
train/learning_rate,2250.0,9.979760216083378e-05
train/learning_rate,2300.0,9.978587331715971e-05
train/learning_rate,2350.0,9.977381705539301e-05
train/learning_rate,2400.0,9.976143337553367e-05
train/learning_rate,2450.0,9.974871500162408e-05
train/learning_rate,2500.0,9.973566920962185e-05
train/learning_rate,2550.0,9.972228872356936e-05
train/learning_rate,2600.0,9.970858809538186e-05
train/learning_rate,2650.0,9.96945527731441e-05
train/learning_rate,2700.0,9.96801900328137e-05
train/learning_rate,2750.0,9.966549987439066e-05
train/learning_rate,2800.0,9.965047502191737e-05
train/learning_rate,2850.0,9.963513002730906e-05
train/learning_rate,2900.0,9.96194503386505e-05
train/learning_rate,2950.0,9.960344323189929e-05
train/learning_rate,3000.0,9.958711598301306e-05
train/learning_rate,3050.0,9.957044676411897e-05
train/learning_rate,3100.0,9.955345740308985e-05
train/learning_rate,3150.0,9.95361406239681e-05
train/learning_rate,3200.0,9.95184964267537e-05
train/learning_rate,3250.0,9.950052481144667e-05
train/learning_rate,3300.0,9.948221850208938e-05
train/learning_rate,3350.0,9.946359205059707e-05
train/learning_rate,3400.0,9.944463818101212e-05
train/learning_rate,3450.0,9.942534961737692e-05
train/learning_rate,3500.0,9.94057409116067e-05
train/learning_rate,3550.0,9.938580478774384e-05
train/learning_rate,3600.0,9.936554124578834e-05
train/learning_rate,3650.0,9.93449502857402e-05
train/learning_rate,3700.0,9.932403190759942e-05
train/learning_rate,3750.0,9.930279338732362e-05
train/learning_rate,3800.0,9.928122017299756e-05
train/learning_rate,3850.0,9.925932681653649e-05
train/learning_rate,3900.0,9.923710604198277e-05
train/learning_rate,3950.0,9.921455784933642e-05
train/learning_rate,4000.0,9.919168223859742e-05
train/learning_rate,4050.0,9.91684864857234e-05
train/learning_rate,4100.0,9.914496331475675e-05
train/learning_rate,4150.0,9.912111272569746e-05
train/learning_rate,4200.0,9.909694199450314e-05
train/learning_rate,4250.0,9.907244384521618e-05
train/learning_rate,4300.0,9.904761827783659e-05
train/learning_rate,4350.0,9.902247256832197e-05
train/learning_rate,4400.0,9.899699944071472e-05
train/learning_rate,4450.0,9.897120617097244e-05
train/learning_rate,4500.0,9.894508548313752e-05
train/learning_rate,4550.0,9.891863737720996e-05
train/learning_rate,4600.0,9.8891876405105e-05
train/learning_rate,4650.0,9.886478073894978e-05
train/learning_rate,4700.0,9.883737220661715e-05
train/learning_rate,4750.0,9.880963625619188e-05
train/learning_rate,4800.0,9.878157288767397e-05
train/learning_rate,4850.0,9.875319665297866e-05
train/learning_rate,4900.0,9.87244930001907e-05
train/learning_rate,4950.0,9.869546192931011e-05
train/learning_rate,5000.0,9.866611799225211e-05
train/learning_rate,5050.0,9.863644663710147e-05
train/learning_rate,5100.0,9.860645513981581e-05
train/learning_rate,5150.0,9.857614350039512e-05
train/learning_rate,5200.0,9.854550444288179e-05
train/learning_rate,5250.0,9.851455251919106e-05
train/learning_rate,5300.0,9.84832804533653e-05
train/learning_rate,5350.0,9.84516809694469e-05
train/learning_rate,5400.0,9.841976861935109e-05
train/learning_rate,5450.0,9.838752885116264e-05
train/learning_rate,5500.0,9.835497621679679e-05
train/learning_rate,5550.0,9.832209616433829e-05
train/learning_rate,5600.0,9.828890324570239e-05
train/learning_rate,5650.0,9.825539018493146e-05
train/learning_rate,5700.0,9.82215569820255e-05
train/learning_rate,5750.0,9.818740363698453e-05
train/learning_rate,5800.0,9.815293742576614e-05
train/learning_rate,5850.0,9.811814379645512e-05
train/learning_rate,5900.0,9.808303730096668e-05
train/learning_rate,5950.0,9.804761793930084e-05
train/learning_rate,6000.0,9.801187115954235e-05
train/learning_rate,6050.0,9.797581878956407e-05
train/learning_rate,6100.0,9.793943900149316e-05
train/learning_rate,6150.0,9.790274634724483e-05
train/learning_rate,6200.0,9.786574082681909e-05
train/learning_rate,6250.0,9.782841516425833e-05
train/learning_rate,6300.0,9.779077663552016e-05
train/learning_rate,6350.0,9.775281796464697e-05
train/learning_rate,6400.0,9.771454642759636e-05
train/learning_rate,6450.0,9.767596202436835e-05
train/learning_rate,6500.0,9.763705747900531e-05
train/learning_rate,6550.0,9.759784006746486e-05
train/learning_rate,6600.0,9.7558309789747e-05
train/learning_rate,6650.0,9.751846664585173e-05
train/learning_rate,6700.0,9.747831063577905e-05
train/learning_rate,6750.0,9.743783448357135e-05
train/learning_rate,6800.0,9.739705274114385e-05
train/learning_rate,6850.0,9.735595085658133e-05
train/learning_rate,6900.0,9.731454338179901e-05
train/learning_rate,6950.0,9.727281576488167e-05
train/learning_rate,7000.0,9.723078255774453e-05
train/learning_rate,7050.0,9.718843648442999e-05
train/learning_rate,7100.0,9.714577754493803e-05
train/learning_rate,7150.0,9.710281301522627e-05
train/learning_rate,7200.0,9.70595283433795e-05
train/learning_rate,7250.0,9.701593808131292e-05
train/learning_rate,7300.0,9.697203495306894e-05
train/learning_rate,7350.0,9.692782623460516e-05
train/learning_rate,7400.0,9.688330464996397e-05
train/learning_rate,7450.0,9.683847747510299e-05
train/learning_rate,7500.0,9.67933374340646e-05
train/learning_rate,7550.0,9.674789180280641e-05
train/learning_rate,7600.0,9.670213330537081e-05
train/learning_rate,7650.0,9.665606921771541e-05
train/learning_rate,7700.0,9.660969953984022e-05
train/learning_rate,7750.0,9.656301699578762e-05
train/learning_rate,7800.0,9.651602886151522e-05
train/learning_rate,7850.0,9.646873513702303e-05
train/learning_rate,7900.0,9.642113582231104e-05
train/learning_rate,7950.0,9.637323091737926e-05
train/learning_rate,8000.0,9.632502042222768e-05
train/learning_rate,8050.0,9.62765043368563e-05
train/learning_rate,8100.0,9.622768266126513e-05
train/learning_rate,8150.0,9.617855539545417e-05
train/learning_rate,8200.0,9.61291225394234e-05
train/learning_rate,8250.0,9.607939136913046e-05
train/learning_rate,8300.0,9.602934733266011e-05
train/learning_rate,8350.0,9.597900498192757e-05
train/learning_rate,8400.0,9.592836431693286e-05
train/learning_rate,8450.0,9.587741078576073e-05
train/learning_rate,8500.0,9.582615894032642e-05
train/learning_rate,8550.0,9.577460878062993e-05
train/learning_rate,8600.0,9.572275303071365e-05
train/learning_rate,8650.0,9.567059896653518e-05
train/learning_rate,8700.0,9.561814658809453e-05
train/learning_rate,8750.0,9.556538861943409e-05
train/learning_rate,8800.0,9.551233233651146e-05
train/learning_rate,8850.0,9.545897773932666e-05
train/learning_rate,8900.0,9.540531755192205e-05
train/learning_rate,8950.0,9.535136632621288e-05
train/learning_rate,9000.0,9.529710951028392e-05
train/learning_rate,9050.0,9.524255438009277e-05
train/learning_rate,9100.0,9.518770821159706e-05
train/learning_rate,9150.0,9.513255645288154e-05
train/learning_rate,9200.0,9.507711365586147e-05
train/learning_rate,9250.0,9.502137254457921e-05
train/learning_rate,9300.0,9.496533311903477e-05
train/learning_rate,9350.0,9.490900265518576e-05
train/learning_rate,9400.0,9.485237387707457e-05
train/learning_rate,9450.0,9.47954467847012e-05
train/learning_rate,9500.0,9.473822865402326e-05
train/learning_rate,9550.0,9.468071948504075e-05
train/learning_rate,9600.0,9.462291200179607e-05
train/learning_rate,9650.0,9.45648062042892e-05
train/learning_rate,9700.0,9.450641664443538e-05
train/learning_rate,9750.0,9.444772877031937e-05
train/learning_rate,9800.0,9.43887498578988e-05
train/learning_rate,9850.0,9.432947263121605e-05
train/learning_rate,9900.0,9.426991164218634e-05
train/learning_rate,9950.0,9.421005961485207e-05
train/learning_rate,10000.0,9.414991654921323e-05
train/learning_rate,10050.0,9.408948244526982e-05
train/learning_rate,10100.0,9.402875730302185e-05
train/learning_rate,10150.0,9.39677411224693e-05
train/learning_rate,10200.0,9.39064339036122e-05
train/learning_rate,10250.0,9.384484292240813e-05
train/learning_rate,10300.0,9.378296817885712e-05
train/learning_rate,10350.0,9.372079512104392e-05
train/learning_rate,10400.0,9.365834557684138e-05
train/learning_rate,10450.0,9.359559771837667e-05
train/learning_rate,10500.0,9.353257337352261e-05
train/learning_rate,10550.0,9.346925799036399e-05
train/learning_rate,10600.0,9.340565884485841e-05
train/learning_rate,10650.0,9.334177593700588e-05
train/learning_rate,10700.0,9.327760199084878e-05
train/learning_rate,10750.0,9.321315155830234e-05
train/learning_rate,10800.0,9.314841008745134e-05
train/learning_rate,10850.0,9.3083392130211e-05
train/learning_rate,10900.0,9.30180904106237e-05
train/learning_rate,10950.0,9.295250492868945e-05
train/learning_rate,11000.0,9.288663568440825e-05
train/learning_rate,11050.0,9.282048267778009e-05
train/learning_rate,11100.0,9.27540531847626e-05
train/learning_rate,11150.0,9.268733992939815e-05
train/learning_rate,11200.0,9.262035018764436e-05
train/learning_rate,11250.0,9.255308395950124e-05
train/learning_rate,11300.0,9.248553396901116e-05
train/learning_rate,11350.0,9.241770021617413e-05
train/learning_rate,11400.0,9.234959725290537e-05
train/learning_rate,11450.0,9.228121052728966e-05
train/learning_rate,11500.0,9.221254731528461e-05
train/learning_rate,11550.0,9.214360761689022e-05
train/learning_rate,11600.0,9.207439870806411e-05
train/learning_rate,11650.0,9.200490603689104e-05
train/learning_rate,11700.0,9.193513687932864e-05
train/learning_rate,11750.0,9.186509851133451e-05
train/learning_rate,11800.0,9.179478365695104e-05
train/learning_rate,11850.0,9.172419231617823e-05
train/learning_rate,11900.0,9.16533317649737e-05
train/learning_rate,11950.0,9.158219472737983e-05
train/learning_rate,12000.0,9.151078847935423e-05
train/learning_rate,12050.0,9.14391057449393e-05
train/learning_rate,12100.0,9.136716107605025e-05
train/learning_rate,12150.0,9.129493992077187e-05
train/learning_rate,12200.0,9.122244227910414e-05
train/learning_rate,12250.0,9.114968270296231e-05
train/learning_rate,12300.0,9.107665391638875e-05
train/learning_rate,12350.0,9.100334864342585e-05
train/learning_rate,12400.0,9.092978143598884e-05
train/learning_rate,12450.0,9.085594501812011e-05
train/learning_rate,12500.0,9.078183938981965e-05
train/learning_rate,12550.0,9.070747182704508e-05
train/learning_rate,12600.0,9.063283505383879e-05
train/learning_rate,12650.0,9.055792907020077e-05
train/learning_rate,12700.0,9.048276115208864e-05
train/learning_rate,12750.0,9.04073312995024e-05
train/learning_rate,12800.0,9.033163223648444e-05
train/learning_rate,12850.0,9.025567123899236e-05
train/learning_rate,12900.0,9.017944830702618e-05
train/learning_rate,12950.0,9.010296344058588e-05
train/learning_rate,13000.0,9.002621663967147e-05
train/learning_rate,13050.0,8.994920062832534e-05
train/learning_rate,13100.0,8.987192995846272e-05
train/learning_rate,13150.0,8.979440463008359e-05
train/learning_rate,13200.0,8.971661009127274e-05
train/learning_rate,13250.0,8.96385608939454e-05
train/learning_rate,13300.0,8.956024976214394e-05
train/learning_rate,13350.0,8.948168397182599e-05
train/learning_rate,13400.0,8.940285624703392e-05
train/learning_rate,13450.0,8.932377386372536e-05
train/learning_rate,13500.0,8.924443682190031e-05
train/learning_rate,13550.0,8.916483784560114e-05
train/learning_rate,13600.0,8.908498421078548e-05
train/learning_rate,13650.0,8.900488319341093e-05
train/learning_rate,13700.0,8.892452024156228e-05
train/learning_rate,13750.0,8.884390263119712e-05
train/learning_rate,13800.0,8.876303763827309e-05
train/learning_rate,13850.0,8.868191798683256e-05
train/learning_rate,13900.0,8.860054367687553e-05
train/learning_rate,13950.0,8.851892198435962e-05
train/learning_rate,14000.0,8.843704563332722e-05
train/learning_rate,14050.0,8.835492189973593e-05
train/learning_rate,14100.0,8.827254350762814e-05
train/learning_rate,14150.0,8.818991773296148e-05
train/learning_rate,14200.0,8.810704457573593e-05
train/learning_rate,14250.0,8.80239240359515e-05
train/learning_rate,14300.0,8.794055611360818e-05
train/learning_rate,14350.0,8.785694080870599e-05
train/learning_rate,14400.0,8.777307812124491e-05
train/learning_rate,14450.0,8.768896805122495e-05
train/learning_rate,14500.0,8.76046105986461e-05
train/learning_rate,14550.0,8.7520013039466e-05
train/learning_rate,14600.0,8.743517537368461e-05
train/learning_rate,14650.0,8.735008304938674e-05
train/learning_rate,14700.0,8.726475789444521e-05
train/learning_rate,14750.0,8.71791853569448e-05
train/learning_rate,14800.0,8.709337271284312e-05
train/learning_rate,14850.0,8.700731996214017e-05
train/learning_rate,14900.0,8.692102710483596e-05
train/learning_rate,14950.0,8.683448686497286e-05
train/learning_rate,15000.0,8.674771379446611e-05
train/learning_rate,15050.0,8.666070061735809e-05
train/learning_rate,15100.0,8.657345460960642e-05
train/learning_rate,15150.0,8.648596121929586e-05
train/learning_rate,15200.0,8.639824227429926e-05
train/learning_rate,15250.0,8.631027594674379e-05
train/learning_rate,15300.0,8.622208406450227e-05
train/learning_rate,15350.0,8.613365207565948e-05
train/learning_rate,15400.0,8.604497998021543e-05
train/learning_rate,15450.0,8.595608233008534e-05
train/learning_rate,15500.0,8.586695184931159e-05
train/learning_rate,15550.0,8.577758126193658e-05
train/learning_rate,15600.0,8.568798511987552e-05
train/learning_rate,15650.0,8.559815614717081e-05
train/learning_rate,15700.0,8.550809434382245e-05
train/learning_rate,15750.0,8.541780698578805e-05
train/learning_rate,15800.0,8.532728679710999e-05
train/learning_rate,15850.0,8.52365410537459e-05
train/learning_rate,15900.0,8.514556247973815e-05
train/learning_rate,15950.0,8.505435835104436e-05
train/learning_rate,16000.0,8.496292866766453e-05
train/learning_rate,16050.0,8.487127342959866e-05
train/learning_rate,16100.0,8.477939263684675e-05
train/learning_rate,16150.0,8.46872862894088e-05
train/learning_rate,16200.0,8.459495438728482e-05
train/learning_rate,16250.0,8.450239693047479e-05
train/learning_rate,16300.0,8.440962119493634e-05
train/learning_rate,16350.0,8.431661990471184e-05
train/learning_rate,16400.0,8.422339305980131e-05
train/learning_rate,16450.0,8.412994793616235e-05
train/learning_rate,16500.0,8.403628453379497e-05
train/learning_rate,16550.0,8.394240285269916e-05
train/learning_rate,16600.0,8.384830289287493e-05
train/learning_rate,16650.0,8.375397737836465e-05
train/learning_rate,16700.0,8.365944086108357e-05
train/learning_rate,16750.0,8.356467878911644e-05
train/learning_rate,16800.0,8.34697057143785e-05
train/learning_rate,16850.0,8.337452163686976e-05
train/learning_rate,16900.0,8.327911928063259e-05
train/learning_rate,16950.0,8.318349864566699e-05
train/learning_rate,17000.0,8.308766700793058e-05
train/learning_rate,17050.0,8.299161709146574e-05
train/learning_rate,17100.0,8.289536344818771e-05
train/learning_rate,17150.0,8.279889152618125e-05
train/learning_rate,17200.0,8.270220860140398e-05
train/learning_rate,17250.0,8.260532194981351e-05
train/learning_rate,17300.0,8.250821701949462e-05
train/learning_rate,17350.0,8.241090836236253e-05
train/learning_rate,17400.0,8.231338870245963e-05
train/learning_rate,17450.0,8.221565803978592e-05
train/learning_rate,17500.0,8.211772365029901e-05
train/learning_rate,17550.0,8.20195855339989e-05
train/learning_rate,17600.0,8.192123641492799e-05
train/learning_rate,17650.0,8.182269084500149e-05
train/learning_rate,17700.0,8.172393427230418e-05
train/learning_rate,17750.0,8.162497397279367e-05
train/learning_rate,17800.0,8.152580994646996e-05
train/learning_rate,17850.0,8.142644946929067e-05
train/learning_rate,17900.0,8.132687798934057e-05
train/learning_rate,17950.0,8.12271173344925e-05
train/learning_rate,18000.0,8.112714567687362e-05
train/learning_rate,18050.0,8.102697756839916e-05
train/learning_rate,18100.0,8.092661300906911e-05
train/learning_rate,18150.0,8.082605199888349e-05
train/learning_rate,18200.0,8.072528726188466e-05
train/learning_rate,18250.0,8.062433334998786e-05
train/learning_rate,18300.0,8.052317571127787e-05
train/learning_rate,18350.0,8.042182889766991e-05
train/learning_rate,18400.0,8.032028563320637e-05
train/learning_rate,18450.0,8.021854591788724e-05
train/learning_rate,18500.0,8.011661702767015e-05
train/learning_rate,18550.0,8.001449168659747e-05
train/learning_rate,18600.0,7.991217717062682e-05
train/learning_rate,18650.0,7.98096734797582e-05
train/learning_rate,18700.0,7.9706973338034e-05
train/learning_rate,18750.0,7.960409129736945e-05
train/learning_rate,18800.0,7.950101280584931e-05
train/learning_rate,18850.0,7.939775241538882e-05
train/learning_rate,18900.0,7.929430285003036e-05
train/learning_rate,18950.0,7.919066410977393e-05
train/learning_rate,19000.0,7.908683619461954e-05
train/learning_rate,19050.0,7.89828336564824e-05
train/learning_rate,19100.0,7.887863466748968e-05
train/learning_rate,19150.0,7.877426105551422e-05
train/learning_rate,19200.0,7.866969826864079e-05
train/learning_rate,19250.0,7.8564953582827e-05
train/learning_rate,19300.0,7.846003427403048e-05
train/learning_rate,19350.0,7.835492579033598e-05
train/learning_rate,19400.0,7.824964268365875e-05
train/learning_rate,19450.0,7.814417767804116e-05
train/learning_rate,19500.0,7.803853077348322e-05
train/learning_rate,19550.0,7.793270924594253e-05
train/learning_rate,19600.0,7.782671309541911e-05
train/learning_rate,19650.0,7.772053504595533e-05
train/learning_rate,19700.0,7.761418964946643e-05
train/learning_rate,19750.0,7.750766235403717e-05
train/learning_rate,19800.0,7.740096043562517e-05
train/learning_rate,19850.0,7.729408389423043e-05
train/learning_rate,19900.0,7.718704000581056e-05
train/learning_rate,19950.0,7.707982149440795e-05
train/learning_rate,20000.0,7.69724283600226e-05
train/learning_rate,20050.0,7.686486787861213e-05
train/learning_rate,20100.0,7.675714005017653e-05
train/learning_rate,20150.0,7.664923759875819e-05
train/learning_rate,20200.0,7.654116780031472e-05
train/learning_rate,20250.0,7.643293793080375e-05
train/learning_rate,20300.0,7.632453343831003e-05
train/learning_rate,20350.0,7.621596159879118e-05
train/learning_rate,20400.0,7.610722968820482e-05
train/learning_rate,20450.0,7.599833043059334e-05
train/learning_rate,20500.0,7.588927110191435e-05
train/learning_rate,20550.0,7.578004442621022e-05
train/learning_rate,20600.0,7.567065767943859e-05
train/learning_rate,20650.0,7.556111086159945e-05
train/learning_rate,20700.0,7.545139669673517e-05
train/learning_rate,20750.0,7.5341529736761e-05
train/learning_rate,20800.0,7.523150270571932e-05
train/learning_rate,20850.0,7.512131560361013e-05
train/learning_rate,20900.0,7.501096843043342e-05
train/learning_rate,20950.0,7.490046846214682e-05
train/learning_rate,21000.0,7.47898084227927e-05
train/learning_rate,21050.0,7.467899558832869e-05
train/learning_rate,21100.0,7.456802995875478e-05
train/learning_rate,21150.0,7.445691153407097e-05
train/learning_rate,21200.0,7.434563303831965e-05
train/learning_rate,21250.0,7.423420902341604e-05
train/learning_rate,21300.0,7.412263221340254e-05
train/learning_rate,21350.0,7.401090260827914e-05
train/learning_rate,21400.0,7.389902020804584e-05
train/learning_rate,21450.0,7.378699228866026e-05
train/learning_rate,21500.0,7.367481885012239e-05
train/learning_rate,21550.0,7.356249261647463e-05
train/learning_rate,21600.0,7.345002086367458e-05
train/learning_rate,21650.0,7.333740359172225e-05
train/learning_rate,21700.0,7.322464080061764e-05
train/learning_rate,21750.0,7.311173976631835e-05
train/learning_rate,21800.0,7.299868593690917e-05
train/learning_rate,21850.0,7.288549386430532e-05
train/learning_rate,21900.0,7.277215627254918e-05
train/learning_rate,21950.0,7.265868043759838e-05
train/learning_rate,22000.0,7.25450663594529e-05
train/learning_rate,22050.0,7.243130676215515e-05
train/learning_rate,22100.0,7.231741619762033e-05
train/learning_rate,22150.0,7.220338011393324e-05
train/learning_rate,22200.0,7.208921306300908e-05
train/learning_rate,22250.0,7.197490049293265e-05
train/learning_rate,22300.0,7.186045695561916e-05
train/learning_rate,22350.0,7.174588245106861e-05
train/learning_rate,22400.0,7.16311697033234e-05
train/learning_rate,22450.0,7.151632598834112e-05
train/learning_rate,22500.0,7.140134403016418e-05
train/learning_rate,22550.0,7.12862383807078e-05
train/learning_rate,22600.0,7.117099448805675e-05
train/learning_rate,22650.0,7.105562690412626e-05
train/learning_rate,22700.0,7.09401210770011e-05
train/learning_rate,22750.0,7.08244988345541e-05
train/learning_rate,22800.0,7.070873834891245e-05
train/learning_rate,22850.0,7.059285417199135e-05
train/learning_rate,22900.0,7.047684630379081e-05
train/learning_rate,22950.0,7.036071474431083e-05
train/learning_rate,23000.0,7.024445221759379e-05
train/learning_rate,23050.0,7.012806599959731e-05
train/learning_rate,23100.0,7.0011563366279e-05
train/learning_rate,23150.0,6.989493704168126e-05
train/learning_rate,23200.0,6.977818702580407e-05
train/learning_rate,23250.0,6.966132059460506e-05
train/learning_rate,23300.0,6.95443304721266e-05
train/learning_rate,23350.0,6.942722393432632e-05
train/learning_rate,23400.0,6.93099937052466e-05
train/learning_rate,23450.0,6.919265433680266e-05
train/learning_rate,23500.0,6.907519127707928e-05
train/learning_rate,23550.0,6.89576190779917e-05
train/learning_rate,23600.0,6.883993046358228e-05
train/learning_rate,23650.0,6.872212543385103e-05
train/learning_rate,23700.0,6.860421126475558e-05
train/learning_rate,23750.0,6.84861806803383e-05
train/learning_rate,23800.0,6.83680409565568e-05
train/learning_rate,23850.0,6.824979209341109e-05
train/learning_rate,23900.0,6.813142681494355e-05
train/learning_rate,23950.0,6.801295967306942e-05
train/learning_rate,24000.0,6.789438339183107e-05
train/learning_rate,24050.0,6.777569797122851e-05
train/learning_rate,24100.0,6.765690341126174e-05
train/learning_rate,24150.0,6.753800698788837e-05
train/learning_rate,24200.0,6.74190087011084e-05
train/learning_rate,24250.0,6.729990127496421e-05
train/learning_rate,24300.0,6.718069198541343e-05
train/learning_rate,24350.0,6.706138083245605e-05
train/learning_rate,24400.0,6.694196781609207e-05
train/learning_rate,24450.0,6.68224529363215e-05
train/learning_rate,24500.0,6.670284346910194e-05
train/learning_rate,24550.0,6.658313213847578e-05
train/learning_rate,24600.0,6.646331894444302e-05
train/learning_rate,24650.0,6.634341116296127e-05
train/learning_rate,24700.0,6.622340879403055e-05
train/learning_rate,24750.0,6.610331183765084e-05
train/learning_rate,24800.0,6.598311301786453e-05
train/learning_rate,24850.0,6.586282688658684e-05
train/learning_rate,24900.0,6.574244616786018e-05
train/learning_rate,24950.0,6.562197086168453e-05
train/learning_rate,25000.0,6.55014009680599e-05
train/learning_rate,25050.0,6.538075103890151e-05
train/learning_rate,25100.0,6.525999924633652e-05
train/learning_rate,25150.0,6.513916741823778e-05
train/learning_rate,25200.0,6.501824827864766e-05
train/learning_rate,25250.0,6.489723455160856e-05
train/learning_rate,25300.0,6.477614078903571e-05
train/learning_rate,25350.0,6.465495971497148e-05
train/learning_rate,25400.0,6.453369132941589e-05
train/learning_rate,25450.0,6.441233563236892e-05
train/learning_rate,25500.0,6.429090717574582e-05
train/learning_rate,25550.0,6.416939140763134e-05
train/learning_rate,25600.0,6.40477956039831e-05
train/learning_rate,25650.0,6.39261124888435e-05
train/learning_rate,25700.0,6.380435661412776e-05
train/learning_rate,25750.0,6.368252070387825e-05
train/learning_rate,25800.0,6.3560604758095e-05
train/learning_rate,25850.0,6.34386160527356e-05
train/learning_rate,25900.0,6.331654731184244e-05
train/learning_rate,25950.0,6.319440581137314e-05
train/learning_rate,26000.0,6.30721915513277e-05
train/learning_rate,26050.0,6.294989725574851e-05
train/learning_rate,26100.0,6.282753747655079e-05
train/learning_rate,26150.0,6.270509766181931e-05
train/learning_rate,26200.0,6.25825923634693e-05
train/learning_rate,26250.0,6.246001430554315e-05
train/learning_rate,26300.0,6.233737076399848e-05
train/learning_rate,26350.0,6.221465446287766e-05
train/learning_rate,26400.0,6.209187267813832e-05
train/learning_rate,26450.0,6.196901813382283e-05
train/learning_rate,26500.0,6.184610538184643e-05
train/learning_rate,26550.0,6.17231271462515e-05
train/learning_rate,26600.0,6.160007615108043e-05
train/learning_rate,26650.0,6.147697422420606e-05
train/learning_rate,26700.0,6.135379953775555e-05
train/learning_rate,26750.0,6.123056664364412e-05
train/learning_rate,26800.0,6.110727554187179e-05
train/learning_rate,26850.0,6.098391895648092e-05
train/learning_rate,26900.0,6.086050780140795e-05
train/learning_rate,26950.0,6.0737034800695255e-05
train/learning_rate,27000.0,6.0613507230300456e-05
train/learning_rate,27050.0,6.0489921452244744e-05
train/learning_rate,27100.0,6.0366281104506925e-05
train/learning_rate,27150.0,6.0242586187087e-05
train/learning_rate,27200.0,6.011883669998497e-05
train/learning_rate,27250.0,5.999503628117964e-05
train/learning_rate,27300.0,5.98711812926922e-05
train/learning_rate,27350.0,5.974727537250146e-05
train/learning_rate,27400.0,5.962331852060743e-05
train/learning_rate,27450.0,5.949931073701009e-05
train/learning_rate,27500.0,5.9375255659688264e-05
train/learning_rate,27550.0,5.9251153288641945e-05
train/learning_rate,27600.0,5.912700362387113e-05
train/learning_rate,27650.0,5.900280666537583e-05
train/learning_rate,27700.0,5.887856605113484e-05
train/learning_rate,27750.0,5.875427814316936e-05
train/learning_rate,27800.0,5.8629950217437e-05
train/learning_rate,27850.0,5.8505578635958955e-05
train/learning_rate,27900.0,5.8381163398735225e-05
train/learning_rate,27950.0,5.825670814374462e-05
train/learning_rate,28000.0,5.813221287098713e-05
train/learning_rate,28050.0,5.800767758046277e-05
train/learning_rate,28100.0,5.7883105910150334e-05
train/learning_rate,28150.0,5.775849422207102e-05
train/learning_rate,28200.0,5.763384615420364e-05
train/learning_rate,28250.0,5.750916534452699e-05
train/learning_rate,28300.0,5.738444815506227e-05
train/learning_rate,28350.0,5.7259694585809484e-05
train/learning_rate,28400.0,5.713491191272624e-05
train/learning_rate,28450.0,5.701009285985492e-05
train/learning_rate,28500.0,5.688524470315315e-05
train/learning_rate,28550.0,5.676036380464211e-05
train/learning_rate,28600.0,5.6635457440279424e-05
train/learning_rate,28650.0,5.6510518334107473e-05
train/learning_rate,28700.0,5.638555376208387e-05
train/learning_rate,28750.0,5.6260560086229816e-05
train/learning_rate,28800.0,5.613554094452411e-05
train/learning_rate,28850.0,5.601049633696675e-05
train/learning_rate,28900.0,5.588542626355775e-05
train/learning_rate,28950.0,5.57603343622759e-05
train/learning_rate,29000.0,5.563522063312121e-05
train/learning_rate,29050.0,5.551008143811487e-05
train/learning_rate,29100.0,5.538492405321449e-05
train/learning_rate,29150.0,5.525974484044127e-05
train/learning_rate,29200.0,5.513454743777402e-05
train/learning_rate,29250.0,5.500933184521273e-05
train/learning_rate,29300.0,5.488410170073621e-05
train/learning_rate,29350.0,5.475884972838685e-05
train/learning_rate,29400.0,5.463358320412226e-05
train/learning_rate,29450.0,5.450830576592125e-05
train/learning_rate,29500.0,5.4383010137826204e-05
train/learning_rate,29550.0,5.425770359579474e-05
train/learning_rate,29600.0,5.413238250184804e-05
train/learning_rate,29650.0,5.4007050493964925e-05
train/learning_rate,29700.0,5.3881711210124195e-05
train/learning_rate,29750.0,5.3756357374368235e-05
train/learning_rate,29800.0,5.363099990063347e-05
train/learning_rate,29850.0,5.350563151296228e-05
train/learning_rate,29900.0,5.338025584933348e-05
train/learning_rate,29950.0,5.3254872909747064e-05
train/learning_rate,30000.0,5.312948633218184e-05
train/learning_rate,30050.0,5.300409611663781e-05
train/learning_rate,30100.0,5.2878702263114974e-05
train/learning_rate,30150.0,5.275330477161333e-05
train/learning_rate,30200.0,5.2627907280111685e-05
train/learning_rate,30250.0,5.250250978861004e-05
train/learning_rate,30300.0,5.237710865912959e-05
train/learning_rate,30350.0,5.2251711167627946e-05
train/learning_rate,30400.0,5.21263136761263e-05
train/learning_rate,30450.0,5.2000919822603464e-05
train/learning_rate,30500.0,5.187552596908063e-05
train/learning_rate,30550.0,5.1750139391515404e-05
train/learning_rate,30600.0,5.1624760089907795e-05
train/learning_rate,30650.0,5.1499384426278993e-05
train/learning_rate,30700.0,5.1374016038607806e-05
train/learning_rate,30750.0,5.124865492689423e-05
train/learning_rate,30800.0,5.112330472911708e-05
train/learning_rate,30850.0,5.099796180729754e-05
train/learning_rate,30900.0,5.0872629799414426e-05
train/learning_rate,30950.0,5.074730870546773e-05
train/learning_rate,31000.0,5.0622002163436264e-05
train/learning_rate,31050.0,5.049670653534122e-05
train/learning_rate,31100.0,5.03714254591614e-05
train/learning_rate,31150.0,5.024615893489681e-05
train/learning_rate,31200.0,5.012091060052626e-05
train/learning_rate,31250.0,4.999567681807093e-05
train/learning_rate,31300.0,4.9870457587530836e-05
train/learning_rate,31350.0,4.974526018486358e-05
train/learning_rate,31400.0,4.9620080972090364e-05
train/learning_rate,31450.0,4.949492358718999e-05
train/learning_rate,31500.0,4.9369784392183647e-05
train/learning_rate,31550.0,4.9244670663028955e-05
train/learning_rate,31600.0,4.91195751237683e-05
train/learning_rate,31650.0,4.8994505050359294e-05
train/learning_rate,31700.0,4.886946044280194e-05
train/learning_rate,31750.0,4.874444130109623e-05
train/learning_rate,31800.0,4.8619447625242174e-05
train/learning_rate,31850.0,4.8494479415239766e-05
train/learning_rate,31900.0,4.8369540309067816e-05
train/learning_rate,31950.0,4.824463030672632e-05
train/learning_rate,32000.0,4.8119749408215284e-05
train/learning_rate,32050.0,4.799490125151351e-05
train/learning_rate,32100.0,4.7870082198642194e-05
train/learning_rate,32150.0,4.774529588758014e-05
train/learning_rate,32200.0,4.762054231832735e-05
train/learning_rate,32250.0,4.749582149088383e-05
train/learning_rate,32300.0,4.737113704322837e-05
train/learning_rate,32350.0,4.724648897536099e-05
train/learning_rate,32400.0,4.712187728728168e-05
train/learning_rate,32450.0,4.699730561696924e-05
train/learning_rate,32500.0,4.687276668846607e-05
train/learning_rate,32550.0,4.6748271415708587e-05
train/learning_rate,32600.0,4.662381252273917e-05
train/learning_rate,32650.0,4.649939728551544e-05
train/learning_rate,32700.0,4.63750257040374e-05
train/learning_rate,32750.0,4.625069414032623e-05
train/learning_rate,32800.0,4.612640623236075e-05
train/learning_rate,32850.0,4.6002161980140954e-05
train/learning_rate,32900.0,4.587796502164565e-05
train/learning_rate,32950.0,4.575381171889603e-05
train/learning_rate,33000.0,4.5629705709870905e-05
train/learning_rate,33050.0,4.550565063254908e-05
train/learning_rate,33100.0,4.538164284895174e-05
train/learning_rate,33150.0,4.52576823590789e-05
train/learning_rate,33200.0,4.513377643888816e-05
train/learning_rate,33250.0,4.500991781242192e-05
train/learning_rate,33300.0,4.488611375563778e-05
train/learning_rate,33350.0,4.476236063055694e-05
train/learning_rate,33400.0,4.4638665713137016e-05
train/learning_rate,33450.0,4.451502172742039e-05
train/learning_rate,33500.0,4.439143594936468e-05
train/learning_rate,33550.0,4.426790474099107e-05
train/learning_rate,33600.0,4.414443174027838e-05
train/learning_rate,33650.0,4.40210169472266e-05
train/learning_rate,33700.0,4.389766036183573e-05
train/learning_rate,33750.0,4.377436198410578e-05
train/learning_rate,33800.0,4.3651129089994356e-05
train/learning_rate,33850.0,4.3527954403543845e-05
train/learning_rate,33900.0,4.340484520071186e-05
train/learning_rate,33950.0,4.328179420554079e-05
train/learning_rate,34000.0,4.3158812331967056e-05
train/learning_rate,34050.0,4.303589594201185e-05
train/learning_rate,34100.0,4.291304139769636e-05
train/learning_rate,34150.0,4.279025597497821e-05
train/learning_rate,34200.0,4.266753967385739e-05
train/learning_rate,34250.0,4.25448888563551e-05
train/learning_rate,34300.0,4.242231079842895e-05
train/learning_rate,34350.0,4.229979822412133e-05
train/learning_rate,34400.0,4.217736204736866e-05
train/learning_rate,34450.0,4.2054994992213324e-05
train/learning_rate,34500.0,4.193270069663413e-05
train/learning_rate,34550.0,4.1810479160631076e-05
train/learning_rate,34600.0,4.168833402218297e-05
train/learning_rate,34650.0,4.1566265281289816e-05
train/learning_rate,34700.0,4.14442692999728e-05
train/learning_rate,34750.0,4.1322353354189545e-05
train/learning_rate,34800.0,4.1200513805961236e-05
train/learning_rate,34850.0,4.1078754293266684e-05
train/learning_rate,34900.0,4.095707117812708e-05
train/learning_rate,34950.0,4.083547173650004e-05
train/learning_rate,35000.0,4.0713952330406755e-05
train/learning_rate,35050.0,4.0592516597826034e-05
train/learning_rate,35100.0,4.047116090077907e-05
train/learning_rate,35150.0,4.034989251522347e-05
train/learning_rate,35200.0,4.022870780318044e-05
train/learning_rate,35250.0,4.010760676464997e-05
train/learning_rate,35300.0,3.9986593037610874e-05
train/learning_rate,35350.0,3.9865666622063145e-05
train/learning_rate,35400.0,3.974482751800679e-05
train/learning_rate,35450.0,3.9624079363420606e-05
train/learning_rate,35500.0,3.9503418520325795e-05
train/learning_rate,35550.0,3.938285226467997e-05
train/learning_rate,35600.0,3.926237332052551e-05
train/learning_rate,35650.0,3.914198896382004e-05
train/learning_rate,35700.0,3.9021695556584746e-05
train/learning_rate,35750.0,3.8901496736798435e-05
train/learning_rate,35800.0,3.878139250446111e-05
train/learning_rate,35850.0,3.8661386497551575e-05
train/learning_rate,35900.0,3.8541475078091025e-05
train/learning_rate,35950.0,3.842166188405827e-05
train/learning_rate,36000.0,3.830194327747449e-05
train/learning_rate,36050.0,3.818232653429732e-05
train/learning_rate,36100.0,3.806281165452674e-05
train/learning_rate,36150.0,3.7943395000183955e-05
train/learning_rate,36200.0,3.782407657126896e-05
train/learning_rate,36250.0,3.770486364373937e-05
train/learning_rate,36300.0,3.758575621759519e-05
train/learning_rate,36350.0,3.7466750654857606e-05
train/learning_rate,36400.0,3.734784695552662e-05
train/learning_rate,36450.0,3.722905239555985e-05
train/learning_rate,36500.0,3.711036333697848e-05
train/learning_rate,36550.0,3.6991783417761326e-05
train/learning_rate,36600.0,3.687330899992958e-05
train/learning_rate,36650.0,3.675494372146204e-05
train/learning_rate,36700.0,3.663668758235872e-05
train/learning_rate,36750.0,3.6518544220598415e-05
train/learning_rate,36800.0,3.6400509998202324e-05
train/learning_rate,36850.0,3.628258855314925e-05
train/learning_rate,36900.0,3.61647798854392e-05
train/learning_rate,36950.0,3.604708763305098e-05
train/learning_rate,37000.0,3.5929508158005774e-05
train/learning_rate,37050.0,3.58120450982824e-05
train/learning_rate,37100.0,3.569469481590204e-05
train/learning_rate,37150.0,3.5577464586822316e-05
train/learning_rate,37200.0,3.546035441104323e-05
train/learning_rate,37250.0,3.5343360650585964e-05
train/learning_rate,37300.0,3.5226486943429336e-05
train/learning_rate,37350.0,3.510973328957334e-05
train/learning_rate,37400.0,3.499309968901798e-05
train/learning_rate,37450.0,3.487658977974206e-05
train/learning_rate,37500.0,3.476019992376678e-05
train/learning_rate,37550.0,3.464393739704974e-05
train/learning_rate,37600.0,3.452779492363334e-05
train/learning_rate,37650.0,3.441178341745399e-05
train/learning_rate,37700.0,3.429589560255408e-05
train/learning_rate,37750.0,3.418013147893362e-05
train/learning_rate,37800.0,3.406449832255021e-05
train/learning_rate,37850.0,3.3948992495425045e-05
train/learning_rate,37900.0,3.383361763553694e-05
train/learning_rate,37950.0,3.371837010490708e-05
train/learning_rate,38000.0,3.3603257179493085e-05
train/learning_rate,38050.0,3.348827158333734e-05
train/learning_rate,38100.0,3.337342059239745e-05
train/learning_rate,38150.0,3.325870420667343e-05
train/learning_rate,38200.0,3.314412242616527e-05
train/learning_rate,38250.0,3.302967161289416e-05
train/learning_rate,38300.0,3.291535904281773e-05
train/learning_rate,38350.0,3.280118471593596e-05
train/learning_rate,38400.0,3.2687144994270056e-05
train/learning_rate,38450.0,3.257324351579882e-05
train/learning_rate,38500.0,3.245948028052226e-05
train/learning_rate,38550.0,3.234585892641917e-05
train/learning_rate,38600.0,3.223237581551075e-05
train/learning_rate,38650.0,3.2119038223754615e-05
train/learning_rate,38700.0,3.200583887519315e-05
train/learning_rate,38750.0,3.189278140780516e-05
train/learning_rate,38800.0,3.1779869459569454e-05
train/learning_rate,38850.0,3.166710303048603e-05
train/learning_rate,38900.0,3.155447848257609e-05
train/learning_rate,38950.0,3.144200309179723e-05
train/learning_rate,39000.0,3.132967322017066e-05
train/learning_rate,39050.0,3.121749250567518e-05
train/learning_rate,39100.0,3.1105457310331985e-05
train/learning_rate,39150.0,3.099357127211988e-05
train/learning_rate,39200.0,3.088183802901767e-05
train/learning_rate,39250.0,3.0770253943046555e-05
train/learning_rate,39300.0,3.065881901420653e-05
train/learning_rate,39350.0,3.054754051845521e-05
train/learning_rate,39400.0,3.0436411179834977e-05
train/learning_rate,39450.0,3.032543827430345e-05
train/learning_rate,39500.0,3.0214618163881823e-05
train/learning_rate,39550.0,3.01039544865489e-05
train/learning_rate,39600.0,2.9993447242304683e-05
train/learning_rate,39650.0,2.988309643114917e-05
train/learning_rate,39700.0,2.9772902053082362e-05
train/learning_rate,39750.0,2.9662867746083066e-05
train/learning_rate,39800.0,2.955299169116188e-05
train/learning_rate,39850.0,2.9443275707308203e-05
train/learning_rate,39900.0,2.9333721613511443e-05
train/learning_rate,39950.0,2.9224327590782195e-05
train/learning_rate,40000.0,2.9115095458109863e-05
train/learning_rate,40050.0,2.900602703448385e-05
train/learning_rate,40100.0,2.8897122319904156e-05
train/learning_rate,40150.0,2.878838131437078e-05
train/learning_rate,40200.0,2.8679807655862533e-05
train/learning_rate,40250.0,2.8571397706400603e-05
train/learning_rate,40300.0,2.84631551039638e-05
train/learning_rate,40350.0,2.8355081667541526e-05
train/learning_rate,40400.0,2.824717557814438e-05
train/learning_rate,40450.0,2.8139436835772358e-05
train/learning_rate,40500.0,2.803186907840427e-05
train/learning_rate,40550.0,2.7924472306040116e-05
train/learning_rate,40600.0,2.7817246518679895e-05
train/learning_rate,40650.0,2.771019353531301e-05
train/learning_rate,40700.0,2.760331153695006e-05
train/learning_rate,40750.0,2.749660416156985e-05
train/learning_rate,40800.0,2.739007140917238e-05
train/learning_rate,40850.0,2.728371327975765e-05
train/learning_rate,40900.0,2.7177531592315063e-05
train/learning_rate,40950.0,2.7071524527855217e-05
train/learning_rate,41000.0,2.696569572435692e-05
train/learning_rate,41050.0,2.686004518182017e-05
train/learning_rate,41100.0,2.6754572900244966e-05
train/learning_rate,41150.0,2.6649280698620714e-05
train/learning_rate,41200.0,2.6544168576947413e-05
train/learning_rate,41250.0,2.6439236535225064e-05
train/learning_rate,41300.0,2.633448639244307e-05
train/learning_rate,41350.0,2.6229918148601428e-05
train/learning_rate,41400.0,2.6125533622689545e-05
train/learning_rate,41450.0,2.6021334633696824e-05
train/learning_rate,41500.0,2.5917317543644458e-05
train/learning_rate,41550.0,2.5813485990511253e-05
train/learning_rate,41600.0,2.5709841793286614e-05
train/learning_rate,41650.0,2.5606383132981136e-05
train/learning_rate,41700.0,2.5503113647573628e-05
train/learning_rate,41750.0,2.540002969908528e-05
train/learning_rate,41800.0,2.5297136744484305e-05
train/learning_rate,41850.0,2.51944329647813e-05
train/learning_rate,41900.0,2.5091918359976262e-05
train/learning_rate,41950.0,2.4989596568048e-05
train/learning_rate,42000.0,2.488746577000711e-05
train/learning_rate,42050.0,2.4785525965853594e-05
train/learning_rate,42100.0,2.4683780793566257e-05
train/learning_rate,42150.0,2.45822302531451e-05
train/learning_rate,42200.0,2.4480872525600716e-05
train/learning_rate,42250.0,2.4379711248911917e-05
train/learning_rate,42300.0,2.4278744604089297e-05
train/learning_rate,42350.0,2.4177976229111664e-05
train/learning_rate,42400.0,2.4077404304989614e-05
train/learning_rate,42450.0,2.397703065071255e-05
train/learning_rate,42500.0,2.3876857085269876e-05
train/learning_rate,42550.0,2.377688178967219e-05
train/learning_rate,42600.0,2.367710658290889e-05
train/learning_rate,42650.0,2.3577531464979984e-05
train/learning_rate,42700.0,2.347815825487487e-05
train/learning_rate,42750.0,2.3378988771582954e-05
train/learning_rate,42800.0,2.328002119611483e-05
train/learning_rate,42850.0,2.3181257347459905e-05
train/learning_rate,42900.0,2.308269904460758e-05
train/learning_rate,42950.0,2.2984344468568452e-05
train/learning_rate,43000.0,2.2886195438331924e-05
train/learning_rate,43050.0,2.27882537728874e-05
train/learning_rate,43100.0,2.269051765324548e-05
train/learning_rate,43150.0,2.2592990717384964e-05
train/learning_rate,43200.0,2.2495671146316454e-05
train/learning_rate,43250.0,2.239856075902935e-05
train/learning_rate,43300.0,2.230166137451306e-05
train/learning_rate,43350.0,2.2204971173778176e-05
train/learning_rate,43400.0,2.2108493794803508e-05
train/learning_rate,43450.0,2.201222741859965e-05
train/learning_rate,43500.0,2.1916172045166604e-05
train/learning_rate,43550.0,2.1820331312483177e-05
train/learning_rate,43600.0,2.1724705220549367e-05
train/learning_rate,43650.0,2.1629291950375773e-05
train/learning_rate,43700.0,2.15340951399412e-05
train/learning_rate,43750.0,2.1439112970256247e-05
train/learning_rate,43800.0,2.1344347260310315e-05
train/learning_rate,43850.0,2.1249799829092808e-05
train/learning_rate,43900.0,2.1155468857614323e-05
train/learning_rate,43950.0,2.1061357983853668e-05
train/learning_rate,44000.0,2.0967463569832034e-05
train/learning_rate,44050.0,2.0873791072517633e-05
train/learning_rate,44100.0,2.078033867292106e-05
train/learning_rate,44150.0,2.0687108190031722e-05
train/learning_rate,44200.0,2.0594097804860212e-05
train/learning_rate,44250.0,2.0501311155385338e-05
train/learning_rate,44300.0,2.0408746422617696e-05
train/learning_rate,44350.0,2.031640542554669e-05
train/learning_rate,44400.0,2.022428816417232e-05
train/learning_rate,44450.0,2.0132398276473396e-05
train/learning_rate,44500.0,2.0040732124471106e-05
train/learning_rate,44550.0,1.9949291527154855e-05
train/learning_rate,44600.0,1.9858080122503452e-05
train/learning_rate,44650.0,1.9767094272538088e-05
train/learning_rate,44700.0,1.967633761523757e-05
train/learning_rate,44750.0,1.9585808331612498e-05
train/learning_rate,44800.0,1.9495510059641674e-05
train/learning_rate,44850.0,1.9405440980335698e-05
train/learning_rate,44900.0,1.931560291268397e-05
train/learning_rate,44950.0,1.9225995856686495e-05
train/learning_rate,45000.0,1.913661981234327e-05
train/learning_rate,45050.0,1.90474784176331e-05
train/learning_rate,45100.0,1.8958568034577183e-05
train/learning_rate,45150.0,1.8869892301154323e-05
train/learning_rate,45200.0,1.878145121736452e-05
train/learning_rate,45250.0,1.8693244783207774e-05
train/learning_rate,45300.0,1.860527481767349e-05
train/learning_rate,45350.0,1.8517539501772262e-05
train/learning_rate,45400.0,1.84300424734829e-05
train/learning_rate,45450.0,1.8342781913815998e-05
train/learning_rate,45500.0,1.8255761460750364e-05
train/learning_rate,45550.0,1.816897747630719e-05
train/learning_rate,45600.0,1.8082433598465286e-05
train/learning_rate,45650.0,1.7996128008235246e-05
train/learning_rate,45700.0,1.7910064343595877e-05
train/learning_rate,45750.0,1.782424260454718e-05
train/learning_rate,45800.0,1.773866097209975e-05
train/learning_rate,45850.0,1.7653323084232397e-05
train/learning_rate,45900.0,1.7568227121955715e-05
train/learning_rate,45950.0,1.7483374904259108e-05
train/learning_rate,46000.0,1.7398766431142576e-05
train/learning_rate,46050.0,1.731440170260612e-05
train/learning_rate,46100.0,1.7230284356628545e-05
train/learning_rate,46150.0,1.7146410755231045e-05
train/learning_rate,46200.0,1.7062784536392428e-05
train/learning_rate,46250.0,1.6979405700112693e-05
train/learning_rate,46300.0,1.689627424639184e-05
train/learning_rate,46350.0,1.681339017522987e-05
train/learning_rate,46400.0,1.6730755305616185e-05
train/learning_rate,46450.0,1.6648369637550786e-05
train/learning_rate,46500.0,1.6566234990023077e-05
train/learning_rate,46550.0,1.6484349544043653e-05
train/learning_rate,46600.0,1.6402715118601918e-05
train/learning_rate,46650.0,1.6321331713697873e-05
train/learning_rate,46700.0,1.624020114832092e-05
train/learning_rate,46750.0,1.615932342247106e-05
train/learning_rate,46800.0,1.6078698536148295e-05
train/learning_rate,46850.0,1.5998328308342025e-05
train/learning_rate,46900.0,1.591821273905225e-05
train/learning_rate,46950.0,1.5838351828278974e-05
train/learning_rate,47000.0,1.5758745576022193e-05
train/learning_rate,47050.0,1.5679395801271312e-05
train/learning_rate,47100.0,1.560030250402633e-05
train/learning_rate,47150.0,1.552146568428725e-05
train/learning_rate,47200.0,1.5442888980032876e-05
train/learning_rate,47250.0,1.5364568753284402e-05
train/learning_rate,47300.0,1.5286506823031232e-05
train/learning_rate,47350.0,1.520870591775747e-05
train/learning_rate,47400.0,1.5131163308979012e-05
train/learning_rate,47450.0,1.5053882634674665e-05
train/learning_rate,47500.0,1.4976862075855024e-05
train/learning_rate,47550.0,1.4900102542014793e-05
train/learning_rate,47600.0,1.4823605852143373e-05
train/learning_rate,47650.0,1.4747372006240766e-05
train/learning_rate,47700.0,1.4671401004306972e-05
train/learning_rate,47750.0,1.459569284634199e-05
train/learning_rate,47800.0,1.4520250260829926e-05
train/learning_rate,47850.0,1.4445071428781375e-05
train/learning_rate,47900.0,1.4370158169185743e-05
train/learning_rate,47950.0,1.4295510482043028e-05
train/learning_rate,48000.0,1.4221129276847932e-05
train/learning_rate,48050.0,1.4147014553600457e-05
train/learning_rate,48100.0,1.4073167221795302e-05
train/learning_rate,48150.0,1.3999587281432468e-05
train/learning_rate,48200.0,1.392627655150136e-05
train/learning_rate,48250.0,1.3853234122507274e-05
train/learning_rate,48300.0,1.3780460903944913e-05
train/learning_rate,48350.0,1.3707957805308979e-05
train/learning_rate,48400.0,1.3635725736094173e-05
train/learning_rate,48450.0,1.3563763786805794e-05
train/learning_rate,48500.0,1.3492072866938543e-05
train/learning_rate,48550.0,1.3420654795481823e-05
train/learning_rate,48600.0,1.3349507753446233e-05
train/learning_rate,48650.0,1.3278634469315875e-05
train/learning_rate,48700.0,1.3208034943090752e-05
train/learning_rate,48750.0,1.313770826527616e-05
train/learning_rate,48800.0,1.3067657164356206e-05
train/learning_rate,48850.0,1.2997879821341485e-05
train/learning_rate,48900.0,1.2928378055221401e-05
train/learning_rate,48950.0,1.2859151865995955e-05
train/learning_rate,49000.0,1.2790202163159847e-05
train/learning_rate,49050.0,1.272152985620778e-05
train/learning_rate,49100.0,1.2653134035645053e-05
train/learning_rate,49150.0,1.2585016520461068e-05
train/learning_rate,49200.0,1.2517176401161123e-05
train/learning_rate,49250.0,1.2449615496734623e-05
train/learning_rate,49300.0,1.2382333807181567e-05
train/learning_rate,49350.0,1.2315331332501955e-05
train/learning_rate,49400.0,1.224860898219049e-05
train/learning_rate,49450.0,1.218216675624717e-05
train/learning_rate,49500.0,1.21160064736614e-05
train/learning_rate,49550.0,1.2050127224938478e-05
train/learning_rate,49600.0,1.1984529919573106e-05
train/learning_rate,49650.0,1.1919214557565283e-05
train/learning_rate,49700.0,1.1854182957904413e-05
train/learning_rate,49750.0,1.1789434211095795e-05
train/learning_rate,49800.0,1.1724968317139428e-05
train/learning_rate,49850.0,1.1660788004519418e-05
train/learning_rate,49900.0,1.159689145424636e-05
train/learning_rate,49950.0,1.153328048530966e-05
train/learning_rate,50000.0,1.1469954188214615e-05
train/learning_rate,50050.0,1.1406914381950628e-05
train/learning_rate,50100.0,1.13441610665177e-05
train/learning_rate,50150.0,1.1281695151410531e-05
train/learning_rate,50200.0,1.1219515727134421e-05
train/learning_rate,50250.0,1.1157624612678774e-05
train/learning_rate,50300.0,1.1096020898548886e-05
train/learning_rate,50350.0,1.1034706403734162e-05
train/learning_rate,50400.0,1.09736802187399e-05
train/learning_rate,50450.0,1.0912944162555505e-05
train/learning_rate,50500.0,1.0852497325686272e-05
train/learning_rate,50550.0,1.0792340617626905e-05
train/learning_rate,50600.0,1.0732474947872106e-05
train/learning_rate,50650.0,1.0672900316421874e-05
train/learning_rate,50700.0,1.0613617632770911e-05
train/learning_rate,50750.0,1.0554626896919217e-05
train/learning_rate,50800.0,1.0495928108866792e-05
train/learning_rate,50850.0,1.0437522178108338e-05
train/learning_rate,50900.0,1.0379409104643855e-05
train/learning_rate,50950.0,1.0321589797968045e-05
train/learning_rate,51000.0,1.0264064258080907e-05
train/learning_rate,51050.0,1.0206833394477144e-05
train/learning_rate,51100.0,1.0149897207156755e-05
train/learning_rate,51150.0,1.0093256605614442e-05
train/learning_rate,51200.0,1.0036910680355504e-05
train/learning_rate,51250.0,9.980861250369344e-06
train/learning_rate,51300.0,9.925108315655962e-06
train/learning_rate,51350.0,9.869651876215357e-06
train/learning_rate,51400.0,9.814492841542233e-06
train/learning_rate,51450.0,9.759631211636588e-06
train/learning_rate,51500.0,9.705066986498423e-06
train/learning_rate,51550.0,9.65080107562244e-06
train/learning_rate,51600.0,9.596834388503339e-06
train/learning_rate,51650.0,9.54316601564642e-06
train/learning_rate,51700.0,9.489797776041087e-06
train/learning_rate,51750.0,9.436728760192636e-06
train/learning_rate,51800.0,9.383959877595771e-06
train/learning_rate,51850.0,9.331492037745193e-06
train/learning_rate,51900.0,9.2793243311462e-06
train/learning_rate,51950.0,9.227458576788194e-06
train/learning_rate,52000.0,9.175893865176477e-06
train/learning_rate,52050.0,9.124631105805747e-06
train/learning_rate,52100.0,9.073671208170708e-06
train/learning_rate,52150.0,9.023013262776658e-06
train/learning_rate,52200.0,8.972659088613e-06
train/learning_rate,52250.0,8.922607776185032e-06
train/learning_rate,52300.0,8.872860234987456e-06
train/learning_rate,52350.0,8.823416465020273e-06
train/learning_rate,52400.0,8.774277375778183e-06
train/learning_rate,52450.0,8.725442967261188e-06
train/learning_rate,52500.0,8.676914148963988e-06
train/learning_rate,52550.0,8.628690011391882e-06
train/learning_rate,52600.0,8.580772373534273e-06
train/learning_rate,52650.0,8.53316032589646e-06
train/learning_rate,52700.0,8.485854777973145e-06
train/learning_rate,52750.0,8.438855729764327e-06
train/learning_rate,52800.0,8.392164090764709e-06
train/learning_rate,52850.0,8.34577986097429e-06
train/learning_rate,52900.0,8.299703949887771e-06
train/learning_rate,52950.0,8.253935448010452e-06
train/learning_rate,53000.0,8.208475264837034e-06
train/learning_rate,53050.0,8.163323400367517e-06
train/learning_rate,53100.0,8.118481673591305e-06
train/learning_rate,53150.0,8.073948265518993e-06
train/learning_rate,53200.0,8.029724995139986e-06
train/learning_rate,53250.0,7.985811862454284e-06
train/learning_rate,53300.0,7.942207957967184e-06
train/learning_rate,53350.0,7.898915100668091e-06
train/learning_rate,53400.0,7.855933290557005e-06
train/learning_rate,53450.0,7.813263437128626e-06
train/learning_rate,53500.0,7.770903721393552e-06
train/learning_rate,53550.0,7.728855962341186e-06
train/learning_rate,53600.0,7.68712106946623e-06
train/learning_rate,53650.0,7.645698133273982e-06
train/learning_rate,53700.0,7.604587153764442e-06
train/learning_rate,53750.0,7.5637894951796625e-06
train/learning_rate,53800.0,7.523305157519644e-06
train/learning_rate,53850.0,7.4831341407843865e-06
train/learning_rate,53900.0,7.443276899721241e-06
train/learning_rate,53950.0,7.403733889077557e-06
train/learning_rate,54000.0,7.3645046541059855e-06
train/learning_rate,54050.0,7.325590559048578e-06
train/learning_rate,54100.0,7.286991149157984e-06
train/learning_rate,54150.0,7.2487068791815545e-06
train/learning_rate,54200.0,7.210737749119289e-06
train/learning_rate,54250.0,7.173084213718539e-06
train/learning_rate,54300.0,7.135747182474006e-06
train/learning_rate,54350.0,7.098725745890988e-06
train/learning_rate,54400.0,7.062020813464187e-06
train/learning_rate,54450.0,7.025632839940954e-06
train/learning_rate,54500.0,6.989561825321289e-06
train/learning_rate,54550.0,6.9538077696051914e-06
train/learning_rate,54600.0,6.918371127540013e-06
train/learning_rate,54650.0,6.883251899125753e-06
train/learning_rate,54700.0,6.848450993857114e-06
train/learning_rate,54750.0,6.813968411734095e-06
train/learning_rate,54800.0,6.7798041527566966e-06
train/learning_rate,54850.0,6.745958216924919e-06
train/learning_rate,54900.0,6.712431513733463e-06
train/learning_rate,54950.0,6.679223588434979e-06
train/learning_rate,55000.0,6.6463353505241685e-06
train/learning_rate,55050.0,6.61376634525368e-06
train/learning_rate,55100.0,6.581517482118215e-06
train/learning_rate,55150.0,6.549588761117775e-06
train/learning_rate,55200.0,6.517979727505008e-06
train/learning_rate,55250.0,6.486691745521966e-06
train/learning_rate,55300.0,6.455723905673949e-06
train/learning_rate,55350.0,6.4250775722030085e-06
train/learning_rate,55400.0,6.394751835614443e-06
train/learning_rate,55450.0,6.364747605402954e-06
train/learning_rate,55500.0,6.335065336315893e-06
train/learning_rate,55550.0,6.305704118858557e-06
train/learning_rate,55600.0,6.276665317273e-06
train/learning_rate,55650.0,6.247948476811871e-06
train/learning_rate,55700.0,6.21955405222252e-06
train/learning_rate,55750.0,6.191482498252299e-06
train/learning_rate,55800.0,6.163733360153856e-06
train/learning_rate,55850.0,6.136307092674542e-06
train/learning_rate,55900.0,6.109204150561709e-06
train/learning_rate,55950.0,6.082424533815356e-06
train/learning_rate,56000.0,6.055968242435483e-06
train/learning_rate,56050.0,6.029835731169442e-06
train/learning_rate,56100.0,6.004027000017231e-06
train/learning_rate,56150.0,5.978542503726203e-06
train/learning_rate,56200.0,5.953382242296357e-06
train/learning_rate,56250.0,5.9285462157276925e-06
train/learning_rate,56300.0,5.904034878767561e-06
train/learning_rate,56350.0,5.879848231415963e-06
train/learning_rate,56400.0,5.855986728420248e-06
train/learning_rate,56450.0,5.832449915033067e-06
train/learning_rate,56500.0,5.80923870074912e-06
train/learning_rate,56550.0,5.786352630821057e-06
train/learning_rate,56600.0,5.763792614743579e-06
train/learning_rate,56650.0,5.7415577430219855e-06
train/learning_rate,56700.0,5.7196489251509774e-06
train/learning_rate,56750.0,5.698066615877906e-06
train/learning_rate,56800.0,5.676809905708069e-06
train/learning_rate,56850.0,5.655879704136169e-06
train/learning_rate,56900.0,5.635276011162205e-06
train/learning_rate,56950.0,5.614999281533528e-06
train/learning_rate,57000.0,5.595048605755437e-06
train/learning_rate,57050.0,5.5754253480699845e-06
train/learning_rate,57100.0,5.556129053729819e-06
train/learning_rate,57150.0,5.537159722734941e-06
train/learning_rate,57200.0,5.518518264580052e-06
train/learning_rate,57250.0,5.500203769770451e-06
train/learning_rate,57300.0,5.482216693053488e-06
train/learning_rate,57350.0,5.4645579439238645e-06
train/learning_rate,57400.0,5.44722661288688e-06
train/learning_rate,57450.0,5.430223154689884e-06
train/learning_rate,57500.0,5.413547569332877e-06
train/learning_rate,57550.0,5.3972007663105614e-06
train/learning_rate,57600.0,5.381181836128235e-06
train/learning_rate,57650.0,5.365491233533248e-06
train/learning_rate,57700.0,5.350129413272953e-06
train/learning_rate,57750.0,5.335095920599997e-06
train/learning_rate,57800.0,5.320391210261732e-06
train/learning_rate,57850.0,5.3060152822581585e-06
train/learning_rate,57900.0,5.2919685913366266e-06
train/learning_rate,57950.0,5.2782506827497855e-06
train/learning_rate,58000.0,5.264862011244986e-06
train/learning_rate,58050.0,5.251802576822229e-06
train/learning_rate,58100.0,5.239072379481513e-06
train/learning_rate,58150.0,5.226671419222839e-06
train/learning_rate,58200.0,5.214600150793558e-06
train/learning_rate,58250.0,5.202858119446319e-06
train/learning_rate,58300.0,5.191445779928472e-06
train/learning_rate,58350.0,5.180363586987369e-06
train/learning_rate,58400.0,5.1696106311283074e-06
train/learning_rate,58450.0,5.15918782184599e-06
train/learning_rate,58500.0,5.1490951591404155e-06
train/learning_rate,58550.0,5.139332188264234e-06
train/learning_rate,58600.0,5.129899363964796e-06
train/learning_rate,58650.0,5.120797140989453e-06
train/learning_rate,58700.0,5.112024609843502e-06
train/learning_rate,58750.0,5.103582225274295e-06
train/learning_rate,58800.0,5.095470442029182e-06
train/learning_rate,58850.0,5.087689260108164e-06
train/learning_rate,58900.0,5.080238224763889e-06
train/learning_rate,58950.0,5.073117790743709e-06
train/learning_rate,59000.0,5.066327958047623e-06
train/learning_rate,59050.0,5.0598687266756315e-06
train/learning_rate,59100.0,5.053740096627735e-06
train/learning_rate,59150.0,5.047942067903932e-06
train/learning_rate,59200.0,5.042474640504224e-06
train/learning_rate,59250.0,5.037338269175962e-06
train/learning_rate,59300.0,5.0325324991717935e-06
train/learning_rate,59350.0,5.02805733049172e-06
train/learning_rate,59400.0,5.023913217883091e-06
train/learning_rate,59450.0,5.020100161345908e-06
train/learning_rate,59500.0,5.016618160880171e-06
train/learning_rate,59550.0,5.0134667617385276e-06
train/learning_rate,59600.0,5.01064641866833e-06
train/learning_rate,59650.0,5.008157131669577e-06
train/learning_rate,59700.0,5.005998445994919e-06
train/learning_rate,59750.0,5.004171271139057e-06
train/learning_rate,59800.0,5.002675152354641e-06
train/learning_rate,59850.0,5.001509634894319e-06
train/learning_rate,59900.0,5.000675628252793e-06
train/learning_rate,59950.0,5.000172222935362e-06
train/learning_rate,60000.0,4.999999873689376e-06
train/learning_rate,60050.0,4.999999873689376e-06
train/learning_rate,60100.0,9.999999747378752e-06
train/learning_rate,60150.0,1.4999999621068127e-05
train/learning_rate,60200.0,1.9999999494757503e-05
train/learning_rate,60250.0,2.499999936844688e-05
train/learning_rate,60300.0,2.9999999242136255e-05
train/learning_rate,60350.0,3.5000000934815034e-05
train/learning_rate,60400.0,3.9999998989515007e-05
train/learning_rate,60450.0,4.5000000682193786e-05
train/learning_rate,60500.0,4.999999873689376e-05
train/learning_rate,60550.0,4.999926022719592e-05
train/learning_rate,60600.0,4.999697921448387e-05
train/learning_rate,60650.0,4.999315569875762e-05
train/learning_rate,60700.0,4.9987793317995965e-05
train/learning_rate,60750.0,4.998089207219891e-05
train/learning_rate,60800.0,4.997244832338765e-05
train/learning_rate,60850.0,4.99624693475198e-05
train/learning_rate,60900.0,4.995094786863774e-05
train/learning_rate,60950.0,4.993788752472028e-05
train/learning_rate,61000.0,4.992329195374623e-05
train/learning_rate,61050.0,4.9907161155715585e-05
train/learning_rate,61100.0,4.988949513062835e-05
train/learning_rate,61150.0,4.987029387848452e-05
train/learning_rate,61200.0,4.98495610372629e-05
train/learning_rate,61250.0,4.98272966069635e-05
train/learning_rate,61300.0,4.9803500587586313e-05
train/learning_rate,61350.0,4.9778180255088955e-05
train/learning_rate,61400.0,4.975132833351381e-05
train/learning_rate,61450.0,4.97229557367973e-05
train/learning_rate,61500.0,4.969305882696062e-05
train/learning_rate,61550.0,4.966163760400377e-05
train/learning_rate,61600.0,4.9628699343884364e-05
train/learning_rate,61650.0,4.95942440466024e-05
train/learning_rate,61700.0,4.955827535013668e-05
train/learning_rate,61750.0,4.9520793254487216e-05
train/learning_rate,61800.0,4.948180139763281e-05
train/learning_rate,61850.0,4.9441299779573455e-05
train/learning_rate,61900.0,4.9399295676266775e-05
train/learning_rate,61950.0,4.9355789087712765e-05
train/learning_rate,62000.0,4.931078365189023e-05
train/learning_rate,62050.0,4.926427936879918e-05
train/learning_rate,62100.0,4.9216287152376026e-05
train/learning_rate,62150.0,4.916679972666316e-05
train/learning_rate,62200.0,4.9115828005596995e-05
train/learning_rate,62250.0,4.906336835119873e-05
train/learning_rate,62300.0,4.900943167740479e-05
train/learning_rate,62350.0,4.895401798421517e-05
train/learning_rate,62400.0,4.889713090960868e-05
train/learning_rate,62450.0,4.883877409156412e-05
train/learning_rate,62500.0,4.87789511680603e-05
train/learning_rate,62550.0,4.8717665777076036e-05
train/learning_rate,62600.0,4.865492519456893e-05
train/learning_rate,62650.0,4.859072942053899e-05
train/learning_rate,62700.0,4.852508209296502e-05
train/learning_rate,62750.0,4.8457990487804636e-05
train/learning_rate,62800.0,4.838946188101545e-05
train/learning_rate,62850.0,4.8319492634618655e-05
train/learning_rate,62900.0,4.8248090024571866e-05
train/learning_rate,62950.0,4.81752613268327e-05
train/learning_rate,63000.0,4.8101010179379955e-05
train/learning_rate,63050.0,4.8025343858171254e-05
train/learning_rate,63100.0,4.7948262363206595e-05
train/learning_rate,63150.0,4.7869769332464784e-05
train/learning_rate,63200.0,4.778987931786105e-05
train/learning_rate,63250.0,4.7708588681416586e-05
train/learning_rate,63300.0,4.7625904699089006e-05
train/learning_rate,63350.0,4.754183464683592e-05
train/learning_rate,63400.0,4.7456382162636146e-05
train/learning_rate,63450.0,4.7369558160426095e-05
train/learning_rate,63500.0,4.7281359002226964e-05
train/learning_rate,63550.0,4.719179560197517e-05
train/learning_rate,63600.0,4.710087523562834e-05
train/learning_rate,63650.0,4.700860154116526e-05
train/learning_rate,63700.0,4.691497815656476e-05
train/learning_rate,63750.0,4.682001599576324e-05
train/learning_rate,63800.0,4.6723718696739525e-05
train/learning_rate,63850.0,4.662609353545122e-05
train/learning_rate,63900.0,4.652714414987713e-05
train/learning_rate,63950.0,4.642688145395368e-05
train/learning_rate,64000.0,4.632530908565968e-05
train/learning_rate,64050.0,4.622243432095274e-05
train/learning_rate,64100.0,4.611826079781167e-05
train/learning_rate,64150.0,4.60128030681517e-05
train/learning_rate,64200.0,4.590605749399401e-05
train/learning_rate,64250.0,4.5798038627253845e-05
train/learning_rate,64300.0,4.568875374388881e-05
train/learning_rate,64350.0,4.5578206481877714e-05
train/learning_rate,64400.0,4.546640411717817e-05
train/learning_rate,64450.0,4.53533539257478e-05
train/learning_rate,64500.0,4.5239063183544204e-05
train/learning_rate,64550.0,4.512354280450381e-05
train/learning_rate,64600.0,4.500679642660543e-05
train/learning_rate,64650.0,4.4888834963785484e-05
train/learning_rate,64700.0,4.4769662054022774e-05
train/learning_rate,64750.0,4.4649288611253724e-05
train/learning_rate,64800.0,4.452771827345714e-05
train/learning_rate,64850.0,4.440496559254825e-05
train/learning_rate,64900.0,4.4281034206505865e-05
train/learning_rate,64950.0,4.4155931391287595e-05
train/learning_rate,65000.0,4.402966806082986e-05
train/learning_rate,65050.0,4.3902247853111476e-05
train/learning_rate,65100.0,4.377368532004766e-05
train/learning_rate,65150.0,4.3643987737596035e-05
train/learning_rate,65200.0,4.35131587437354e-05
train/learning_rate,65250.0,4.3381209252402186e-05
train/learning_rate,65300.0,4.3248146539554e-05
train/learning_rate,65350.0,4.311398515710607e-05
train/learning_rate,65400.0,4.29787251050584e-05
train/learning_rate,65450.0,4.2842384573305026e-05
train/learning_rate,65500.0,4.270496356184594e-05
train/learning_rate,65550.0,4.256647662259638e-05
train/learning_rate,65600.0,4.242692739353515e-05
train/learning_rate,65650.0,4.228633042657748e-05
train/learning_rate,65700.0,4.2144696635659784e-05
train/learning_rate,65750.0,4.200202602078207e-05
train/learning_rate,65800.0,4.185833677183837e-05
train/learning_rate,65850.0,4.171363252680749e-05
train/learning_rate,65900.0,4.156792783760466e-05
train/learning_rate,65950.0,4.1421226342208683e-05
train/learning_rate,66000.0,4.1273542592534795e-05
train/learning_rate,66050.0,4.11248802265618e-05
train/learning_rate,66100.0,4.097525743418373e-05
train/learning_rate,66150.0,4.082467421540059e-05
train/learning_rate,66200.0,4.0673148760106415e-05
train/learning_rate,66250.0,4.0520688344258815e-05
train/learning_rate,66300.0,4.036730024381541e-05
train/learning_rate,66350.0,4.021299537271261e-05
train/learning_rate,66400.0,4.005778464488685e-05
train/learning_rate,66450.0,3.9901678974274546e-05
train/learning_rate,66500.0,3.974468563683331e-05
train/learning_rate,66550.0,3.958681918447837e-05
train/learning_rate,66600.0,3.942808689316735e-05
train/learning_rate,66650.0,3.926849603885785e-05
train/learning_rate,66700.0,3.910806481144391e-05
train/learning_rate,66750.0,3.894679684890434e-05
train/learning_rate,66800.0,3.878470670315437e-05
train/learning_rate,66850.0,3.862180165015161e-05
train/learning_rate,66900.0,3.845809260383248e-05
train/learning_rate,66950.0,3.829359411611222e-05
train/learning_rate,67000.0,3.8128313462948427e-05
train/learning_rate,67050.0,3.796226155827753e-05
train/learning_rate,67100.0,3.7795449316035956e-05
train/learning_rate,67150.0,3.762788765016012e-05
train/learning_rate,67200.0,3.745959111256525e-05
train/learning_rate,67250.0,3.7290563341230154e-05
train/learning_rate,67300.0,3.712081888807006e-05
train/learning_rate,67350.0,3.69503723050002e-05
train/learning_rate,67400.0,3.6779230867978185e-05
train/learning_rate,67450.0,3.660740185296163e-05
train/learning_rate,67500.0,3.643490344984457e-05
train/learning_rate,67550.0,3.6261746572563425e-05
train/learning_rate,67600.0,3.608793849707581e-05
train/learning_rate,67650.0,3.591349013731815e-05
train/learning_rate,67700.0,3.573841604520567e-05
train/learning_rate,67750.0,3.556272713467479e-05
train/learning_rate,67800.0,3.538643431966193e-05
train/learning_rate,67850.0,3.520954487612471e-05
train/learning_rate,67900.0,3.503207699395716e-05
train/learning_rate,67950.0,3.485404158709571e-05
train/learning_rate,68000.0,3.4675442293519154e-05
train/learning_rate,68050.0,3.4496300941100344e-05
train/learning_rate,68100.0,3.4316621167818084e-05
train/learning_rate,68150.0,3.413642116356641e-05
train/learning_rate,68200.0,3.395570820430294e-05
train/learning_rate,68250.0,3.3774493203964084e-05
train/learning_rate,68300.0,3.359279435244389e-05
train/learning_rate,68350.0,3.341061528772116e-05
train/learning_rate,68400.0,3.322797056171112e-05
train/learning_rate,68450.0,3.3044874726329e-05
train/learning_rate,68500.0,3.286133869551122e-05
train/learning_rate,68550.0,3.267737338319421e-05
train/learning_rate,68600.0,3.2492993341293186e-05
train/learning_rate,68650.0,3.230820584576577e-05
train/learning_rate,68700.0,3.212302544852719e-05
train/learning_rate,68750.0,3.193746306351386e-05
train/learning_rate,68800.0,3.175152960466221e-05
train/learning_rate,68850.0,3.156524326186627e-05
train/learning_rate,68900.0,3.137861131108366e-05
train/learning_rate,68950.0,3.1191644666250795e-05
train/learning_rate,69000.0,3.100435787928291e-05
train/learning_rate,69050.0,3.081676550209522e-05
train/learning_rate,69100.0,3.062887481064536e-05
train/learning_rate,69150.0,3.0440698537859134e-05
train/learning_rate,69200.0,3.0252251235651784e-05
train/learning_rate,69250.0,3.0063543817959726e-05
train/learning_rate,69300.0,2.987459083669819e-05
train/learning_rate,69350.0,2.9685401386814192e-05
train/learning_rate,69400.0,2.949598820123356e-05
train/learning_rate,69450.0,2.9306365831871517e-05
train/learning_rate,69500.0,2.911654519266449e-05
train/learning_rate,69550.0,2.8926537197548896e-05
train/learning_rate,69600.0,2.8736356398439966e-05
train/learning_rate,69650.0,2.854601370927412e-05
train/learning_rate,69700.0,2.8355521862977184e-05
train/learning_rate,69750.0,2.8164895411464386e-05
train/learning_rate,69800.0,2.7974143449682742e-05
train/learning_rate,69850.0,2.778327871055808e-05
train/learning_rate,69900.0,2.7592315746005625e-05
train/learning_rate,69950.0,2.74012654699618e-05
train/learning_rate,70000.0,2.7210138796363026e-05
train/learning_rate,70050.0,2.7018952096113935e-05
train/learning_rate,70100.0,2.6827714464161545e-05
train/learning_rate,70150.0,2.663643863343168e-05
train/learning_rate,70200.0,2.644513915583957e-05
train/learning_rate,70250.0,2.6253826945321634e-05
train/learning_rate,70300.0,2.6062512915814295e-05
train/learning_rate,70350.0,2.587121161923278e-05
train/learning_rate,70400.0,2.5679935788502917e-05
train/learning_rate,70450.0,2.5488696337561123e-05
train/learning_rate,70500.0,2.529750781832263e-05
train/learning_rate,70550.0,2.510637932573445e-05
train/learning_rate,70600.0,2.491532541171182e-05
train/learning_rate,70650.0,2.4724358809180558e-05
train/learning_rate,70700.0,2.4533490432077087e-05
train/learning_rate,70750.0,2.4342733013327233e-05
train/learning_rate,70800.0,2.415209928585682e-05
train/learning_rate,70850.0,2.3961601982591674e-05
train/learning_rate,70900.0,2.3771253836457618e-05
train/learning_rate,70950.0,2.3581067580380477e-05
train/learning_rate,71000.0,2.339105230930727e-05
train/learning_rate,71050.0,2.3201222575153224e-05
train/learning_rate,71100.0,2.301159292983357e-05
train/learning_rate,71150.0,2.2822170649305917e-05
train/learning_rate,71200.0,2.2632972104474902e-05
train/learning_rate,71250.0,2.2444008209276944e-05
train/learning_rate,71300.0,2.225529169663787e-05
train/learning_rate,71350.0,2.2066833480494097e-05
train/learning_rate,71400.0,2.1878648112760857e-05
train/learning_rate,71450.0,2.1690744688385166e-05
train/learning_rate,71500.0,2.1503139578271657e-05
train/learning_rate,71550.0,2.1315840058377944e-05
train/learning_rate,71600.0,2.1128860680619255e-05
train/learning_rate,71650.0,2.0942215996910818e-05
train/learning_rate,71700.0,2.0755913283210248e-05
train/learning_rate,71750.0,2.0569968910422176e-05
train/learning_rate,71800.0,2.038439197349362e-05
train/learning_rate,71850.0,2.0199195205350406e-05
train/learning_rate,71900.0,2.0014391338918358e-05
train/learning_rate,71950.0,1.98299931071233e-05
train/learning_rate,72000.0,1.9646011423901655e-05
train/learning_rate,72050.0,1.9462457203189842e-05
train/learning_rate,72100.0,1.9279343177913688e-05
train/learning_rate,72150.0,1.9096682080999017e-05
train/learning_rate,72200.0,1.891448482638225e-05
train/learning_rate,72250.0,1.873276414698921e-05
train/learning_rate,72300.0,1.8551530956756324e-05
train/learning_rate,72350.0,1.837079798860941e-05
train/learning_rate,72400.0,1.8190576156484894e-05
train/learning_rate,72450.0,1.8010876374319196e-05
train/learning_rate,72500.0,1.783171137503814e-05
train/learning_rate,72550.0,1.765309389156755e-05
train/learning_rate,72600.0,1.7475033018854447e-05
train/learning_rate,72650.0,1.7297541489824653e-05
train/learning_rate,72700.0,1.7120632037403993e-05
train/learning_rate,72750.0,1.6944313756539486e-05
train/learning_rate,72800.0,1.6768599380156957e-05
train/learning_rate,72850.0,1.6593499822192825e-05
train/learning_rate,72900.0,1.6419027815572917e-05
train/learning_rate,72950.0,1.6245194274233654e-05
train/learning_rate,73000.0,1.6072008293122053e-05
train/learning_rate,73050.0,1.5899484424153343e-05
train/learning_rate,73100.0,1.572763176227454e-05
train/learning_rate,73150.0,1.555646122142207e-05
train/learning_rate,73200.0,1.5385983715532348e-05
train/learning_rate,73250.0,1.5216212887025904e-05
train/learning_rate,73300.0,1.5047156921355054e-05
train/learning_rate,73350.0,1.4878828551445622e-05
train/learning_rate,73400.0,1.4711237781739328e-05
train/learning_rate,73450.0,1.4544396435667295e-05
train/learning_rate,73500.0,1.437831360817654e-05
train/learning_rate,73550.0,1.421300203219289e-05
train/learning_rate,73600.0,1.404847080266336e-05
train/learning_rate,73650.0,1.3884731743019074e-05
train/learning_rate,73700.0,1.3721794857701752e-05
train/learning_rate,73750.0,1.3559671060647815e-05
train/learning_rate,73800.0,1.3398370356298983e-05
train/learning_rate,73850.0,1.3237903658591677e-05
train/learning_rate,73900.0,1.3078281881462317e-05
train/learning_rate,73950.0,1.2919514119857922e-05
train/learning_rate,74000.0,1.2761611287714913e-05
train/learning_rate,74050.0,1.2604584298969712e-05
train/learning_rate,74100.0,1.2448442248569336e-05
train/learning_rate,74150.0,1.2293196050450206e-05
train/learning_rate,74200.0,1.2138855709054042e-05
train/learning_rate,74250.0,1.1985430319327861e-05
train/learning_rate,74300.0,1.1832930795208085e-05
train/learning_rate,74350.0,1.1681367141136434e-05
train/learning_rate,74400.0,1.1530748452059925e-05
train/learning_rate,74450.0,1.1381084732420277e-05
train/learning_rate,74500.0,1.123238598665921e-05
train/learning_rate,74550.0,1.1084662219218444e-05
train/learning_rate,74600.0,1.0937922525044996e-05
train/learning_rate,74650.0,1.0792175999085885e-05
train/learning_rate,74700.0,1.0647431736288127e-05
train/learning_rate,74750.0,1.0503700650588144e-05
train/learning_rate,74800.0,1.0360991836932953e-05
train/learning_rate,74850.0,1.0219313480774872e-05
train/learning_rate,74900.0,1.0078675586555619e-05
train/learning_rate,74950.0,9.93908633972751e-06
train/learning_rate,75000.0,9.800556654226966e-06
train/learning_rate,75050.0,9.663093806011602e-06
train/learning_rate,75100.0,9.526706890028436e-06
train/learning_rate,75150.0,9.391405001224484e-06
train/learning_rate,75200.0,9.257197234546766e-06
train/learning_rate,75250.0,9.124092684942298e-06
train/learning_rate,75300.0,8.992098628368694e-06
train/learning_rate,75350.0,8.861225069267675e-06
train/learning_rate,75400.0,8.731479283596855e-06
train/learning_rate,75450.0,8.602871275797952e-06
train/learning_rate,75500.0,8.47540741233388e-06
train/learning_rate,75550.0,8.349096788151655e-06
train/learning_rate,75600.0,8.223948498198297e-06
train/learning_rate,75650.0,8.099968908936717e-06
train/learning_rate,75700.0,7.977168024808634e-06
train/learning_rate,75750.0,7.855552212276962e-06
train/learning_rate,75800.0,7.735130566288717e-06
train/learning_rate,75850.0,7.615909908054164e-06
train/learning_rate,75900.0,7.497898423025617e-06
train/learning_rate,75950.0,7.381103387160692e-06
train/learning_rate,76000.0,7.2655334406590555e-06
train/learning_rate,76050.0,7.151194949983619e-06
train/learning_rate,76100.0,7.0380956458393484e-06
train/learning_rate,76150.0,6.926243258931208e-06
train/learning_rate,76200.0,6.815644610469462e-06
train/learning_rate,76250.0,6.7063069764117245e-06
train/learning_rate,76300.0,6.598237632715609e-06
train/learning_rate,76350.0,6.491443400591379e-06
train/learning_rate,76400.0,6.385931555996649e-06
train/learning_rate,76450.0,6.28170801064698e-06
train/learning_rate,76500.0,6.178780949994689e-06
train/learning_rate,76550.0,6.077155831007985e-06
train/learning_rate,76600.0,5.976839474897133e-06
train/learning_rate,76650.0,5.877839157619746e-06
train/learning_rate,76700.0,5.780160336144036e-06
train/learning_rate,76750.0,5.683810286427615e-06
train/learning_rate,76800.0,5.588794010691345e-06
train/learning_rate,76850.0,5.4951187848928384e-06
train/learning_rate,76900.0,5.402790520747658e-06
train/learning_rate,76950.0,5.311814675224014e-06
train/learning_rate,77000.0,5.222197614784818e-06
train/learning_rate,77050.0,5.133945251145633e-06
train/learning_rate,77100.0,5.047063041274669e-06
train/learning_rate,77150.0,4.961556442140136e-06
train/learning_rate,77200.0,4.877430910710245e-06
train/learning_rate,77250.0,4.7946928134479094e-06
train/learning_rate,77300.0,4.713346697826637e-06
train/learning_rate,77350.0,4.633398020814639e-06
train/learning_rate,77400.0,4.554851784632774e-06
train/learning_rate,77450.0,4.477713900996605e-06
train/learning_rate,77500.0,4.401988462632289e-06
train/learning_rate,77550.0,4.3276804717606865e-06
train/learning_rate,77600.0,4.2547953853500076e-06
train/learning_rate,77650.0,4.18333729612641e-06
train/learning_rate,77700.0,4.113311206310755e-06
train/learning_rate,77750.0,4.044721208629198e-06
train/learning_rate,77800.0,3.977572305302601e-06
train/learning_rate,77850.0,3.911869043804472e-06
train/learning_rate,77900.0,3.847614607366268e-06
train/learning_rate,77950.0,3.7848142255825223e-06
train/learning_rate,78000.0,3.7234715364320436e-06
train/learning_rate,78050.0,3.663590405267314e-06
train/learning_rate,78100.0,3.6051749248144915e-06
train/learning_rate,78150.0,3.5482289604260586e-06
train/learning_rate,78200.0,3.492755922707147e-06
train/learning_rate,78250.0,3.438759677010239e-06
train/learning_rate,78300.0,3.3862436339404667e-06
train/learning_rate,78350.0,3.3352112041029613e-06
train/learning_rate,78400.0,3.2856655707291793e-06
train/learning_rate,78450.0,3.2376101444242522e-06
train/learning_rate,78500.0,3.191047881045961e-06
train/learning_rate,78550.0,3.1459819638257613e-06
train/learning_rate,78600.0,3.102415121247759e-06
train/learning_rate,78650.0,3.060350309169735e-06
train/learning_rate,78700.0,3.019790256075794e-06
train/learning_rate,78750.0,2.9807376904500416e-06
train/learning_rate,78800.0,2.9431948860292323e-06
train/learning_rate,78850.0,2.9071645712974714e-06
train/learning_rate,78900.0,2.872648792617838e-06
train/learning_rate,78950.0,2.8396500511007616e-06
train/learning_rate,79000.0,2.8081703931093216e-06
train/learning_rate,79050.0,2.7782116376329213e-06
train/learning_rate,79100.0,2.7497762857819907e-06
train/learning_rate,79150.0,2.722865474424907e-06
train/learning_rate,79200.0,2.6974814772984246e-06
train/learning_rate,79250.0,2.673625658644596e-06
train/learning_rate,79300.0,2.651299837452825e-06
train/learning_rate,79350.0,2.630505150591489e-06
train/learning_rate,79400.0,2.6112431896763155e-06
train/learning_rate,79450.0,2.593515091575682e-06
train/learning_rate,79500.0,2.5773222205316415e-06
train/learning_rate,79550.0,2.56266525866522e-06
train/learning_rate,79600.0,2.549545115471119e-06
train/learning_rate,79650.0,2.5379631551913917e-06
train/learning_rate,79700.0,2.5279198325733887e-06
train/learning_rate,79750.0,2.519415602364461e-06
train/learning_rate,79800.0,2.51245137405931e-06
train/learning_rate,79850.0,2.507027375031612e-06
train/learning_rate,79900.0,2.503144060028717e-06
train/learning_rate,79950.0,2.5008016564243007e-06
train/learning_rate,80000.0,2.500000391592039e-06
train/gradient_norm_before_clip,1.0,3.616401433944702
train/gradient_norm_before_clip,50.0,1.48512864112854
train/gradient_norm_before_clip,100.0,0.4275265336036682
train/gradient_norm_before_clip,150.0,0.24331961572170258
train/gradient_norm_before_clip,200.0,0.28614142537117004
train/gradient_norm_before_clip,250.0,0.32787150144577026
train/gradient_norm_before_clip,300.0,0.35235583782196045
train/gradient_norm_before_clip,350.0,0.23889568448066711
train/gradient_norm_before_clip,400.0,0.18371203541755676
train/gradient_norm_before_clip,450.0,0.9838894605636597
train/gradient_norm_before_clip,500.0,0.14248135685920715
train/gradient_norm_before_clip,550.0,0.33197131752967834
train/gradient_norm_before_clip,600.0,0.13747738301753998
train/gradient_norm_before_clip,650.0,0.2438274621963501
train/gradient_norm_before_clip,700.0,0.24456772208213806
train/gradient_norm_before_clip,750.0,0.1565130054950714
train/gradient_norm_before_clip,800.0,0.4101395606994629
train/gradient_norm_before_clip,850.0,0.31741735339164734
train/gradient_norm_before_clip,900.0,0.253721684217453
train/gradient_norm_before_clip,950.0,0.3302310109138489
train/gradient_norm_before_clip,1000.0,0.34337756037712097
train/gradient_norm_before_clip,1050.0,0.2120191901922226
train/gradient_norm_before_clip,1100.0,0.6230365037918091
train/gradient_norm_before_clip,1150.0,0.33255234360694885
train/gradient_norm_before_clip,1200.0,0.27261796593666077
train/gradient_norm_before_clip,1250.0,0.1809975951910019
train/gradient_norm_before_clip,1300.0,0.365296334028244
train/gradient_norm_before_clip,1350.0,0.25674793124198914
train/gradient_norm_before_clip,1400.0,0.4668181836605072
train/gradient_norm_before_clip,1450.0,0.27238303422927856
train/gradient_norm_before_clip,1500.0,0.11090098321437836
train/gradient_norm_before_clip,1550.0,0.1259266883134842
train/gradient_norm_before_clip,1600.0,0.09661158174276352
train/gradient_norm_before_clip,1650.0,0.12791648507118225
train/gradient_norm_before_clip,1700.0,0.07024102658033371
train/gradient_norm_before_clip,1750.0,0.2491331398487091
train/gradient_norm_before_clip,1800.0,0.24317090213298798
train/gradient_norm_before_clip,1850.0,0.32625970244407654
train/gradient_norm_before_clip,1900.0,0.2759019434452057
train/gradient_norm_before_clip,1950.0,0.18504159152507782
train/gradient_norm_before_clip,2000.0,0.3382277190685272
train/gradient_norm_before_clip,2050.0,0.2954345941543579
train/gradient_norm_before_clip,2100.0,0.5290094017982483
train/gradient_norm_before_clip,2150.0,0.18799282610416412
train/gradient_norm_before_clip,2200.0,0.10305172950029373
train/gradient_norm_before_clip,2250.0,0.22417154908180237
train/gradient_norm_before_clip,2300.0,0.23392638564109802
train/gradient_norm_before_clip,2350.0,0.1201634332537651
train/gradient_norm_before_clip,2400.0,0.29410746693611145
train/gradient_norm_before_clip,2450.0,0.10673308372497559
train/gradient_norm_before_clip,2500.0,0.2959398329257965
train/gradient_norm_before_clip,2550.0,0.49858471751213074
train/gradient_norm_before_clip,2600.0,0.19960345327854156
train/gradient_norm_before_clip,2650.0,0.42370983958244324
train/gradient_norm_before_clip,2700.0,0.12411250174045563
train/gradient_norm_before_clip,2750.0,0.2383364886045456
train/gradient_norm_before_clip,2800.0,0.12611603736877441
train/gradient_norm_before_clip,2850.0,0.3857153654098511
train/gradient_norm_before_clip,2900.0,0.282534122467041
train/gradient_norm_before_clip,2950.0,0.12884008884429932
train/gradient_norm_before_clip,3000.0,0.31396862864494324
train/gradient_norm_before_clip,3050.0,0.13111405074596405
train/gradient_norm_before_clip,3100.0,0.11104511469602585
train/gradient_norm_before_clip,3150.0,0.1905427873134613
train/gradient_norm_before_clip,3200.0,0.24718347191810608
train/gradient_norm_before_clip,3250.0,0.13812507688999176
train/gradient_norm_before_clip,3300.0,0.30049169063568115
train/gradient_norm_before_clip,3350.0,0.15796233713626862
train/gradient_norm_before_clip,3400.0,0.29721570014953613
train/gradient_norm_before_clip,3450.0,0.17963524162769318
train/gradient_norm_before_clip,3500.0,0.16531668603420258
train/gradient_norm_before_clip,3550.0,0.21545971930027008
train/gradient_norm_before_clip,3600.0,0.24779148399829865
train/gradient_norm_before_clip,3650.0,0.11528311669826508
train/gradient_norm_before_clip,3700.0,0.15365192294120789
train/gradient_norm_before_clip,3750.0,0.17118842899799347
train/gradient_norm_before_clip,3800.0,0.17446628212928772
train/gradient_norm_before_clip,3850.0,0.08089403808116913
train/gradient_norm_before_clip,3900.0,0.2023235559463501
train/gradient_norm_before_clip,3950.0,0.21707789599895477
train/gradient_norm_before_clip,4000.0,0.6068123579025269
train/gradient_norm_before_clip,4050.0,0.23661242425441742
train/gradient_norm_before_clip,4100.0,0.24262069165706635
train/gradient_norm_before_clip,4150.0,0.13687701523303986
train/gradient_norm_before_clip,4200.0,0.16166315972805023
train/gradient_norm_before_clip,4250.0,0.1229078620672226
train/gradient_norm_before_clip,4300.0,0.30486077070236206
train/gradient_norm_before_clip,4350.0,0.4194561839103699
train/gradient_norm_before_clip,4400.0,0.14696989953517914
train/gradient_norm_before_clip,4450.0,0.1408194899559021
train/gradient_norm_before_clip,4500.0,0.2549879252910614
train/gradient_norm_before_clip,4550.0,0.26494771242141724
train/gradient_norm_before_clip,4600.0,0.07527076452970505
train/gradient_norm_before_clip,4650.0,0.17203392088413239
train/gradient_norm_before_clip,4700.0,0.08342881500720978
train/gradient_norm_before_clip,4750.0,0.22757871448993683
train/gradient_norm_before_clip,4800.0,0.11601997911930084
train/gradient_norm_before_clip,4850.0,0.12041746079921722
train/gradient_norm_before_clip,4900.0,0.12396611273288727
train/gradient_norm_before_clip,4950.0,0.15774492919445038
train/gradient_norm_before_clip,5000.0,0.1363641917705536
train/gradient_norm_before_clip,5050.0,0.1508977711200714
train/gradient_norm_before_clip,5100.0,0.19942596554756165
train/gradient_norm_before_clip,5150.0,0.23845027387142181
train/gradient_norm_before_clip,5200.0,0.2957683205604553
train/gradient_norm_before_clip,5250.0,0.26898306608200073
train/gradient_norm_before_clip,5300.0,0.1362823098897934
train/gradient_norm_before_clip,5350.0,0.22615322470664978
train/gradient_norm_before_clip,5400.0,0.15403521060943604
train/gradient_norm_before_clip,5450.0,0.16361814737319946
train/gradient_norm_before_clip,5500.0,0.1851499229669571
train/gradient_norm_before_clip,5550.0,0.16103975474834442
train/gradient_norm_before_clip,5600.0,0.2988094389438629
train/gradient_norm_before_clip,5650.0,0.21292930841445923
train/gradient_norm_before_clip,5700.0,0.13480474054813385
train/gradient_norm_before_clip,5750.0,0.11085899919271469
train/gradient_norm_before_clip,5800.0,0.1945752501487732
train/gradient_norm_before_clip,5850.0,0.2979585826396942
train/gradient_norm_before_clip,5900.0,0.10068037360906601
train/gradient_norm_before_clip,5950.0,0.2827395796775818
train/gradient_norm_before_clip,6000.0,0.147174671292305
train/gradient_norm_before_clip,6050.0,0.12862254679203033
train/gradient_norm_before_clip,6100.0,0.12832875549793243
train/gradient_norm_before_clip,6150.0,0.19760842621326447
train/gradient_norm_before_clip,6200.0,0.09238708764314651
train/gradient_norm_before_clip,6250.0,0.22312457859516144
train/gradient_norm_before_clip,6300.0,0.16463080048561096
train/gradient_norm_before_clip,6350.0,0.08149406313896179
train/gradient_norm_before_clip,6400.0,0.14842630922794342
train/gradient_norm_before_clip,6450.0,0.4313386380672455
train/gradient_norm_before_clip,6500.0,0.2786233127117157
train/gradient_norm_before_clip,6550.0,0.15226693451404572
train/gradient_norm_before_clip,6600.0,0.19082927703857422
train/gradient_norm_before_clip,6650.0,0.39621779322624207
train/gradient_norm_before_clip,6700.0,0.17054809629917145
train/gradient_norm_before_clip,6750.0,0.13515610992908478
train/gradient_norm_before_clip,6800.0,0.17520257830619812
train/gradient_norm_before_clip,6850.0,0.21592751145362854
train/gradient_norm_before_clip,6900.0,0.36546552181243896
train/gradient_norm_before_clip,6950.0,0.6893010139465332
train/gradient_norm_before_clip,7000.0,0.1932273507118225
train/gradient_norm_before_clip,7050.0,0.0757889673113823
train/gradient_norm_before_clip,7100.0,0.0863594263792038
train/gradient_norm_before_clip,7150.0,0.15659773349761963
train/gradient_norm_before_clip,7200.0,0.18515686690807343
train/gradient_norm_before_clip,7250.0,0.17328386008739471
train/gradient_norm_before_clip,7300.0,0.114356629550457
train/gradient_norm_before_clip,7350.0,0.565396785736084
train/gradient_norm_before_clip,7400.0,0.13557951152324677
train/gradient_norm_before_clip,7450.0,0.11453824490308762
train/gradient_norm_before_clip,7500.0,0.17374229431152344
train/gradient_norm_before_clip,7550.0,0.27393049001693726
train/gradient_norm_before_clip,7600.0,0.07141991704702377
train/gradient_norm_before_clip,7650.0,0.11029312759637833
train/gradient_norm_before_clip,7700.0,0.224652960896492
train/gradient_norm_before_clip,7750.0,0.08546925336122513
train/gradient_norm_before_clip,7800.0,0.2549452483654022
train/gradient_norm_before_clip,7850.0,0.15457011759281158
train/gradient_norm_before_clip,7900.0,0.18887722492218018
train/gradient_norm_before_clip,7950.0,0.2077186405658722
train/gradient_norm_before_clip,8000.0,0.279262512922287
train/gradient_norm_before_clip,8050.0,0.14350880682468414
train/gradient_norm_before_clip,8100.0,0.21604496240615845
train/gradient_norm_before_clip,8150.0,0.3310522735118866
train/gradient_norm_before_clip,8200.0,0.3356333076953888
train/gradient_norm_before_clip,8250.0,0.08477456867694855
train/gradient_norm_before_clip,8300.0,0.26618242263793945
train/gradient_norm_before_clip,8350.0,0.1464322954416275
train/gradient_norm_before_clip,8400.0,0.3861977458000183
train/gradient_norm_before_clip,8450.0,0.15119287371635437
train/gradient_norm_before_clip,8500.0,0.08379150927066803
train/gradient_norm_before_clip,8550.0,0.10590368509292603
train/gradient_norm_before_clip,8600.0,0.12100401520729065
train/gradient_norm_before_clip,8650.0,0.08775925636291504
train/gradient_norm_before_clip,8700.0,0.1111563891172409
train/gradient_norm_before_clip,8750.0,0.33206385374069214
train/gradient_norm_before_clip,8800.0,0.139365091919899
train/gradient_norm_before_clip,8850.0,0.07142278552055359
train/gradient_norm_before_clip,8900.0,0.09902175515890121
train/gradient_norm_before_clip,8950.0,0.09973141551017761
train/gradient_norm_before_clip,9000.0,0.16673125326633453
train/gradient_norm_before_clip,9050.0,0.1100580096244812
train/gradient_norm_before_clip,9100.0,0.22804617881774902
train/gradient_norm_before_clip,9150.0,0.09446796774864197
train/gradient_norm_before_clip,9200.0,0.296938419342041
train/gradient_norm_before_clip,9250.0,0.12663477659225464
train/gradient_norm_before_clip,9300.0,0.19061584770679474
train/gradient_norm_before_clip,9350.0,0.15961450338363647
train/gradient_norm_before_clip,9400.0,0.08349703252315521
train/gradient_norm_before_clip,9450.0,0.0660087913274765
train/gradient_norm_before_clip,9500.0,0.2658672034740448
train/gradient_norm_before_clip,9550.0,0.20866307616233826
train/gradient_norm_before_clip,9600.0,0.1144278421998024
train/gradient_norm_before_clip,9650.0,0.1814493089914322
train/gradient_norm_before_clip,9700.0,0.1253701001405716
train/gradient_norm_before_clip,9750.0,0.08164682984352112
train/gradient_norm_before_clip,9800.0,0.1597118079662323
train/gradient_norm_before_clip,9850.0,0.16450965404510498
train/gradient_norm_before_clip,9900.0,0.07847654074430466
train/gradient_norm_before_clip,9950.0,0.2368093729019165
train/gradient_norm_before_clip,10000.0,0.17216341197490692
train/gradient_norm_before_clip,10050.0,0.1289622187614441
train/gradient_norm_before_clip,10100.0,0.13413900136947632
train/gradient_norm_before_clip,10150.0,0.18072478473186493
train/gradient_norm_before_clip,10200.0,0.07174339890480042
train/gradient_norm_before_clip,10250.0,0.14396381378173828
train/gradient_norm_before_clip,10300.0,0.08316092938184738
train/gradient_norm_before_clip,10350.0,0.19242748618125916
train/gradient_norm_before_clip,10400.0,0.19839105010032654
train/gradient_norm_before_clip,10450.0,0.21637441217899323
train/gradient_norm_before_clip,10500.0,0.1030251756310463
train/gradient_norm_before_clip,10550.0,0.1715898960828781
train/gradient_norm_before_clip,10600.0,0.18016007542610168
train/gradient_norm_before_clip,10650.0,0.06647688895463943
train/gradient_norm_before_clip,10700.0,0.5486465692520142
train/gradient_norm_before_clip,10750.0,0.15290915966033936
train/gradient_norm_before_clip,10800.0,0.20695550739765167
train/gradient_norm_before_clip,10850.0,0.1380968540906906
train/gradient_norm_before_clip,10900.0,0.06833493709564209
train/gradient_norm_before_clip,10950.0,0.1411633938550949
train/gradient_norm_before_clip,11000.0,0.08979266881942749
train/gradient_norm_before_clip,11050.0,0.09938734024763107
train/gradient_norm_before_clip,11100.0,0.18890337646007538
train/gradient_norm_before_clip,11150.0,0.32290175557136536
train/gradient_norm_before_clip,11200.0,0.3194166123867035
train/gradient_norm_before_clip,11250.0,0.12569260597229004
train/gradient_norm_before_clip,11300.0,0.25422441959381104
train/gradient_norm_before_clip,11350.0,0.3251549303531647
train/gradient_norm_before_clip,11400.0,0.14826132357120514
train/gradient_norm_before_clip,11450.0,0.16739103198051453
train/gradient_norm_before_clip,11500.0,0.13190680742263794
train/gradient_norm_before_clip,11550.0,0.3794354498386383
train/gradient_norm_before_clip,11600.0,0.11461956053972244
train/gradient_norm_before_clip,11650.0,0.1141381710767746
train/gradient_norm_before_clip,11700.0,0.18902432918548584
train/gradient_norm_before_clip,11750.0,0.3030162751674652
train/gradient_norm_before_clip,11800.0,0.24695107340812683
train/gradient_norm_before_clip,11850.0,0.13115037977695465
train/gradient_norm_before_clip,11900.0,0.3069469630718231
train/gradient_norm_before_clip,11950.0,0.2513084411621094
train/gradient_norm_before_clip,12000.0,0.06261295825242996
train/gradient_norm_before_clip,12050.0,0.158932164311409
train/gradient_norm_before_clip,12100.0,0.13241581618785858
train/gradient_norm_before_clip,12150.0,0.17789940536022186
train/gradient_norm_before_clip,12200.0,0.38813358545303345
train/gradient_norm_before_clip,12250.0,0.14424672722816467
train/gradient_norm_before_clip,12300.0,0.14699560403823853
train/gradient_norm_before_clip,12350.0,0.16179312765598297
train/gradient_norm_before_clip,12400.0,0.09078707545995712
train/gradient_norm_before_clip,12450.0,0.14829304814338684
train/gradient_norm_before_clip,12500.0,0.1662440001964569
train/gradient_norm_before_clip,12550.0,0.24871566891670227
train/gradient_norm_before_clip,12600.0,0.10066582262516022
train/gradient_norm_before_clip,12650.0,0.3115626573562622
train/gradient_norm_before_clip,12700.0,0.2463579922914505
train/gradient_norm_before_clip,12750.0,0.3056364953517914
train/gradient_norm_before_clip,12800.0,0.13422399759292603
train/gradient_norm_before_clip,12850.0,0.08730319887399673
train/gradient_norm_before_clip,12900.0,0.18053168058395386
train/gradient_norm_before_clip,12950.0,0.17962300777435303
train/gradient_norm_before_clip,13000.0,0.0908733606338501
train/gradient_norm_before_clip,13050.0,0.2301168441772461
train/gradient_norm_before_clip,13100.0,0.6727169752120972
train/gradient_norm_before_clip,13150.0,0.06932734698057175
train/gradient_norm_before_clip,13200.0,0.21924257278442383
train/gradient_norm_before_clip,13250.0,0.3122981786727905
train/gradient_norm_before_clip,13300.0,0.15778748691082
train/gradient_norm_before_clip,13350.0,0.31297221779823303
train/gradient_norm_before_clip,13400.0,0.39798280596733093
train/gradient_norm_before_clip,13450.0,0.22406956553459167
train/gradient_norm_before_clip,13500.0,0.15825146436691284
train/gradient_norm_before_clip,13550.0,0.08883833885192871
train/gradient_norm_before_clip,13600.0,0.1055159866809845
train/gradient_norm_before_clip,13650.0,0.1307697296142578
train/gradient_norm_before_clip,13700.0,0.20483925938606262
train/gradient_norm_before_clip,13750.0,0.12547467648983002
train/gradient_norm_before_clip,13800.0,0.18350903689861298
train/gradient_norm_before_clip,13850.0,0.1354053020477295
train/gradient_norm_before_clip,13900.0,0.0703936219215393
train/gradient_norm_before_clip,13950.0,0.12669676542282104
train/gradient_norm_before_clip,14000.0,0.19343194365501404
train/gradient_norm_before_clip,14050.0,0.13327348232269287
train/gradient_norm_before_clip,14100.0,0.07906796783208847
train/gradient_norm_before_clip,14150.0,0.060614440590143204
train/gradient_norm_before_clip,14200.0,0.06619713455438614
train/gradient_norm_before_clip,14250.0,0.3317766487598419
train/gradient_norm_before_clip,14300.0,0.1811666339635849
train/gradient_norm_before_clip,14350.0,0.2277783900499344
train/gradient_norm_before_clip,14400.0,0.19313444197177887
train/gradient_norm_before_clip,14450.0,0.1619168370962143
train/gradient_norm_before_clip,14500.0,0.3183845579624176
train/gradient_norm_before_clip,14550.0,0.07693804800510406
train/gradient_norm_before_clip,14600.0,0.20222347974777222
train/gradient_norm_before_clip,14650.0,0.1062893345952034
train/gradient_norm_before_clip,14700.0,0.1525152325630188
train/gradient_norm_before_clip,14750.0,0.05512896552681923
train/gradient_norm_before_clip,14800.0,0.11821914464235306
train/gradient_norm_before_clip,14850.0,0.09554208815097809
train/gradient_norm_before_clip,14900.0,0.3456198573112488
train/gradient_norm_before_clip,14950.0,0.2086801379919052
train/gradient_norm_before_clip,15000.0,0.11971177160739899
train/gradient_norm_before_clip,15050.0,0.23424190282821655
train/gradient_norm_before_clip,15100.0,0.19918352365493774
train/gradient_norm_before_clip,15150.0,0.2242608666419983
train/gradient_norm_before_clip,15200.0,0.24512316286563873
train/gradient_norm_before_clip,15250.0,0.14360550045967102
train/gradient_norm_before_clip,15300.0,0.1287265568971634
train/gradient_norm_before_clip,15350.0,0.12847715616226196
train/gradient_norm_before_clip,15400.0,0.12998658418655396
train/gradient_norm_before_clip,15450.0,0.33559927344322205
train/gradient_norm_before_clip,15500.0,0.11030352115631104
train/gradient_norm_before_clip,15550.0,0.2061450481414795
train/gradient_norm_before_clip,15600.0,0.25003156065940857
train/gradient_norm_before_clip,15650.0,0.16096103191375732
train/gradient_norm_before_clip,15700.0,0.2199057936668396
train/gradient_norm_before_clip,15750.0,0.27736523747444153
train/gradient_norm_before_clip,15800.0,0.09388089179992676
train/gradient_norm_before_clip,15850.0,0.15179309248924255
train/gradient_norm_before_clip,15900.0,0.2820288836956024
train/gradient_norm_before_clip,15950.0,0.13188496232032776
train/gradient_norm_before_clip,16000.0,0.13789471983909607
train/gradient_norm_before_clip,16050.0,0.14296145737171173
train/gradient_norm_before_clip,16100.0,0.23086218535900116
train/gradient_norm_before_clip,16150.0,0.20769357681274414
train/gradient_norm_before_clip,16200.0,0.10793989151716232
train/gradient_norm_before_clip,16250.0,0.13428661227226257
train/gradient_norm_before_clip,16300.0,0.14818640053272247
train/gradient_norm_before_clip,16350.0,0.04360640421509743
train/gradient_norm_before_clip,16400.0,0.11882457137107849
train/gradient_norm_before_clip,16450.0,0.11927980929613113
train/gradient_norm_before_clip,16500.0,0.18733808398246765
train/gradient_norm_before_clip,16550.0,0.38483157753944397
train/gradient_norm_before_clip,16600.0,0.1753452718257904
train/gradient_norm_before_clip,16650.0,0.23140117526054382
train/gradient_norm_before_clip,16700.0,0.06885489821434021
train/gradient_norm_before_clip,16750.0,0.25657668709754944
train/gradient_norm_before_clip,16800.0,0.10665517300367355
train/gradient_norm_before_clip,16850.0,0.1377849131822586
train/gradient_norm_before_clip,16900.0,0.15362204611301422
train/gradient_norm_before_clip,16950.0,0.13360199332237244
train/gradient_norm_before_clip,17000.0,0.13223892450332642
train/gradient_norm_before_clip,17050.0,0.2629863917827606
train/gradient_norm_before_clip,17100.0,0.1749788075685501
train/gradient_norm_before_clip,17150.0,0.20083153247833252
train/gradient_norm_before_clip,17200.0,0.2500743567943573
train/gradient_norm_before_clip,17250.0,0.13130664825439453
train/gradient_norm_before_clip,17300.0,0.0824151337146759
train/gradient_norm_before_clip,17350.0,0.2255084365606308
train/gradient_norm_before_clip,17400.0,0.13547013700008392
train/gradient_norm_before_clip,17450.0,0.09809760004281998
train/gradient_norm_before_clip,17500.0,0.25444483757019043
train/gradient_norm_before_clip,17550.0,0.30941256880760193
train/gradient_norm_before_clip,17600.0,0.18220776319503784
train/gradient_norm_before_clip,17650.0,0.17576377093791962
train/gradient_norm_before_clip,17700.0,0.16039931774139404
train/gradient_norm_before_clip,17750.0,0.11465848982334137
train/gradient_norm_before_clip,17800.0,0.07547613233327866
train/gradient_norm_before_clip,17850.0,0.08797230571508408
train/gradient_norm_before_clip,17900.0,0.10541363805532455
train/gradient_norm_before_clip,17950.0,0.1284525990486145
train/gradient_norm_before_clip,18000.0,0.33094334602355957
train/gradient_norm_before_clip,18050.0,0.12217392027378082
train/gradient_norm_before_clip,18100.0,0.26776304841041565
train/gradient_norm_before_clip,18150.0,0.10461761057376862
train/gradient_norm_before_clip,18200.0,0.18798582255840302
train/gradient_norm_before_clip,18250.0,0.16682885587215424
train/gradient_norm_before_clip,18300.0,0.22995662689208984
train/gradient_norm_before_clip,18350.0,0.13321393728256226
train/gradient_norm_before_clip,18400.0,0.061428140848875046
train/gradient_norm_before_clip,18450.0,0.08857647329568863
train/gradient_norm_before_clip,18500.0,0.12087321281433105
train/gradient_norm_before_clip,18550.0,0.0995713397860527
train/gradient_norm_before_clip,18600.0,0.08762241154909134
train/gradient_norm_before_clip,18650.0,0.2011314183473587
train/gradient_norm_before_clip,18700.0,0.30338937044143677
train/gradient_norm_before_clip,18750.0,0.15063033998012543
train/gradient_norm_before_clip,18800.0,0.10940486937761307
train/gradient_norm_before_clip,18850.0,0.08182081580162048
train/gradient_norm_before_clip,18900.0,0.23756317794322968
train/gradient_norm_before_clip,18950.0,0.17494475841522217
train/gradient_norm_before_clip,19000.0,0.15232780575752258
train/gradient_norm_before_clip,19050.0,0.1961277425289154
train/gradient_norm_before_clip,19100.0,0.6515229940414429
train/gradient_norm_before_clip,19150.0,0.10741450637578964
train/gradient_norm_before_clip,19200.0,0.16617794334888458
train/gradient_norm_before_clip,19250.0,0.1320895403623581
train/gradient_norm_before_clip,19300.0,0.07474413514137268
train/gradient_norm_before_clip,19350.0,0.24785618484020233
train/gradient_norm_before_clip,19400.0,0.10238691419363022
train/gradient_norm_before_clip,19450.0,0.12187046557664871
train/gradient_norm_before_clip,19500.0,0.12771020829677582
train/gradient_norm_before_clip,19550.0,0.08579766005277634
train/gradient_norm_before_clip,19600.0,0.11133405566215515
train/gradient_norm_before_clip,19650.0,0.07818657904863358
train/gradient_norm_before_clip,19700.0,0.17182663083076477
train/gradient_norm_before_clip,19750.0,0.22412645816802979
train/gradient_norm_before_clip,19800.0,0.14008666574954987
train/gradient_norm_before_clip,19850.0,0.3136638104915619
train/gradient_norm_before_clip,19900.0,0.1480741798877716
train/gradient_norm_before_clip,19950.0,0.16586355865001678
train/gradient_norm_before_clip,20000.0,0.13312406837940216
train/gradient_norm_before_clip,20050.0,0.1805175393819809
train/gradient_norm_before_clip,20100.0,0.21869386732578278
train/gradient_norm_before_clip,20150.0,0.10663311928510666
train/gradient_norm_before_clip,20200.0,0.17563600838184357
train/gradient_norm_before_clip,20250.0,0.1852700263261795
train/gradient_norm_before_clip,20300.0,0.14740848541259766
train/gradient_norm_before_clip,20350.0,0.20154449343681335
train/gradient_norm_before_clip,20400.0,0.06575589627027512
train/gradient_norm_before_clip,20450.0,0.19990947842597961
train/gradient_norm_before_clip,20500.0,0.10156702995300293
train/gradient_norm_before_clip,20550.0,0.20648686587810516
train/gradient_norm_before_clip,20600.0,0.14141488075256348
train/gradient_norm_before_clip,20650.0,0.2851482629776001
train/gradient_norm_before_clip,20700.0,0.09393870830535889
train/gradient_norm_before_clip,20750.0,0.21323494613170624
train/gradient_norm_before_clip,20800.0,0.12440124899148941
train/gradient_norm_before_clip,20850.0,0.11006022989749908
train/gradient_norm_before_clip,20900.0,0.12410598993301392
train/gradient_norm_before_clip,20950.0,0.09638465940952301
train/gradient_norm_before_clip,21000.0,0.14935162663459778
train/gradient_norm_before_clip,21050.0,0.1826612949371338
train/gradient_norm_before_clip,21100.0,0.1863582283258438
train/gradient_norm_before_clip,21150.0,0.13831399381160736
train/gradient_norm_before_clip,21200.0,0.21954311430454254
train/gradient_norm_before_clip,21250.0,0.07378332316875458
train/gradient_norm_before_clip,21300.0,0.14050446450710297
train/gradient_norm_before_clip,21350.0,0.2971067726612091
train/gradient_norm_before_clip,21400.0,0.2676636278629303
train/gradient_norm_before_clip,21450.0,0.18081310391426086
train/gradient_norm_before_clip,21500.0,0.15199202299118042
train/gradient_norm_before_clip,21550.0,0.2312941700220108
train/gradient_norm_before_clip,21600.0,0.08824285119771957
train/gradient_norm_before_clip,21650.0,0.14890995621681213
train/gradient_norm_before_clip,21700.0,0.09364206343889236
train/gradient_norm_before_clip,21750.0,0.09272361546754837
train/gradient_norm_before_clip,21800.0,0.10192771255970001
train/gradient_norm_before_clip,21850.0,0.18027517199516296
train/gradient_norm_before_clip,21900.0,0.17857301235198975
train/gradient_norm_before_clip,21950.0,0.15905804932117462
train/gradient_norm_before_clip,22000.0,0.17270436882972717
train/gradient_norm_before_clip,22050.0,0.2968985140323639
train/gradient_norm_before_clip,22100.0,0.37154000997543335
train/gradient_norm_before_clip,22150.0,0.0774829238653183
train/gradient_norm_before_clip,22200.0,0.23170389235019684
train/gradient_norm_before_clip,22250.0,0.2025049775838852
train/gradient_norm_before_clip,22300.0,0.10191555321216583
train/gradient_norm_before_clip,22350.0,0.1137436255812645
train/gradient_norm_before_clip,22400.0,0.09515365958213806
train/gradient_norm_before_clip,22450.0,0.17856942117214203
train/gradient_norm_before_clip,22500.0,0.10342883318662643
train/gradient_norm_before_clip,22550.0,0.17378145456314087
train/gradient_norm_before_clip,22600.0,0.11074341088533401
train/gradient_norm_before_clip,22650.0,0.13513387739658356
train/gradient_norm_before_clip,22700.0,0.4251258671283722
train/gradient_norm_before_clip,22750.0,0.10585007071495056
train/gradient_norm_before_clip,22800.0,0.1460271179676056
train/gradient_norm_before_clip,22850.0,0.16112512350082397
train/gradient_norm_before_clip,22900.0,0.09358260035514832
train/gradient_norm_before_clip,22950.0,0.07383342832326889
train/gradient_norm_before_clip,23000.0,0.16304059326648712
train/gradient_norm_before_clip,23050.0,0.07033112645149231
train/gradient_norm_before_clip,23100.0,0.23738613724708557
train/gradient_norm_before_clip,23150.0,0.16326963901519775
train/gradient_norm_before_clip,23200.0,0.1460137516260147
train/gradient_norm_before_clip,23250.0,0.336798757314682
train/gradient_norm_before_clip,23300.0,0.09682444483041763
train/gradient_norm_before_clip,23350.0,0.16645538806915283
train/gradient_norm_before_clip,23400.0,0.3330756425857544
train/gradient_norm_before_clip,23450.0,0.17038990557193756
train/gradient_norm_before_clip,23500.0,0.06717098504304886
train/gradient_norm_before_clip,23550.0,0.09636805951595306
train/gradient_norm_before_clip,23600.0,0.07748408615589142
train/gradient_norm_before_clip,23650.0,0.3028341829776764
train/gradient_norm_before_clip,23700.0,0.24092982709407806
train/gradient_norm_before_clip,23750.0,0.1439104974269867
train/gradient_norm_before_clip,23800.0,0.12151739746332169
train/gradient_norm_before_clip,23850.0,0.1696922928094864
train/gradient_norm_before_clip,23900.0,0.06233324855566025
train/gradient_norm_before_clip,23950.0,0.08780266344547272
train/gradient_norm_before_clip,24000.0,0.1624523103237152
train/gradient_norm_before_clip,24050.0,0.2308056801557541
train/gradient_norm_before_clip,24100.0,0.21141135692596436
train/gradient_norm_before_clip,24150.0,0.30606603622436523
train/gradient_norm_before_clip,24200.0,0.21578583121299744
train/gradient_norm_before_clip,24250.0,0.1693437099456787
train/gradient_norm_before_clip,24300.0,0.08019343763589859
train/gradient_norm_before_clip,24350.0,0.2364134043455124
train/gradient_norm_before_clip,24400.0,0.14623568952083588
train/gradient_norm_before_clip,24450.0,0.15994159877300262
train/gradient_norm_before_clip,24500.0,0.1806412786245346
train/gradient_norm_before_clip,24550.0,0.06908775866031647
train/gradient_norm_before_clip,24600.0,0.05510931462049484
train/gradient_norm_before_clip,24650.0,0.1134578138589859
train/gradient_norm_before_clip,24700.0,0.34573107957839966
train/gradient_norm_before_clip,24750.0,0.24084773659706116
train/gradient_norm_before_clip,24800.0,0.2114420086145401
train/gradient_norm_before_clip,24850.0,0.20796388387680054
train/gradient_norm_before_clip,24900.0,0.12900826334953308
train/gradient_norm_before_clip,24950.0,0.18115544319152832
train/gradient_norm_before_clip,25000.0,0.2613515555858612
train/gradient_norm_before_clip,25050.0,0.13645489513874054
train/gradient_norm_before_clip,25100.0,0.2885359227657318
train/gradient_norm_before_clip,25150.0,0.21434472501277924
train/gradient_norm_before_clip,25200.0,0.32387256622314453
train/gradient_norm_before_clip,25250.0,0.0984046459197998
train/gradient_norm_before_clip,25300.0,0.08606178313493729
train/gradient_norm_before_clip,25350.0,0.13679051399230957
train/gradient_norm_before_clip,25400.0,0.10694701224565506
train/gradient_norm_before_clip,25450.0,0.09799515455961227
train/gradient_norm_before_clip,25500.0,0.22336965799331665
train/gradient_norm_before_clip,25550.0,0.1223597601056099
train/gradient_norm_before_clip,25600.0,0.11655750125646591
train/gradient_norm_before_clip,25650.0,0.1014183759689331
train/gradient_norm_before_clip,25700.0,0.28128448128700256
train/gradient_norm_before_clip,25750.0,0.12794946134090424
train/gradient_norm_before_clip,25800.0,0.1481824666261673
train/gradient_norm_before_clip,25850.0,0.1294618546962738
train/gradient_norm_before_clip,25900.0,0.0776674747467041
train/gradient_norm_before_clip,25950.0,0.22798334062099457
train/gradient_norm_before_clip,26000.0,0.1336706131696701
train/gradient_norm_before_clip,26050.0,0.16064418852329254
train/gradient_norm_before_clip,26100.0,0.19043242931365967
train/gradient_norm_before_clip,26150.0,0.13112643361091614
train/gradient_norm_before_clip,26200.0,0.09935733675956726
train/gradient_norm_before_clip,26250.0,0.09174478054046631
train/gradient_norm_before_clip,26300.0,0.0658121183514595
train/gradient_norm_before_clip,26350.0,0.19528597593307495
train/gradient_norm_before_clip,26400.0,0.12933559715747833
train/gradient_norm_before_clip,26450.0,0.10329847037792206
train/gradient_norm_before_clip,26500.0,0.10624292492866516
train/gradient_norm_before_clip,26550.0,0.2845029830932617
train/gradient_norm_before_clip,26600.0,0.06349658221006393
train/gradient_norm_before_clip,26650.0,0.11436092108488083
train/gradient_norm_before_clip,26700.0,0.18545031547546387
train/gradient_norm_before_clip,26750.0,0.1885019987821579
train/gradient_norm_before_clip,26800.0,0.11254429817199707
train/gradient_norm_before_clip,26850.0,0.17101110517978668
train/gradient_norm_before_clip,26900.0,0.1958610862493515
train/gradient_norm_before_clip,26950.0,0.21936853229999542
train/gradient_norm_before_clip,27000.0,0.22159285843372345
train/gradient_norm_before_clip,27050.0,0.13003532588481903
train/gradient_norm_before_clip,27100.0,0.12254241853952408
train/gradient_norm_before_clip,27150.0,0.22090435028076172
train/gradient_norm_before_clip,27200.0,0.1438082605600357
train/gradient_norm_before_clip,27250.0,0.10664892941713333
train/gradient_norm_before_clip,27300.0,0.12760795652866364
train/gradient_norm_before_clip,27350.0,0.08146316558122635
train/gradient_norm_before_clip,27400.0,0.1842004954814911
train/gradient_norm_before_clip,27450.0,0.1444212645292282
train/gradient_norm_before_clip,27500.0,0.14282606542110443
train/gradient_norm_before_clip,27550.0,0.17536596953868866
train/gradient_norm_before_clip,27600.0,0.2747780382633209
train/gradient_norm_before_clip,27650.0,0.1076178252696991
train/gradient_norm_before_clip,27700.0,0.36889389157295227
train/gradient_norm_before_clip,27750.0,0.161554753780365
train/gradient_norm_before_clip,27800.0,0.11598732322454453
train/gradient_norm_before_clip,27850.0,0.2381533980369568
train/gradient_norm_before_clip,27900.0,0.2037827968597412
train/gradient_norm_before_clip,27950.0,0.21489739418029785
train/gradient_norm_before_clip,28000.0,0.15863171219825745
train/gradient_norm_before_clip,28050.0,0.08451630175113678
train/gradient_norm_before_clip,28100.0,0.09056684374809265
train/gradient_norm_before_clip,28150.0,0.08392981439828873
train/gradient_norm_before_clip,28200.0,0.13401760160923004
train/gradient_norm_before_clip,28250.0,0.11787062883377075
train/gradient_norm_before_clip,28300.0,0.07084634900093079
train/gradient_norm_before_clip,28350.0,0.10568062216043472
train/gradient_norm_before_clip,28400.0,0.44432395696640015
train/gradient_norm_before_clip,28450.0,0.11414922028779984
train/gradient_norm_before_clip,28500.0,0.13777443766593933
train/gradient_norm_before_clip,28550.0,0.5426627397537231
train/gradient_norm_before_clip,28600.0,0.12033899873495102
train/gradient_norm_before_clip,28650.0,0.1826612800359726
train/gradient_norm_before_clip,28700.0,0.08619460463523865
train/gradient_norm_before_clip,28750.0,0.08415988832712173
train/gradient_norm_before_clip,28800.0,0.09910990297794342
train/gradient_norm_before_clip,28850.0,0.09524169564247131
train/gradient_norm_before_clip,28900.0,0.0799969807267189
train/gradient_norm_before_clip,28950.0,0.16762830317020416
train/gradient_norm_before_clip,29000.0,0.062384579330682755
train/gradient_norm_before_clip,29050.0,0.1290636956691742
train/gradient_norm_before_clip,29100.0,0.1485833376646042
train/gradient_norm_before_clip,29150.0,0.054061248898506165
train/gradient_norm_before_clip,29200.0,0.12790299952030182
train/gradient_norm_before_clip,29250.0,0.23022577166557312
train/gradient_norm_before_clip,29300.0,0.19737064838409424
train/gradient_norm_before_clip,29350.0,0.14160938560962677
train/gradient_norm_before_clip,29400.0,0.084116131067276
train/gradient_norm_before_clip,29450.0,0.08004913479089737
train/gradient_norm_before_clip,29500.0,0.17319993674755096
train/gradient_norm_before_clip,29550.0,0.108910471200943
train/gradient_norm_before_clip,29600.0,0.18001998960971832
train/gradient_norm_before_clip,29650.0,0.07443581521511078
train/gradient_norm_before_clip,29700.0,0.10535155981779099
train/gradient_norm_before_clip,29750.0,0.2948566675186157
train/gradient_norm_before_clip,29800.0,0.13913869857788086
train/gradient_norm_before_clip,29850.0,0.1384057253599167
train/gradient_norm_before_clip,29900.0,0.1647540032863617
train/gradient_norm_before_clip,29950.0,0.14282827079296112
train/gradient_norm_before_clip,30000.0,0.14805269241333008
train/gradient_norm_before_clip,30050.0,0.22464250028133392
train/gradient_norm_before_clip,30100.0,0.11432714760303497
train/gradient_norm_before_clip,30150.0,0.1870233118534088
train/gradient_norm_before_clip,30200.0,0.13878671824932098
train/gradient_norm_before_clip,30250.0,0.19821982085704803
train/gradient_norm_before_clip,30300.0,0.10856693238019943
train/gradient_norm_before_clip,30350.0,0.11322052031755447
train/gradient_norm_before_clip,30400.0,0.09181637316942215
train/gradient_norm_before_clip,30450.0,0.1184198260307312
train/gradient_norm_before_clip,30500.0,0.18578410148620605
train/gradient_norm_before_clip,30550.0,0.06998679786920547
train/gradient_norm_before_clip,30600.0,0.12868930399417877
train/gradient_norm_before_clip,30650.0,0.1640900820493698
train/gradient_norm_before_clip,30700.0,0.2708830237388611
train/gradient_norm_before_clip,30750.0,0.168168306350708
train/gradient_norm_before_clip,30800.0,0.06845354288816452
train/gradient_norm_before_clip,30850.0,0.4076882600784302
train/gradient_norm_before_clip,30900.0,0.15056534111499786
train/gradient_norm_before_clip,30950.0,0.16214531660079956
train/gradient_norm_before_clip,31000.0,0.21235045790672302
train/gradient_norm_before_clip,31050.0,0.17160291969776154
train/gradient_norm_before_clip,31100.0,0.19313199818134308
train/gradient_norm_before_clip,31150.0,0.09538017958402634
train/gradient_norm_before_clip,31200.0,0.33736875653266907
train/gradient_norm_before_clip,31250.0,0.16603145003318787
train/gradient_norm_before_clip,31300.0,0.12223977595567703
train/gradient_norm_before_clip,31350.0,0.1571958214044571
train/gradient_norm_before_clip,31400.0,0.1477240025997162
train/gradient_norm_before_clip,31450.0,0.17028658092021942
train/gradient_norm_before_clip,31500.0,0.20687082409858704
train/gradient_norm_before_clip,31550.0,0.1466764509677887
train/gradient_norm_before_clip,31600.0,0.08940748125314713
train/gradient_norm_before_clip,31650.0,0.15206073224544525
train/gradient_norm_before_clip,31700.0,0.13968215882778168
train/gradient_norm_before_clip,31750.0,0.14291265606880188
train/gradient_norm_before_clip,31800.0,0.2104269117116928
train/gradient_norm_before_clip,31850.0,0.08426915854215622
train/gradient_norm_before_clip,31900.0,0.29163357615470886
train/gradient_norm_before_clip,31950.0,0.0695434957742691
train/gradient_norm_before_clip,32000.0,0.26924124360084534
train/gradient_norm_before_clip,32050.0,0.184422105550766
train/gradient_norm_before_clip,32100.0,0.11980191618204117
train/gradient_norm_before_clip,32150.0,0.08287777751684189
train/gradient_norm_before_clip,32200.0,0.12635131180286407
train/gradient_norm_before_clip,32250.0,0.09771399945020676
train/gradient_norm_before_clip,32300.0,0.19525767862796783
train/gradient_norm_before_clip,32350.0,0.1284569650888443
train/gradient_norm_before_clip,32400.0,0.11629413068294525
train/gradient_norm_before_clip,32450.0,0.3242664635181427
train/gradient_norm_before_clip,32500.0,0.18213815987110138
train/gradient_norm_before_clip,32550.0,0.17290987074375153
train/gradient_norm_before_clip,32600.0,0.209133580327034
train/gradient_norm_before_clip,32650.0,0.16680686175823212
train/gradient_norm_before_clip,32700.0,0.09001480042934418
train/gradient_norm_before_clip,32750.0,0.1335662305355072
train/gradient_norm_before_clip,32800.0,0.0937681794166565
train/gradient_norm_before_clip,32850.0,0.1549968421459198
train/gradient_norm_before_clip,32900.0,0.17788757383823395
train/gradient_norm_before_clip,32950.0,0.0845005065202713
train/gradient_norm_before_clip,33000.0,0.08574572950601578
train/gradient_norm_before_clip,33050.0,0.2567973732948303
train/gradient_norm_before_clip,33100.0,0.21978086233139038
train/gradient_norm_before_clip,33150.0,0.15726953744888306
train/gradient_norm_before_clip,33200.0,0.12193500250577927
train/gradient_norm_before_clip,33250.0,0.13502323627471924
train/gradient_norm_before_clip,33300.0,0.14963507652282715
train/gradient_norm_before_clip,33350.0,0.26725584268569946
train/gradient_norm_before_clip,33400.0,0.1259581297636032
train/gradient_norm_before_clip,33450.0,0.18519248068332672
train/gradient_norm_before_clip,33500.0,0.08368600904941559
train/gradient_norm_before_clip,33550.0,0.32100945711135864
train/gradient_norm_before_clip,33600.0,0.14083077013492584
train/gradient_norm_before_clip,33650.0,0.11418387293815613
train/gradient_norm_before_clip,33700.0,0.07798617333173752
train/gradient_norm_before_clip,33750.0,0.12731687724590302
train/gradient_norm_before_clip,33800.0,0.14428409934043884
train/gradient_norm_before_clip,33850.0,0.09303361922502518
train/gradient_norm_before_clip,33900.0,0.08896362036466599
train/gradient_norm_before_clip,33950.0,0.06746497005224228
train/gradient_norm_before_clip,34000.0,0.3269413411617279
train/gradient_norm_before_clip,34050.0,0.12698200345039368
train/gradient_norm_before_clip,34100.0,0.2772943675518036
train/gradient_norm_before_clip,34150.0,0.10489334911108017
train/gradient_norm_before_clip,34200.0,0.11254283040761948
train/gradient_norm_before_clip,34250.0,0.06870396435260773
train/gradient_norm_before_clip,34300.0,0.12022130936384201
train/gradient_norm_before_clip,34350.0,0.09376706182956696
train/gradient_norm_before_clip,34400.0,0.46104565262794495
train/gradient_norm_before_clip,34450.0,0.19365908205509186
train/gradient_norm_before_clip,34500.0,0.22858792543411255
train/gradient_norm_before_clip,34550.0,0.18362291157245636
train/gradient_norm_before_clip,34600.0,0.12109069526195526
train/gradient_norm_before_clip,34650.0,0.10329894721508026
train/gradient_norm_before_clip,34700.0,0.0656985491514206
train/gradient_norm_before_clip,34750.0,0.08727940171957016
train/gradient_norm_before_clip,34800.0,0.09214945137500763
train/gradient_norm_before_clip,34850.0,0.13057725131511688
train/gradient_norm_before_clip,34900.0,0.17081178724765778
train/gradient_norm_before_clip,34950.0,0.18543538451194763
train/gradient_norm_before_clip,35000.0,0.09139804542064667
train/gradient_norm_before_clip,35050.0,0.13466514647006989
train/gradient_norm_before_clip,35100.0,0.22560137510299683
train/gradient_norm_before_clip,35150.0,0.2062159776687622
train/gradient_norm_before_clip,35200.0,0.06717731803655624
train/gradient_norm_before_clip,35250.0,0.08397640287876129
train/gradient_norm_before_clip,35300.0,0.37062743306159973
train/gradient_norm_before_clip,35350.0,0.15165174007415771
train/gradient_norm_before_clip,35400.0,0.07660877704620361
train/gradient_norm_before_clip,35450.0,0.07366695255041122
train/gradient_norm_before_clip,35500.0,0.16993702948093414
train/gradient_norm_before_clip,35550.0,0.20887713134288788
train/gradient_norm_before_clip,35600.0,0.245418980717659
train/gradient_norm_before_clip,35650.0,0.1358157992362976
train/gradient_norm_before_clip,35700.0,0.14545319974422455
train/gradient_norm_before_clip,35750.0,0.15563583374023438
train/gradient_norm_before_clip,35800.0,0.11819691210985184
train/gradient_norm_before_clip,35850.0,0.10218851268291473
train/gradient_norm_before_clip,35900.0,0.12445210665464401
train/gradient_norm_before_clip,35950.0,0.20279626548290253
train/gradient_norm_before_clip,36000.0,0.09604868292808533
train/gradient_norm_before_clip,36050.0,0.1318129450082779
train/gradient_norm_before_clip,36100.0,0.39435574412345886
train/gradient_norm_before_clip,36150.0,0.13880790770053864
train/gradient_norm_before_clip,36200.0,0.12509500980377197
train/gradient_norm_before_clip,36250.0,0.11784853786230087
train/gradient_norm_before_clip,36300.0,0.06623595952987671
train/gradient_norm_before_clip,36350.0,0.2939103841781616
train/gradient_norm_before_clip,36400.0,0.25006747245788574
train/gradient_norm_before_clip,36450.0,0.18368792533874512
train/gradient_norm_before_clip,36500.0,0.06799525767564774
train/gradient_norm_before_clip,36550.0,0.08115674555301666
train/gradient_norm_before_clip,36600.0,0.07630935311317444
train/gradient_norm_before_clip,36650.0,0.15845468640327454
train/gradient_norm_before_clip,36700.0,0.17289376258850098
train/gradient_norm_before_clip,36750.0,0.11061834543943405
train/gradient_norm_before_clip,36800.0,0.13855795562267303
train/gradient_norm_before_clip,36850.0,0.1291998326778412
train/gradient_norm_before_clip,36900.0,0.1620970219373703
train/gradient_norm_before_clip,36950.0,0.1614367812871933
train/gradient_norm_before_clip,37000.0,0.2925589382648468
train/gradient_norm_before_clip,37050.0,0.17777544260025024
train/gradient_norm_before_clip,37100.0,0.07784076035022736
train/gradient_norm_before_clip,37150.0,0.1386619508266449
train/gradient_norm_before_clip,37200.0,0.2103423774242401
train/gradient_norm_before_clip,37250.0,0.11737080663442612
train/gradient_norm_before_clip,37300.0,0.12001772969961166
train/gradient_norm_before_clip,37350.0,0.17260102927684784
train/gradient_norm_before_clip,37400.0,0.17676003277301788
train/gradient_norm_before_clip,37450.0,0.19753210246562958
train/gradient_norm_before_clip,37500.0,0.10513827204704285
train/gradient_norm_before_clip,37550.0,0.0771370679140091
train/gradient_norm_before_clip,37600.0,0.12898556888103485
train/gradient_norm_before_clip,37650.0,0.07478585094213486
train/gradient_norm_before_clip,37700.0,0.25614267587661743
train/gradient_norm_before_clip,37750.0,0.11228972673416138
train/gradient_norm_before_clip,37800.0,0.17030780017375946
train/gradient_norm_before_clip,37850.0,0.08237806707620621
train/gradient_norm_before_clip,37900.0,0.08008860051631927
train/gradient_norm_before_clip,37950.0,0.12963880598545074
train/gradient_norm_before_clip,38000.0,0.0828893706202507
train/gradient_norm_before_clip,38050.0,0.07715940475463867
train/gradient_norm_before_clip,38100.0,0.23248736560344696
train/gradient_norm_before_clip,38150.0,0.1235554963350296
train/gradient_norm_before_clip,38200.0,0.15609152615070343
train/gradient_norm_before_clip,38250.0,0.2132335901260376
train/gradient_norm_before_clip,38300.0,0.09615154564380646
train/gradient_norm_before_clip,38350.0,0.17826581001281738
train/gradient_norm_before_clip,38400.0,0.11845172196626663
train/gradient_norm_before_clip,38450.0,0.20120692253112793
train/gradient_norm_before_clip,38500.0,0.07258782535791397
train/gradient_norm_before_clip,38550.0,0.23239867389202118
train/gradient_norm_before_clip,38600.0,0.0849701464176178
train/gradient_norm_before_clip,38650.0,0.11708353459835052
train/gradient_norm_before_clip,38700.0,0.06738276034593582
train/gradient_norm_before_clip,38750.0,0.11770111322402954
train/gradient_norm_before_clip,38800.0,0.19837111234664917
train/gradient_norm_before_clip,38850.0,0.07812438905239105
train/gradient_norm_before_clip,38900.0,0.23095664381980896
train/gradient_norm_before_clip,38950.0,0.291372150182724
train/gradient_norm_before_clip,39000.0,0.07928004115819931
train/gradient_norm_before_clip,39050.0,0.1581234335899353
train/gradient_norm_before_clip,39100.0,0.14943715929985046
train/gradient_norm_before_clip,39150.0,0.08781789243221283
train/gradient_norm_before_clip,39200.0,0.0658988207578659
train/gradient_norm_before_clip,39250.0,0.07898979634046555
train/gradient_norm_before_clip,39300.0,0.10271463543176651
train/gradient_norm_before_clip,39350.0,0.11660353094339371
train/gradient_norm_before_clip,39400.0,0.15982675552368164
train/gradient_norm_before_clip,39450.0,0.16636483371257782
train/gradient_norm_before_clip,39500.0,0.10916885733604431
train/gradient_norm_before_clip,39550.0,0.1935911774635315
train/gradient_norm_before_clip,39600.0,0.1852530539035797
train/gradient_norm_before_clip,39650.0,0.1395847350358963
train/gradient_norm_before_clip,39700.0,0.17812222242355347
train/gradient_norm_before_clip,39750.0,0.13149401545524597
train/gradient_norm_before_clip,39800.0,0.2224503457546234
train/gradient_norm_before_clip,39850.0,0.11756642162799835
train/gradient_norm_before_clip,39900.0,0.15045174956321716
train/gradient_norm_before_clip,39950.0,0.1344599574804306
train/gradient_norm_before_clip,40000.0,0.07920029759407043
train/gradient_norm_before_clip,40050.0,0.17270909249782562
train/gradient_norm_before_clip,40100.0,0.3819538652896881
train/gradient_norm_before_clip,40150.0,0.15508541464805603
train/gradient_norm_before_clip,40200.0,0.09969354420900345
train/gradient_norm_before_clip,40250.0,0.07325244694948196
train/gradient_norm_before_clip,40300.0,0.12933138012886047
train/gradient_norm_before_clip,40350.0,0.09038149565458298
train/gradient_norm_before_clip,40400.0,0.12001705169677734
train/gradient_norm_before_clip,40450.0,0.08562036603689194
train/gradient_norm_before_clip,40500.0,0.08210304379463196
train/gradient_norm_before_clip,40550.0,0.20455075800418854
train/gradient_norm_before_clip,40600.0,0.2444899082183838
train/gradient_norm_before_clip,40650.0,0.07632655650377274
train/gradient_norm_before_clip,40700.0,0.16248828172683716
train/gradient_norm_before_clip,40750.0,0.14448188245296478
train/gradient_norm_before_clip,40800.0,0.15603086352348328
train/gradient_norm_before_clip,40850.0,0.1619553416967392
train/gradient_norm_before_clip,40900.0,0.0749216377735138
train/gradient_norm_before_clip,40950.0,0.15959084033966064
train/gradient_norm_before_clip,41000.0,0.17353400588035583
train/gradient_norm_before_clip,41050.0,0.11018700152635574
train/gradient_norm_before_clip,41100.0,0.09299484640359879
train/gradient_norm_before_clip,41150.0,0.1103319302201271
train/gradient_norm_before_clip,41200.0,0.32476872205734253
train/gradient_norm_before_clip,41250.0,0.0850762203335762
train/gradient_norm_before_clip,41300.0,0.11410624533891678
train/gradient_norm_before_clip,41350.0,0.10739859193563461
train/gradient_norm_before_clip,41400.0,0.1574636548757553
train/gradient_norm_before_clip,41450.0,0.20906202495098114
train/gradient_norm_before_clip,41500.0,0.07325591146945953
train/gradient_norm_before_clip,41550.0,0.19102264940738678
train/gradient_norm_before_clip,41600.0,0.25897887349128723
train/gradient_norm_before_clip,41650.0,0.12340479344129562
train/gradient_norm_before_clip,41700.0,0.08469700068235397
train/gradient_norm_before_clip,41750.0,0.13105249404907227
train/gradient_norm_before_clip,41800.0,0.2902364432811737
train/gradient_norm_before_clip,41850.0,0.08224058151245117
train/gradient_norm_before_clip,41900.0,0.15223994851112366
train/gradient_norm_before_clip,41950.0,0.04838617146015167
train/gradient_norm_before_clip,42000.0,0.1349410116672516
train/gradient_norm_before_clip,42050.0,0.11191602796316147
train/gradient_norm_before_clip,42100.0,0.1468009501695633
train/gradient_norm_before_clip,42150.0,0.12682747840881348
train/gradient_norm_before_clip,42200.0,0.08674047887325287
train/gradient_norm_before_clip,42250.0,0.22388103604316711
train/gradient_norm_before_clip,42300.0,0.1126050055027008
train/gradient_norm_before_clip,42350.0,0.12546902894973755
train/gradient_norm_before_clip,42400.0,0.1963808387517929
train/gradient_norm_before_clip,42450.0,0.10257003456354141
train/gradient_norm_before_clip,42500.0,0.1357082724571228
train/gradient_norm_before_clip,42550.0,0.19437779486179352
train/gradient_norm_before_clip,42600.0,0.07610029727220535
train/gradient_norm_before_clip,42650.0,0.16597002744674683
train/gradient_norm_before_clip,42700.0,0.16043345630168915
train/gradient_norm_before_clip,42750.0,0.11745690554380417
train/gradient_norm_before_clip,42800.0,0.081697478890419
train/gradient_norm_before_clip,42850.0,0.14182518422603607
train/gradient_norm_before_clip,42900.0,0.19023071229457855
train/gradient_norm_before_clip,42950.0,0.2360886037349701
train/gradient_norm_before_clip,43000.0,0.08935046941041946
train/gradient_norm_before_clip,43050.0,0.11699846386909485
train/gradient_norm_before_clip,43100.0,0.07850413769483566
train/gradient_norm_before_clip,43150.0,0.11840886622667313
train/gradient_norm_before_clip,43200.0,0.08419439196586609
train/gradient_norm_before_clip,43250.0,0.11163856834173203
train/gradient_norm_before_clip,43300.0,0.10398387163877487
train/gradient_norm_before_clip,43350.0,0.0742030069231987
train/gradient_norm_before_clip,43400.0,0.12909001111984253
train/gradient_norm_before_clip,43450.0,0.14005467295646667
train/gradient_norm_before_clip,43500.0,0.23267501592636108
train/gradient_norm_before_clip,43550.0,0.061915453523397446
train/gradient_norm_before_clip,43600.0,0.17789067327976227
train/gradient_norm_before_clip,43650.0,0.28126639127731323
train/gradient_norm_before_clip,43700.0,0.1996469348669052
train/gradient_norm_before_clip,43750.0,0.14281776547431946
train/gradient_norm_before_clip,43800.0,0.11333128809928894
train/gradient_norm_before_clip,43850.0,0.09917768836021423
train/gradient_norm_before_clip,43900.0,0.15347543358802795
train/gradient_norm_before_clip,43950.0,0.10694457590579987
train/gradient_norm_before_clip,44000.0,0.09226630628108978
train/gradient_norm_before_clip,44050.0,0.10945845395326614
train/gradient_norm_before_clip,44100.0,0.0845373347401619
train/gradient_norm_before_clip,44150.0,0.0726250410079956
train/gradient_norm_before_clip,44200.0,0.213956817984581
train/gradient_norm_before_clip,44250.0,0.22636564075946808
train/gradient_norm_before_clip,44300.0,0.1985275149345398
train/gradient_norm_before_clip,44350.0,0.0837310329079628
train/gradient_norm_before_clip,44400.0,0.1505720168352127
train/gradient_norm_before_clip,44450.0,0.12254099547863007
train/gradient_norm_before_clip,44500.0,0.13118363916873932
train/gradient_norm_before_clip,44550.0,0.10655674338340759
train/gradient_norm_before_clip,44600.0,0.10228034853935242
train/gradient_norm_before_clip,44650.0,0.14532111585140228
train/gradient_norm_before_clip,44700.0,0.09887554496526718
train/gradient_norm_before_clip,44750.0,0.10090968757867813
train/gradient_norm_before_clip,44800.0,0.4317678213119507
train/gradient_norm_before_clip,44850.0,0.10436273366212845
train/gradient_norm_before_clip,44900.0,0.17038317024707794
train/gradient_norm_before_clip,44950.0,0.1137935221195221
train/gradient_norm_before_clip,45000.0,0.10075781494379044
train/gradient_norm_before_clip,45050.0,0.07238394767045975
train/gradient_norm_before_clip,45100.0,0.08728408068418503
train/gradient_norm_before_clip,45150.0,0.1407032012939453
train/gradient_norm_before_clip,45200.0,0.14850085973739624
train/gradient_norm_before_clip,45250.0,0.06872405856847763
train/gradient_norm_before_clip,45300.0,0.08821664750576019
train/gradient_norm_before_clip,45350.0,0.12170503288507462
train/gradient_norm_before_clip,45400.0,0.2974681556224823
train/gradient_norm_before_clip,45450.0,0.05745553597807884
train/gradient_norm_before_clip,45500.0,0.06364800035953522
train/gradient_norm_before_clip,45550.0,0.12473836541175842
train/gradient_norm_before_clip,45600.0,0.08218374848365784
train/gradient_norm_before_clip,45650.0,0.13039830327033997
train/gradient_norm_before_clip,45700.0,0.14844641089439392
train/gradient_norm_before_clip,45750.0,0.12461453676223755
train/gradient_norm_before_clip,45800.0,0.061286669224500656
train/gradient_norm_before_clip,45850.0,0.42165496945381165
train/gradient_norm_before_clip,45900.0,0.1620725840330124
train/gradient_norm_before_clip,45950.0,0.06029189005494118
train/gradient_norm_before_clip,46000.0,0.16550494730472565
train/gradient_norm_before_clip,46050.0,0.08738041669130325
train/gradient_norm_before_clip,46100.0,0.11444071680307388
train/gradient_norm_before_clip,46150.0,0.16428542137145996
train/gradient_norm_before_clip,46200.0,0.3863101601600647
train/gradient_norm_before_clip,46250.0,0.10907676815986633
train/gradient_norm_before_clip,46300.0,0.150787353515625
train/gradient_norm_before_clip,46350.0,0.1640423834323883
train/gradient_norm_before_clip,46400.0,0.17747367918491364
train/gradient_norm_before_clip,46450.0,0.10538584738969803
train/gradient_norm_before_clip,46500.0,0.14201679825782776
train/gradient_norm_before_clip,46550.0,0.30570587515830994
train/gradient_norm_before_clip,46600.0,0.0789695531129837
train/gradient_norm_before_clip,46650.0,0.30165839195251465
train/gradient_norm_before_clip,46700.0,0.14030347764492035
train/gradient_norm_before_clip,46750.0,0.17553392052650452
train/gradient_norm_before_clip,46800.0,0.33014148473739624
train/gradient_norm_before_clip,46850.0,0.06322568655014038
train/gradient_norm_before_clip,46900.0,0.1231713593006134
train/gradient_norm_before_clip,46950.0,0.06834275275468826
train/gradient_norm_before_clip,47000.0,0.150223970413208
train/gradient_norm_before_clip,47050.0,0.1513172835111618
train/gradient_norm_before_clip,47100.0,0.1076279729604721
train/gradient_norm_before_clip,47150.0,0.13147792220115662
train/gradient_norm_before_clip,47200.0,0.23316040635108948
train/gradient_norm_before_clip,47250.0,0.18436944484710693
train/gradient_norm_before_clip,47300.0,0.1449066400527954
train/gradient_norm_before_clip,47350.0,0.19123972952365875
train/gradient_norm_before_clip,47400.0,0.09083100408315659
train/gradient_norm_before_clip,47450.0,0.09256048500537872
train/gradient_norm_before_clip,47500.0,0.1748218983411789
train/gradient_norm_before_clip,47550.0,0.0789601132273674
train/gradient_norm_before_clip,47600.0,0.1110093742609024
train/gradient_norm_before_clip,47650.0,0.08439809083938599
train/gradient_norm_before_clip,47700.0,0.16194294393062592
train/gradient_norm_before_clip,47750.0,0.09756294637918472
train/gradient_norm_before_clip,47800.0,0.0866142064332962
train/gradient_norm_before_clip,47850.0,0.07693568617105484
train/gradient_norm_before_clip,47900.0,0.1321956217288971
train/gradient_norm_before_clip,47950.0,0.12441696971654892
train/gradient_norm_before_clip,48000.0,0.07271476089954376
train/gradient_norm_before_clip,48050.0,0.08474531024694443
train/gradient_norm_before_clip,48100.0,0.104274220764637
train/gradient_norm_before_clip,48150.0,0.20553483068943024
train/gradient_norm_before_clip,48200.0,0.06933194398880005
train/gradient_norm_before_clip,48250.0,0.21260090172290802
train/gradient_norm_before_clip,48300.0,0.08845485001802444
train/gradient_norm_before_clip,48350.0,0.32007718086242676
train/gradient_norm_before_clip,48400.0,0.2487407922744751
train/gradient_norm_before_clip,48450.0,0.13033375144004822
train/gradient_norm_before_clip,48500.0,0.14049264788627625
train/gradient_norm_before_clip,48550.0,0.14908567070960999
train/gradient_norm_before_clip,48600.0,0.0756956934928894
train/gradient_norm_before_clip,48650.0,0.05772142857313156
train/gradient_norm_before_clip,48700.0,0.09746819734573364
train/gradient_norm_before_clip,48750.0,0.20351967215538025
train/gradient_norm_before_clip,48800.0,0.059446971863508224
train/gradient_norm_before_clip,48850.0,0.15731331706047058
train/gradient_norm_before_clip,48900.0,0.1193045899271965
train/gradient_norm_before_clip,48950.0,0.06671455502510071
train/gradient_norm_before_clip,49000.0,0.09439188987016678
train/gradient_norm_before_clip,49050.0,0.09473513066768646
train/gradient_norm_before_clip,49100.0,0.06242875009775162
train/gradient_norm_before_clip,49150.0,0.2675778567790985
train/gradient_norm_before_clip,49200.0,0.3105117082595825
train/gradient_norm_before_clip,49250.0,0.11159799993038177
train/gradient_norm_before_clip,49300.0,0.10458288341760635
train/gradient_norm_before_clip,49350.0,0.1332993060350418
train/gradient_norm_before_clip,49400.0,0.11937315762042999
train/gradient_norm_before_clip,49450.0,0.15397681295871735
train/gradient_norm_before_clip,49500.0,0.21417246758937836
train/gradient_norm_before_clip,49550.0,0.16273221373558044
train/gradient_norm_before_clip,49600.0,0.09205576032400131
train/gradient_norm_before_clip,49650.0,0.1222110316157341
train/gradient_norm_before_clip,49700.0,0.10235412418842316
train/gradient_norm_before_clip,49750.0,0.14045915007591248
train/gradient_norm_before_clip,49800.0,0.14870589971542358
train/gradient_norm_before_clip,49850.0,0.3158957064151764
train/gradient_norm_before_clip,49900.0,0.08093966543674469
train/gradient_norm_before_clip,49950.0,0.1774851381778717
train/gradient_norm_before_clip,50000.0,0.10321946442127228
train/gradient_norm_before_clip,50050.0,0.22645772993564606
train/gradient_norm_before_clip,50100.0,0.11065614223480225
train/gradient_norm_before_clip,50150.0,0.12925906479358673
train/gradient_norm_before_clip,50200.0,0.19800683856010437
train/gradient_norm_before_clip,50250.0,0.10274683684110641
train/gradient_norm_before_clip,50300.0,0.16926655173301697
train/gradient_norm_before_clip,50350.0,0.10144054889678955
train/gradient_norm_before_clip,50400.0,0.08600230515003204
train/gradient_norm_before_clip,50450.0,0.10341127216815948
train/gradient_norm_before_clip,50500.0,0.1559796929359436
train/gradient_norm_before_clip,50550.0,0.13531994819641113
train/gradient_norm_before_clip,50600.0,0.09181757271289825
train/gradient_norm_before_clip,50650.0,0.11737745255231857
train/gradient_norm_before_clip,50700.0,0.10718531161546707
train/gradient_norm_before_clip,50750.0,0.10381787270307541
train/gradient_norm_before_clip,50800.0,0.09390679001808167
train/gradient_norm_before_clip,50850.0,0.07815142720937729
train/gradient_norm_before_clip,50900.0,0.11751602590084076
train/gradient_norm_before_clip,50950.0,0.18963657319545746
train/gradient_norm_before_clip,51000.0,0.07861489802598953
train/gradient_norm_before_clip,51050.0,0.1705702841281891
train/gradient_norm_before_clip,51100.0,0.09895829111337662
train/gradient_norm_before_clip,51150.0,0.11199507117271423
train/gradient_norm_before_clip,51200.0,0.07183139026165009
train/gradient_norm_before_clip,51250.0,0.11177936941385269
train/gradient_norm_before_clip,51300.0,0.11821997165679932
train/gradient_norm_before_clip,51350.0,0.10227613896131516
train/gradient_norm_before_clip,51400.0,0.2027982771396637
train/gradient_norm_before_clip,51450.0,0.11218524724245071
train/gradient_norm_before_clip,51500.0,0.11649443954229355
train/gradient_norm_before_clip,51550.0,0.10596276074647903
train/gradient_norm_before_clip,51600.0,0.1035948395729065
train/gradient_norm_before_clip,51650.0,0.16322888433933258
train/gradient_norm_before_clip,51700.0,0.11103032529354095
train/gradient_norm_before_clip,51750.0,0.16630597412586212
train/gradient_norm_before_clip,51800.0,0.10798132419586182
train/gradient_norm_before_clip,51850.0,0.17503423988819122
train/gradient_norm_before_clip,51900.0,0.14386235177516937
train/gradient_norm_before_clip,51950.0,0.20194748044013977
train/gradient_norm_before_clip,52000.0,0.059431083500385284
train/gradient_norm_before_clip,52050.0,0.14844927191734314
train/gradient_norm_before_clip,52100.0,0.09269071370363235
train/gradient_norm_before_clip,52150.0,0.11738914251327515
train/gradient_norm_before_clip,52200.0,0.16929930448532104
train/gradient_norm_before_clip,52250.0,0.17270436882972717
train/gradient_norm_before_clip,52300.0,0.07428886741399765
train/gradient_norm_before_clip,52350.0,0.07972266525030136
train/gradient_norm_before_clip,52400.0,0.1767560988664627
train/gradient_norm_before_clip,52450.0,0.1125355213880539
train/gradient_norm_before_clip,52500.0,0.053539372980594635
train/gradient_norm_before_clip,52550.0,0.12174712866544724
train/gradient_norm_before_clip,52600.0,0.16491277515888214
train/gradient_norm_before_clip,52650.0,0.14413976669311523
train/gradient_norm_before_clip,52700.0,0.22079166769981384
train/gradient_norm_before_clip,52750.0,0.13611891865730286
train/gradient_norm_before_clip,52800.0,0.1170264184474945
train/gradient_norm_before_clip,52850.0,0.07640191167593002
train/gradient_norm_before_clip,52900.0,0.11049021780490875
train/gradient_norm_before_clip,52950.0,0.09961585700511932
train/gradient_norm_before_clip,53000.0,0.17343756556510925
train/gradient_norm_before_clip,53050.0,0.08888393640518188
train/gradient_norm_before_clip,53100.0,0.2062729448080063
train/gradient_norm_before_clip,53150.0,0.07467669248580933
train/gradient_norm_before_clip,53200.0,0.18933288753032684
train/gradient_norm_before_clip,53250.0,0.14115963876247406
train/gradient_norm_before_clip,53300.0,0.18091605603694916
train/gradient_norm_before_clip,53350.0,0.12288185954093933
train/gradient_norm_before_clip,53400.0,0.0902901217341423
train/gradient_norm_before_clip,53450.0,0.14096635580062866
train/gradient_norm_before_clip,53500.0,0.07471323758363724
train/gradient_norm_before_clip,53550.0,0.11468181014060974
train/gradient_norm_before_clip,53600.0,0.15198896825313568
train/gradient_norm_before_clip,53650.0,0.09348428249359131
train/gradient_norm_before_clip,53700.0,0.1446307748556137
train/gradient_norm_before_clip,53750.0,0.11192458868026733
train/gradient_norm_before_clip,53800.0,0.10084811598062515
train/gradient_norm_before_clip,53850.0,0.27972444891929626
train/gradient_norm_before_clip,53900.0,0.17793169617652893
train/gradient_norm_before_clip,53950.0,0.11153032630681992
train/gradient_norm_before_clip,54000.0,0.09549788385629654
train/gradient_norm_before_clip,54050.0,0.15069526433944702
train/gradient_norm_before_clip,54100.0,0.16418538987636566
train/gradient_norm_before_clip,54150.0,0.10797174274921417
train/gradient_norm_before_clip,54200.0,0.1521153450012207
train/gradient_norm_before_clip,54250.0,0.15128114819526672
train/gradient_norm_before_clip,54300.0,0.11643300205469131
train/gradient_norm_before_clip,54350.0,0.11827103793621063
train/gradient_norm_before_clip,54400.0,0.1105053573846817
train/gradient_norm_before_clip,54450.0,0.07516275346279144
train/gradient_norm_before_clip,54500.0,0.17614313960075378
train/gradient_norm_before_clip,54550.0,0.18371252715587616
train/gradient_norm_before_clip,54600.0,0.10172054171562195
train/gradient_norm_before_clip,54650.0,0.16035744547843933
train/gradient_norm_before_clip,54700.0,0.12352462112903595
train/gradient_norm_before_clip,54750.0,0.11578220874071121
train/gradient_norm_before_clip,54800.0,0.13148798048496246
train/gradient_norm_before_clip,54850.0,0.06863454729318619
train/gradient_norm_before_clip,54900.0,0.06506906449794769
train/gradient_norm_before_clip,54950.0,0.20606955885887146
train/gradient_norm_before_clip,55000.0,0.10549763590097427
train/gradient_norm_before_clip,55050.0,0.13027548789978027
train/gradient_norm_before_clip,55100.0,0.17073498666286469
train/gradient_norm_before_clip,55150.0,0.10400509089231491
train/gradient_norm_before_clip,55200.0,0.1718224138021469
train/gradient_norm_before_clip,55250.0,0.17261898517608643
train/gradient_norm_before_clip,55300.0,0.10980235785245895
train/gradient_norm_before_clip,55350.0,0.21270853281021118
train/gradient_norm_before_clip,55400.0,0.12626409530639648
train/gradient_norm_before_clip,55450.0,0.09303022921085358
train/gradient_norm_before_clip,55500.0,0.17553161084651947
train/gradient_norm_before_clip,55550.0,0.12260176241397858
train/gradient_norm_before_clip,55600.0,0.2219904214143753
train/gradient_norm_before_clip,55650.0,0.1653098464012146
train/gradient_norm_before_clip,55700.0,0.11319763958454132
train/gradient_norm_before_clip,55750.0,0.09920452535152435
train/gradient_norm_before_clip,55800.0,0.13501617312431335
train/gradient_norm_before_clip,55850.0,0.1864592730998993
train/gradient_norm_before_clip,55900.0,0.1169348880648613
train/gradient_norm_before_clip,55950.0,0.17249827086925507
train/gradient_norm_before_clip,56000.0,0.09782818704843521
train/gradient_norm_before_clip,56050.0,0.07015322893857956
train/gradient_norm_before_clip,56100.0,0.22858217358589172
train/gradient_norm_before_clip,56150.0,0.05824447050690651
train/gradient_norm_before_clip,56200.0,0.0803464725613594
train/gradient_norm_before_clip,56250.0,0.17848847806453705
train/gradient_norm_before_clip,56300.0,0.09429989755153656
train/gradient_norm_before_clip,56350.0,0.3542522192001343
train/gradient_norm_before_clip,56400.0,0.18087992072105408
train/gradient_norm_before_clip,56450.0,0.20034196972846985
train/gradient_norm_before_clip,56500.0,0.14510756731033325
train/gradient_norm_before_clip,56550.0,0.1088993102312088
train/gradient_norm_before_clip,56600.0,0.09626183658838272
train/gradient_norm_before_clip,56650.0,0.28823840618133545
train/gradient_norm_before_clip,56700.0,0.07680747658014297
train/gradient_norm_before_clip,56750.0,0.1624481976032257
train/gradient_norm_before_clip,56800.0,0.09644496440887451
train/gradient_norm_before_clip,56850.0,0.14416956901550293
train/gradient_norm_before_clip,56900.0,0.21249233186244965
train/gradient_norm_before_clip,56950.0,0.09555521607398987
train/gradient_norm_before_clip,57000.0,0.177089661359787
train/gradient_norm_before_clip,57050.0,0.12269629538059235
train/gradient_norm_before_clip,57100.0,0.0709211677312851
train/gradient_norm_before_clip,57150.0,0.20278267562389374
train/gradient_norm_before_clip,57200.0,0.16509979963302612
train/gradient_norm_before_clip,57250.0,0.10494928807020187
train/gradient_norm_before_clip,57300.0,0.20097716152668
train/gradient_norm_before_clip,57350.0,0.19289687275886536
train/gradient_norm_before_clip,57400.0,0.08552590012550354
train/gradient_norm_before_clip,57450.0,0.18121294677257538
train/gradient_norm_before_clip,57500.0,0.1931593120098114
train/gradient_norm_before_clip,57550.0,0.11736847460269928
train/gradient_norm_before_clip,57600.0,0.16350121796131134
train/gradient_norm_before_clip,57650.0,0.22524826228618622
train/gradient_norm_before_clip,57700.0,0.19002170860767365
train/gradient_norm_before_clip,57750.0,0.30673131346702576
train/gradient_norm_before_clip,57800.0,0.5218406319618225
train/gradient_norm_before_clip,57850.0,0.11052513122558594
train/gradient_norm_before_clip,57900.0,0.16788986325263977
train/gradient_norm_before_clip,57950.0,0.1070205420255661
train/gradient_norm_before_clip,58000.0,0.09713290631771088
train/gradient_norm_before_clip,58050.0,0.14246766269207
train/gradient_norm_before_clip,58100.0,0.10266808420419693
train/gradient_norm_before_clip,58150.0,0.06860532611608505
train/gradient_norm_before_clip,58200.0,0.15565790235996246
train/gradient_norm_before_clip,58250.0,0.12455374002456665
train/gradient_norm_before_clip,58300.0,0.12402738630771637
train/gradient_norm_before_clip,58350.0,0.10091211646795273
train/gradient_norm_before_clip,58400.0,0.08164550364017487
train/gradient_norm_before_clip,58450.0,0.07813700288534164
train/gradient_norm_before_clip,58500.0,0.4088750183582306
train/gradient_norm_before_clip,58550.0,0.1736091673374176
train/gradient_norm_before_clip,58600.0,0.15739135444164276
train/gradient_norm_before_clip,58650.0,0.09120501577854156
train/gradient_norm_before_clip,58700.0,0.3580034375190735
train/gradient_norm_before_clip,58750.0,0.14511044323444366
train/gradient_norm_before_clip,58800.0,0.051939189434051514
train/gradient_norm_before_clip,58850.0,0.10082272440195084
train/gradient_norm_before_clip,58900.0,0.12947870790958405
train/gradient_norm_before_clip,58950.0,0.16769082844257355
train/gradient_norm_before_clip,59000.0,0.17458400130271912
train/gradient_norm_before_clip,59050.0,0.1695026308298111
train/gradient_norm_before_clip,59100.0,0.21710295975208282
train/gradient_norm_before_clip,59150.0,0.14448484778404236
train/gradient_norm_before_clip,59200.0,0.06759630888700485
train/gradient_norm_before_clip,59250.0,0.06813953816890717
train/gradient_norm_before_clip,59300.0,0.3436175584793091
train/gradient_norm_before_clip,59350.0,0.0990794226527214
train/gradient_norm_before_clip,59400.0,0.10767415165901184
train/gradient_norm_before_clip,59450.0,0.2752130329608917
train/gradient_norm_before_clip,59500.0,0.15040656924247742
train/gradient_norm_before_clip,59550.0,0.5014483332633972
train/gradient_norm_before_clip,59600.0,0.07843761891126633
train/gradient_norm_before_clip,59650.0,0.11699752509593964
train/gradient_norm_before_clip,59700.0,0.12582358717918396
train/gradient_norm_before_clip,59750.0,0.14468732476234436
train/gradient_norm_before_clip,59800.0,0.08972020447254181
train/gradient_norm_before_clip,59850.0,0.17240750789642334
train/gradient_norm_before_clip,59900.0,0.18438075482845306
train/gradient_norm_before_clip,59950.0,0.1436024308204651
train/gradient_norm_before_clip,60000.0,0.3828701972961426
train/gradient_norm_before_clip,60050.0,0.10428712517023087
train/gradient_norm_before_clip,60100.0,0.38694941997528076
train/gradient_norm_before_clip,60150.0,0.16250766813755035
train/gradient_norm_before_clip,60200.0,0.20666290819644928
train/gradient_norm_before_clip,60250.0,0.12465271353721619
train/gradient_norm_before_clip,60300.0,0.22100616991519928
train/gradient_norm_before_clip,60350.0,0.23222045600414276
train/gradient_norm_before_clip,60400.0,0.2743580937385559
train/gradient_norm_before_clip,60450.0,0.24149106442928314
train/gradient_norm_before_clip,60500.0,0.2390126883983612
train/gradient_norm_before_clip,60550.0,0.2997105121612549
train/gradient_norm_before_clip,60600.0,0.3253535032272339
train/gradient_norm_before_clip,60650.0,0.21961815655231476
train/gradient_norm_before_clip,60700.0,0.115098737180233
train/gradient_norm_before_clip,60750.0,0.24411198496818542
train/gradient_norm_before_clip,60800.0,0.2233152985572815
train/gradient_norm_before_clip,60850.0,0.14380481839179993
train/gradient_norm_before_clip,60900.0,0.12365986406803131
train/gradient_norm_before_clip,60950.0,0.08756482601165771
train/gradient_norm_before_clip,61000.0,0.1387714296579361
train/gradient_norm_before_clip,61050.0,0.15008065104484558
train/gradient_norm_before_clip,61100.0,0.27028903365135193
train/gradient_norm_before_clip,61150.0,0.6459853649139404
train/gradient_norm_before_clip,61200.0,0.21338176727294922
train/gradient_norm_before_clip,61250.0,0.1762458235025406
train/gradient_norm_before_clip,61300.0,0.1329306662082672
train/gradient_norm_before_clip,61350.0,0.4826364815235138
train/gradient_norm_before_clip,61400.0,0.11938449740409851
train/gradient_norm_before_clip,61450.0,0.22970065474510193
train/gradient_norm_before_clip,61500.0,0.2716963589191437
train/gradient_norm_before_clip,61550.0,0.280144065618515
train/gradient_norm_before_clip,61600.0,0.2109944075345993
train/gradient_norm_before_clip,61650.0,0.12428055703639984
train/gradient_norm_before_clip,61700.0,0.17413243651390076
train/gradient_norm_before_clip,61750.0,0.11406121402978897
train/gradient_norm_before_clip,61800.0,0.21683312952518463
train/gradient_norm_before_clip,61850.0,0.11243829131126404
train/gradient_norm_before_clip,61900.0,0.2523357570171356
train/gradient_norm_before_clip,61950.0,0.14991700649261475
train/gradient_norm_before_clip,62000.0,0.20935708284378052
train/gradient_norm_before_clip,62050.0,0.21448765695095062
train/gradient_norm_before_clip,62100.0,0.2316845953464508
train/gradient_norm_before_clip,62150.0,0.19054538011550903
train/gradient_norm_before_clip,62200.0,0.1593894213438034
train/gradient_norm_before_clip,62250.0,0.13705727458000183
train/gradient_norm_before_clip,62300.0,0.2771560251712799
train/gradient_norm_before_clip,62350.0,0.16105124354362488
train/gradient_norm_before_clip,62400.0,0.1423465609550476
train/gradient_norm_before_clip,62450.0,0.19363200664520264
train/gradient_norm_before_clip,62500.0,0.1111111268401146
train/gradient_norm_before_clip,62550.0,0.20454466342926025
train/gradient_norm_before_clip,62600.0,0.4379880130290985
train/gradient_norm_before_clip,62650.0,0.300533652305603
train/gradient_norm_before_clip,62700.0,0.2219001203775406
train/gradient_norm_before_clip,62750.0,0.1296902894973755
train/gradient_norm_before_clip,62800.0,0.12473683804273605
train/gradient_norm_before_clip,62850.0,0.46373865008354187
train/gradient_norm_before_clip,62900.0,0.12924714386463165
train/gradient_norm_before_clip,62950.0,0.1750154346227646
train/gradient_norm_before_clip,63000.0,0.11688538640737534
train/gradient_norm_before_clip,63050.0,0.19255785644054413
train/gradient_norm_before_clip,63100.0,0.24426601827144623
train/gradient_norm_before_clip,63150.0,0.2124614268541336
train/gradient_norm_before_clip,63200.0,0.26731258630752563
train/gradient_norm_before_clip,63250.0,0.301908940076828
train/gradient_norm_before_clip,63300.0,0.37303948402404785
train/gradient_norm_before_clip,63350.0,0.161030575633049
train/gradient_norm_before_clip,63400.0,0.21686652302742004
train/gradient_norm_before_clip,63450.0,0.24152159690856934
train/gradient_norm_before_clip,63500.0,0.12773773074150085
train/gradient_norm_before_clip,63550.0,0.24866396188735962
train/gradient_norm_before_clip,63600.0,0.24512796103954315
train/gradient_norm_before_clip,63650.0,0.19927184283733368
train/gradient_norm_before_clip,63700.0,0.329238623380661
train/gradient_norm_before_clip,63750.0,0.1788322627544403
train/gradient_norm_before_clip,63800.0,0.196889728307724
train/gradient_norm_before_clip,63850.0,0.2766905128955841
train/gradient_norm_before_clip,63900.0,0.21318690478801727
train/gradient_norm_before_clip,63950.0,0.19319556653499603
train/gradient_norm_before_clip,64000.0,0.20511959493160248
train/gradient_norm_before_clip,64050.0,0.33809909224510193
train/gradient_norm_before_clip,64100.0,0.2773529589176178
train/gradient_norm_before_clip,64150.0,0.2843605875968933
train/gradient_norm_before_clip,64200.0,0.2265942543745041
train/gradient_norm_before_clip,64250.0,0.25468742847442627
train/gradient_norm_before_clip,64300.0,0.2372296303510666
train/gradient_norm_before_clip,64350.0,0.2635572850704193
train/gradient_norm_before_clip,64400.0,0.5484047532081604
train/gradient_norm_before_clip,64450.0,0.21597184240818024
train/gradient_norm_before_clip,64500.0,0.13259464502334595
train/gradient_norm_before_clip,64550.0,0.08206956088542938
train/gradient_norm_before_clip,64600.0,0.16810843348503113
train/gradient_norm_before_clip,64650.0,0.23444998264312744
train/gradient_norm_before_clip,64700.0,0.2811039686203003
train/gradient_norm_before_clip,64750.0,0.1893344521522522
train/gradient_norm_before_clip,64800.0,0.20680943131446838
train/gradient_norm_before_clip,64850.0,0.25046417117118835
train/gradient_norm_before_clip,64900.0,0.15701094269752502
train/gradient_norm_before_clip,64950.0,0.17617245018482208
train/gradient_norm_before_clip,65000.0,0.21000686287879944
train/gradient_norm_before_clip,65050.0,0.1800697296857834
train/gradient_norm_before_clip,65100.0,0.3580752909183502
train/gradient_norm_before_clip,65150.0,0.23561713099479675
train/gradient_norm_before_clip,65200.0,0.2899996042251587
train/gradient_norm_before_clip,65250.0,0.26332858204841614
train/gradient_norm_before_clip,65300.0,0.12338842451572418
train/gradient_norm_before_clip,65350.0,0.20143936574459076
train/gradient_norm_before_clip,65400.0,0.23318488895893097
train/gradient_norm_before_clip,65450.0,0.14794254302978516
train/gradient_norm_before_clip,65500.0,0.11580884456634521
train/gradient_norm_before_clip,65550.0,0.15367485582828522
train/gradient_norm_before_clip,65600.0,0.14589041471481323
train/gradient_norm_before_clip,65650.0,0.16531917452812195
train/gradient_norm_before_clip,65700.0,0.32114657759666443
train/gradient_norm_before_clip,65750.0,0.19363410770893097
train/gradient_norm_before_clip,65800.0,0.1299714595079422
train/gradient_norm_before_clip,65850.0,0.14258119463920593
train/gradient_norm_before_clip,65900.0,0.20598794519901276
train/gradient_norm_before_clip,65950.0,0.27762719988822937
train/gradient_norm_before_clip,66000.0,0.10097253322601318
train/gradient_norm_before_clip,66050.0,0.11329362541437149
train/gradient_norm_before_clip,66100.0,0.13885770738124847
train/gradient_norm_before_clip,66150.0,0.17363624274730682
train/gradient_norm_before_clip,66200.0,0.12972673773765564
train/gradient_norm_before_clip,66250.0,0.12687265872955322
train/gradient_norm_before_clip,66300.0,0.23654037714004517
train/gradient_norm_before_clip,66350.0,0.3169570863246918
train/gradient_norm_before_clip,66400.0,0.1698855310678482
train/gradient_norm_before_clip,66450.0,0.18517610430717468
train/gradient_norm_before_clip,66500.0,0.1480945646762848
train/gradient_norm_before_clip,66550.0,0.2654516100883484
train/gradient_norm_before_clip,66600.0,0.24010558426380157
train/gradient_norm_before_clip,66650.0,0.11514022201299667
train/gradient_norm_before_clip,66700.0,0.13119247555732727
train/gradient_norm_before_clip,66750.0,0.16923610866069794
train/gradient_norm_before_clip,66800.0,0.11221763491630554
train/gradient_norm_before_clip,66850.0,0.17361976206302643
train/gradient_norm_before_clip,66900.0,0.3082679510116577
train/gradient_norm_before_clip,66950.0,0.22796350717544556
train/gradient_norm_before_clip,67000.0,0.30701619386672974
train/gradient_norm_before_clip,67050.0,0.1695680469274521
train/gradient_norm_before_clip,67100.0,0.30770251154899597
train/gradient_norm_before_clip,67150.0,0.35192736983299255
train/gradient_norm_before_clip,67200.0,0.3000815808773041
train/gradient_norm_before_clip,67250.0,0.23739470541477203
train/gradient_norm_before_clip,67300.0,0.2066582590341568
train/gradient_norm_before_clip,67350.0,0.23076987266540527
train/gradient_norm_before_clip,67400.0,0.2662208676338196
train/gradient_norm_before_clip,67450.0,0.20064577460289001
train/gradient_norm_before_clip,67500.0,0.22204141318798065
train/gradient_norm_before_clip,67550.0,0.2659427523612976
train/gradient_norm_before_clip,67600.0,0.1357257217168808
train/gradient_norm_before_clip,67650.0,0.20016738772392273
train/gradient_norm_before_clip,67700.0,0.31590238213539124
train/gradient_norm_before_clip,67750.0,0.22014418244361877
train/gradient_norm_before_clip,67800.0,0.2793900966644287
train/gradient_norm_before_clip,67850.0,0.07763239741325378
train/gradient_norm_before_clip,67900.0,0.1468786597251892
train/gradient_norm_before_clip,67950.0,0.2514573931694031
train/gradient_norm_before_clip,68000.0,0.2610127031803131
train/gradient_norm_before_clip,68050.0,0.1968833953142166
train/gradient_norm_before_clip,68100.0,0.10300271958112717
train/gradient_norm_before_clip,68150.0,0.10454631596803665
train/gradient_norm_before_clip,68200.0,0.17076198756694794
train/gradient_norm_before_clip,68250.0,0.16000278294086456
train/gradient_norm_before_clip,68300.0,0.2671286463737488
train/gradient_norm_before_clip,68350.0,0.2204907089471817
train/gradient_norm_before_clip,68400.0,0.290693461894989
train/gradient_norm_before_clip,68450.0,0.10453625023365021
train/gradient_norm_before_clip,68500.0,0.11267662793397903
train/gradient_norm_before_clip,68550.0,0.14522475004196167
train/gradient_norm_before_clip,68600.0,0.17476876080036163
train/gradient_norm_before_clip,68650.0,0.17192336916923523
train/gradient_norm_before_clip,68700.0,0.15738803148269653
train/gradient_norm_before_clip,68750.0,0.08805453777313232
train/gradient_norm_before_clip,68800.0,0.1644974946975708
train/gradient_norm_before_clip,68850.0,0.16254836320877075
train/gradient_norm_before_clip,68900.0,0.1826128363609314
train/gradient_norm_before_clip,68950.0,0.1928120255470276
train/gradient_norm_before_clip,69000.0,0.15493294596672058
train/gradient_norm_before_clip,69050.0,0.12459741532802582
train/gradient_norm_before_clip,69100.0,0.19586490094661713
train/gradient_norm_before_clip,69150.0,0.15670813620090485
train/gradient_norm_before_clip,69200.0,0.45726630091667175
train/gradient_norm_before_clip,69250.0,0.11367218941450119
train/gradient_norm_before_clip,69300.0,0.24331553280353546
train/gradient_norm_before_clip,69350.0,0.08330827206373215
train/gradient_norm_before_clip,69400.0,0.4497372508049011
train/gradient_norm_before_clip,69450.0,0.10872243344783783
train/gradient_norm_before_clip,69500.0,0.12471336126327515
train/gradient_norm_before_clip,69550.0,0.30180975794792175
train/gradient_norm_before_clip,69600.0,0.2773799002170563
train/gradient_norm_before_clip,69650.0,0.1701376885175705
train/gradient_norm_before_clip,69700.0,0.2622932195663452
train/gradient_norm_before_clip,69750.0,0.19324398040771484
train/gradient_norm_before_clip,69800.0,0.10707439482212067
train/gradient_norm_before_clip,69850.0,0.13375231623649597
train/gradient_norm_before_clip,69900.0,0.16464638710021973
train/gradient_norm_before_clip,69950.0,0.4396197199821472
train/gradient_norm_before_clip,70000.0,0.31762319803237915
train/gradient_norm_before_clip,70050.0,0.12822286784648895
train/gradient_norm_before_clip,70100.0,0.11109383404254913
train/gradient_norm_before_clip,70150.0,0.3813380300998688
train/gradient_norm_before_clip,70200.0,0.1799318492412567
train/gradient_norm_before_clip,70250.0,0.3254595398902893
train/gradient_norm_before_clip,70300.0,0.11426413804292679
train/gradient_norm_before_clip,70350.0,0.3380960524082184
train/gradient_norm_before_clip,70400.0,0.1126096174120903
train/gradient_norm_before_clip,70450.0,0.09823014587163925
train/gradient_norm_before_clip,70500.0,0.0867396667599678
train/gradient_norm_before_clip,70550.0,0.16271543502807617
train/gradient_norm_before_clip,70600.0,0.1537301391363144
train/gradient_norm_before_clip,70650.0,0.1476152539253235
train/gradient_norm_before_clip,70700.0,0.2505809962749481
train/gradient_norm_before_clip,70750.0,0.18796087801456451
train/gradient_norm_before_clip,70800.0,0.10736293345689774
train/gradient_norm_before_clip,70850.0,0.10782810300588608
train/gradient_norm_before_clip,70900.0,0.2118806689977646
train/gradient_norm_before_clip,70950.0,0.21708062291145325
train/gradient_norm_before_clip,71000.0,0.2802691161632538
train/gradient_norm_before_clip,71050.0,0.11100854724645615
train/gradient_norm_before_clip,71100.0,0.18017908930778503
train/gradient_norm_before_clip,71150.0,0.09756435453891754
train/gradient_norm_before_clip,71200.0,0.22742028534412384
train/gradient_norm_before_clip,71250.0,0.4490523040294647
train/gradient_norm_before_clip,71300.0,0.18040215969085693
train/gradient_norm_before_clip,71350.0,0.18304483592510223
train/gradient_norm_before_clip,71400.0,0.19063611328601837
train/gradient_norm_before_clip,71450.0,0.14935241639614105
train/gradient_norm_before_clip,71500.0,0.12321068346500397
train/gradient_norm_before_clip,71550.0,0.16178789734840393
train/gradient_norm_before_clip,71600.0,0.11843446642160416
train/gradient_norm_before_clip,71650.0,0.09388937056064606
train/gradient_norm_before_clip,71700.0,0.15774914622306824
train/gradient_norm_before_clip,71750.0,0.4171143174171448
train/gradient_norm_before_clip,71800.0,0.17476335167884827
train/gradient_norm_before_clip,71850.0,0.2780708372592926
train/gradient_norm_before_clip,71900.0,0.13190515339374542
train/gradient_norm_before_clip,71950.0,0.15813983976840973
train/gradient_norm_before_clip,72000.0,0.21300341188907623
train/gradient_norm_before_clip,72050.0,0.3470814824104309
train/gradient_norm_before_clip,72100.0,0.13325104117393494
train/gradient_norm_before_clip,72150.0,0.25478431582450867
train/gradient_norm_before_clip,72200.0,0.11042474955320358
train/gradient_norm_before_clip,72250.0,0.18803523480892181
train/gradient_norm_before_clip,72300.0,0.3518833518028259
train/gradient_norm_before_clip,72350.0,0.20513279736042023
train/gradient_norm_before_clip,72400.0,0.1327594369649887
train/gradient_norm_before_clip,72450.0,0.09406015276908875
train/gradient_norm_before_clip,72500.0,0.16337816417217255
train/gradient_norm_before_clip,72550.0,0.13916710019111633
train/gradient_norm_before_clip,72600.0,0.14560526609420776
train/gradient_norm_before_clip,72650.0,0.10935752838850021
train/gradient_norm_before_clip,72700.0,0.12846790254116058
train/gradient_norm_before_clip,72750.0,0.18211130797863007
train/gradient_norm_before_clip,72800.0,0.36901208758354187
train/gradient_norm_before_clip,72850.0,0.30757689476013184
train/gradient_norm_before_clip,72900.0,0.9509236216545105
train/gradient_norm_before_clip,72950.0,0.23697221279144287
train/gradient_norm_before_clip,73000.0,0.1045776903629303
train/gradient_norm_before_clip,73050.0,0.27978673577308655
train/gradient_norm_before_clip,73100.0,0.28208622336387634
train/gradient_norm_before_clip,73150.0,0.24055948853492737
train/gradient_norm_before_clip,73200.0,0.1104063019156456
train/gradient_norm_before_clip,73250.0,0.18756462633609772
train/gradient_norm_before_clip,73300.0,0.18682190775871277
train/gradient_norm_before_clip,73350.0,0.11538215726613998
train/gradient_norm_before_clip,73400.0,0.12206846475601196
train/gradient_norm_before_clip,73450.0,0.1167205348610878
train/gradient_norm_before_clip,73500.0,0.2656324505805969
train/gradient_norm_before_clip,73550.0,0.3083648681640625
train/gradient_norm_before_clip,73600.0,0.1365262120962143
train/gradient_norm_before_clip,73650.0,0.14183683693408966
train/gradient_norm_before_clip,73700.0,0.17430928349494934
train/gradient_norm_before_clip,73750.0,0.2571910619735718
train/gradient_norm_before_clip,73800.0,0.19472812116146088
train/gradient_norm_before_clip,73850.0,0.30164334177970886
train/gradient_norm_before_clip,73900.0,0.13491719961166382
train/gradient_norm_before_clip,73950.0,0.4195587933063507
train/gradient_norm_before_clip,74000.0,0.42569684982299805
train/gradient_norm_before_clip,74050.0,0.1280994564294815
train/gradient_norm_before_clip,74100.0,0.24218705296516418
train/gradient_norm_before_clip,74150.0,0.15410959720611572
train/gradient_norm_before_clip,74200.0,0.10535437613725662
train/gradient_norm_before_clip,74250.0,0.30904561281204224
train/gradient_norm_before_clip,74300.0,0.2265392392873764
train/gradient_norm_before_clip,74350.0,0.27546265721321106
train/gradient_norm_before_clip,74400.0,0.22973987460136414
train/gradient_norm_before_clip,74450.0,0.19730396568775177
train/gradient_norm_before_clip,74500.0,0.16926059126853943
train/gradient_norm_before_clip,74550.0,0.1245853528380394
train/gradient_norm_before_clip,74600.0,0.1986006796360016
train/gradient_norm_before_clip,74650.0,0.1600753366947174
train/gradient_norm_before_clip,74700.0,0.2439449429512024
train/gradient_norm_before_clip,74750.0,0.3025062084197998
train/gradient_norm_before_clip,74800.0,0.09727020561695099
train/gradient_norm_before_clip,74850.0,0.11386549472808838
train/gradient_norm_before_clip,74900.0,0.22945842146873474
train/gradient_norm_before_clip,74950.0,0.5983979105949402
train/gradient_norm_before_clip,75000.0,0.19658400118350983
train/gradient_norm_before_clip,75050.0,0.15973076224327087
train/gradient_norm_before_clip,75100.0,0.18125209212303162
train/gradient_norm_before_clip,75150.0,0.30706751346588135
train/gradient_norm_before_clip,75200.0,0.2534323036670685
train/gradient_norm_before_clip,75250.0,0.19568133354187012
train/gradient_norm_before_clip,75300.0,0.31039634346961975
train/gradient_norm_before_clip,75350.0,0.14028510451316833
train/gradient_norm_before_clip,75400.0,0.1048712506890297
train/gradient_norm_before_clip,75450.0,0.22326934337615967
train/gradient_norm_before_clip,75500.0,0.14403443038463593
train/gradient_norm_before_clip,75550.0,0.1685837209224701
train/gradient_norm_before_clip,75600.0,0.18373392522335052
train/gradient_norm_before_clip,75650.0,0.1674140989780426
train/gradient_norm_before_clip,75700.0,0.11773413419723511
train/gradient_norm_before_clip,75750.0,0.14002066850662231
train/gradient_norm_before_clip,75800.0,0.1870535910129547
train/gradient_norm_before_clip,75850.0,0.1646328568458557
train/gradient_norm_before_clip,75900.0,0.12062723189592361
train/gradient_norm_before_clip,75950.0,0.15382692217826843
train/gradient_norm_before_clip,76000.0,0.18577608466148376
train/gradient_norm_before_clip,76050.0,0.15064959228038788
train/gradient_norm_before_clip,76100.0,0.1332876831293106
train/gradient_norm_before_clip,76150.0,0.09967362880706787
train/gradient_norm_before_clip,76200.0,0.22242853045463562
train/gradient_norm_before_clip,76250.0,0.1884021908044815
train/gradient_norm_before_clip,76300.0,0.16541466116905212
train/gradient_norm_before_clip,76350.0,0.11253365129232407
train/gradient_norm_before_clip,76400.0,0.28237494826316833
train/gradient_norm_before_clip,76450.0,0.07642355561256409
train/gradient_norm_before_clip,76500.0,0.12132097780704498
train/gradient_norm_before_clip,76550.0,0.11205686628818512
train/gradient_norm_before_clip,76600.0,0.14519734680652618
train/gradient_norm_before_clip,76650.0,0.15273170173168182
train/gradient_norm_before_clip,76700.0,0.1708368957042694
train/gradient_norm_before_clip,76750.0,0.6132284998893738
train/gradient_norm_before_clip,76800.0,0.10033459216356277
train/gradient_norm_before_clip,76850.0,0.2475081831216812
train/gradient_norm_before_clip,76900.0,0.2786657512187958
train/gradient_norm_before_clip,76950.0,0.34647274017333984
train/gradient_norm_before_clip,77000.0,0.3817947804927826
train/gradient_norm_before_clip,77050.0,0.16154488921165466
train/gradient_norm_before_clip,77100.0,0.11303484439849854
train/gradient_norm_before_clip,77150.0,0.1947241574525833
train/gradient_norm_before_clip,77200.0,0.2889774739742279
train/gradient_norm_before_clip,77250.0,0.11958424001932144
train/gradient_norm_before_clip,77300.0,0.23207445442676544
train/gradient_norm_before_clip,77350.0,0.15611839294433594
train/gradient_norm_before_clip,77400.0,0.27681833505630493
train/gradient_norm_before_clip,77450.0,0.19538143277168274
train/gradient_norm_before_clip,77500.0,0.08225910365581512
train/gradient_norm_before_clip,77550.0,0.16528648138046265
train/gradient_norm_before_clip,77600.0,0.1793803721666336
train/gradient_norm_before_clip,77650.0,0.1594218611717224
train/gradient_norm_before_clip,77700.0,0.08934873342514038
train/gradient_norm_before_clip,77750.0,0.1405053436756134
train/gradient_norm_before_clip,77800.0,0.09644878655672073
train/gradient_norm_before_clip,77850.0,0.21185453236103058
train/gradient_norm_before_clip,77900.0,0.1601405292749405
train/gradient_norm_before_clip,77950.0,0.26397013664245605
train/gradient_norm_before_clip,78000.0,0.07955817878246307
train/gradient_norm_before_clip,78050.0,0.4623655378818512
train/gradient_norm_before_clip,78100.0,0.12917441129684448
train/gradient_norm_before_clip,78150.0,0.11934516578912735
train/gradient_norm_before_clip,78200.0,0.13383758068084717
train/gradient_norm_before_clip,78250.0,0.13261590898036957
train/gradient_norm_before_clip,78300.0,0.27187851071357727
train/gradient_norm_before_clip,78350.0,0.1969306617975235
train/gradient_norm_before_clip,78400.0,0.2233695387840271
train/gradient_norm_before_clip,78450.0,0.32105395197868347
train/gradient_norm_before_clip,78500.0,0.14931368827819824
train/gradient_norm_before_clip,78550.0,0.11978771537542343
train/gradient_norm_before_clip,78600.0,0.20780090987682343
train/gradient_norm_before_clip,78650.0,0.2767990827560425
train/gradient_norm_before_clip,78700.0,0.1148957833647728
train/gradient_norm_before_clip,78750.0,0.13383103907108307
train/gradient_norm_before_clip,78800.0,0.1836203783750534
train/gradient_norm_before_clip,78850.0,0.15592370927333832
train/gradient_norm_before_clip,78900.0,0.12328465282917023
train/gradient_norm_before_clip,78950.0,0.20482775568962097
train/gradient_norm_before_clip,79000.0,0.12060914933681488
train/gradient_norm_before_clip,79050.0,0.12480709701776505
train/gradient_norm_before_clip,79100.0,0.134813129901886
train/gradient_norm_before_clip,79150.0,0.29483410716056824
train/gradient_norm_before_clip,79200.0,0.12622907757759094
train/gradient_norm_before_clip,79250.0,0.1414751261472702
train/gradient_norm_before_clip,79300.0,0.09346369653940201
train/gradient_norm_before_clip,79350.0,0.11156881600618362
train/gradient_norm_before_clip,79400.0,0.1336420178413391
train/gradient_norm_before_clip,79450.0,0.174361452460289
train/gradient_norm_before_clip,79500.0,0.11902765929698944
train/gradient_norm_before_clip,79550.0,0.1676298975944519
train/gradient_norm_before_clip,79600.0,0.08750750124454498
train/gradient_norm_before_clip,79650.0,0.3799467980861664
train/gradient_norm_before_clip,79700.0,0.18029457330703735
train/gradient_norm_before_clip,79750.0,0.1390175074338913
train/gradient_norm_before_clip,79800.0,0.2066921591758728
train/gradient_norm_before_clip,79850.0,0.10267113894224167
train/gradient_norm_before_clip,79900.0,0.1418970227241516
train/gradient_norm_before_clip,79950.0,0.17816612124443054
train/gradient_norm_before_clip,80000.0,0.1606937050819397
train_interval/l1,4000.0,0.062426984310150146
train_interval/l1,8000.0,0.05088631063699722
train_interval/l1,12000.0,0.04985716566443443
train_interval/l1,16000.0,0.049121394753456116
train_interval/l1,20000.0,0.048640135675668716
train_interval/l1,24000.0,0.04821045696735382
train_interval/l1,28000.0,0.04789047688245773
train_interval/l1,32000.0,0.04746918007731438
train_interval/l1,36000.0,0.047236569225788116
train_interval/l1,40000.0,0.046925853937864304
train_interval/l1,44000.0,0.04668596386909485
train_interval/l1,48000.0,0.0465240553021431
train_interval/l1,52000.0,0.04635710269212723
train_interval/l1,56000.0,0.04619918763637543
train_interval/l1,60000.0,0.046154532581567764
train_interval/l1,64000.0,0.04779837280511856
train_interval/l1,68000.0,0.047553688287734985
train_interval/l1,72000.0,0.04725601151585579
train_interval/l1,76000.0,0.0469563826918602
train_interval/l1,80000.0,0.046793416142463684
train_interval/loss,4000.0,0.062426984310150146
train_interval/loss,8000.0,0.05088631063699722
train_interval/loss,12000.0,0.04985716566443443
train_interval/loss,16000.0,0.049121394753456116
train_interval/loss,20000.0,0.048640135675668716
train_interval/loss,24000.0,0.04821045696735382
train_interval/loss,28000.0,0.04789047688245773
train_interval/loss,32000.0,0.04746918007731438
train_interval/loss,36000.0,0.047236569225788116
train_interval/loss,40000.0,0.046925853937864304
train_interval/loss,44000.0,0.04668596386909485
train_interval/loss,48000.0,0.0465240553021431
train_interval/loss,52000.0,0.04635710269212723
train_interval/loss,56000.0,0.04619918763637543
train_interval/loss,60000.0,0.046154532581567764
train_interval/loss,64000.0,0.06958109140396118
train_interval/loss,68000.0,0.06853882968425751
train_interval/loss,72000.0,0.06797158718109131
train_interval/loss,76000.0,0.06748323887586594
train_interval/loss,80000.0,0.06721759587526321
train_interval/lpips,4000.0,0.0
train_interval/lpips,8000.0,0.0
train_interval/lpips,12000.0,0.0
train_interval/lpips,16000.0,0.0
train_interval/lpips,20000.0,0.0
train_interval/lpips,24000.0,0.0
train_interval/lpips,28000.0,0.0
train_interval/lpips,32000.0,0.0
train_interval/lpips,36000.0,0.0
train_interval/lpips,40000.0,0.0
train_interval/lpips,44000.0,0.0
train_interval/lpips,48000.0,0.0
train_interval/lpips,52000.0,0.0
train_interval/lpips,56000.0,0.0
train_interval/lpips,60000.0,0.0
train_interval/lpips,64000.0,0.2293856143951416
train_interval/lpips,68000.0,0.21493087708950043
train_interval/lpips,72000.0,0.21118763089179993
train_interval/lpips,76000.0,0.20901447534561157
train_interval/lpips,80000.0,0.2079036384820938
train_interval/lpips_weighted,4000.0,0.0
train_interval/lpips_weighted,8000.0,0.0
train_interval/lpips_weighted,12000.0,0.0
train_interval/lpips_weighted,16000.0,0.0
train_interval/lpips_weighted,20000.0,0.0
train_interval/lpips_weighted,24000.0,0.0
train_interval/lpips_weighted,28000.0,0.0
train_interval/lpips_weighted,32000.0,0.0
train_interval/lpips_weighted,36000.0,0.0
train_interval/lpips_weighted,40000.0,0.0
train_interval/lpips_weighted,44000.0,0.0
train_interval/lpips_weighted,48000.0,0.0
train_interval/lpips_weighted,52000.0,0.0
train_interval/lpips_weighted,56000.0,0.0
train_interval/lpips_weighted,60000.0,0.0
train_interval/lpips_weighted,64000.0,0.01146928034722805
train_interval/lpips_weighted,68000.0,0.010746544227004051
train_interval/lpips_weighted,72000.0,0.010559381917119026
train_interval/lpips_weighted,76000.0,0.010450724512338638
train_interval/lpips_weighted,80000.0,0.01039518229663372
train_interval/reconstruction,4000.0,0.062426984310150146
train_interval/reconstruction,8000.0,0.05088631063699722
train_interval/reconstruction,12000.0,0.04985716566443443
train_interval/reconstruction,16000.0,0.049121394753456116
train_interval/reconstruction,20000.0,0.048640135675668716
train_interval/reconstruction,24000.0,0.04821045696735382
train_interval/reconstruction,28000.0,0.04789047688245773
train_interval/reconstruction,32000.0,0.04746918007731438
train_interval/reconstruction,36000.0,0.047236569225788116
train_interval/reconstruction,40000.0,0.046925853937864304
train_interval/reconstruction,44000.0,0.04668596386909485
train_interval/reconstruction,48000.0,0.0465240553021431
train_interval/reconstruction,52000.0,0.04635710269212723
train_interval/reconstruction,56000.0,0.04619918763637543
train_interval/reconstruction,60000.0,0.046154532581567764
train_interval/reconstruction,64000.0,0.05811181291937828
train_interval/reconstruction,68000.0,0.057792287319898605
train_interval/reconstruction,72000.0,0.05741220340132713
train_interval/reconstruction,76000.0,0.0570325143635273
train_interval/reconstruction,80000.0,0.05682241544127464
train_interval/velocity_mse,4000.0,0.0
train_interval/velocity_mse,8000.0,0.0
train_interval/velocity_mse,12000.0,0.0
train_interval/velocity_mse,16000.0,0.0
train_interval/velocity_mse,20000.0,0.0
train_interval/velocity_mse,24000.0,0.0
train_interval/velocity_mse,28000.0,0.0
train_interval/velocity_mse,32000.0,0.0
train_interval/velocity_mse,36000.0,0.0
train_interval/velocity_mse,40000.0,0.0
train_interval/velocity_mse,44000.0,0.0
train_interval/velocity_mse,48000.0,0.0
train_interval/velocity_mse,52000.0,0.0
train_interval/velocity_mse,56000.0,0.0
train_interval/velocity_mse,60000.0,0.0
train_interval/velocity_mse,64000.0,0.0
train_interval/velocity_mse,68000.0,0.0
train_interval/velocity_mse,72000.0,0.0
train_interval/velocity_mse,76000.0,0.0
train_interval/velocity_mse,80000.0,0.0
system/train_images_per_second,4000.0,709.7882690429688
system/train_images_per_second,8000.0,1172.7154541015625
system/train_images_per_second,12000.0,1313.8148193359375
system/train_images_per_second,16000.0,1298.04150390625
system/train_images_per_second,20000.0,1296.3599853515625
system/train_images_per_second,24000.0,1290.0736083984375
system/train_images_per_second,28000.0,1304.369873046875
system/train_images_per_second,32000.0,1297.55078125
system/train_images_per_second,36000.0,1302.9815673828125
system/train_images_per_second,40000.0,1300.4031982421875
system/train_images_per_second,44000.0,1296.8382568359375
system/train_images_per_second,48000.0,1299.8040771484375
system/train_images_per_second,52000.0,1309.5277099609375
system/train_images_per_second,56000.0,1296.3685302734375
system/train_images_per_second,60000.0,1308.40087890625
system/train_images_per_second,64000.0,1155.7427978515625
system/train_images_per_second,68000.0,1161.35791015625
system/train_images_per_second,72000.0,1154.8411865234375
system/train_images_per_second,76000.0,1160.305908203125
system/train_images_per_second,80000.0,1161.2706298828125
system/validation_seconds,4000.0,6.399177551269531
system/validation_seconds,8000.0,5.3933024406433105
system/validation_seconds,12000.0,5.376373767852783
system/validation_seconds,16000.0,5.35992431640625
system/validation_seconds,20000.0,5.358828544616699
system/validation_seconds,24000.0,5.393681526184082
system/validation_seconds,28000.0,5.382680892944336
system/validation_seconds,32000.0,5.418289661407471
system/validation_seconds,36000.0,5.401193618774414
system/validation_seconds,40000.0,5.379715442657471
system/validation_seconds,44000.0,5.351789951324463
system/validation_seconds,48000.0,5.447600364685059
system/validation_seconds,52000.0,5.343245029449463
system/validation_seconds,56000.0,5.352729320526123
system/validation_seconds,60000.0,5.359766006469727
system/validation_seconds,64000.0,5.369121551513672
system/validation_seconds,68000.0,5.382624626159668
system/validation_seconds,72000.0,5.354770660400391
system/validation_seconds,76000.0,5.34775447845459
system/validation_seconds,80000.0,5.3130388259887695
system/sampler_epoch,4000.0,0.0
system/sampler_epoch,8000.0,1.0
system/sampler_epoch,12000.0,1.0
system/sampler_epoch,16000.0,2.0
system/sampler_epoch,20000.0,2.0
system/sampler_epoch,24000.0,3.0
system/sampler_epoch,28000.0,3.0
system/sampler_epoch,32000.0,4.0
system/sampler_epoch,36000.0,4.0
system/sampler_epoch,40000.0,5.0
system/sampler_epoch,44000.0,5.0
system/sampler_epoch,48000.0,6.0
system/sampler_epoch,52000.0,6.0
system/sampler_epoch,56000.0,7.0
system/sampler_epoch,60000.0,7.0
system/sampler_epoch,64000.0,8.0
system/sampler_epoch,68000.0,8.0
system/sampler_epoch,72000.0,9.0
system/sampler_epoch,76000.0,9.0
system/sampler_epoch,80000.0,10.0
system/training_tiles_seen,4000.0,128000.0
system/training_tiles_seen,8000.0,256000.0
system/training_tiles_seen,12000.0,384000.0
system/training_tiles_seen,16000.0,512000.0
system/training_tiles_seen,20000.0,640000.0
system/training_tiles_seen,24000.0,768000.0
system/training_tiles_seen,28000.0,896000.0
system/training_tiles_seen,32000.0,1024000.0
system/training_tiles_seen,36000.0,1152000.0
system/training_tiles_seen,40000.0,1280000.0
system/training_tiles_seen,44000.0,1408000.0
system/training_tiles_seen,48000.0,1536000.0
system/training_tiles_seen,52000.0,1664000.0
system/training_tiles_seen,56000.0,1792000.0
system/training_tiles_seen,60000.0,1920000.0
system/training_tiles_seen,64000.0,2048000.0
system/training_tiles_seen,68000.0,2176000.0
system/training_tiles_seen,72000.0,2304000.0
system/training_tiles_seen,76000.0,2432000.0
system/training_tiles_seen,80000.0,2560000.0
system/peak_memory_gb_max_all_gpus,4000.0,3.0285189151763916
system/peak_memory_gb_max_all_gpus,8000.0,3.063122510910034
system/peak_memory_gb_max_all_gpus,12000.0,3.063122510910034
system/peak_memory_gb_max_all_gpus,16000.0,3.063122510910034
system/peak_memory_gb_max_all_gpus,20000.0,3.063122510910034
system/peak_memory_gb_max_all_gpus,24000.0,3.063122510910034
system/peak_memory_gb_max_all_gpus,28000.0,3.063122510910034
system/peak_memory_gb_max_all_gpus,32000.0,3.063122510910034
system/peak_memory_gb_max_all_gpus,36000.0,3.063122510910034
system/peak_memory_gb_max_all_gpus,40000.0,3.063122510910034
system/peak_memory_gb_max_all_gpus,44000.0,3.063122510910034
system/peak_memory_gb_max_all_gpus,48000.0,3.063122510910034
system/peak_memory_gb_max_all_gpus,52000.0,3.063122510910034
system/peak_memory_gb_max_all_gpus,56000.0,3.063122510910034
system/peak_memory_gb_max_all_gpus,60000.0,3.063122510910034
system/peak_memory_gb_max_all_gpus,64000.0,3.063124895095825
system/peak_memory_gb_max_all_gpus,68000.0,3.063124895095825
system/peak_memory_gb_max_all_gpus,72000.0,3.063124895095825
system/peak_memory_gb_max_all_gpus,76000.0,3.063124895095825
system/peak_memory_gb_max_all_gpus,80000.0,3.063124895095825
train_interval/charbonnier,64000.0,0.04789166897535324
train_interval/charbonnier,68000.0,0.04764791578054428
train_interval/charbonnier,72000.0,0.04735049977898598
train_interval/charbonnier,76000.0,0.0470520481467247
train_interval/charbonnier,80000.0,0.046889353543519974
train_interval/multiscale,64000.0,0.04106716066598892
train_interval/multiscale,68000.0,0.04076593741774559
train_interval/multiscale,72000.0,0.0404357835650444
train_interval/multiscale,76000.0,0.040113192051649094
train_interval/multiscale,80000.0,0.03992411494255066
