tag,step_or_epoch,value
train/adversarial,50.0,0.7497578859329224
train/adversarial,100.0,2.8385162353515625
train/adversarial,150.0,1.469541311264038
train/adversarial,200.0,1.9334527254104614
train/adversarial,250.0,2.1766607761383057
train/adversarial,300.0,2.8441808223724365
train/adversarial,350.0,2.826066255569458
train/adversarial,400.0,1.4055272340774536
train/adversarial,450.0,0.8648009300231934
train/adversarial,500.0,2.216153383255005
train/adversarial,550.0,0.6053491830825806
train/adversarial,600.0,1.2430479526519775
train/adversarial,650.0,1.1543142795562744
train/adversarial,700.0,1.0855308771133423
train/adversarial,750.0,1.0274643898010254
train/adversarial,800.0,0.8159056305885315
train/adversarial,850.0,1.67083740234375
train/adversarial,900.0,2.5373802185058594
train/adversarial,950.0,0.9824132323265076
train/adversarial,1000.0,0.9260762929916382
train/adversarial,1050.0,2.5220675468444824
train/adversarial,1100.0,0.6528997421264648
train/adversarial,1150.0,1.5549659729003906
train/adversarial,1200.0,0.41961586475372314
train/adversarial,1250.0,1.2487236261367798
train/adversarial,1300.0,1.0861577987670898
train/adversarial,1350.0,1.4632856845855713
train/adversarial,1400.0,1.2502210140228271
train/adversarial,1450.0,0.9751256108283997
train/adversarial,1500.0,1.643355131149292
train/adversarial,1550.0,1.173094630241394
train/adversarial,1600.0,0.8950923681259155
train/adversarial,1650.0,0.9295864105224609
train/adversarial,1700.0,1.0193030834197998
train/adversarial,1750.0,0.5443153977394104
train/adversarial,1800.0,1.1551328897476196
train/adversarial,1850.0,2.952296257019043
train/adversarial,1900.0,1.2252411842346191
train/adversarial,1950.0,1.060103178024292
train/adversarial,2000.0,0.9644216895103455
train/adversarial,2050.0,1.905446171760559
train/adversarial,2100.0,1.046663761138916
train/adversarial,2150.0,1.0441713333129883
train/adversarial,2200.0,0.7369357943534851
train/adversarial,2250.0,0.7855098247528076
train/adversarial,2300.0,0.9560378789901733
train/adversarial,2350.0,0.8671731352806091
train/adversarial,2400.0,0.90229731798172
train/adversarial,2450.0,0.5989896655082703
train/adversarial,2500.0,1.6377677917480469
train/adversarial,2550.0,0.5326327085494995
train/adversarial,2600.0,0.5720939040184021
train/adversarial,2650.0,1.263246774673462
train/adversarial,2700.0,1.5234441757202148
train/adversarial,2750.0,1.8169959783554077
train/adversarial,2800.0,1.1059138774871826
train/adversarial,2850.0,1.0366343259811401
train/adversarial,2900.0,1.2501405477523804
train/adversarial,2950.0,1.5844829082489014
train/adversarial,3000.0,0.8821595311164856
train/adversarial,3050.0,1.29958176612854
train/adversarial,3100.0,1.1073594093322754
train/adversarial,3150.0,0.8395856022834778
train/adversarial,3200.0,0.9802095890045166
train/adversarial,3250.0,1.3262704610824585
train/adversarial,3300.0,0.6365144848823547
train/adversarial,3350.0,1.3200732469558716
train/adversarial,3400.0,1.5870877504348755
train/adversarial,3450.0,1.1295527219772339
train/adversarial,3500.0,1.024614930152893
train/adversarial,3550.0,0.922345757484436
train/adversarial,3600.0,1.316893219947815
train/adversarial,3650.0,0.7488543391227722
train/adversarial,3700.0,0.4960824251174927
train/adversarial,3750.0,0.5932965278625488
train/adversarial,3800.0,0.7348441481590271
train/adversarial,3850.0,1.2529351711273193
train/adversarial,3900.0,0.8796995878219604
train/adversarial,3950.0,0.8186537027359009
train/adversarial,4000.0,1.9672861099243164
train/adversarial,4050.0,1.1264584064483643
train/adversarial,4100.0,1.0204014778137207
train/adversarial,4150.0,1.8279680013656616
train/adversarial,4200.0,0.587500810623169
train/adversarial,4250.0,1.915066123008728
train/adversarial,4300.0,0.5273228287696838
train/adversarial,4350.0,0.9909188151359558
train/adversarial,4400.0,0.7262591123580933
train/adversarial,4450.0,0.7865437865257263
train/adversarial,4500.0,1.0684411525726318
train/adversarial,4550.0,1.4318243265151978
train/adversarial,4600.0,1.278708815574646
train/adversarial,4650.0,0.805496871471405
train/adversarial,4700.0,1.813962697982788
train/adversarial,4750.0,1.2498453855514526
train/adversarial,4800.0,0.559108316898346
train/adversarial,4850.0,1.4010725021362305
train/adversarial,4900.0,0.6918226480484009
train/adversarial,4950.0,0.8251181840896606
train/adversarial,5000.0,1.7317925691604614
train/adversarial,5050.0,1.1392896175384521
train/adversarial,5100.0,1.1432873010635376
train/adversarial,5150.0,1.0672112703323364
train/adversarial,5200.0,1.44059157371521
train/adversarial,5250.0,1.1534690856933594
train/adversarial,5300.0,0.8623276948928833
train/adversarial,5350.0,1.0005651712417603
train/adversarial,5400.0,1.069106936454773
train/adversarial,5450.0,1.1665102243423462
train/adversarial,5500.0,0.5730962157249451
train/adversarial,5550.0,0.9674500823020935
train/adversarial,5600.0,1.3073104619979858
train/adversarial,5650.0,0.821215033531189
train/adversarial,5700.0,1.117187261581421
train/adversarial,5750.0,0.907440721988678
train/adversarial,5800.0,1.55055570602417
train/adversarial,5850.0,1.317397952079773
train/adversarial,5900.0,0.912567138671875
train/adversarial,5950.0,1.0888886451721191
train/adversarial,6000.0,0.8212040662765503
train/adversarial,6050.0,0.5881431698799133
train/adversarial,6100.0,0.9614514112472534
train/adversarial,6150.0,0.9622519016265869
train/adversarial,6200.0,1.7043381929397583
train/adversarial,6250.0,0.7874354720115662
train/adversarial,6300.0,0.8124402761459351
train/adversarial,6350.0,0.6962366700172424
train/adversarial,6400.0,0.5432680249214172
train/adversarial,6450.0,0.8750619292259216
train/adversarial,6500.0,0.8578404784202576
train/adversarial,6550.0,1.3254292011260986
train/adversarial,6600.0,0.7655472755432129
train/adversarial,6650.0,0.22423477470874786
train/adversarial,6700.0,0.6716315746307373
train/adversarial,6750.0,2.040914535522461
train/adversarial,6800.0,1.7351139783859253
train/adversarial,6850.0,0.8742918968200684
train/adversarial,6900.0,0.9756420850753784
train/adversarial,6950.0,0.7641257047653198
train/adversarial,7000.0,1.32489013671875
train/adversarial,7050.0,1.1131855249404907
train/adversarial,7100.0,1.0460540056228638
train/adversarial,7150.0,1.11004638671875
train/adversarial,7200.0,0.8882492184638977
train/adversarial,7250.0,0.8434345126152039
train/adversarial,7300.0,1.173917531967163
train/adversarial,7350.0,0.9470909237861633
train/adversarial,7400.0,0.8843682408332825
train/adversarial,7450.0,0.9866698384284973
train/adversarial,7500.0,0.6830021142959595
train/adversarial,7550.0,0.9738088250160217
train/adversarial,7600.0,1.0981100797653198
train/adversarial,7650.0,1.4016711711883545
train/adversarial,7700.0,1.0647876262664795
train/adversarial,7750.0,1.4974875450134277
train/adversarial,7800.0,1.2922488451004028
train/adversarial,7850.0,0.8057839870452881
train/adversarial,7900.0,0.6316804885864258
train/adversarial,7950.0,0.5786643028259277
train/adversarial,8000.0,1.3520103693008423
train/adversarial,8050.0,0.6846110224723816
train/adversarial,8100.0,1.25632643699646
train/adversarial,8150.0,1.3422938585281372
train/adversarial,8200.0,1.4644756317138672
train/adversarial,8250.0,1.0476804971694946
train/adversarial,8300.0,0.9609627723693848
train/adversarial,8350.0,1.1624809503555298
train/adversarial,8400.0,0.9903162121772766
train/adversarial,8450.0,0.9266291260719299
train/adversarial,8500.0,1.1810494661331177
train/adversarial,8550.0,1.0781643390655518
train/adversarial,8600.0,0.9326437711715698
train/adversarial,8650.0,0.8177089691162109
train/adversarial,8700.0,1.4745439291000366
train/adversarial,8750.0,1.383502721786499
train/adversarial,8800.0,0.8174328804016113
train/adversarial,8850.0,1.4755570888519287
train/adversarial,8900.0,0.8103734254837036
train/adversarial,8950.0,1.2615416049957275
train/adversarial,9000.0,1.004528522491455
train/adversarial,9050.0,0.6764557957649231
train/adversarial,9100.0,1.3979227542877197
train/adversarial,9150.0,1.0132564306259155
train/adversarial,9200.0,0.6363757252693176
train/adversarial,9250.0,1.1917846202850342
train/adversarial,9300.0,0.7521217465400696
train/adversarial,9350.0,1.1522916555404663
train/adversarial,9400.0,1.2269372940063477
train/adversarial,9450.0,0.8698212504386902
train/adversarial,9500.0,0.6019471883773804
train/adversarial,9550.0,1.2096500396728516
train/adversarial,9600.0,0.7839116454124451
train/adversarial,9650.0,1.0465688705444336
train/adversarial,9700.0,1.4436495304107666
train/adversarial,9750.0,1.172894835472107
train/adversarial,9800.0,0.8763109445571899
train/adversarial,9850.0,1.4138935804367065
train/adversarial,9900.0,0.677749514579773
train/adversarial,9950.0,1.0398812294006348
train/adversarial,10000.0,0.6845070123672485
train/adversarial,10050.0,0.7665200233459473
train/adversarial,10100.0,0.8795118927955627
train/adversarial,10150.0,0.7694252729415894
train/adversarial,10200.0,1.3916467428207397
train/adversarial,10250.0,0.9874369502067566
train/adversarial,10300.0,0.5969646573066711
train/adversarial,10350.0,1.7247081995010376
train/adversarial,10400.0,0.9638122320175171
train/adversarial,10450.0,1.410922646522522
train/adversarial,10500.0,0.8213521242141724
train/adversarial,10550.0,1.0290907621383667
train/adversarial,10600.0,0.7893743515014648
train/adversarial,10650.0,1.2465335130691528
train/adversarial,10700.0,0.5417181253433228
train/adversarial,10750.0,1.4637746810913086
train/adversarial,10800.0,0.8766370415687561
train/adversarial,10850.0,0.9498372673988342
train/adversarial,10900.0,0.9344300627708435
train/adversarial,10950.0,0.6772931218147278
train/adversarial,11000.0,0.9109143018722534
train/adversarial,11050.0,1.1299350261688232
train/adversarial,11100.0,1.4578778743743896
train/adversarial,11150.0,0.9040620923042297
train/adversarial,11200.0,1.4939497709274292
train/adversarial,11250.0,1.1036032438278198
train/adversarial,11300.0,0.7694413661956787
train/adversarial,11350.0,0.736907422542572
train/adversarial,11400.0,1.5555102825164795
train/adversarial,11450.0,0.5307056307792664
train/adversarial,11500.0,0.7603316307067871
train/adversarial,11550.0,1.1602479219436646
train/adversarial,11600.0,1.2160395383834839
train/adversarial,11650.0,0.7493114471435547
train/adversarial,11700.0,1.3889955282211304
train/adversarial,11750.0,0.9481658935546875
train/adversarial,11800.0,1.059238076210022
train/adversarial,11850.0,0.7902637124061584
train/adversarial,11900.0,1.0707929134368896
train/adversarial,11950.0,0.7263643741607666
train/adversarial,12000.0,0.6657562851905823
train/adversarial,12050.0,0.8729329705238342
train/adversarial,12100.0,0.8933072686195374
train/adversarial,12150.0,0.39502930641174316
train/adversarial,12200.0,1.186837077140808
train/adversarial,12250.0,0.5860512852668762
train/adversarial,12300.0,1.0016615390777588
train/adversarial,12350.0,0.4612192213535309
train/adversarial,12400.0,1.1490974426269531
train/adversarial,12450.0,1.158695936203003
train/adversarial,12500.0,0.5023220777511597
train/adversarial,12550.0,1.2691433429718018
train/adversarial,12600.0,0.8894492983818054
train/adversarial,12650.0,0.7532944679260254
train/adversarial,12700.0,1.066304326057434
train/adversarial,12750.0,0.8647485375404358
train/adversarial,12800.0,1.1022870540618896
train/adversarial,12850.0,1.0335127115249634
train/adversarial,12900.0,0.8206173181533813
train/adversarial,12950.0,1.0188074111938477
train/adversarial,13000.0,0.7623552083969116
train/adversarial,13050.0,1.0999523401260376
train/adversarial,13100.0,0.9477330446243286
train/adversarial,13150.0,0.8727149963378906
train/adversarial,13200.0,1.7954823970794678
train/adversarial,13250.0,0.9622161984443665
train/adversarial,13300.0,1.1758897304534912
train/adversarial,13350.0,0.9534220695495605
train/adversarial,13400.0,0.8978608250617981
train/adversarial,13450.0,0.845921516418457
train/adversarial,13500.0,0.7563920021057129
train/adversarial,13550.0,1.6211198568344116
train/adversarial,13600.0,0.9461913108825684
train/adversarial,13650.0,1.0766533613204956
train/adversarial,13700.0,0.7933910489082336
train/adversarial,13750.0,0.8628560304641724
train/adversarial,13800.0,0.3269122540950775
train/adversarial,13850.0,0.7909650802612305
train/adversarial,13900.0,0.8902360796928406
train/adversarial,13950.0,1.904734492301941
train/adversarial,14000.0,1.2155253887176514
train/adversarial,14050.0,0.6856645941734314
train/adversarial,14100.0,1.2125979661941528
train/adversarial,14150.0,1.3370182514190674
train/adversarial,14200.0,1.1153135299682617
train/adversarial,14250.0,0.5490869283676147
train/adversarial,14300.0,1.0379678010940552
train/adversarial,14350.0,0.5877215266227722
train/adversarial,14400.0,1.2324237823486328
train/adversarial,14450.0,0.7690975069999695
train/adversarial,14500.0,1.2364038228988647
train/adversarial,14550.0,1.2592042684555054
train/adversarial,14600.0,1.337695598602295
train/adversarial,14650.0,1.025719404220581
train/adversarial,14700.0,1.4449102878570557
train/adversarial,14750.0,0.9494494199752808
train/adversarial,14800.0,1.4895085096359253
train/adversarial,14850.0,0.8502318263053894
train/adversarial,14900.0,1.2717665433883667
train/adversarial,14950.0,1.1207565069198608
train/adversarial,15000.0,0.8834261298179626
train/adversarial,15050.0,1.0199525356292725
train/adversarial,15100.0,1.2061784267425537
train/adversarial,15150.0,0.9621977210044861
train/adversarial,15200.0,0.8043298125267029
train/adversarial,15250.0,0.9351933002471924
train/adversarial,15300.0,1.7286070585250854
train/adversarial,15350.0,0.9938538074493408
train/adversarial,15400.0,0.9527279138565063
train/adversarial,15450.0,1.0398050546646118
train/adversarial,15500.0,0.8018820285797119
train/adversarial,15550.0,1.3128483295440674
train/adversarial,15600.0,1.6856399774551392
train/adversarial,15650.0,1.005645513534546
train/adversarial,15700.0,0.5262483954429626
train/adversarial,15750.0,0.8817691206932068
train/adversarial,15800.0,1.1705198287963867
train/adversarial,15850.0,0.5586444139480591
train/adversarial,15900.0,0.9597010016441345
train/adversarial,15950.0,0.8314268589019775
train/adversarial,16000.0,0.6386842727661133
train/adversarial,16050.0,1.4389681816101074
train/adversarial,16100.0,1.3701602220535278
train/adversarial,16150.0,0.8193763494491577
train/adversarial,16200.0,0.7754253149032593
train/adversarial,16250.0,0.9446555376052856
train/adversarial,16300.0,0.6927297115325928
train/adversarial,16350.0,0.7206214666366577
train/adversarial,16400.0,0.6641365885734558
train/adversarial,16450.0,0.7229908108711243
train/adversarial,16500.0,0.773888885974884
train/adversarial,16550.0,1.1529330015182495
train/adversarial,16600.0,0.8499027490615845
train/adversarial,16650.0,1.2978545427322388
train/adversarial,16700.0,0.9526383876800537
train/adversarial,16750.0,0.9095150232315063
train/adversarial,16800.0,0.8095973134040833
train/adversarial,16850.0,0.8172388076782227
train/adversarial,16900.0,1.0449947118759155
train/adversarial,16950.0,1.2312555313110352
train/adversarial,17000.0,1.2045120000839233
train/adversarial,17050.0,0.5702083706855774
train/adversarial,17100.0,0.978685200214386
train/adversarial,17150.0,0.7473210692405701
train/adversarial,17200.0,1.3617470264434814
train/adversarial,17250.0,1.3123753070831299
train/adversarial,17300.0,1.0052388906478882
train/adversarial,17350.0,1.3719992637634277
train/adversarial,17400.0,0.6816499829292297
train/adversarial,17450.0,1.2034002542495728
train/adversarial,17500.0,0.5785004496574402
train/adversarial,17550.0,1.1275997161865234
train/adversarial,17600.0,0.8109421133995056
train/adversarial,17650.0,1.2521262168884277
train/adversarial,17700.0,0.9545454978942871
train/adversarial,17750.0,0.9726004600524902
train/adversarial,17800.0,1.5804777145385742
train/adversarial,17850.0,1.0613213777542114
train/adversarial,17900.0,1.3739739656448364
train/adversarial,17950.0,1.1859387159347534
train/adversarial,18000.0,1.1722294092178345
train/adversarial,18050.0,1.1627275943756104
train/adversarial,18100.0,1.320762276649475
train/adversarial,18150.0,0.8348844647407532
train/adversarial,18200.0,1.0634615421295166
train/adversarial,18250.0,1.0946179628372192
train/adversarial,18300.0,0.7972721457481384
train/adversarial,18350.0,0.8987132906913757
train/adversarial,18400.0,1.0789283514022827
train/adversarial,18450.0,1.1708755493164062
train/adversarial,18500.0,1.2791850566864014
train/adversarial,18550.0,0.922871470451355
train/adversarial,18600.0,0.7491286396980286
train/adversarial,18650.0,1.665109395980835
train/adversarial,18700.0,1.154088020324707
train/adversarial,18750.0,0.887671172618866
train/adversarial,18800.0,0.6134519577026367
train/adversarial,18850.0,0.8409332036972046
train/adversarial,18900.0,1.1941883563995361
train/adversarial,18950.0,1.232983946800232
train/adversarial,19000.0,1.0500986576080322
train/adversarial,19050.0,0.8317236304283142
train/adversarial,19100.0,0.871806800365448
train/adversarial,19150.0,0.8059413433074951
train/adversarial,19200.0,0.4625391662120819
train/adversarial,19250.0,0.7381603121757507
train/adversarial,19300.0,0.599193811416626
train/adversarial,19350.0,0.873245894908905
train/adversarial,19400.0,0.9322349429130554
train/adversarial,19450.0,1.0649135112762451
train/adversarial,19500.0,0.6505547761917114
train/adversarial,19550.0,0.7105499505996704
train/adversarial,19600.0,0.7009920477867126
train/adversarial,19650.0,0.8855979442596436
train/adversarial,19700.0,0.8490430116653442
train/adversarial,19750.0,0.7774651646614075
train/adversarial,19800.0,1.1628179550170898
train/adversarial,19850.0,1.3073530197143555
train/adversarial,19900.0,0.9833884835243225
train/adversarial,19950.0,0.9650390148162842
train/adversarial,20000.0,1.4010438919067383
train/adversarial,20050.0,1.4667271375656128
train/adversarial,20100.0,1.179024577140808
train/adversarial,20150.0,0.43668267130851746
train/adversarial,20200.0,0.6558288335800171
train/adversarial,20250.0,0.6601654887199402
train/adversarial,20300.0,0.8912627696990967
train/adversarial,20350.0,1.0485445261001587
train/adversarial,20400.0,0.9912659525871277
train/adversarial,20450.0,0.691647469997406
train/adversarial,20500.0,0.9079521298408508
train/adversarial,20550.0,1.3722032308578491
train/adversarial,20600.0,1.4258698225021362
train/adversarial,20650.0,0.8227002620697021
train/adversarial,20700.0,0.8711101412773132
train/adversarial,20750.0,0.99836665391922
train/adversarial,20800.0,1.0635693073272705
train/adversarial,20850.0,1.178868293762207
train/adversarial,20900.0,0.900084912776947
train/adversarial,20950.0,1.3233208656311035
train/adversarial,21000.0,0.8032748699188232
train/adversarial,21050.0,0.930000901222229
train/adversarial,21100.0,0.9343265891075134
train/adversarial,21150.0,0.9190572500228882
train/adversarial,21200.0,1.3502473831176758
train/adversarial,21250.0,0.9115126729011536
train/adversarial,21300.0,1.0428539514541626
train/adversarial,21350.0,0.669151246547699
train/adversarial,21400.0,1.1056052446365356
train/adversarial,21450.0,1.1010937690734863
train/adversarial,21500.0,1.0275745391845703
train/adversarial,21550.0,1.109507441520691
train/adversarial,21600.0,1.0019057989120483
train/adversarial,21650.0,0.6846292614936829
train/adversarial,21700.0,1.0670549869537354
train/adversarial,21750.0,1.824381709098816
train/adversarial,21800.0,0.9689541459083557
train/adversarial,21850.0,0.7847988605499268
train/adversarial,21900.0,1.1875158548355103
train/adversarial,21950.0,0.5777732729911804
train/adversarial,22000.0,0.6101624369621277
train/adversarial,22050.0,1.2894072532653809
train/adversarial,22100.0,1.0641392469406128
train/adversarial,22150.0,1.2980347871780396
train/adversarial,22200.0,0.8313270807266235
train/adversarial,22250.0,1.3008190393447876
train/adversarial,22300.0,1.1483417749404907
train/adversarial,22350.0,1.035125494003296
train/adversarial,22400.0,0.9491797089576721
train/adversarial,22450.0,0.7713865637779236
train/adversarial,22500.0,1.3244223594665527
train/adversarial,22550.0,1.0287007093429565
train/adversarial,22600.0,0.956364631652832
train/adversarial,22650.0,1.1546547412872314
train/adversarial,22700.0,1.0109268426895142
train/adversarial,22750.0,0.894562304019928
train/adversarial,22800.0,0.8750633597373962
train/adversarial,22850.0,0.9562591314315796
train/adversarial,22900.0,0.8222138285636902
train/adversarial,22950.0,1.1423503160476685
train/adversarial,23000.0,0.6479800939559937
train/adversarial,23050.0,0.8907045125961304
train/adversarial,23100.0,1.0985404253005981
train/adversarial,23150.0,0.7262508273124695
train/adversarial,23200.0,1.0345734357833862
train/adversarial,23250.0,1.2289907932281494
train/adversarial,23300.0,1.0697518587112427
train/adversarial,23350.0,1.0082374811172485
train/adversarial,23400.0,0.8018215298652649
train/adversarial,23450.0,1.0165125131607056
train/adversarial,23500.0,0.9465022087097168
train/adversarial,23550.0,0.8519299626350403
train/adversarial,23600.0,0.8692856431007385
train/adversarial,23650.0,0.7834204435348511
train/adversarial,23700.0,0.9711576700210571
train/adversarial,23750.0,1.1461542844772339
train/adversarial,23800.0,1.6565680503845215
train/adversarial,23850.0,1.0178141593933105
train/adversarial,23900.0,1.0405160188674927
train/adversarial,23950.0,0.9611178040504456
train/adversarial,24000.0,0.8691282272338867
train/adversarial,24050.0,1.110864520072937
train/adversarial,24100.0,1.222957968711853
train/adversarial,24150.0,0.6592841148376465
train/adversarial,24200.0,1.1822621822357178
train/adversarial,24250.0,0.6929629445075989
train/adversarial,24300.0,0.9530090689659119
train/adversarial,24350.0,0.7732253074645996
train/adversarial,24400.0,0.584360659122467
train/adversarial,24450.0,0.899491548538208
train/adversarial,24500.0,0.8117914795875549
train/adversarial,24550.0,0.8911389112472534
train/adversarial,24600.0,1.0626335144042969
train/adversarial,24650.0,0.9571738839149475
train/adversarial,24700.0,1.6543211936950684
train/adversarial,24750.0,1.0478023290634155
train/adversarial,24800.0,0.8185975551605225
train/adversarial,24850.0,0.6639070510864258
train/adversarial,24900.0,0.9567821025848389
train/adversarial,24950.0,0.7660688161849976
train/adversarial,25000.0,1.0743049383163452
train/adversarial,25050.0,0.902106523513794
train/adversarial,25100.0,0.8680211901664734
train/adversarial,25150.0,0.7218326330184937
train/adversarial,25200.0,1.0176024436950684
train/adversarial,25250.0,0.7892354726791382
train/adversarial,25300.0,0.9142487645149231
train/adversarial,25350.0,0.844828188419342
train/adversarial,25400.0,0.5628839731216431
train/adversarial,25450.0,1.0469187498092651
train/adversarial,25500.0,1.0393261909484863
train/adversarial,25550.0,1.1718500852584839
train/adversarial,25600.0,1.0554713010787964
train/adversarial,25650.0,0.8707689046859741
train/adversarial,25700.0,0.7754088640213013
train/adversarial,25750.0,0.7661336660385132
train/adversarial,25800.0,1.0483835935592651
train/adversarial,25850.0,0.6981886029243469
train/adversarial,25900.0,1.2340729236602783
train/adversarial,25950.0,1.1103415489196777
train/adversarial,26000.0,0.8493601083755493
train/adversarial,26050.0,1.2291544675827026
train/adversarial,26100.0,1.2035479545593262
train/adversarial,26150.0,0.6978070735931396
train/adversarial,26200.0,1.062197208404541
train/adversarial,26250.0,0.973513126373291
train/adversarial,26300.0,1.1476625204086304
train/adversarial,26350.0,0.7837671041488647
train/adversarial,26400.0,1.0169141292572021
train/adversarial,26450.0,1.0334104299545288
train/adversarial,26500.0,0.680762529373169
train/adversarial,26550.0,0.8009162545204163
train/adversarial,26600.0,0.7318133115768433
train/adversarial,26650.0,1.0944479703903198
train/adversarial,26700.0,0.9733155965805054
train/adversarial,26750.0,1.1114614009857178
train/adversarial,26800.0,0.8430581092834473
train/adversarial,26850.0,0.8249568939208984
train/adversarial,26900.0,0.8799761533737183
train/adversarial,26950.0,1.2168102264404297
train/adversarial,27000.0,0.6313415765762329
train/adversarial,27050.0,1.2220426797866821
train/adversarial,27100.0,0.785737931728363
train/adversarial,27150.0,0.6285924315452576
train/adversarial,27200.0,1.1338201761245728
train/adversarial,27250.0,0.7591411471366882
train/adversarial,27300.0,1.0615664720535278
train/adversarial,27350.0,1.1079806089401245
train/adversarial,27400.0,1.6107807159423828
train/adversarial,27450.0,0.7356058955192566
train/adversarial,27500.0,1.1243083477020264
train/adversarial,27550.0,0.8403000235557556
train/adversarial,27600.0,0.5815008282661438
train/adversarial,27650.0,1.0393023490905762
train/adversarial,27700.0,0.514264702796936
train/adversarial,27750.0,0.8822556734085083
train/adversarial,27800.0,1.1161808967590332
train/adversarial,27850.0,0.883286714553833
train/adversarial,27900.0,0.620955765247345
train/adversarial,27950.0,1.072831392288208
train/adversarial,28000.0,0.5814617276191711
train/adversarial,28050.0,1.0509532690048218
train/adversarial,28100.0,0.8077548742294312
train/adversarial,28150.0,0.824150025844574
train/adversarial,28200.0,0.8540573716163635
train/adversarial,28250.0,1.1532361507415771
train/adversarial,28300.0,0.8369252681732178
train/adversarial,28350.0,0.9118618369102478
train/adversarial,28400.0,0.6648948192596436
train/adversarial,28450.0,0.9389104843139648
train/adversarial,28500.0,0.8282533884048462
train/adversarial,28550.0,0.809596061706543
train/adversarial,28600.0,1.2206562757492065
train/adversarial,28650.0,1.0698180198669434
train/adversarial,28700.0,1.3021146059036255
train/adversarial,28750.0,0.9940869212150574
train/adversarial,28800.0,0.9641262888908386
train/adversarial,28850.0,0.9678820967674255
train/adversarial,28900.0,1.2726325988769531
train/adversarial,28950.0,1.0242382287979126
train/adversarial,29000.0,0.770260214805603
train/adversarial,29050.0,1.2775661945343018
train/adversarial,29100.0,0.8007869124412537
train/adversarial,29150.0,0.8370877504348755
train/adversarial,29200.0,1.404008388519287
train/adversarial,29250.0,0.8281693458557129
train/adversarial,29300.0,1.2794488668441772
train/adversarial,29350.0,1.2635606527328491
train/adversarial,29400.0,0.7478810548782349
train/adversarial,29450.0,0.8136119246482849
train/adversarial,29500.0,0.8692351579666138
train/adversarial,29550.0,0.7491061687469482
train/adversarial,29600.0,0.956864058971405
train/adversarial,29650.0,0.9025701284408569
train/adversarial,29700.0,0.903152346611023
train/adversarial,29750.0,0.8285940289497375
train/adversarial,29800.0,0.8845052123069763
train/adversarial,29850.0,1.051203727722168
train/adversarial,29900.0,0.6742745041847229
train/adversarial,29950.0,0.7171173691749573
train/adversarial,30000.0,0.8539895415306091
train/adversarial,30050.0,0.6318479180335999
train/adversarial,30100.0,0.6629021763801575
train/adversarial,30150.0,0.6685531735420227
train/adversarial,30200.0,0.9482542276382446
train/adversarial,30250.0,0.8910650014877319
train/adversarial,30300.0,0.828456699848175
train/adversarial,30350.0,1.8549566268920898
train/adversarial,30400.0,0.9489426016807556
train/adversarial,30450.0,0.9741927981376648
train/adversarial,30500.0,1.0220308303833008
train/adversarial,30550.0,1.3499115705490112
train/adversarial,30600.0,0.8308896422386169
train/adversarial,30650.0,0.8166744709014893
train/adversarial,30700.0,1.0259065628051758
train/adversarial,30750.0,0.8163267970085144
train/adversarial,30800.0,0.7968910336494446
train/adversarial,30850.0,1.0842759609222412
train/adversarial,30900.0,1.0327001810073853
train/adversarial,30950.0,1.0577799081802368
train/adversarial,31000.0,0.6164184808731079
train/adversarial,31050.0,0.7945092916488647
train/adversarial,31100.0,0.784700334072113
train/adversarial,31150.0,1.1606992483139038
train/adversarial,31200.0,0.7546895742416382
train/adversarial,31250.0,1.0175204277038574
train/adversarial,31300.0,1.0503147840499878
train/adversarial,31350.0,1.1334701776504517
train/adversarial,31400.0,0.6203212141990662
train/adversarial,31450.0,0.8591997623443604
train/adversarial,31500.0,0.9660713076591492
train/adversarial,31550.0,0.9760994911193848
train/adversarial,31600.0,0.9332438111305237
train/adversarial,31650.0,0.7364192605018616
train/adversarial,31700.0,1.005776286125183
train/adversarial,31750.0,0.8688538670539856
train/adversarial,31800.0,1.044029712677002
train/adversarial,31850.0,0.9765750765800476
train/adversarial,31900.0,1.0784661769866943
train/adversarial,31950.0,0.6230579018592834
train/adversarial,32000.0,0.7250831723213196
train/adversarial,32050.0,1.1021419763565063
train/adversarial,32100.0,1.2281440496444702
train/adversarial,32150.0,1.0806221961975098
train/adversarial,32200.0,0.7405202984809875
train/adversarial,32250.0,0.9937829971313477
train/adversarial,32300.0,0.8404519557952881
train/adversarial,32350.0,1.0702717304229736
train/adversarial,32400.0,0.9029681086540222
train/adversarial,32450.0,0.9551385045051575
train/adversarial,32500.0,0.9831638336181641
train/adversarial,32550.0,1.2426536083221436
train/adversarial,32600.0,1.015242576599121
train/adversarial,32650.0,1.2783359289169312
train/adversarial,32700.0,0.8801696300506592
train/adversarial,32750.0,0.8349841237068176
train/adversarial,32800.0,0.7351831793785095
train/adversarial,32850.0,1.1759542226791382
train/adversarial,32900.0,0.8011768460273743
train/adversarial,32950.0,0.7438700795173645
train/adversarial,33000.0,0.45775023102760315
train/adversarial,33050.0,0.7799685001373291
train/adversarial,33100.0,1.0762591361999512
train/adversarial,33150.0,0.4657127261161804
train/adversarial,33200.0,0.963556706905365
train/adversarial,33250.0,1.0028036832809448
train/adversarial,33300.0,0.9055876135826111
train/adversarial,33350.0,0.9499017000198364
train/adversarial,33400.0,0.8978436589241028
train/adversarial,33450.0,1.0423234701156616
train/adversarial,33500.0,1.0777065753936768
train/adversarial,33550.0,0.923596203327179
train/adversarial,33600.0,0.9243448376655579
train/adversarial,33650.0,1.4299709796905518
train/adversarial,33700.0,1.4571014642715454
train/adversarial,33750.0,0.9465546607971191
train/adversarial,33800.0,1.1914082765579224
train/adversarial,33850.0,1.0946673154830933
train/adversarial,33900.0,0.8114916086196899
train/adversarial,33950.0,0.7701466679573059
train/adversarial,34000.0,1.3114070892333984
train/adversarial,34050.0,0.7329015135765076
train/adversarial,34100.0,1.0849840641021729
train/adversarial,34150.0,0.5743319988250732
train/adversarial,34200.0,0.7773981690406799
train/adversarial,34250.0,1.0911197662353516
train/adversarial,34300.0,0.8749829530715942
train/adversarial,34350.0,0.5449773073196411
train/adversarial,34400.0,1.1546176671981812
train/adversarial,34450.0,0.4871714413166046
train/adversarial,34500.0,1.005028486251831
train/adversarial,34550.0,0.9639502763748169
train/adversarial,34600.0,0.8129518628120422
train/adversarial,34650.0,0.7310011386871338
train/adversarial,34700.0,1.064074158668518
train/adversarial,34750.0,1.4438859224319458
train/adversarial,34800.0,1.0029046535491943
train/adversarial,34850.0,1.0219560861587524
train/adversarial,34900.0,0.8738255500793457
train/adversarial,34950.0,0.9190842509269714
train/adversarial,35000.0,0.6943430304527283
train/adversarial,35050.0,1.5054283142089844
train/adversarial,35100.0,0.8768742680549622
train/adversarial,35150.0,0.7623985409736633
train/adversarial,35200.0,1.1791937351226807
train/adversarial,35250.0,0.8930028676986694
train/adversarial,35300.0,0.9324886202812195
train/adversarial,35350.0,0.8205215334892273
train/adversarial,35400.0,0.7406773567199707
train/adversarial,35450.0,0.779233455657959
train/adversarial,35500.0,0.9363437294960022
train/adversarial,35550.0,1.0092676877975464
train/adversarial,35600.0,0.7986459732055664
train/adversarial,35650.0,0.7933284640312195
train/adversarial,35700.0,1.0320087671279907
train/adversarial,35750.0,0.6409662961959839
train/adversarial,35800.0,0.9247523546218872
train/adversarial,35850.0,1.211053490638733
train/adversarial,35900.0,0.8197550177574158
train/adversarial,35950.0,0.8478475213050842
train/adversarial,36000.0,1.0050045251846313
train/adversarial,36050.0,1.0619688034057617
train/adversarial,36100.0,1.2315601110458374
train/adversarial,36150.0,0.8871133327484131
train/adversarial,36200.0,0.8104866147041321
train/adversarial,36250.0,0.9856773614883423
train/adversarial,36300.0,0.9690954089164734
train/adversarial,36350.0,1.079755425453186
train/adversarial,36400.0,1.0285370349884033
train/adversarial,36450.0,0.7270703911781311
train/adversarial,36500.0,1.1278629302978516
train/adversarial,36550.0,1.6246596574783325
train/adversarial,36600.0,0.8776249289512634
train/adversarial,36650.0,0.4719564616680145
train/adversarial,36700.0,1.6390440464019775
train/adversarial,36750.0,0.9325078129768372
train/adversarial,36800.0,0.8720473051071167
train/adversarial,36850.0,1.073807716369629
train/adversarial,36900.0,0.598181426525116
train/adversarial,36950.0,1.437695026397705
train/adversarial,37000.0,0.9935222268104553
train/adversarial,37050.0,0.8226829767227173
train/adversarial,37100.0,0.9750818014144897
train/adversarial,37150.0,0.7895782589912415
train/adversarial,37200.0,1.0006487369537354
train/adversarial,37250.0,1.3769274950027466
train/adversarial,37300.0,0.8829658031463623
train/adversarial,37350.0,1.0337815284729004
train/adversarial,37400.0,0.6556609869003296
train/adversarial,37450.0,1.440479040145874
train/adversarial,37500.0,0.5915762186050415
train/adversarial,37550.0,0.8879514932632446
train/adversarial,37600.0,0.8765020370483398
train/adversarial,37650.0,0.9034184217453003
train/adversarial,37700.0,0.9540979266166687
train/adversarial,37750.0,0.8048532009124756
train/adversarial,37800.0,1.169045090675354
train/adversarial,37850.0,0.788948118686676
train/adversarial,37900.0,0.6683110594749451
train/adversarial,37950.0,0.6508305668830872
train/adversarial,38000.0,1.2577663660049438
train/adversarial,38050.0,0.9087295532226562
train/adversarial,38100.0,0.8024024963378906
train/adversarial,38150.0,0.8351836800575256
train/adversarial,38200.0,0.939038097858429
train/adversarial,38250.0,0.7169488072395325
train/adversarial,38300.0,1.2547483444213867
train/adversarial,38350.0,1.0595508813858032
train/adversarial,38400.0,0.6705843210220337
train/adversarial,38450.0,1.2172428369522095
train/adversarial,38500.0,0.9319170713424683
train/adversarial,38550.0,1.0956487655639648
train/adversarial,38600.0,0.913567066192627
train/adversarial,38650.0,0.8549618124961853
train/adversarial,38700.0,0.9652010202407837
train/adversarial,38750.0,1.0719337463378906
train/adversarial,38800.0,0.8280308842658997
train/adversarial,38850.0,0.8226515054702759
train/adversarial,38900.0,0.9237748980522156
train/adversarial,38950.0,0.8808997869491577
train/adversarial,39000.0,1.120693564414978
train/adversarial,39050.0,0.8864138722419739
train/adversarial,39100.0,0.81658935546875
train/adversarial,39150.0,0.941930890083313
train/adversarial,39200.0,0.7671648263931274
train/adversarial,39250.0,0.7154590487480164
train/adversarial,39300.0,1.239176630973816
train/adversarial,39350.0,0.9461239576339722
train/adversarial,39400.0,0.7883315682411194
train/adversarial,39450.0,0.7703357934951782
train/adversarial,39500.0,1.2352970838546753
train/adversarial,39550.0,1.172354817390442
train/adversarial,39600.0,1.152942180633545
train/adversarial,39650.0,0.8500750064849854
train/adversarial,39700.0,0.5400757789611816
train/adversarial,39750.0,1.2237602472305298
train/adversarial,39800.0,0.9765496253967285
train/adversarial,39850.0,0.5129665732383728
train/adversarial,39900.0,0.9286712408065796
train/adversarial,39950.0,0.5856043100357056
train/adversarial,40000.0,0.7893317341804504
train/adversarial,40050.0,0.7995831966400146
train/adversarial,40100.0,0.5943770408630371
train/adversarial,40150.0,1.0822607278823853
train/adversarial,40200.0,0.849570631980896
train/adversarial,40250.0,1.4779926538467407
train/adversarial,40300.0,0.8879599571228027
train/adversarial,40350.0,0.9559994339942932
train/adversarial,40400.0,0.8740271329879761
train/adversarial,40450.0,1.066635012626648
train/adversarial,40500.0,0.8160355091094971
train/adversarial,40550.0,1.0791187286376953
train/adversarial,40600.0,1.0746053457260132
train/adversarial,40650.0,1.0836074352264404
train/adversarial,40700.0,1.1274558305740356
train/adversarial,40750.0,0.8473135232925415
train/adversarial,40800.0,1.4026384353637695
train/adversarial,40850.0,1.0206124782562256
train/adversarial,40900.0,0.9122269749641418
train/adversarial,40950.0,0.5720325112342834
train/adversarial,41000.0,0.6005822420120239
train/adversarial,41050.0,0.8829074501991272
train/adversarial,41100.0,1.0102543830871582
train/adversarial,41150.0,0.5911452174186707
train/adversarial,41200.0,0.7724430561065674
train/adversarial,41250.0,0.645368218421936
train/adversarial,41300.0,0.7900980710983276
train/adversarial,41350.0,0.8315528631210327
train/adversarial,41400.0,0.9656504988670349
train/adversarial,41450.0,1.0706995725631714
train/adversarial,41500.0,1.5034524202346802
train/adversarial,41550.0,0.7513740062713623
train/adversarial,41600.0,0.6378546953201294
train/adversarial,41650.0,1.0888187885284424
train/adversarial,41700.0,0.9418107867240906
train/adversarial,41750.0,0.7174654603004456
train/adversarial,41800.0,1.1761780977249146
train/adversarial,41850.0,0.8748571872711182
train/adversarial,41900.0,0.7161083221435547
train/adversarial,41950.0,0.9516497254371643
train/adversarial,42000.0,0.9057559370994568
train/adversarial,42050.0,0.5524922013282776
train/adversarial,42100.0,1.1409350633621216
train/adversarial,42150.0,1.0867228507995605
train/adversarial,42200.0,1.2108573913574219
train/adversarial,42250.0,0.7622748017311096
train/adversarial,42300.0,0.8043333292007446
train/adversarial,42350.0,0.8389994502067566
train/adversarial,42400.0,1.0499885082244873
train/adversarial,42450.0,1.1905440092086792
train/adversarial,42500.0,1.0941967964172363
train/adversarial,42550.0,1.3732194900512695
train/adversarial,42600.0,0.9616341590881348
train/adversarial,42650.0,1.3565670251846313
train/adversarial,42700.0,0.9547849297523499
train/adversarial,42750.0,0.5572395324707031
train/adversarial,42800.0,0.8719416260719299
train/adversarial,42850.0,0.8721254467964172
train/adversarial,42900.0,0.8228373527526855
train/adversarial,42950.0,0.9260653853416443
train/adversarial,43000.0,0.9592852592468262
train/adversarial,43050.0,1.7654229402542114
train/adversarial,43100.0,0.7383715510368347
train/adversarial,43150.0,0.7993739247322083
train/adversarial,43200.0,0.9620904326438904
train/adversarial,43250.0,1.2471126317977905
train/adversarial,43300.0,0.8518600463867188
train/adversarial,43350.0,0.889418363571167
train/adversarial,43400.0,0.7385856509208679
train/adversarial,43450.0,1.0392783880233765
train/adversarial,43500.0,1.1899548768997192
train/adversarial,43550.0,1.0486674308776855
train/adversarial,43600.0,0.8522017598152161
train/adversarial,43650.0,1.0559707880020142
train/adversarial,43700.0,0.9669897556304932
train/adversarial,43750.0,0.9904820919036865
train/adversarial,43800.0,0.9617809057235718
train/adversarial,43850.0,0.534404993057251
train/adversarial,43900.0,1.107498049736023
train/adversarial,43950.0,1.017319679260254
train/adversarial,44000.0,0.815069317817688
train/adversarial,44050.0,0.6890165209770203
train/adversarial,44100.0,1.1322215795516968
train/adversarial,44150.0,0.8210777640342712
train/adversarial,44200.0,0.571171760559082
train/adversarial,44250.0,0.8634287714958191
train/adversarial,44300.0,1.160352349281311
train/adversarial,44350.0,1.3777225017547607
train/adversarial,44400.0,0.6924691200256348
train/adversarial,44450.0,0.8626810312271118
train/adversarial,44500.0,0.8552085161209106
train/adversarial,44550.0,1.2353702783584595
train/adversarial,44600.0,0.8871628642082214
train/adversarial,44650.0,0.8976123332977295
train/adversarial,44700.0,0.8902944326400757
train/adversarial,44750.0,0.8046509027481079
train/adversarial,44800.0,0.6367815732955933
train/adversarial,44850.0,0.9560362696647644
train/adversarial,44900.0,1.5176934003829956
train/adversarial,44950.0,1.0162724256515503
train/adversarial,45000.0,1.2110849618911743
train/adversarial,45050.0,1.167188286781311
train/adversarial,45100.0,0.8696564435958862
train/adversarial,45150.0,0.594245433807373
train/adversarial,45200.0,1.1077772378921509
train/adversarial,45250.0,0.9709089994430542
train/adversarial,45300.0,0.7404282093048096
train/adversarial,45350.0,0.7336560487747192
train/adversarial,45400.0,0.6302387118339539
train/adversarial,45450.0,1.093186378479004
train/adversarial,45500.0,0.9048303961753845
train/adversarial,45550.0,0.5838670134544373
train/adversarial,45600.0,0.8215081095695496
train/adversarial,45650.0,0.9904935956001282
train/adversarial,45700.0,0.6527871489524841
train/adversarial,45750.0,0.7478857636451721
train/adversarial,45800.0,0.9035030603408813
train/adversarial,45850.0,0.8135066032409668
train/adversarial,45900.0,1.0335278511047363
train/adversarial,45950.0,0.7739373445510864
train/adversarial,46000.0,0.905792236328125
train/adversarial,46050.0,0.8747609257698059
train/adversarial,46100.0,1.5769199132919312
train/adversarial,46150.0,0.9267637133598328
train/adversarial,46200.0,0.8176102042198181
train/adversarial,46250.0,1.1054080724716187
train/adversarial,46300.0,0.5577834248542786
train/adversarial,46350.0,1.657347559928894
train/adversarial,46400.0,1.3322995901107788
train/adversarial,46450.0,1.098226547241211
train/adversarial,46500.0,0.7728678584098816
train/adversarial,46550.0,0.891538679599762
train/adversarial,46600.0,0.9448308348655701
train/adversarial,46650.0,1.0270897150039673
train/adversarial,46700.0,1.2082788944244385
train/adversarial,46750.0,1.1333023309707642
train/adversarial,46800.0,0.7096239328384399
train/adversarial,46850.0,1.1578022241592407
train/adversarial,46900.0,1.489013433456421
train/adversarial,46950.0,0.8936801552772522
train/adversarial,47000.0,0.4554692804813385
train/adversarial,47050.0,0.9824551343917847
train/adversarial,47100.0,1.1340852975845337
train/adversarial,47150.0,0.7183980345726013
train/adversarial,47200.0,0.7881196141242981
train/adversarial,47250.0,1.6673638820648193
train/adversarial,47300.0,1.210129976272583
train/adversarial,47350.0,0.7656148672103882
train/adversarial,47400.0,0.9713220596313477
train/adversarial,47450.0,1.3038289546966553
train/adversarial,47500.0,1.136554479598999
train/adversarial,47550.0,0.9937017560005188
train/adversarial,47600.0,1.3286795616149902
train/adversarial,47650.0,0.85239177942276
train/adversarial,47700.0,1.0718412399291992
train/adversarial,47750.0,1.3765718936920166
train/adversarial,47800.0,0.5098704099655151
train/adversarial,47850.0,0.8415714502334595
train/adversarial,47900.0,0.7024639844894409
train/adversarial,47950.0,1.1346111297607422
train/adversarial,48000.0,0.862672746181488
train/adversarial,48050.0,0.8487149477005005
train/adversarial,48100.0,1.0649737119674683
train/adversarial,48150.0,1.1772401332855225
train/adversarial,48200.0,0.8836162090301514
train/adversarial,48250.0,1.0890511274337769
train/adversarial,48300.0,0.9797930717468262
train/adversarial,48350.0,0.6535685658454895
train/adversarial,48400.0,0.576677680015564
train/adversarial,48450.0,0.7481617331504822
train/adversarial,48500.0,1.462120771408081
train/adversarial,48550.0,0.8543649315834045
train/adversarial,48600.0,0.9935647249221802
train/adversarial,48650.0,1.069205403327942
train/adversarial,48700.0,0.7363709211349487
train/adversarial,48750.0,0.7646077871322632
train/adversarial,48800.0,1.1029064655303955
train/adversarial,48850.0,1.196744680404663
train/adversarial,48900.0,0.9925808906555176
train/adversarial,48950.0,1.3023277521133423
train/adversarial,49000.0,1.264356255531311
train/adversarial,49050.0,0.7611637115478516
train/adversarial,49100.0,0.9485796093940735
train/adversarial,49150.0,1.0226560831069946
train/adversarial,49200.0,0.8448948264122009
train/adversarial,49250.0,0.9376747012138367
train/adversarial,49300.0,1.4476858377456665
train/adversarial,49350.0,1.0908339023590088
train/adversarial,49400.0,0.8561656475067139
train/adversarial,49450.0,1.0969523191452026
train/adversarial,49500.0,1.0260353088378906
train/adversarial,49550.0,1.131618857383728
train/adversarial,49600.0,0.614905834197998
train/adversarial,49650.0,0.9613417983055115
train/adversarial,49700.0,0.835273265838623
train/adversarial,49750.0,1.1995384693145752
train/adversarial,49800.0,0.9289255142211914
train/adversarial,49850.0,0.8635468482971191
train/adversarial,49900.0,0.692854642868042
train/adversarial,49950.0,1.183081030845642
train/adversarial,50000.0,0.896581768989563
train/adversarial,50050.0,0.9248791933059692
train/adversarial,50100.0,0.8083719611167908
train/adversarial,50150.0,0.9413986206054688
train/adversarial,50200.0,0.7806186676025391
train/adversarial,50250.0,1.239549994468689
train/adversarial,50300.0,0.6691100001335144
train/adversarial,50350.0,0.8740256428718567
train/adversarial,50400.0,1.0064973831176758
train/adversarial,50450.0,0.9675526022911072
train/adversarial,50500.0,0.9867166876792908
train/adversarial,50550.0,1.1310964822769165
train/adversarial,50600.0,0.8699533343315125
train/adversarial,50650.0,0.9312989711761475
train/adversarial,50700.0,0.874027669429779
train/adversarial,50750.0,0.7208290100097656
train/adversarial,50800.0,1.101231575012207
train/adversarial,50850.0,0.936855137348175
train/adversarial,50900.0,0.9189420938491821
train/adversarial,50950.0,0.7961084246635437
train/adversarial,51000.0,0.9839646816253662
train/adversarial,51050.0,0.9531932473182678
train/adversarial,51100.0,0.9098677039146423
train/adversarial,51150.0,1.056073784828186
train/adversarial,51200.0,0.7916813492774963
train/adversarial,51250.0,1.0618007183074951
train/adversarial,51300.0,0.904150664806366
train/adversarial,51350.0,0.9210339784622192
train/adversarial,51400.0,0.8762916326522827
train/adversarial,51450.0,0.7837557196617126
train/adversarial,51500.0,0.9900320172309875
train/adversarial,51550.0,1.0287325382232666
train/adversarial,51600.0,0.9142902493476868
train/adversarial,51650.0,0.7174863815307617
train/adversarial,51700.0,0.6308456659317017
train/adversarial,51750.0,1.283571720123291
train/adversarial,51800.0,0.990240752696991
train/adversarial,51850.0,1.1375967264175415
train/adversarial,51900.0,0.7288361191749573
train/d_loss,50.0,0.7807648777961731
train/d_loss,100.0,0.39045625925064087
train/d_loss,150.0,0.6036209464073181
train/d_loss,200.0,0.41325122117996216
train/d_loss,250.0,0.5906626582145691
train/d_loss,300.0,0.6228328347206116
train/d_loss,350.0,0.3225204050540924
train/d_loss,400.0,0.5606623291969299
train/d_loss,450.0,0.45776164531707764
train/d_loss,500.0,0.3410717248916626
train/d_loss,550.0,0.34694987535476685
train/d_loss,600.0,0.6772305369377136
train/d_loss,650.0,0.5388351082801819
train/d_loss,700.0,0.4632395803928375
train/d_loss,750.0,0.3124304413795471
train/d_loss,800.0,0.7528219223022461
train/d_loss,850.0,0.3775016963481903
train/d_loss,900.0,0.4101146459579468
train/d_loss,950.0,0.5449652671813965
train/d_loss,1000.0,0.4610446095466614
train/d_loss,1050.0,0.6334192156791687
train/d_loss,1100.0,0.48228156566619873
train/d_loss,1150.0,0.5101778507232666
train/d_loss,1200.0,0.9413632750511169
train/d_loss,1250.0,0.681999921798706
train/d_loss,1300.0,0.5315960049629211
train/d_loss,1350.0,0.595262885093689
train/d_loss,1400.0,0.3252005875110626
train/d_loss,1450.0,0.6499371528625488
train/d_loss,1500.0,1.1819171905517578
train/d_loss,1550.0,0.6000853776931763
train/d_loss,1600.0,0.9657432436943054
train/d_loss,1650.0,0.7964874505996704
train/d_loss,1700.0,0.6079163551330566
train/d_loss,1750.0,0.5329307317733765
train/d_loss,1800.0,0.45700573921203613
train/d_loss,1850.0,0.3311166763305664
train/d_loss,1900.0,0.4863380789756775
train/d_loss,1950.0,0.44095125794410706
train/d_loss,2000.0,0.6843926906585693
train/d_loss,2050.0,0.7488561272621155
train/d_loss,2100.0,0.6462964415550232
train/d_loss,2150.0,0.6406446099281311
train/d_loss,2200.0,0.5414599180221558
train/d_loss,2250.0,0.8686604499816895
train/d_loss,2300.0,0.45781177282333374
train/d_loss,2350.0,0.37029582262039185
train/d_loss,2400.0,0.48495763540267944
train/d_loss,2450.0,0.3528590798377991
train/d_loss,2500.0,0.3824631869792938
train/d_loss,2550.0,0.8786354064941406
train/d_loss,2600.0,0.7351958155632019
train/d_loss,2650.0,0.5663352012634277
train/d_loss,2700.0,0.4440401792526245
train/d_loss,2750.0,0.33844107389450073
train/d_loss,2800.0,0.6451643109321594
train/d_loss,2850.0,0.6535372734069824
train/d_loss,2900.0,0.5673279166221619
train/d_loss,2950.0,0.3979543149471283
train/d_loss,3000.0,0.5276796221733093
train/d_loss,3050.0,0.39673033356666565
train/d_loss,3100.0,0.46463561058044434
train/d_loss,3150.0,0.5991955995559692
train/d_loss,3200.0,0.49477604031562805
train/d_loss,3250.0,0.6542477607727051
train/d_loss,3300.0,0.6584478616714478
train/d_loss,3350.0,0.5317407846450806
train/d_loss,3400.0,0.6301147937774658
train/d_loss,3450.0,0.46480852365493774
train/d_loss,3500.0,0.3761828541755676
train/d_loss,3550.0,0.7301304936408997
train/d_loss,3600.0,0.3958255648612976
train/d_loss,3650.0,0.47906070947647095
train/d_loss,3700.0,0.5507310628890991
train/d_loss,3750.0,0.5733463168144226
train/d_loss,3800.0,0.5777378082275391
train/d_loss,3850.0,0.6026524901390076
train/d_loss,3900.0,0.6287742257118225
train/d_loss,3950.0,0.4114423394203186
train/d_loss,4000.0,0.36580830812454224
train/d_loss,4050.0,0.6658774614334106
train/d_loss,4100.0,0.8293598890304565
train/d_loss,4150.0,0.3757490813732147
train/d_loss,4200.0,0.6834840178489685
train/d_loss,4250.0,0.7150219678878784
train/d_loss,4300.0,0.8334336876869202
train/d_loss,4350.0,1.0047045946121216
train/d_loss,4400.0,0.551979660987854
train/d_loss,4450.0,0.855034351348877
train/d_loss,4500.0,0.5942625403404236
train/d_loss,4550.0,0.5070573091506958
train/d_loss,4600.0,0.43618541955947876
train/d_loss,4650.0,0.5832323431968689
train/d_loss,4700.0,0.46948087215423584
train/d_loss,4750.0,0.6132668852806091
train/d_loss,4800.0,0.5997162461280823
train/d_loss,4850.0,0.5401110649108887
train/d_loss,4900.0,0.5959631204605103
train/d_loss,4950.0,0.39707493782043457
train/d_loss,5000.0,0.6448327302932739
train/d_loss,5050.0,0.7804690599441528
train/d_loss,5100.0,0.3676837980747223
train/d_loss,5150.0,0.5394237041473389
train/d_loss,5200.0,0.7050184011459351
train/d_loss,5250.0,0.43476080894470215
train/d_loss,5300.0,0.4239516854286194
train/d_loss,5350.0,0.41283929347991943
train/d_loss,5400.0,0.7666064500808716
train/d_loss,5450.0,0.526691198348999
train/d_loss,5500.0,0.7775030136108398
train/d_loss,5550.0,0.5551611185073853
train/d_loss,5600.0,0.7015545964241028
train/d_loss,5650.0,0.5576820373535156
train/d_loss,5700.0,0.34520405530929565
train/d_loss,5750.0,0.324141263961792
train/d_loss,5800.0,0.40139782428741455
train/d_loss,5850.0,0.4059961438179016
train/d_loss,5900.0,0.9111087322235107
train/d_loss,5950.0,0.5702673196792603
train/d_loss,6000.0,0.821548581123352
train/d_loss,6050.0,0.9439098834991455
train/d_loss,6100.0,0.7596708536148071
train/d_loss,6150.0,0.7279859781265259
train/d_loss,6200.0,0.48528602719306946
train/d_loss,6250.0,0.6848418712615967
train/d_loss,6300.0,0.7270165681838989
train/d_loss,6350.0,0.5165979862213135
train/d_loss,6400.0,0.6909517049789429
train/d_loss,6450.0,0.6096287965774536
train/d_loss,6500.0,0.563101053237915
train/d_loss,6550.0,0.7127587795257568
train/d_loss,6600.0,0.8555445671081543
train/d_loss,6650.0,0.84525465965271
train/d_loss,6700.0,0.5035026669502258
train/d_loss,6750.0,0.3831048309803009
train/d_loss,6800.0,0.4284784197807312
train/d_loss,6850.0,0.48192042112350464
train/d_loss,6900.0,0.3897480368614197
train/d_loss,6950.0,0.5360780358314514
train/d_loss,7000.0,0.48651939630508423
train/d_loss,7050.0,0.6949418783187866
train/d_loss,7100.0,0.6401636600494385
train/d_loss,7150.0,0.553126335144043
train/d_loss,7200.0,0.6018640995025635
train/d_loss,7250.0,0.7703144550323486
train/d_loss,7300.0,0.4371334910392761
train/d_loss,7350.0,0.67757248878479
train/d_loss,7400.0,0.5126767158508301
train/d_loss,7450.0,0.5565314292907715
train/d_loss,7500.0,0.6883952617645264
train/d_loss,7550.0,0.5654199123382568
train/d_loss,7600.0,0.7719006538391113
train/d_loss,7650.0,0.6645575761795044
train/d_loss,7700.0,0.6931978464126587
train/d_loss,7750.0,0.4809560179710388
train/d_loss,7800.0,0.6287527084350586
train/d_loss,7850.0,0.5438898801803589
train/d_loss,7900.0,0.991163432598114
train/d_loss,7950.0,0.612800121307373
train/d_loss,8000.0,0.8222840428352356
train/d_loss,8050.0,0.8218100070953369
train/d_loss,8100.0,0.5512980222702026
train/d_loss,8150.0,0.49236249923706055
train/d_loss,8200.0,0.6550159454345703
train/d_loss,8250.0,0.7165964245796204
train/d_loss,8300.0,0.577741801738739
train/d_loss,8350.0,0.5039197206497192
train/d_loss,8400.0,0.3772765100002289
train/d_loss,8450.0,0.7352033257484436
train/d_loss,8500.0,0.6427340507507324
train/d_loss,8550.0,0.5104629993438721
train/d_loss,8600.0,0.5739796161651611
train/d_loss,8650.0,0.43996888399124146
train/d_loss,8700.0,0.38282424211502075
train/d_loss,8750.0,0.46734267473220825
train/d_loss,8800.0,0.5101410150527954
train/d_loss,8850.0,0.35435542464256287
train/d_loss,8900.0,0.5213167667388916
train/d_loss,8950.0,0.6138545274734497
train/d_loss,9000.0,0.40683579444885254
train/d_loss,9050.0,0.841415524482727
train/d_loss,9100.0,0.6373264789581299
train/d_loss,9150.0,0.7287509441375732
train/d_loss,9200.0,0.5111753940582275
train/d_loss,9250.0,0.33035722374916077
train/d_loss,9300.0,0.9917930364608765
train/d_loss,9350.0,0.2922782301902771
train/d_loss,9400.0,0.8683978915214539
train/d_loss,9450.0,0.40703439712524414
train/d_loss,9500.0,1.0527794361114502
train/d_loss,9550.0,0.6326991319656372
train/d_loss,9600.0,0.7470580339431763
train/d_loss,9650.0,0.965303897857666
train/d_loss,9700.0,0.5264445543289185
train/d_loss,9750.0,0.4963328242301941
train/d_loss,9800.0,1.114617109298706
train/d_loss,9850.0,0.4755820333957672
train/d_loss,9900.0,0.7515340447425842
train/d_loss,9950.0,0.44442111253738403
train/d_loss,10000.0,0.9274601936340332
train/d_loss,10050.0,0.576911985874176
train/d_loss,10100.0,0.6663826704025269
train/d_loss,10150.0,0.6613506078720093
train/d_loss,10200.0,0.36616939306259155
train/d_loss,10250.0,0.411521852016449
train/d_loss,10300.0,1.3411155939102173
train/d_loss,10350.0,0.5927111506462097
train/d_loss,10400.0,0.4817761182785034
train/d_loss,10450.0,0.7687163949012756
train/d_loss,10500.0,0.6988825798034668
train/d_loss,10550.0,0.45746302604675293
train/d_loss,10600.0,0.46816110610961914
train/d_loss,10650.0,0.7895628809928894
train/d_loss,10700.0,0.7976852059364319
train/d_loss,10750.0,0.3355214297771454
train/d_loss,10800.0,0.5653917789459229
train/d_loss,10850.0,0.7167576551437378
train/d_loss,10900.0,0.7109808921813965
train/d_loss,10950.0,0.6083921790122986
train/d_loss,11000.0,0.7320093512535095
train/d_loss,11050.0,0.4315587878227234
train/d_loss,11100.0,0.2942880392074585
train/d_loss,11150.0,1.0169161558151245
train/d_loss,11200.0,0.4753992557525635
train/d_loss,11250.0,0.6303990483283997
train/d_loss,11300.0,0.6653953194618225
train/d_loss,11350.0,0.5185967683792114
train/d_loss,11400.0,0.5149502158164978
train/d_loss,11450.0,0.5109829902648926
train/d_loss,11500.0,0.47080594301223755
train/d_loss,11550.0,0.5636107325553894
train/d_loss,11600.0,0.5452646613121033
train/d_loss,11650.0,0.7854621410369873
train/d_loss,11700.0,0.8659957051277161
train/d_loss,11750.0,0.7292757034301758
train/d_loss,11800.0,0.5895277857780457
train/d_loss,11850.0,0.7215155363082886
train/d_loss,11900.0,0.6768912076950073
train/d_loss,11950.0,0.6368517875671387
train/d_loss,12000.0,0.5090051889419556
train/d_loss,12050.0,0.7021443843841553
train/d_loss,12100.0,0.6571035385131836
train/d_loss,12150.0,0.9900107979774475
train/d_loss,12200.0,0.6574684381484985
train/d_loss,12250.0,0.7821733951568604
train/d_loss,12300.0,0.9021297693252563
train/d_loss,12350.0,0.8569885492324829
train/d_loss,12400.0,0.4146061837673187
train/d_loss,12450.0,0.358438104391098
train/d_loss,12500.0,0.729378879070282
train/d_loss,12550.0,0.5017908811569214
train/d_loss,12600.0,0.6512532830238342
train/d_loss,12650.0,0.5645017027854919
train/d_loss,12700.0,1.0076261758804321
train/d_loss,12750.0,0.5846827030181885
train/d_loss,12800.0,0.7364811897277832
train/d_loss,12850.0,0.6647645235061646
train/d_loss,12900.0,0.6654965877532959
train/d_loss,12950.0,0.4971103072166443
train/d_loss,13000.0,0.4112197756767273
train/d_loss,13050.0,0.7048868536949158
train/d_loss,13100.0,0.49912235140800476
train/d_loss,13150.0,0.5912858247756958
train/d_loss,13200.0,0.493402361869812
train/d_loss,13250.0,0.6721866726875305
train/d_loss,13300.0,0.3567723035812378
train/d_loss,13350.0,0.3711567521095276
train/d_loss,13400.0,0.6816390752792358
train/d_loss,13450.0,0.6803439855575562
train/d_loss,13500.0,0.5654259920120239
train/d_loss,13550.0,0.4839923679828644
train/d_loss,13600.0,0.8210461139678955
train/d_loss,13650.0,0.6606582403182983
train/d_loss,13700.0,0.6857755184173584
train/d_loss,13750.0,0.5383820533752441
train/d_loss,13800.0,0.7028693556785583
train/d_loss,13850.0,0.5513701438903809
train/d_loss,13900.0,0.40631428360939026
train/d_loss,13950.0,0.5913770794868469
train/d_loss,14000.0,0.5629231929779053
train/d_loss,14050.0,1.1205599308013916
train/d_loss,14100.0,0.32707923650741577
train/d_loss,14150.0,0.5666650533676147
train/d_loss,14200.0,0.47824984788894653
train/d_loss,14250.0,0.6485375761985779
train/d_loss,14300.0,0.648248553276062
train/d_loss,14350.0,0.5444502830505371
train/d_loss,14400.0,0.6411160230636597
train/d_loss,14450.0,0.6329600214958191
train/d_loss,14500.0,0.44545236229896545
train/d_loss,14550.0,0.8249576091766357
train/d_loss,14600.0,0.6108717918395996
train/d_loss,14650.0,1.0247260332107544
train/d_loss,14700.0,0.7197976112365723
train/d_loss,14750.0,0.8295088410377502
train/d_loss,14800.0,0.5537550449371338
train/d_loss,14850.0,0.7689151763916016
train/d_loss,14900.0,0.5904228091239929
train/d_loss,14950.0,0.8521210551261902
train/d_loss,15000.0,0.890119194984436
train/d_loss,15050.0,0.5386525392532349
train/d_loss,15100.0,0.7003534436225891
train/d_loss,15150.0,0.4753098487854004
train/d_loss,15200.0,0.4495863914489746
train/d_loss,15250.0,0.34617048501968384
train/d_loss,15300.0,0.6081303954124451
train/d_loss,15350.0,0.5904088616371155
train/d_loss,15400.0,0.576877236366272
train/d_loss,15450.0,0.6616947650909424
train/d_loss,15500.0,0.6794505715370178
train/d_loss,15550.0,0.6494739055633545
train/d_loss,15600.0,0.41974306106567383
train/d_loss,15650.0,0.6449990272521973
train/d_loss,15700.0,0.9672895073890686
train/d_loss,15750.0,0.7017210125923157
train/d_loss,15800.0,0.5470252633094788
train/d_loss,15850.0,0.6483254432678223
train/d_loss,15900.0,0.5426492691040039
train/d_loss,15950.0,0.7288342714309692
train/d_loss,16000.0,0.8078861236572266
train/d_loss,16050.0,0.4810408353805542
train/d_loss,16100.0,0.373587965965271
train/d_loss,16150.0,0.7679281234741211
train/d_loss,16200.0,0.625081479549408
train/d_loss,16250.0,0.440637469291687
train/d_loss,16300.0,0.7184183597564697
train/d_loss,16350.0,0.4776846468448639
train/d_loss,16400.0,0.5620620846748352
train/d_loss,16450.0,0.7257387638092041
train/d_loss,16500.0,0.8461807370185852
train/d_loss,16550.0,0.5039837956428528
train/d_loss,16600.0,0.5229682326316833
train/d_loss,16650.0,0.4030192792415619
train/d_loss,16700.0,0.4348534941673279
train/d_loss,16750.0,0.5604732036590576
train/d_loss,16800.0,0.6172809600830078
train/d_loss,16850.0,0.5598431825637817
train/d_loss,16900.0,0.6434523463249207
train/d_loss,16950.0,0.6741819381713867
train/d_loss,17000.0,0.5471530556678772
train/d_loss,17050.0,0.596406877040863
train/d_loss,17100.0,0.5273503065109253
train/d_loss,17150.0,0.6618770360946655
train/d_loss,17200.0,0.3522692322731018
train/d_loss,17250.0,0.3112867474555969
train/d_loss,17300.0,0.6609158515930176
train/d_loss,17350.0,0.3359297513961792
train/d_loss,17400.0,1.1563870906829834
train/d_loss,17450.0,0.7604314684867859
train/d_loss,17500.0,0.7359967827796936
train/d_loss,17550.0,0.6286461353302002
train/d_loss,17600.0,0.6922253370285034
train/d_loss,17650.0,0.33619052171707153
train/d_loss,17700.0,0.7369543313980103
train/d_loss,17750.0,0.7769922018051147
train/d_loss,17800.0,0.6684538722038269
train/d_loss,17850.0,0.5145939588546753
train/d_loss,17900.0,0.40500378608703613
train/d_loss,17950.0,0.35570788383483887
train/d_loss,18000.0,0.5376413464546204
train/d_loss,18050.0,0.6126664876937866
train/d_loss,18100.0,0.6343558430671692
train/d_loss,18150.0,0.3785533905029297
train/d_loss,18200.0,0.6092131733894348
train/d_loss,18250.0,0.497856467962265
train/d_loss,18300.0,0.6979661583900452
train/d_loss,18350.0,0.48732417821884155
train/d_loss,18400.0,0.7612219452857971
train/d_loss,18450.0,0.3833589553833008
train/d_loss,18500.0,0.39152196049690247
train/d_loss,18550.0,0.45572853088378906
train/d_loss,18600.0,0.6277405023574829
train/d_loss,18650.0,0.8638718128204346
train/d_loss,18700.0,0.6678398251533508
train/d_loss,18750.0,0.5823081731796265
train/d_loss,18800.0,0.7663360834121704
train/d_loss,18850.0,0.40412408113479614
train/d_loss,18900.0,0.5633854866027832
train/d_loss,18950.0,0.8967933058738708
train/d_loss,19000.0,0.6234775185585022
train/d_loss,19050.0,0.4404207468032837
train/d_loss,19100.0,0.5432884693145752
train/d_loss,19150.0,0.6585736274719238
train/d_loss,19200.0,0.8674262762069702
train/d_loss,19250.0,0.47256582975387573
train/d_loss,19300.0,0.7578126192092896
train/d_loss,19350.0,0.5954315066337585
train/d_loss,19400.0,0.5438704490661621
train/d_loss,19450.0,0.7101285457611084
train/d_loss,19500.0,0.6880573630332947
train/d_loss,19550.0,0.7082487344741821
train/d_loss,19600.0,0.9643458127975464
train/d_loss,19650.0,0.47242093086242676
train/d_loss,19700.0,0.7548925280570984
train/d_loss,19750.0,0.4582383334636688
train/d_loss,19800.0,0.7677523493766785
train/d_loss,19850.0,0.48460230231285095
train/d_loss,19900.0,0.4515347480773926
train/d_loss,19950.0,0.6020026803016663
train/d_loss,20000.0,0.5060170888900757
train/d_loss,20050.0,0.34178733825683594
train/d_loss,20100.0,0.5534634590148926
train/d_loss,20150.0,0.6869726181030273
train/d_loss,20200.0,0.5660609006881714
train/d_loss,20250.0,0.5440901517868042
train/d_loss,20300.0,0.7825415134429932
train/d_loss,20350.0,0.5249817371368408
train/d_loss,20400.0,0.523818850517273
train/d_loss,20450.0,0.7049450874328613
train/d_loss,20500.0,1.0246509313583374
train/d_loss,20550.0,0.5735183358192444
train/d_loss,20600.0,0.6791945695877075
train/d_loss,20650.0,0.5820858478546143
train/d_loss,20700.0,0.5603384375572205
train/d_loss,20750.0,0.5803238153457642
train/d_loss,20800.0,0.26408839225769043
train/d_loss,20850.0,0.4815857410430908
train/d_loss,20900.0,1.0373731851577759
train/d_loss,20950.0,0.4316595494747162
train/d_loss,21000.0,0.4933563470840454
train/d_loss,21050.0,0.6610438227653503
train/d_loss,21100.0,1.0590952634811401
train/d_loss,21150.0,0.44833916425704956
train/d_loss,21200.0,0.42150068283081055
train/d_loss,21250.0,0.5162744522094727
train/d_loss,21300.0,0.3903249502182007
train/d_loss,21350.0,0.5968786478042603
train/d_loss,21400.0,0.5960096120834351
train/d_loss,21450.0,0.8028903603553772
train/d_loss,21500.0,0.4701938331127167
train/d_loss,21550.0,0.5321882963180542
train/d_loss,21600.0,0.5146628618240356
train/d_loss,21650.0,0.571700930595398
train/d_loss,21700.0,0.6559630632400513
train/d_loss,21750.0,0.2621361315250397
train/d_loss,21800.0,0.6088120937347412
train/d_loss,21850.0,0.7852718234062195
train/d_loss,21900.0,0.5554670691490173
train/d_loss,21950.0,0.7456417679786682
train/d_loss,22000.0,0.6360592842102051
train/d_loss,22050.0,0.7575534582138062
train/d_loss,22100.0,0.40711846947669983
train/d_loss,22150.0,0.4449710249900818
train/d_loss,22200.0,0.6025232076644897
train/d_loss,22250.0,0.6202471256256104
train/d_loss,22300.0,0.8343148231506348
train/d_loss,22350.0,0.6452426314353943
train/d_loss,22400.0,0.6010687947273254
train/d_loss,22450.0,0.6411314010620117
train/d_loss,22500.0,0.4139394760131836
train/d_loss,22550.0,0.6686307191848755
train/d_loss,22600.0,0.6214580535888672
train/d_loss,22650.0,0.47309112548828125
train/d_loss,22700.0,1.0791603326797485
train/d_loss,22750.0,0.6840789318084717
train/d_loss,22800.0,0.44061845541000366
train/d_loss,22850.0,0.3862094283103943
train/d_loss,22900.0,0.559860348701477
train/d_loss,22950.0,0.4895482063293457
train/d_loss,23000.0,0.8170166611671448
train/d_loss,23050.0,0.9439738392829895
train/d_loss,23100.0,0.8344722986221313
train/d_loss,23150.0,0.8649656176567078
train/d_loss,23200.0,0.5238584876060486
train/d_loss,23250.0,0.46505051851272583
train/d_loss,23300.0,0.9441198110580444
train/d_loss,23350.0,0.5428172945976257
train/d_loss,23400.0,0.42129412293434143
train/d_loss,23450.0,0.40015020966529846
train/d_loss,23500.0,0.5095722079277039
train/d_loss,23550.0,0.6637871265411377
train/d_loss,23600.0,0.6146363019943237
train/d_loss,23650.0,0.66547691822052
train/d_loss,23700.0,0.9151930809020996
train/d_loss,23750.0,0.6220898628234863
train/d_loss,23800.0,0.617287278175354
train/d_loss,23850.0,0.49770012497901917
train/d_loss,23900.0,0.6675513982772827
train/d_loss,23950.0,0.34882938861846924
train/d_loss,24000.0,0.44790035486221313
train/d_loss,24050.0,0.4919501841068268
train/d_loss,24100.0,0.9314430952072144
train/d_loss,24150.0,0.6486822366714478
train/d_loss,24200.0,0.5062867999076843
train/d_loss,24250.0,0.7601828575134277
train/d_loss,24300.0,0.7805752158164978
train/d_loss,24350.0,0.6206462383270264
train/d_loss,24400.0,0.8425469398498535
train/d_loss,24450.0,0.9040287733078003
train/d_loss,24500.0,0.6392042636871338
train/d_loss,24550.0,0.21243567764759064
train/d_loss,24600.0,0.7437120676040649
train/d_loss,24650.0,0.5649714469909668
train/d_loss,24700.0,0.35018444061279297
train/d_loss,24750.0,0.8353519439697266
train/d_loss,24800.0,0.45528462529182434
train/d_loss,24850.0,0.6352076530456543
train/d_loss,24900.0,0.8840420246124268
train/d_loss,24950.0,0.8372747898101807
train/d_loss,25000.0,0.7122808694839478
train/d_loss,25050.0,0.5650982856750488
train/d_loss,25100.0,0.6587536931037903
train/d_loss,25150.0,0.5158994197845459
train/d_loss,25200.0,0.5089049935340881
train/d_loss,25250.0,0.786369800567627
train/d_loss,25300.0,0.7081699371337891
train/d_loss,25350.0,0.8356260061264038
train/d_loss,25400.0,0.6810341477394104
train/d_loss,25450.0,0.6013088822364807
train/d_loss,25500.0,0.39396101236343384
train/d_loss,25550.0,0.6633085012435913
train/d_loss,25600.0,0.6514472961425781
train/d_loss,25650.0,0.7771092653274536
train/d_loss,25700.0,0.5654100179672241
train/d_loss,25750.0,0.5890640020370483
train/d_loss,25800.0,0.4489173889160156
train/d_loss,25850.0,0.647028923034668
train/d_loss,25900.0,0.48291921615600586
train/d_loss,25950.0,0.598482608795166
train/d_loss,26000.0,0.5152543783187866
train/d_loss,26050.0,0.4909123182296753
train/d_loss,26100.0,0.4629530906677246
train/d_loss,26150.0,0.5695153474807739
train/d_loss,26200.0,0.6358931660652161
train/d_loss,26250.0,0.5469013452529907
train/d_loss,26300.0,0.5700103044509888
train/d_loss,26350.0,0.611609160900116
train/d_loss,26400.0,0.4944363832473755
train/d_loss,26450.0,0.569800078868866
train/d_loss,26500.0,0.7623444199562073
train/d_loss,26550.0,0.5149163007736206
train/d_loss,26600.0,0.5741480588912964
train/d_loss,26650.0,1.001297950744629
train/d_loss,26700.0,0.6130766272544861
train/d_loss,26750.0,0.7215185165405273
train/d_loss,26800.0,0.527483344078064
train/d_loss,26850.0,0.7596412897109985
train/d_loss,26900.0,0.7437602877616882
train/d_loss,26950.0,0.6161790490150452
train/d_loss,27000.0,0.8135486245155334
train/d_loss,27050.0,0.9406089782714844
train/d_loss,27100.0,0.7571133375167847
train/d_loss,27150.0,0.8154545426368713
train/d_loss,27200.0,0.5028042793273926
train/d_loss,27250.0,0.6107997894287109
train/d_loss,27300.0,0.7149341702461243
train/d_loss,27350.0,0.3965265452861786
train/d_loss,27400.0,0.5656464695930481
train/d_loss,27450.0,0.7332140207290649
train/d_loss,27500.0,0.4223463833332062
train/d_loss,27550.0,0.7570406198501587
train/d_loss,27600.0,0.6098155379295349
train/d_loss,27650.0,0.4516785740852356
train/d_loss,27700.0,0.6420201659202576
train/d_loss,27750.0,0.49898049235343933
train/d_loss,27800.0,0.4758390188217163
train/d_loss,27850.0,0.7014743685722351
train/d_loss,27900.0,0.7162821292877197
train/d_loss,27950.0,0.4427647292613983
train/d_loss,28000.0,0.9436375498771667
train/d_loss,28050.0,0.5170912742614746
train/d_loss,28100.0,0.5760825872421265
train/d_loss,28150.0,0.8445255160331726
train/d_loss,28200.0,0.6998223066329956
train/d_loss,28250.0,0.7161386013031006
train/d_loss,28300.0,0.3548619747161865
train/d_loss,28350.0,0.7309882640838623
train/d_loss,28400.0,0.6027165651321411
train/d_loss,28450.0,0.5798945426940918
train/d_loss,28500.0,0.7381892800331116
train/d_loss,28550.0,0.5280232429504395
train/d_loss,28600.0,0.5975471138954163
train/d_loss,28650.0,0.4923136830329895
train/d_loss,28700.0,0.9215808510780334
train/d_loss,28750.0,0.6977877020835876
train/d_loss,28800.0,0.5294522643089294
train/d_loss,28850.0,0.39305227994918823
train/d_loss,28900.0,0.5324888229370117
train/d_loss,28950.0,0.6467770934104919
train/d_loss,29000.0,0.6327513456344604
train/d_loss,29050.0,0.5486943125724792
train/d_loss,29100.0,0.6725035905838013
train/d_loss,29150.0,0.5678386092185974
train/d_loss,29200.0,0.40715691447257996
train/d_loss,29250.0,0.610260009765625
train/d_loss,29300.0,0.5853526592254639
train/d_loss,29350.0,0.6767018437385559
train/d_loss,29400.0,0.5849204063415527
train/d_loss,29450.0,0.5825246572494507
train/d_loss,29500.0,0.5356797575950623
train/d_loss,29550.0,0.6289317607879639
train/d_loss,29600.0,0.6473532319068909
train/d_loss,29650.0,0.41320446133613586
train/d_loss,29700.0,0.5995641350746155
train/d_loss,29750.0,0.7545167207717896
train/d_loss,29800.0,0.7894920706748962
train/d_loss,29850.0,0.5520579218864441
train/d_loss,29900.0,0.8049899339675903
train/d_loss,29950.0,0.7899017333984375
train/d_loss,30000.0,0.976585865020752
train/d_loss,30050.0,0.7988636493682861
train/d_loss,30100.0,0.5864787101745605
train/d_loss,30150.0,0.5612186789512634
train/d_loss,30200.0,0.7531062364578247
train/d_loss,30250.0,0.6713106632232666
train/d_loss,30300.0,0.46826064586639404
train/d_loss,30350.0,0.7601912021636963
train/d_loss,30400.0,0.6033499240875244
train/d_loss,30450.0,0.40745407342910767
train/d_loss,30500.0,0.5217800736427307
train/d_loss,30550.0,0.5946615934371948
train/d_loss,30600.0,0.7691359519958496
train/d_loss,30650.0,0.6020466089248657
train/d_loss,30700.0,0.6956299543380737
train/d_loss,30750.0,0.6600470542907715
train/d_loss,30800.0,0.670169472694397
train/d_loss,30850.0,0.3333667516708374
train/d_loss,30900.0,0.6001018285751343
train/d_loss,30950.0,0.5344959497451782
train/d_loss,31000.0,0.66669762134552
train/d_loss,31050.0,0.6732925176620483
train/d_loss,31100.0,0.6990984678268433
train/d_loss,31150.0,0.5915327072143555
train/d_loss,31200.0,0.5367981195449829
train/d_loss,31250.0,0.5418333411216736
train/d_loss,31300.0,0.7621956467628479
train/d_loss,31350.0,0.7349101901054382
train/d_loss,31400.0,0.8879646062850952
train/d_loss,31450.0,0.6355220079421997
train/d_loss,31500.0,0.6527427434921265
train/d_loss,31550.0,0.48099657893180847
train/d_loss,31600.0,0.5884278416633606
train/d_loss,31650.0,0.5531456470489502
train/d_loss,31700.0,0.4359723925590515
train/d_loss,31750.0,0.8759480714797974
train/d_loss,31800.0,0.4465223550796509
train/d_loss,31850.0,0.8522257804870605
train/d_loss,31900.0,0.6728383302688599
train/d_loss,31950.0,0.7794234752655029
train/d_loss,32000.0,0.7061291337013245
train/d_loss,32050.0,0.5524837970733643
train/d_loss,32100.0,0.5350247621536255
train/d_loss,32150.0,0.30608829855918884
train/d_loss,32200.0,0.9109611511230469
train/d_loss,32250.0,0.6548386216163635
train/d_loss,32300.0,0.5615190267562866
train/d_loss,32350.0,0.8423372507095337
train/d_loss,32400.0,0.520585298538208
train/d_loss,32450.0,0.6248036623001099
train/d_loss,32500.0,0.5898633599281311
train/d_loss,32550.0,0.5199911594390869
train/d_loss,32600.0,0.6024783849716187
train/d_loss,32650.0,0.49741142988204956
train/d_loss,32700.0,0.4739822745323181
train/d_loss,32750.0,0.5841768980026245
train/d_loss,32800.0,0.589840292930603
train/d_loss,32850.0,0.5080249905586243
train/d_loss,32900.0,0.6029126048088074
train/d_loss,32950.0,0.6014785170555115
train/d_loss,33000.0,0.8348939418792725
train/d_loss,33050.0,0.553344190120697
train/d_loss,33100.0,0.9806874990463257
train/d_loss,33150.0,0.8911608457565308
train/d_loss,33200.0,0.5659837126731873
train/d_loss,33250.0,0.44066566228866577
train/d_loss,33300.0,0.8054649829864502
train/d_loss,33350.0,0.6096214056015015
train/d_loss,33400.0,0.5597279071807861
train/d_loss,33450.0,0.6412985920906067
train/d_loss,33500.0,0.48770254850387573
train/d_loss,33550.0,0.4954994320869446
train/d_loss,33600.0,0.44022732973098755
train/d_loss,33650.0,0.5294852256774902
train/d_loss,33700.0,0.5247446298599243
train/d_loss,33750.0,0.5450667142868042
train/d_loss,33800.0,0.5980700850486755
train/d_loss,33850.0,0.6621381044387817
train/d_loss,33900.0,0.5059680938720703
train/d_loss,33950.0,0.7498677968978882
train/d_loss,34000.0,0.6447815895080566
train/d_loss,34050.0,0.868341863155365
train/d_loss,34100.0,0.7524095773696899
train/d_loss,34150.0,0.63713538646698
train/d_loss,34200.0,0.8797540664672852
train/d_loss,34250.0,0.590976893901825
train/d_loss,34300.0,0.7078139185905457
train/d_loss,34350.0,0.835517406463623
train/d_loss,34400.0,0.4295041561126709
train/d_loss,34450.0,0.6788893938064575
train/d_loss,34500.0,0.43293535709381104
train/d_loss,34550.0,0.51811283826828
train/d_loss,34600.0,0.5042057037353516
train/d_loss,34650.0,0.5534012317657471
train/d_loss,34700.0,0.5668904781341553
train/d_loss,34750.0,0.5377520322799683
train/d_loss,34800.0,0.5751132965087891
train/d_loss,34850.0,0.3397243022918701
train/d_loss,34900.0,0.538252055644989
train/d_loss,34950.0,0.5810872316360474
train/d_loss,35000.0,0.5833265781402588
train/d_loss,35050.0,0.34568291902542114
train/d_loss,35100.0,0.5166853666305542
train/d_loss,35150.0,0.5888105630874634
train/d_loss,35200.0,0.4826875329017639
train/d_loss,35250.0,0.7452175617218018
train/d_loss,35300.0,0.5321296453475952
train/d_loss,35350.0,0.6410473585128784
train/d_loss,35400.0,0.7727776765823364
train/d_loss,35450.0,0.7104781866073608
train/d_loss,35500.0,0.8117576241493225
train/d_loss,35550.0,0.496321439743042
train/d_loss,35600.0,0.7192299962043762
train/d_loss,35650.0,0.800262451171875
train/d_loss,35700.0,0.5010069608688354
train/d_loss,35750.0,0.9017850160598755
train/d_loss,35800.0,0.6120139360427856
train/d_loss,35850.0,0.578919529914856
train/d_loss,35900.0,0.9000208377838135
train/d_loss,35950.0,0.7655059099197388
train/d_loss,36000.0,0.5246275067329407
train/d_loss,36050.0,0.7122994065284729
train/d_loss,36100.0,0.6666973233222961
train/d_loss,36150.0,0.5439548492431641
train/d_loss,36200.0,0.6375081539154053
train/d_loss,36250.0,0.5557565689086914
train/d_loss,36300.0,0.6062263250350952
train/d_loss,36350.0,0.7000072002410889
train/d_loss,36400.0,0.4906642436981201
train/d_loss,36450.0,0.6166328191757202
train/d_loss,36500.0,0.6033346652984619
train/d_loss,36550.0,0.8752055168151855
train/d_loss,36600.0,0.766226053237915
train/d_loss,36650.0,0.8311710357666016
train/d_loss,36700.0,0.2844659388065338
train/d_loss,36750.0,0.5316844582557678
train/d_loss,36800.0,0.4857803285121918
train/d_loss,36850.0,0.49682343006134033
train/d_loss,36900.0,0.7478803992271423
train/d_loss,36950.0,0.5906839370727539
train/d_loss,37000.0,0.642620861530304
train/d_loss,37050.0,0.53377765417099
train/d_loss,37100.0,0.5928563475608826
train/d_loss,37150.0,0.5856553912162781
train/d_loss,37200.0,0.5206094980239868
train/d_loss,37250.0,0.7037134766578674
train/d_loss,37300.0,0.6732715368270874
train/d_loss,37350.0,0.6983975172042847
train/d_loss,37400.0,0.6233681440353394
train/d_loss,37450.0,0.8397256135940552
train/d_loss,37500.0,0.591038703918457
train/d_loss,37550.0,0.6704304218292236
train/d_loss,37600.0,0.4701848030090332
train/d_loss,37650.0,0.5324730277061462
train/d_loss,37700.0,0.5570259094238281
train/d_loss,37750.0,0.6025452017784119
train/d_loss,37800.0,0.44986605644226074
train/d_loss,37850.0,0.5245494842529297
train/d_loss,37900.0,0.7771357297897339
train/d_loss,37950.0,0.6858857870101929
train/d_loss,38000.0,0.6590753793716431
train/d_loss,38050.0,0.48102328181266785
train/d_loss,38100.0,0.500911295413971
train/d_loss,38150.0,0.8782250881195068
train/d_loss,38200.0,0.48651769757270813
train/d_loss,38250.0,0.531265377998352
train/d_loss,38300.0,0.7018492221832275
train/d_loss,38350.0,0.5019407868385315
train/d_loss,38400.0,0.5728069543838501
train/d_loss,38450.0,0.5752993822097778
train/d_loss,38500.0,0.4281389117240906
train/d_loss,38550.0,0.5810962915420532
train/d_loss,38600.0,0.7276328802108765
train/d_loss,38650.0,0.6597668528556824
train/d_loss,38700.0,0.5887199640274048
train/d_loss,38750.0,0.43414217233657837
train/d_loss,38800.0,0.7294126749038696
train/d_loss,38850.0,0.5714471340179443
train/d_loss,38900.0,0.759178102016449
train/d_loss,38950.0,0.7118363976478577
train/d_loss,39000.0,0.7586027979850769
train/d_loss,39050.0,0.5495564341545105
train/d_loss,39100.0,0.42121773958206177
train/d_loss,39150.0,0.48206624388694763
train/d_loss,39200.0,0.549804151058197
train/d_loss,39250.0,0.5898206233978271
train/d_loss,39300.0,0.49902695417404175
train/d_loss,39350.0,0.4933435916900635
train/d_loss,39400.0,0.8373398780822754
train/d_loss,39450.0,0.6566566228866577
train/d_loss,39500.0,0.5344387292861938
train/d_loss,39550.0,0.5786565542221069
train/d_loss,39600.0,0.5500937104225159
train/d_loss,39650.0,0.5169568657875061
train/d_loss,39700.0,0.5971821546554565
train/d_loss,39750.0,0.3702971041202545
train/d_loss,39800.0,0.6481053829193115
train/d_loss,39850.0,0.5043485760688782
train/d_loss,39900.0,0.5568954348564148
train/d_loss,39950.0,0.6449872255325317
train/d_loss,40000.0,0.5091350674629211
train/d_loss,40050.0,0.5399321913719177
train/d_loss,40100.0,0.653896152973175
train/d_loss,40150.0,0.6096798181533813
train/d_loss,40200.0,0.7443450093269348
train/d_loss,40250.0,0.2755546569824219
train/d_loss,40300.0,0.6326825022697449
train/d_loss,40350.0,0.6990472078323364
train/d_loss,40400.0,0.8176447749137878
train/d_loss,40450.0,0.5957788825035095
train/d_loss,40500.0,0.5783315896987915
train/d_loss,40550.0,0.3786746859550476
train/d_loss,40600.0,0.5028122663497925
train/d_loss,40650.0,0.49665775895118713
train/d_loss,40700.0,0.799604058265686
train/d_loss,40750.0,0.936981201171875
train/d_loss,40800.0,0.42312195897102356
train/d_loss,40850.0,0.4453909397125244
train/d_loss,40900.0,0.5656858086585999
train/d_loss,40950.0,0.6933729648590088
train/d_loss,41000.0,0.677825927734375
train/d_loss,41050.0,0.6381767392158508
train/d_loss,41100.0,0.5939140319824219
train/d_loss,41150.0,0.9924235343933105
train/d_loss,41200.0,0.7581927180290222
train/d_loss,41250.0,0.7952651977539062
train/d_loss,41300.0,0.6755902171134949
train/d_loss,41350.0,0.764380693435669
train/d_loss,41400.0,0.5006442070007324
train/d_loss,41450.0,0.6119446754455566
train/d_loss,41500.0,0.7653626799583435
train/d_loss,41550.0,0.687491774559021
train/d_loss,41600.0,0.7346334457397461
train/d_loss,41650.0,0.6638823747634888
train/d_loss,41700.0,0.6013393402099609
train/d_loss,41750.0,0.5041049718856812
train/d_loss,41800.0,0.4497193396091461
train/d_loss,41850.0,0.5808542966842651
train/d_loss,41900.0,0.46384191513061523
train/d_loss,41950.0,0.7844445109367371
train/d_loss,42000.0,0.7094974517822266
train/d_loss,42050.0,0.8164372444152832
train/d_loss,42100.0,0.7697145342826843
train/d_loss,42150.0,0.5215789079666138
train/d_loss,42200.0,0.8422222137451172
train/d_loss,42250.0,0.6257128715515137
train/d_loss,42300.0,0.5965121984481812
train/d_loss,42350.0,0.595328152179718
train/d_loss,42400.0,0.6895673274993896
train/d_loss,42450.0,0.5825419425964355
train/d_loss,42500.0,0.6909980773925781
train/d_loss,42550.0,0.619841456413269
train/d_loss,42600.0,0.5025640726089478
train/d_loss,42650.0,0.47378385066986084
train/d_loss,42700.0,0.3646889626979828
train/d_loss,42750.0,0.6900929808616638
train/d_loss,42800.0,0.782572329044342
train/d_loss,42850.0,0.6733912825584412
train/d_loss,42900.0,0.6255040168762207
train/d_loss,42950.0,0.7955052852630615
train/d_loss,43000.0,0.8765301704406738
train/d_loss,43050.0,0.518364667892456
train/d_loss,43100.0,0.6535924673080444
train/d_loss,43150.0,0.5596660375595093
train/d_loss,43200.0,0.5447418689727783
train/d_loss,43250.0,0.42148488759994507
train/d_loss,43300.0,0.6291542053222656
train/d_loss,43350.0,0.6120169758796692
train/d_loss,43400.0,0.6406489610671997
train/d_loss,43450.0,0.33447274565696716
train/d_loss,43500.0,0.5990515947341919
train/d_loss,43550.0,0.6892840266227722
train/d_loss,43600.0,0.6406741142272949
train/d_loss,43650.0,0.41855233907699585
train/d_loss,43700.0,0.5217686295509338
train/d_loss,43750.0,0.6271368861198425
train/d_loss,43800.0,0.7981789112091064
train/d_loss,43850.0,0.7701646089553833
train/d_loss,43900.0,0.5358186960220337
train/d_loss,43950.0,0.6473931074142456
train/d_loss,44000.0,0.6385647058486938
train/d_loss,44050.0,0.5696210861206055
train/d_loss,44100.0,0.3799467980861664
train/d_loss,44150.0,0.9037119746208191
train/d_loss,44200.0,0.7128039598464966
train/d_loss,44250.0,0.7312936782836914
train/d_loss,44300.0,0.38459575176239014
train/d_loss,44350.0,0.6291331052780151
train/d_loss,44400.0,0.6143715381622314
train/d_loss,44450.0,0.6269201040267944
train/d_loss,44500.0,0.4451345205307007
train/d_loss,44550.0,0.3592149615287781
train/d_loss,44600.0,0.8017752170562744
train/d_loss,44650.0,0.5006632208824158
train/d_loss,44700.0,0.40233367681503296
train/d_loss,44750.0,0.4828566908836365
train/d_loss,44800.0,0.6628484725952148
train/d_loss,44850.0,0.6427147388458252
train/d_loss,44900.0,0.640243649482727
train/d_loss,44950.0,0.8647674322128296
train/d_loss,45000.0,0.4723697900772095
train/d_loss,45050.0,0.5393792390823364
train/d_loss,45100.0,0.48379579186439514
train/d_loss,45150.0,0.7868211269378662
train/d_loss,45200.0,0.40905505418777466
train/d_loss,45250.0,0.558672308921814
train/d_loss,45300.0,0.8700068593025208
train/d_loss,45350.0,0.5612682104110718
train/d_loss,45400.0,1.0125839710235596
train/d_loss,45450.0,0.5498458743095398
train/d_loss,45500.0,0.5799617767333984
train/d_loss,45550.0,0.6458320617675781
train/d_loss,45600.0,0.4685744643211365
train/d_loss,45650.0,0.6194571256637573
train/d_loss,45700.0,0.8800419569015503
train/d_loss,45750.0,0.6727766394615173
train/d_loss,45800.0,0.6156812906265259
train/d_loss,45850.0,0.6880632638931274
train/d_loss,45900.0,0.45151105523109436
train/d_loss,45950.0,0.5309027433395386
train/d_loss,46000.0,0.7635543942451477
train/d_loss,46050.0,0.4698413908481598
train/d_loss,46100.0,0.6264488697052002
train/d_loss,46150.0,0.41384249925613403
train/d_loss,46200.0,0.8718294501304626
train/d_loss,46250.0,0.44426870346069336
train/d_loss,46300.0,0.7129400968551636
train/d_loss,46350.0,0.7666359543800354
train/d_loss,46400.0,0.5997951030731201
train/d_loss,46450.0,0.5930168032646179
train/d_loss,46500.0,0.5919358134269714
train/d_loss,46550.0,0.6359506845474243
train/d_loss,46600.0,0.5855197906494141
train/d_loss,46650.0,0.7153582572937012
train/d_loss,46700.0,0.7855884432792664
train/d_loss,46750.0,0.8130270838737488
train/d_loss,46800.0,0.5685203671455383
train/d_loss,46850.0,0.7889480590820312
train/d_loss,46900.0,0.5050632953643799
train/d_loss,46950.0,0.4665505886077881
train/d_loss,47000.0,0.6951408386230469
train/d_loss,47050.0,0.5547865629196167
train/d_loss,47100.0,0.5079216957092285
train/d_loss,47150.0,0.7529411911964417
train/d_loss,47200.0,0.5886527895927429
train/d_loss,47250.0,0.2945263087749481
train/d_loss,47300.0,0.37198323011398315
train/d_loss,47350.0,0.5632134079933167
train/d_loss,47400.0,0.8544915318489075
train/d_loss,47450.0,0.37111780047416687
train/d_loss,47500.0,0.5923366546630859
train/d_loss,47550.0,0.438293993473053
train/d_loss,47600.0,0.3161168396472931
train/d_loss,47650.0,0.8139255046844482
train/d_loss,47700.0,0.8546473383903503
train/d_loss,47750.0,0.7575463056564331
train/d_loss,47800.0,0.7895268201828003
train/d_loss,47850.0,0.5280905961990356
train/d_loss,47900.0,0.4902155101299286
train/d_loss,47950.0,0.5817050933837891
train/d_loss,48000.0,0.8963714838027954
train/d_loss,48050.0,0.5881272554397583
train/d_loss,48100.0,0.734189510345459
train/d_loss,48150.0,0.5312339663505554
train/d_loss,48200.0,0.624226987361908
train/d_loss,48250.0,0.6074967384338379
train/d_loss,48300.0,0.4409765601158142
train/d_loss,48350.0,0.8079876899719238
train/d_loss,48400.0,0.8258762955665588
train/d_loss,48450.0,0.47912490367889404
train/d_loss,48500.0,0.6422717571258545
train/d_loss,48550.0,0.5074158906936646
train/d_loss,48600.0,0.6396405100822449
train/d_loss,48650.0,0.8640533685684204
train/d_loss,48700.0,0.6048353910446167
train/d_loss,48750.0,0.7708092331886292
train/d_loss,48800.0,0.5307474136352539
train/d_loss,48850.0,0.6931663751602173
train/d_loss,48900.0,0.4155718684196472
train/d_loss,48950.0,0.27565449476242065
train/d_loss,49000.0,0.6172117590904236
train/d_loss,49050.0,0.7087933421134949
train/d_loss,49100.0,0.7079871892929077
train/d_loss,49150.0,0.48794060945510864
train/d_loss,49200.0,0.539332389831543
train/d_loss,49250.0,0.8261400461196899
train/d_loss,49300.0,0.6158771514892578
train/d_loss,49350.0,0.4880904257297516
train/d_loss,49400.0,0.6700375080108643
train/d_loss,49450.0,0.6981172561645508
train/d_loss,49500.0,0.4105968475341797
train/d_loss,49550.0,0.5389231443405151
train/d_loss,49600.0,0.704340934753418
train/d_loss,49650.0,0.5323773622512817
train/d_loss,49700.0,0.6990276575088501
train/d_loss,49750.0,0.6661735773086548
train/d_loss,49800.0,0.6542097330093384
train/d_loss,49850.0,0.5051236152648926
train/d_loss,49900.0,0.6551165580749512
train/d_loss,49950.0,0.468730628490448
train/d_loss,50000.0,0.7541938424110413
train/d_loss,50050.0,0.4760085344314575
train/d_loss,50100.0,0.5629849433898926
train/d_loss,50150.0,0.4817940294742584
train/d_loss,50200.0,0.49097949266433716
train/d_loss,50250.0,0.37538060545921326
train/d_loss,50300.0,0.7486133575439453
train/d_loss,50350.0,0.426321417093277
train/d_loss,50400.0,0.5260480642318726
train/d_loss,50450.0,0.47268927097320557
train/d_loss,50500.0,0.5650728940963745
train/d_loss,50550.0,0.4220055341720581
train/d_loss,50600.0,0.6363577842712402
train/d_loss,50650.0,0.8913019895553589
train/d_loss,50700.0,0.6255097389221191
train/d_loss,50750.0,0.4457617402076721
train/d_loss,50800.0,0.7803406715393066
train/d_loss,50850.0,0.7508265376091003
train/d_loss,50900.0,0.39349550008773804
train/d_loss,50950.0,0.49984461069107056
train/d_loss,51000.0,0.49637359380722046
train/d_loss,51050.0,0.9384312629699707
train/d_loss,51100.0,0.7307560443878174
train/d_loss,51150.0,0.5787431001663208
train/d_loss,51200.0,0.4990113377571106
train/d_loss,51250.0,0.6541470289230347
train/d_loss,51300.0,0.5400773286819458
train/d_loss,51350.0,0.37369948625564575
train/d_loss,51400.0,0.6432285308837891
train/d_loss,51450.0,0.5561544299125671
train/d_loss,51500.0,0.604450523853302
train/d_loss,51550.0,0.4748680293560028
train/d_loss,51600.0,0.5520933866500854
train/d_loss,51650.0,0.5649608373641968
train/d_loss,51700.0,0.7410678863525391
train/d_loss,51750.0,0.4975097179412842
train/d_loss,51800.0,0.7624661922454834
train/d_loss,51850.0,0.48616376519203186
train/d_loss,51900.0,0.6939117908477783
train/feature_matching,50.0,0.0
train/feature_matching,100.0,0.0
train/feature_matching,150.0,0.0
train/feature_matching,200.0,0.0
train/feature_matching,250.0,0.0
train/feature_matching,300.0,0.0
train/feature_matching,350.0,0.0
train/feature_matching,400.0,0.0
train/feature_matching,450.0,0.0
train/feature_matching,500.0,0.0
train/feature_matching,550.0,0.0
train/feature_matching,600.0,0.0
train/feature_matching,650.0,0.0
train/feature_matching,700.0,0.0
train/feature_matching,750.0,0.0
train/feature_matching,800.0,0.0
train/feature_matching,850.0,0.0
train/feature_matching,900.0,0.0
train/feature_matching,950.0,0.0
train/feature_matching,1000.0,0.0
train/feature_matching,1050.0,0.0
train/feature_matching,1100.0,0.0
train/feature_matching,1150.0,0.0
train/feature_matching,1200.0,0.0
train/feature_matching,1250.0,0.0
train/feature_matching,1300.0,0.0
train/feature_matching,1350.0,0.0
train/feature_matching,1400.0,0.0
train/feature_matching,1450.0,0.0
train/feature_matching,1500.0,0.0
train/feature_matching,1550.0,0.0
train/feature_matching,1600.0,0.0
train/feature_matching,1650.0,0.0
train/feature_matching,1700.0,0.0
train/feature_matching,1750.0,0.0
train/feature_matching,1800.0,0.0
train/feature_matching,1850.0,0.0
train/feature_matching,1900.0,0.0
train/feature_matching,1950.0,0.0
train/feature_matching,2000.0,0.0
train/feature_matching,2050.0,0.0
train/feature_matching,2100.0,0.0
train/feature_matching,2150.0,0.0
train/feature_matching,2200.0,0.0
train/feature_matching,2250.0,0.0
train/feature_matching,2300.0,0.0
train/feature_matching,2350.0,0.0
train/feature_matching,2400.0,0.0
train/feature_matching,2450.0,0.0
train/feature_matching,2500.0,0.0
train/feature_matching,2550.0,0.0
train/feature_matching,2600.0,0.0
train/feature_matching,2650.0,0.0
train/feature_matching,2700.0,0.0
train/feature_matching,2750.0,0.0
train/feature_matching,2800.0,0.0
train/feature_matching,2850.0,0.0
train/feature_matching,2900.0,0.0
train/feature_matching,2950.0,0.0
train/feature_matching,3000.0,0.0
train/feature_matching,3050.0,0.0
train/feature_matching,3100.0,0.0
train/feature_matching,3150.0,0.0
train/feature_matching,3200.0,0.0
train/feature_matching,3250.0,0.0
train/feature_matching,3300.0,0.0
train/feature_matching,3350.0,0.0
train/feature_matching,3400.0,0.0
train/feature_matching,3450.0,0.0
train/feature_matching,3500.0,0.0
train/feature_matching,3550.0,0.0
train/feature_matching,3600.0,0.0
train/feature_matching,3650.0,0.0
train/feature_matching,3700.0,0.0
train/feature_matching,3750.0,0.0
train/feature_matching,3800.0,0.0
train/feature_matching,3850.0,0.0
train/feature_matching,3900.0,0.0
train/feature_matching,3950.0,0.0
train/feature_matching,4000.0,0.0
train/feature_matching,4050.0,0.0
train/feature_matching,4100.0,0.0
train/feature_matching,4150.0,0.0
train/feature_matching,4200.0,0.0
train/feature_matching,4250.0,0.0
train/feature_matching,4300.0,0.0
train/feature_matching,4350.0,0.0
train/feature_matching,4400.0,0.0
train/feature_matching,4450.0,0.0
train/feature_matching,4500.0,0.0
train/feature_matching,4550.0,0.0
train/feature_matching,4600.0,0.0
train/feature_matching,4650.0,0.0
train/feature_matching,4700.0,0.0
train/feature_matching,4750.0,0.0
train/feature_matching,4800.0,0.0
train/feature_matching,4850.0,0.0
train/feature_matching,4900.0,0.0
train/feature_matching,4950.0,0.0
train/feature_matching,5000.0,0.0
train/feature_matching,5050.0,0.0
train/feature_matching,5100.0,0.0
train/feature_matching,5150.0,0.0
train/feature_matching,5200.0,0.0
train/feature_matching,5250.0,0.0
train/feature_matching,5300.0,0.0
train/feature_matching,5350.0,0.0
train/feature_matching,5400.0,0.0
train/feature_matching,5450.0,0.0
train/feature_matching,5500.0,0.0
train/feature_matching,5550.0,0.0
train/feature_matching,5600.0,0.0
train/feature_matching,5650.0,0.0
train/feature_matching,5700.0,0.0
train/feature_matching,5750.0,0.0
train/feature_matching,5800.0,0.0
train/feature_matching,5850.0,0.0
train/feature_matching,5900.0,0.0
train/feature_matching,5950.0,0.0
train/feature_matching,6000.0,0.0
train/feature_matching,6050.0,0.0
train/feature_matching,6100.0,0.0
train/feature_matching,6150.0,0.0
train/feature_matching,6200.0,0.0
train/feature_matching,6250.0,0.0
train/feature_matching,6300.0,0.0
train/feature_matching,6350.0,0.0
train/feature_matching,6400.0,0.0
train/feature_matching,6450.0,0.0
train/feature_matching,6500.0,0.0
train/feature_matching,6550.0,0.0
train/feature_matching,6600.0,0.0
train/feature_matching,6650.0,0.0
train/feature_matching,6700.0,0.0
train/feature_matching,6750.0,0.0
train/feature_matching,6800.0,0.0
train/feature_matching,6850.0,0.0
train/feature_matching,6900.0,0.0
train/feature_matching,6950.0,0.0
train/feature_matching,7000.0,0.0
train/feature_matching,7050.0,0.0
train/feature_matching,7100.0,0.0
train/feature_matching,7150.0,0.0
train/feature_matching,7200.0,0.0
train/feature_matching,7250.0,0.0
train/feature_matching,7300.0,0.0
train/feature_matching,7350.0,0.0
train/feature_matching,7400.0,0.0
train/feature_matching,7450.0,0.0
train/feature_matching,7500.0,0.0
train/feature_matching,7550.0,0.0
train/feature_matching,7600.0,0.0
train/feature_matching,7650.0,0.0
train/feature_matching,7700.0,0.0
train/feature_matching,7750.0,0.0
train/feature_matching,7800.0,0.0
train/feature_matching,7850.0,0.0
train/feature_matching,7900.0,0.0
train/feature_matching,7950.0,0.0
train/feature_matching,8000.0,0.0
train/feature_matching,8050.0,0.0
train/feature_matching,8100.0,0.0
train/feature_matching,8150.0,0.0
train/feature_matching,8200.0,0.0
train/feature_matching,8250.0,0.0
train/feature_matching,8300.0,0.0
train/feature_matching,8350.0,0.0
train/feature_matching,8400.0,0.0
train/feature_matching,8450.0,0.0
train/feature_matching,8500.0,0.0
train/feature_matching,8550.0,0.0
train/feature_matching,8600.0,0.0
train/feature_matching,8650.0,0.0
train/feature_matching,8700.0,0.0
train/feature_matching,8750.0,0.0
train/feature_matching,8800.0,0.0
train/feature_matching,8850.0,0.0
train/feature_matching,8900.0,0.0
train/feature_matching,8950.0,0.0
train/feature_matching,9000.0,0.0
train/feature_matching,9050.0,0.0
train/feature_matching,9100.0,0.0
train/feature_matching,9150.0,0.0
train/feature_matching,9200.0,0.0
train/feature_matching,9250.0,0.0
train/feature_matching,9300.0,0.0
train/feature_matching,9350.0,0.0
train/feature_matching,9400.0,0.0
train/feature_matching,9450.0,0.0
train/feature_matching,9500.0,0.0
train/feature_matching,9550.0,0.0
train/feature_matching,9600.0,0.0
train/feature_matching,9650.0,0.0
train/feature_matching,9700.0,0.0
train/feature_matching,9750.0,0.0
train/feature_matching,9800.0,0.0
train/feature_matching,9850.0,0.0
train/feature_matching,9900.0,0.0
train/feature_matching,9950.0,0.0
train/feature_matching,10000.0,0.0
train/feature_matching,10050.0,0.0
train/feature_matching,10100.0,0.0
train/feature_matching,10150.0,0.0
train/feature_matching,10200.0,0.0
train/feature_matching,10250.0,0.0
train/feature_matching,10300.0,0.0
train/feature_matching,10350.0,0.0
train/feature_matching,10400.0,0.0
train/feature_matching,10450.0,0.0
train/feature_matching,10500.0,0.0
train/feature_matching,10550.0,0.0
train/feature_matching,10600.0,0.0
train/feature_matching,10650.0,0.0
train/feature_matching,10700.0,0.0
train/feature_matching,10750.0,0.0
train/feature_matching,10800.0,0.0
train/feature_matching,10850.0,0.0
train/feature_matching,10900.0,0.0
train/feature_matching,10950.0,0.0
train/feature_matching,11000.0,0.0
train/feature_matching,11050.0,0.0
train/feature_matching,11100.0,0.0
train/feature_matching,11150.0,0.0
train/feature_matching,11200.0,0.0
train/feature_matching,11250.0,0.0
train/feature_matching,11300.0,0.0
train/feature_matching,11350.0,0.0
train/feature_matching,11400.0,0.0
train/feature_matching,11450.0,0.0
train/feature_matching,11500.0,0.0
train/feature_matching,11550.0,0.0
train/feature_matching,11600.0,0.0
train/feature_matching,11650.0,0.0
train/feature_matching,11700.0,0.0
train/feature_matching,11750.0,0.0
train/feature_matching,11800.0,0.0
train/feature_matching,11850.0,0.0
train/feature_matching,11900.0,0.0
train/feature_matching,11950.0,0.0
train/feature_matching,12000.0,0.0
train/feature_matching,12050.0,0.0
train/feature_matching,12100.0,0.0
train/feature_matching,12150.0,0.0
train/feature_matching,12200.0,0.0
train/feature_matching,12250.0,0.0
train/feature_matching,12300.0,0.0
train/feature_matching,12350.0,0.0
train/feature_matching,12400.0,0.0
train/feature_matching,12450.0,0.0
train/feature_matching,12500.0,0.0
train/feature_matching,12550.0,0.0
train/feature_matching,12600.0,0.0
train/feature_matching,12650.0,0.0
train/feature_matching,12700.0,0.0
train/feature_matching,12750.0,0.0
train/feature_matching,12800.0,0.0
train/feature_matching,12850.0,0.0
train/feature_matching,12900.0,0.0
train/feature_matching,12950.0,0.0
train/feature_matching,13000.0,0.0
train/feature_matching,13050.0,0.0
train/feature_matching,13100.0,0.0
train/feature_matching,13150.0,0.0
train/feature_matching,13200.0,0.0
train/feature_matching,13250.0,0.0
train/feature_matching,13300.0,0.0
train/feature_matching,13350.0,0.0
train/feature_matching,13400.0,0.0
train/feature_matching,13450.0,0.0
train/feature_matching,13500.0,0.0
train/feature_matching,13550.0,0.0
train/feature_matching,13600.0,0.0
train/feature_matching,13650.0,0.0
train/feature_matching,13700.0,0.0
train/feature_matching,13750.0,0.0
train/feature_matching,13800.0,0.0
train/feature_matching,13850.0,0.0
train/feature_matching,13900.0,0.0
train/feature_matching,13950.0,0.0
train/feature_matching,14000.0,0.0
train/feature_matching,14050.0,0.0
train/feature_matching,14100.0,0.0
train/feature_matching,14150.0,0.0
train/feature_matching,14200.0,0.0
train/feature_matching,14250.0,0.0
train/feature_matching,14300.0,0.0
train/feature_matching,14350.0,0.0
train/feature_matching,14400.0,0.0
train/feature_matching,14450.0,0.0
train/feature_matching,14500.0,0.0
train/feature_matching,14550.0,0.0
train/feature_matching,14600.0,0.0
train/feature_matching,14650.0,0.0
train/feature_matching,14700.0,0.0
train/feature_matching,14750.0,0.0
train/feature_matching,14800.0,0.0
train/feature_matching,14850.0,0.0
train/feature_matching,14900.0,0.0
train/feature_matching,14950.0,0.0
train/feature_matching,15000.0,0.0
train/feature_matching,15050.0,0.0
train/feature_matching,15100.0,0.0
train/feature_matching,15150.0,0.0
train/feature_matching,15200.0,0.0
train/feature_matching,15250.0,0.0
train/feature_matching,15300.0,0.0
train/feature_matching,15350.0,0.0
train/feature_matching,15400.0,0.0
train/feature_matching,15450.0,0.0
train/feature_matching,15500.0,0.0
train/feature_matching,15550.0,0.0
train/feature_matching,15600.0,0.0
train/feature_matching,15650.0,0.0
train/feature_matching,15700.0,0.0
train/feature_matching,15750.0,0.0
train/feature_matching,15800.0,0.0
train/feature_matching,15850.0,0.0
train/feature_matching,15900.0,0.0
train/feature_matching,15950.0,0.0
train/feature_matching,16000.0,0.0
train/feature_matching,16050.0,0.0
train/feature_matching,16100.0,0.0
train/feature_matching,16150.0,0.0
train/feature_matching,16200.0,0.0
train/feature_matching,16250.0,0.0
train/feature_matching,16300.0,0.0
train/feature_matching,16350.0,0.0
train/feature_matching,16400.0,0.0
train/feature_matching,16450.0,0.0
train/feature_matching,16500.0,0.0
train/feature_matching,16550.0,0.0
train/feature_matching,16600.0,0.0
train/feature_matching,16650.0,0.0
train/feature_matching,16700.0,0.0
train/feature_matching,16750.0,0.0
train/feature_matching,16800.0,0.0
train/feature_matching,16850.0,0.0
train/feature_matching,16900.0,0.0
train/feature_matching,16950.0,0.0
train/feature_matching,17000.0,0.0
train/feature_matching,17050.0,0.0
train/feature_matching,17100.0,0.0
train/feature_matching,17150.0,0.0
train/feature_matching,17200.0,0.0
train/feature_matching,17250.0,0.0
train/feature_matching,17300.0,0.0
train/feature_matching,17350.0,0.0
train/feature_matching,17400.0,0.0
train/feature_matching,17450.0,0.0
train/feature_matching,17500.0,0.0
train/feature_matching,17550.0,0.0
train/feature_matching,17600.0,0.0
train/feature_matching,17650.0,0.0
train/feature_matching,17700.0,0.0
train/feature_matching,17750.0,0.0
train/feature_matching,17800.0,0.0
train/feature_matching,17850.0,0.0
train/feature_matching,17900.0,0.0
train/feature_matching,17950.0,0.0
train/feature_matching,18000.0,0.0
train/feature_matching,18050.0,0.0
train/feature_matching,18100.0,0.0
train/feature_matching,18150.0,0.0
train/feature_matching,18200.0,0.0
train/feature_matching,18250.0,0.0
train/feature_matching,18300.0,0.0
train/feature_matching,18350.0,0.0
train/feature_matching,18400.0,0.0
train/feature_matching,18450.0,0.0
train/feature_matching,18500.0,0.0
train/feature_matching,18550.0,0.0
train/feature_matching,18600.0,0.0
train/feature_matching,18650.0,0.0
train/feature_matching,18700.0,0.0
train/feature_matching,18750.0,0.0
train/feature_matching,18800.0,0.0
train/feature_matching,18850.0,0.0
train/feature_matching,18900.0,0.0
train/feature_matching,18950.0,0.0
train/feature_matching,19000.0,0.0
train/feature_matching,19050.0,0.0
train/feature_matching,19100.0,0.0
train/feature_matching,19150.0,0.0
train/feature_matching,19200.0,0.0
train/feature_matching,19250.0,0.0
train/feature_matching,19300.0,0.0
train/feature_matching,19350.0,0.0
train/feature_matching,19400.0,0.0
train/feature_matching,19450.0,0.0
train/feature_matching,19500.0,0.0
train/feature_matching,19550.0,0.0
train/feature_matching,19600.0,0.0
train/feature_matching,19650.0,0.0
train/feature_matching,19700.0,0.0
train/feature_matching,19750.0,0.0
train/feature_matching,19800.0,0.0
train/feature_matching,19850.0,0.0
train/feature_matching,19900.0,0.0
train/feature_matching,19950.0,0.0
train/feature_matching,20000.0,0.0
train/feature_matching,20050.0,0.0
train/feature_matching,20100.0,0.0
train/feature_matching,20150.0,0.0
train/feature_matching,20200.0,0.0
train/feature_matching,20250.0,0.0
train/feature_matching,20300.0,0.0
train/feature_matching,20350.0,0.0
train/feature_matching,20400.0,0.0
train/feature_matching,20450.0,0.0
train/feature_matching,20500.0,0.0
train/feature_matching,20550.0,0.0
train/feature_matching,20600.0,0.0
train/feature_matching,20650.0,0.0
train/feature_matching,20700.0,0.0
train/feature_matching,20750.0,0.0
train/feature_matching,20800.0,0.0
train/feature_matching,20850.0,0.0
train/feature_matching,20900.0,0.0
train/feature_matching,20950.0,0.0
train/feature_matching,21000.0,0.0
train/feature_matching,21050.0,0.0
train/feature_matching,21100.0,0.0
train/feature_matching,21150.0,0.0
train/feature_matching,21200.0,0.0
train/feature_matching,21250.0,0.0
train/feature_matching,21300.0,0.0
train/feature_matching,21350.0,0.0
train/feature_matching,21400.0,0.0
train/feature_matching,21450.0,0.0
train/feature_matching,21500.0,0.0
train/feature_matching,21550.0,0.0
train/feature_matching,21600.0,0.0
train/feature_matching,21650.0,0.0
train/feature_matching,21700.0,0.0
train/feature_matching,21750.0,0.0
train/feature_matching,21800.0,0.0
train/feature_matching,21850.0,0.0
train/feature_matching,21900.0,0.0
train/feature_matching,21950.0,0.0
train/feature_matching,22000.0,0.0
train/feature_matching,22050.0,0.0
train/feature_matching,22100.0,0.0
train/feature_matching,22150.0,0.0
train/feature_matching,22200.0,0.0
train/feature_matching,22250.0,0.0
train/feature_matching,22300.0,0.0
train/feature_matching,22350.0,0.0
train/feature_matching,22400.0,0.0
train/feature_matching,22450.0,0.0
train/feature_matching,22500.0,0.0
train/feature_matching,22550.0,0.0
train/feature_matching,22600.0,0.0
train/feature_matching,22650.0,0.0
train/feature_matching,22700.0,0.0
train/feature_matching,22750.0,0.0
train/feature_matching,22800.0,0.0
train/feature_matching,22850.0,0.0
train/feature_matching,22900.0,0.0
train/feature_matching,22950.0,0.0
train/feature_matching,23000.0,0.0
train/feature_matching,23050.0,0.0
train/feature_matching,23100.0,0.0
train/feature_matching,23150.0,0.0
train/feature_matching,23200.0,0.0
train/feature_matching,23250.0,0.0
train/feature_matching,23300.0,0.0
train/feature_matching,23350.0,0.0
train/feature_matching,23400.0,0.0
train/feature_matching,23450.0,0.0
train/feature_matching,23500.0,0.0
train/feature_matching,23550.0,0.0
train/feature_matching,23600.0,0.0
train/feature_matching,23650.0,0.0
train/feature_matching,23700.0,0.0
train/feature_matching,23750.0,0.0
train/feature_matching,23800.0,0.0
train/feature_matching,23850.0,0.0
train/feature_matching,23900.0,0.0
train/feature_matching,23950.0,0.0
train/feature_matching,24000.0,0.0
train/feature_matching,24050.0,0.0
train/feature_matching,24100.0,0.0
train/feature_matching,24150.0,0.0
train/feature_matching,24200.0,0.0
train/feature_matching,24250.0,0.0
train/feature_matching,24300.0,0.0
train/feature_matching,24350.0,0.0
train/feature_matching,24400.0,0.0
train/feature_matching,24450.0,0.0
train/feature_matching,24500.0,0.0
train/feature_matching,24550.0,0.0
train/feature_matching,24600.0,0.0
train/feature_matching,24650.0,0.0
train/feature_matching,24700.0,0.0
train/feature_matching,24750.0,0.0
train/feature_matching,24800.0,0.0
train/feature_matching,24850.0,0.0
train/feature_matching,24900.0,0.0
train/feature_matching,24950.0,0.0
train/feature_matching,25000.0,0.0
train/feature_matching,25050.0,0.0
train/feature_matching,25100.0,0.0
train/feature_matching,25150.0,0.0
train/feature_matching,25200.0,0.0
train/feature_matching,25250.0,0.0
train/feature_matching,25300.0,0.0
train/feature_matching,25350.0,0.0
train/feature_matching,25400.0,0.0
train/feature_matching,25450.0,0.0
train/feature_matching,25500.0,0.0
train/feature_matching,25550.0,0.0
train/feature_matching,25600.0,0.0
train/feature_matching,25650.0,0.0
train/feature_matching,25700.0,0.0
train/feature_matching,25750.0,0.0
train/feature_matching,25800.0,0.0
train/feature_matching,25850.0,0.0
train/feature_matching,25900.0,0.0
train/feature_matching,25950.0,0.0
train/feature_matching,26000.0,0.0
train/feature_matching,26050.0,0.0
train/feature_matching,26100.0,0.0
train/feature_matching,26150.0,0.0
train/feature_matching,26200.0,0.0
train/feature_matching,26250.0,0.0
train/feature_matching,26300.0,0.0
train/feature_matching,26350.0,0.0
train/feature_matching,26400.0,0.0
train/feature_matching,26450.0,0.0
train/feature_matching,26500.0,0.0
train/feature_matching,26550.0,0.0
train/feature_matching,26600.0,0.0
train/feature_matching,26650.0,0.0
train/feature_matching,26700.0,0.0
train/feature_matching,26750.0,0.0
train/feature_matching,26800.0,0.0
train/feature_matching,26850.0,0.0
train/feature_matching,26900.0,0.0
train/feature_matching,26950.0,0.0
train/feature_matching,27000.0,0.0
train/feature_matching,27050.0,0.0
train/feature_matching,27100.0,0.0
train/feature_matching,27150.0,0.0
train/feature_matching,27200.0,0.0
train/feature_matching,27250.0,0.0
train/feature_matching,27300.0,0.0
train/feature_matching,27350.0,0.0
train/feature_matching,27400.0,0.0
train/feature_matching,27450.0,0.0
train/feature_matching,27500.0,0.0
train/feature_matching,27550.0,0.0
train/feature_matching,27600.0,0.0
train/feature_matching,27650.0,0.0
train/feature_matching,27700.0,0.0
train/feature_matching,27750.0,0.0
train/feature_matching,27800.0,0.0
train/feature_matching,27850.0,0.0
train/feature_matching,27900.0,0.0
train/feature_matching,27950.0,0.0
train/feature_matching,28000.0,0.0
train/feature_matching,28050.0,0.0
train/feature_matching,28100.0,0.0
train/feature_matching,28150.0,0.0
train/feature_matching,28200.0,0.0
train/feature_matching,28250.0,0.0
train/feature_matching,28300.0,0.0
train/feature_matching,28350.0,0.0
train/feature_matching,28400.0,0.0
train/feature_matching,28450.0,0.0
train/feature_matching,28500.0,0.0
train/feature_matching,28550.0,0.0
train/feature_matching,28600.0,0.0
train/feature_matching,28650.0,0.0
train/feature_matching,28700.0,0.0
train/feature_matching,28750.0,0.0
train/feature_matching,28800.0,0.0
train/feature_matching,28850.0,0.0
train/feature_matching,28900.0,0.0
train/feature_matching,28950.0,0.0
train/feature_matching,29000.0,0.0
train/feature_matching,29050.0,0.0
train/feature_matching,29100.0,0.0
train/feature_matching,29150.0,0.0
train/feature_matching,29200.0,0.0
train/feature_matching,29250.0,0.0
train/feature_matching,29300.0,0.0
train/feature_matching,29350.0,0.0
train/feature_matching,29400.0,0.0
train/feature_matching,29450.0,0.0
train/feature_matching,29500.0,0.0
train/feature_matching,29550.0,0.0
train/feature_matching,29600.0,0.0
train/feature_matching,29650.0,0.0
train/feature_matching,29700.0,0.0
train/feature_matching,29750.0,0.0
train/feature_matching,29800.0,0.0
train/feature_matching,29850.0,0.0
train/feature_matching,29900.0,0.0
train/feature_matching,29950.0,0.0
train/feature_matching,30000.0,0.0
train/feature_matching,30050.0,0.0
train/feature_matching,30100.0,0.0
train/feature_matching,30150.0,0.0
train/feature_matching,30200.0,0.0
train/feature_matching,30250.0,0.0
train/feature_matching,30300.0,0.0
train/feature_matching,30350.0,0.0
train/feature_matching,30400.0,0.0
train/feature_matching,30450.0,0.0
train/feature_matching,30500.0,0.0
train/feature_matching,30550.0,0.0
train/feature_matching,30600.0,0.0
train/feature_matching,30650.0,0.0
train/feature_matching,30700.0,0.0
train/feature_matching,30750.0,0.0
train/feature_matching,30800.0,0.0
train/feature_matching,30850.0,0.0
train/feature_matching,30900.0,0.0
train/feature_matching,30950.0,0.0
train/feature_matching,31000.0,0.0
train/feature_matching,31050.0,0.0
train/feature_matching,31100.0,0.0
train/feature_matching,31150.0,0.0
train/feature_matching,31200.0,0.0
train/feature_matching,31250.0,0.0
train/feature_matching,31300.0,0.0
train/feature_matching,31350.0,0.0
train/feature_matching,31400.0,0.0
train/feature_matching,31450.0,0.0
train/feature_matching,31500.0,0.0
train/feature_matching,31550.0,0.0
train/feature_matching,31600.0,0.0
train/feature_matching,31650.0,0.0
train/feature_matching,31700.0,0.0
train/feature_matching,31750.0,0.0
train/feature_matching,31800.0,0.0
train/feature_matching,31850.0,0.0
train/feature_matching,31900.0,0.0
train/feature_matching,31950.0,0.0
train/feature_matching,32000.0,0.0
train/feature_matching,32050.0,0.0
train/feature_matching,32100.0,0.0
train/feature_matching,32150.0,0.0
train/feature_matching,32200.0,0.0
train/feature_matching,32250.0,0.0
train/feature_matching,32300.0,0.0
train/feature_matching,32350.0,0.0
train/feature_matching,32400.0,0.0
train/feature_matching,32450.0,0.0
train/feature_matching,32500.0,0.0
train/feature_matching,32550.0,0.0
train/feature_matching,32600.0,0.0
train/feature_matching,32650.0,0.0
train/feature_matching,32700.0,0.0
train/feature_matching,32750.0,0.0
train/feature_matching,32800.0,0.0
train/feature_matching,32850.0,0.0
train/feature_matching,32900.0,0.0
train/feature_matching,32950.0,0.0
train/feature_matching,33000.0,0.0
train/feature_matching,33050.0,0.0
train/feature_matching,33100.0,0.0
train/feature_matching,33150.0,0.0
train/feature_matching,33200.0,0.0
train/feature_matching,33250.0,0.0
train/feature_matching,33300.0,0.0
train/feature_matching,33350.0,0.0
train/feature_matching,33400.0,0.0
train/feature_matching,33450.0,0.0
train/feature_matching,33500.0,0.0
train/feature_matching,33550.0,0.0
train/feature_matching,33600.0,0.0
train/feature_matching,33650.0,0.0
train/feature_matching,33700.0,0.0
train/feature_matching,33750.0,0.0
train/feature_matching,33800.0,0.0
train/feature_matching,33850.0,0.0
train/feature_matching,33900.0,0.0
train/feature_matching,33950.0,0.0
train/feature_matching,34000.0,0.0
train/feature_matching,34050.0,0.0
train/feature_matching,34100.0,0.0
train/feature_matching,34150.0,0.0
train/feature_matching,34200.0,0.0
train/feature_matching,34250.0,0.0
train/feature_matching,34300.0,0.0
train/feature_matching,34350.0,0.0
train/feature_matching,34400.0,0.0
train/feature_matching,34450.0,0.0
train/feature_matching,34500.0,0.0
train/feature_matching,34550.0,0.0
train/feature_matching,34600.0,0.0
train/feature_matching,34650.0,0.0
train/feature_matching,34700.0,0.0
train/feature_matching,34750.0,0.0
train/feature_matching,34800.0,0.0
train/feature_matching,34850.0,0.0
train/feature_matching,34900.0,0.0
train/feature_matching,34950.0,0.0
train/feature_matching,35000.0,0.0
train/feature_matching,35050.0,0.0
train/feature_matching,35100.0,0.0
train/feature_matching,35150.0,0.0
train/feature_matching,35200.0,0.0
train/feature_matching,35250.0,0.0
train/feature_matching,35300.0,0.0
train/feature_matching,35350.0,0.0
train/feature_matching,35400.0,0.0
train/feature_matching,35450.0,0.0
train/feature_matching,35500.0,0.0
train/feature_matching,35550.0,0.0
train/feature_matching,35600.0,0.0
train/feature_matching,35650.0,0.0
train/feature_matching,35700.0,0.0
train/feature_matching,35750.0,0.0
train/feature_matching,35800.0,0.0
train/feature_matching,35850.0,0.0
train/feature_matching,35900.0,0.0
train/feature_matching,35950.0,0.0
train/feature_matching,36000.0,0.0
train/feature_matching,36050.0,0.0
train/feature_matching,36100.0,0.0
train/feature_matching,36150.0,0.0
train/feature_matching,36200.0,0.0
train/feature_matching,36250.0,0.0
train/feature_matching,36300.0,0.0
train/feature_matching,36350.0,0.0
train/feature_matching,36400.0,0.0
train/feature_matching,36450.0,0.0
train/feature_matching,36500.0,0.0
train/feature_matching,36550.0,0.0
train/feature_matching,36600.0,0.0
train/feature_matching,36650.0,0.0
train/feature_matching,36700.0,0.0
train/feature_matching,36750.0,0.0
train/feature_matching,36800.0,0.0
train/feature_matching,36850.0,0.0
train/feature_matching,36900.0,0.0
train/feature_matching,36950.0,0.0
train/feature_matching,37000.0,0.0
train/feature_matching,37050.0,0.0
train/feature_matching,37100.0,0.0
train/feature_matching,37150.0,0.0
train/feature_matching,37200.0,0.0
train/feature_matching,37250.0,0.0
train/feature_matching,37300.0,0.0
train/feature_matching,37350.0,0.0
train/feature_matching,37400.0,0.0
train/feature_matching,37450.0,0.0
train/feature_matching,37500.0,0.0
train/feature_matching,37550.0,0.0
train/feature_matching,37600.0,0.0
train/feature_matching,37650.0,0.0
train/feature_matching,37700.0,0.0
train/feature_matching,37750.0,0.0
train/feature_matching,37800.0,0.0
train/feature_matching,37850.0,0.0
train/feature_matching,37900.0,0.0
train/feature_matching,37950.0,0.0
train/feature_matching,38000.0,0.0
train/feature_matching,38050.0,0.0
train/feature_matching,38100.0,0.0
train/feature_matching,38150.0,0.0
train/feature_matching,38200.0,0.0
train/feature_matching,38250.0,0.0
train/feature_matching,38300.0,0.0
train/feature_matching,38350.0,0.0
train/feature_matching,38400.0,0.0
train/feature_matching,38450.0,0.0
train/feature_matching,38500.0,0.0
train/feature_matching,38550.0,0.0
train/feature_matching,38600.0,0.0
train/feature_matching,38650.0,0.0
train/feature_matching,38700.0,0.0
train/feature_matching,38750.0,0.0
train/feature_matching,38800.0,0.0
train/feature_matching,38850.0,0.0
train/feature_matching,38900.0,0.0
train/feature_matching,38950.0,0.0
train/feature_matching,39000.0,0.0
train/feature_matching,39050.0,0.0
train/feature_matching,39100.0,0.0
train/feature_matching,39150.0,0.0
train/feature_matching,39200.0,0.0
train/feature_matching,39250.0,0.0
train/feature_matching,39300.0,0.0
train/feature_matching,39350.0,0.0
train/feature_matching,39400.0,0.0
train/feature_matching,39450.0,0.0
train/feature_matching,39500.0,0.0
train/feature_matching,39550.0,0.0
train/feature_matching,39600.0,0.0
train/feature_matching,39650.0,0.0
train/feature_matching,39700.0,0.0
train/feature_matching,39750.0,0.0
train/feature_matching,39800.0,0.0
train/feature_matching,39850.0,0.0
train/feature_matching,39900.0,0.0
train/feature_matching,39950.0,0.0
train/feature_matching,40000.0,0.0
train/feature_matching,40050.0,0.0
train/feature_matching,40100.0,0.0
train/feature_matching,40150.0,0.0
train/feature_matching,40200.0,0.0
train/feature_matching,40250.0,0.0
train/feature_matching,40300.0,0.0
train/feature_matching,40350.0,0.0
train/feature_matching,40400.0,0.0
train/feature_matching,40450.0,0.0
train/feature_matching,40500.0,0.0
train/feature_matching,40550.0,0.0
train/feature_matching,40600.0,0.0
train/feature_matching,40650.0,0.0
train/feature_matching,40700.0,0.0
train/feature_matching,40750.0,0.0
train/feature_matching,40800.0,0.0
train/feature_matching,40850.0,0.0
train/feature_matching,40900.0,0.0
train/feature_matching,40950.0,0.0
train/feature_matching,41000.0,0.0
train/feature_matching,41050.0,0.0
train/feature_matching,41100.0,0.0
train/feature_matching,41150.0,0.0
train/feature_matching,41200.0,0.0
train/feature_matching,41250.0,0.0
train/feature_matching,41300.0,0.0
train/feature_matching,41350.0,0.0
train/feature_matching,41400.0,0.0
train/feature_matching,41450.0,0.0
train/feature_matching,41500.0,0.0
train/feature_matching,41550.0,0.0
train/feature_matching,41600.0,0.0
train/feature_matching,41650.0,0.0
train/feature_matching,41700.0,0.0
train/feature_matching,41750.0,0.0
train/feature_matching,41800.0,0.0
train/feature_matching,41850.0,0.0
train/feature_matching,41900.0,0.0
train/feature_matching,41950.0,0.0
train/feature_matching,42000.0,0.0
train/feature_matching,42050.0,0.0
train/feature_matching,42100.0,0.0
train/feature_matching,42150.0,0.0
train/feature_matching,42200.0,0.0
train/feature_matching,42250.0,0.0
train/feature_matching,42300.0,0.0
train/feature_matching,42350.0,0.0
train/feature_matching,42400.0,0.0
train/feature_matching,42450.0,0.0
train/feature_matching,42500.0,0.0
train/feature_matching,42550.0,0.0
train/feature_matching,42600.0,0.0
train/feature_matching,42650.0,0.0
train/feature_matching,42700.0,0.0
train/feature_matching,42750.0,0.0
train/feature_matching,42800.0,0.0
train/feature_matching,42850.0,0.0
train/feature_matching,42900.0,0.0
train/feature_matching,42950.0,0.0
train/feature_matching,43000.0,0.0
train/feature_matching,43050.0,0.0
train/feature_matching,43100.0,0.0
train/feature_matching,43150.0,0.0
train/feature_matching,43200.0,0.0
train/feature_matching,43250.0,0.0
train/feature_matching,43300.0,0.0
train/feature_matching,43350.0,0.0
train/feature_matching,43400.0,0.0
train/feature_matching,43450.0,0.0
train/feature_matching,43500.0,0.0
train/feature_matching,43550.0,0.0
train/feature_matching,43600.0,0.0
train/feature_matching,43650.0,0.0
train/feature_matching,43700.0,0.0
train/feature_matching,43750.0,0.0
train/feature_matching,43800.0,0.0
train/feature_matching,43850.0,0.0
train/feature_matching,43900.0,0.0
train/feature_matching,43950.0,0.0
train/feature_matching,44000.0,0.0
train/feature_matching,44050.0,0.0
train/feature_matching,44100.0,0.0
train/feature_matching,44150.0,0.0
train/feature_matching,44200.0,0.0
train/feature_matching,44250.0,0.0
train/feature_matching,44300.0,0.0
train/feature_matching,44350.0,0.0
train/feature_matching,44400.0,0.0
train/feature_matching,44450.0,0.0
train/feature_matching,44500.0,0.0
train/feature_matching,44550.0,0.0
train/feature_matching,44600.0,0.0
train/feature_matching,44650.0,0.0
train/feature_matching,44700.0,0.0
train/feature_matching,44750.0,0.0
train/feature_matching,44800.0,0.0
train/feature_matching,44850.0,0.0
train/feature_matching,44900.0,0.0
train/feature_matching,44950.0,0.0
train/feature_matching,45000.0,0.0
train/feature_matching,45050.0,0.0
train/feature_matching,45100.0,0.0
train/feature_matching,45150.0,0.0
train/feature_matching,45200.0,0.0
train/feature_matching,45250.0,0.0
train/feature_matching,45300.0,0.0
train/feature_matching,45350.0,0.0
train/feature_matching,45400.0,0.0
train/feature_matching,45450.0,0.0
train/feature_matching,45500.0,0.0
train/feature_matching,45550.0,0.0
train/feature_matching,45600.0,0.0
train/feature_matching,45650.0,0.0
train/feature_matching,45700.0,0.0
train/feature_matching,45750.0,0.0
train/feature_matching,45800.0,0.0
train/feature_matching,45850.0,0.0
train/feature_matching,45900.0,0.0
train/feature_matching,45950.0,0.0
train/feature_matching,46000.0,0.0
train/feature_matching,46050.0,0.0
train/feature_matching,46100.0,0.0
train/feature_matching,46150.0,0.0
train/feature_matching,46200.0,0.0
train/feature_matching,46250.0,0.0
train/feature_matching,46300.0,0.0
train/feature_matching,46350.0,0.0
train/feature_matching,46400.0,0.0
train/feature_matching,46450.0,0.0
train/feature_matching,46500.0,0.0
train/feature_matching,46550.0,0.0
train/feature_matching,46600.0,0.0
train/feature_matching,46650.0,0.0
train/feature_matching,46700.0,0.0
train/feature_matching,46750.0,0.0
train/feature_matching,46800.0,0.0
train/feature_matching,46850.0,0.0
train/feature_matching,46900.0,0.0
train/feature_matching,46950.0,0.0
train/feature_matching,47000.0,0.0
train/feature_matching,47050.0,0.0
train/feature_matching,47100.0,0.0
train/feature_matching,47150.0,0.0
train/feature_matching,47200.0,0.0
train/feature_matching,47250.0,0.0
train/feature_matching,47300.0,0.0
train/feature_matching,47350.0,0.0
train/feature_matching,47400.0,0.0
train/feature_matching,47450.0,0.0
train/feature_matching,47500.0,0.0
train/feature_matching,47550.0,0.0
train/feature_matching,47600.0,0.0
train/feature_matching,47650.0,0.0
train/feature_matching,47700.0,0.0
train/feature_matching,47750.0,0.0
train/feature_matching,47800.0,0.0
train/feature_matching,47850.0,0.0
train/feature_matching,47900.0,0.0
train/feature_matching,47950.0,0.0
train/feature_matching,48000.0,0.0
train/feature_matching,48050.0,0.0
train/feature_matching,48100.0,0.0
train/feature_matching,48150.0,0.0
train/feature_matching,48200.0,0.0
train/feature_matching,48250.0,0.0
train/feature_matching,48300.0,0.0
train/feature_matching,48350.0,0.0
train/feature_matching,48400.0,0.0
train/feature_matching,48450.0,0.0
train/feature_matching,48500.0,0.0
train/feature_matching,48550.0,0.0
train/feature_matching,48600.0,0.0
train/feature_matching,48650.0,0.0
train/feature_matching,48700.0,0.0
train/feature_matching,48750.0,0.0
train/feature_matching,48800.0,0.0
train/feature_matching,48850.0,0.0
train/feature_matching,48900.0,0.0
train/feature_matching,48950.0,0.0
train/feature_matching,49000.0,0.0
train/feature_matching,49050.0,0.0
train/feature_matching,49100.0,0.0
train/feature_matching,49150.0,0.0
train/feature_matching,49200.0,0.0
train/feature_matching,49250.0,0.0
train/feature_matching,49300.0,0.0
train/feature_matching,49350.0,0.0
train/feature_matching,49400.0,0.0
train/feature_matching,49450.0,0.0
train/feature_matching,49500.0,0.0
train/feature_matching,49550.0,0.0
train/feature_matching,49600.0,0.0
train/feature_matching,49650.0,0.0
train/feature_matching,49700.0,0.0
train/feature_matching,49750.0,0.0
train/feature_matching,49800.0,0.0
train/feature_matching,49850.0,0.0
train/feature_matching,49900.0,0.0
train/feature_matching,49950.0,0.0
train/feature_matching,50000.0,0.0
train/feature_matching,50050.0,0.0
train/feature_matching,50100.0,0.0
train/feature_matching,50150.0,0.0
train/feature_matching,50200.0,0.0
train/feature_matching,50250.0,0.0
train/feature_matching,50300.0,0.0
train/feature_matching,50350.0,0.0
train/feature_matching,50400.0,0.0
train/feature_matching,50450.0,0.0
train/feature_matching,50500.0,0.0
train/feature_matching,50550.0,0.0
train/feature_matching,50600.0,0.0
train/feature_matching,50650.0,0.0
train/feature_matching,50700.0,0.0
train/feature_matching,50750.0,0.0
train/feature_matching,50800.0,0.0
train/feature_matching,50850.0,0.0
train/feature_matching,50900.0,0.0
train/feature_matching,50950.0,0.0
train/feature_matching,51000.0,0.0
train/feature_matching,51050.0,0.0
train/feature_matching,51100.0,0.0
train/feature_matching,51150.0,0.0
train/feature_matching,51200.0,0.0
train/feature_matching,51250.0,0.0
train/feature_matching,51300.0,0.0
train/feature_matching,51350.0,0.0
train/feature_matching,51400.0,0.0
train/feature_matching,51450.0,0.0
train/feature_matching,51500.0,0.0
train/feature_matching,51550.0,0.0
train/feature_matching,51600.0,0.0
train/feature_matching,51650.0,0.0
train/feature_matching,51700.0,0.0
train/feature_matching,51750.0,0.0
train/feature_matching,51800.0,0.0
train/feature_matching,51850.0,0.0
train/feature_matching,51900.0,0.0
train/identity_features,50.0,0.0
train/identity_features,100.0,0.0
train/identity_features,150.0,0.0
train/identity_features,200.0,0.0
train/identity_features,250.0,0.0
train/identity_features,300.0,0.0
train/identity_features,350.0,0.0
train/identity_features,400.0,0.0
train/identity_features,450.0,0.0
train/identity_features,500.0,0.0
train/identity_features,550.0,0.0
train/identity_features,600.0,0.0
train/identity_features,650.0,0.0
train/identity_features,700.0,0.0
train/identity_features,750.0,0.0
train/identity_features,800.0,0.0
train/identity_features,850.0,0.0
train/identity_features,900.0,0.0
train/identity_features,950.0,0.0
train/identity_features,1000.0,0.0
train/identity_features,1050.0,0.0
train/identity_features,1100.0,0.0
train/identity_features,1150.0,0.0
train/identity_features,1200.0,0.0
train/identity_features,1250.0,0.0
train/identity_features,1300.0,0.0
train/identity_features,1350.0,0.0
train/identity_features,1400.0,0.0
train/identity_features,1450.0,0.0
train/identity_features,1500.0,0.0
train/identity_features,1550.0,0.0
train/identity_features,1600.0,0.0
train/identity_features,1650.0,0.0
train/identity_features,1700.0,0.0
train/identity_features,1750.0,0.0
train/identity_features,1800.0,0.0
train/identity_features,1850.0,0.0
train/identity_features,1900.0,0.0
train/identity_features,1950.0,0.0
train/identity_features,2000.0,0.0
train/identity_features,2050.0,0.0
train/identity_features,2100.0,0.0
train/identity_features,2150.0,0.0
train/identity_features,2200.0,0.0
train/identity_features,2250.0,0.0
train/identity_features,2300.0,0.0
train/identity_features,2350.0,0.0
train/identity_features,2400.0,0.0
train/identity_features,2450.0,0.0
train/identity_features,2500.0,0.0
train/identity_features,2550.0,0.0
train/identity_features,2600.0,0.0
train/identity_features,2650.0,0.0
train/identity_features,2700.0,0.0
train/identity_features,2750.0,0.0
train/identity_features,2800.0,0.0
train/identity_features,2850.0,0.0
train/identity_features,2900.0,0.0
train/identity_features,2950.0,0.0
train/identity_features,3000.0,0.0
train/identity_features,3050.0,0.0
train/identity_features,3100.0,0.0
train/identity_features,3150.0,0.0
train/identity_features,3200.0,0.0
train/identity_features,3250.0,0.0
train/identity_features,3300.0,0.0
train/identity_features,3350.0,0.0
train/identity_features,3400.0,0.0
train/identity_features,3450.0,0.0
train/identity_features,3500.0,0.0
train/identity_features,3550.0,0.0
train/identity_features,3600.0,0.0
train/identity_features,3650.0,0.0
train/identity_features,3700.0,0.0
train/identity_features,3750.0,0.0
train/identity_features,3800.0,0.0
train/identity_features,3850.0,0.0
train/identity_features,3900.0,0.0
train/identity_features,3950.0,0.0
train/identity_features,4000.0,0.0
train/identity_features,4050.0,0.0
train/identity_features,4100.0,0.0
train/identity_features,4150.0,0.0
train/identity_features,4200.0,0.0
train/identity_features,4250.0,0.0
train/identity_features,4300.0,0.0
train/identity_features,4350.0,0.0
train/identity_features,4400.0,0.0
train/identity_features,4450.0,0.0
train/identity_features,4500.0,0.0
train/identity_features,4550.0,0.0
train/identity_features,4600.0,0.0
train/identity_features,4650.0,0.0
train/identity_features,4700.0,0.0
train/identity_features,4750.0,0.0
train/identity_features,4800.0,0.0
train/identity_features,4850.0,0.0
train/identity_features,4900.0,0.0
train/identity_features,4950.0,0.0
train/identity_features,5000.0,0.0
train/identity_features,5050.0,0.0
train/identity_features,5100.0,0.0
train/identity_features,5150.0,0.0
train/identity_features,5200.0,0.0
train/identity_features,5250.0,0.0
train/identity_features,5300.0,0.0
train/identity_features,5350.0,0.0
train/identity_features,5400.0,0.0
train/identity_features,5450.0,0.0
train/identity_features,5500.0,0.0
train/identity_features,5550.0,0.0
train/identity_features,5600.0,0.0
train/identity_features,5650.0,0.0
train/identity_features,5700.0,0.0
train/identity_features,5750.0,0.0
train/identity_features,5800.0,0.0
train/identity_features,5850.0,0.0
train/identity_features,5900.0,0.0
train/identity_features,5950.0,0.0
train/identity_features,6000.0,0.0
train/identity_features,6050.0,0.0
train/identity_features,6100.0,0.0
train/identity_features,6150.0,0.0
train/identity_features,6200.0,0.0
train/identity_features,6250.0,0.0
train/identity_features,6300.0,0.0
train/identity_features,6350.0,0.0
train/identity_features,6400.0,0.0
train/identity_features,6450.0,0.0
train/identity_features,6500.0,0.0
train/identity_features,6550.0,0.0
train/identity_features,6600.0,0.0
train/identity_features,6650.0,0.0
train/identity_features,6700.0,0.0
train/identity_features,6750.0,0.0
train/identity_features,6800.0,0.0
train/identity_features,6850.0,0.0
train/identity_features,6900.0,0.0
train/identity_features,6950.0,0.0
train/identity_features,7000.0,0.0
train/identity_features,7050.0,0.0
train/identity_features,7100.0,0.0
train/identity_features,7150.0,0.0
train/identity_features,7200.0,0.0
train/identity_features,7250.0,0.0
train/identity_features,7300.0,0.0
train/identity_features,7350.0,0.0
train/identity_features,7400.0,0.0
train/identity_features,7450.0,0.0
train/identity_features,7500.0,0.0
train/identity_features,7550.0,0.0
train/identity_features,7600.0,0.0
train/identity_features,7650.0,0.0
train/identity_features,7700.0,0.0
train/identity_features,7750.0,0.0
train/identity_features,7800.0,0.0
train/identity_features,7850.0,0.0
train/identity_features,7900.0,0.0
train/identity_features,7950.0,0.0
train/identity_features,8000.0,0.0
train/identity_features,8050.0,0.0
train/identity_features,8100.0,0.0
train/identity_features,8150.0,0.0
train/identity_features,8200.0,0.0
train/identity_features,8250.0,0.0
train/identity_features,8300.0,0.0
train/identity_features,8350.0,0.0
train/identity_features,8400.0,0.0
train/identity_features,8450.0,0.0
train/identity_features,8500.0,0.0
train/identity_features,8550.0,0.0
train/identity_features,8600.0,0.0
train/identity_features,8650.0,0.0
train/identity_features,8700.0,0.0
train/identity_features,8750.0,0.0
train/identity_features,8800.0,0.0
train/identity_features,8850.0,0.0
train/identity_features,8900.0,0.0
train/identity_features,8950.0,0.0
train/identity_features,9000.0,0.0
train/identity_features,9050.0,0.0
train/identity_features,9100.0,0.0
train/identity_features,9150.0,0.0
train/identity_features,9200.0,0.0
train/identity_features,9250.0,0.0
train/identity_features,9300.0,0.0
train/identity_features,9350.0,0.0
train/identity_features,9400.0,0.0
train/identity_features,9450.0,0.0
train/identity_features,9500.0,0.0
train/identity_features,9550.0,0.0
train/identity_features,9600.0,0.0
train/identity_features,9650.0,0.0
train/identity_features,9700.0,0.0
train/identity_features,9750.0,0.0
train/identity_features,9800.0,0.0
train/identity_features,9850.0,0.0
train/identity_features,9900.0,0.0
train/identity_features,9950.0,0.0
train/identity_features,10000.0,0.0
train/identity_features,10050.0,0.0
train/identity_features,10100.0,0.0
train/identity_features,10150.0,0.0
train/identity_features,10200.0,0.0
train/identity_features,10250.0,0.0
train/identity_features,10300.0,0.0
train/identity_features,10350.0,0.0
train/identity_features,10400.0,0.0
train/identity_features,10450.0,0.0
train/identity_features,10500.0,0.0
train/identity_features,10550.0,0.0
train/identity_features,10600.0,0.0
train/identity_features,10650.0,0.0
train/identity_features,10700.0,0.0
train/identity_features,10750.0,0.0
train/identity_features,10800.0,0.0
train/identity_features,10850.0,0.0
train/identity_features,10900.0,0.0
train/identity_features,10950.0,0.0
train/identity_features,11000.0,0.0
train/identity_features,11050.0,0.0
train/identity_features,11100.0,0.0
train/identity_features,11150.0,0.0
train/identity_features,11200.0,0.0
train/identity_features,11250.0,0.0
train/identity_features,11300.0,0.0
train/identity_features,11350.0,0.0
train/identity_features,11400.0,0.0
train/identity_features,11450.0,0.0
train/identity_features,11500.0,0.0
train/identity_features,11550.0,0.0
train/identity_features,11600.0,0.0
train/identity_features,11650.0,0.0
train/identity_features,11700.0,0.0
train/identity_features,11750.0,0.0
train/identity_features,11800.0,0.0
train/identity_features,11850.0,0.0
train/identity_features,11900.0,0.0
train/identity_features,11950.0,0.0
train/identity_features,12000.0,0.0
train/identity_features,12050.0,0.0
train/identity_features,12100.0,0.0
train/identity_features,12150.0,0.0
train/identity_features,12200.0,0.0
train/identity_features,12250.0,0.0
train/identity_features,12300.0,0.0
train/identity_features,12350.0,0.0
train/identity_features,12400.0,0.0
train/identity_features,12450.0,0.0
train/identity_features,12500.0,0.0
train/identity_features,12550.0,0.0
train/identity_features,12600.0,0.0
train/identity_features,12650.0,0.0
train/identity_features,12700.0,0.0
train/identity_features,12750.0,0.0
train/identity_features,12800.0,0.0
train/identity_features,12850.0,0.0
train/identity_features,12900.0,0.0
train/identity_features,12950.0,0.0
train/identity_features,13000.0,0.0
train/identity_features,13050.0,0.0
train/identity_features,13100.0,0.0
train/identity_features,13150.0,0.0
train/identity_features,13200.0,0.0
train/identity_features,13250.0,0.0
train/identity_features,13300.0,0.0
train/identity_features,13350.0,0.0
train/identity_features,13400.0,0.0
train/identity_features,13450.0,0.0
train/identity_features,13500.0,0.0
train/identity_features,13550.0,0.0
train/identity_features,13600.0,0.0
train/identity_features,13650.0,0.0
train/identity_features,13700.0,0.0
train/identity_features,13750.0,0.0
train/identity_features,13800.0,0.0
train/identity_features,13850.0,0.0
train/identity_features,13900.0,0.0
train/identity_features,13950.0,0.0
train/identity_features,14000.0,0.0
train/identity_features,14050.0,0.0
train/identity_features,14100.0,0.0
train/identity_features,14150.0,0.0
train/identity_features,14200.0,0.0
train/identity_features,14250.0,0.0
train/identity_features,14300.0,0.0
train/identity_features,14350.0,0.0
train/identity_features,14400.0,0.0
train/identity_features,14450.0,0.0
train/identity_features,14500.0,0.0
train/identity_features,14550.0,0.0
train/identity_features,14600.0,0.0
train/identity_features,14650.0,0.0
train/identity_features,14700.0,0.0
train/identity_features,14750.0,0.0
train/identity_features,14800.0,0.0
train/identity_features,14850.0,0.0
train/identity_features,14900.0,0.0
train/identity_features,14950.0,0.0
train/identity_features,15000.0,0.0
train/identity_features,15050.0,0.0
train/identity_features,15100.0,0.0
train/identity_features,15150.0,0.0
train/identity_features,15200.0,0.0
train/identity_features,15250.0,0.0
train/identity_features,15300.0,0.0
train/identity_features,15350.0,0.0
train/identity_features,15400.0,0.0
train/identity_features,15450.0,0.0
train/identity_features,15500.0,0.0
train/identity_features,15550.0,0.0
train/identity_features,15600.0,0.0
train/identity_features,15650.0,0.0
train/identity_features,15700.0,0.0
train/identity_features,15750.0,0.0
train/identity_features,15800.0,0.0
train/identity_features,15850.0,0.0
train/identity_features,15900.0,0.0
train/identity_features,15950.0,0.0
train/identity_features,16000.0,0.0
train/identity_features,16050.0,0.0
train/identity_features,16100.0,0.0
train/identity_features,16150.0,0.0
train/identity_features,16200.0,0.0
train/identity_features,16250.0,0.0
train/identity_features,16300.0,0.0
train/identity_features,16350.0,0.0
train/identity_features,16400.0,0.0
train/identity_features,16450.0,0.0
train/identity_features,16500.0,0.0
train/identity_features,16550.0,0.0
train/identity_features,16600.0,0.0
train/identity_features,16650.0,0.0
train/identity_features,16700.0,0.0
train/identity_features,16750.0,0.0
train/identity_features,16800.0,0.0
train/identity_features,16850.0,0.0
train/identity_features,16900.0,0.0
train/identity_features,16950.0,0.0
train/identity_features,17000.0,0.0
train/identity_features,17050.0,0.0
train/identity_features,17100.0,0.0
train/identity_features,17150.0,0.0
train/identity_features,17200.0,0.0
train/identity_features,17250.0,0.0
train/identity_features,17300.0,0.0
train/identity_features,17350.0,0.0
train/identity_features,17400.0,0.0
train/identity_features,17450.0,0.0
train/identity_features,17500.0,0.0
train/identity_features,17550.0,0.0
train/identity_features,17600.0,0.0
train/identity_features,17650.0,0.0
train/identity_features,17700.0,0.0
train/identity_features,17750.0,0.0
train/identity_features,17800.0,0.0
train/identity_features,17850.0,0.0
train/identity_features,17900.0,0.0
train/identity_features,17950.0,0.0
train/identity_features,18000.0,0.0
train/identity_features,18050.0,0.0
train/identity_features,18100.0,0.0
train/identity_features,18150.0,0.0
train/identity_features,18200.0,0.0
train/identity_features,18250.0,0.0
train/identity_features,18300.0,0.0
train/identity_features,18350.0,0.0
train/identity_features,18400.0,0.0
train/identity_features,18450.0,0.0
train/identity_features,18500.0,0.0
train/identity_features,18550.0,0.0
train/identity_features,18600.0,0.0
train/identity_features,18650.0,0.0
train/identity_features,18700.0,0.0
train/identity_features,18750.0,0.0
train/identity_features,18800.0,0.0
train/identity_features,18850.0,0.0
train/identity_features,18900.0,0.0
train/identity_features,18950.0,0.0
train/identity_features,19000.0,0.0
train/identity_features,19050.0,0.0
train/identity_features,19100.0,0.0
train/identity_features,19150.0,0.0
train/identity_features,19200.0,0.0
train/identity_features,19250.0,0.0
train/identity_features,19300.0,0.0
train/identity_features,19350.0,0.0
train/identity_features,19400.0,0.0
train/identity_features,19450.0,0.0
train/identity_features,19500.0,0.0
train/identity_features,19550.0,0.0
train/identity_features,19600.0,0.0
train/identity_features,19650.0,0.0
train/identity_features,19700.0,0.0
train/identity_features,19750.0,0.0
train/identity_features,19800.0,0.0
train/identity_features,19850.0,0.0
train/identity_features,19900.0,0.0
train/identity_features,19950.0,0.0
train/identity_features,20000.0,0.0
train/identity_features,20050.0,0.0
train/identity_features,20100.0,0.0
train/identity_features,20150.0,0.0
train/identity_features,20200.0,0.0
train/identity_features,20250.0,0.0
train/identity_features,20300.0,0.0
train/identity_features,20350.0,0.0
train/identity_features,20400.0,0.0
train/identity_features,20450.0,0.0
train/identity_features,20500.0,0.0
train/identity_features,20550.0,0.0
train/identity_features,20600.0,0.0
train/identity_features,20650.0,0.0
train/identity_features,20700.0,0.0
train/identity_features,20750.0,0.0
train/identity_features,20800.0,0.0
train/identity_features,20850.0,0.0
train/identity_features,20900.0,0.0
train/identity_features,20950.0,0.0
train/identity_features,21000.0,0.0
train/identity_features,21050.0,0.0
train/identity_features,21100.0,0.0
train/identity_features,21150.0,0.0
train/identity_features,21200.0,0.0
train/identity_features,21250.0,0.0
train/identity_features,21300.0,0.0
train/identity_features,21350.0,0.0
train/identity_features,21400.0,0.0
train/identity_features,21450.0,0.0
train/identity_features,21500.0,0.0
train/identity_features,21550.0,0.0
train/identity_features,21600.0,0.0
train/identity_features,21650.0,0.0
train/identity_features,21700.0,0.0
train/identity_features,21750.0,0.0
train/identity_features,21800.0,0.0
train/identity_features,21850.0,0.0
train/identity_features,21900.0,0.0
train/identity_features,21950.0,0.0
train/identity_features,22000.0,0.0
train/identity_features,22050.0,0.0
train/identity_features,22100.0,0.0
train/identity_features,22150.0,0.0
train/identity_features,22200.0,0.0
train/identity_features,22250.0,0.0
train/identity_features,22300.0,0.0
train/identity_features,22350.0,0.0
train/identity_features,22400.0,0.0
train/identity_features,22450.0,0.0
train/identity_features,22500.0,0.0
train/identity_features,22550.0,0.0
train/identity_features,22600.0,0.0
train/identity_features,22650.0,0.0
train/identity_features,22700.0,0.0
train/identity_features,22750.0,0.0
train/identity_features,22800.0,0.0
train/identity_features,22850.0,0.0
train/identity_features,22900.0,0.0
train/identity_features,22950.0,0.0
train/identity_features,23000.0,0.0
train/identity_features,23050.0,0.0
train/identity_features,23100.0,0.0
train/identity_features,23150.0,0.0
train/identity_features,23200.0,0.0
train/identity_features,23250.0,0.0
train/identity_features,23300.0,0.0
train/identity_features,23350.0,0.0
train/identity_features,23400.0,0.0
train/identity_features,23450.0,0.0
train/identity_features,23500.0,0.0
train/identity_features,23550.0,0.0
train/identity_features,23600.0,0.0
train/identity_features,23650.0,0.0
train/identity_features,23700.0,0.0
train/identity_features,23750.0,0.0
train/identity_features,23800.0,0.0
train/identity_features,23850.0,0.0
train/identity_features,23900.0,0.0
train/identity_features,23950.0,0.0
train/identity_features,24000.0,0.0
train/identity_features,24050.0,0.0
train/identity_features,24100.0,0.0
train/identity_features,24150.0,0.0
train/identity_features,24200.0,0.0
train/identity_features,24250.0,0.0
train/identity_features,24300.0,0.0
train/identity_features,24350.0,0.0
train/identity_features,24400.0,0.0
train/identity_features,24450.0,0.0
train/identity_features,24500.0,0.0
train/identity_features,24550.0,0.0
train/identity_features,24600.0,0.0
train/identity_features,24650.0,0.0
train/identity_features,24700.0,0.0
train/identity_features,24750.0,0.0
train/identity_features,24800.0,0.0
train/identity_features,24850.0,0.0
train/identity_features,24900.0,0.0
train/identity_features,24950.0,0.0
train/identity_features,25000.0,0.0
train/identity_features,25050.0,0.0
train/identity_features,25100.0,0.0
train/identity_features,25150.0,0.0
train/identity_features,25200.0,0.0
train/identity_features,25250.0,0.0
train/identity_features,25300.0,0.0
train/identity_features,25350.0,0.0
train/identity_features,25400.0,0.0
train/identity_features,25450.0,0.0
train/identity_features,25500.0,0.0
train/identity_features,25550.0,0.0
train/identity_features,25600.0,0.0
train/identity_features,25650.0,0.0
train/identity_features,25700.0,0.0
train/identity_features,25750.0,0.0
train/identity_features,25800.0,0.0
train/identity_features,25850.0,0.0
train/identity_features,25900.0,0.0
train/identity_features,25950.0,0.0
train/identity_features,26000.0,0.0
train/identity_features,26050.0,0.0
train/identity_features,26100.0,0.0
train/identity_features,26150.0,0.0
train/identity_features,26200.0,0.0
train/identity_features,26250.0,0.0
train/identity_features,26300.0,0.0
train/identity_features,26350.0,0.0
train/identity_features,26400.0,0.0
train/identity_features,26450.0,0.0
train/identity_features,26500.0,0.0
train/identity_features,26550.0,0.0
train/identity_features,26600.0,0.0
train/identity_features,26650.0,0.0
train/identity_features,26700.0,0.0
train/identity_features,26750.0,0.0
train/identity_features,26800.0,0.0
train/identity_features,26850.0,0.0
train/identity_features,26900.0,0.0
train/identity_features,26950.0,0.0
train/identity_features,27000.0,0.0
train/identity_features,27050.0,0.0
train/identity_features,27100.0,0.0
train/identity_features,27150.0,0.0
train/identity_features,27200.0,0.0
train/identity_features,27250.0,0.0
train/identity_features,27300.0,0.0
train/identity_features,27350.0,0.0
train/identity_features,27400.0,0.0
train/identity_features,27450.0,0.0
train/identity_features,27500.0,0.0
train/identity_features,27550.0,0.0
train/identity_features,27600.0,0.0
train/identity_features,27650.0,0.0
train/identity_features,27700.0,0.0
train/identity_features,27750.0,0.0
train/identity_features,27800.0,0.0
train/identity_features,27850.0,0.0
train/identity_features,27900.0,0.0
train/identity_features,27950.0,0.0
train/identity_features,28000.0,0.0
train/identity_features,28050.0,0.0
train/identity_features,28100.0,0.0
train/identity_features,28150.0,0.0
train/identity_features,28200.0,0.0
train/identity_features,28250.0,0.0
train/identity_features,28300.0,0.0
train/identity_features,28350.0,0.0
train/identity_features,28400.0,0.0
train/identity_features,28450.0,0.0
train/identity_features,28500.0,0.0
train/identity_features,28550.0,0.0
train/identity_features,28600.0,0.0
train/identity_features,28650.0,0.0
train/identity_features,28700.0,0.0
train/identity_features,28750.0,0.0
train/identity_features,28800.0,0.0
train/identity_features,28850.0,0.0
train/identity_features,28900.0,0.0
train/identity_features,28950.0,0.0
train/identity_features,29000.0,0.0
train/identity_features,29050.0,0.0
train/identity_features,29100.0,0.0
train/identity_features,29150.0,0.0
train/identity_features,29200.0,0.0
train/identity_features,29250.0,0.0
train/identity_features,29300.0,0.0
train/identity_features,29350.0,0.0
train/identity_features,29400.0,0.0
train/identity_features,29450.0,0.0
train/identity_features,29500.0,0.0
train/identity_features,29550.0,0.0
train/identity_features,29600.0,0.0
train/identity_features,29650.0,0.0
train/identity_features,29700.0,0.0
train/identity_features,29750.0,0.0
train/identity_features,29800.0,0.0
train/identity_features,29850.0,0.0
train/identity_features,29900.0,0.0
train/identity_features,29950.0,0.0
train/identity_features,30000.0,0.0
train/identity_features,30050.0,0.0
train/identity_features,30100.0,0.0
train/identity_features,30150.0,0.0
train/identity_features,30200.0,0.0
train/identity_features,30250.0,0.0
train/identity_features,30300.0,0.0
train/identity_features,30350.0,0.0
train/identity_features,30400.0,0.0
train/identity_features,30450.0,0.0
train/identity_features,30500.0,0.0
train/identity_features,30550.0,0.0
train/identity_features,30600.0,0.0
train/identity_features,30650.0,0.0
train/identity_features,30700.0,0.0
train/identity_features,30750.0,0.0
train/identity_features,30800.0,0.0
train/identity_features,30850.0,0.0
train/identity_features,30900.0,0.0
train/identity_features,30950.0,0.0
train/identity_features,31000.0,0.0
train/identity_features,31050.0,0.0
train/identity_features,31100.0,0.0
train/identity_features,31150.0,0.0
train/identity_features,31200.0,0.0
train/identity_features,31250.0,0.0
train/identity_features,31300.0,0.0
train/identity_features,31350.0,0.0
train/identity_features,31400.0,0.0
train/identity_features,31450.0,0.0
train/identity_features,31500.0,0.0
train/identity_features,31550.0,0.0
train/identity_features,31600.0,0.0
train/identity_features,31650.0,0.0
train/identity_features,31700.0,0.0
train/identity_features,31750.0,0.0
train/identity_features,31800.0,0.0
train/identity_features,31850.0,0.0
train/identity_features,31900.0,0.0
train/identity_features,31950.0,0.0
train/identity_features,32000.0,0.0
train/identity_features,32050.0,0.0
train/identity_features,32100.0,0.0
train/identity_features,32150.0,0.0
train/identity_features,32200.0,0.0
train/identity_features,32250.0,0.0
train/identity_features,32300.0,0.0
train/identity_features,32350.0,0.0
train/identity_features,32400.0,0.0
train/identity_features,32450.0,0.0
train/identity_features,32500.0,0.0
train/identity_features,32550.0,0.0
train/identity_features,32600.0,0.0
train/identity_features,32650.0,0.0
train/identity_features,32700.0,0.0
train/identity_features,32750.0,0.0
train/identity_features,32800.0,0.0
train/identity_features,32850.0,0.0
train/identity_features,32900.0,0.0
train/identity_features,32950.0,0.0
train/identity_features,33000.0,0.0
train/identity_features,33050.0,0.0
train/identity_features,33100.0,0.0
train/identity_features,33150.0,0.0
train/identity_features,33200.0,0.0
train/identity_features,33250.0,0.0
train/identity_features,33300.0,0.0
train/identity_features,33350.0,0.0
train/identity_features,33400.0,0.0
train/identity_features,33450.0,0.0
train/identity_features,33500.0,0.0
train/identity_features,33550.0,0.0
train/identity_features,33600.0,0.0
train/identity_features,33650.0,0.0
train/identity_features,33700.0,0.0
train/identity_features,33750.0,0.0
train/identity_features,33800.0,0.0
train/identity_features,33850.0,0.0
train/identity_features,33900.0,0.0
train/identity_features,33950.0,0.0
train/identity_features,34000.0,0.0
train/identity_features,34050.0,0.0
train/identity_features,34100.0,0.0
train/identity_features,34150.0,0.0
train/identity_features,34200.0,0.0
train/identity_features,34250.0,0.0
train/identity_features,34300.0,0.0
train/identity_features,34350.0,0.0
train/identity_features,34400.0,0.0
train/identity_features,34450.0,0.0
train/identity_features,34500.0,0.0
train/identity_features,34550.0,0.0
train/identity_features,34600.0,0.0
train/identity_features,34650.0,0.0
train/identity_features,34700.0,0.0
train/identity_features,34750.0,0.0
train/identity_features,34800.0,0.0
train/identity_features,34850.0,0.0
train/identity_features,34900.0,0.0
train/identity_features,34950.0,0.0
train/identity_features,35000.0,0.0
train/identity_features,35050.0,0.0
train/identity_features,35100.0,0.0
train/identity_features,35150.0,0.0
train/identity_features,35200.0,0.0
train/identity_features,35250.0,0.0
train/identity_features,35300.0,0.0
train/identity_features,35350.0,0.0
train/identity_features,35400.0,0.0
train/identity_features,35450.0,0.0
train/identity_features,35500.0,0.0
train/identity_features,35550.0,0.0
train/identity_features,35600.0,0.0
train/identity_features,35650.0,0.0
train/identity_features,35700.0,0.0
train/identity_features,35750.0,0.0
train/identity_features,35800.0,0.0
train/identity_features,35850.0,0.0
train/identity_features,35900.0,0.0
train/identity_features,35950.0,0.0
train/identity_features,36000.0,0.0
train/identity_features,36050.0,0.0
train/identity_features,36100.0,0.0
train/identity_features,36150.0,0.0
train/identity_features,36200.0,0.0
train/identity_features,36250.0,0.0
train/identity_features,36300.0,0.0
train/identity_features,36350.0,0.0
train/identity_features,36400.0,0.0
train/identity_features,36450.0,0.0
train/identity_features,36500.0,0.0
train/identity_features,36550.0,0.0
train/identity_features,36600.0,0.0
train/identity_features,36650.0,0.0
train/identity_features,36700.0,0.0
train/identity_features,36750.0,0.0
train/identity_features,36800.0,0.0
train/identity_features,36850.0,0.0
train/identity_features,36900.0,0.0
train/identity_features,36950.0,0.0
train/identity_features,37000.0,0.0
train/identity_features,37050.0,0.0
train/identity_features,37100.0,0.0
train/identity_features,37150.0,0.0
train/identity_features,37200.0,0.0
train/identity_features,37250.0,0.0
train/identity_features,37300.0,0.0
train/identity_features,37350.0,0.0
train/identity_features,37400.0,0.0
train/identity_features,37450.0,0.0
train/identity_features,37500.0,0.0
train/identity_features,37550.0,0.0
train/identity_features,37600.0,0.0
train/identity_features,37650.0,0.0
train/identity_features,37700.0,0.0
train/identity_features,37750.0,0.0
train/identity_features,37800.0,0.0
train/identity_features,37850.0,0.0
train/identity_features,37900.0,0.0
train/identity_features,37950.0,0.0
train/identity_features,38000.0,0.0
train/identity_features,38050.0,0.0
train/identity_features,38100.0,0.0
train/identity_features,38150.0,0.0
train/identity_features,38200.0,0.0
train/identity_features,38250.0,0.0
train/identity_features,38300.0,0.0
train/identity_features,38350.0,0.0
train/identity_features,38400.0,0.0
train/identity_features,38450.0,0.0
train/identity_features,38500.0,0.0
train/identity_features,38550.0,0.0
train/identity_features,38600.0,0.0
train/identity_features,38650.0,0.0
train/identity_features,38700.0,0.0
train/identity_features,38750.0,0.0
train/identity_features,38800.0,0.0
train/identity_features,38850.0,0.0
train/identity_features,38900.0,0.0
train/identity_features,38950.0,0.0
train/identity_features,39000.0,0.0
train/identity_features,39050.0,0.0
train/identity_features,39100.0,0.0
train/identity_features,39150.0,0.0
train/identity_features,39200.0,0.0
train/identity_features,39250.0,0.0
train/identity_features,39300.0,0.0
train/identity_features,39350.0,0.0
train/identity_features,39400.0,0.0
train/identity_features,39450.0,0.0
train/identity_features,39500.0,0.0
train/identity_features,39550.0,0.0
train/identity_features,39600.0,0.0
train/identity_features,39650.0,0.0
train/identity_features,39700.0,0.0
train/identity_features,39750.0,0.0
train/identity_features,39800.0,0.0
train/identity_features,39850.0,0.0
train/identity_features,39900.0,0.0
train/identity_features,39950.0,0.0
train/identity_features,40000.0,0.0
train/identity_features,40050.0,0.0
train/identity_features,40100.0,0.0
train/identity_features,40150.0,0.0
train/identity_features,40200.0,0.0
train/identity_features,40250.0,0.0
train/identity_features,40300.0,0.0
train/identity_features,40350.0,0.0
train/identity_features,40400.0,0.0
train/identity_features,40450.0,0.0
train/identity_features,40500.0,0.0
train/identity_features,40550.0,0.0
train/identity_features,40600.0,0.0
train/identity_features,40650.0,0.0
train/identity_features,40700.0,0.0
train/identity_features,40750.0,0.0
train/identity_features,40800.0,0.0
train/identity_features,40850.0,0.0
train/identity_features,40900.0,0.0
train/identity_features,40950.0,0.0
train/identity_features,41000.0,0.0
train/identity_features,41050.0,0.0
train/identity_features,41100.0,0.0
train/identity_features,41150.0,0.0
train/identity_features,41200.0,0.0
train/identity_features,41250.0,0.0
train/identity_features,41300.0,0.0
train/identity_features,41350.0,0.0
train/identity_features,41400.0,0.0
train/identity_features,41450.0,0.0
train/identity_features,41500.0,0.0
train/identity_features,41550.0,0.0
train/identity_features,41600.0,0.0
train/identity_features,41650.0,0.0
train/identity_features,41700.0,0.0
train/identity_features,41750.0,0.0
train/identity_features,41800.0,0.0
train/identity_features,41850.0,0.0
train/identity_features,41900.0,0.0
train/identity_features,41950.0,0.0
train/identity_features,42000.0,0.0
train/identity_features,42050.0,0.0
train/identity_features,42100.0,0.0
train/identity_features,42150.0,0.0
train/identity_features,42200.0,0.0
train/identity_features,42250.0,0.0
train/identity_features,42300.0,0.0
train/identity_features,42350.0,0.0
train/identity_features,42400.0,0.0
train/identity_features,42450.0,0.0
train/identity_features,42500.0,0.0
train/identity_features,42550.0,0.0
train/identity_features,42600.0,0.0
train/identity_features,42650.0,0.0
train/identity_features,42700.0,0.0
train/identity_features,42750.0,0.0
train/identity_features,42800.0,0.0
train/identity_features,42850.0,0.0
train/identity_features,42900.0,0.0
train/identity_features,42950.0,0.0
train/identity_features,43000.0,0.0
train/identity_features,43050.0,0.0
train/identity_features,43100.0,0.0
train/identity_features,43150.0,0.0
train/identity_features,43200.0,0.0
train/identity_features,43250.0,0.0
train/identity_features,43300.0,0.0
train/identity_features,43350.0,0.0
train/identity_features,43400.0,0.0
train/identity_features,43450.0,0.0
train/identity_features,43500.0,0.0
train/identity_features,43550.0,0.0
train/identity_features,43600.0,0.0
train/identity_features,43650.0,0.0
train/identity_features,43700.0,0.0
train/identity_features,43750.0,0.0
train/identity_features,43800.0,0.0
train/identity_features,43850.0,0.0
train/identity_features,43900.0,0.0
train/identity_features,43950.0,0.0
train/identity_features,44000.0,0.0
train/identity_features,44050.0,0.0
train/identity_features,44100.0,0.0
train/identity_features,44150.0,0.0
train/identity_features,44200.0,0.0
train/identity_features,44250.0,0.0
train/identity_features,44300.0,0.0
train/identity_features,44350.0,0.0
train/identity_features,44400.0,0.0
train/identity_features,44450.0,0.0
train/identity_features,44500.0,0.0
train/identity_features,44550.0,0.0
train/identity_features,44600.0,0.0
train/identity_features,44650.0,0.0
train/identity_features,44700.0,0.0
train/identity_features,44750.0,0.0
train/identity_features,44800.0,0.0
train/identity_features,44850.0,0.0
train/identity_features,44900.0,0.0
train/identity_features,44950.0,0.0
train/identity_features,45000.0,0.0
train/identity_features,45050.0,0.0
train/identity_features,45100.0,0.0
train/identity_features,45150.0,0.0
train/identity_features,45200.0,0.0
train/identity_features,45250.0,0.0
train/identity_features,45300.0,0.0
train/identity_features,45350.0,0.0
train/identity_features,45400.0,0.0
train/identity_features,45450.0,0.0
train/identity_features,45500.0,0.0
train/identity_features,45550.0,0.0
train/identity_features,45600.0,0.0
train/identity_features,45650.0,0.0
train/identity_features,45700.0,0.0
train/identity_features,45750.0,0.0
train/identity_features,45800.0,0.0
train/identity_features,45850.0,0.0
train/identity_features,45900.0,0.0
train/identity_features,45950.0,0.0
train/identity_features,46000.0,0.0
train/identity_features,46050.0,0.0
train/identity_features,46100.0,0.0
train/identity_features,46150.0,0.0
train/identity_features,46200.0,0.0
train/identity_features,46250.0,0.0
train/identity_features,46300.0,0.0
train/identity_features,46350.0,0.0
train/identity_features,46400.0,0.0
train/identity_features,46450.0,0.0
train/identity_features,46500.0,0.0
train/identity_features,46550.0,0.0
train/identity_features,46600.0,0.0
train/identity_features,46650.0,0.0
train/identity_features,46700.0,0.0
train/identity_features,46750.0,0.0
train/identity_features,46800.0,0.0
train/identity_features,46850.0,0.0
train/identity_features,46900.0,0.0
train/identity_features,46950.0,0.0
train/identity_features,47000.0,0.0
train/identity_features,47050.0,0.0
train/identity_features,47100.0,0.0
train/identity_features,47150.0,0.0
train/identity_features,47200.0,0.0
train/identity_features,47250.0,0.0
train/identity_features,47300.0,0.0
train/identity_features,47350.0,0.0
train/identity_features,47400.0,0.0
train/identity_features,47450.0,0.0
train/identity_features,47500.0,0.0
train/identity_features,47550.0,0.0
train/identity_features,47600.0,0.0
train/identity_features,47650.0,0.0
train/identity_features,47700.0,0.0
train/identity_features,47750.0,0.0
train/identity_features,47800.0,0.0
train/identity_features,47850.0,0.0
train/identity_features,47900.0,0.0
train/identity_features,47950.0,0.0
train/identity_features,48000.0,0.0
train/identity_features,48050.0,0.0
train/identity_features,48100.0,0.0
train/identity_features,48150.0,0.0
train/identity_features,48200.0,0.0
train/identity_features,48250.0,0.0
train/identity_features,48300.0,0.0
train/identity_features,48350.0,0.0
train/identity_features,48400.0,0.0
train/identity_features,48450.0,0.0
train/identity_features,48500.0,0.0
train/identity_features,48550.0,0.0
train/identity_features,48600.0,0.0
train/identity_features,48650.0,0.0
train/identity_features,48700.0,0.0
train/identity_features,48750.0,0.0
train/identity_features,48800.0,0.0
train/identity_features,48850.0,0.0
train/identity_features,48900.0,0.0
train/identity_features,48950.0,0.0
train/identity_features,49000.0,0.0
train/identity_features,49050.0,0.0
train/identity_features,49100.0,0.0
train/identity_features,49150.0,0.0
train/identity_features,49200.0,0.0
train/identity_features,49250.0,0.0
train/identity_features,49300.0,0.0
train/identity_features,49350.0,0.0
train/identity_features,49400.0,0.0
train/identity_features,49450.0,0.0
train/identity_features,49500.0,0.0
train/identity_features,49550.0,0.0
train/identity_features,49600.0,0.0
train/identity_features,49650.0,0.0
train/identity_features,49700.0,0.0
train/identity_features,49750.0,0.0
train/identity_features,49800.0,0.0
train/identity_features,49850.0,0.0
train/identity_features,49900.0,0.0
train/identity_features,49950.0,0.0
train/identity_features,50000.0,0.0
train/identity_features,50050.0,0.0
train/identity_features,50100.0,0.0
train/identity_features,50150.0,0.0
train/identity_features,50200.0,0.0
train/identity_features,50250.0,0.0
train/identity_features,50300.0,0.0
train/identity_features,50350.0,0.0
train/identity_features,50400.0,0.0
train/identity_features,50450.0,0.0
train/identity_features,50500.0,0.0
train/identity_features,50550.0,0.0
train/identity_features,50600.0,0.0
train/identity_features,50650.0,0.0
train/identity_features,50700.0,0.0
train/identity_features,50750.0,0.0
train/identity_features,50800.0,0.0
train/identity_features,50850.0,0.0
train/identity_features,50900.0,0.0
train/identity_features,50950.0,0.0
train/identity_features,51000.0,0.0
train/identity_features,51050.0,0.0
train/identity_features,51100.0,0.0
train/identity_features,51150.0,0.0
train/identity_features,51200.0,0.0
train/identity_features,51250.0,0.0
train/identity_features,51300.0,0.0
train/identity_features,51350.0,0.0
train/identity_features,51400.0,0.0
train/identity_features,51450.0,0.0
train/identity_features,51500.0,0.0
train/identity_features,51550.0,0.0
train/identity_features,51600.0,0.0
train/identity_features,51650.0,0.0
train/identity_features,51700.0,0.0
train/identity_features,51750.0,0.0
train/identity_features,51800.0,0.0
train/identity_features,51850.0,0.0
train/identity_features,51900.0,0.0
train/loss,50.0,12.322615623474121
train/loss,100.0,14.219921112060547
train/loss,150.0,10.019217491149902
train/loss,200.0,11.646909713745117
train/loss,250.0,13.743753433227539
train/loss,300.0,14.581012725830078
train/loss,350.0,13.215091705322266
train/loss,400.0,10.899171829223633
train/loss,450.0,10.896074295043945
train/loss,500.0,13.17705249786377
train/loss,550.0,11.373102188110352
train/loss,600.0,9.915285110473633
train/loss,650.0,12.243193626403809
train/loss,700.0,9.0889892578125
train/loss,750.0,14.139270782470703
train/loss,800.0,9.339844703674316
train/loss,850.0,14.905078887939453
train/loss,900.0,12.930338859558105
train/loss,950.0,11.130003929138184
train/loss,1000.0,12.715434074401855
train/loss,1050.0,11.261079788208008
train/loss,1100.0,10.830113410949707
train/loss,1150.0,10.886787414550781
train/loss,1200.0,9.78443717956543
train/loss,1250.0,11.481851577758789
train/loss,1300.0,11.079358100891113
train/loss,1350.0,12.522136688232422
train/loss,1400.0,14.387452125549316
train/loss,1450.0,10.281648635864258
train/loss,1500.0,9.994603157043457
train/loss,1550.0,10.383145332336426
train/loss,1600.0,9.660664558410645
train/loss,1650.0,10.072714805603027
train/loss,1700.0,10.235020637512207
train/loss,1750.0,10.187522888183594
train/loss,1800.0,14.757026672363281
train/loss,1850.0,13.89360237121582
train/loss,1900.0,12.328500747680664
train/loss,1950.0,10.277384757995605
train/loss,2000.0,9.62610149383545
train/loss,2050.0,11.70051097869873
train/loss,2100.0,10.104106903076172
train/loss,2150.0,11.093414306640625
train/loss,2200.0,13.280235290527344
train/loss,2250.0,8.863758087158203
train/loss,2300.0,10.204143524169922
train/loss,2350.0,11.278759956359863
train/loss,2400.0,10.984058380126953
train/loss,2450.0,10.430256843566895
train/loss,2500.0,11.829349517822266
train/loss,2550.0,9.277899742126465
train/loss,2600.0,11.008148193359375
train/loss,2650.0,10.40699577331543
train/loss,2700.0,10.305505752563477
train/loss,2750.0,14.803533554077148
train/loss,2800.0,10.390515327453613
train/loss,2850.0,10.026275634765625
train/loss,2900.0,9.230929374694824
train/loss,2950.0,10.278641700744629
train/loss,3000.0,9.171591758728027
train/loss,3050.0,8.928754806518555
train/loss,3100.0,11.192296981811523
train/loss,3150.0,8.867794036865234
train/loss,3200.0,9.32991886138916
train/loss,3250.0,11.443365097045898
train/loss,3300.0,10.469786643981934
train/loss,3350.0,8.593174934387207
train/loss,3400.0,10.57884693145752
train/loss,3450.0,10.864189147949219
train/loss,3500.0,11.515364646911621
train/loss,3550.0,8.853713035583496
train/loss,3600.0,13.569427490234375
train/loss,3650.0,9.971864700317383
train/loss,3700.0,9.808162689208984
train/loss,3750.0,9.440092086791992
train/loss,3800.0,11.298908233642578
train/loss,3850.0,10.655009269714355
train/loss,3900.0,8.998165130615234
train/loss,3950.0,8.347046852111816
train/loss,4000.0,12.533761024475098
train/loss,4050.0,9.94257640838623
train/loss,4100.0,10.197187423706055
train/loss,4150.0,12.724638938903809
train/loss,4200.0,12.612467765808105
train/loss,4250.0,11.206868171691895
train/loss,4300.0,9.539867401123047
train/loss,4350.0,9.621987342834473
train/loss,4400.0,8.089215278625488
train/loss,4450.0,9.714103698730469
train/loss,4500.0,9.160102844238281
train/loss,4550.0,10.280390739440918
train/loss,4600.0,9.694188117980957
train/loss,4650.0,9.535638809204102
train/loss,4700.0,12.546664237976074
train/loss,4750.0,9.994312286376953
train/loss,4800.0,9.913886070251465
train/loss,4850.0,9.873441696166992
train/loss,4900.0,9.736920356750488
train/loss,4950.0,9.56664752960205
train/loss,5000.0,9.996936798095703
train/loss,5050.0,9.895235061645508
train/loss,5100.0,11.103747367858887
train/loss,5150.0,9.525928497314453
train/loss,5200.0,10.008308410644531
train/loss,5250.0,11.135404586791992
train/loss,5300.0,12.0419921875
train/loss,5350.0,10.68457317352295
train/loss,5400.0,10.651607513427734
train/loss,5450.0,10.095834732055664
train/loss,5500.0,10.648285865783691
train/loss,5550.0,10.626546859741211
train/loss,5600.0,10.337177276611328
train/loss,5650.0,9.237753868103027
train/loss,5700.0,11.24732780456543
train/loss,5750.0,11.705938339233398
train/loss,5800.0,11.311641693115234
train/loss,5850.0,11.376068115234375
train/loss,5900.0,9.579658508300781
train/loss,5950.0,10.474973678588867
train/loss,6000.0,7.674801826477051
train/loss,6050.0,9.090996742248535
train/loss,6100.0,9.158857345581055
train/loss,6150.0,8.800093650817871
train/loss,6200.0,9.735222816467285
train/loss,6250.0,8.944768905639648
train/loss,6300.0,10.170406341552734
train/loss,6350.0,9.056747436523438
train/loss,6400.0,10.870956420898438
train/loss,6450.0,10.89943790435791
train/loss,6500.0,9.019407272338867
train/loss,6550.0,9.150687217712402
train/loss,6600.0,7.451326847076416
train/loss,6650.0,9.692560195922852
train/loss,6700.0,11.786287307739258
train/loss,6750.0,14.549542427062988
train/loss,6800.0,11.675511360168457
train/loss,6850.0,10.00372314453125
train/loss,6900.0,10.520918846130371
train/loss,6950.0,9.59261703491211
train/loss,7000.0,10.23134708404541
train/loss,7050.0,8.36098575592041
train/loss,7100.0,9.34544849395752
train/loss,7150.0,9.777043342590332
train/loss,7200.0,9.630828857421875
train/loss,7250.0,10.287732124328613
train/loss,7300.0,10.7223539352417
train/loss,7350.0,11.928812980651855
train/loss,7400.0,10.257033348083496
train/loss,7450.0,11.020471572875977
train/loss,7500.0,10.290773391723633
train/loss,7550.0,10.745881080627441
train/loss,7600.0,10.542777061462402
train/loss,7650.0,11.114131927490234
train/loss,7700.0,11.47354793548584
train/loss,7750.0,10.786373138427734
train/loss,7800.0,9.533982276916504
train/loss,7850.0,10.273748397827148
train/loss,7900.0,9.42148494720459
train/loss,7950.0,9.273494720458984
train/loss,8000.0,9.58986759185791
train/loss,8050.0,8.472039222717285
train/loss,8100.0,10.096721649169922
train/loss,8150.0,11.061013221740723
train/loss,8200.0,10.264952659606934
train/loss,8250.0,11.002511978149414
train/loss,8300.0,10.821992874145508
train/loss,8350.0,9.80219841003418
train/loss,8400.0,12.15833854675293
train/loss,8450.0,11.328551292419434
train/loss,8500.0,10.007675170898438
train/loss,8550.0,9.341495513916016
train/loss,8600.0,8.590742111206055
train/loss,8650.0,8.770699501037598
train/loss,8700.0,9.293917655944824
train/loss,8750.0,10.61550521850586
train/loss,8800.0,8.618608474731445
train/loss,8850.0,11.462381362915039
train/loss,8900.0,10.916488647460938
train/loss,8950.0,10.140026092529297
train/loss,9000.0,10.623466491699219
train/loss,9050.0,9.209321975708008
train/loss,9100.0,10.295820236206055
train/loss,9150.0,8.734156608581543
train/loss,9200.0,9.22829532623291
train/loss,9250.0,12.88320541381836
train/loss,9300.0,9.845163345336914
train/loss,9350.0,11.293635368347168
train/loss,9400.0,10.797547340393066
train/loss,9450.0,10.271554946899414
train/loss,9500.0,8.82726764678955
train/loss,9550.0,10.24898910522461
train/loss,9600.0,8.119300842285156
train/loss,9650.0,8.514147758483887
train/loss,9700.0,9.661850929260254
train/loss,9750.0,10.218594551086426
train/loss,9800.0,9.986185073852539
train/loss,9850.0,11.578482627868652
train/loss,9900.0,10.322583198547363
train/loss,9950.0,10.007675170898438
train/loss,10000.0,10.970444679260254
train/loss,10050.0,10.236164093017578
train/loss,10100.0,9.753888130187988
train/loss,10150.0,10.956984519958496
train/loss,10200.0,12.959871292114258
train/loss,10250.0,11.319451332092285
train/loss,10300.0,8.537497520446777
train/loss,10350.0,13.399022102355957
train/loss,10400.0,9.279791831970215
train/loss,10450.0,8.3478364944458
train/loss,10500.0,9.103745460510254
train/loss,10550.0,9.18349838256836
train/loss,10600.0,9.158953666687012
train/loss,10650.0,9.66759967803955
train/loss,10700.0,8.337162971496582
train/loss,10750.0,11.45506477355957
train/loss,10800.0,11.010215759277344
train/loss,10850.0,8.96410846710205
train/loss,10900.0,9.725303649902344
train/loss,10950.0,8.989717483520508
train/loss,11000.0,8.681123733520508
train/loss,11050.0,9.821138381958008
train/loss,11100.0,10.022795677185059
train/loss,11150.0,10.143562316894531
train/loss,11200.0,9.745649337768555
train/loss,11250.0,11.499120712280273
train/loss,11300.0,7.706964492797852
train/loss,11350.0,10.189227104187012
train/loss,11400.0,9.813223838806152
train/loss,11450.0,8.74946117401123
train/loss,11500.0,10.432321548461914
train/loss,11550.0,9.632150650024414
train/loss,11600.0,10.327799797058105
train/loss,11650.0,9.670308113098145
train/loss,11700.0,8.611610412597656
train/loss,11750.0,9.7894926071167
train/loss,11800.0,10.30520248413086
train/loss,11850.0,8.689553260803223
train/loss,11900.0,10.249706268310547
train/loss,11950.0,9.0763521194458
train/loss,12000.0,9.730878829956055
train/loss,12050.0,9.506307601928711
train/loss,12100.0,10.513541221618652
train/loss,12150.0,8.23613166809082
train/loss,12200.0,9.92124080657959
train/loss,12250.0,9.954212188720703
train/loss,12300.0,8.652812004089355
train/loss,12350.0,8.980326652526855
train/loss,12400.0,9.956562042236328
train/loss,12450.0,10.335527420043945
train/loss,12500.0,9.589123725891113
train/loss,12550.0,9.986868858337402
train/loss,12600.0,10.046571731567383
train/loss,12650.0,10.82413101196289
train/loss,12700.0,10.549588203430176
train/loss,12750.0,10.469172477722168
train/loss,12800.0,8.356135368347168
train/loss,12850.0,8.015087127685547
train/loss,12900.0,8.305673599243164
train/loss,12950.0,10.151749610900879
train/loss,13000.0,9.088932037353516
train/loss,13050.0,9.839029312133789
train/loss,13100.0,12.569595336914062
train/loss,13150.0,10.288930892944336
train/loss,13200.0,10.645150184631348
train/loss,13250.0,10.492874145507812
train/loss,13300.0,11.605866432189941
train/loss,13350.0,10.375713348388672
train/loss,13400.0,9.333130836486816
train/loss,13450.0,9.614258766174316
train/loss,13500.0,10.374866485595703
train/loss,13550.0,11.050142288208008
train/loss,13600.0,9.706342697143555
train/loss,13650.0,9.160077095031738
train/loss,13700.0,8.95975112915039
train/loss,13750.0,10.407156944274902
train/loss,13800.0,10.949467658996582
train/loss,13850.0,8.968491554260254
train/loss,13900.0,9.06065845489502
train/loss,13950.0,10.93021011352539
train/loss,14000.0,11.166866302490234
train/loss,14050.0,8.257708549499512
train/loss,14100.0,13.82992935180664
train/loss,14150.0,9.399704933166504
train/loss,14200.0,10.779868125915527
train/loss,14250.0,9.665761947631836
train/loss,14300.0,10.562345504760742
train/loss,14350.0,8.342440605163574
train/loss,14400.0,8.695453643798828
train/loss,14450.0,9.42797565460205
train/loss,14500.0,10.801578521728516
train/loss,14550.0,9.999066352844238
train/loss,14600.0,9.64085578918457
train/loss,14650.0,9.65999984741211
train/loss,14700.0,9.389762878417969
train/loss,14750.0,9.943626403808594
train/loss,14800.0,9.324254989624023
train/loss,14850.0,9.321560859680176
train/loss,14900.0,8.199399948120117
train/loss,14950.0,9.298505783081055
train/loss,15000.0,9.37764835357666
train/loss,15050.0,8.84463119506836
train/loss,15100.0,10.014559745788574
train/loss,15150.0,10.263195037841797
train/loss,15200.0,9.836539268493652
train/loss,15250.0,9.742206573486328
train/loss,15300.0,9.5470609664917
train/loss,15350.0,7.563729286193848
train/loss,15400.0,7.805599212646484
train/loss,15450.0,8.982282638549805
train/loss,15500.0,9.7774076461792
train/loss,15550.0,9.436511039733887
train/loss,15600.0,9.800238609313965
train/loss,15650.0,8.983518600463867
train/loss,15700.0,7.809459209442139
train/loss,15750.0,9.863325119018555
train/loss,15800.0,9.857649803161621
train/loss,15850.0,9.260424613952637
train/loss,15900.0,9.034159660339355
train/loss,15950.0,8.200638771057129
train/loss,16000.0,9.263250350952148
train/loss,16050.0,10.223695755004883
train/loss,16100.0,9.430441856384277
train/loss,16150.0,8.231858253479004
train/loss,16200.0,8.473697662353516
train/loss,16250.0,10.90042495727539
train/loss,16300.0,10.2698335647583
train/loss,16350.0,10.582350730895996
train/loss,16400.0,8.986329078674316
train/loss,16450.0,8.854166030883789
train/loss,16500.0,9.049229621887207
train/loss,16550.0,10.170187950134277
train/loss,16600.0,8.47731876373291
train/loss,16650.0,11.06888484954834
train/loss,16700.0,9.79987621307373
train/loss,16750.0,8.453865051269531
train/loss,16800.0,8.865335464477539
train/loss,16850.0,9.382085800170898
train/loss,16900.0,9.868770599365234
train/loss,16950.0,8.876529693603516
train/loss,17000.0,9.635270118713379
train/loss,17050.0,8.613256454467773
train/loss,17100.0,10.188643455505371
train/loss,17150.0,10.069571495056152
train/loss,17200.0,12.382014274597168
train/loss,17250.0,11.82677936553955
train/loss,17300.0,8.429935455322266
train/loss,17350.0,11.340545654296875
train/loss,17400.0,9.881607055664062
train/loss,17450.0,8.796381950378418
train/loss,17500.0,9.185848236083984
train/loss,17550.0,10.084810256958008
train/loss,17600.0,8.273117065429688
train/loss,17650.0,10.197986602783203
train/loss,17700.0,8.13229751586914
train/loss,17750.0,9.02967643737793
train/loss,17800.0,10.333280563354492
train/loss,17850.0,8.65670394897461
train/loss,17900.0,9.350994110107422
train/loss,17950.0,11.966093063354492
train/loss,18000.0,10.797616958618164
train/loss,18050.0,9.051000595092773
train/loss,18100.0,10.699812889099121
train/loss,18150.0,8.458288192749023
train/loss,18200.0,9.60628890991211
train/loss,18250.0,9.303126335144043
train/loss,18300.0,7.976442813873291
train/loss,18350.0,9.808804512023926
train/loss,18400.0,10.181732177734375
train/loss,18450.0,11.283865928649902
train/loss,18500.0,10.97566032409668
train/loss,18550.0,11.009258270263672
train/loss,18600.0,9.109268188476562
train/loss,18650.0,9.40050983428955
train/loss,18700.0,9.849912643432617
train/loss,18750.0,7.743294715881348
train/loss,18800.0,9.892470359802246
train/loss,18850.0,9.83989143371582
train/loss,18900.0,8.682971954345703
train/loss,18950.0,8.51602840423584
train/loss,19000.0,9.988067626953125
train/loss,19050.0,10.445151329040527
train/loss,19100.0,8.433635711669922
train/loss,19150.0,8.84736156463623
train/loss,19200.0,9.422103881835938
train/loss,19250.0,9.076774597167969
train/loss,19300.0,9.035423278808594
train/loss,19350.0,7.9569878578186035
train/loss,19400.0,9.756904602050781
train/loss,19450.0,10.445494651794434
train/loss,19500.0,8.756768226623535
train/loss,19550.0,9.80179214477539
train/loss,19600.0,8.573153495788574
train/loss,19650.0,13.736023902893066
train/loss,19700.0,8.558698654174805
train/loss,19750.0,9.848013877868652
train/loss,19800.0,9.057321548461914
train/loss,19850.0,10.514851570129395
train/loss,19900.0,10.256567001342773
train/loss,19950.0,12.004972457885742
train/loss,20000.0,12.036052703857422
train/loss,20050.0,9.942536354064941
train/loss,20100.0,11.66628646850586
train/loss,20150.0,8.837799072265625
train/loss,20200.0,8.279398918151855
train/loss,20250.0,9.027817726135254
train/loss,20300.0,10.99664306640625
train/loss,20350.0,8.479591369628906
train/loss,20400.0,10.10807991027832
train/loss,20450.0,8.982641220092773
train/loss,20500.0,9.674232482910156
train/loss,20550.0,9.013946533203125
train/loss,20600.0,8.712651252746582
train/loss,20650.0,9.763276100158691
train/loss,20700.0,10.236725807189941
train/loss,20750.0,10.330723762512207
train/loss,20800.0,10.126164436340332
train/loss,20850.0,10.874065399169922
train/loss,20900.0,9.438496589660645
train/loss,20950.0,9.789691925048828
train/loss,21000.0,9.598855018615723
train/loss,21050.0,8.490913391113281
train/loss,21100.0,8.271610260009766
train/loss,21150.0,8.420210838317871
train/loss,21200.0,10.288902282714844
train/loss,21250.0,9.38399600982666
train/loss,21300.0,11.381074905395508
train/loss,21350.0,8.647737503051758
train/loss,21400.0,9.409440040588379
train/loss,21450.0,10.718883514404297
train/loss,21500.0,10.48184585571289
train/loss,21550.0,7.715914726257324
train/loss,21600.0,8.137025833129883
train/loss,21650.0,8.551218032836914
train/loss,21700.0,9.682448387145996
train/loss,21750.0,12.003376960754395
train/loss,21800.0,9.288140296936035
train/loss,21850.0,9.08827018737793
train/loss,21900.0,8.960416793823242
train/loss,21950.0,8.917238235473633
train/loss,22000.0,9.1903076171875
train/loss,22050.0,9.74601936340332
train/loss,22100.0,10.256941795349121
train/loss,22150.0,8.784161567687988
train/loss,22200.0,9.207096099853516
train/loss,22250.0,10.952971458435059
train/loss,22300.0,7.443449020385742
train/loss,22350.0,8.860535621643066
train/loss,22400.0,8.932318687438965
train/loss,22450.0,8.920979499816895
train/loss,22500.0,9.655952453613281
train/loss,22550.0,9.340225219726562
train/loss,22600.0,10.162781715393066
train/loss,22650.0,10.207316398620605
train/loss,22700.0,12.272538185119629
train/loss,22750.0,8.51076602935791
train/loss,22800.0,11.590447425842285
train/loss,22850.0,10.716399192810059
train/loss,22900.0,10.182464599609375
train/loss,22950.0,10.320446014404297
train/loss,23000.0,8.474191665649414
train/loss,23050.0,8.260472297668457
train/loss,23100.0,7.931163311004639
train/loss,23150.0,8.136076927185059
train/loss,23200.0,10.94577407836914
train/loss,23250.0,8.018404960632324
train/loss,23300.0,7.906009197235107
train/loss,23350.0,10.067270278930664
train/loss,23400.0,9.036504745483398
train/loss,23450.0,10.921439170837402
train/loss,23500.0,11.708585739135742
train/loss,23550.0,7.025928020477295
train/loss,23600.0,9.035318374633789
train/loss,23650.0,9.454325675964355
train/loss,23700.0,8.687231063842773
train/loss,23750.0,7.84114933013916
train/loss,23800.0,11.30059814453125
train/loss,23850.0,9.125106811523438
train/loss,23900.0,8.953072547912598
train/loss,23950.0,11.625057220458984
train/loss,24000.0,9.843889236450195
train/loss,24050.0,8.921052932739258
train/loss,24100.0,9.436052322387695
train/loss,24150.0,8.045036315917969
train/loss,24200.0,10.563514709472656
train/loss,24250.0,8.063742637634277
train/loss,24300.0,8.755266189575195
train/loss,24350.0,6.284473419189453
train/loss,24400.0,10.355900764465332
train/loss,24450.0,10.743518829345703
train/loss,24500.0,8.594383239746094
train/loss,24550.0,14.286420822143555
train/loss,24600.0,8.872477531433105
train/loss,24650.0,8.167235374450684
train/loss,24700.0,11.8077392578125
train/loss,24750.0,8.509614944458008
train/loss,24800.0,8.823304176330566
train/loss,24850.0,9.242868423461914
train/loss,24900.0,8.540020942687988
train/loss,24950.0,8.897893905639648
train/loss,25000.0,10.48718547821045
train/loss,25050.0,9.897356986999512
train/loss,25100.0,8.314497947692871
train/loss,25150.0,7.974489212036133
train/loss,25200.0,9.799999237060547
train/loss,25250.0,6.844903945922852
train/loss,25300.0,7.9962944984436035
train/loss,25350.0,9.142617225646973
train/loss,25400.0,9.060686111450195
train/loss,25450.0,8.476110458374023
train/loss,25500.0,10.85563850402832
train/loss,25550.0,9.961163520812988
train/loss,25600.0,9.307823181152344
train/loss,25650.0,8.296991348266602
train/loss,25700.0,10.020193099975586
train/loss,25750.0,8.577804565429688
train/loss,25800.0,9.782927513122559
train/loss,25850.0,9.476627349853516
train/loss,25900.0,11.534258842468262
train/loss,25950.0,8.093242645263672
train/loss,26000.0,9.607626914978027
train/loss,26050.0,8.422399520874023
train/loss,26100.0,9.496175765991211
train/loss,26150.0,9.122920989990234
train/loss,26200.0,8.34661865234375
train/loss,26250.0,9.009540557861328
train/loss,26300.0,10.098410606384277
train/loss,26350.0,8.823443412780762
train/loss,26400.0,10.185571670532227
train/loss,26450.0,9.906060218811035
train/loss,26500.0,8.186509132385254
train/loss,26550.0,10.410858154296875
train/loss,26600.0,8.460806846618652
train/loss,26650.0,9.727500915527344
train/loss,26700.0,10.439187049865723
train/loss,26750.0,10.163005828857422
train/loss,26800.0,8.998071670532227
train/loss,26850.0,10.920258522033691
train/loss,26900.0,9.939885139465332
train/loss,26950.0,9.63131332397461
train/loss,27000.0,6.948948383331299
train/loss,27050.0,9.04119873046875
train/loss,27100.0,8.23141860961914
train/loss,27150.0,9.392638206481934
train/loss,27200.0,9.760241508483887
train/loss,27250.0,8.446027755737305
train/loss,27300.0,8.081703186035156
train/loss,27350.0,11.148551940917969
train/loss,27400.0,8.943620681762695
train/loss,27450.0,8.602543830871582
train/loss,27500.0,10.40039348602295
train/loss,27550.0,8.164851188659668
train/loss,27600.0,10.258586883544922
train/loss,27650.0,8.94408130645752
train/loss,27700.0,7.293209075927734
train/loss,27750.0,10.430893898010254
train/loss,27800.0,10.843050003051758
train/loss,27850.0,9.116384506225586
train/loss,27900.0,8.916486740112305
train/loss,27950.0,9.207959175109863
train/loss,28000.0,9.851399421691895
train/loss,28050.0,7.613235950469971
train/loss,28100.0,8.60421085357666
train/loss,28150.0,7.939072608947754
train/loss,28200.0,8.210769653320312
train/loss,28250.0,9.486982345581055
train/loss,28300.0,12.027647018432617
train/loss,28350.0,10.25806999206543
train/loss,28400.0,9.14511489868164
train/loss,28450.0,8.169046401977539
train/loss,28500.0,8.052478790283203
train/loss,28550.0,9.0574312210083
train/loss,28600.0,8.601149559020996
train/loss,28650.0,9.283985137939453
train/loss,28700.0,8.019853591918945
train/loss,28750.0,8.55409049987793
train/loss,28800.0,11.025096893310547
train/loss,28850.0,10.46444320678711
train/loss,28900.0,8.67167854309082
train/loss,28950.0,8.672317504882812
train/loss,29000.0,8.926383018493652
train/loss,29050.0,10.898608207702637
train/loss,29100.0,7.399312496185303
train/loss,29150.0,9.171810150146484
train/loss,29200.0,8.83056640625
train/loss,29250.0,9.136302947998047
train/loss,29300.0,8.9990873336792
train/loss,29350.0,8.928034782409668
train/loss,29400.0,7.7082438468933105
train/loss,29450.0,7.838463306427002
train/loss,29500.0,9.41209602355957
train/loss,29550.0,10.440335273742676
train/loss,29600.0,9.259417533874512
train/loss,29650.0,9.312018394470215
train/loss,29700.0,9.203149795532227
train/loss,29750.0,8.083707809448242
train/loss,29800.0,9.240633010864258
train/loss,29850.0,9.586450576782227
train/loss,29900.0,7.3255615234375
train/loss,29950.0,11.722709655761719
train/loss,30000.0,8.653727531433105
train/loss,30050.0,8.279370307922363
train/loss,30100.0,8.264110565185547
train/loss,30150.0,9.268872261047363
train/loss,30200.0,10.771502494812012
train/loss,30250.0,7.423952579498291
train/loss,30300.0,10.44437026977539
train/loss,30350.0,11.612220764160156
train/loss,30400.0,9.376909255981445
train/loss,30450.0,10.816508293151855
train/loss,30500.0,9.390772819519043
train/loss,30550.0,8.285734176635742
train/loss,30600.0,9.42569637298584
train/loss,30650.0,8.750418663024902
train/loss,30700.0,8.547056198120117
train/loss,30750.0,9.085947036743164
train/loss,30800.0,8.917476654052734
train/loss,30850.0,10.74837875366211
train/loss,30900.0,9.198810577392578
train/loss,30950.0,7.031922340393066
train/loss,31000.0,10.52127742767334
train/loss,31050.0,7.093506813049316
train/loss,31100.0,10.557796478271484
train/loss,31150.0,9.920329093933105
train/loss,31200.0,9.204146385192871
train/loss,31250.0,9.408300399780273
train/loss,31300.0,8.370159149169922
train/loss,31350.0,8.717650413513184
train/loss,31400.0,10.384997367858887
train/loss,31450.0,8.075577735900879
train/loss,31500.0,8.63901424407959
train/loss,31550.0,8.49371337890625
train/loss,31600.0,9.949807167053223
train/loss,31650.0,9.47937297821045
train/loss,31700.0,10.484620094299316
train/loss,31750.0,9.578150749206543
train/loss,31800.0,9.408679962158203
train/loss,31850.0,11.284248352050781
train/loss,31900.0,9.365948677062988
train/loss,31950.0,9.034882545471191
train/loss,32000.0,9.390830993652344
train/loss,32050.0,8.658302307128906
train/loss,32100.0,9.007275581359863
train/loss,32150.0,9.376144409179688
train/loss,32200.0,8.836404800415039
train/loss,32250.0,9.114032745361328
train/loss,32300.0,11.250700950622559
train/loss,32350.0,8.714364051818848
train/loss,32400.0,8.267271041870117
train/loss,32450.0,8.74786376953125
train/loss,32500.0,9.256792068481445
train/loss,32550.0,9.567509651184082
train/loss,32600.0,6.566491603851318
train/loss,32650.0,8.919921875
train/loss,32700.0,8.86067008972168
train/loss,32750.0,10.31668758392334
train/loss,32800.0,10.689432144165039
train/loss,32850.0,8.934657096862793
train/loss,32900.0,7.634720802307129
train/loss,32950.0,9.202946662902832
train/loss,33000.0,8.128731727600098
train/loss,33050.0,8.66975212097168
train/loss,33100.0,9.049259185791016
train/loss,33150.0,8.700312614440918
train/loss,33200.0,9.480648040771484
train/loss,33250.0,9.258302688598633
train/loss,33300.0,7.772983074188232
train/loss,33350.0,9.086629867553711
train/loss,33400.0,9.478232383728027
train/loss,33450.0,9.01914119720459
train/loss,33500.0,9.46401309967041
train/loss,33550.0,8.889997482299805
train/loss,33600.0,9.684033393859863
train/loss,33650.0,9.726069450378418
train/loss,33700.0,8.993758201599121
train/loss,33750.0,7.443421840667725
train/loss,33800.0,9.326778411865234
train/loss,33850.0,7.396481990814209
train/loss,33900.0,8.829141616821289
train/loss,33950.0,8.642273902893066
train/loss,34000.0,7.860225200653076
train/loss,34050.0,6.853187084197998
train/loss,34100.0,8.111849784851074
train/loss,34150.0,8.804424285888672
train/loss,34200.0,9.595720291137695
train/loss,34250.0,7.93174409866333
train/loss,34300.0,12.348971366882324
train/loss,34350.0,8.423074722290039
train/loss,34400.0,10.080639839172363
train/loss,34450.0,8.896318435668945
train/loss,34500.0,11.292739868164062
train/loss,34550.0,10.407706260681152
train/loss,34600.0,10.75915813446045
train/loss,34650.0,9.490718841552734
train/loss,34700.0,9.599712371826172
train/loss,34750.0,11.336478233337402
train/loss,34800.0,9.453531265258789
train/loss,34850.0,11.098169326782227
train/loss,34900.0,10.275411605834961
train/loss,34950.0,7.993524074554443
train/loss,35000.0,8.547198295593262
train/loss,35050.0,11.19363021850586
train/loss,35100.0,8.361720085144043
train/loss,35150.0,9.81138801574707
train/loss,35200.0,7.459342956542969
train/loss,35250.0,9.362265586853027
train/loss,35300.0,9.09648609161377
train/loss,35350.0,7.7670793533325195
train/loss,35400.0,9.759468078613281
train/loss,35450.0,8.978250503540039
train/loss,35500.0,8.697199821472168
train/loss,35550.0,9.00680923461914
train/loss,35600.0,8.378255844116211
train/loss,35650.0,7.883780479431152
train/loss,35700.0,9.734884262084961
train/loss,35750.0,10.77121353149414
train/loss,35800.0,9.46430778503418
train/loss,35850.0,9.389752388000488
train/loss,35900.0,10.189983367919922
train/loss,35950.0,9.555120468139648
train/loss,36000.0,7.621933460235596
train/loss,36050.0,9.748549461364746
train/loss,36100.0,8.398911476135254
train/loss,36150.0,8.3512601852417
train/loss,36200.0,6.813212871551514
train/loss,36250.0,8.929586410522461
train/loss,36300.0,9.194150924682617
train/loss,36350.0,9.17700481414795
train/loss,36400.0,8.82564640045166
train/loss,36450.0,8.471263885498047
train/loss,36500.0,7.24582052230835
train/loss,36550.0,9.123855590820312
train/loss,36600.0,8.191320419311523
train/loss,36650.0,8.23294448852539
train/loss,36700.0,11.102774620056152
train/loss,36750.0,9.320484161376953
train/loss,36800.0,10.408799171447754
train/loss,36850.0,9.328402519226074
train/loss,36900.0,9.173015594482422
train/loss,36950.0,9.045621871948242
train/loss,37000.0,7.767251491546631
train/loss,37050.0,9.313371658325195
train/loss,37100.0,9.0970458984375
train/loss,37150.0,9.554093360900879
train/loss,37200.0,10.413525581359863
train/loss,37250.0,8.020054817199707
train/loss,37300.0,9.390143394470215
train/loss,37350.0,8.509208679199219
train/loss,37400.0,7.583275318145752
train/loss,37450.0,8.419487953186035
train/loss,37500.0,8.3792724609375
train/loss,37550.0,7.116642951965332
train/loss,37600.0,11.185341835021973
train/loss,37650.0,9.24122142791748
train/loss,37700.0,9.15620231628418
train/loss,37750.0,8.10275936126709
train/loss,37800.0,10.001683235168457
train/loss,37850.0,8.760310173034668
train/loss,37900.0,9.491722106933594
train/loss,37950.0,9.110498428344727
train/loss,38000.0,9.263668060302734
train/loss,38050.0,7.803994178771973
train/loss,38100.0,9.648294448852539
train/loss,38150.0,8.46808910369873
train/loss,38200.0,8.810636520385742
train/loss,38250.0,8.877066612243652
train/loss,38300.0,8.421774864196777
train/loss,38350.0,10.690230369567871
train/loss,38400.0,8.84387493133545
train/loss,38450.0,8.39404582977295
train/loss,38500.0,8.727349281311035
train/loss,38550.0,8.604476928710938
train/loss,38600.0,7.835723400115967
train/loss,38650.0,8.99837589263916
train/loss,38700.0,9.250652313232422
train/loss,38750.0,8.862850189208984
train/loss,38800.0,8.369921684265137
train/loss,38850.0,7.812203407287598
train/loss,38900.0,8.723251342773438
train/loss,38950.0,10.567682266235352
train/loss,39000.0,9.049898147583008
train/loss,39050.0,9.009947776794434
train/loss,39100.0,8.978621482849121
train/loss,39150.0,9.807456970214844
train/loss,39200.0,8.43802547454834
train/loss,39250.0,9.642224311828613
train/loss,39300.0,8.602851867675781
train/loss,39350.0,10.20824146270752
train/loss,39400.0,9.315455436706543
train/loss,39450.0,9.384191513061523
train/loss,39500.0,8.498091697692871
train/loss,39550.0,7.894000053405762
train/loss,39600.0,8.724746704101562
train/loss,39650.0,9.51203441619873
train/loss,39700.0,7.522014141082764
train/loss,39750.0,11.593740463256836
train/loss,39800.0,9.478996276855469
train/loss,39850.0,8.542744636535645
train/loss,39900.0,8.594056129455566
train/loss,39950.0,9.538280487060547
train/loss,40000.0,9.394800186157227
train/loss,40050.0,9.896785736083984
train/loss,40100.0,9.508424758911133
train/loss,40150.0,8.022909164428711
train/loss,40200.0,7.921199798583984
train/loss,40250.0,10.566577911376953
train/loss,40300.0,8.724016189575195
train/loss,40350.0,9.138725280761719
train/loss,40400.0,6.8264617919921875
train/loss,40450.0,8.531129837036133
train/loss,40500.0,9.235594749450684
train/loss,40550.0,10.525097846984863
train/loss,40600.0,9.041905403137207
train/loss,40650.0,11.196322441101074
train/loss,40700.0,8.582594871520996
train/loss,40750.0,8.344206809997559
train/loss,40800.0,10.28943920135498
train/loss,40850.0,8.684863090515137
train/loss,40900.0,7.909933567047119
train/loss,40950.0,9.206592559814453
train/loss,41000.0,7.069040298461914
train/loss,41050.0,8.568365097045898
train/loss,41100.0,10.064741134643555
train/loss,41150.0,8.828509330749512
train/loss,41200.0,6.033206939697266
train/loss,41250.0,6.416178226470947
train/loss,41300.0,8.314998626708984
train/loss,41350.0,8.434700012207031
train/loss,41400.0,8.138490676879883
train/loss,41450.0,7.865954399108887
train/loss,41500.0,9.8607816696167
train/loss,41550.0,9.693201065063477
train/loss,41600.0,9.483046531677246
train/loss,41650.0,8.871245384216309
train/loss,41700.0,7.332734107971191
train/loss,41750.0,9.420794486999512
train/loss,41800.0,10.203511238098145
train/loss,41850.0,8.163042068481445
train/loss,41900.0,8.939697265625
train/loss,41950.0,8.658870697021484
train/loss,42000.0,8.025918006896973
train/loss,42050.0,9.335165023803711
train/loss,42100.0,9.155869483947754
train/loss,42150.0,8.30933952331543
train/loss,42200.0,8.40561294555664
train/loss,42250.0,8.63510799407959
train/loss,42300.0,9.34200382232666
train/loss,42350.0,8.786945343017578
train/loss,42400.0,8.454310417175293
train/loss,42450.0,8.764237403869629
train/loss,42500.0,9.990793228149414
train/loss,42550.0,8.794404983520508
train/loss,42600.0,10.439485549926758
train/loss,42650.0,9.470795631408691
train/loss,42700.0,9.793022155761719
train/loss,42750.0,8.969884872436523
train/loss,42800.0,7.800652503967285
train/loss,42850.0,7.4422783851623535
train/loss,42900.0,8.519058227539062
train/loss,42950.0,8.872676849365234
train/loss,43000.0,9.082803726196289
train/loss,43050.0,11.286734580993652
train/loss,43100.0,9.527722358703613
train/loss,43150.0,9.922438621520996
train/loss,43200.0,9.4470796585083
train/loss,43250.0,10.593570709228516
train/loss,43300.0,9.250149726867676
train/loss,43350.0,8.844249725341797
train/loss,43400.0,8.884458541870117
train/loss,43450.0,10.006922721862793
train/loss,43500.0,8.633011817932129
train/loss,43550.0,8.755510330200195
train/loss,43600.0,8.831764221191406
train/loss,43650.0,8.960742950439453
train/loss,43700.0,8.614706039428711
train/loss,43750.0,8.28109073638916
train/loss,43800.0,8.345865249633789
train/loss,43850.0,8.937054634094238
train/loss,43900.0,8.909088134765625
train/loss,43950.0,8.23741340637207
train/loss,44000.0,8.40550422668457
train/loss,44050.0,9.428646087646484
train/loss,44100.0,10.360668182373047
train/loss,44150.0,11.964969635009766
train/loss,44200.0,8.263961791992188
train/loss,44250.0,7.358065605163574
train/loss,44300.0,9.90579605102539
train/loss,44350.0,9.009564399719238
train/loss,44400.0,8.341846466064453
train/loss,44450.0,8.62700080871582
train/loss,44500.0,7.448838233947754
train/loss,44550.0,8.568446159362793
train/loss,44600.0,9.523674011230469
train/loss,44650.0,9.253012657165527
train/loss,44700.0,10.123635292053223
train/loss,44750.0,10.570408821105957
train/loss,44800.0,8.382978439331055
train/loss,44850.0,8.336684226989746
train/loss,44900.0,9.883223533630371
train/loss,44950.0,8.432710647583008
train/loss,45000.0,8.850111961364746
train/loss,45050.0,10.394261360168457
train/loss,45100.0,10.290042877197266
train/loss,45150.0,8.208364486694336
train/loss,45200.0,9.143109321594238
train/loss,45250.0,9.333045959472656
train/loss,45300.0,6.973588943481445
train/loss,45350.0,9.5142183303833
train/loss,45400.0,9.078015327453613
train/loss,45450.0,10.61218547821045
train/loss,45500.0,9.33203125
train/loss,45550.0,9.317239761352539
train/loss,45600.0,9.298401832580566
train/loss,45650.0,9.945845603942871
train/loss,45700.0,8.74134349822998
train/loss,45750.0,7.437713623046875
train/loss,45800.0,9.078994750976562
train/loss,45850.0,9.845804214477539
train/loss,45900.0,8.88560676574707
train/loss,45950.0,8.910624504089355
train/loss,46000.0,9.317158699035645
train/loss,46050.0,7.973345756530762
train/loss,46100.0,10.770066261291504
train/loss,46150.0,8.526652336120605
train/loss,46200.0,10.650556564331055
train/loss,46250.0,9.577229499816895
train/loss,46300.0,8.649953842163086
train/loss,46350.0,9.793968200683594
train/loss,46400.0,9.91103458404541
train/loss,46450.0,9.291463851928711
train/loss,46500.0,8.75423812866211
train/loss,46550.0,9.443611145019531
train/loss,46600.0,9.025619506835938
train/loss,46650.0,8.2174711227417
train/loss,46700.0,9.112969398498535
train/loss,46750.0,7.482882976531982
train/loss,46800.0,7.796564102172852
train/loss,46850.0,10.533980369567871
train/loss,46900.0,8.349505424499512
train/loss,46950.0,8.336443901062012
train/loss,47000.0,9.66436767578125
train/loss,47050.0,8.752029418945312
train/loss,47100.0,9.066807746887207
train/loss,47150.0,8.164254188537598
train/loss,47200.0,8.164806365966797
train/loss,47250.0,11.180412292480469
train/loss,47300.0,9.820671081542969
train/loss,47350.0,7.62666654586792
train/loss,47400.0,7.848125457763672
train/loss,47450.0,13.224348068237305
train/loss,47500.0,8.752641677856445
train/loss,47550.0,9.5679931640625
train/loss,47600.0,12.405729293823242
train/loss,47650.0,9.846951484680176
train/loss,47700.0,9.604479789733887
train/loss,47750.0,11.239891052246094
train/loss,47800.0,8.839231491088867
train/loss,47850.0,9.699054718017578
train/loss,47900.0,9.070152282714844
train/loss,47950.0,9.081101417541504
train/loss,48000.0,9.102917671203613
train/loss,48050.0,7.511613845825195
train/loss,48100.0,8.829401016235352
train/loss,48150.0,9.535719871520996
train/loss,48200.0,7.726470947265625
train/loss,48250.0,8.478145599365234
train/loss,48300.0,10.01150131225586
train/loss,48350.0,8.433938980102539
train/loss,48400.0,8.296819686889648
train/loss,48450.0,8.964520454406738
train/loss,48500.0,9.525294303894043
train/loss,48550.0,9.138201713562012
train/loss,48600.0,7.216556549072266
train/loss,48650.0,7.531084060668945
train/loss,48700.0,6.270162105560303
train/loss,48750.0,9.69902515411377
train/loss,48800.0,8.810114860534668
train/loss,48850.0,9.735011100769043
train/loss,48900.0,9.61789321899414
train/loss,48950.0,12.16987419128418
train/loss,49000.0,11.797708511352539
train/loss,49050.0,8.272988319396973
train/loss,49100.0,7.788339614868164
train/loss,49150.0,9.338787078857422
train/loss,49200.0,8.633636474609375
train/loss,49250.0,6.7528462409973145
train/loss,49300.0,9.969932556152344
train/loss,49350.0,9.090574264526367
train/loss,49400.0,8.230622291564941
train/loss,49450.0,7.961052894592285
train/loss,49500.0,8.639429092407227
train/loss,49550.0,9.179323196411133
train/loss,49600.0,7.5545430183410645
train/loss,49650.0,11.926105499267578
train/loss,49700.0,8.302202224731445
train/loss,49750.0,9.298662185668945
train/loss,49800.0,9.164186477661133
train/loss,49850.0,9.42715072631836
train/loss,49900.0,8.582686424255371
train/loss,49950.0,9.023024559020996
train/loss,50000.0,8.21488094329834
train/loss,50050.0,9.670842170715332
train/loss,50100.0,9.269750595092773
train/loss,50150.0,8.635116577148438
train/loss,50200.0,9.907882690429688
train/loss,50250.0,9.433450698852539
train/loss,50300.0,8.479927062988281
train/loss,50350.0,8.4419584274292
train/loss,50400.0,8.80223560333252
train/loss,50450.0,9.382269859313965
train/loss,50500.0,7.847635746002197
train/loss,50550.0,10.981067657470703
train/loss,50600.0,6.952785015106201
train/loss,50650.0,8.743002891540527
train/loss,50700.0,10.617302894592285
train/loss,50750.0,9.160568237304688
train/loss,50800.0,7.472803115844727
train/loss,50850.0,10.375397682189941
train/loss,50900.0,8.793303489685059
train/loss,50950.0,8.533602714538574
train/loss,51000.0,7.989624977111816
train/loss,51050.0,9.292789459228516
train/loss,51100.0,7.584043979644775
train/loss,51150.0,9.425137519836426
train/loss,51200.0,9.42369270324707
train/loss,51250.0,10.016422271728516
train/loss,51300.0,9.172880172729492
train/loss,51350.0,10.605981826782227
train/loss,51400.0,9.28671932220459
train/loss,51450.0,7.696932792663574
train/loss,51500.0,8.512457847595215
train/loss,51550.0,8.2738037109375
train/loss,51600.0,9.674235343933105
train/loss,51650.0,8.708815574645996
train/loss,51700.0,7.256359100341797
train/loss,51750.0,9.652395248413086
train/loss,51800.0,7.859531879425049
train/loss,51850.0,10.233500480651855
train/loss,51900.0,9.954145431518555
train/lpips,50.0,0.0
train/lpips,100.0,0.0
train/lpips,150.0,0.0
train/lpips,200.0,0.0
train/lpips,250.0,0.0
train/lpips,300.0,0.0
train/lpips,350.0,0.0
train/lpips,400.0,0.0
train/lpips,450.0,0.0
train/lpips,500.0,0.0
train/lpips,550.0,0.0
train/lpips,600.0,0.0
train/lpips,650.0,0.0
train/lpips,700.0,0.0
train/lpips,750.0,0.0
train/lpips,800.0,0.0
train/lpips,850.0,0.0
train/lpips,900.0,0.0
train/lpips,950.0,0.0
train/lpips,1000.0,0.0
train/lpips,1050.0,0.0
train/lpips,1100.0,0.0
train/lpips,1150.0,0.0
train/lpips,1200.0,0.0
train/lpips,1250.0,0.0
train/lpips,1300.0,0.0
train/lpips,1350.0,0.0
train/lpips,1400.0,0.0
train/lpips,1450.0,0.0
train/lpips,1500.0,0.0
train/lpips,1550.0,0.0
train/lpips,1600.0,0.0
train/lpips,1650.0,0.0
train/lpips,1700.0,0.0
train/lpips,1750.0,0.0
train/lpips,1800.0,0.0
train/lpips,1850.0,0.0
train/lpips,1900.0,0.0
train/lpips,1950.0,0.0
train/lpips,2000.0,0.0
train/lpips,2050.0,0.0
train/lpips,2100.0,0.0
train/lpips,2150.0,0.0
train/lpips,2200.0,0.0
train/lpips,2250.0,0.0
train/lpips,2300.0,0.0
train/lpips,2350.0,0.0
train/lpips,2400.0,0.0
train/lpips,2450.0,0.0
train/lpips,2500.0,0.0
train/lpips,2550.0,0.0
train/lpips,2600.0,0.0
train/lpips,2650.0,0.0
train/lpips,2700.0,0.0
train/lpips,2750.0,0.0
train/lpips,2800.0,0.0
train/lpips,2850.0,0.0
train/lpips,2900.0,0.0
train/lpips,2950.0,0.0
train/lpips,3000.0,0.0
train/lpips,3050.0,0.0
train/lpips,3100.0,0.0
train/lpips,3150.0,0.0
train/lpips,3200.0,0.0
train/lpips,3250.0,0.0
train/lpips,3300.0,0.0
train/lpips,3350.0,0.0
train/lpips,3400.0,0.0
train/lpips,3450.0,0.0
train/lpips,3500.0,0.0
train/lpips,3550.0,0.0
train/lpips,3600.0,0.0
train/lpips,3650.0,0.0
train/lpips,3700.0,0.0
train/lpips,3750.0,0.0
train/lpips,3800.0,0.0
train/lpips,3850.0,0.0
train/lpips,3900.0,0.0
train/lpips,3950.0,0.0
train/lpips,4000.0,0.0
train/lpips,4050.0,0.0
train/lpips,4100.0,0.0
train/lpips,4150.0,0.0
train/lpips,4200.0,0.0
train/lpips,4250.0,0.0
train/lpips,4300.0,0.0
train/lpips,4350.0,0.0
train/lpips,4400.0,0.0
train/lpips,4450.0,0.0
train/lpips,4500.0,0.0
train/lpips,4550.0,0.0
train/lpips,4600.0,0.0
train/lpips,4650.0,0.0
train/lpips,4700.0,0.0
train/lpips,4750.0,0.0
train/lpips,4800.0,0.0
train/lpips,4850.0,0.0
train/lpips,4900.0,0.0
train/lpips,4950.0,0.0
train/lpips,5000.0,0.0
train/lpips,5050.0,0.0
train/lpips,5100.0,0.0
train/lpips,5150.0,0.0
train/lpips,5200.0,0.0
train/lpips,5250.0,0.0
train/lpips,5300.0,0.0
train/lpips,5350.0,0.0
train/lpips,5400.0,0.0
train/lpips,5450.0,0.0
train/lpips,5500.0,0.0
train/lpips,5550.0,0.0
train/lpips,5600.0,0.0
train/lpips,5650.0,0.0
train/lpips,5700.0,0.0
train/lpips,5750.0,0.0
train/lpips,5800.0,0.0
train/lpips,5850.0,0.0
train/lpips,5900.0,0.0
train/lpips,5950.0,0.0
train/lpips,6000.0,0.0
train/lpips,6050.0,0.0
train/lpips,6100.0,0.0
train/lpips,6150.0,0.0
train/lpips,6200.0,0.0
train/lpips,6250.0,0.0
train/lpips,6300.0,0.0
train/lpips,6350.0,0.0
train/lpips,6400.0,0.0
train/lpips,6450.0,0.0
train/lpips,6500.0,0.0
train/lpips,6550.0,0.0
train/lpips,6600.0,0.0
train/lpips,6650.0,0.0
train/lpips,6700.0,0.0
train/lpips,6750.0,0.0
train/lpips,6800.0,0.0
train/lpips,6850.0,0.0
train/lpips,6900.0,0.0
train/lpips,6950.0,0.0
train/lpips,7000.0,0.0
train/lpips,7050.0,0.0
train/lpips,7100.0,0.0
train/lpips,7150.0,0.0
train/lpips,7200.0,0.0
train/lpips,7250.0,0.0
train/lpips,7300.0,0.0
train/lpips,7350.0,0.0
train/lpips,7400.0,0.0
train/lpips,7450.0,0.0
train/lpips,7500.0,0.0
train/lpips,7550.0,0.0
train/lpips,7600.0,0.0
train/lpips,7650.0,0.0
train/lpips,7700.0,0.0
train/lpips,7750.0,0.0
train/lpips,7800.0,0.0
train/lpips,7850.0,0.0
train/lpips,7900.0,0.0
train/lpips,7950.0,0.0
train/lpips,8000.0,0.0
train/lpips,8050.0,0.0
train/lpips,8100.0,0.0
train/lpips,8150.0,0.0
train/lpips,8200.0,0.0
train/lpips,8250.0,0.0
train/lpips,8300.0,0.0
train/lpips,8350.0,0.0
train/lpips,8400.0,0.0
train/lpips,8450.0,0.0
train/lpips,8500.0,0.0
train/lpips,8550.0,0.0
train/lpips,8600.0,0.0
train/lpips,8650.0,0.0
train/lpips,8700.0,0.0
train/lpips,8750.0,0.0
train/lpips,8800.0,0.0
train/lpips,8850.0,0.0
train/lpips,8900.0,0.0
train/lpips,8950.0,0.0
train/lpips,9000.0,0.0
train/lpips,9050.0,0.0
train/lpips,9100.0,0.0
train/lpips,9150.0,0.0
train/lpips,9200.0,0.0
train/lpips,9250.0,0.0
train/lpips,9300.0,0.0
train/lpips,9350.0,0.0
train/lpips,9400.0,0.0
train/lpips,9450.0,0.0
train/lpips,9500.0,0.0
train/lpips,9550.0,0.0
train/lpips,9600.0,0.0
train/lpips,9650.0,0.0
train/lpips,9700.0,0.0
train/lpips,9750.0,0.0
train/lpips,9800.0,0.0
train/lpips,9850.0,0.0
train/lpips,9900.0,0.0
train/lpips,9950.0,0.0
train/lpips,10000.0,0.0
train/lpips,10050.0,0.0
train/lpips,10100.0,0.0
train/lpips,10150.0,0.0
train/lpips,10200.0,0.0
train/lpips,10250.0,0.0
train/lpips,10300.0,0.0
train/lpips,10350.0,0.0
train/lpips,10400.0,0.0
train/lpips,10450.0,0.0
train/lpips,10500.0,0.0
train/lpips,10550.0,0.0
train/lpips,10600.0,0.0
train/lpips,10650.0,0.0
train/lpips,10700.0,0.0
train/lpips,10750.0,0.0
train/lpips,10800.0,0.0
train/lpips,10850.0,0.0
train/lpips,10900.0,0.0
train/lpips,10950.0,0.0
train/lpips,11000.0,0.0
train/lpips,11050.0,0.0
train/lpips,11100.0,0.0
train/lpips,11150.0,0.0
train/lpips,11200.0,0.0
train/lpips,11250.0,0.0
train/lpips,11300.0,0.0
train/lpips,11350.0,0.0
train/lpips,11400.0,0.0
train/lpips,11450.0,0.0
train/lpips,11500.0,0.0
train/lpips,11550.0,0.0
train/lpips,11600.0,0.0
train/lpips,11650.0,0.0
train/lpips,11700.0,0.0
train/lpips,11750.0,0.0
train/lpips,11800.0,0.0
train/lpips,11850.0,0.0
train/lpips,11900.0,0.0
train/lpips,11950.0,0.0
train/lpips,12000.0,0.0
train/lpips,12050.0,0.0
train/lpips,12100.0,0.0
train/lpips,12150.0,0.0
train/lpips,12200.0,0.0
train/lpips,12250.0,0.0
train/lpips,12300.0,0.0
train/lpips,12350.0,0.0
train/lpips,12400.0,0.0
train/lpips,12450.0,0.0
train/lpips,12500.0,0.0
train/lpips,12550.0,0.0
train/lpips,12600.0,0.0
train/lpips,12650.0,0.0
train/lpips,12700.0,0.0
train/lpips,12750.0,0.0
train/lpips,12800.0,0.0
train/lpips,12850.0,0.0
train/lpips,12900.0,0.0
train/lpips,12950.0,0.0
train/lpips,13000.0,0.0
train/lpips,13050.0,0.0
train/lpips,13100.0,0.0
train/lpips,13150.0,0.0
train/lpips,13200.0,0.0
train/lpips,13250.0,0.0
train/lpips,13300.0,0.0
train/lpips,13350.0,0.0
train/lpips,13400.0,0.0
train/lpips,13450.0,0.0
train/lpips,13500.0,0.0
train/lpips,13550.0,0.0
train/lpips,13600.0,0.0
train/lpips,13650.0,0.0
train/lpips,13700.0,0.0
train/lpips,13750.0,0.0
train/lpips,13800.0,0.0
train/lpips,13850.0,0.0
train/lpips,13900.0,0.0
train/lpips,13950.0,0.0
train/lpips,14000.0,0.0
train/lpips,14050.0,0.0
train/lpips,14100.0,0.0
train/lpips,14150.0,0.0
train/lpips,14200.0,0.0
train/lpips,14250.0,0.0
train/lpips,14300.0,0.0
train/lpips,14350.0,0.0
train/lpips,14400.0,0.0
train/lpips,14450.0,0.0
train/lpips,14500.0,0.0
train/lpips,14550.0,0.0
train/lpips,14600.0,0.0
train/lpips,14650.0,0.0
train/lpips,14700.0,0.0
train/lpips,14750.0,0.0
train/lpips,14800.0,0.0
train/lpips,14850.0,0.0
train/lpips,14900.0,0.0
train/lpips,14950.0,0.0
train/lpips,15000.0,0.0
train/lpips,15050.0,0.0
train/lpips,15100.0,0.0
train/lpips,15150.0,0.0
train/lpips,15200.0,0.0
train/lpips,15250.0,0.0
train/lpips,15300.0,0.0
train/lpips,15350.0,0.0
train/lpips,15400.0,0.0
train/lpips,15450.0,0.0
train/lpips,15500.0,0.0
train/lpips,15550.0,0.0
train/lpips,15600.0,0.0
train/lpips,15650.0,0.0
train/lpips,15700.0,0.0
train/lpips,15750.0,0.0
train/lpips,15800.0,0.0
train/lpips,15850.0,0.0
train/lpips,15900.0,0.0
train/lpips,15950.0,0.0
train/lpips,16000.0,0.0
train/lpips,16050.0,0.0
train/lpips,16100.0,0.0
train/lpips,16150.0,0.0
train/lpips,16200.0,0.0
train/lpips,16250.0,0.0
train/lpips,16300.0,0.0
train/lpips,16350.0,0.0
train/lpips,16400.0,0.0
train/lpips,16450.0,0.0
train/lpips,16500.0,0.0
train/lpips,16550.0,0.0
train/lpips,16600.0,0.0
train/lpips,16650.0,0.0
train/lpips,16700.0,0.0
train/lpips,16750.0,0.0
train/lpips,16800.0,0.0
train/lpips,16850.0,0.0
train/lpips,16900.0,0.0
train/lpips,16950.0,0.0
train/lpips,17000.0,0.0
train/lpips,17050.0,0.0
train/lpips,17100.0,0.0
train/lpips,17150.0,0.0
train/lpips,17200.0,0.0
train/lpips,17250.0,0.0
train/lpips,17300.0,0.0
train/lpips,17350.0,0.0
train/lpips,17400.0,0.0
train/lpips,17450.0,0.0
train/lpips,17500.0,0.0
train/lpips,17550.0,0.0
train/lpips,17600.0,0.0
train/lpips,17650.0,0.0
train/lpips,17700.0,0.0
train/lpips,17750.0,0.0
train/lpips,17800.0,0.0
train/lpips,17850.0,0.0
train/lpips,17900.0,0.0
train/lpips,17950.0,0.0
train/lpips,18000.0,0.0
train/lpips,18050.0,0.0
train/lpips,18100.0,0.0
train/lpips,18150.0,0.0
train/lpips,18200.0,0.0
train/lpips,18250.0,0.0
train/lpips,18300.0,0.0
train/lpips,18350.0,0.0
train/lpips,18400.0,0.0
train/lpips,18450.0,0.0
train/lpips,18500.0,0.0
train/lpips,18550.0,0.0
train/lpips,18600.0,0.0
train/lpips,18650.0,0.0
train/lpips,18700.0,0.0
train/lpips,18750.0,0.0
train/lpips,18800.0,0.0
train/lpips,18850.0,0.0
train/lpips,18900.0,0.0
train/lpips,18950.0,0.0
train/lpips,19000.0,0.0
train/lpips,19050.0,0.0
train/lpips,19100.0,0.0
train/lpips,19150.0,0.0
train/lpips,19200.0,0.0
train/lpips,19250.0,0.0
train/lpips,19300.0,0.0
train/lpips,19350.0,0.0
train/lpips,19400.0,0.0
train/lpips,19450.0,0.0
train/lpips,19500.0,0.0
train/lpips,19550.0,0.0
train/lpips,19600.0,0.0
train/lpips,19650.0,0.0
train/lpips,19700.0,0.0
train/lpips,19750.0,0.0
train/lpips,19800.0,0.0
train/lpips,19850.0,0.0
train/lpips,19900.0,0.0
train/lpips,19950.0,0.0
train/lpips,20000.0,0.0
train/lpips,20050.0,0.0
train/lpips,20100.0,0.0
train/lpips,20150.0,0.0
train/lpips,20200.0,0.0
train/lpips,20250.0,0.0
train/lpips,20300.0,0.0
train/lpips,20350.0,0.0
train/lpips,20400.0,0.0
train/lpips,20450.0,0.0
train/lpips,20500.0,0.0
train/lpips,20550.0,0.0
train/lpips,20600.0,0.0
train/lpips,20650.0,0.0
train/lpips,20700.0,0.0
train/lpips,20750.0,0.0
train/lpips,20800.0,0.0
train/lpips,20850.0,0.0
train/lpips,20900.0,0.0
train/lpips,20950.0,0.0
train/lpips,21000.0,0.0
train/lpips,21050.0,0.0
train/lpips,21100.0,0.0
train/lpips,21150.0,0.0
train/lpips,21200.0,0.0
train/lpips,21250.0,0.0
train/lpips,21300.0,0.0
train/lpips,21350.0,0.0
train/lpips,21400.0,0.0
train/lpips,21450.0,0.0
train/lpips,21500.0,0.0
train/lpips,21550.0,0.0
train/lpips,21600.0,0.0
train/lpips,21650.0,0.0
train/lpips,21700.0,0.0
train/lpips,21750.0,0.0
train/lpips,21800.0,0.0
train/lpips,21850.0,0.0
train/lpips,21900.0,0.0
train/lpips,21950.0,0.0
train/lpips,22000.0,0.0
train/lpips,22050.0,0.0
train/lpips,22100.0,0.0
train/lpips,22150.0,0.0
train/lpips,22200.0,0.0
train/lpips,22250.0,0.0
train/lpips,22300.0,0.0
train/lpips,22350.0,0.0
train/lpips,22400.0,0.0
train/lpips,22450.0,0.0
train/lpips,22500.0,0.0
train/lpips,22550.0,0.0
train/lpips,22600.0,0.0
train/lpips,22650.0,0.0
train/lpips,22700.0,0.0
train/lpips,22750.0,0.0
train/lpips,22800.0,0.0
train/lpips,22850.0,0.0
train/lpips,22900.0,0.0
train/lpips,22950.0,0.0
train/lpips,23000.0,0.0
train/lpips,23050.0,0.0
train/lpips,23100.0,0.0
train/lpips,23150.0,0.0
train/lpips,23200.0,0.0
train/lpips,23250.0,0.0
train/lpips,23300.0,0.0
train/lpips,23350.0,0.0
train/lpips,23400.0,0.0
train/lpips,23450.0,0.0
train/lpips,23500.0,0.0
train/lpips,23550.0,0.0
train/lpips,23600.0,0.0
train/lpips,23650.0,0.0
train/lpips,23700.0,0.0
train/lpips,23750.0,0.0
train/lpips,23800.0,0.0
train/lpips,23850.0,0.0
train/lpips,23900.0,0.0
train/lpips,23950.0,0.0
train/lpips,24000.0,0.0
train/lpips,24050.0,0.0
train/lpips,24100.0,0.0
train/lpips,24150.0,0.0
train/lpips,24200.0,0.0
train/lpips,24250.0,0.0
train/lpips,24300.0,0.0
train/lpips,24350.0,0.0
train/lpips,24400.0,0.0
train/lpips,24450.0,0.0
train/lpips,24500.0,0.0
train/lpips,24550.0,0.0
train/lpips,24600.0,0.0
train/lpips,24650.0,0.0
train/lpips,24700.0,0.0
train/lpips,24750.0,0.0
train/lpips,24800.0,0.0
train/lpips,24850.0,0.0
train/lpips,24900.0,0.0
train/lpips,24950.0,0.0
train/lpips,25000.0,0.0
train/lpips,25050.0,0.0
train/lpips,25100.0,0.0
train/lpips,25150.0,0.0
train/lpips,25200.0,0.0
train/lpips,25250.0,0.0
train/lpips,25300.0,0.0
train/lpips,25350.0,0.0
train/lpips,25400.0,0.0
train/lpips,25450.0,0.0
train/lpips,25500.0,0.0
train/lpips,25550.0,0.0
train/lpips,25600.0,0.0
train/lpips,25650.0,0.0
train/lpips,25700.0,0.0
train/lpips,25750.0,0.0
train/lpips,25800.0,0.0
train/lpips,25850.0,0.0
train/lpips,25900.0,0.0
train/lpips,25950.0,0.0
train/lpips,26000.0,0.0
train/lpips,26050.0,0.0
train/lpips,26100.0,0.0
train/lpips,26150.0,0.0
train/lpips,26200.0,0.0
train/lpips,26250.0,0.0
train/lpips,26300.0,0.0
train/lpips,26350.0,0.0
train/lpips,26400.0,0.0
train/lpips,26450.0,0.0
train/lpips,26500.0,0.0
train/lpips,26550.0,0.0
train/lpips,26600.0,0.0
train/lpips,26650.0,0.0
train/lpips,26700.0,0.0
train/lpips,26750.0,0.0
train/lpips,26800.0,0.0
train/lpips,26850.0,0.0
train/lpips,26900.0,0.0
train/lpips,26950.0,0.0
train/lpips,27000.0,0.0
train/lpips,27050.0,0.0
train/lpips,27100.0,0.0
train/lpips,27150.0,0.0
train/lpips,27200.0,0.0
train/lpips,27250.0,0.0
train/lpips,27300.0,0.0
train/lpips,27350.0,0.0
train/lpips,27400.0,0.0
train/lpips,27450.0,0.0
train/lpips,27500.0,0.0
train/lpips,27550.0,0.0
train/lpips,27600.0,0.0
train/lpips,27650.0,0.0
train/lpips,27700.0,0.0
train/lpips,27750.0,0.0
train/lpips,27800.0,0.0
train/lpips,27850.0,0.0
train/lpips,27900.0,0.0
train/lpips,27950.0,0.0
train/lpips,28000.0,0.0
train/lpips,28050.0,0.0
train/lpips,28100.0,0.0
train/lpips,28150.0,0.0
train/lpips,28200.0,0.0
train/lpips,28250.0,0.0
train/lpips,28300.0,0.0
train/lpips,28350.0,0.0
train/lpips,28400.0,0.0
train/lpips,28450.0,0.0
train/lpips,28500.0,0.0
train/lpips,28550.0,0.0
train/lpips,28600.0,0.0
train/lpips,28650.0,0.0
train/lpips,28700.0,0.0
train/lpips,28750.0,0.0
train/lpips,28800.0,0.0
train/lpips,28850.0,0.0
train/lpips,28900.0,0.0
train/lpips,28950.0,0.0
train/lpips,29000.0,0.0
train/lpips,29050.0,0.0
train/lpips,29100.0,0.0
train/lpips,29150.0,0.0
train/lpips,29200.0,0.0
train/lpips,29250.0,0.0
train/lpips,29300.0,0.0
train/lpips,29350.0,0.0
train/lpips,29400.0,0.0
train/lpips,29450.0,0.0
train/lpips,29500.0,0.0
train/lpips,29550.0,0.0
train/lpips,29600.0,0.0
train/lpips,29650.0,0.0
train/lpips,29700.0,0.0
train/lpips,29750.0,0.0
train/lpips,29800.0,0.0
train/lpips,29850.0,0.0
train/lpips,29900.0,0.0
train/lpips,29950.0,0.0
train/lpips,30000.0,0.0
train/lpips,30050.0,0.0
train/lpips,30100.0,0.0
train/lpips,30150.0,0.0
train/lpips,30200.0,0.0
train/lpips,30250.0,0.0
train/lpips,30300.0,0.0
train/lpips,30350.0,0.0
train/lpips,30400.0,0.0
train/lpips,30450.0,0.0
train/lpips,30500.0,0.0
train/lpips,30550.0,0.0
train/lpips,30600.0,0.0
train/lpips,30650.0,0.0
train/lpips,30700.0,0.0
train/lpips,30750.0,0.0
train/lpips,30800.0,0.0
train/lpips,30850.0,0.0
train/lpips,30900.0,0.0
train/lpips,30950.0,0.0
train/lpips,31000.0,0.0
train/lpips,31050.0,0.0
train/lpips,31100.0,0.0
train/lpips,31150.0,0.0
train/lpips,31200.0,0.0
train/lpips,31250.0,0.0
train/lpips,31300.0,0.0
train/lpips,31350.0,0.0
train/lpips,31400.0,0.0
train/lpips,31450.0,0.0
train/lpips,31500.0,0.0
train/lpips,31550.0,0.0
train/lpips,31600.0,0.0
train/lpips,31650.0,0.0
train/lpips,31700.0,0.0
train/lpips,31750.0,0.0
train/lpips,31800.0,0.0
train/lpips,31850.0,0.0
train/lpips,31900.0,0.0
train/lpips,31950.0,0.0
train/lpips,32000.0,0.0
train/lpips,32050.0,0.0
train/lpips,32100.0,0.0
train/lpips,32150.0,0.0
train/lpips,32200.0,0.0
train/lpips,32250.0,0.0
train/lpips,32300.0,0.0
train/lpips,32350.0,0.0
train/lpips,32400.0,0.0
train/lpips,32450.0,0.0
train/lpips,32500.0,0.0
train/lpips,32550.0,0.0
train/lpips,32600.0,0.0
train/lpips,32650.0,0.0
train/lpips,32700.0,0.0
train/lpips,32750.0,0.0
train/lpips,32800.0,0.0
train/lpips,32850.0,0.0
train/lpips,32900.0,0.0
train/lpips,32950.0,0.0
train/lpips,33000.0,0.0
train/lpips,33050.0,0.0
train/lpips,33100.0,0.0
train/lpips,33150.0,0.0
train/lpips,33200.0,0.0
train/lpips,33250.0,0.0
train/lpips,33300.0,0.0
train/lpips,33350.0,0.0
train/lpips,33400.0,0.0
train/lpips,33450.0,0.0
train/lpips,33500.0,0.0
train/lpips,33550.0,0.0
train/lpips,33600.0,0.0
train/lpips,33650.0,0.0
train/lpips,33700.0,0.0
train/lpips,33750.0,0.0
train/lpips,33800.0,0.0
train/lpips,33850.0,0.0
train/lpips,33900.0,0.0
train/lpips,33950.0,0.0
train/lpips,34000.0,0.0
train/lpips,34050.0,0.0
train/lpips,34100.0,0.0
train/lpips,34150.0,0.0
train/lpips,34200.0,0.0
train/lpips,34250.0,0.0
train/lpips,34300.0,0.0
train/lpips,34350.0,0.0
train/lpips,34400.0,0.0
train/lpips,34450.0,0.0
train/lpips,34500.0,0.0
train/lpips,34550.0,0.0
train/lpips,34600.0,0.0
train/lpips,34650.0,0.0
train/lpips,34700.0,0.0
train/lpips,34750.0,0.0
train/lpips,34800.0,0.0
train/lpips,34850.0,0.0
train/lpips,34900.0,0.0
train/lpips,34950.0,0.0
train/lpips,35000.0,0.0
train/lpips,35050.0,0.0
train/lpips,35100.0,0.0
train/lpips,35150.0,0.0
train/lpips,35200.0,0.0
train/lpips,35250.0,0.0
train/lpips,35300.0,0.0
train/lpips,35350.0,0.0
train/lpips,35400.0,0.0
train/lpips,35450.0,0.0
train/lpips,35500.0,0.0
train/lpips,35550.0,0.0
train/lpips,35600.0,0.0
train/lpips,35650.0,0.0
train/lpips,35700.0,0.0
train/lpips,35750.0,0.0
train/lpips,35800.0,0.0
train/lpips,35850.0,0.0
train/lpips,35900.0,0.0
train/lpips,35950.0,0.0
train/lpips,36000.0,0.0
train/lpips,36050.0,0.0
train/lpips,36100.0,0.0
train/lpips,36150.0,0.0
train/lpips,36200.0,0.0
train/lpips,36250.0,0.0
train/lpips,36300.0,0.0
train/lpips,36350.0,0.0
train/lpips,36400.0,0.0
train/lpips,36450.0,0.0
train/lpips,36500.0,0.0
train/lpips,36550.0,0.0
train/lpips,36600.0,0.0
train/lpips,36650.0,0.0
train/lpips,36700.0,0.0
train/lpips,36750.0,0.0
train/lpips,36800.0,0.0
train/lpips,36850.0,0.0
train/lpips,36900.0,0.0
train/lpips,36950.0,0.0
train/lpips,37000.0,0.0
train/lpips,37050.0,0.0
train/lpips,37100.0,0.0
train/lpips,37150.0,0.0
train/lpips,37200.0,0.0
train/lpips,37250.0,0.0
train/lpips,37300.0,0.0
train/lpips,37350.0,0.0
train/lpips,37400.0,0.0
train/lpips,37450.0,0.0
train/lpips,37500.0,0.0
train/lpips,37550.0,0.0
train/lpips,37600.0,0.0
train/lpips,37650.0,0.0
train/lpips,37700.0,0.0
train/lpips,37750.0,0.0
train/lpips,37800.0,0.0
train/lpips,37850.0,0.0
train/lpips,37900.0,0.0
train/lpips,37950.0,0.0
train/lpips,38000.0,0.0
train/lpips,38050.0,0.0
train/lpips,38100.0,0.0
train/lpips,38150.0,0.0
train/lpips,38200.0,0.0
train/lpips,38250.0,0.0
train/lpips,38300.0,0.0
train/lpips,38350.0,0.0
train/lpips,38400.0,0.0
train/lpips,38450.0,0.0
train/lpips,38500.0,0.0
train/lpips,38550.0,0.0
train/lpips,38600.0,0.0
train/lpips,38650.0,0.0
train/lpips,38700.0,0.0
train/lpips,38750.0,0.0
train/lpips,38800.0,0.0
train/lpips,38850.0,0.0
train/lpips,38900.0,0.0
train/lpips,38950.0,0.0
train/lpips,39000.0,0.0
train/lpips,39050.0,0.0
train/lpips,39100.0,0.0
train/lpips,39150.0,0.0
train/lpips,39200.0,0.0
train/lpips,39250.0,0.0
train/lpips,39300.0,0.0
train/lpips,39350.0,0.0
train/lpips,39400.0,0.0
train/lpips,39450.0,0.0
train/lpips,39500.0,0.0
train/lpips,39550.0,0.0
train/lpips,39600.0,0.0
train/lpips,39650.0,0.0
train/lpips,39700.0,0.0
train/lpips,39750.0,0.0
train/lpips,39800.0,0.0
train/lpips,39850.0,0.0
train/lpips,39900.0,0.0
train/lpips,39950.0,0.0
train/lpips,40000.0,0.0
train/lpips,40050.0,0.0
train/lpips,40100.0,0.0
train/lpips,40150.0,0.0
train/lpips,40200.0,0.0
train/lpips,40250.0,0.0
train/lpips,40300.0,0.0
train/lpips,40350.0,0.0
train/lpips,40400.0,0.0
train/lpips,40450.0,0.0
train/lpips,40500.0,0.0
train/lpips,40550.0,0.0
train/lpips,40600.0,0.0
train/lpips,40650.0,0.0
train/lpips,40700.0,0.0
train/lpips,40750.0,0.0
train/lpips,40800.0,0.0
train/lpips,40850.0,0.0
train/lpips,40900.0,0.0
train/lpips,40950.0,0.0
train/lpips,41000.0,0.0
train/lpips,41050.0,0.0
train/lpips,41100.0,0.0
train/lpips,41150.0,0.0
train/lpips,41200.0,0.0
train/lpips,41250.0,0.0
train/lpips,41300.0,0.0
train/lpips,41350.0,0.0
train/lpips,41400.0,0.0
train/lpips,41450.0,0.0
train/lpips,41500.0,0.0
train/lpips,41550.0,0.0
train/lpips,41600.0,0.0
train/lpips,41650.0,0.0
train/lpips,41700.0,0.0
train/lpips,41750.0,0.0
train/lpips,41800.0,0.0
train/lpips,41850.0,0.0
train/lpips,41900.0,0.0
train/lpips,41950.0,0.0
train/lpips,42000.0,0.0
train/lpips,42050.0,0.0
train/lpips,42100.0,0.0
train/lpips,42150.0,0.0
train/lpips,42200.0,0.0
train/lpips,42250.0,0.0
train/lpips,42300.0,0.0
train/lpips,42350.0,0.0
train/lpips,42400.0,0.0
train/lpips,42450.0,0.0
train/lpips,42500.0,0.0
train/lpips,42550.0,0.0
train/lpips,42600.0,0.0
train/lpips,42650.0,0.0
train/lpips,42700.0,0.0
train/lpips,42750.0,0.0
train/lpips,42800.0,0.0
train/lpips,42850.0,0.0
train/lpips,42900.0,0.0
train/lpips,42950.0,0.0
train/lpips,43000.0,0.0
train/lpips,43050.0,0.0
train/lpips,43100.0,0.0
train/lpips,43150.0,0.0
train/lpips,43200.0,0.0
train/lpips,43250.0,0.0
train/lpips,43300.0,0.0
train/lpips,43350.0,0.0
train/lpips,43400.0,0.0
train/lpips,43450.0,0.0
train/lpips,43500.0,0.0
train/lpips,43550.0,0.0
train/lpips,43600.0,0.0
train/lpips,43650.0,0.0
train/lpips,43700.0,0.0
train/lpips,43750.0,0.0
train/lpips,43800.0,0.0
train/lpips,43850.0,0.0
train/lpips,43900.0,0.0
train/lpips,43950.0,0.0
train/lpips,44000.0,0.0
train/lpips,44050.0,0.0
train/lpips,44100.0,0.0
train/lpips,44150.0,0.0
train/lpips,44200.0,0.0
train/lpips,44250.0,0.0
train/lpips,44300.0,0.0
train/lpips,44350.0,0.0
train/lpips,44400.0,0.0
train/lpips,44450.0,0.0
train/lpips,44500.0,0.0
train/lpips,44550.0,0.0
train/lpips,44600.0,0.0
train/lpips,44650.0,0.0
train/lpips,44700.0,0.0
train/lpips,44750.0,0.0
train/lpips,44800.0,0.0
train/lpips,44850.0,0.0
train/lpips,44900.0,0.0
train/lpips,44950.0,0.0
train/lpips,45000.0,0.0
train/lpips,45050.0,0.0
train/lpips,45100.0,0.0
train/lpips,45150.0,0.0
train/lpips,45200.0,0.0
train/lpips,45250.0,0.0
train/lpips,45300.0,0.0
train/lpips,45350.0,0.0
train/lpips,45400.0,0.0
train/lpips,45450.0,0.0
train/lpips,45500.0,0.0
train/lpips,45550.0,0.0
train/lpips,45600.0,0.0
train/lpips,45650.0,0.0
train/lpips,45700.0,0.0
train/lpips,45750.0,0.0
train/lpips,45800.0,0.0
train/lpips,45850.0,0.0
train/lpips,45900.0,0.0
train/lpips,45950.0,0.0
train/lpips,46000.0,0.0
train/lpips,46050.0,0.0
train/lpips,46100.0,0.0
train/lpips,46150.0,0.0
train/lpips,46200.0,0.0
train/lpips,46250.0,0.0
train/lpips,46300.0,0.0
train/lpips,46350.0,0.0
train/lpips,46400.0,0.0
train/lpips,46450.0,0.0
train/lpips,46500.0,0.0
train/lpips,46550.0,0.0
train/lpips,46600.0,0.0
train/lpips,46650.0,0.0
train/lpips,46700.0,0.0
train/lpips,46750.0,0.0
train/lpips,46800.0,0.0
train/lpips,46850.0,0.0
train/lpips,46900.0,0.0
train/lpips,46950.0,0.0
train/lpips,47000.0,0.0
train/lpips,47050.0,0.0
train/lpips,47100.0,0.0
train/lpips,47150.0,0.0
train/lpips,47200.0,0.0
train/lpips,47250.0,0.0
train/lpips,47300.0,0.0
train/lpips,47350.0,0.0
train/lpips,47400.0,0.0
train/lpips,47450.0,0.0
train/lpips,47500.0,0.0
train/lpips,47550.0,0.0
train/lpips,47600.0,0.0
train/lpips,47650.0,0.0
train/lpips,47700.0,0.0
train/lpips,47750.0,0.0
train/lpips,47800.0,0.0
train/lpips,47850.0,0.0
train/lpips,47900.0,0.0
train/lpips,47950.0,0.0
train/lpips,48000.0,0.0
train/lpips,48050.0,0.0
train/lpips,48100.0,0.0
train/lpips,48150.0,0.0
train/lpips,48200.0,0.0
train/lpips,48250.0,0.0
train/lpips,48300.0,0.0
train/lpips,48350.0,0.0
train/lpips,48400.0,0.0
train/lpips,48450.0,0.0
train/lpips,48500.0,0.0
train/lpips,48550.0,0.0
train/lpips,48600.0,0.0
train/lpips,48650.0,0.0
train/lpips,48700.0,0.0
train/lpips,48750.0,0.0
train/lpips,48800.0,0.0
train/lpips,48850.0,0.0
train/lpips,48900.0,0.0
train/lpips,48950.0,0.0
train/lpips,49000.0,0.0
train/lpips,49050.0,0.0
train/lpips,49100.0,0.0
train/lpips,49150.0,0.0
train/lpips,49200.0,0.0
train/lpips,49250.0,0.0
train/lpips,49300.0,0.0
train/lpips,49350.0,0.0
train/lpips,49400.0,0.0
train/lpips,49450.0,0.0
train/lpips,49500.0,0.0
train/lpips,49550.0,0.0
train/lpips,49600.0,0.0
train/lpips,49650.0,0.0
train/lpips,49700.0,0.0
train/lpips,49750.0,0.0
train/lpips,49800.0,0.0
train/lpips,49850.0,0.0
train/lpips,49900.0,0.0
train/lpips,49950.0,0.0
train/lpips,50000.0,0.0
train/lpips,50050.0,0.0
train/lpips,50100.0,0.0
train/lpips,50150.0,0.0
train/lpips,50200.0,0.0
train/lpips,50250.0,0.0
train/lpips,50300.0,0.0
train/lpips,50350.0,0.0
train/lpips,50400.0,0.0
train/lpips,50450.0,0.0
train/lpips,50500.0,0.0
train/lpips,50550.0,0.0
train/lpips,50600.0,0.0
train/lpips,50650.0,0.0
train/lpips,50700.0,0.0
train/lpips,50750.0,0.0
train/lpips,50800.0,0.0
train/lpips,50850.0,0.0
train/lpips,50900.0,0.0
train/lpips,50950.0,0.0
train/lpips,51000.0,0.0
train/lpips,51050.0,0.0
train/lpips,51100.0,0.0
train/lpips,51150.0,0.0
train/lpips,51200.0,0.0
train/lpips,51250.0,0.0
train/lpips,51300.0,0.0
train/lpips,51350.0,0.0
train/lpips,51400.0,0.0
train/lpips,51450.0,0.0
train/lpips,51500.0,0.0
train/lpips,51550.0,0.0
train/lpips,51600.0,0.0
train/lpips,51650.0,0.0
train/lpips,51700.0,0.0
train/lpips,51750.0,0.0
train/lpips,51800.0,0.0
train/lpips,51850.0,0.0
train/lpips,51900.0,0.0
train/pyramid_l1,50.0,0.15746277570724487
train/pyramid_l1,100.0,0.15322771668434143
train/pyramid_l1,150.0,0.11939637362957001
train/pyramid_l1,200.0,0.13228335976600647
train/pyramid_l1,250.0,0.14537346363067627
train/pyramid_l1,300.0,0.1508062481880188
train/pyramid_l1,350.0,0.13878962397575378
train/pyramid_l1,400.0,0.12653933465480804
train/pyramid_l1,450.0,0.141889750957489
train/pyramid_l1,500.0,0.14177611470222473
train/pyramid_l1,550.0,0.14455869793891907
train/pyramid_l1,600.0,0.12095936387777328
train/pyramid_l1,650.0,0.14740493893623352
train/pyramid_l1,700.0,0.1218128502368927
train/pyramid_l1,750.0,0.1669158935546875
train/pyramid_l1,800.0,0.1215864047408104
train/pyramid_l1,850.0,0.17339877784252167
train/pyramid_l1,900.0,0.1411438286304474
train/pyramid_l1,950.0,0.1293548196554184
train/pyramid_l1,1000.0,0.14837785065174103
train/pyramid_l1,1050.0,0.11976112425327301
train/pyramid_l1,1100.0,0.14259883761405945
train/pyramid_l1,1150.0,0.1277979463338852
train/pyramid_l1,1200.0,0.12991364300251007
train/pyramid_l1,1250.0,0.13425996899604797
train/pyramid_l1,1300.0,0.1420702338218689
train/pyramid_l1,1350.0,0.14618989825248718
train/pyramid_l1,1400.0,0.17597942054271698
train/pyramid_l1,1450.0,0.1260564774274826
train/pyramid_l1,1500.0,0.12085486948490143
train/pyramid_l1,1550.0,0.13071134686470032
train/pyramid_l1,1600.0,0.1246122270822525
train/pyramid_l1,1650.0,0.12528486549854279
train/pyramid_l1,1700.0,0.14009438455104828
train/pyramid_l1,1750.0,0.137004554271698
train/pyramid_l1,1800.0,0.17809037864208221
train/pyramid_l1,1850.0,0.1551494002342224
train/pyramid_l1,1900.0,0.14441096782684326
train/pyramid_l1,1950.0,0.13118906319141388
train/pyramid_l1,2000.0,0.11837486922740936
train/pyramid_l1,2050.0,0.1344483494758606
train/pyramid_l1,2100.0,0.1255483329296112
train/pyramid_l1,2150.0,0.13629472255706787
train/pyramid_l1,2200.0,0.1590639054775238
train/pyramid_l1,2250.0,0.11107494682073593
train/pyramid_l1,2300.0,0.13018076121807098
train/pyramid_l1,2350.0,0.14269129931926727
train/pyramid_l1,2400.0,0.1387675404548645
train/pyramid_l1,2450.0,0.14148426055908203
train/pyramid_l1,2500.0,0.14291773736476898
train/pyramid_l1,2550.0,0.13299301266670227
train/pyramid_l1,2600.0,0.14927230775356293
train/pyramid_l1,2650.0,0.12470991909503937
train/pyramid_l1,2700.0,0.1301545351743698
train/pyramid_l1,2750.0,0.1666886806488037
train/pyramid_l1,2800.0,0.13120169937610626
train/pyramid_l1,2850.0,0.12902399897575378
train/pyramid_l1,2900.0,0.12347176671028137
train/pyramid_l1,2950.0,0.11860565841197968
train/pyramid_l1,3000.0,0.1214272603392601
train/pyramid_l1,3050.0,0.10738595575094223
train/pyramid_l1,3100.0,0.14494562149047852
train/pyramid_l1,3150.0,0.12089356780052185
train/pyramid_l1,3200.0,0.11666682362556458
train/pyramid_l1,3250.0,0.1353585571050644
train/pyramid_l1,3300.0,0.14217959344387054
train/pyramid_l1,3350.0,0.10479772090911865
train/pyramid_l1,3400.0,0.13006393611431122
train/pyramid_l1,3450.0,0.1420595943927765
train/pyramid_l1,3500.0,0.13729052245616913
train/pyramid_l1,3550.0,0.12396062910556793
train/pyramid_l1,3600.0,0.1577059030532837
train/pyramid_l1,3650.0,0.12326420843601227
train/pyramid_l1,3700.0,0.12293195724487305
train/pyramid_l1,3750.0,0.13411352038383484
train/pyramid_l1,3800.0,0.1426400989294052
train/pyramid_l1,3850.0,0.13476736843585968
train/pyramid_l1,3900.0,0.12255030870437622
train/pyramid_l1,3950.0,0.10399211943149567
train/pyramid_l1,4000.0,0.1462971419095993
train/pyramid_l1,4050.0,0.1289965659379959
train/pyramid_l1,4100.0,0.1330263465642929
train/pyramid_l1,4150.0,0.14520055055618286
train/pyramid_l1,4200.0,0.16097687184810638
train/pyramid_l1,4250.0,0.13827072083950043
train/pyramid_l1,4300.0,0.13261689245700836
train/pyramid_l1,4350.0,0.12025375664234161
train/pyramid_l1,4400.0,0.10518761724233627
train/pyramid_l1,4450.0,0.13116775453090668
train/pyramid_l1,4500.0,0.11118827760219574
train/pyramid_l1,4550.0,0.12206600606441498
train/pyramid_l1,4600.0,0.12142804265022278
train/pyramid_l1,4650.0,0.12745146453380585
train/pyramid_l1,4700.0,0.14307013154029846
train/pyramid_l1,4750.0,0.12419231981039047
train/pyramid_l1,4800.0,0.1372746229171753
train/pyramid_l1,4850.0,0.12313487380743027
train/pyramid_l1,4900.0,0.1333836317062378
train/pyramid_l1,4950.0,0.12491425126791
train/pyramid_l1,5000.0,0.11810638755559921
train/pyramid_l1,5050.0,0.1327657848596573
train/pyramid_l1,5100.0,0.13628990948200226
train/pyramid_l1,5150.0,0.12343184649944305
train/pyramid_l1,5200.0,0.12491333484649658
train/pyramid_l1,5250.0,0.13742074370384216
train/pyramid_l1,5300.0,0.15687257051467896
train/pyramid_l1,5350.0,0.13482670485973358
train/pyramid_l1,5400.0,0.14108893275260925
train/pyramid_l1,5450.0,0.12677675485610962
train/pyramid_l1,5500.0,0.14707358181476593
train/pyramid_l1,5550.0,0.13337257504463196
train/pyramid_l1,5600.0,0.1273481398820877
train/pyramid_l1,5650.0,0.11205793917179108
train/pyramid_l1,5700.0,0.13894888758659363
train/pyramid_l1,5750.0,0.14838828146457672
train/pyramid_l1,5800.0,0.13889077305793762
train/pyramid_l1,5850.0,0.13556788861751556
train/pyramid_l1,5900.0,0.12329843640327454
train/pyramid_l1,5950.0,0.13403478264808655
train/pyramid_l1,6000.0,0.10371498763561249
train/pyramid_l1,6050.0,0.12356851994991302
train/pyramid_l1,6100.0,0.11731036007404327
train/pyramid_l1,6150.0,0.11798714101314545
train/pyramid_l1,6200.0,0.11906392872333527
train/pyramid_l1,6250.0,0.11712697148323059
train/pyramid_l1,6300.0,0.13650743663311005
train/pyramid_l1,6350.0,0.11768808960914612
train/pyramid_l1,6400.0,0.13219062983989716
train/pyramid_l1,6450.0,0.13760589063167572
train/pyramid_l1,6500.0,0.11706468462944031
train/pyramid_l1,6550.0,0.11501403898000717
train/pyramid_l1,6600.0,0.10567773878574371
train/pyramid_l1,6650.0,0.13854876160621643
train/pyramid_l1,6700.0,0.15267451107501984
train/pyramid_l1,6750.0,0.15937164425849915
train/pyramid_l1,6800.0,0.14286276698112488
train/pyramid_l1,6850.0,0.11860214173793793
train/pyramid_l1,6900.0,0.1281787008047104
train/pyramid_l1,6950.0,0.1226949542760849
train/pyramid_l1,7000.0,0.12400754541158676
train/pyramid_l1,7050.0,0.11328970640897751
train/pyramid_l1,7100.0,0.11666254699230194
train/pyramid_l1,7150.0,0.11877547204494476
train/pyramid_l1,7200.0,0.12764395773410797
train/pyramid_l1,7250.0,0.13708995282649994
train/pyramid_l1,7300.0,0.13450898230075836
train/pyramid_l1,7350.0,0.15041792392730713
train/pyramid_l1,7400.0,0.13706398010253906
train/pyramid_l1,7450.0,0.13976287841796875
train/pyramid_l1,7500.0,0.13676783442497253
train/pyramid_l1,7550.0,0.14552953839302063
train/pyramid_l1,7600.0,0.12855002284049988
train/pyramid_l1,7650.0,0.1299324631690979
train/pyramid_l1,7700.0,0.14548173546791077
train/pyramid_l1,7750.0,0.13445106148719788
train/pyramid_l1,7800.0,0.11658531427383423
train/pyramid_l1,7850.0,0.12734632194042206
train/pyramid_l1,7900.0,0.1277673840522766
train/pyramid_l1,7950.0,0.13448219001293182
train/pyramid_l1,8000.0,0.12011399120092392
train/pyramid_l1,8050.0,0.121149942278862
train/pyramid_l1,8100.0,0.12140350043773651
train/pyramid_l1,8150.0,0.14496348798274994
train/pyramid_l1,8200.0,0.12835168838500977
train/pyramid_l1,8250.0,0.1421308070421219
train/pyramid_l1,8300.0,0.1394471824169159
train/pyramid_l1,8350.0,0.12324821203947067
train/pyramid_l1,8400.0,0.1546923816204071
train/pyramid_l1,8450.0,0.14341706037521362
train/pyramid_l1,8500.0,0.13375115394592285
train/pyramid_l1,8550.0,0.12268178910017014
train/pyramid_l1,8600.0,0.11195268481969833
train/pyramid_l1,8650.0,0.11162619292736053
train/pyramid_l1,8700.0,0.11123192310333252
train/pyramid_l1,8750.0,0.13959211111068726
train/pyramid_l1,8800.0,0.11812686920166016
train/pyramid_l1,8850.0,0.14703792333602905
train/pyramid_l1,8900.0,0.1466449499130249
train/pyramid_l1,8950.0,0.11916923522949219
train/pyramid_l1,9000.0,0.1371724009513855
train/pyramid_l1,9050.0,0.1269949972629547
train/pyramid_l1,9100.0,0.12725821137428284
train/pyramid_l1,9150.0,0.1156558096408844
train/pyramid_l1,9200.0,0.11953025311231613
train/pyramid_l1,9250.0,0.1570720672607422
train/pyramid_l1,9300.0,0.13466261327266693
train/pyramid_l1,9350.0,0.1391746997833252
train/pyramid_l1,9400.0,0.13656677305698395
train/pyramid_l1,9450.0,0.1378817856311798
train/pyramid_l1,9500.0,0.12117629498243332
train/pyramid_l1,9550.0,0.13550853729248047
train/pyramid_l1,9600.0,0.10463283956050873
train/pyramid_l1,9650.0,0.10922583937644958
train/pyramid_l1,9700.0,0.12297375500202179
train/pyramid_l1,9750.0,0.12876877188682556
train/pyramid_l1,9800.0,0.13526228070259094
train/pyramid_l1,9850.0,0.14457431435585022
train/pyramid_l1,9900.0,0.13776852190494537
train/pyramid_l1,9950.0,0.13088636100292206
train/pyramid_l1,10000.0,0.1459740400314331
train/pyramid_l1,10050.0,0.13612857460975647
train/pyramid_l1,10100.0,0.1309630572795868
train/pyramid_l1,10150.0,0.14351163804531097
train/pyramid_l1,10200.0,0.15879260003566742
train/pyramid_l1,10250.0,0.14243611693382263
train/pyramid_l1,10300.0,0.11795934289693832
train/pyramid_l1,10350.0,0.15514519810676575
train/pyramid_l1,10400.0,0.12796705961227417
train/pyramid_l1,10450.0,0.10272064805030823
train/pyramid_l1,10500.0,0.12440076470375061
train/pyramid_l1,10550.0,0.12096966803073883
train/pyramid_l1,10600.0,0.12137550115585327
train/pyramid_l1,10650.0,0.12944290041923523
train/pyramid_l1,10700.0,0.1163160502910614
train/pyramid_l1,10750.0,0.14389696717262268
train/pyramid_l1,10800.0,0.1442962884902954
train/pyramid_l1,10850.0,0.1183200478553772
train/pyramid_l1,10900.0,0.12815463542938232
train/pyramid_l1,10950.0,0.11869119107723236
train/pyramid_l1,11000.0,0.11997159570455551
train/pyramid_l1,11050.0,0.1326502412557602
train/pyramid_l1,11100.0,0.12528085708618164
train/pyramid_l1,11150.0,0.13104598224163055
train/pyramid_l1,11200.0,0.12680089473724365
train/pyramid_l1,11250.0,0.140000119805336
train/pyramid_l1,11300.0,0.10443870723247528
train/pyramid_l1,11350.0,0.13442912697792053
train/pyramid_l1,11400.0,0.11826878786087036
train/pyramid_l1,11450.0,0.11909660696983337
train/pyramid_l1,11500.0,0.13132447004318237
train/pyramid_l1,11550.0,0.1291482150554657
train/pyramid_l1,11600.0,0.13558992743492126
train/pyramid_l1,11650.0,0.13230732083320618
train/pyramid_l1,11700.0,0.11261755228042603
train/pyramid_l1,11750.0,0.1336756944656372
train/pyramid_l1,11800.0,0.1407718062400818
train/pyramid_l1,11850.0,0.11827357858419418
train/pyramid_l1,11900.0,0.13813665509223938
train/pyramid_l1,11950.0,0.1223280057311058
train/pyramid_l1,12000.0,0.1287439465522766
train/pyramid_l1,12050.0,0.12532514333724976
train/pyramid_l1,12100.0,0.14019076526165009
train/pyramid_l1,12150.0,0.11966439336538315
train/pyramid_l1,12200.0,0.1332947015762329
train/pyramid_l1,12250.0,0.13682734966278076
train/pyramid_l1,12300.0,0.11436408758163452
train/pyramid_l1,12350.0,0.13131405413150787
train/pyramid_l1,12400.0,0.12064899504184723
train/pyramid_l1,12450.0,0.1371171921491623
train/pyramid_l1,12500.0,0.13041315972805023
train/pyramid_l1,12550.0,0.13229218125343323
train/pyramid_l1,12600.0,0.13280442357063293
train/pyramid_l1,12650.0,0.14174383878707886
train/pyramid_l1,12700.0,0.1333581805229187
train/pyramid_l1,12750.0,0.14254195988178253
train/pyramid_l1,12800.0,0.10951497405767441
train/pyramid_l1,12850.0,0.10960161685943604
train/pyramid_l1,12900.0,0.11147874593734741
train/pyramid_l1,12950.0,0.12537364661693573
train/pyramid_l1,13000.0,0.11471420526504517
train/pyramid_l1,13050.0,0.12795740365982056
train/pyramid_l1,13100.0,0.15841618180274963
train/pyramid_l1,13150.0,0.14250829815864563
train/pyramid_l1,13200.0,0.12811532616615295
train/pyramid_l1,13250.0,0.13837045431137085
train/pyramid_l1,13300.0,0.14895859360694885
train/pyramid_l1,13350.0,0.1338866651058197
train/pyramid_l1,13400.0,0.12786023318767548
train/pyramid_l1,13450.0,0.12589898705482483
train/pyramid_l1,13500.0,0.1463242620229721
train/pyramid_l1,13550.0,0.1299908608198166
train/pyramid_l1,13600.0,0.12721697986125946
train/pyramid_l1,13650.0,0.11950498819351196
train/pyramid_l1,13700.0,0.12227841466665268
train/pyramid_l1,13750.0,0.1444157063961029
train/pyramid_l1,13800.0,0.14355352520942688
train/pyramid_l1,13850.0,0.12533655762672424
train/pyramid_l1,13900.0,0.11617724597454071
train/pyramid_l1,13950.0,0.1347706913948059
train/pyramid_l1,14000.0,0.14499545097351074
train/pyramid_l1,14050.0,0.1087694987654686
train/pyramid_l1,14100.0,0.17018668353557587
train/pyramid_l1,14150.0,0.12222614139318466
train/pyramid_l1,14200.0,0.13222511112689972
train/pyramid_l1,14250.0,0.13344347476959229
train/pyramid_l1,14300.0,0.1406160295009613
train/pyramid_l1,14350.0,0.11014431715011597
train/pyramid_l1,14400.0,0.10654628276824951
train/pyramid_l1,14450.0,0.13074547052383423
train/pyramid_l1,14500.0,0.1351460963487625
train/pyramid_l1,14550.0,0.12259364128112793
train/pyramid_l1,14600.0,0.10996846854686737
train/pyramid_l1,14650.0,0.13125160336494446
train/pyramid_l1,14700.0,0.11464761197566986
train/pyramid_l1,14750.0,0.12833446264266968
train/pyramid_l1,14800.0,0.119381383061409
train/pyramid_l1,14850.0,0.13117212057113647
train/pyramid_l1,14900.0,0.10500545799732208
train/pyramid_l1,14950.0,0.12274901568889618
train/pyramid_l1,15000.0,0.12571582198143005
train/pyramid_l1,15050.0,0.11877650022506714
train/pyramid_l1,15100.0,0.1374073028564453
train/pyramid_l1,15150.0,0.13278016448020935
train/pyramid_l1,15200.0,0.13307325541973114
train/pyramid_l1,15250.0,0.12590110301971436
train/pyramid_l1,15300.0,0.11466698348522186
train/pyramid_l1,15350.0,0.09561066329479218
train/pyramid_l1,15400.0,0.09239035844802856
train/pyramid_l1,15450.0,0.11482515186071396
train/pyramid_l1,15500.0,0.13591665029525757
train/pyramid_l1,15550.0,0.1242055743932724
train/pyramid_l1,15600.0,0.11914648860692978
train/pyramid_l1,15650.0,0.11597996950149536
train/pyramid_l1,15700.0,0.11397292464971542
train/pyramid_l1,15750.0,0.12950590252876282
train/pyramid_l1,15800.0,0.13352903723716736
train/pyramid_l1,15850.0,0.13093557953834534
train/pyramid_l1,15900.0,0.11528601497411728
train/pyramid_l1,15950.0,0.11189250648021698
train/pyramid_l1,16000.0,0.12147437036037445
train/pyramid_l1,16050.0,0.12426728010177612
train/pyramid_l1,16100.0,0.1160910427570343
train/pyramid_l1,16150.0,0.1085275337100029
train/pyramid_l1,16200.0,0.12199784815311432
train/pyramid_l1,16250.0,0.13858604431152344
train/pyramid_l1,16300.0,0.1348436176776886
train/pyramid_l1,16350.0,0.14554715156555176
train/pyramid_l1,16400.0,0.12300975620746613
train/pyramid_l1,16450.0,0.11689808964729309
train/pyramid_l1,16500.0,0.12249721586704254
train/pyramid_l1,16550.0,0.1280544102191925
train/pyramid_l1,16600.0,0.12001653015613556
train/pyramid_l1,16650.0,0.1364133656024933
train/pyramid_l1,16700.0,0.12622688710689545
train/pyramid_l1,16750.0,0.11495479196310043
train/pyramid_l1,16800.0,0.12276853621006012
train/pyramid_l1,16850.0,0.1257091760635376
train/pyramid_l1,16900.0,0.12655365467071533
train/pyramid_l1,16950.0,0.11373015493154526
train/pyramid_l1,17000.0,0.12441381812095642
train/pyramid_l1,17050.0,0.12222161889076233
train/pyramid_l1,17100.0,0.13254378736019135
train/pyramid_l1,17150.0,0.13490760326385498
train/pyramid_l1,17200.0,0.15527859330177307
train/pyramid_l1,17250.0,0.14441373944282532
train/pyramid_l1,17300.0,0.11363691091537476
train/pyramid_l1,17350.0,0.14139603078365326
train/pyramid_l1,17400.0,0.13571445643901825
train/pyramid_l1,17450.0,0.11801408976316452
train/pyramid_l1,17500.0,0.1283239722251892
train/pyramid_l1,17550.0,0.1373089700937271
train/pyramid_l1,17600.0,0.11771639436483383
train/pyramid_l1,17650.0,0.1277134120464325
train/pyramid_l1,17700.0,0.10802637785673141
train/pyramid_l1,17750.0,0.13026170432567596
train/pyramid_l1,17800.0,0.12755745649337769
train/pyramid_l1,17850.0,0.11786927282810211
train/pyramid_l1,17900.0,0.11960642039775848
train/pyramid_l1,17950.0,0.14851076900959015
train/pyramid_l1,18000.0,0.1391119807958603
train/pyramid_l1,18050.0,0.12125223875045776
train/pyramid_l1,18100.0,0.12958389520645142
train/pyramid_l1,18150.0,0.10772591084241867
train/pyramid_l1,18200.0,0.12415115535259247
train/pyramid_l1,18250.0,0.1181565374135971
train/pyramid_l1,18300.0,0.11146175116300583
train/pyramid_l1,18350.0,0.12542301416397095
train/pyramid_l1,18400.0,0.133544921875
train/pyramid_l1,18450.0,0.13828104734420776
train/pyramid_l1,18500.0,0.13425421714782715
train/pyramid_l1,18550.0,0.14463552832603455
train/pyramid_l1,18600.0,0.12476392835378647
train/pyramid_l1,18650.0,0.11801907420158386
train/pyramid_l1,18700.0,0.12969884276390076
train/pyramid_l1,18750.0,0.1040048599243164
train/pyramid_l1,18800.0,0.13152077794075012
train/pyramid_l1,18850.0,0.13190793991088867
train/pyramid_l1,18900.0,0.11523090302944183
train/pyramid_l1,18950.0,0.10810809582471848
train/pyramid_l1,19000.0,0.128650963306427
train/pyramid_l1,19050.0,0.13615268468856812
train/pyramid_l1,19100.0,0.11443239450454712
train/pyramid_l1,19150.0,0.11905841529369354
train/pyramid_l1,19200.0,0.12685677409172058
train/pyramid_l1,19250.0,0.12343469262123108
train/pyramid_l1,19300.0,0.1259649395942688
train/pyramid_l1,19350.0,0.10658526420593262
train/pyramid_l1,19400.0,0.12992022931575775
train/pyramid_l1,19450.0,0.1238119825720787
train/pyramid_l1,19500.0,0.11550348997116089
train/pyramid_l1,19550.0,0.13417665660381317
train/pyramid_l1,19600.0,0.1178053766489029
train/pyramid_l1,19650.0,0.16544455289840698
train/pyramid_l1,19700.0,0.11203461140394211
train/pyramid_l1,19750.0,0.13266189396381378
train/pyramid_l1,19800.0,0.1268540322780609
train/pyramid_l1,19850.0,0.1332627236843109
train/pyramid_l1,19900.0,0.12950444221496582
train/pyramid_l1,19950.0,0.1551417112350464
train/pyramid_l1,20000.0,0.14369994401931763
train/pyramid_l1,20050.0,0.12960414588451385
train/pyramid_l1,20100.0,0.14275863766670227
train/pyramid_l1,20150.0,0.12087059020996094
train/pyramid_l1,20200.0,0.11446486413478851
train/pyramid_l1,20250.0,0.12511059641838074
train/pyramid_l1,20300.0,0.13979700207710266
train/pyramid_l1,20350.0,0.11120116710662842
train/pyramid_l1,20400.0,0.13033288717269897
train/pyramid_l1,20450.0,0.1219203919172287
train/pyramid_l1,20500.0,0.13548265397548676
train/pyramid_l1,20550.0,0.11089151352643967
train/pyramid_l1,20600.0,0.11212193220853806
train/pyramid_l1,20650.0,0.1408170908689499
train/pyramid_l1,20700.0,0.1440894454717636
train/pyramid_l1,20750.0,0.13542163372039795
train/pyramid_l1,20800.0,0.13105756044387817
train/pyramid_l1,20850.0,0.14494211971759796
train/pyramid_l1,20900.0,0.13321347534656525
train/pyramid_l1,20950.0,0.12783917784690857
train/pyramid_l1,21000.0,0.13140541315078735
train/pyramid_l1,21050.0,0.11583095043897629
train/pyramid_l1,21100.0,0.1107887253165245
train/pyramid_l1,21150.0,0.10994112491607666
train/pyramid_l1,21200.0,0.13300246000289917
train/pyramid_l1,21250.0,0.1247607171535492
train/pyramid_l1,21300.0,0.14795967936515808
train/pyramid_l1,21350.0,0.128305122256279
train/pyramid_l1,21400.0,0.12385286390781403
train/pyramid_l1,21450.0,0.1329214870929718
train/pyramid_l1,21500.0,0.13320329785346985
train/pyramid_l1,21550.0,0.09899568557739258
train/pyramid_l1,21600.0,0.10913608968257904
train/pyramid_l1,21650.0,0.11868727207183838
train/pyramid_l1,21700.0,0.12724147737026215
train/pyramid_l1,21750.0,0.14485247433185577
train/pyramid_l1,21800.0,0.12559249997138977
train/pyramid_l1,21850.0,0.1192755401134491
train/pyramid_l1,21900.0,0.10921035706996918
train/pyramid_l1,21950.0,0.12497293949127197
train/pyramid_l1,22000.0,0.13128718733787537
train/pyramid_l1,22050.0,0.12643884122371674
train/pyramid_l1,22100.0,0.13477610051631927
train/pyramid_l1,22150.0,0.11233910173177719
train/pyramid_l1,22200.0,0.12331311404705048
train/pyramid_l1,22250.0,0.14825402200222015
train/pyramid_l1,22300.0,0.0950869768857956
train/pyramid_l1,22350.0,0.1164059042930603
train/pyramid_l1,22400.0,0.12216117233037949
train/pyramid_l1,22450.0,0.11693918704986572
train/pyramid_l1,22500.0,0.11992859840393066
train/pyramid_l1,22550.0,0.12158399075269699
train/pyramid_l1,22600.0,0.1417866349220276
train/pyramid_l1,22650.0,0.13351818919181824
train/pyramid_l1,22700.0,0.15295229852199554
train/pyramid_l1,22750.0,0.11290101706981659
train/pyramid_l1,22800.0,0.15231218934059143
train/pyramid_l1,22850.0,0.14322280883789062
train/pyramid_l1,22900.0,0.14272364974021912
train/pyramid_l1,22950.0,0.12913739681243896
train/pyramid_l1,23000.0,0.12368349730968475
train/pyramid_l1,23050.0,0.11973214149475098
train/pyramid_l1,23100.0,0.09454590082168579
train/pyramid_l1,23150.0,0.11150945723056793
train/pyramid_l1,23200.0,0.14335674047470093
train/pyramid_l1,23250.0,0.10440784692764282
train/pyramid_l1,23300.0,0.10808925330638885
train/pyramid_l1,23350.0,0.13253173232078552
train/pyramid_l1,23400.0,0.11893688142299652
train/pyramid_l1,23450.0,0.1435471475124359
train/pyramid_l1,23500.0,0.1439805030822754
train/pyramid_l1,23550.0,0.09067673981189728
train/pyramid_l1,23600.0,0.122593455016613
train/pyramid_l1,23650.0,0.13017521798610687
train/pyramid_l1,23700.0,0.120198093354702
train/pyramid_l1,23750.0,0.09531619399785995
train/pyramid_l1,23800.0,0.13514362275600433
train/pyramid_l1,23850.0,0.1203993409872055
train/pyramid_l1,23900.0,0.1171247810125351
train/pyramid_l1,23950.0,0.14082637429237366
train/pyramid_l1,24000.0,0.13152268528938293
train/pyramid_l1,24050.0,0.11623748391866684
train/pyramid_l1,24100.0,0.12730315327644348
train/pyramid_l1,24150.0,0.10974949598312378
train/pyramid_l1,24200.0,0.13019327819347382
train/pyramid_l1,24250.0,0.11265753954648972
train/pyramid_l1,24300.0,0.11674245446920395
train/pyramid_l1,24350.0,0.08520501106977463
train/pyramid_l1,24400.0,0.14744457602500916
train/pyramid_l1,24450.0,0.1420537680387497
train/pyramid_l1,24500.0,0.11733335256576538
train/pyramid_l1,24550.0,0.18779131770133972
train/pyramid_l1,24600.0,0.1144326776266098
train/pyramid_l1,24650.0,0.10889047384262085
train/pyramid_l1,24700.0,0.14533226191997528
train/pyramid_l1,24750.0,0.1167793720960617
train/pyramid_l1,24800.0,0.1178363785147667
train/pyramid_l1,24850.0,0.12803950905799866
train/pyramid_l1,24900.0,0.11346180737018585
train/pyramid_l1,24950.0,0.12520360946655273
train/pyramid_l1,25000.0,0.1373787522315979
train/pyramid_l1,25050.0,0.12533418834209442
train/pyramid_l1,25100.0,0.11292974650859833
train/pyramid_l1,25150.0,0.10644003748893738
train/pyramid_l1,25200.0,0.1311151683330536
train/pyramid_l1,25250.0,0.08524255454540253
train/pyramid_l1,25300.0,0.11181901395320892
train/pyramid_l1,25350.0,0.12304022163152695
train/pyramid_l1,25400.0,0.12746092677116394
train/pyramid_l1,25450.0,0.11861476302146912
train/pyramid_l1,25500.0,0.14439357817173004
train/pyramid_l1,25550.0,0.12991969287395477
train/pyramid_l1,25600.0,0.1261732578277588
train/pyramid_l1,25650.0,0.11260253190994263
train/pyramid_l1,25700.0,0.1364516019821167
train/pyramid_l1,25750.0,0.12402462214231491
train/pyramid_l1,25800.0,0.13101571798324585
train/pyramid_l1,25850.0,0.13618934154510498
train/pyramid_l1,25900.0,0.1490941345691681
train/pyramid_l1,25950.0,0.10605379194021225
train/pyramid_l1,26000.0,0.12699438631534576
train/pyramid_l1,26050.0,0.10907607525587082
train/pyramid_l1,26100.0,0.1150130182504654
train/pyramid_l1,26150.0,0.12778648734092712
train/pyramid_l1,26200.0,0.10602569580078125
train/pyramid_l1,26250.0,0.11608375608921051
train/pyramid_l1,26300.0,0.12702742218971252
train/pyramid_l1,26350.0,0.1166311725974083
train/pyramid_l1,26400.0,0.1398082673549652
train/pyramid_l1,26450.0,0.12882886826992035
train/pyramid_l1,26500.0,0.11516229808330536
train/pyramid_l1,26550.0,0.14319050312042236
train/pyramid_l1,26600.0,0.12071152031421661
train/pyramid_l1,26650.0,0.12365826219320297
train/pyramid_l1,26700.0,0.13766080141067505
train/pyramid_l1,26750.0,0.13981464505195618
train/pyramid_l1,26800.0,0.12358270585536957
train/pyramid_l1,26850.0,0.137577623128891
train/pyramid_l1,26900.0,0.13076326251029968
train/pyramid_l1,26950.0,0.12459547817707062
train/pyramid_l1,27000.0,0.09707397222518921
train/pyramid_l1,27050.0,0.11808659881353378
train/pyramid_l1,27100.0,0.11791827529668808
train/pyramid_l1,27150.0,0.12992708384990692
train/pyramid_l1,27200.0,0.12481741607189178
train/pyramid_l1,27250.0,0.11985735595226288
train/pyramid_l1,27300.0,0.11186100542545319
train/pyramid_l1,27350.0,0.14267714321613312
train/pyramid_l1,27400.0,0.11094897985458374
train/pyramid_l1,27450.0,0.12347881495952606
train/pyramid_l1,27500.0,0.13908714056015015
train/pyramid_l1,27550.0,0.10729299485683441
train/pyramid_l1,27600.0,0.13709017634391785
train/pyramid_l1,27650.0,0.11430701613426208
train/pyramid_l1,27700.0,0.10098354518413544
train/pyramid_l1,27750.0,0.13708142936229706
train/pyramid_l1,27800.0,0.139154851436615
train/pyramid_l1,27850.0,0.12618660926818848
train/pyramid_l1,27900.0,0.1236366257071495
train/pyramid_l1,27950.0,0.12342508137226105
train/pyramid_l1,28000.0,0.13245482742786407
train/pyramid_l1,28050.0,0.09587731212377548
train/pyramid_l1,28100.0,0.11419254541397095
train/pyramid_l1,28150.0,0.11188393086194992
train/pyramid_l1,28200.0,0.11615350842475891
train/pyramid_l1,28250.0,0.12164007127285004
train/pyramid_l1,28300.0,0.15181148052215576
train/pyramid_l1,28350.0,0.1354711651802063
train/pyramid_l1,28400.0,0.11993485689163208
train/pyramid_l1,28450.0,0.10666676610708237
train/pyramid_l1,28500.0,0.10157589614391327
train/pyramid_l1,28550.0,0.1255582869052887
train/pyramid_l1,28600.0,0.1173953115940094
train/pyramid_l1,28650.0,0.12466877698898315
train/pyramid_l1,28700.0,0.1086038202047348
train/pyramid_l1,28750.0,0.11234639585018158
train/pyramid_l1,28800.0,0.1495630145072937
train/pyramid_l1,28850.0,0.14053666591644287
train/pyramid_l1,28900.0,0.11290501803159714
train/pyramid_l1,28950.0,0.11690840125083923
train/pyramid_l1,29000.0,0.12559792399406433
train/pyramid_l1,29050.0,0.13619981706142426
train/pyramid_l1,29100.0,0.10532286763191223
train/pyramid_l1,29150.0,0.12527722120285034
train/pyramid_l1,29200.0,0.1116219311952591
train/pyramid_l1,29250.0,0.11921687424182892
train/pyramid_l1,29300.0,0.12078438699245453
train/pyramid_l1,29350.0,0.11815565079450607
train/pyramid_l1,29400.0,0.10545426607131958
train/pyramid_l1,29450.0,0.1013854593038559
train/pyramid_l1,29500.0,0.127400740981102
train/pyramid_l1,29550.0,0.15034398436546326
train/pyramid_l1,29600.0,0.12375663220882416
train/pyramid_l1,29650.0,0.11847462505102158
train/pyramid_l1,29700.0,0.11666375398635864
train/pyramid_l1,29750.0,0.1147225946187973
train/pyramid_l1,29800.0,0.13002905249595642
train/pyramid_l1,29850.0,0.12298820912837982
train/pyramid_l1,29900.0,0.10833289474248886
train/pyramid_l1,29950.0,0.15119317173957825
train/pyramid_l1,30000.0,0.11698800325393677
train/pyramid_l1,30050.0,0.11550261825323105
train/pyramid_l1,30100.0,0.11538269370794296
train/pyramid_l1,30150.0,0.12488462775945663
train/pyramid_l1,30200.0,0.14267341792583466
train/pyramid_l1,30250.0,0.09607121348381042
train/pyramid_l1,30300.0,0.14567367732524872
train/pyramid_l1,30350.0,0.14072847366333008
train/pyramid_l1,30400.0,0.12635092437267303
train/pyramid_l1,30450.0,0.14112567901611328
train/pyramid_l1,30500.0,0.11637535691261292
train/pyramid_l1,30550.0,0.11104780435562134
train/pyramid_l1,30600.0,0.13707157969474792
train/pyramid_l1,30650.0,0.11496313661336899
train/pyramid_l1,30700.0,0.11419565975666046
train/pyramid_l1,30750.0,0.12915435433387756
train/pyramid_l1,30800.0,0.1186293512582779
train/pyramid_l1,30850.0,0.13401389122009277
train/pyramid_l1,30900.0,0.12348262965679169
train/pyramid_l1,30950.0,0.09322458505630493
train/pyramid_l1,31000.0,0.14603376388549805
train/pyramid_l1,31050.0,0.09636251628398895
train/pyramid_l1,31100.0,0.14039072394371033
train/pyramid_l1,31150.0,0.13156679272651672
train/pyramid_l1,31200.0,0.13428005576133728
train/pyramid_l1,31250.0,0.1257067620754242
train/pyramid_l1,31300.0,0.11623376607894897
train/pyramid_l1,31350.0,0.1158808097243309
train/pyramid_l1,31400.0,0.13941380381584167
train/pyramid_l1,31450.0,0.10419847071170807
train/pyramid_l1,31500.0,0.12182821333408356
train/pyramid_l1,31550.0,0.11582696437835693
train/pyramid_l1,31600.0,0.13035915791988373
train/pyramid_l1,31650.0,0.13179408013820648
train/pyramid_l1,31700.0,0.13313260674476624
train/pyramid_l1,31750.0,0.13472817838191986
train/pyramid_l1,31800.0,0.12202106416225433
train/pyramid_l1,31850.0,0.14954450726509094
train/pyramid_l1,31900.0,0.12366598844528198
train/pyramid_l1,31950.0,0.127539724111557
train/pyramid_l1,32000.0,0.13494029641151428
train/pyramid_l1,32050.0,0.1120128259062767
train/pyramid_l1,32100.0,0.11888326704502106
train/pyramid_l1,32150.0,0.1175936907529831
train/pyramid_l1,32200.0,0.12416344881057739
train/pyramid_l1,32250.0,0.11972054094076157
train/pyramid_l1,32300.0,0.14489397406578064
train/pyramid_l1,32350.0,0.11741262674331665
train/pyramid_l1,32400.0,0.11235517263412476
train/pyramid_l1,32450.0,0.11921914666891098
train/pyramid_l1,32500.0,0.1241636872291565
train/pyramid_l1,32550.0,0.1312873363494873
train/pyramid_l1,32600.0,0.0885038822889328
train/pyramid_l1,32650.0,0.1206856369972229
train/pyramid_l1,32700.0,0.11474762856960297
train/pyramid_l1,32750.0,0.13929949700832367
train/pyramid_l1,32800.0,0.14517298340797424
train/pyramid_l1,32850.0,0.11698254197835922
train/pyramid_l1,32900.0,0.10165739059448242
train/pyramid_l1,32950.0,0.12016792595386505
train/pyramid_l1,33000.0,0.11248186230659485
train/pyramid_l1,33050.0,0.11341419816017151
train/pyramid_l1,33100.0,0.12308208644390106
train/pyramid_l1,33150.0,0.1248922199010849
train/pyramid_l1,33200.0,0.12703266739845276
train/pyramid_l1,33250.0,0.11401574313640594
train/pyramid_l1,33300.0,0.1046915054321289
train/pyramid_l1,33350.0,0.12289226055145264
train/pyramid_l1,33400.0,0.12699274718761444
train/pyramid_l1,33450.0,0.12464684247970581
train/pyramid_l1,33500.0,0.12727712094783783
train/pyramid_l1,33550.0,0.1189364343881607
train/pyramid_l1,33600.0,0.13165035843849182
train/pyramid_l1,33650.0,0.12387645244598389
train/pyramid_l1,33700.0,0.10031448304653168
train/pyramid_l1,33750.0,0.10442599654197693
train/pyramid_l1,33800.0,0.12127681821584702
train/pyramid_l1,33850.0,0.09219479560852051
train/pyramid_l1,33900.0,0.11975742876529694
train/pyramid_l1,33950.0,0.12451034039258957
train/pyramid_l1,34000.0,0.09617483615875244
train/pyramid_l1,34050.0,0.09602364897727966
train/pyramid_l1,34100.0,0.10783600807189941
train/pyramid_l1,34150.0,0.1321718394756317
train/pyramid_l1,34200.0,0.1353382021188736
train/pyramid_l1,34250.0,0.11501739919185638
train/pyramid_l1,34300.0,0.15741541981697083
train/pyramid_l1,34350.0,0.11914384365081787
train/pyramid_l1,34400.0,0.12964534759521484
train/pyramid_l1,34450.0,0.12540972232818604
train/pyramid_l1,34500.0,0.13987639546394348
train/pyramid_l1,34550.0,0.1344732940196991
train/pyramid_l1,34600.0,0.14517717063426971
train/pyramid_l1,34650.0,0.1307694911956787
train/pyramid_l1,34700.0,0.12539122998714447
train/pyramid_l1,34750.0,0.14228251576423645
train/pyramid_l1,34800.0,0.12873761355876923
train/pyramid_l1,34850.0,0.1444856971502304
train/pyramid_l1,34900.0,0.14255522191524506
train/pyramid_l1,34950.0,0.10540007054805756
train/pyramid_l1,35000.0,0.11367875337600708
train/pyramid_l1,35050.0,0.1385439932346344
train/pyramid_l1,35100.0,0.10869793593883514
train/pyramid_l1,35150.0,0.1366141438484192
train/pyramid_l1,35200.0,0.0945180356502533
train/pyramid_l1,35250.0,0.12970495223999023
train/pyramid_l1,35300.0,0.12340541183948517
train/pyramid_l1,35350.0,0.10874117910861969
train/pyramid_l1,35400.0,0.13259464502334595
train/pyramid_l1,35450.0,0.11461682617664337
train/pyramid_l1,35500.0,0.1203991025686264
train/pyramid_l1,35550.0,0.12773191928863525
train/pyramid_l1,35600.0,0.11401554942131042
train/pyramid_l1,35650.0,0.10589085519313812
train/pyramid_l1,35700.0,0.12942975759506226
train/pyramid_l1,35750.0,0.14446036517620087
train/pyramid_l1,35800.0,0.13223376870155334
train/pyramid_l1,35850.0,0.12714901566505432
train/pyramid_l1,35900.0,0.13953787088394165
train/pyramid_l1,35950.0,0.12927931547164917
train/pyramid_l1,36000.0,0.10141079127788544
train/pyramid_l1,36050.0,0.13325540721416473
train/pyramid_l1,36100.0,0.10911750793457031
train/pyramid_l1,36150.0,0.10676619410514832
train/pyramid_l1,36200.0,0.08628244698047638
train/pyramid_l1,36250.0,0.11807551234960556
train/pyramid_l1,36300.0,0.12800849974155426
train/pyramid_l1,36350.0,0.11839485168457031
train/pyramid_l1,36400.0,0.11678992211818695
train/pyramid_l1,36450.0,0.12357558310031891
train/pyramid_l1,36500.0,0.09008859097957611
train/pyramid_l1,36550.0,0.11438751220703125
train/pyramid_l1,36600.0,0.11400332301855087
train/pyramid_l1,36650.0,0.12250003218650818
train/pyramid_l1,36700.0,0.13105475902557373
train/pyramid_l1,36750.0,0.12372900545597076
train/pyramid_l1,36800.0,0.14406238496303558
train/pyramid_l1,36850.0,0.12333764880895615
train/pyramid_l1,36900.0,0.12145872414112091
train/pyramid_l1,36950.0,0.11590467393398285
train/pyramid_l1,37000.0,0.09894820302724838
train/pyramid_l1,37050.0,0.12510062754154205
train/pyramid_l1,37100.0,0.1287655085325241
train/pyramid_l1,37150.0,0.12785835564136505
train/pyramid_l1,37200.0,0.14274945855140686
train/pyramid_l1,37250.0,0.10149310529232025
train/pyramid_l1,37300.0,0.12583410739898682
train/pyramid_l1,37350.0,0.1117606982588768
train/pyramid_l1,37400.0,0.10772643983364105
train/pyramid_l1,37450.0,0.1002974733710289
train/pyramid_l1,37500.0,0.12418481707572937
train/pyramid_l1,37550.0,0.09911318868398666
train/pyramid_l1,37600.0,0.15148469805717468
train/pyramid_l1,37650.0,0.11268188059329987
train/pyramid_l1,37700.0,0.12655910849571228
train/pyramid_l1,37750.0,0.12078243494033813
train/pyramid_l1,37800.0,0.1400497853755951
train/pyramid_l1,37850.0,0.11610578000545502
train/pyramid_l1,37900.0,0.134860098361969
train/pyramid_l1,37950.0,0.13179275393486023
train/pyramid_l1,38000.0,0.11967474222183228
train/pyramid_l1,38050.0,0.10029149055480957
train/pyramid_l1,38100.0,0.13128894567489624
train/pyramid_l1,38150.0,0.12164369225502014
train/pyramid_l1,38200.0,0.1232905387878418
train/pyramid_l1,38250.0,0.12142001837491989
train/pyramid_l1,38300.0,0.10456471145153046
train/pyramid_l1,38350.0,0.13828018307685852
train/pyramid_l1,38400.0,0.11840801686048508
train/pyramid_l1,38450.0,0.11164119839668274
train/pyramid_l1,38500.0,0.11886026710271835
train/pyramid_l1,38550.0,0.12253260612487793
train/pyramid_l1,38600.0,0.1092386469244957
train/pyramid_l1,38650.0,0.12330415099859238
train/pyramid_l1,38700.0,0.12412524223327637
train/pyramid_l1,38750.0,0.12646347284317017
train/pyramid_l1,38800.0,0.1202634796500206
train/pyramid_l1,38850.0,0.10619498789310455
train/pyramid_l1,38900.0,0.11675523221492767
train/pyramid_l1,38950.0,0.13080352544784546
train/pyramid_l1,39000.0,0.11762144416570663
train/pyramid_l1,39050.0,0.12504595518112183
train/pyramid_l1,39100.0,0.1184944435954094
train/pyramid_l1,39150.0,0.12668897211551666
train/pyramid_l1,39200.0,0.1141374334692955
train/pyramid_l1,39250.0,0.12791091203689575
train/pyramid_l1,39300.0,0.11799129098653793
train/pyramid_l1,39350.0,0.13205039501190186
train/pyramid_l1,39400.0,0.12375473231077194
train/pyramid_l1,39450.0,0.1253827065229416
train/pyramid_l1,39500.0,0.10500337928533554
train/pyramid_l1,39550.0,0.10010039806365967
train/pyramid_l1,39600.0,0.1075170487165451
train/pyramid_l1,39650.0,0.12564699351787567
train/pyramid_l1,39700.0,0.10657118260860443
train/pyramid_l1,39750.0,0.1531381905078888
train/pyramid_l1,39800.0,0.1296268105506897
train/pyramid_l1,39850.0,0.11534147709608078
train/pyramid_l1,39900.0,0.12272318452596664
train/pyramid_l1,39950.0,0.13682585954666138
train/pyramid_l1,40000.0,0.12566439807415009
train/pyramid_l1,40050.0,0.1313779205083847
train/pyramid_l1,40100.0,0.13597862422466278
train/pyramid_l1,40150.0,0.10521002113819122
train/pyramid_l1,40200.0,0.10917308181524277
train/pyramid_l1,40250.0,0.13472409546375275
train/pyramid_l1,40300.0,0.11885800957679749
train/pyramid_l1,40350.0,0.12066428363323212
train/pyramid_l1,40400.0,0.09837736934423447
train/pyramid_l1,40450.0,0.10694538056850433
train/pyramid_l1,40500.0,0.12900227308273315
train/pyramid_l1,40550.0,0.13528083264827728
train/pyramid_l1,40600.0,0.12243956327438354
train/pyramid_l1,40650.0,0.14400970935821533
train/pyramid_l1,40700.0,0.11677119135856628
train/pyramid_l1,40750.0,0.12150891870260239
train/pyramid_l1,40800.0,0.12871801853179932
train/pyramid_l1,40850.0,0.11385630816221237
train/pyramid_l1,40900.0,0.10609446465969086
train/pyramid_l1,40950.0,0.12280555069446564
train/pyramid_l1,41000.0,0.09971658885478973
train/pyramid_l1,41050.0,0.11014308780431747
train/pyramid_l1,41100.0,0.12992353737354279
train/pyramid_l1,41150.0,0.12651565670967102
train/pyramid_l1,41200.0,0.07389350980520248
train/pyramid_l1,41250.0,0.08609330654144287
train/pyramid_l1,41300.0,0.11765628308057785
train/pyramid_l1,41350.0,0.11500826478004456
train/pyramid_l1,41400.0,0.11051230877637863
train/pyramid_l1,41450.0,0.10083796083927155
train/pyramid_l1,41500.0,0.1288907378911972
train/pyramid_l1,41550.0,0.1251353919506073
train/pyramid_l1,41600.0,0.1318802386522293
train/pyramid_l1,41650.0,0.12021064758300781
train/pyramid_l1,41700.0,0.09398376196622849
train/pyramid_l1,41750.0,0.13287484645843506
train/pyramid_l1,41800.0,0.13209234178066254
train/pyramid_l1,41850.0,0.11179161071777344
train/pyramid_l1,41900.0,0.12632504105567932
train/pyramid_l1,41950.0,0.11625869572162628
train/pyramid_l1,42000.0,0.10903772711753845
train/pyramid_l1,42050.0,0.12870091199874878
train/pyramid_l1,42100.0,0.11503052711486816
train/pyramid_l1,42150.0,0.10773029178380966
train/pyramid_l1,42200.0,0.1107993945479393
train/pyramid_l1,42250.0,0.11416158080101013
train/pyramid_l1,42300.0,0.12361390888690948
train/pyramid_l1,42350.0,0.11959811300039291
train/pyramid_l1,42400.0,0.11049851030111313
train/pyramid_l1,42450.0,0.11285245418548584
train/pyramid_l1,42500.0,0.13621369004249573
train/pyramid_l1,42550.0,0.10878755897283554
train/pyramid_l1,42600.0,0.13442736864089966
train/pyramid_l1,42650.0,0.113456130027771
train/pyramid_l1,42700.0,0.12721145153045654
train/pyramid_l1,42750.0,0.12606635689735413
train/pyramid_l1,42800.0,0.10485478490591049
train/pyramid_l1,42850.0,0.10545085370540619
train/pyramid_l1,42900.0,0.11641465127468109
train/pyramid_l1,42950.0,0.12291612476110458
train/pyramid_l1,43000.0,0.12708142399787903
train/pyramid_l1,43050.0,0.1374707818031311
train/pyramid_l1,43100.0,0.13235734403133392
train/pyramid_l1,43150.0,0.13949094712734222
train/pyramid_l1,43200.0,0.12519119679927826
train/pyramid_l1,43250.0,0.13388773798942566
train/pyramid_l1,43300.0,0.13131561875343323
train/pyramid_l1,43350.0,0.11831438541412354
train/pyramid_l1,43400.0,0.12376762926578522
train/pyramid_l1,43450.0,0.1274476945400238
train/pyramid_l1,43500.0,0.12214891612529755
train/pyramid_l1,43550.0,0.1215430200099945
train/pyramid_l1,43600.0,0.11623269319534302
train/pyramid_l1,43650.0,0.12480407953262329
train/pyramid_l1,43700.0,0.11778169870376587
train/pyramid_l1,43750.0,0.11213859170675278
train/pyramid_l1,43800.0,0.11696698516607285
train/pyramid_l1,43850.0,0.1267922818660736
train/pyramid_l1,43900.0,0.11720019578933716
train/pyramid_l1,43950.0,0.1112602949142456
train/pyramid_l1,44000.0,0.11531411111354828
train/pyramid_l1,44050.0,0.12371259927749634
train/pyramid_l1,44100.0,0.12169541418552399
train/pyramid_l1,44150.0,0.15207956731319427
train/pyramid_l1,44200.0,0.11925572156906128
train/pyramid_l1,44250.0,0.10619407892227173
train/pyramid_l1,44300.0,0.13403913378715515
train/pyramid_l1,44350.0,0.11656616628170013
train/pyramid_l1,44400.0,0.12418781965970993
train/pyramid_l1,44450.0,0.11985552310943604
train/pyramid_l1,44500.0,0.09477599710226059
train/pyramid_l1,44550.0,0.11104404926300049
train/pyramid_l1,44600.0,0.137533500790596
train/pyramid_l1,44650.0,0.12786689400672913
train/pyramid_l1,44700.0,0.13468477129936218
train/pyramid_l1,44750.0,0.15088827908039093
train/pyramid_l1,44800.0,0.1162019670009613
train/pyramid_l1,44850.0,0.12125968933105469
train/pyramid_l1,44900.0,0.12884551286697388
train/pyramid_l1,44950.0,0.113362155854702
train/pyramid_l1,45000.0,0.11438094079494476
train/pyramid_l1,45050.0,0.12941183149814606
train/pyramid_l1,45100.0,0.14025333523750305
train/pyramid_l1,45150.0,0.12083834409713745
train/pyramid_l1,45200.0,0.1243450865149498
train/pyramid_l1,45250.0,0.1213591918349266
train/pyramid_l1,45300.0,0.0905851349234581
train/pyramid_l1,45350.0,0.13721363246440887
train/pyramid_l1,45400.0,0.12588812410831451
train/pyramid_l1,45450.0,0.13817515969276428
train/pyramid_l1,45500.0,0.12777277827262878
train/pyramid_l1,45550.0,0.13089612126350403
train/pyramid_l1,45600.0,0.12386913597583771
train/pyramid_l1,45650.0,0.1293259859085083
train/pyramid_l1,45700.0,0.11879163235425949
train/pyramid_l1,45750.0,0.10875493288040161
train/pyramid_l1,45800.0,0.1224336251616478
train/pyramid_l1,45850.0,0.13894067704677582
train/pyramid_l1,45900.0,0.11195915937423706
train/pyramid_l1,45950.0,0.12476456165313721
train/pyramid_l1,46000.0,0.12584565579891205
train/pyramid_l1,46050.0,0.1083989068865776
train/pyramid_l1,46100.0,0.13007736206054688
train/pyramid_l1,46150.0,0.1150633692741394
train/pyramid_l1,46200.0,0.1418103724718094
train/pyramid_l1,46250.0,0.1294877678155899
train/pyramid_l1,46300.0,0.1259719729423523
train/pyramid_l1,46350.0,0.12500444054603577
train/pyramid_l1,46400.0,0.13039612770080566
train/pyramid_l1,46450.0,0.12197624891996384
train/pyramid_l1,46500.0,0.11512811481952667
train/pyramid_l1,46550.0,0.12505953013896942
train/pyramid_l1,46600.0,0.12155449390411377
train/pyramid_l1,46650.0,0.11127969622612
train/pyramid_l1,46700.0,0.12081488221883774
train/pyramid_l1,46750.0,0.10011197626590729
train/pyramid_l1,46800.0,0.1054554209113121
train/pyramid_l1,46850.0,0.13793407380580902
train/pyramid_l1,46900.0,0.10136288404464722
train/pyramid_l1,46950.0,0.10866211354732513
train/pyramid_l1,47000.0,0.13538603484630585
train/pyramid_l1,47050.0,0.1186964139342308
train/pyramid_l1,47100.0,0.12505339086055756
train/pyramid_l1,47150.0,0.11454153060913086
train/pyramid_l1,47200.0,0.11179705709218979
train/pyramid_l1,47250.0,0.13540531694889069
train/pyramid_l1,47300.0,0.12304576486349106
train/pyramid_l1,47350.0,0.10568313300609589
train/pyramid_l1,47400.0,0.1015940010547638
train/pyramid_l1,47450.0,0.15536847710609436
train/pyramid_l1,47500.0,0.11133658140897751
train/pyramid_l1,47550.0,0.12499084323644638
train/pyramid_l1,47600.0,0.15092691779136658
train/pyramid_l1,47650.0,0.1307201385498047
train/pyramid_l1,47700.0,0.12530454993247986
train/pyramid_l1,47750.0,0.14017558097839355
train/pyramid_l1,47800.0,0.12465399503707886
train/pyramid_l1,47850.0,0.1249968558549881
train/pyramid_l1,47900.0,0.12915323674678802
train/pyramid_l1,47950.0,0.11608436703681946
train/pyramid_l1,48000.0,0.1332523077726364
train/pyramid_l1,48050.0,0.10610650479793549
train/pyramid_l1,48100.0,0.11860130727291107
train/pyramid_l1,48150.0,0.12855860590934753
train/pyramid_l1,48200.0,0.09755109250545502
train/pyramid_l1,48250.0,0.11181958764791489
train/pyramid_l1,48300.0,0.13282983005046844
train/pyramid_l1,48350.0,0.12193873524665833
train/pyramid_l1,48400.0,0.1154903769493103
train/pyramid_l1,48450.0,0.1204882264137268
train/pyramid_l1,48500.0,0.12486910074949265
train/pyramid_l1,48550.0,0.12093287706375122
train/pyramid_l1,48600.0,0.09846840798854828
train/pyramid_l1,48650.0,0.10249994695186615
train/pyramid_l1,48700.0,0.08245982974767685
train/pyramid_l1,48750.0,0.12999878823757172
train/pyramid_l1,48800.0,0.12339192628860474
train/pyramid_l1,48850.0,0.12658819556236267
train/pyramid_l1,48900.0,0.1292894333600998
train/pyramid_l1,48950.0,0.14316733181476593
train/pyramid_l1,49000.0,0.1496606022119522
train/pyramid_l1,49050.0,0.11515487730503082
train/pyramid_l1,49100.0,0.10408898442983627
train/pyramid_l1,49150.0,0.11591466516256332
train/pyramid_l1,49200.0,0.11203129589557648
train/pyramid_l1,49250.0,0.09563970565795898
train/pyramid_l1,49300.0,0.1311570256948471
train/pyramid_l1,49350.0,0.12227299064397812
train/pyramid_l1,49400.0,0.11593001335859299
train/pyramid_l1,49450.0,0.10525282472372055
train/pyramid_l1,49500.0,0.11770354956388474
train/pyramid_l1,49550.0,0.11868663877248764
train/pyramid_l1,49600.0,0.10861378908157349
train/pyramid_l1,49650.0,0.14901164174079895
train/pyramid_l1,49700.0,0.11554020643234253
train/pyramid_l1,49750.0,0.12312792241573334
train/pyramid_l1,49800.0,0.12222527712583542
train/pyramid_l1,49850.0,0.1280684620141983
train/pyramid_l1,49900.0,0.1123552918434143
train/pyramid_l1,49950.0,0.12231948226690292
train/pyramid_l1,50000.0,0.11407118290662766
train/pyramid_l1,50050.0,0.12615954875946045
train/pyramid_l1,50100.0,0.1258188784122467
train/pyramid_l1,50150.0,0.11737287044525146
train/pyramid_l1,50200.0,0.13453543186187744
train/pyramid_l1,50250.0,0.11792298406362534
train/pyramid_l1,50300.0,0.11413908004760742
train/pyramid_l1,50350.0,0.10733050107955933
train/pyramid_l1,50400.0,0.11850401759147644
train/pyramid_l1,50450.0,0.1273518204689026
train/pyramid_l1,50500.0,0.10077482461929321
train/pyramid_l1,50550.0,0.15157413482666016
train/pyramid_l1,50600.0,0.09267567098140717
train/pyramid_l1,50650.0,0.11528640985488892
train/pyramid_l1,50700.0,0.14114594459533691
train/pyramid_l1,50750.0,0.12552441656589508
train/pyramid_l1,50800.0,0.10013624280691147
train/pyramid_l1,50850.0,0.13851629197597504
train/pyramid_l1,50900.0,0.12584201991558075
train/pyramid_l1,50950.0,0.1120256632566452
train/pyramid_l1,51000.0,0.1021585687994957
train/pyramid_l1,51050.0,0.12030570209026337
train/pyramid_l1,51100.0,0.10173211991786957
train/pyramid_l1,51150.0,0.13186854124069214
train/pyramid_l1,51200.0,0.12760771811008453
train/pyramid_l1,51250.0,0.1313244253396988
train/pyramid_l1,51300.0,0.12097924947738647
train/pyramid_l1,51350.0,0.14592407643795013
train/pyramid_l1,51400.0,0.13240396976470947
train/pyramid_l1,51450.0,0.10476573556661606
train/pyramid_l1,51500.0,0.11310239136219025
train/pyramid_l1,51550.0,0.11147385835647583
train/pyramid_l1,51600.0,0.1343161165714264
train/pyramid_l1,51650.0,0.1252647340297699
train/pyramid_l1,51700.0,0.10240461677312851
train/pyramid_l1,51750.0,0.12817798554897308
train/pyramid_l1,51800.0,0.10856445133686066
train/pyramid_l1,51850.0,0.12542536854743958
train/pyramid_l1,51900.0,0.13325825333595276
train/pyramid_l2,50.0,0.11723409593105316
train/pyramid_l2,100.0,0.11816990375518799
train/pyramid_l2,150.0,0.08830580115318298
train/pyramid_l2,200.0,0.1036372184753418
train/pyramid_l2,250.0,0.11954563111066818
train/pyramid_l2,300.0,0.12370239198207855
train/pyramid_l2,350.0,0.11106990277767181
train/pyramid_l2,400.0,0.09952982515096664
train/pyramid_l2,450.0,0.10678575932979584
train/pyramid_l2,500.0,0.11478669941425323
train/pyramid_l2,550.0,0.11439943313598633
train/pyramid_l2,600.0,0.09201653301715851
train/pyramid_l2,650.0,0.11906684935092926
train/pyramid_l2,700.0,0.08633272349834442
train/pyramid_l2,750.0,0.1365196257829666
train/pyramid_l2,800.0,0.08949658274650574
train/pyramid_l2,850.0,0.14032956957817078
train/pyramid_l2,900.0,0.11053111404180527
train/pyramid_l2,950.0,0.10603395104408264
train/pyramid_l2,1000.0,0.12221332639455795
train/pyramid_l2,1050.0,0.09388657659292221
train/pyramid_l2,1100.0,0.10660269111394882
train/pyramid_l2,1150.0,0.09765075147151947
train/pyramid_l2,1200.0,0.1019911989569664
train/pyramid_l2,1250.0,0.10646829009056091
train/pyramid_l2,1300.0,0.10760045051574707
train/pyramid_l2,1350.0,0.11624693870544434
train/pyramid_l2,1400.0,0.1409381628036499
train/pyramid_l2,1450.0,0.09562494605779648
train/pyramid_l2,1500.0,0.08824800699949265
train/pyramid_l2,1550.0,0.0983312726020813
train/pyramid_l2,1600.0,0.09167727082967758
train/pyramid_l2,1650.0,0.09645136445760727
train/pyramid_l2,1700.0,0.09911906719207764
train/pyramid_l2,1750.0,0.10218863189220428
train/pyramid_l2,1800.0,0.1431812345981598
train/pyramid_l2,1850.0,0.11720415949821472
train/pyramid_l2,1900.0,0.11675168573856354
train/pyramid_l2,1950.0,0.09771587699651718
train/pyramid_l2,2000.0,0.09110148996114731
train/pyramid_l2,2050.0,0.10423161089420319
train/pyramid_l2,2100.0,0.09695746004581451
train/pyramid_l2,2150.0,0.10586245357990265
train/pyramid_l2,2200.0,0.133221834897995
train/pyramid_l2,2250.0,0.08289484679698944
train/pyramid_l2,2300.0,0.09844450652599335
train/pyramid_l2,2350.0,0.11125298589468002
train/pyramid_l2,2400.0,0.1069488450884819
train/pyramid_l2,2450.0,0.1065235584974289
train/pyramid_l2,2500.0,0.11123528331518173
train/pyramid_l2,2550.0,0.09450832009315491
train/pyramid_l2,2600.0,0.11239968985319138
train/pyramid_l2,2650.0,0.09591668844223022
train/pyramid_l2,2700.0,0.09505368769168854
train/pyramid_l2,2750.0,0.13666746020317078
train/pyramid_l2,2800.0,0.10086381435394287
train/pyramid_l2,2850.0,0.09658648818731308
train/pyramid_l2,2900.0,0.08615072071552277
train/pyramid_l2,2950.0,0.09260773658752441
train/pyramid_l2,3000.0,0.08959123492240906
train/pyramid_l2,3050.0,0.08123798668384552
train/pyramid_l2,3100.0,0.10944029688835144
train/pyramid_l2,3150.0,0.08592778444290161
train/pyramid_l2,3200.0,0.08895038068294525
train/pyramid_l2,3250.0,0.10357715934515
train/pyramid_l2,3300.0,0.10662765800952911
train/pyramid_l2,3350.0,0.07833012193441391
train/pyramid_l2,3400.0,0.0960543304681778
train/pyramid_l2,3450.0,0.10444307327270508
train/pyramid_l2,3500.0,0.11011086404323578
train/pyramid_l2,3550.0,0.08580376207828522
train/pyramid_l2,3600.0,0.12876713275909424
train/pyramid_l2,3650.0,0.09774695336818695
train/pyramid_l2,3700.0,0.09799113124608994
train/pyramid_l2,3750.0,0.09488006681203842
train/pyramid_l2,3800.0,0.11222656816244125
train/pyramid_l2,3850.0,0.09991981089115143
train/pyramid_l2,3900.0,0.08816199004650116
train/pyramid_l2,3950.0,0.08146866410970688
train/pyramid_l2,4000.0,0.1137920469045639
train/pyramid_l2,4050.0,0.0961039662361145
train/pyramid_l2,4100.0,0.09714146703481674
train/pyramid_l2,4150.0,0.11594711244106293
train/pyramid_l2,4200.0,0.12780582904815674
train/pyramid_l2,4250.0,0.09868043661117554
train/pyramid_l2,4300.0,0.09699724614620209
train/pyramid_l2,4350.0,0.0926978811621666
train/pyramid_l2,4400.0,0.07793986797332764
train/pyramid_l2,4450.0,0.09716527909040451
train/pyramid_l2,4500.0,0.08640050143003464
train/pyramid_l2,4550.0,0.09515615552663803
train/pyramid_l2,4600.0,0.08984999358654022
train/pyramid_l2,4650.0,0.09576348960399628
train/pyramid_l2,4700.0,0.11585980653762817
train/pyramid_l2,4750.0,0.0932328924536705
train/pyramid_l2,4800.0,0.10086958855390549
train/pyramid_l2,4850.0,0.08983457088470459
train/pyramid_l2,4900.0,0.0973021388053894
train/pyramid_l2,4950.0,0.09409116953611374
train/pyramid_l2,5000.0,0.08808254450559616
train/pyramid_l2,5050.0,0.09457039833068848
train/pyramid_l2,5100.0,0.10849770158529282
train/pyramid_l2,5150.0,0.09270795434713364
train/pyramid_l2,5200.0,0.09189516305923462
train/pyramid_l2,5250.0,0.10599265992641449
train/pyramid_l2,5300.0,0.12163981050252914
train/pyramid_l2,5350.0,0.10486464202404022
train/pyramid_l2,5400.0,0.10339348763227463
train/pyramid_l2,5450.0,0.0954563170671463
train/pyramid_l2,5500.0,0.10833346843719482
train/pyramid_l2,5550.0,0.10251282155513763
train/pyramid_l2,5600.0,0.09617315232753754
train/pyramid_l2,5650.0,0.08879636228084564
train/pyramid_l2,5700.0,0.1073179841041565
train/pyramid_l2,5750.0,0.11336980760097504
train/pyramid_l2,5800.0,0.10626768320798874
train/pyramid_l2,5850.0,0.10845254361629486
train/pyramid_l2,5900.0,0.09294100850820541
train/pyramid_l2,5950.0,0.10086607933044434
train/pyramid_l2,6000.0,0.07265126705169678
train/pyramid_l2,6050.0,0.09266885370016098
train/pyramid_l2,6100.0,0.08807492256164551
train/pyramid_l2,6150.0,0.08365633338689804
train/pyramid_l2,6200.0,0.08733050525188446
train/pyramid_l2,6250.0,0.08632781356573105
train/pyramid_l2,6300.0,0.09947890043258667
train/pyramid_l2,6350.0,0.08942627906799316
train/pyramid_l2,6400.0,0.10730157792568207
train/pyramid_l2,6450.0,0.10629314184188843
train/pyramid_l2,6500.0,0.08759583532810211
train/pyramid_l2,6550.0,0.08425139635801315
train/pyramid_l2,6600.0,0.07251536101102829
train/pyramid_l2,6650.0,0.10329397767782211
train/pyramid_l2,6700.0,0.11872492730617523
train/pyramid_l2,6750.0,0.13237252831459045
train/pyramid_l2,6800.0,0.10918641090393066
train/pyramid_l2,6850.0,0.09570789337158203
train/pyramid_l2,6900.0,0.10074007511138916
train/pyramid_l2,6950.0,0.09436126798391342
train/pyramid_l2,7000.0,0.09627719968557358
train/pyramid_l2,7050.0,0.078864187002182
train/pyramid_l2,7100.0,0.08758475631475449
train/pyramid_l2,7150.0,0.09233032912015915
train/pyramid_l2,7200.0,0.09396084398031235
train/pyramid_l2,7250.0,0.1034485325217247
train/pyramid_l2,7300.0,0.10207337141036987
train/pyramid_l2,7350.0,0.11611291021108627
train/pyramid_l2,7400.0,0.10308414697647095
train/pyramid_l2,7450.0,0.10767698287963867
train/pyramid_l2,7500.0,0.10400597751140594
train/pyramid_l2,7550.0,0.10787104070186615
train/pyramid_l2,7600.0,0.10122019052505493
train/pyramid_l2,7650.0,0.10346440970897675
train/pyramid_l2,7700.0,0.11209183186292648
train/pyramid_l2,7750.0,0.10072098672389984
train/pyramid_l2,7800.0,0.08822725713253021
train/pyramid_l2,7850.0,0.10017862170934677
train/pyramid_l2,7900.0,0.09597508609294891
train/pyramid_l2,7950.0,0.09692506492137909
train/pyramid_l2,8000.0,0.0889284759759903
train/pyramid_l2,8050.0,0.08345311880111694
train/pyramid_l2,8100.0,0.09394106268882751
train/pyramid_l2,8150.0,0.1048426628112793
train/pyramid_l2,8200.0,0.09316819161176682
train/pyramid_l2,8250.0,0.10881464183330536
train/pyramid_l2,8300.0,0.10563927888870239
train/pyramid_l2,8350.0,0.09207260608673096
train/pyramid_l2,8400.0,0.12035640329122543
train/pyramid_l2,8450.0,0.11198773235082626
train/pyramid_l2,8500.0,0.09574608504772186
train/pyramid_l2,8550.0,0.09081139415502548
train/pyramid_l2,8600.0,0.08232161402702332
train/pyramid_l2,8650.0,0.0856645330786705
train/pyramid_l2,8700.0,0.0853116512298584
train/pyramid_l2,8750.0,0.10075752437114716
train/pyramid_l2,8800.0,0.08524861931800842
train/pyramid_l2,8850.0,0.11000816524028778
train/pyramid_l2,8900.0,0.10910000652074814
train/pyramid_l2,8950.0,0.09480973333120346
train/pyramid_l2,9000.0,0.10206107795238495
train/pyramid_l2,9050.0,0.0929560586810112
train/pyramid_l2,9100.0,0.09730188548564911
train/pyramid_l2,9150.0,0.08156590163707733
train/pyramid_l2,9200.0,0.09189678728580475
train/pyramid_l2,9250.0,0.12495298683643341
train/pyramid_l2,9300.0,0.09977366775274277
train/pyramid_l2,9350.0,0.10934239625930786
train/pyramid_l2,9400.0,0.10218872874975204
train/pyramid_l2,9450.0,0.10197737067937851
train/pyramid_l2,9500.0,0.08968755602836609
train/pyramid_l2,9550.0,0.09771820157766342
train/pyramid_l2,9600.0,0.07732905447483063
train/pyramid_l2,9650.0,0.0811077356338501
train/pyramid_l2,9700.0,0.08917789161205292
train/pyramid_l2,9750.0,0.09723253548145294
train/pyramid_l2,9800.0,0.09906584024429321
train/pyramid_l2,9850.0,0.11045533418655396
train/pyramid_l2,9900.0,0.10277785360813141
train/pyramid_l2,9950.0,0.09681326150894165
train/pyramid_l2,10000.0,0.1103021651506424
train/pyramid_l2,10050.0,0.10322671383619308
train/pyramid_l2,10100.0,0.09417492151260376
train/pyramid_l2,10150.0,0.10933026671409607
train/pyramid_l2,10200.0,0.12387766689062119
train/pyramid_l2,10250.0,0.10994872450828552
train/pyramid_l2,10300.0,0.08580728620290756
train/pyramid_l2,10350.0,0.12320192903280258
train/pyramid_l2,10400.0,0.09157966077327728
train/pyramid_l2,10450.0,0.07485218346118927
train/pyramid_l2,10500.0,0.09019267559051514
train/pyramid_l2,10550.0,0.08839520066976547
train/pyramid_l2,10600.0,0.09078694880008698
train/pyramid_l2,10650.0,0.09236924350261688
train/pyramid_l2,10700.0,0.0848076269030571
train/pyramid_l2,10750.0,0.10699079930782318
train/pyramid_l2,10800.0,0.10894578695297241
train/pyramid_l2,10850.0,0.08775705099105835
train/pyramid_l2,10900.0,0.09469666332006454
train/pyramid_l2,10950.0,0.08835987746715546
train/pyramid_l2,11000.0,0.08450767397880554
train/pyramid_l2,11050.0,0.0935901328921318
train/pyramid_l2,11100.0,0.09325426071882248
train/pyramid_l2,11150.0,0.09741878509521484
train/pyramid_l2,11200.0,0.08944150060415268
train/pyramid_l2,11250.0,0.11167421191930771
train/pyramid_l2,11300.0,0.07422337681055069
train/pyramid_l2,11350.0,0.10124775022268295
train/pyramid_l2,11400.0,0.08873967826366425
train/pyramid_l2,11450.0,0.09018337726593018
train/pyramid_l2,11500.0,0.10349791496992111
train/pyramid_l2,11550.0,0.09299392998218536
train/pyramid_l2,11600.0,0.09964767098426819
train/pyramid_l2,11650.0,0.09480783343315125
train/pyramid_l2,11700.0,0.08000855147838593
train/pyramid_l2,11750.0,0.0957280620932579
train/pyramid_l2,11800.0,0.10079936683177948
train/pyramid_l2,11850.0,0.08527936041355133
train/pyramid_l2,11900.0,0.10060956329107285
train/pyramid_l2,11950.0,0.08976467698812485
train/pyramid_l2,12000.0,0.09668495506048203
train/pyramid_l2,12050.0,0.09443075954914093
train/pyramid_l2,12100.0,0.10522260516881943
train/pyramid_l2,12150.0,0.08498197793960571
train/pyramid_l2,12200.0,0.0957077369093895
train/pyramid_l2,12250.0,0.10160662233829498
train/pyramid_l2,12300.0,0.08108081668615341
train/pyramid_l2,12350.0,0.09310593456029892
train/pyramid_l2,12400.0,0.09406930208206177
train/pyramid_l2,12450.0,0.10049136728048325
train/pyramid_l2,12500.0,0.09732159227132797
train/pyramid_l2,12550.0,0.09577850997447968
train/pyramid_l2,12600.0,0.09915583580732346
train/pyramid_l2,12650.0,0.10815455764532089
train/pyramid_l2,12700.0,0.10200655460357666
train/pyramid_l2,12750.0,0.10542541742324829
train/pyramid_l2,12800.0,0.0807492733001709
train/pyramid_l2,12850.0,0.07731582224369049
train/pyramid_l2,12900.0,0.08061432093381882
train/pyramid_l2,12950.0,0.09769564867019653
train/pyramid_l2,13000.0,0.09066217392683029
train/pyramid_l2,13050.0,0.09522580355405807
train/pyramid_l2,13100.0,0.12484796345233917
train/pyramid_l2,13150.0,0.10255180299282074
train/pyramid_l2,13200.0,0.09415274113416672
train/pyramid_l2,13250.0,0.10483418405056
train/pyramid_l2,13300.0,0.11405378580093384
train/pyramid_l2,13350.0,0.10251926630735397
train/pyramid_l2,13400.0,0.09065762162208557
train/pyramid_l2,13450.0,0.09507855027914047
train/pyramid_l2,13500.0,0.10652949661016464
train/pyramid_l2,13550.0,0.10031088441610336
train/pyramid_l2,13600.0,0.09453624486923218
train/pyramid_l2,13650.0,0.08844753354787827
train/pyramid_l2,13700.0,0.08935551345348358
train/pyramid_l2,13750.0,0.10635074228048325
train/pyramid_l2,13800.0,0.11417510360479355
train/pyramid_l2,13850.0,0.08893781900405884
train/pyramid_l2,13900.0,0.08721911907196045
train/pyramid_l2,13950.0,0.09734001755714417
train/pyramid_l2,14000.0,0.11005320399999619
train/pyramid_l2,14050.0,0.08026226609945297
train/pyramid_l2,14100.0,0.13584864139556885
train/pyramid_l2,14150.0,0.08720523118972778
train/pyramid_l2,14200.0,0.10415852069854736
train/pyramid_l2,14250.0,0.09895670413970947
train/pyramid_l2,14300.0,0.1031605526804924
train/pyramid_l2,14350.0,0.08317404240369797
train/pyramid_l2,14400.0,0.08108137547969818
train/pyramid_l2,14450.0,0.09512951970100403
train/pyramid_l2,14500.0,0.10174890607595444
train/pyramid_l2,14550.0,0.09221011400222778
train/pyramid_l2,14600.0,0.08749029040336609
train/pyramid_l2,14650.0,0.09398707002401352
train/pyramid_l2,14700.0,0.08541496843099594
train/pyramid_l2,14750.0,0.096433125436306
train/pyramid_l2,14800.0,0.08411550521850586
train/pyramid_l2,14850.0,0.09224115312099457
train/pyramid_l2,14900.0,0.07479779422283173
train/pyramid_l2,14950.0,0.08813175559043884
train/pyramid_l2,15000.0,0.09140527248382568
train/pyramid_l2,15050.0,0.08345884084701538
train/pyramid_l2,15100.0,0.09689512103796005
train/pyramid_l2,15150.0,0.10009317845106125
train/pyramid_l2,15200.0,0.09919600188732147
train/pyramid_l2,15250.0,0.09559659659862518
train/pyramid_l2,15300.0,0.08381624519824982
train/pyramid_l2,15350.0,0.07051326334476471
train/pyramid_l2,15400.0,0.07293976843357086
train/pyramid_l2,15450.0,0.08581306785345078
train/pyramid_l2,15500.0,0.09833776950836182
train/pyramid_l2,15550.0,0.0891350507736206
train/pyramid_l2,15600.0,0.08878062665462494
train/pyramid_l2,15650.0,0.08544789254665375
train/pyramid_l2,15700.0,0.07879763841629028
train/pyramid_l2,15750.0,0.09631668031215668
train/pyramid_l2,15800.0,0.09457574784755707
train/pyramid_l2,15850.0,0.09648729860782623
train/pyramid_l2,15900.0,0.08603352308273315
train/pyramid_l2,15950.0,0.0793810486793518
train/pyramid_l2,16000.0,0.09250839799642563
train/pyramid_l2,16050.0,0.09493380784988403
train/pyramid_l2,16100.0,0.08698153495788574
train/pyramid_l2,16150.0,0.0790669396519661
train/pyramid_l2,16200.0,0.08542608469724655
train/pyramid_l2,16250.0,0.10719455778598785
train/pyramid_l2,16300.0,0.10348862409591675
train/pyramid_l2,16350.0,0.10889846086502075
train/pyramid_l2,16400.0,0.09047215431928635
train/pyramid_l2,16450.0,0.0890178307890892
train/pyramid_l2,16500.0,0.08915892243385315
train/pyramid_l2,16550.0,0.0981559306383133
train/pyramid_l2,16600.0,0.08428388833999634
train/pyramid_l2,16650.0,0.10708501189947128
train/pyramid_l2,16700.0,0.09587262570858002
train/pyramid_l2,16750.0,0.08170535415410995
train/pyramid_l2,16800.0,0.08766951411962509
train/pyramid_l2,16850.0,0.091724693775177
train/pyramid_l2,16900.0,0.09399186074733734
train/pyramid_l2,16950.0,0.08205237239599228
train/pyramid_l2,17000.0,0.09183361381292343
train/pyramid_l2,17050.0,0.08743053674697876
train/pyramid_l2,17100.0,0.09974128007888794
train/pyramid_l2,17150.0,0.10284669697284698
train/pyramid_l2,17200.0,0.12108057737350464
train/pyramid_l2,17250.0,0.11166073381900787
train/pyramid_l2,17300.0,0.0810331255197525
train/pyramid_l2,17350.0,0.10758082568645477
train/pyramid_l2,17400.0,0.09948331117630005
train/pyramid_l2,17450.0,0.08107413351535797
train/pyramid_l2,17500.0,0.09256519377231598
train/pyramid_l2,17550.0,0.09732332080602646
train/pyramid_l2,17600.0,0.0796368271112442
train/pyramid_l2,17650.0,0.09893161058425903
train/pyramid_l2,17700.0,0.07880580425262451
train/pyramid_l2,17750.0,0.08887498080730438
train/pyramid_l2,17800.0,0.09502195566892624
train/pyramid_l2,17850.0,0.08305643498897552
train/pyramid_l2,17900.0,0.08652382344007492
train/pyramid_l2,17950.0,0.11501388251781464
train/pyramid_l2,18000.0,0.10353361070156097
train/pyramid_l2,18050.0,0.08614052832126617
train/pyramid_l2,18100.0,0.10037561506032944
train/pyramid_l2,18150.0,0.08373133838176727
train/pyramid_l2,18200.0,0.09120860695838928
train/pyramid_l2,18250.0,0.08905138075351715
train/pyramid_l2,18300.0,0.07807060331106186
train/pyramid_l2,18350.0,0.09426479041576385
train/pyramid_l2,18400.0,0.09791817516088486
train/pyramid_l2,18450.0,0.1100536435842514
train/pyramid_l2,18500.0,0.10407242178916931
train/pyramid_l2,18550.0,0.10913151502609253
train/pyramid_l2,18600.0,0.08999883383512497
train/pyramid_l2,18650.0,0.08317741751670837
train/pyramid_l2,18700.0,0.0952383503317833
train/pyramid_l2,18750.0,0.07412568479776382
train/pyramid_l2,18800.0,0.09962788224220276
train/pyramid_l2,18850.0,0.09825447201728821
train/pyramid_l2,18900.0,0.08131392300128937
train/pyramid_l2,18950.0,0.07830947637557983
train/pyramid_l2,19000.0,0.09666691720485687
train/pyramid_l2,19050.0,0.10470011830329895
train/pyramid_l2,19100.0,0.0835624560713768
train/pyramid_l2,19150.0,0.08867736905813217
train/pyramid_l2,19200.0,0.09625016152858734
train/pyramid_l2,19250.0,0.0907215029001236
train/pyramid_l2,19300.0,0.09128879010677338
train/pyramid_l2,19350.0,0.07667188346385956
train/pyramid_l2,19400.0,0.09442906081676483
train/pyramid_l2,19450.0,0.09947295486927032
train/pyramid_l2,19500.0,0.08764000236988068
train/pyramid_l2,19550.0,0.09944551438093185
train/pyramid_l2,19600.0,0.08587068319320679
train/pyramid_l2,19650.0,0.13511911034584045
train/pyramid_l2,19700.0,0.08310128003358841
train/pyramid_l2,19750.0,0.09950904548168182
train/pyramid_l2,19800.0,0.08568087220191956
train/pyramid_l2,19850.0,0.09983249753713608
train/pyramid_l2,19900.0,0.09928913414478302
train/pyramid_l2,19950.0,0.11895068734884262
train/pyramid_l2,20000.0,0.1130569577217102
train/pyramid_l2,20050.0,0.09228071570396423
train/pyramid_l2,20100.0,0.11427135765552521
train/pyramid_l2,20150.0,0.0922592282295227
train/pyramid_l2,20200.0,0.08395197242498398
train/pyramid_l2,20250.0,0.0907062292098999
train/pyramid_l2,20300.0,0.10660825669765472
train/pyramid_l2,20350.0,0.08048516511917114
train/pyramid_l2,20400.0,0.0983215793967247
train/pyramid_l2,20450.0,0.08907073736190796
train/pyramid_l2,20500.0,0.09758906811475754
train/pyramid_l2,20550.0,0.0817987322807312
train/pyramid_l2,20600.0,0.07929450273513794
train/pyramid_l2,20650.0,0.09782086312770844
train/pyramid_l2,20700.0,0.1021978110074997
train/pyramid_l2,20750.0,0.10110118240118027
train/pyramid_l2,20800.0,0.09815853089094162
train/pyramid_l2,20850.0,0.10575293004512787
train/pyramid_l2,20900.0,0.0947030633687973
train/pyramid_l2,20950.0,0.09357813000679016
train/pyramid_l2,21000.0,0.09631940722465515
train/pyramid_l2,21050.0,0.08160360157489777
train/pyramid_l2,21100.0,0.07837609946727753
train/pyramid_l2,21150.0,0.08174477517604828
train/pyramid_l2,21200.0,0.09640517085790634
train/pyramid_l2,21250.0,0.09266939014196396
train/pyramid_l2,21300.0,0.111365407705307
train/pyramid_l2,21350.0,0.08733399957418442
train/pyramid_l2,21400.0,0.09030595421791077
train/pyramid_l2,21450.0,0.10320910811424255
train/pyramid_l2,21500.0,0.10109125822782516
train/pyramid_l2,21550.0,0.07220969349145889
train/pyramid_l2,21600.0,0.0772753655910492
train/pyramid_l2,21650.0,0.08416567742824554
train/pyramid_l2,21700.0,0.0922592282295227
train/pyramid_l2,21750.0,0.11200704425573349
train/pyramid_l2,21800.0,0.0902569591999054
train/pyramid_l2,21850.0,0.08888223767280579
train/pyramid_l2,21900.0,0.08337067067623138
train/pyramid_l2,21950.0,0.0911191999912262
train/pyramid_l2,22000.0,0.09503106772899628
train/pyramid_l2,22050.0,0.0928337424993515
train/pyramid_l2,22100.0,0.10038159787654877
train/pyramid_l2,22150.0,0.0811089426279068
train/pyramid_l2,22200.0,0.09008181095123291
train/pyramid_l2,22250.0,0.10767960548400879
train/pyramid_l2,22300.0,0.06915393471717834
train/pyramid_l2,22350.0,0.0851418599486351
train/pyramid_l2,22400.0,0.08565470576286316
train/pyramid_l2,22450.0,0.0878274068236351
train/pyramid_l2,22500.0,0.08871986716985703
train/pyramid_l2,22550.0,0.09044112265110016
train/pyramid_l2,22600.0,0.10065465420484543
train/pyramid_l2,22650.0,0.09834202378988266
train/pyramid_l2,22700.0,0.12214311212301254
train/pyramid_l2,22750.0,0.08370130509138107
train/pyramid_l2,22800.0,0.11729137599468231
train/pyramid_l2,22850.0,0.1060258150100708
train/pyramid_l2,22900.0,0.10301816463470459
train/pyramid_l2,22950.0,0.09964289516210556
train/pyramid_l2,23000.0,0.08546596765518188
train/pyramid_l2,23050.0,0.0813153088092804
train/pyramid_l2,23100.0,0.07298379391431808
train/pyramid_l2,23150.0,0.080759197473526
train/pyramid_l2,23200.0,0.10654556006193161
train/pyramid_l2,23250.0,0.07312623411417007
train/pyramid_l2,23300.0,0.07497142255306244
train/pyramid_l2,23350.0,0.09751717746257782
train/pyramid_l2,23400.0,0.09076981246471405
train/pyramid_l2,23450.0,0.10901673138141632
train/pyramid_l2,23500.0,0.1156696081161499
train/pyramid_l2,23550.0,0.0678686574101448
train/pyramid_l2,23600.0,0.08826607465744019
train/pyramid_l2,23650.0,0.09375534951686859
train/pyramid_l2,23700.0,0.08338051289319992
train/pyramid_l2,23750.0,0.07232075929641724
train/pyramid_l2,23800.0,0.10286833345890045
train/pyramid_l2,23850.0,0.08658482879400253
train/pyramid_l2,23900.0,0.08370129764080048
train/pyramid_l2,23950.0,0.1120639368891716
train/pyramid_l2,24000.0,0.09754340350627899
train/pyramid_l2,24050.0,0.08338652551174164
train/pyramid_l2,24100.0,0.08976821601390839
train/pyramid_l2,24150.0,0.08000418543815613
train/pyramid_l2,24200.0,0.10140585899353027
train/pyramid_l2,24250.0,0.07977504283189774
train/pyramid_l2,24300.0,0.08526246249675751
train/pyramid_l2,24350.0,0.060359299182891846
train/pyramid_l2,24400.0,0.10606968402862549
train/pyramid_l2,24450.0,0.10352815687656403
train/pyramid_l2,24500.0,0.08546745777130127
train/pyramid_l2,24550.0,0.14695724844932556
train/pyramid_l2,24600.0,0.08389894664287567
train/pyramid_l2,24650.0,0.07964514940977097
train/pyramid_l2,24700.0,0.10982155799865723
train/pyramid_l2,24750.0,0.08048057556152344
train/pyramid_l2,24800.0,0.08665278553962708
train/pyramid_l2,24850.0,0.09431253373622894
train/pyramid_l2,24900.0,0.08280369639396667
train/pyramid_l2,24950.0,0.0892457664012909
train/pyramid_l2,25000.0,0.10079674422740936
train/pyramid_l2,25050.0,0.09662269055843353
train/pyramid_l2,25100.0,0.08146815001964569
train/pyramid_l2,25150.0,0.08001631498336792
train/pyramid_l2,25200.0,0.09470369666814804
train/pyramid_l2,25250.0,0.06492260843515396
train/pyramid_l2,25300.0,0.07639121264219284
train/pyramid_l2,25350.0,0.08772212266921997
train/pyramid_l2,25400.0,0.0936984047293663
train/pyramid_l2,25450.0,0.08267602324485779
train/pyramid_l2,25500.0,0.10675447434186935
train/pyramid_l2,25550.0,0.09492935240268707
train/pyramid_l2,25600.0,0.09084274619817734
train/pyramid_l2,25650.0,0.08039432018995285
train/pyramid_l2,25700.0,0.10095074772834778
train/pyramid_l2,25750.0,0.0848056897521019
train/pyramid_l2,25800.0,0.09421902894973755
train/pyramid_l2,25850.0,0.09460878372192383
train/pyramid_l2,25900.0,0.11266659200191498
train/pyramid_l2,25950.0,0.07575573772192001
train/pyramid_l2,26000.0,0.0961197167634964
train/pyramid_l2,26050.0,0.0777297243475914
train/pyramid_l2,26100.0,0.08675090968608856
train/pyramid_l2,26150.0,0.09110802412033081
train/pyramid_l2,26200.0,0.07745838165283203
train/pyramid_l2,26250.0,0.08614465594291687
train/pyramid_l2,26300.0,0.09574892371892929
train/pyramid_l2,26350.0,0.08636881411075592
train/pyramid_l2,26400.0,0.10030065476894379
train/pyramid_l2,26450.0,0.09537184238433838
train/pyramid_l2,26500.0,0.08158156275749207
train/pyramid_l2,26550.0,0.1036120355129242
train/pyramid_l2,26600.0,0.08359526097774506
train/pyramid_l2,26650.0,0.09335681051015854
train/pyramid_l2,26700.0,0.10199924558401108
train/pyramid_l2,26750.0,0.09812897443771362
train/pyramid_l2,26800.0,0.08799505233764648
train/pyramid_l2,26850.0,0.1075294017791748
train/pyramid_l2,26900.0,0.09748184680938721
train/pyramid_l2,26950.0,0.0898216962814331
train/pyramid_l2,27000.0,0.06808269768953323
train/pyramid_l2,27050.0,0.08616503328084946
train/pyramid_l2,27100.0,0.08105416595935822
train/pyramid_l2,27150.0,0.0968523845076561
train/pyramid_l2,27200.0,0.0949588268995285
train/pyramid_l2,27250.0,0.08384224027395248
train/pyramid_l2,27300.0,0.07653950154781342
train/pyramid_l2,27350.0,0.11043377965688705
train/pyramid_l2,27400.0,0.07917533814907074
train/pyramid_l2,27450.0,0.08606773614883423
train/pyramid_l2,27500.0,0.10252450406551361
train/pyramid_l2,27550.0,0.07815837860107422
train/pyramid_l2,27600.0,0.10396083444356918
train/pyramid_l2,27650.0,0.08616816997528076
train/pyramid_l2,27700.0,0.072829470038414
train/pyramid_l2,27750.0,0.10239952802658081
train/pyramid_l2,27800.0,0.10739200562238693
train/pyramid_l2,27850.0,0.08970378339290619
train/pyramid_l2,27900.0,0.09189473092556
train/pyramid_l2,27950.0,0.08925268054008484
train/pyramid_l2,28000.0,0.10114997625350952
train/pyramid_l2,28050.0,0.07055148482322693
train/pyramid_l2,28100.0,0.08493410795927048
train/pyramid_l2,28150.0,0.07672104239463806
train/pyramid_l2,28200.0,0.08151161670684814
train/pyramid_l2,28250.0,0.08844941109418869
train/pyramid_l2,28300.0,0.12187562882900238
train/pyramid_l2,28350.0,0.10108344256877899
train/pyramid_l2,28400.0,0.09065389633178711
train/pyramid_l2,28450.0,0.07663455605506897
train/pyramid_l2,28500.0,0.07838869094848633
train/pyramid_l2,28550.0,0.09074392169713974
train/pyramid_l2,28600.0,0.0795198380947113
train/pyramid_l2,28650.0,0.08862200379371643
train/pyramid_l2,28700.0,0.07236132025718689
train/pyramid_l2,28750.0,0.08152484148740768
train/pyramid_l2,28800.0,0.1117619201540947
train/pyramid_l2,28850.0,0.10465659946203232
train/pyramid_l2,28900.0,0.0810445100069046
train/pyramid_l2,28950.0,0.08321443945169449
train/pyramid_l2,29000.0,0.08935126662254333
train/pyramid_l2,29050.0,0.10251037776470184
train/pyramid_l2,29100.0,0.0723644569516182
train/pyramid_l2,29150.0,0.09016194194555283
train/pyramid_l2,29200.0,0.08211737126111984
train/pyramid_l2,29250.0,0.0893697589635849
train/pyramid_l2,29300.0,0.08565463870763779
train/pyramid_l2,29350.0,0.08446399867534637
train/pyramid_l2,29400.0,0.0776747316122055
train/pyramid_l2,29450.0,0.0754890888929367
train/pyramid_l2,29500.0,0.09233155101537704
train/pyramid_l2,29550.0,0.10767322033643723
train/pyramid_l2,29600.0,0.08878012001514435
train/pyramid_l2,29650.0,0.09034822881221771
train/pyramid_l2,29700.0,0.09036719799041748
train/pyramid_l2,29750.0,0.07721654325723648
train/pyramid_l2,29800.0,0.09139318764209747
train/pyramid_l2,29850.0,0.09140777587890625
train/pyramid_l2,29900.0,0.0719575434923172
train/pyramid_l2,29950.0,0.11754479259252548
train/pyramid_l2,30000.0,0.08376183360815048
train/pyramid_l2,30050.0,0.08304008096456528
train/pyramid_l2,30100.0,0.08410364389419556
train/pyramid_l2,30150.0,0.0947531908750534
train/pyramid_l2,30200.0,0.10529198497533798
train/pyramid_l2,30250.0,0.07032650709152222
train/pyramid_l2,30300.0,0.10552602261304855
train/pyramid_l2,30350.0,0.10571426153182983
train/pyramid_l2,30400.0,0.0901116132736206
train/pyramid_l2,30450.0,0.10695414245128632
train/pyramid_l2,30500.0,0.09031827747821808
train/pyramid_l2,30550.0,0.0743877962231636
train/pyramid_l2,30600.0,0.09666671603918076
train/pyramid_l2,30650.0,0.08799316734075546
train/pyramid_l2,30700.0,0.08143433928489685
train/pyramid_l2,30750.0,0.0907486230134964
train/pyramid_l2,30800.0,0.08835270255804062
train/pyramid_l2,30850.0,0.10466599464416504
train/pyramid_l2,30900.0,0.08881445974111557
train/pyramid_l2,30950.0,0.06501905620098114
train/pyramid_l2,31000.0,0.10869728773832321
train/pyramid_l2,31050.0,0.06765086948871613
train/pyramid_l2,31100.0,0.10632576793432236
train/pyramid_l2,31150.0,0.09440971910953522
train/pyramid_l2,31200.0,0.09198352694511414
train/pyramid_l2,31250.0,0.09210868179798126
train/pyramid_l2,31300.0,0.08050556480884552
train/pyramid_l2,31350.0,0.0799923837184906
train/pyramid_l2,31400.0,0.10559998452663422
train/pyramid_l2,31450.0,0.077913299202919
train/pyramid_l2,31500.0,0.08333685249090195
train/pyramid_l2,31550.0,0.0806732326745987
train/pyramid_l2,31600.0,0.09623446315526962
train/pyramid_l2,31650.0,0.0949195921421051
train/pyramid_l2,31700.0,0.10343259572982788
train/pyramid_l2,31750.0,0.0935923382639885
train/pyramid_l2,31800.0,0.09105753153562546
train/pyramid_l2,31850.0,0.112191341817379
train/pyramid_l2,31900.0,0.09080618619918823
train/pyramid_l2,31950.0,0.09389226883649826
train/pyramid_l2,32000.0,0.09514205902814865
train/pyramid_l2,32050.0,0.08121885359287262
train/pyramid_l2,32100.0,0.0848981961607933
train/pyramid_l2,32150.0,0.09080027788877487
train/pyramid_l2,32200.0,0.08755280822515488
train/pyramid_l2,32250.0,0.0881720632314682
train/pyramid_l2,32300.0,0.11360490322113037
train/pyramid_l2,32350.0,0.08415558189153671
train/pyramid_l2,32400.0,0.08006273210048676
train/pyramid_l2,32450.0,0.08394654840230942
train/pyramid_l2,32500.0,0.09010434150695801
train/pyramid_l2,32550.0,0.09136556088924408
train/pyramid_l2,32600.0,0.05956842750310898
train/pyramid_l2,32650.0,0.08215989172458649
train/pyramid_l2,32700.0,0.08549575507640839
train/pyramid_l2,32750.0,0.10306837409734726
train/pyramid_l2,32800.0,0.10704486072063446
train/pyramid_l2,32850.0,0.08423411846160889
train/pyramid_l2,32900.0,0.07407359778881073
train/pyramid_l2,32950.0,0.09108732640743256
train/pyramid_l2,33000.0,0.08320591598749161
train/pyramid_l2,33050.0,0.08524131774902344
train/pyramid_l2,33100.0,0.08636587858200073
train/pyramid_l2,33150.0,0.08902957290410995
train/pyramid_l2,33200.0,0.09272170066833496
train/pyramid_l2,33250.0,0.08980855345726013
train/pyramid_l2,33300.0,0.07517388463020325
train/pyramid_l2,33350.0,0.08834235370159149
train/pyramid_l2,33400.0,0.0917276069521904
train/pyramid_l2,33450.0,0.08735889196395874
train/pyramid_l2,33500.0,0.08966110646724701
train/pyramid_l2,33550.0,0.0856185182929039
train/pyramid_l2,33600.0,0.09510692209005356
train/pyramid_l2,33650.0,0.09004052728414536
train/pyramid_l2,33700.0,0.08084400743246078
train/pyramid_l2,33750.0,0.07124636322259903
train/pyramid_l2,33800.0,0.08695235103368759
train/pyramid_l2,33850.0,0.06734123826026917
train/pyramid_l2,33900.0,0.08719360828399658
train/pyramid_l2,33950.0,0.08554118871688843
train/pyramid_l2,34000.0,0.07089380919933319
train/pyramid_l2,34050.0,0.0669541209936142
train/pyramid_l2,34100.0,0.07681099325418472
train/pyramid_l2,34150.0,0.0910380482673645
train/pyramid_l2,34200.0,0.09708993136882782
train/pyramid_l2,34250.0,0.07479100674390793
train/pyramid_l2,34300.0,0.12322571128606796
train/pyramid_l2,34350.0,0.08672072738409042
train/pyramid_l2,34400.0,0.09621499478816986
train/pyramid_l2,34450.0,0.09221940487623215
train/pyramid_l2,34500.0,0.1088564395904541
train/pyramid_l2,34550.0,0.10200734436511993
train/pyramid_l2,34600.0,0.10888524353504181
train/pyramid_l2,34650.0,0.09409777820110321
train/pyramid_l2,34700.0,0.09166338294744492
train/pyramid_l2,34750.0,0.10840469598770142
train/pyramid_l2,34800.0,0.09237280488014221
train/pyramid_l2,34850.0,0.10873302817344666
train/pyramid_l2,34900.0,0.1031825840473175
train/pyramid_l2,34950.0,0.07692019641399384
train/pyramid_l2,35000.0,0.08521821349859238
train/pyramid_l2,35050.0,0.10578983277082443
train/pyramid_l2,35100.0,0.08153187483549118
train/pyramid_l2,35150.0,0.09865675866603851
train/pyramid_l2,35200.0,0.06731469929218292
train/pyramid_l2,35250.0,0.09252183139324188
train/pyramid_l2,35300.0,0.08934450149536133
train/pyramid_l2,35350.0,0.07562150061130524
train/pyramid_l2,35400.0,0.09860263764858246
train/pyramid_l2,35450.0,0.08872582763433456
train/pyramid_l2,35500.0,0.08475219458341599
train/pyramid_l2,35550.0,0.08755660057067871
train/pyramid_l2,35600.0,0.08145975321531296
train/pyramid_l2,35650.0,0.07761376351118088
train/pyramid_l2,35700.0,0.09499432146549225
train/pyramid_l2,35750.0,0.10827237367630005
train/pyramid_l2,35800.0,0.09426592290401459
train/pyramid_l2,35850.0,0.08957570791244507
train/pyramid_l2,35900.0,0.1017848402261734
train/pyramid_l2,35950.0,0.09280316531658173
train/pyramid_l2,36000.0,0.07132525742053986
train/pyramid_l2,36050.0,0.09618397802114487
train/pyramid_l2,36100.0,0.07714530825614929
train/pyramid_l2,36150.0,0.08187529444694519
train/pyramid_l2,36200.0,0.0647084042429924
train/pyramid_l2,36250.0,0.08683115243911743
train/pyramid_l2,36300.0,0.08938831090927124
train/pyramid_l2,36350.0,0.08794456720352173
train/pyramid_l2,36400.0,0.08517201989889145
train/pyramid_l2,36450.0,0.0843423455953598
train/pyramid_l2,36500.0,0.06626635789871216
train/pyramid_l2,36550.0,0.08113229274749756
train/pyramid_l2,36600.0,0.07928971946239471
train/pyramid_l2,36650.0,0.0844242200255394
train/pyramid_l2,36700.0,0.10155284404754639
train/pyramid_l2,36750.0,0.09191447496414185
train/pyramid_l2,36800.0,0.1061510443687439
train/pyramid_l2,36850.0,0.08986925333738327
train/pyramid_l2,36900.0,0.09386956691741943
train/pyramid_l2,36950.0,0.08350595086812973
train/pyramid_l2,37000.0,0.07278765738010406
train/pyramid_l2,37050.0,0.09114456176757812
train/pyramid_l2,37100.0,0.0876392349600792
train/pyramid_l2,37150.0,0.09627567231655121
train/pyramid_l2,37200.0,0.10417842864990234
train/pyramid_l2,37250.0,0.07168733328580856
train/pyramid_l2,37300.0,0.0924530029296875
train/pyramid_l2,37350.0,0.08014045655727386
train/pyramid_l2,37400.0,0.0734768807888031
train/pyramid_l2,37450.0,0.07479989528656006
train/pyramid_l2,37500.0,0.08564282953739166
train/pyramid_l2,37550.0,0.0692625567317009
train/pyramid_l2,37600.0,0.11007845401763916
train/pyramid_l2,37650.0,0.08748164772987366
train/pyramid_l2,37700.0,0.09041357040405273
train/pyramid_l2,37750.0,0.07968124002218246
train/pyramid_l2,37800.0,0.09686987847089767
train/pyramid_l2,37850.0,0.08709996193647385
train/pyramid_l2,37900.0,0.09487368911504745
train/pyramid_l2,37950.0,0.09255044162273407
train/pyramid_l2,38000.0,0.08695559948682785
train/pyramid_l2,38050.0,0.07399570196866989
train/pyramid_l2,38100.0,0.09559687972068787
train/pyramid_l2,38150.0,0.08409909904003143
train/pyramid_l2,38200.0,0.0860881432890892
train/pyramid_l2,38250.0,0.08806948363780975
train/pyramid_l2,38300.0,0.07850516587495804
train/pyramid_l2,38350.0,0.10286951065063477
train/pyramid_l2,38400.0,0.0889928936958313
train/pyramid_l2,38450.0,0.07749591767787933
train/pyramid_l2,38500.0,0.08550908416509628
train/pyramid_l2,38550.0,0.08266022056341171
train/pyramid_l2,38600.0,0.07520690560340881
train/pyramid_l2,38650.0,0.0902123749256134
train/pyramid_l2,38700.0,0.08974933624267578
train/pyramid_l2,38750.0,0.08569186180830002
train/pyramid_l2,38800.0,0.08242535591125488
train/pyramid_l2,38850.0,0.07523320615291595
train/pyramid_l2,38900.0,0.08534301817417145
train/pyramid_l2,38950.0,0.10517147183418274
train/pyramid_l2,39000.0,0.0857134461402893
train/pyramid_l2,39050.0,0.08696900308132172
train/pyramid_l2,39100.0,0.08872835338115692
train/pyramid_l2,39150.0,0.09671936929225922
train/pyramid_l2,39200.0,0.08279469609260559
train/pyramid_l2,39250.0,0.0954708680510521
train/pyramid_l2,39300.0,0.08101008832454681
train/pyramid_l2,39350.0,0.10103005170822144
train/pyramid_l2,39400.0,0.091766357421875
train/pyramid_l2,39450.0,0.09248769283294678
train/pyramid_l2,39500.0,0.07819916307926178
train/pyramid_l2,39550.0,0.07347005605697632
train/pyramid_l2,39600.0,0.0796617865562439
train/pyramid_l2,39650.0,0.09216877818107605
train/pyramid_l2,39700.0,0.07604410499334335
train/pyramid_l2,39750.0,0.1123635396361351
train/pyramid_l2,39800.0,0.0912872776389122
train/pyramid_l2,39850.0,0.08657564967870712
train/pyramid_l2,39900.0,0.08460944145917892
train/pyramid_l2,39950.0,0.09903028607368469
train/pyramid_l2,40000.0,0.09394913911819458
train/pyramid_l2,40050.0,0.09727464616298676
train/pyramid_l2,40100.0,0.09750524163246155
train/pyramid_l2,40150.0,0.07355915755033493
train/pyramid_l2,40200.0,0.07614165544509888
train/pyramid_l2,40250.0,0.09954650700092316
train/pyramid_l2,40300.0,0.08403192460536957
train/pyramid_l2,40350.0,0.08955275267362595
train/pyramid_l2,40400.0,0.06334881484508514
train/pyramid_l2,40450.0,0.08076821267604828
train/pyramid_l2,40500.0,0.09018253535032272
train/pyramid_l2,40550.0,0.10231857001781464
train/pyramid_l2,40600.0,0.08668701350688934
train/pyramid_l2,40650.0,0.10922612249851227
train/pyramid_l2,40700.0,0.08180112391710281
train/pyramid_l2,40750.0,0.08109387755393982
train/pyramid_l2,40800.0,0.09629417955875397
train/pyramid_l2,40850.0,0.08085107803344727
train/pyramid_l2,40900.0,0.0754719004034996
train/pyramid_l2,40950.0,0.09453200548887253
train/pyramid_l2,41000.0,0.07015018910169601
train/pyramid_l2,41050.0,0.08249317109584808
train/pyramid_l2,41100.0,0.09853897988796234
train/pyramid_l2,41150.0,0.0907006710767746
train/pyramid_l2,41200.0,0.055856041610240936
train/pyramid_l2,41250.0,0.06212159991264343
train/pyramid_l2,41300.0,0.08178512752056122
train/pyramid_l2,41350.0,0.08174415677785873
train/pyramid_l2,41400.0,0.07785337418317795
train/pyramid_l2,41450.0,0.07371550053358078
train/pyramid_l2,41500.0,0.09149565547704697
train/pyramid_l2,41550.0,0.09571534395217896
train/pyramid_l2,41600.0,0.09557070583105087
train/pyramid_l2,41650.0,0.08499948680400848
train/pyramid_l2,41700.0,0.06865902245044708
train/pyramid_l2,41750.0,0.09472291171550751
train/pyramid_l2,41800.0,0.09762066602706909
train/pyramid_l2,41850.0,0.07980922609567642
train/pyramid_l2,41900.0,0.08976572751998901
train/pyramid_l2,41950.0,0.08384734392166138
train/pyramid_l2,42000.0,0.07747796922922134
train/pyramid_l2,42050.0,0.09545891731977463
train/pyramid_l2,42100.0,0.08455445617437363
train/pyramid_l2,42150.0,0.07787821441888809
train/pyramid_l2,42200.0,0.07761817425489426
train/pyramid_l2,42250.0,0.08609487861394882
train/pyramid_l2,42300.0,0.09234607219696045
train/pyramid_l2,42350.0,0.08506913483142853
train/pyramid_l2,42400.0,0.07850287854671478
train/pyramid_l2,42450.0,0.0833175927400589
train/pyramid_l2,42500.0,0.09770026803016663
train/pyramid_l2,42550.0,0.07968147099018097
train/pyramid_l2,42600.0,0.10325228422880173
train/pyramid_l2,42650.0,0.08924856781959534
train/pyramid_l2,42700.0,0.09578260779380798
train/pyramid_l2,42750.0,0.09134821593761444
train/pyramid_l2,42800.0,0.07570286095142365
train/pyramid_l2,42850.0,0.07166435569524765
train/pyramid_l2,42900.0,0.08336125314235687
train/pyramid_l2,42950.0,0.08695648610591888
train/pyramid_l2,43000.0,0.08788192272186279
train/pyramid_l2,43050.0,0.10350122302770615
train/pyramid_l2,43100.0,0.0965682715177536
train/pyramid_l2,43150.0,0.09902912378311157
train/pyramid_l2,43200.0,0.09216468036174774
train/pyramid_l2,43250.0,0.1005081981420517
train/pyramid_l2,43300.0,0.09078015387058258
train/pyramid_l2,43350.0,0.08638661354780197
train/pyramid_l2,43400.0,0.08802594989538193
train/pyramid_l2,43450.0,0.09840678423643112
train/pyramid_l2,43500.0,0.0823650136590004
train/pyramid_l2,43550.0,0.08318737894296646
train/pyramid_l2,43600.0,0.0865226611495018
train/pyramid_l2,43650.0,0.08626821637153625
train/pyramid_l2,43700.0,0.08472516387701035
train/pyramid_l2,43750.0,0.07929061353206635
train/pyramid_l2,43800.0,0.08059441298246384
train/pyramid_l2,43850.0,0.09200604259967804
train/pyramid_l2,43900.0,0.08411286771297455
train/pyramid_l2,43950.0,0.07823696732521057
train/pyramid_l2,44000.0,0.0826067179441452
train/pyramid_l2,44050.0,0.09606663882732391
train/pyramid_l2,44100.0,0.09853740781545639
train/pyramid_l2,44150.0,0.11848323047161102
train/pyramid_l2,44200.0,0.08487331867218018
train/pyramid_l2,44250.0,0.07173087447881699
train/pyramid_l2,44300.0,0.09524653851985931
train/pyramid_l2,44350.0,0.08278527855873108
train/pyramid_l2,44400.0,0.0845077633857727
train/pyramid_l2,44450.0,0.08530505746603012
train/pyramid_l2,44500.0,0.06910187005996704
train/pyramid_l2,44550.0,0.07959447801113129
train/pyramid_l2,44600.0,0.09412431716918945
train/pyramid_l2,44650.0,0.09131745994091034
train/pyramid_l2,44700.0,0.10116007924079895
train/pyramid_l2,44750.0,0.10791649669408798
train/pyramid_l2,44800.0,0.08312134444713593
train/pyramid_l2,44850.0,0.07981939613819122
train/pyramid_l2,44900.0,0.09121811389923096
train/pyramid_l2,44950.0,0.08097688853740692
train/pyramid_l2,45000.0,0.08332164585590363
train/pyramid_l2,45050.0,0.09991548955440521
train/pyramid_l2,45100.0,0.10114507377147675
train/pyramid_l2,45150.0,0.0831192284822464
train/pyramid_l2,45200.0,0.08654601871967316
train/pyramid_l2,45250.0,0.09193705022335052
train/pyramid_l2,45300.0,0.06632688641548157
train/pyramid_l2,45350.0,0.09754838049411774
train/pyramid_l2,45400.0,0.09188596904277802
train/pyramid_l2,45450.0,0.10273890942335129
train/pyramid_l2,45500.0,0.09240548312664032
train/pyramid_l2,45550.0,0.09411031007766724
train/pyramid_l2,45600.0,0.09221216291189194
train/pyramid_l2,45650.0,0.09573066234588623
train/pyramid_l2,45700.0,0.08892222493886948
train/pyramid_l2,45750.0,0.07292404025793076
train/pyramid_l2,45800.0,0.08896144479513168
train/pyramid_l2,45850.0,0.10003318637609482
train/pyramid_l2,45900.0,0.08588435500860214
train/pyramid_l2,45950.0,0.08937867730855942
train/pyramid_l2,46000.0,0.09212732315063477
train/pyramid_l2,46050.0,0.07633474469184875
train/pyramid_l2,46100.0,0.09971555322408676
train/pyramid_l2,46150.0,0.08117832243442535
train/pyramid_l2,46200.0,0.10808982700109482
train/pyramid_l2,46250.0,0.09397824853658676
train/pyramid_l2,46300.0,0.08925050497055054
train/pyramid_l2,46350.0,0.08824598789215088
train/pyramid_l2,46400.0,0.09324699640274048
train/pyramid_l2,46450.0,0.0871301144361496
train/pyramid_l2,46500.0,0.08710525929927826
train/pyramid_l2,46550.0,0.09369002282619476
train/pyramid_l2,46600.0,0.08950082957744598
train/pyramid_l2,46650.0,0.07809726148843765
train/pyramid_l2,46700.0,0.08653666079044342
train/pyramid_l2,46750.0,0.06855536252260208
train/pyramid_l2,46800.0,0.07750247418880463
train/pyramid_l2,46850.0,0.10236605256795883
train/pyramid_l2,46900.0,0.07318289577960968
train/pyramid_l2,46950.0,0.07969797402620316
train/pyramid_l2,47000.0,0.10210105776786804
train/pyramid_l2,47050.0,0.08510323613882065
train/pyramid_l2,47100.0,0.08643889427185059
train/pyramid_l2,47150.0,0.08057157695293427
train/pyramid_l2,47200.0,0.08078273385763168
train/pyramid_l2,47250.0,0.10385008901357651
train/pyramid_l2,47300.0,0.09264256060123444
train/pyramid_l2,47350.0,0.07529553771018982
train/pyramid_l2,47400.0,0.07403182983398438
train/pyramid_l2,47450.0,0.12624792754650116
train/pyramid_l2,47500.0,0.08277295529842377
train/pyramid_l2,47550.0,0.09265109151601791
train/pyramid_l2,47600.0,0.11980560421943665
train/pyramid_l2,47650.0,0.09818272292613983
train/pyramid_l2,47700.0,0.09228044003248215
train/pyramid_l2,47750.0,0.10808002203702927
train/pyramid_l2,47800.0,0.09074308723211288
train/pyramid_l2,47850.0,0.09527061879634857
train/pyramid_l2,47900.0,0.0905759185552597
train/pyramid_l2,47950.0,0.08556923270225525
train/pyramid_l2,48000.0,0.09084983170032501
train/pyramid_l2,48050.0,0.07385215163230896
train/pyramid_l2,48100.0,0.08467690646648407
train/pyramid_l2,48150.0,0.0902070626616478
train/pyramid_l2,48200.0,0.07486341893672943
train/pyramid_l2,48250.0,0.0787215456366539
train/pyramid_l2,48300.0,0.0970081239938736
train/pyramid_l2,48350.0,0.08574812114238739
train/pyramid_l2,48400.0,0.08296611160039902
train/pyramid_l2,48450.0,0.08767148852348328
train/pyramid_l2,48500.0,0.08691917359828949
train/pyramid_l2,48550.0,0.09009131044149399
train/pyramid_l2,48600.0,0.0665377676486969
train/pyramid_l2,48650.0,0.07041376829147339
train/pyramid_l2,48700.0,0.060049302875995636
train/pyramid_l2,48750.0,0.09620848298072815
train/pyramid_l2,48800.0,0.0831090658903122
train/pyramid_l2,48850.0,0.09248848259449005
train/pyramid_l2,48900.0,0.09512002766132355
train/pyramid_l2,48950.0,0.11590808629989624
train/pyramid_l2,49000.0,0.1167217493057251
train/pyramid_l2,49050.0,0.08150853216648102
train/pyramid_l2,49100.0,0.0735979676246643
train/pyramid_l2,49150.0,0.089881032705307
train/pyramid_l2,49200.0,0.08376487344503403
train/pyramid_l2,49250.0,0.06462156027555466
train/pyramid_l2,49300.0,0.09256386756896973
train/pyramid_l2,49350.0,0.08870970457792282
train/pyramid_l2,49400.0,0.08045827597379684
train/pyramid_l2,49450.0,0.07347767800092697
train/pyramid_l2,49500.0,0.08388176560401917
train/pyramid_l2,49550.0,0.08663293719291687
train/pyramid_l2,49600.0,0.07549044489860535
train/pyramid_l2,49650.0,0.11783873289823532
train/pyramid_l2,49700.0,0.08084901422262192
train/pyramid_l2,49750.0,0.08923956006765366
train/pyramid_l2,49800.0,0.08932342380285263
train/pyramid_l2,49850.0,0.09162996709346771
train/pyramid_l2,49900.0,0.08406062424182892
train/pyramid_l2,49950.0,0.08528268337249756
train/pyramid_l2,50000.0,0.07779718935489655
train/pyramid_l2,50050.0,0.09413623809814453
train/pyramid_l2,50100.0,0.09110908210277557
train/pyramid_l2,50150.0,0.0832863301038742
train/pyramid_l2,50200.0,0.09995468705892563
train/pyramid_l2,50250.0,0.0869387537240982
train/pyramid_l2,50300.0,0.08471444249153137
train/pyramid_l2,50350.0,0.08311998099088669
train/pyramid_l2,50400.0,0.0854702740907669
train/pyramid_l2,50450.0,0.09239135682582855
train/pyramid_l2,50500.0,0.075457364320755
train/pyramid_l2,50550.0,0.11005562543869019
train/pyramid_l2,50600.0,0.06475459039211273
train/pyramid_l2,50650.0,0.08567982167005539
train/pyramid_l2,50700.0,0.1067381203174591
train/pyramid_l2,50750.0,0.0929170474410057
train/pyramid_l2,50800.0,0.0704244077205658
train/pyramid_l2,50850.0,0.10004022717475891
train/pyramid_l2,50900.0,0.08548983186483383
train/pyramid_l2,50950.0,0.08359257876873016
train/pyramid_l2,51000.0,0.07541068643331528
train/pyramid_l2,51050.0,0.08861269056797028
train/pyramid_l2,51100.0,0.07261624187231064
train/pyramid_l2,51150.0,0.09360288083553314
train/pyramid_l2,51200.0,0.09376325458288193
train/pyramid_l2,51250.0,0.09673629701137543
train/pyramid_l2,51300.0,0.09122565388679504
train/pyramid_l2,51350.0,0.10703297704458237
train/pyramid_l2,51400.0,0.09204822033643723
train/pyramid_l2,51450.0,0.07354404777288437
train/pyramid_l2,51500.0,0.08031237125396729
train/pyramid_l2,51550.0,0.08057282865047455
train/pyramid_l2,51600.0,0.09581395238637924
train/pyramid_l2,51650.0,0.08770837634801865
train/pyramid_l2,51700.0,0.07039833068847656
train/pyramid_l2,51750.0,0.09171660989522934
train/pyramid_l2,51800.0,0.07592104375362396
train/pyramid_l2,51850.0,0.09802287817001343
train/pyramid_l2,51900.0,0.09948128461837769
train/pyramid_l3,50.0,0.10028829425573349
train/pyramid_l3,100.0,0.09900419414043427
train/pyramid_l3,150.0,0.07194849103689194
train/pyramid_l3,200.0,0.0844917893409729
train/pyramid_l3,250.0,0.10366098582744598
train/pyramid_l3,300.0,0.10427968204021454
train/pyramid_l3,350.0,0.09103956818580627
train/pyramid_l3,400.0,0.08244621008634567
train/pyramid_l3,450.0,0.08365848660469055
train/pyramid_l3,500.0,0.09714692831039429
train/pyramid_l3,550.0,0.09354313462972641
train/pyramid_l3,600.0,0.07353442907333374
train/pyramid_l3,650.0,0.09724919497966766
train/pyramid_l3,700.0,0.06280399858951569
train/pyramid_l3,750.0,0.11706068366765976
train/pyramid_l3,800.0,0.07064828276634216
train/pyramid_l3,850.0,0.11543625593185425
train/pyramid_l3,900.0,0.08901192247867584
train/pyramid_l3,950.0,0.09089760482311249
train/pyramid_l3,1000.0,0.10581301152706146
train/pyramid_l3,1050.0,0.0748501569032669
train/pyramid_l3,1100.0,0.08499585837125778
train/pyramid_l3,1150.0,0.07968100160360336
train/pyramid_l3,1200.0,0.07976187765598297
train/pyramid_l3,1250.0,0.08951394259929657
train/pyramid_l3,1300.0,0.08324605226516724
train/pyramid_l3,1350.0,0.0964382216334343
train/pyramid_l3,1400.0,0.11373862624168396
train/pyramid_l3,1450.0,0.07967433333396912
train/pyramid_l3,1500.0,0.06824658811092377
train/pyramid_l3,1550.0,0.07655877619981766
train/pyramid_l3,1600.0,0.07255850732326508
train/pyramid_l3,1650.0,0.07833698391914368
train/pyramid_l3,1700.0,0.07261056452989578
train/pyramid_l3,1750.0,0.08022022992372513
train/pyramid_l3,1800.0,0.11900018900632858
train/pyramid_l3,1850.0,0.09151995182037354
train/pyramid_l3,1900.0,0.09834752976894379
train/pyramid_l3,1950.0,0.0766749307513237
train/pyramid_l3,2000.0,0.07394500821828842
train/pyramid_l3,2050.0,0.08333151787519455
train/pyramid_l3,2100.0,0.0765579491853714
train/pyramid_l3,2150.0,0.08640500903129578
train/pyramid_l3,2200.0,0.1130509078502655
train/pyramid_l3,2250.0,0.06832051277160645
train/pyramid_l3,2300.0,0.07725858688354492
train/pyramid_l3,2350.0,0.08930696547031403
train/pyramid_l3,2400.0,0.08558264374732971
train/pyramid_l3,2450.0,0.08162713795900345
train/pyramid_l3,2500.0,0.08577515929937363
train/pyramid_l3,2550.0,0.06902676820755005
train/pyramid_l3,2600.0,0.08657123893499374
train/pyramid_l3,2650.0,0.07802916318178177
train/pyramid_l3,2700.0,0.0707620307803154
train/pyramid_l3,2750.0,0.11546602100133896
train/pyramid_l3,2800.0,0.07805934548377991
train/pyramid_l3,2850.0,0.07405553758144379
train/pyramid_l3,2900.0,0.0626661628484726
train/pyramid_l3,2950.0,0.07450750470161438
train/pyramid_l3,3000.0,0.06753835827112198
train/pyramid_l3,3050.0,0.06403964012861252
train/pyramid_l3,3100.0,0.08382144570350647
train/pyramid_l3,3150.0,0.06389792263507843
train/pyramid_l3,3200.0,0.07064563781023026
train/pyramid_l3,3250.0,0.08689771592617035
train/pyramid_l3,3300.0,0.08119519054889679
train/pyramid_l3,3350.0,0.060358405113220215
train/pyramid_l3,3400.0,0.07401631772518158
train/pyramid_l3,3450.0,0.07959058880805969
train/pyramid_l3,3500.0,0.0919480174779892
train/pyramid_l3,3550.0,0.061121366918087006
train/pyramid_l3,3600.0,0.10863208025693893
train/pyramid_l3,3650.0,0.08015414327383041
train/pyramid_l3,3700.0,0.08146004378795624
train/pyramid_l3,3750.0,0.07013124227523804
train/pyramid_l3,3800.0,0.09072078764438629
train/pyramid_l3,3850.0,0.07703618705272675
train/pyramid_l3,3900.0,0.0651414692401886
train/pyramid_l3,3950.0,0.06422795355319977
train/pyramid_l3,4000.0,0.0898052304983139
train/pyramid_l3,4050.0,0.07227753102779388
train/pyramid_l3,4100.0,0.07540754228830338
train/pyramid_l3,4150.0,0.09500142931938171
train/pyramid_l3,4200.0,0.10422629117965698
train/pyramid_l3,4250.0,0.07421740144491196
train/pyramid_l3,4300.0,0.07296811044216156
train/pyramid_l3,4350.0,0.07352204620838165
train/pyramid_l3,4400.0,0.06103456765413284
train/pyramid_l3,4450.0,0.07330067455768585
train/pyramid_l3,4500.0,0.06902234256267548
train/pyramid_l3,4550.0,0.07545013725757599
train/pyramid_l3,4600.0,0.06888195127248764
train/pyramid_l3,4650.0,0.07171697914600372
train/pyramid_l3,4700.0,0.09400453418493271
train/pyramid_l3,4750.0,0.07276780903339386
train/pyramid_l3,4800.0,0.07583509385585785
train/pyramid_l3,4850.0,0.06885939836502075
train/pyramid_l3,4900.0,0.07299145311117172
train/pyramid_l3,4950.0,0.07241468876600266
train/pyramid_l3,5000.0,0.06864707916975021
train/pyramid_l3,5050.0,0.0692901685833931
train/pyramid_l3,5100.0,0.08584501594305038
train/pyramid_l3,5150.0,0.06903912127017975
train/pyramid_l3,5200.0,0.07052600383758545
train/pyramid_l3,5250.0,0.08477938175201416
train/pyramid_l3,5300.0,0.09347318112850189
train/pyramid_l3,5350.0,0.08204115927219391
train/pyramid_l3,5400.0,0.07761144638061523
train/pyramid_l3,5450.0,0.07415647059679031
train/pyramid_l3,5500.0,0.08215326070785522
train/pyramid_l3,5550.0,0.08220221102237701
train/pyramid_l3,5600.0,0.07557111978530884
train/pyramid_l3,5650.0,0.07306820899248123
train/pyramid_l3,5700.0,0.08619507402181625
train/pyramid_l3,5750.0,0.09143665432929993
train/pyramid_l3,5800.0,0.08190183341503143
train/pyramid_l3,5850.0,0.08733350038528442
train/pyramid_l3,5900.0,0.0722791776061058
train/pyramid_l3,5950.0,0.07782372087240219
train/pyramid_l3,6000.0,0.05413958057761192
train/pyramid_l3,6050.0,0.07014278322458267
train/pyramid_l3,6100.0,0.06791490316390991
train/pyramid_l3,6150.0,0.06261153519153595
train/pyramid_l3,6200.0,0.06465522199869156
train/pyramid_l3,6250.0,0.06714554876089096
train/pyramid_l3,6300.0,0.0759391114115715
train/pyramid_l3,6350.0,0.07019976526498795
train/pyramid_l3,6400.0,0.09137739986181259
train/pyramid_l3,6450.0,0.08553451299667358
train/pyramid_l3,6500.0,0.06786470115184784
train/pyramid_l3,6550.0,0.06338786333799362
train/pyramid_l3,6600.0,0.05098496004939079
train/pyramid_l3,6650.0,0.07763433456420898
train/pyramid_l3,6700.0,0.09485757350921631
train/pyramid_l3,6750.0,0.11191827058792114
train/pyramid_l3,6800.0,0.08218201994895935
train/pyramid_l3,6850.0,0.08075182139873505
train/pyramid_l3,6900.0,0.082251638174057
train/pyramid_l3,6950.0,0.07459083944559097
train/pyramid_l3,7000.0,0.07572345435619354
train/pyramid_l3,7050.0,0.05587482079863548
train/pyramid_l3,7100.0,0.06946438550949097
train/pyramid_l3,7150.0,0.07423415035009384
train/pyramid_l3,7200.0,0.07090191543102264
train/pyramid_l3,7250.0,0.07794331759214401
train/pyramid_l3,7300.0,0.08007226884365082
train/pyramid_l3,7350.0,0.09327226132154465
train/pyramid_l3,7400.0,0.07693397998809814
train/pyramid_l3,7450.0,0.0845954418182373
train/pyramid_l3,7500.0,0.08041606843471527
train/pyramid_l3,7550.0,0.07899659872055054
train/pyramid_l3,7600.0,0.08102340996265411
train/pyramid_l3,7650.0,0.08400915563106537
train/pyramid_l3,7700.0,0.08771669864654541
train/pyramid_l3,7750.0,0.07621262967586517
train/pyramid_l3,7800.0,0.06899429857730865
train/pyramid_l3,7850.0,0.08187562972307205
train/pyramid_l3,7900.0,0.07226160168647766
train/pyramid_l3,7950.0,0.06786055117845535
train/pyramid_l3,8000.0,0.06726245582103729
train/pyramid_l3,8050.0,0.06023833900690079
train/pyramid_l3,8100.0,0.07527551054954529
train/pyramid_l3,8150.0,0.07790276408195496
train/pyramid_l3,8200.0,0.07134010642766953
train/pyramid_l3,8250.0,0.0826592668890953
train/pyramid_l3,8300.0,0.08245015889406204
train/pyramid_l3,8350.0,0.07186782360076904
train/pyramid_l3,8400.0,0.09493444859981537
train/pyramid_l3,8450.0,0.08921769261360168
train/pyramid_l3,8500.0,0.06982235610485077
train/pyramid_l3,8550.0,0.06692898273468018
train/pyramid_l3,8600.0,0.06281040608882904
train/pyramid_l3,8650.0,0.06731411814689636
train/pyramid_l3,8700.0,0.06550700962543488
train/pyramid_l3,8750.0,0.0732375904917717
train/pyramid_l3,8800.0,0.06217135116457939
train/pyramid_l3,8850.0,0.08131237328052521
train/pyramid_l3,8900.0,0.08251884579658508
train/pyramid_l3,8950.0,0.07692280411720276
train/pyramid_l3,9000.0,0.07986627519130707
train/pyramid_l3,9050.0,0.06918098032474518
train/pyramid_l3,9100.0,0.07420587539672852
train/pyramid_l3,9150.0,0.06140674278140068
train/pyramid_l3,9200.0,0.07250513136386871
train/pyramid_l3,9250.0,0.10169026255607605
train/pyramid_l3,9300.0,0.07377326488494873
train/pyramid_l3,9350.0,0.08720853179693222
train/pyramid_l3,9400.0,0.07933226227760315
train/pyramid_l3,9450.0,0.07691729813814163
train/pyramid_l3,9500.0,0.06713248789310455
train/pyramid_l3,9550.0,0.07229785621166229
train/pyramid_l3,9600.0,0.060675740242004395
train/pyramid_l3,9650.0,0.06116417050361633
train/pyramid_l3,9700.0,0.06600344181060791
train/pyramid_l3,9750.0,0.07525856792926788
train/pyramid_l3,9800.0,0.07414723187685013
train/pyramid_l3,9850.0,0.0850592702627182
train/pyramid_l3,9900.0,0.08031360805034637
train/pyramid_l3,9950.0,0.07342667877674103
train/pyramid_l3,10000.0,0.0850972980260849
train/pyramid_l3,10050.0,0.07879101485013962
train/pyramid_l3,10100.0,0.0713103860616684
train/pyramid_l3,10150.0,0.08535407483577728
train/pyramid_l3,10200.0,0.09837161749601364
train/pyramid_l3,10250.0,0.08751879632472992
train/pyramid_l3,10300.0,0.06367317587137222
train/pyramid_l3,10350.0,0.10149894654750824
train/pyramid_l3,10400.0,0.06539943069219589
train/pyramid_l3,10450.0,0.05615928769111633
train/pyramid_l3,10500.0,0.06614559143781662
train/pyramid_l3,10550.0,0.06598809361457825
train/pyramid_l3,10600.0,0.06869596242904663
train/pyramid_l3,10650.0,0.06657615303993225
train/pyramid_l3,10700.0,0.06336140632629395
train/pyramid_l3,10750.0,0.0820934996008873
train/pyramid_l3,10800.0,0.08423648774623871
train/pyramid_l3,10850.0,0.06494374573230743
train/pyramid_l3,10900.0,0.07149451971054077
train/pyramid_l3,10950.0,0.06900721788406372
train/pyramid_l3,11000.0,0.06098127365112305
train/pyramid_l3,11050.0,0.06796666234731674
train/pyramid_l3,11100.0,0.07013461738824844
train/pyramid_l3,11150.0,0.07664026319980621
train/pyramid_l3,11200.0,0.06485747545957565
train/pyramid_l3,11250.0,0.08974987268447876
train/pyramid_l3,11300.0,0.05523233860731125
train/pyramid_l3,11350.0,0.07849754393100739
train/pyramid_l3,11400.0,0.06891728937625885
train/pyramid_l3,11450.0,0.06815186142921448
train/pyramid_l3,11500.0,0.08355964720249176
train/pyramid_l3,11550.0,0.06686392426490784
train/pyramid_l3,11600.0,0.07401826977729797
train/pyramid_l3,11650.0,0.07154600322246552
train/pyramid_l3,11700.0,0.05597066879272461
train/pyramid_l3,11750.0,0.06955235451459885
train/pyramid_l3,11800.0,0.07274210453033447
train/pyramid_l3,11850.0,0.06316440552473068
train/pyramid_l3,11900.0,0.07294882833957672
train/pyramid_l3,11950.0,0.06757748126983643
train/pyramid_l3,12000.0,0.07574553787708282
train/pyramid_l3,12050.0,0.07109194993972778
train/pyramid_l3,12100.0,0.07905830442905426
train/pyramid_l3,12150.0,0.0614427849650383
train/pyramid_l3,12200.0,0.06896278262138367
train/pyramid_l3,12250.0,0.07714906334877014
train/pyramid_l3,12300.0,0.06139221787452698
train/pyramid_l3,12350.0,0.06669183075428009
train/pyramid_l3,12400.0,0.07538348436355591
train/pyramid_l3,12450.0,0.07415328919887543
train/pyramid_l3,12500.0,0.07482369244098663
train/pyramid_l3,12550.0,0.06887409090995789
train/pyramid_l3,12600.0,0.07517094910144806
train/pyramid_l3,12650.0,0.08507248759269714
train/pyramid_l3,12700.0,0.07961517572402954
train/pyramid_l3,12750.0,0.07789964973926544
train/pyramid_l3,12800.0,0.05850617587566376
train/pyramid_l3,12850.0,0.0537470206618309
train/pyramid_l3,12900.0,0.06037595123052597
train/pyramid_l3,12950.0,0.07829581201076508
train/pyramid_l3,13000.0,0.07139348238706589
train/pyramid_l3,13050.0,0.0716802179813385
train/pyramid_l3,13100.0,0.09977003186941147
train/pyramid_l3,13150.0,0.07515692710876465
train/pyramid_l3,13200.0,0.0724831223487854
train/pyramid_l3,13250.0,0.07900871336460114
train/pyramid_l3,13300.0,0.08685754239559174
train/pyramid_l3,13350.0,0.07873867452144623
train/pyramid_l3,13400.0,0.06688159704208374
train/pyramid_l3,13450.0,0.07273586094379425
train/pyramid_l3,13500.0,0.0761118084192276
train/pyramid_l3,13550.0,0.07975806295871735
train/pyramid_l3,13600.0,0.07159655541181564
train/pyramid_l3,13650.0,0.06589420139789581
train/pyramid_l3,13700.0,0.06551758944988251
train/pyramid_l3,13750.0,0.07583034038543701
train/pyramid_l3,13800.0,0.09204457700252533
train/pyramid_l3,13850.0,0.06469810754060745
train/pyramid_l3,13900.0,0.06836798042058945
train/pyramid_l3,13950.0,0.07275222986936569
train/pyramid_l3,14000.0,0.08223943412303925
train/pyramid_l3,14050.0,0.06211375445127487
train/pyramid_l3,14100.0,0.10918545722961426
train/pyramid_l3,14150.0,0.06370911002159119
train/pyramid_l3,14200.0,0.08314846456050873
train/pyramid_l3,14250.0,0.07462960481643677
train/pyramid_l3,14300.0,0.07742984592914581
train/pyramid_l3,14350.0,0.06442318856716156
train/pyramid_l3,14400.0,0.062226586043834686
train/pyramid_l3,14450.0,0.06947790086269379
train/pyramid_l3,14500.0,0.07968476414680481
train/pyramid_l3,14550.0,0.07302677631378174
train/pyramid_l3,14600.0,0.07229367643594742
train/pyramid_l3,14650.0,0.06838509440422058
train/pyramid_l3,14700.0,0.06530680507421494
train/pyramid_l3,14750.0,0.07424984872341156
train/pyramid_l3,14800.0,0.06142096221446991
train/pyramid_l3,14850.0,0.06602434813976288
train/pyramid_l3,14900.0,0.055141955614089966
train/pyramid_l3,14950.0,0.06497984379529953
train/pyramid_l3,15000.0,0.06873780488967896
train/pyramid_l3,15050.0,0.061938606202602386
train/pyramid_l3,15100.0,0.06800656020641327
train/pyramid_l3,15150.0,0.07733132690191269
train/pyramid_l3,15200.0,0.07380729168653488
train/pyramid_l3,15250.0,0.07377216219902039
train/pyramid_l3,15300.0,0.06351663172245026
train/pyramid_l3,15350.0,0.05383595451712608
train/pyramid_l3,15400.0,0.059342384338378906
train/pyramid_l3,15450.0,0.06551025807857513
train/pyramid_l3,15500.0,0.07105454057455063
train/pyramid_l3,15550.0,0.06406381726264954
train/pyramid_l3,15600.0,0.06625621020793915
train/pyramid_l3,15650.0,0.06536845862865448
train/pyramid_l3,15700.0,0.05563513934612274
train/pyramid_l3,15750.0,0.07431577146053314
train/pyramid_l3,15800.0,0.06851412355899811
train/pyramid_l3,15850.0,0.06998094171285629
train/pyramid_l3,15900.0,0.06708451360464096
train/pyramid_l3,15950.0,0.058339398354291916
train/pyramid_l3,16000.0,0.07229110598564148
train/pyramid_l3,16050.0,0.07417009025812149
train/pyramid_l3,16100.0,0.06662732362747192
train/pyramid_l3,16150.0,0.060522496700286865
train/pyramid_l3,16200.0,0.05859443545341492
train/pyramid_l3,16250.0,0.08418852090835571
train/pyramid_l3,16300.0,0.08022705465555191
train/pyramid_l3,16350.0,0.08069416135549545
train/pyramid_l3,16400.0,0.06718771904706955
train/pyramid_l3,16450.0,0.06744851917028427
train/pyramid_l3,16500.0,0.06690993905067444
train/pyramid_l3,16550.0,0.07509421557188034
train/pyramid_l3,16600.0,0.05897006392478943
train/pyramid_l3,16650.0,0.0828741192817688
train/pyramid_l3,16700.0,0.0738229900598526
train/pyramid_l3,16750.0,0.05961772799491882
train/pyramid_l3,16800.0,0.06381198763847351
train/pyramid_l3,16850.0,0.06957642734050751
train/pyramid_l3,16900.0,0.07230663299560547
train/pyramid_l3,16950.0,0.061443738639354706
train/pyramid_l3,17000.0,0.06857696175575256
train/pyramid_l3,17050.0,0.06371186673641205
train/pyramid_l3,17100.0,0.07590281218290329
train/pyramid_l3,17150.0,0.07707291841506958
train/pyramid_l3,17200.0,0.09293457120656967
train/pyramid_l3,17250.0,0.08979319781064987
train/pyramid_l3,17300.0,0.05891456827521324
train/pyramid_l3,17350.0,0.08339919149875641
train/pyramid_l3,17400.0,0.07404269278049469
train/pyramid_l3,17450.0,0.05898304283618927
train/pyramid_l3,17500.0,0.06918379664421082
train/pyramid_l3,17550.0,0.07024676352739334
train/pyramid_l3,17600.0,0.05670894309878349
train/pyramid_l3,17650.0,0.07494710385799408
train/pyramid_l3,17700.0,0.05741358920931816
train/pyramid_l3,17750.0,0.06051230430603027
train/pyramid_l3,17800.0,0.07200601696968079
train/pyramid_l3,17850.0,0.05937006324529648
train/pyramid_l3,17900.0,0.06419844925403595
train/pyramid_l3,17950.0,0.09167437255382538
train/pyramid_l3,18000.0,0.07895378768444061
train/pyramid_l3,18050.0,0.06204700469970703
train/pyramid_l3,18100.0,0.07989510148763657
train/pyramid_l3,18150.0,0.06433311104774475
train/pyramid_l3,18200.0,0.06998170167207718
train/pyramid_l3,18250.0,0.06762872636318207
train/pyramid_l3,18300.0,0.05633818730711937
train/pyramid_l3,18350.0,0.07445336878299713
train/pyramid_l3,18400.0,0.0742187425494194
train/pyramid_l3,18450.0,0.08720173686742783
train/pyramid_l3,18500.0,0.08131539821624756
train/pyramid_l3,18550.0,0.0834747776389122
train/pyramid_l3,18600.0,0.06719595193862915
train/pyramid_l3,18650.0,0.06110876426100731
train/pyramid_l3,18700.0,0.06994830071926117
train/pyramid_l3,18750.0,0.05419985204935074
train/pyramid_l3,18800.0,0.07769936323165894
train/pyramid_l3,18850.0,0.07354944944381714
train/pyramid_l3,18900.0,0.05846627801656723
train/pyramid_l3,18950.0,0.058214329183101654
train/pyramid_l3,19000.0,0.07413661479949951
train/pyramid_l3,19050.0,0.08010118454694748
train/pyramid_l3,19100.0,0.0602627769112587
train/pyramid_l3,19150.0,0.06529202312231064
train/pyramid_l3,19200.0,0.07458633184432983
train/pyramid_l3,19250.0,0.06793422996997833
train/pyramid_l3,19300.0,0.06792542338371277
train/pyramid_l3,19350.0,0.05675458908081055
train/pyramid_l3,19400.0,0.0714549869298935
train/pyramid_l3,19450.0,0.08226783573627472
train/pyramid_l3,19500.0,0.06777915358543396
train/pyramid_l3,19550.0,0.0732317566871643
train/pyramid_l3,19600.0,0.0634087547659874
train/pyramid_l3,19650.0,0.11347843706607819
train/pyramid_l3,19700.0,0.06307025253772736
train/pyramid_l3,19750.0,0.07430484890937805
train/pyramid_l3,19800.0,0.05946260690689087
train/pyramid_l3,19850.0,0.07570400834083557
train/pyramid_l3,19900.0,0.0781886875629425
train/pyramid_l3,19950.0,0.09240353107452393
train/pyramid_l3,20000.0,0.09138758480548859
train/pyramid_l3,20050.0,0.06622852385044098
train/pyramid_l3,20100.0,0.09052231162786484
train/pyramid_l3,20150.0,0.06969165056943893
train/pyramid_l3,20200.0,0.061319272965192795
train/pyramid_l3,20250.0,0.06725563108921051
train/pyramid_l3,20300.0,0.08504446595907211
train/pyramid_l3,20350.0,0.05923834070563316
train/pyramid_l3,20400.0,0.07556760311126709
train/pyramid_l3,20450.0,0.06712030619382858
train/pyramid_l3,20500.0,0.06846553087234497
train/pyramid_l3,20550.0,0.06291749328374863
train/pyramid_l3,20600.0,0.057275086641311646
train/pyramid_l3,20650.0,0.06867966800928116
train/pyramid_l3,20700.0,0.07401947677135468
train/pyramid_l3,20750.0,0.07665254175662994
train/pyramid_l3,20800.0,0.0743284672498703
train/pyramid_l3,20850.0,0.07750779390335083
train/pyramid_l3,20900.0,0.06658125668764114
train/pyramid_l3,20950.0,0.06777939200401306
train/pyramid_l3,21000.0,0.07124512642621994
train/pyramid_l3,21050.0,0.05960908532142639
train/pyramid_l3,21100.0,0.058150094002485275
train/pyramid_l3,21150.0,0.061299294233322144
train/pyramid_l3,21200.0,0.0721653401851654
train/pyramid_l3,21250.0,0.06923206150531769
train/pyramid_l3,21300.0,0.0858960747718811
train/pyramid_l3,21350.0,0.06037977337837219
train/pyramid_l3,21400.0,0.06666155904531479
train/pyramid_l3,21450.0,0.08162449300289154
train/pyramid_l3,21500.0,0.07901246845722198
train/pyramid_l3,21550.0,0.05309902876615524
train/pyramid_l3,21600.0,0.05647481605410576
train/pyramid_l3,21650.0,0.062097519636154175
train/pyramid_l3,21700.0,0.06972767412662506
train/pyramid_l3,21750.0,0.08533495664596558
train/pyramid_l3,21800.0,0.06639377772808075
train/pyramid_l3,21850.0,0.0685872957110405
train/pyramid_l3,21900.0,0.06523965299129486
train/pyramid_l3,21950.0,0.06707163155078888
train/pyramid_l3,22000.0,0.06798155605792999
train/pyramid_l3,22050.0,0.06864038854837418
train/pyramid_l3,22100.0,0.07499250769615173
train/pyramid_l3,22150.0,0.0601932518184185
train/pyramid_l3,22200.0,0.06769182533025742
train/pyramid_l3,22250.0,0.07649873197078705
train/pyramid_l3,22300.0,0.04972262308001518
train/pyramid_l3,22350.0,0.06287060678005219
train/pyramid_l3,22400.0,0.06263990700244904
train/pyramid_l3,22450.0,0.0674002468585968
train/pyramid_l3,22500.0,0.0687389001250267
train/pyramid_l3,22550.0,0.06804706156253815
train/pyramid_l3,22600.0,0.0724276527762413
train/pyramid_l3,22650.0,0.07343658059835434
train/pyramid_l3,22700.0,0.09742274135351181
train/pyramid_l3,22750.0,0.06196225434541702
train/pyramid_l3,22800.0,0.0896269902586937
train/pyramid_l3,22850.0,0.07915621250867844
train/pyramid_l3,22900.0,0.07415463030338287
train/pyramid_l3,22950.0,0.07727249711751938
train/pyramid_l3,23000.0,0.0599699541926384
train/pyramid_l3,23050.0,0.054968103766441345
train/pyramid_l3,23100.0,0.05807286500930786
train/pyramid_l3,23150.0,0.05914643034338951
train/pyramid_l3,23200.0,0.08148419857025146
train/pyramid_l3,23250.0,0.05306657403707504
train/pyramid_l3,23300.0,0.0526139959692955
train/pyramid_l3,23350.0,0.07411876320838928
train/pyramid_l3,23400.0,0.06819431483745575
train/pyramid_l3,23450.0,0.08184947073459625
train/pyramid_l3,23500.0,0.09354840219020844
train/pyramid_l3,23550.0,0.050668470561504364
train/pyramid_l3,23600.0,0.06525583565235138
train/pyramid_l3,23650.0,0.0693303793668747
train/pyramid_l3,23700.0,0.060091666877269745
train/pyramid_l3,23750.0,0.055832814425230026
train/pyramid_l3,23800.0,0.08140379190444946
train/pyramid_l3,23850.0,0.06521643698215485
train/pyramid_l3,23900.0,0.06386058032512665
train/pyramid_l3,23950.0,0.09285598993301392
train/pyramid_l3,24000.0,0.07312057912349701
train/pyramid_l3,24050.0,0.06315590441226959
train/pyramid_l3,24100.0,0.06417932361364365
train/pyramid_l3,24150.0,0.05977362394332886
train/pyramid_l3,24200.0,0.07974517345428467
train/pyramid_l3,24250.0,0.05776781588792801
train/pyramid_l3,24300.0,0.06251558661460876
train/pyramid_l3,24350.0,0.04299455136060715
train/pyramid_l3,24400.0,0.07828223705291748
train/pyramid_l3,24450.0,0.08019641041755676
train/pyramid_l3,24500.0,0.062299951910972595
train/pyramid_l3,24550.0,0.1122855469584465
train/pyramid_l3,24600.0,0.06335336714982986
train/pyramid_l3,24650.0,0.05749077722430229
train/pyramid_l3,24700.0,0.08457883447408676
train/pyramid_l3,24750.0,0.057658225297927856
train/pyramid_l3,24800.0,0.06505594402551651
train/pyramid_l3,24850.0,0.06960390508174896
train/pyramid_l3,24900.0,0.06083720922470093
train/pyramid_l3,24950.0,0.06381513178348541
train/pyramid_l3,25000.0,0.07698623090982437
train/pyramid_l3,25050.0,0.07626035064458847
train/pyramid_l3,25100.0,0.0594770684838295
train/pyramid_l3,25150.0,0.059077292680740356
train/pyramid_l3,25200.0,0.07082013040781021
train/pyramid_l3,25250.0,0.05061638355255127
train/pyramid_l3,25300.0,0.05434344336390495
train/pyramid_l3,25350.0,0.06671210378408432
train/pyramid_l3,25400.0,0.06841544806957245
train/pyramid_l3,25450.0,0.05679471418261528
train/pyramid_l3,25500.0,0.08037715405225754
train/pyramid_l3,25550.0,0.07136072218418121
train/pyramid_l3,25600.0,0.06474223732948303
train/pyramid_l3,25650.0,0.05856352299451828
train/pyramid_l3,25700.0,0.07531428337097168
train/pyramid_l3,25750.0,0.0595548152923584
train/pyramid_l3,25800.0,0.06976168602705002
train/pyramid_l3,25850.0,0.0678035318851471
train/pyramid_l3,25900.0,0.08507387340068817
train/pyramid_l3,25950.0,0.05540779232978821
train/pyramid_l3,26000.0,0.07211955636739731
train/pyramid_l3,26050.0,0.05718621611595154
train/pyramid_l3,26100.0,0.07003659009933472
train/pyramid_l3,26150.0,0.06719117611646652
train/pyramid_l3,26200.0,0.0593314990401268
train/pyramid_l3,26250.0,0.06620477139949799
train/pyramid_l3,26300.0,0.07499083876609802
train/pyramid_l3,26350.0,0.06587035953998566
train/pyramid_l3,26400.0,0.07269752025604248
train/pyramid_l3,26450.0,0.07271468639373779
train/pyramid_l3,26500.0,0.05873238295316696
train/pyramid_l3,26550.0,0.07720138132572174
train/pyramid_l3,26600.0,0.05991815775632858
train/pyramid_l3,26650.0,0.07167483866214752
train/pyramid_l3,26700.0,0.07736799120903015
train/pyramid_l3,26750.0,0.07083924114704132
train/pyramid_l3,26800.0,0.06469365954399109
train/pyramid_l3,26850.0,0.08669213950634003
train/pyramid_l3,26900.0,0.07487250119447708
train/pyramid_l3,26950.0,0.06741606444120407
train/pyramid_l3,27000.0,0.04961147531867027
train/pyramid_l3,27050.0,0.06245702505111694
train/pyramid_l3,27100.0,0.056801728904247284
train/pyramid_l3,27150.0,0.07102428376674652
train/pyramid_l3,27200.0,0.07109051197767258
train/pyramid_l3,27250.0,0.05926811695098877
train/pyramid_l3,27300.0,0.05332541465759277
train/pyramid_l3,27350.0,0.08460640907287598
train/pyramid_l3,27400.0,0.05855116248130798
train/pyramid_l3,27450.0,0.06078070402145386
train/pyramid_l3,27500.0,0.07485708594322205
train/pyramid_l3,27550.0,0.059537988156080246
train/pyramid_l3,27600.0,0.08054178208112717
train/pyramid_l3,27650.0,0.06574712693691254
train/pyramid_l3,27700.0,0.054702311754226685
train/pyramid_l3,27750.0,0.07911483943462372
train/pyramid_l3,27800.0,0.08148082345724106
train/pyramid_l3,27850.0,0.06464843451976776
train/pyramid_l3,27900.0,0.06715384125709534
train/pyramid_l3,27950.0,0.06458896398544312
train/pyramid_l3,28000.0,0.07736081629991531
train/pyramid_l3,28050.0,0.05343128368258476
train/pyramid_l3,28100.0,0.06397025287151337
train/pyramid_l3,28150.0,0.05432615801692009
train/pyramid_l3,28200.0,0.0569707453250885
train/pyramid_l3,28250.0,0.06735925376415253
train/pyramid_l3,28300.0,0.09673606604337692
train/pyramid_l3,28350.0,0.07661040127277374
train/pyramid_l3,28400.0,0.07122445106506348
train/pyramid_l3,28450.0,0.0583735927939415
train/pyramid_l3,28500.0,0.06048666685819626
train/pyramid_l3,28550.0,0.06532098352909088
train/pyramid_l3,28600.0,0.05607172101736069
train/pyramid_l3,28650.0,0.06472063064575195
train/pyramid_l3,28700.0,0.050340741872787476
train/pyramid_l3,28750.0,0.061056237667798996
train/pyramid_l3,28800.0,0.08155982196331024
train/pyramid_l3,28850.0,0.07722055912017822
train/pyramid_l3,28900.0,0.05875686928629875
train/pyramid_l3,28950.0,0.060512345284223557
train/pyramid_l3,29000.0,0.06444834172725677
train/pyramid_l3,29050.0,0.08024021983146667
train/pyramid_l3,29100.0,0.05028660222887993
train/pyramid_l3,29150.0,0.06663600355386734
train/pyramid_l3,29200.0,0.05968973785638809
train/pyramid_l3,29250.0,0.06870751827955246
train/pyramid_l3,29300.0,0.059947043657302856
train/pyramid_l3,29350.0,0.06055692955851555
train/pyramid_l3,29400.0,0.05587244778871536
train/pyramid_l3,29450.0,0.05794234201312065
train/pyramid_l3,29500.0,0.06806963682174683
train/pyramid_l3,29550.0,0.07571635395288467
train/pyramid_l3,29600.0,0.06646652519702911
train/pyramid_l3,29650.0,0.07092031091451645
train/pyramid_l3,29700.0,0.06983610987663269
train/pyramid_l3,29750.0,0.055347125977277756
train/pyramid_l3,29800.0,0.06464096158742905
train/pyramid_l3,29850.0,0.07075750082731247
train/pyramid_l3,29900.0,0.04955565556883812
train/pyramid_l3,29950.0,0.09355106204748154
train/pyramid_l3,30000.0,0.06237870454788208
train/pyramid_l3,30050.0,0.06112036108970642
train/pyramid_l3,30100.0,0.06061109900474548
train/pyramid_l3,30150.0,0.07118941098451614
train/pyramid_l3,30200.0,0.08021698892116547
train/pyramid_l3,30250.0,0.05288633704185486
train/pyramid_l3,30300.0,0.07583217322826385
train/pyramid_l3,30350.0,0.08021041750907898
train/pyramid_l3,30400.0,0.06753306090831757
train/pyramid_l3,30450.0,0.08175215870141983
train/pyramid_l3,30500.0,0.07136031240224838
train/pyramid_l3,30550.0,0.05243678018450737
train/pyramid_l3,30600.0,0.06540746986865997
train/pyramid_l3,30650.0,0.0660255029797554
train/pyramid_l3,30700.0,0.05986247584223747
train/pyramid_l3,30750.0,0.06409186124801636
train/pyramid_l3,30800.0,0.06679052114486694
train/pyramid_l3,30850.0,0.0823783203959465
train/pyramid_l3,30900.0,0.06481795758008957
train/pyramid_l3,30950.0,0.04605301469564438
train/pyramid_l3,31000.0,0.0806739553809166
train/pyramid_l3,31050.0,0.04979398101568222
train/pyramid_l3,31100.0,0.08116886019706726
train/pyramid_l3,31150.0,0.06964568793773651
train/pyramid_l3,31200.0,0.06416942179203033
train/pyramid_l3,31250.0,0.06758403778076172
train/pyramid_l3,31300.0,0.05610769987106323
train/pyramid_l3,31350.0,0.059367865324020386
train/pyramid_l3,31400.0,0.08136942982673645
train/pyramid_l3,31450.0,0.05941919609904289
train/pyramid_l3,31500.0,0.05830623209476471
train/pyramid_l3,31550.0,0.05875349044799805
train/pyramid_l3,31600.0,0.07414242625236511
train/pyramid_l3,31650.0,0.06988735496997833
train/pyramid_l3,31700.0,0.08024057000875473
train/pyramid_l3,31750.0,0.06738821417093277
train/pyramid_l3,31800.0,0.06867319345474243
train/pyramid_l3,31850.0,0.08462544530630112
train/pyramid_l3,31900.0,0.06718036532402039
train/pyramid_l3,31950.0,0.0669640600681305
train/pyramid_l3,32000.0,0.06774330884218216
train/pyramid_l3,32050.0,0.061187904328107834
train/pyramid_l3,32100.0,0.06131413206458092
train/pyramid_l3,32150.0,0.06994003057479858
train/pyramid_l3,32200.0,0.06327632069587708
train/pyramid_l3,32250.0,0.06559322774410248
train/pyramid_l3,32300.0,0.08868955075740814
train/pyramid_l3,32350.0,0.06026424467563629
train/pyramid_l3,32400.0,0.05831664800643921
train/pyramid_l3,32450.0,0.061416029930114746
train/pyramid_l3,32500.0,0.06652761250734329
train/pyramid_l3,32550.0,0.06426533311605453
train/pyramid_l3,32600.0,0.04212605580687523
train/pyramid_l3,32650.0,0.05835466831922531
train/pyramid_l3,32700.0,0.06574635952711105
train/pyramid_l3,32750.0,0.07772058248519897
train/pyramid_l3,32800.0,0.08070386946201324
train/pyramid_l3,32850.0,0.06194625422358513
train/pyramid_l3,32900.0,0.05565905198454857
train/pyramid_l3,32950.0,0.07028017938137054
train/pyramid_l3,33000.0,0.06279335916042328
train/pyramid_l3,33050.0,0.06508331000804901
train/pyramid_l3,33100.0,0.062164586037397385
train/pyramid_l3,33150.0,0.06550943851470947
train/pyramid_l3,33200.0,0.06835582852363586
train/pyramid_l3,33250.0,0.07093232125043869
train/pyramid_l3,33300.0,0.05430522561073303
train/pyramid_l3,33350.0,0.0644511878490448
train/pyramid_l3,33400.0,0.06951726973056793
train/pyramid_l3,33450.0,0.06173470616340637
train/pyramid_l3,33500.0,0.06601521372795105
train/pyramid_l3,33550.0,0.063948854804039
train/pyramid_l3,33600.0,0.07023130357265472
train/pyramid_l3,33650.0,0.0669894888997078
train/pyramid_l3,33700.0,0.066118523478508
train/pyramid_l3,33750.0,0.04884130507707596
train/pyramid_l3,33800.0,0.0653974860906601
train/pyramid_l3,33850.0,0.051685065031051636
train/pyramid_l3,33900.0,0.06430856883525848
train/pyramid_l3,33950.0,0.06036614999175072
train/pyramid_l3,34000.0,0.05325096845626831
train/pyramid_l3,34050.0,0.0474940650165081
train/pyramid_l3,34100.0,0.05520638823509216
train/pyramid_l3,34150.0,0.061480920761823654
train/pyramid_l3,34200.0,0.06917590647935867
train/pyramid_l3,34250.0,0.04983745142817497
train/pyramid_l3,34300.0,0.09835939109325409
train/pyramid_l3,34350.0,0.06330657005310059
train/pyramid_l3,34400.0,0.07304500788450241
train/pyramid_l3,34450.0,0.06754356622695923
train/pyramid_l3,34500.0,0.08820488303899765
train/pyramid_l3,34550.0,0.07875931262969971
train/pyramid_l3,34600.0,0.08175939321517944
train/pyramid_l3,34650.0,0.07043220847845078
train/pyramid_l3,34700.0,0.06927207857370377
train/pyramid_l3,34750.0,0.08222173154354095
train/pyramid_l3,34800.0,0.06679505109786987
train/pyramid_l3,34850.0,0.08381472527980804
train/pyramid_l3,34900.0,0.07449574023485184
train/pyramid_l3,34950.0,0.05674686282873154
train/pyramid_l3,35000.0,0.06474122405052185
train/pyramid_l3,35050.0,0.08053910732269287
train/pyramid_l3,35100.0,0.06140062212944031
train/pyramid_l3,35150.0,0.0720488429069519
train/pyramid_l3,35200.0,0.05030010640621185
train/pyramid_l3,35250.0,0.06661807745695114
train/pyramid_l3,35300.0,0.06509687006473541
train/pyramid_l3,35350.0,0.05348282679915428
train/pyramid_l3,35400.0,0.07367691397666931
train/pyramid_l3,35450.0,0.06912864744663239
train/pyramid_l3,35500.0,0.0606079027056694
train/pyramid_l3,35550.0,0.06048741936683655
train/pyramid_l3,35600.0,0.06064009666442871
train/pyramid_l3,35650.0,0.05742336064577103
train/pyramid_l3,35700.0,0.0702253133058548
train/pyramid_l3,35750.0,0.08405895531177521
train/pyramid_l3,35800.0,0.06651412695646286
train/pyramid_l3,35850.0,0.06376826763153076
train/pyramid_l3,35900.0,0.07598014175891876
train/pyramid_l3,35950.0,0.06996729224920273
train/pyramid_l3,36000.0,0.052048854529857635
train/pyramid_l3,36050.0,0.06888030469417572
train/pyramid_l3,36100.0,0.0569162480533123
train/pyramid_l3,36150.0,0.06241616606712341
train/pyramid_l3,36200.0,0.049743734300136566
train/pyramid_l3,36250.0,0.06446118652820587
train/pyramid_l3,36300.0,0.06395114958286285
train/pyramid_l3,36350.0,0.06605229526758194
train/pyramid_l3,36400.0,0.06259950995445251
train/pyramid_l3,36450.0,0.059079449623823166
train/pyramid_l3,36500.0,0.050029389560222626
train/pyramid_l3,36550.0,0.05904652178287506
train/pyramid_l3,36600.0,0.05626268312335014
train/pyramid_l3,36650.0,0.05942107364535332
train/pyramid_l3,36700.0,0.08068042993545532
train/pyramid_l3,36750.0,0.06832601130008698
train/pyramid_l3,36800.0,0.07616052031517029
train/pyramid_l3,36850.0,0.06657856702804565
train/pyramid_l3,36900.0,0.07221730798482895
train/pyramid_l3,36950.0,0.06044210493564606
train/pyramid_l3,37000.0,0.05539892241358757
train/pyramid_l3,37050.0,0.06854858994483948
train/pyramid_l3,37100.0,0.061487581580877304
train/pyramid_l3,37150.0,0.07249701768159866
train/pyramid_l3,37200.0,0.0751657634973526
train/pyramid_l3,37250.0,0.052148282527923584
train/pyramid_l3,37300.0,0.06904635578393936
train/pyramid_l3,37350.0,0.059814758598804474
train/pyramid_l3,37400.0,0.053436677902936935
train/pyramid_l3,37450.0,0.05787944048643112
train/pyramid_l3,37500.0,0.0592312328517437
train/pyramid_l3,37550.0,0.047715552151203156
train/pyramid_l3,37600.0,0.08354135602712631
train/pyramid_l3,37650.0,0.07174256443977356
train/pyramid_l3,37700.0,0.06456927955150604
train/pyramid_l3,37750.0,0.05371091514825821
train/pyramid_l3,37800.0,0.06708475202322006
train/pyramid_l3,37850.0,0.06555572897195816
train/pyramid_l3,37900.0,0.0699581578373909
train/pyramid_l3,37950.0,0.06597886234521866
train/pyramid_l3,38000.0,0.0646515041589737
train/pyramid_l3,38050.0,0.05643775686621666
train/pyramid_l3,38100.0,0.071266308426857
train/pyramid_l3,38150.0,0.0580715611577034
train/pyramid_l3,38200.0,0.060572609305381775
train/pyramid_l3,38250.0,0.06580348312854767
train/pyramid_l3,38300.0,0.058768611401319504
train/pyramid_l3,38350.0,0.07967432588338852
train/pyramid_l3,38400.0,0.06748194992542267
train/pyramid_l3,38450.0,0.055896416306495667
train/pyramid_l3,38500.0,0.06157411262392998
train/pyramid_l3,38550.0,0.05583411455154419
train/pyramid_l3,38600.0,0.0534244142472744
train/pyramid_l3,38650.0,0.06512433290481567
train/pyramid_l3,38700.0,0.06630344688892365
train/pyramid_l3,38750.0,0.0585080087184906
train/pyramid_l3,38800.0,0.05704697221517563
train/pyramid_l3,38850.0,0.05550631135702133
train/pyramid_l3,38900.0,0.06237328052520752
train/pyramid_l3,38950.0,0.08410438150167465
train/pyramid_l3,39000.0,0.06423644721508026
train/pyramid_l3,39050.0,0.06349415332078934
train/pyramid_l3,39100.0,0.06738518178462982
train/pyramid_l3,39150.0,0.07402883470058441
train/pyramid_l3,39200.0,0.061827581375837326
train/pyramid_l3,39250.0,0.07391616702079773
train/pyramid_l3,39300.0,0.05566738173365593
train/pyramid_l3,39350.0,0.07697197794914246
train/pyramid_l3,39400.0,0.07006712257862091
train/pyramid_l3,39450.0,0.07058835029602051
train/pyramid_l3,39500.0,0.059922344982624054
train/pyramid_l3,39550.0,0.0545017346739769
train/pyramid_l3,39600.0,0.06293182075023651
train/pyramid_l3,39650.0,0.0706566572189331
train/pyramid_l3,39700.0,0.05534829944372177
train/pyramid_l3,39750.0,0.08429417014122009
train/pyramid_l3,39800.0,0.06700463593006134
train/pyramid_l3,39850.0,0.06652896106243134
train/pyramid_l3,39900.0,0.05823793634772301
train/pyramid_l3,39950.0,0.07061662524938583
train/pyramid_l3,40000.0,0.07028531283140182
train/pyramid_l3,40050.0,0.07445097714662552
train/pyramid_l3,40100.0,0.0702446699142456
train/pyramid_l3,40150.0,0.05505723878741264
train/pyramid_l3,40200.0,0.0552818737924099
train/pyramid_l3,40250.0,0.07370322197675705
train/pyramid_l3,40300.0,0.06218525394797325
train/pyramid_l3,40350.0,0.0665004774928093
train/pyramid_l3,40400.0,0.04354357719421387
train/pyramid_l3,40450.0,0.06175633519887924
train/pyramid_l3,40500.0,0.0659528598189354
train/pyramid_l3,40550.0,0.07842796295881271
train/pyramid_l3,40600.0,0.062392544001340866
train/pyramid_l3,40650.0,0.08428481221199036
train/pyramid_l3,40700.0,0.057657450437545776
train/pyramid_l3,40750.0,0.05535547435283661
train/pyramid_l3,40800.0,0.07319970428943634
train/pyramid_l3,40850.0,0.061557404696941376
train/pyramid_l3,40900.0,0.05540386587381363
train/pyramid_l3,40950.0,0.07263383269309998
train/pyramid_l3,41000.0,0.05068626254796982
train/pyramid_l3,41050.0,0.06396719813346863
train/pyramid_l3,41100.0,0.07528723776340485
train/pyramid_l3,41150.0,0.06501157581806183
train/pyramid_l3,41200.0,0.04410888999700546
train/pyramid_l3,41250.0,0.046602409332990646
train/pyramid_l3,41300.0,0.05842772126197815
train/pyramid_l3,41350.0,0.06035594269633293
train/pyramid_l3,41400.0,0.05642503499984741
train/pyramid_l3,41450.0,0.055027179419994354
train/pyramid_l3,41500.0,0.0656680315732956
train/pyramid_l3,41550.0,0.07548289746046066
train/pyramid_l3,41600.0,0.070916548371315
train/pyramid_l3,41650.0,0.06147731840610504
train/pyramid_l3,41700.0,0.0519508495926857
train/pyramid_l3,41750.0,0.06896475702524185
train/pyramid_l3,41800.0,0.07369434833526611
train/pyramid_l3,41850.0,0.05757176876068115
train/pyramid_l3,41900.0,0.064933642745018
train/pyramid_l3,41950.0,0.06149578094482422
train/pyramid_l3,42000.0,0.05654311180114746
train/pyramid_l3,42050.0,0.07131431996822357
train/pyramid_l3,42100.0,0.06584951281547546
train/pyramid_l3,42150.0,0.05847589299082756
train/pyramid_l3,42200.0,0.05649952217936516
train/pyramid_l3,42250.0,0.06519963592290878
train/pyramid_l3,42300.0,0.06975264847278595
train/pyramid_l3,42350.0,0.06341435760259628
train/pyramid_l3,42400.0,0.05925452709197998
train/pyramid_l3,42450.0,0.0611308217048645
train/pyramid_l3,42500.0,0.07021565735340118
train/pyramid_l3,42550.0,0.06052200123667717
train/pyramid_l3,42600.0,0.0789654478430748
train/pyramid_l3,42650.0,0.06896890699863434
train/pyramid_l3,42700.0,0.07347305119037628
train/pyramid_l3,42750.0,0.06749136745929718
train/pyramid_l3,42800.0,0.0551338791847229
train/pyramid_l3,42850.0,0.0496995747089386
train/pyramid_l3,42900.0,0.06139714643359184
train/pyramid_l3,42950.0,0.06198139488697052
train/pyramid_l3,43000.0,0.06263893097639084
train/pyramid_l3,43050.0,0.07807167619466782
train/pyramid_l3,43100.0,0.07050997018814087
train/pyramid_l3,43150.0,0.0721491277217865
train/pyramid_l3,43200.0,0.06903139501810074
train/pyramid_l3,43250.0,0.07776787877082825
train/pyramid_l3,43300.0,0.06483598798513412
train/pyramid_l3,43350.0,0.06437855958938599
train/pyramid_l3,43400.0,0.06428751349449158
train/pyramid_l3,43450.0,0.07558347284793854
train/pyramid_l3,43500.0,0.055120788514614105
train/pyramid_l3,43550.0,0.059196799993515015
train/pyramid_l3,43600.0,0.06553687155246735
train/pyramid_l3,43650.0,0.06063646078109741
train/pyramid_l3,43700.0,0.05993890017271042
train/pyramid_l3,43750.0,0.0571250282227993
train/pyramid_l3,43800.0,0.056646253913640976
train/pyramid_l3,43850.0,0.0670800432562828
train/pyramid_l3,43900.0,0.06237310916185379
train/pyramid_l3,43950.0,0.05663584917783737
train/pyramid_l3,44000.0,0.0602458231151104
train/pyramid_l3,44050.0,0.07429265975952148
train/pyramid_l3,44100.0,0.08101612329483032
train/pyramid_l3,44150.0,0.0957392156124115
train/pyramid_l3,44200.0,0.06025751680135727
train/pyramid_l3,44250.0,0.048140473663806915
train/pyramid_l3,44300.0,0.06891454756259918
train/pyramid_l3,44350.0,0.059810101985931396
train/pyramid_l3,44400.0,0.05772287771105766
train/pyramid_l3,44450.0,0.06083371490240097
train/pyramid_l3,44500.0,0.05409979075193405
train/pyramid_l3,44550.0,0.05810307711362839
train/pyramid_l3,44600.0,0.06592550128698349
train/pyramid_l3,44650.0,0.06605631113052368
train/pyramid_l3,44700.0,0.07632913440465927
train/pyramid_l3,44750.0,0.07611462473869324
train/pyramid_l3,44800.0,0.06172621250152588
train/pyramid_l3,44850.0,0.054378312081098557
train/pyramid_l3,44900.0,0.06579197943210602
train/pyramid_l3,44950.0,0.05885063856840134
train/pyramid_l3,45000.0,0.06118645519018173
train/pyramid_l3,45050.0,0.07748802751302719
train/pyramid_l3,45100.0,0.0761038213968277
train/pyramid_l3,45150.0,0.05820706486701965
train/pyramid_l3,45200.0,0.06263446807861328
train/pyramid_l3,45250.0,0.0690799131989479
train/pyramid_l3,45300.0,0.05103489011526108
train/pyramid_l3,45350.0,0.06803406029939651
train/pyramid_l3,45400.0,0.06801897287368774
train/pyramid_l3,45450.0,0.07840047031641006
train/pyramid_l3,45500.0,0.06727816164493561
train/pyramid_l3,45550.0,0.06950777024030685
train/pyramid_l3,45600.0,0.06939788162708282
train/pyramid_l3,45650.0,0.07374051213264465
train/pyramid_l3,45700.0,0.06599127501249313
train/pyramid_l3,45750.0,0.050112009048461914
train/pyramid_l3,45800.0,0.06583578884601593
train/pyramid_l3,45850.0,0.07094386965036392
train/pyramid_l3,45900.0,0.06600163877010345
train/pyramid_l3,45950.0,0.0641670823097229
train/pyramid_l3,46000.0,0.06754913926124573
train/pyramid_l3,46050.0,0.05603810399770737
train/pyramid_l3,46100.0,0.07748807221651077
train/pyramid_l3,46150.0,0.06036388874053955
train/pyramid_l3,46200.0,0.0818822979927063
train/pyramid_l3,46250.0,0.06721137464046478
train/pyramid_l3,46300.0,0.06247056648135185
train/pyramid_l3,46350.0,0.06440120935440063
train/pyramid_l3,46400.0,0.06775229424238205
train/pyramid_l3,46450.0,0.06580205261707306
train/pyramid_l3,46500.0,0.06593616306781769
train/pyramid_l3,46550.0,0.06995603442192078
train/pyramid_l3,46600.0,0.06525391340255737
train/pyramid_l3,46650.0,0.05618894100189209
train/pyramid_l3,46700.0,0.06266366690397263
train/pyramid_l3,46750.0,0.04847223684191704
train/pyramid_l3,46800.0,0.05719834566116333
train/pyramid_l3,46850.0,0.07674819231033325
train/pyramid_l3,46900.0,0.05554632842540741
train/pyramid_l3,46950.0,0.060786377638578415
train/pyramid_l3,47000.0,0.07531513273715973
train/pyramid_l3,47050.0,0.06145830079913139
train/pyramid_l3,47100.0,0.060743264853954315
train/pyramid_l3,47150.0,0.058340754359960556
train/pyramid_l3,47200.0,0.059075191617012024
train/pyramid_l3,47250.0,0.07960142940282822
train/pyramid_l3,47300.0,0.07126151770353317
train/pyramid_l3,47350.0,0.05312218517065048
train/pyramid_l3,47400.0,0.05572032928466797
train/pyramid_l3,47450.0,0.10501547902822495
train/pyramid_l3,47500.0,0.06199494004249573
train/pyramid_l3,47550.0,0.070437952876091
train/pyramid_l3,47600.0,0.09550011157989502
train/pyramid_l3,47650.0,0.07446418702602386
train/pyramid_l3,47700.0,0.06941793859004974
train/pyramid_l3,47750.0,0.08270110189914703
train/pyramid_l3,47800.0,0.06685510277748108
train/pyramid_l3,47850.0,0.07404106110334396
train/pyramid_l3,47900.0,0.06544657051563263
train/pyramid_l3,47950.0,0.06489761918783188
train/pyramid_l3,48000.0,0.06224965304136276
train/pyramid_l3,48050.0,0.051002778112888336
train/pyramid_l3,48100.0,0.061218053102493286
train/pyramid_l3,48150.0,0.0655975192785263
train/pyramid_l3,48200.0,0.05702410638332367
train/pyramid_l3,48250.0,0.058908216655254364
train/pyramid_l3,48300.0,0.07392119616270065
train/pyramid_l3,48350.0,0.06028909236192703
train/pyramid_l3,48400.0,0.0619002990424633
train/pyramid_l3,48450.0,0.06691351532936096
train/pyramid_l3,48500.0,0.06303758919239044
train/pyramid_l3,48550.0,0.06789451092481613
train/pyramid_l3,48600.0,0.047717683017253876
train/pyramid_l3,48650.0,0.04923173412680626
train/pyramid_l3,48700.0,0.04465871676802635
train/pyramid_l3,48750.0,0.07286283373832703
train/pyramid_l3,48800.0,0.05846848338842392
train/pyramid_l3,48850.0,0.06900026649236679
train/pyramid_l3,48900.0,0.06954309344291687
train/pyramid_l3,48950.0,0.09519816935062408
train/pyramid_l3,49000.0,0.08915569633245468
train/pyramid_l3,49050.0,0.05902302265167236
train/pyramid_l3,49100.0,0.054178230464458466
train/pyramid_l3,49150.0,0.07064418494701385
train/pyramid_l3,49200.0,0.06412533670663834
train/pyramid_l3,49250.0,0.04333474487066269
train/pyramid_l3,49300.0,0.06707483530044556
train/pyramid_l3,49350.0,0.06329138576984406
train/pyramid_l3,49400.0,0.05681067705154419
train/pyramid_l3,49450.0,0.05395178496837616
train/pyramid_l3,49500.0,0.059606507420539856
train/pyramid_l3,49550.0,0.06537972390651703
train/pyramid_l3,49600.0,0.053956009447574615
train/pyramid_l3,49650.0,0.0948689803481102
train/pyramid_l3,49700.0,0.05846933647990227
train/pyramid_l3,49750.0,0.06430460512638092
train/pyramid_l3,49800.0,0.0670907199382782
train/pyramid_l3,49850.0,0.06861083954572678
train/pyramid_l3,49900.0,0.0652194544672966
train/pyramid_l3,49950.0,0.060710810124874115
train/pyramid_l3,50000.0,0.05701495334506035
train/pyramid_l3,50050.0,0.07222004234790802
train/pyramid_l3,50100.0,0.06836830079555511
train/pyramid_l3,50150.0,0.06121116131544113
train/pyramid_l3,50200.0,0.07446222007274628
train/pyramid_l3,50250.0,0.067520372569561
train/pyramid_l3,50300.0,0.06354966759681702
train/pyramid_l3,50350.0,0.06395076215267181
train/pyramid_l3,50400.0,0.062347523868083954
train/pyramid_l3,50450.0,0.06684525310993195
train/pyramid_l3,50500.0,0.056103043258190155
train/pyramid_l3,50550.0,0.07741914689540863
train/pyramid_l3,50600.0,0.04818183183670044
train/pyramid_l3,50650.0,0.06378767639398575
train/pyramid_l3,50700.0,0.08069157600402832
train/pyramid_l3,50750.0,0.06824326515197754
train/pyramid_l3,50800.0,0.049063753336668015
train/pyramid_l3,50850.0,0.07640884816646576
train/pyramid_l3,50900.0,0.05969400703907013
train/pyramid_l3,50950.0,0.0640391930937767
train/pyramid_l3,51000.0,0.05706857889890671
train/pyramid_l3,51050.0,0.06850025802850723
train/pyramid_l3,51100.0,0.05323503911495209
train/pyramid_l3,51150.0,0.06451138854026794
train/pyramid_l3,51200.0,0.07020199298858643
train/pyramid_l3,51250.0,0.07333947718143463
train/pyramid_l3,51300.0,0.06783031672239304
train/pyramid_l3,51350.0,0.07760954648256302
train/pyramid_l3,51400.0,0.06472909450531006
train/pyramid_l3,51450.0,0.05480378866195679
train/pyramid_l3,51500.0,0.05989852547645569
train/pyramid_l3,51550.0,0.057160139083862305
train/pyramid_l3,51600.0,0.0688788890838623
train/pyramid_l3,51650.0,0.06206898391246796
train/pyramid_l3,51700.0,0.051487892866134644
train/pyramid_l3,51750.0,0.06578902155160904
train/pyramid_l3,51800.0,0.052824608981609344
train/pyramid_l3,51850.0,0.07748182117938995
train/pyramid_l3,51900.0,0.07630398869514465
train/pyramid_l4,50.0,0.0879291221499443
train/pyramid_l4,100.0,0.08485434949398041
train/pyramid_l4,150.0,0.06233636662364006
train/pyramid_l4,200.0,0.0681259036064148
train/pyramid_l4,250.0,0.0941036194562912
train/pyramid_l4,300.0,0.09068498015403748
train/pyramid_l4,350.0,0.07466193288564682
train/pyramid_l4,400.0,0.07123040407896042
train/pyramid_l4,450.0,0.0689169391989708
train/pyramid_l4,500.0,0.0847262442111969
train/pyramid_l4,550.0,0.07820884883403778
train/pyramid_l4,600.0,0.06037915498018265
train/pyramid_l4,650.0,0.07983420789241791
train/pyramid_l4,700.0,0.049188774079084396
train/pyramid_l4,750.0,0.1039760410785675
train/pyramid_l4,800.0,0.05922628939151764
train/pyramid_l4,850.0,0.10020503401756287
train/pyramid_l4,900.0,0.07503148168325424
train/pyramid_l4,950.0,0.0796172171831131
train/pyramid_l4,1000.0,0.09517012536525726
train/pyramid_l4,1050.0,0.06106260418891907
train/pyramid_l4,1100.0,0.07289117574691772
train/pyramid_l4,1150.0,0.06814315915107727
train/pyramid_l4,1200.0,0.06292615085840225
train/pyramid_l4,1250.0,0.07908289134502411
train/pyramid_l4,1300.0,0.06681130826473236
train/pyramid_l4,1350.0,0.08347900211811066
train/pyramid_l4,1400.0,0.09483303874731064
train/pyramid_l4,1450.0,0.0709051638841629
train/pyramid_l4,1500.0,0.056700449436903
train/pyramid_l4,1550.0,0.06280060112476349
train/pyramid_l4,1600.0,0.06177489459514618
train/pyramid_l4,1650.0,0.06565193086862564
train/pyramid_l4,1700.0,0.056804679334163666
train/pyramid_l4,1750.0,0.06631487607955933
train/pyramid_l4,1800.0,0.10380389541387558
train/pyramid_l4,1850.0,0.07377871125936508
train/pyramid_l4,1900.0,0.08462017774581909
train/pyramid_l4,1950.0,0.06311136484146118
train/pyramid_l4,2000.0,0.06304584443569183
train/pyramid_l4,2050.0,0.06979112327098846
train/pyramid_l4,2100.0,0.06323394179344177
train/pyramid_l4,2150.0,0.07340756058692932
train/pyramid_l4,2200.0,0.0963953360915184
train/pyramid_l4,2250.0,0.060839615762233734
train/pyramid_l4,2300.0,0.0640404149889946
train/pyramid_l4,2350.0,0.07321219891309738
train/pyramid_l4,2400.0,0.07197144627571106
train/pyramid_l4,2450.0,0.06361576914787292
train/pyramid_l4,2500.0,0.06773509830236435
train/pyramid_l4,2550.0,0.05328259989619255
train/pyramid_l4,2600.0,0.06919892877340317
train/pyramid_l4,2650.0,0.06709419935941696
train/pyramid_l4,2700.0,0.05531221628189087
train/pyramid_l4,2750.0,0.10063933581113815
train/pyramid_l4,2800.0,0.061259202659130096
train/pyramid_l4,2850.0,0.05991962552070618
train/pyramid_l4,2900.0,0.04694291204214096
train/pyramid_l4,2950.0,0.062045447528362274
train/pyramid_l4,3000.0,0.05302044749259949
train/pyramid_l4,3050.0,0.05250336229801178
train/pyramid_l4,3100.0,0.0651901587843895
train/pyramid_l4,3150.0,0.05040910094976425
train/pyramid_l4,3200.0,0.05772554129362106
train/pyramid_l4,3250.0,0.07885038107633591
train/pyramid_l4,3300.0,0.06332844495773315
train/pyramid_l4,3350.0,0.04743782803416252
train/pyramid_l4,3400.0,0.05953577905893326
train/pyramid_l4,3450.0,0.06329219043254852
train/pyramid_l4,3500.0,0.08028057217597961
train/pyramid_l4,3550.0,0.046368908137083054
train/pyramid_l4,3600.0,0.09499627351760864
train/pyramid_l4,3650.0,0.06775510311126709
train/pyramid_l4,3700.0,0.0701000764966011
train/pyramid_l4,3750.0,0.054746996611356735
train/pyramid_l4,3800.0,0.07697510719299316
train/pyramid_l4,3850.0,0.06435955315828323
train/pyramid_l4,3900.0,0.04888485372066498
train/pyramid_l4,3950.0,0.05144699662923813
train/pyramid_l4,4000.0,0.0727645754814148
train/pyramid_l4,4050.0,0.05526670068502426
train/pyramid_l4,4100.0,0.06149609014391899
train/pyramid_l4,4150.0,0.07971779257059097
train/pyramid_l4,4200.0,0.0879896879196167
train/pyramid_l4,4250.0,0.06050354242324829
train/pyramid_l4,4300.0,0.05791956186294556
train/pyramid_l4,4350.0,0.05876905843615532
train/pyramid_l4,4400.0,0.05035620182752609
train/pyramid_l4,4450.0,0.05546867847442627
train/pyramid_l4,4500.0,0.057055339217185974
train/pyramid_l4,4550.0,0.06127036362886429
train/pyramid_l4,4600.0,0.0564592108130455
train/pyramid_l4,4650.0,0.054273732006549835
train/pyramid_l4,4700.0,0.07637355476617813
train/pyramid_l4,4750.0,0.059585653245449066
train/pyramid_l4,4800.0,0.060211777687072754
train/pyramid_l4,4850.0,0.05706591531634331
train/pyramid_l4,4900.0,0.05812668055295944
train/pyramid_l4,4950.0,0.05824106186628342
train/pyramid_l4,5000.0,0.055769748985767365
train/pyramid_l4,5050.0,0.053611453622579575
train/pyramid_l4,5100.0,0.06778575479984283
train/pyramid_l4,5150.0,0.053169798105955124
train/pyramid_l4,5200.0,0.05537417158484459
train/pyramid_l4,5250.0,0.0710846558213234
train/pyramid_l4,5300.0,0.07520103454589844
train/pyramid_l4,5350.0,0.06562778353691101
train/pyramid_l4,5400.0,0.06120612472295761
train/pyramid_l4,5450.0,0.06078341603279114
train/pyramid_l4,5500.0,0.06544722616672516
train/pyramid_l4,5550.0,0.06827624142169952
train/pyramid_l4,5600.0,0.062102288007736206
train/pyramid_l4,5650.0,0.0627390667796135
train/pyramid_l4,5700.0,0.07274367660284042
train/pyramid_l4,5750.0,0.07874515652656555
train/pyramid_l4,5800.0,0.06338310986757278
train/pyramid_l4,5850.0,0.07099288702011108
train/pyramid_l4,5900.0,0.0581650547683239
train/pyramid_l4,5950.0,0.06271882355213165
train/pyramid_l4,6000.0,0.04363808035850525
train/pyramid_l4,6050.0,0.05373399704694748
train/pyramid_l4,6100.0,0.054596029222011566
train/pyramid_l4,6150.0,0.049258679151535034
train/pyramid_l4,6200.0,0.05018575116991997
train/pyramid_l4,6250.0,0.05569303035736084
train/pyramid_l4,6300.0,0.06239321827888489
train/pyramid_l4,6350.0,0.05710628628730774
train/pyramid_l4,6400.0,0.08223792910575867
train/pyramid_l4,6450.0,0.07154148072004318
train/pyramid_l4,6500.0,0.05393745005130768
train/pyramid_l4,6550.0,0.05035702511668205
train/pyramid_l4,6600.0,0.038253143429756165
train/pyramid_l4,6650.0,0.05925595387816429
train/pyramid_l4,6700.0,0.07832920551300049
train/pyramid_l4,6750.0,0.09668265283107758
train/pyramid_l4,6800.0,0.06338468939065933
train/pyramid_l4,6850.0,0.07011538743972778
train/pyramid_l4,6900.0,0.0706406980752945
train/pyramid_l4,6950.0,0.061492614448070526
train/pyramid_l4,7000.0,0.06025008484721184
train/pyramid_l4,7050.0,0.04188330098986626
train/pyramid_l4,7100.0,0.05826408788561821
train/pyramid_l4,7150.0,0.061339911073446274
train/pyramid_l4,7200.0,0.0571964792907238
train/pyramid_l4,7250.0,0.05929013341665268
train/pyramid_l4,7300.0,0.06528280675411224
train/pyramid_l4,7350.0,0.07946580648422241
train/pyramid_l4,7400.0,0.057824499905109406
train/pyramid_l4,7450.0,0.0693167969584465
train/pyramid_l4,7500.0,0.06312096118927002
train/pyramid_l4,7550.0,0.0584857314825058
train/pyramid_l4,7600.0,0.06699305772781372
train/pyramid_l4,7650.0,0.0710923820734024
train/pyramid_l4,7700.0,0.07106014341115952
train/pyramid_l4,7750.0,0.06017076224088669
train/pyramid_l4,7800.0,0.05586249753832817
train/pyramid_l4,7850.0,0.06931798160076141
train/pyramid_l4,7900.0,0.05558810383081436
train/pyramid_l4,7950.0,0.04852539300918579
train/pyramid_l4,8000.0,0.0532093271613121
train/pyramid_l4,8050.0,0.04665570706129074
train/pyramid_l4,8100.0,0.06299573183059692
train/pyramid_l4,8150.0,0.06103990599513054
train/pyramid_l4,8200.0,0.05915910005569458
train/pyramid_l4,8250.0,0.06458854675292969
train/pyramid_l4,8300.0,0.06690461933612823
train/pyramid_l4,8350.0,0.05840005725622177
train/pyramid_l4,8400.0,0.07673768699169159
train/pyramid_l4,8450.0,0.07145437598228455
train/pyramid_l4,8500.0,0.05374543368816376
train/pyramid_l4,8550.0,0.050111085176467896
train/pyramid_l4,8600.0,0.049239255487918854
train/pyramid_l4,8650.0,0.05351477488875389
train/pyramid_l4,8700.0,0.05072435736656189
train/pyramid_l4,8750.0,0.05569284409284592
train/pyramid_l4,8800.0,0.04650019854307175
train/pyramid_l4,8850.0,0.06111448258161545
train/pyramid_l4,8900.0,0.06598078459501266
train/pyramid_l4,8950.0,0.06423762440681458
train/pyramid_l4,9000.0,0.06565773487091064
train/pyramid_l4,9050.0,0.05218261107802391
train/pyramid_l4,9100.0,0.057149939239025116
train/pyramid_l4,9150.0,0.05020753666758537
train/pyramid_l4,9200.0,0.059744611382484436
train/pyramid_l4,9250.0,0.0839415043592453
train/pyramid_l4,9300.0,0.05551213026046753
train/pyramid_l4,9350.0,0.0699281319975853
train/pyramid_l4,9400.0,0.06473663449287415
train/pyramid_l4,9450.0,0.059292882680892944
train/pyramid_l4,9500.0,0.051016490906476974
train/pyramid_l4,9550.0,0.056048985570669174
train/pyramid_l4,9600.0,0.05077793449163437
train/pyramid_l4,9650.0,0.04720541834831238
train/pyramid_l4,9700.0,0.05057299882173538
train/pyramid_l4,9750.0,0.06056811660528183
train/pyramid_l4,9800.0,0.055919624865055084
train/pyramid_l4,9850.0,0.06649462878704071
train/pyramid_l4,9900.0,0.06493336707353592
train/pyramid_l4,9950.0,0.05758541822433472
train/pyramid_l4,10000.0,0.07006396353244781
train/pyramid_l4,10050.0,0.060639481991529465
train/pyramid_l4,10100.0,0.058526672422885895
train/pyramid_l4,10150.0,0.06930636614561081
train/pyramid_l4,10200.0,0.08168712258338928
train/pyramid_l4,10250.0,0.07337693870067596
train/pyramid_l4,10300.0,0.05018150061368942
train/pyramid_l4,10350.0,0.0871264785528183
train/pyramid_l4,10400.0,0.04769305884838104
train/pyramid_l4,10450.0,0.04374440759420395
train/pyramid_l4,10500.0,0.05055670067667961
train/pyramid_l4,10550.0,0.050823312252759933
train/pyramid_l4,10600.0,0.05392475053668022
train/pyramid_l4,10650.0,0.04845435917377472
train/pyramid_l4,10700.0,0.047332704067230225
train/pyramid_l4,10750.0,0.06667034327983856
train/pyramid_l4,10800.0,0.06786457449197769
train/pyramid_l4,10850.0,0.049549978226423264
train/pyramid_l4,10900.0,0.05728913098573685
train/pyramid_l4,10950.0,0.056438714265823364
train/pyramid_l4,11000.0,0.04534782096743584
train/pyramid_l4,11050.0,0.05344107747077942
train/pyramid_l4,11100.0,0.0539269745349884
train/pyramid_l4,11150.0,0.06447497010231018
train/pyramid_l4,11200.0,0.048968106508255005
train/pyramid_l4,11250.0,0.07439647614955902
train/pyramid_l4,11300.0,0.04360650107264519
train/pyramid_l4,11350.0,0.06391839683055878
train/pyramid_l4,11400.0,0.05438277870416641
train/pyramid_l4,11450.0,0.05131837725639343
train/pyramid_l4,11500.0,0.06849756091833115
train/pyramid_l4,11550.0,0.049870043992996216
train/pyramid_l4,11600.0,0.0552145354449749
train/pyramid_l4,11650.0,0.05817871540784836
train/pyramid_l4,11700.0,0.04030783474445343
train/pyramid_l4,11750.0,0.0546969473361969
train/pyramid_l4,11800.0,0.0555252730846405
train/pyramid_l4,11850.0,0.049254219979047775
train/pyramid_l4,11900.0,0.055461473762989044
train/pyramid_l4,11950.0,0.054329365491867065
train/pyramid_l4,12000.0,0.061430491507053375
train/pyramid_l4,12050.0,0.05448710173368454
train/pyramid_l4,12100.0,0.06033767759799957
train/pyramid_l4,12150.0,0.04755491763353348
train/pyramid_l4,12200.0,0.05141090601682663
train/pyramid_l4,12250.0,0.05914337933063507
train/pyramid_l4,12300.0,0.04920888692140579
train/pyramid_l4,12350.0,0.04965247958898544
train/pyramid_l4,12400.0,0.06219682842493057
train/pyramid_l4,12450.0,0.05531139299273491
train/pyramid_l4,12500.0,0.06091361492872238
train/pyramid_l4,12550.0,0.05176422744989395
train/pyramid_l4,12600.0,0.05915369838476181
train/pyramid_l4,12650.0,0.0678626075387001
train/pyramid_l4,12700.0,0.06435146927833557
train/pyramid_l4,12750.0,0.05830990523099899
train/pyramid_l4,12800.0,0.04138351231813431
train/pyramid_l4,12850.0,0.03859850391745567
train/pyramid_l4,12900.0,0.04693322628736496
train/pyramid_l4,12950.0,0.06395255774259567
train/pyramid_l4,13000.0,0.056293219327926636
train/pyramid_l4,13050.0,0.054699625819921494
train/pyramid_l4,13100.0,0.08184029161930084
train/pyramid_l4,13150.0,0.05643162131309509
train/pyramid_l4,13200.0,0.05923551321029663
train/pyramid_l4,13250.0,0.05901293084025383
train/pyramid_l4,13300.0,0.06732915341854095
train/pyramid_l4,13350.0,0.06174705550074577
train/pyramid_l4,13400.0,0.05201137065887451
train/pyramid_l4,13450.0,0.05702005326747894
train/pyramid_l4,13500.0,0.055773407220840454
train/pyramid_l4,13550.0,0.06710108369588852
train/pyramid_l4,13600.0,0.057056259363889694
train/pyramid_l4,13650.0,0.04949021339416504
train/pyramid_l4,13700.0,0.04950287938117981
train/pyramid_l4,13750.0,0.055175237357616425
train/pyramid_l4,13800.0,0.07512905448675156
train/pyramid_l4,13850.0,0.04812857508659363
train/pyramid_l4,13900.0,0.055052533745765686
train/pyramid_l4,13950.0,0.05615606904029846
train/pyramid_l4,14000.0,0.060765545815229416
train/pyramid_l4,14050.0,0.05173623561859131
train/pyramid_l4,14100.0,0.08947247266769409
train/pyramid_l4,14150.0,0.049366988241672516
train/pyramid_l4,14200.0,0.06705009937286377
train/pyramid_l4,14250.0,0.05763723701238632
train/pyramid_l4,14300.0,0.0597686767578125
train/pyramid_l4,14350.0,0.05244721099734306
train/pyramid_l4,14400.0,0.04866693541407585
train/pyramid_l4,14450.0,0.05100226029753685
train/pyramid_l4,14500.0,0.06602726876735687
train/pyramid_l4,14550.0,0.06176399439573288
train/pyramid_l4,14600.0,0.062373965978622437
train/pyramid_l4,14650.0,0.05174744874238968
train/pyramid_l4,14700.0,0.05242472514510155
train/pyramid_l4,14750.0,0.06074963137507439
train/pyramid_l4,14800.0,0.04847201704978943
train/pyramid_l4,14850.0,0.04941553995013237
train/pyramid_l4,14900.0,0.04216015338897705
train/pyramid_l4,14950.0,0.05124938488006592
train/pyramid_l4,15000.0,0.0539100281894207
train/pyramid_l4,15050.0,0.04881318658590317
train/pyramid_l4,15100.0,0.050026267766952515
train/pyramid_l4,15150.0,0.061835236847400665
train/pyramid_l4,15200.0,0.05521184206008911
train/pyramid_l4,15250.0,0.05701066181063652
train/pyramid_l4,15300.0,0.05073827505111694
train/pyramid_l4,15350.0,0.04283515363931656
train/pyramid_l4,15400.0,0.0494423434138298
train/pyramid_l4,15450.0,0.05155062675476074
train/pyramid_l4,15500.0,0.05371209606528282
train/pyramid_l4,15550.0,0.04754207283258438
train/pyramid_l4,15600.0,0.050400614738464355
train/pyramid_l4,15650.0,0.05231860280036926
train/pyramid_l4,15700.0,0.0429227352142334
train/pyramid_l4,15750.0,0.05912386626005173
train/pyramid_l4,15800.0,0.05086631327867508
train/pyramid_l4,15850.0,0.05066738650202751
train/pyramid_l4,15900.0,0.054574307054281235
train/pyramid_l4,15950.0,0.045155517756938934
train/pyramid_l4,16000.0,0.05870876833796501
train/pyramid_l4,16050.0,0.05801790952682495
train/pyramid_l4,16100.0,0.052711375057697296
train/pyramid_l4,16150.0,0.04838230460882187
train/pyramid_l4,16200.0,0.041912540793418884
train/pyramid_l4,16250.0,0.06826166808605194
train/pyramid_l4,16300.0,0.0645248293876648
train/pyramid_l4,16350.0,0.05932941287755966
train/pyramid_l4,16400.0,0.05221804603934288
train/pyramid_l4,16450.0,0.05188258737325668
train/pyramid_l4,16500.0,0.05244756489992142
train/pyramid_l4,16550.0,0.05938565731048584
train/pyramid_l4,16600.0,0.04182614013552666
train/pyramid_l4,16650.0,0.06446872651576996
train/pyramid_l4,16700.0,0.05796700716018677
train/pyramid_l4,16750.0,0.045496098697185516
train/pyramid_l4,16800.0,0.04797948896884918
train/pyramid_l4,16850.0,0.05558360740542412
train/pyramid_l4,16900.0,0.06009892746806145
train/pyramid_l4,16950.0,0.048584725707769394
train/pyramid_l4,17000.0,0.05240596458315849
train/pyramid_l4,17050.0,0.04835788533091545
train/pyramid_l4,17100.0,0.0602104589343071
train/pyramid_l4,17150.0,0.05806279182434082
train/pyramid_l4,17200.0,0.07151694595813751
train/pyramid_l4,17250.0,0.0747084990143776
train/pyramid_l4,17300.0,0.043403275310993195
train/pyramid_l4,17350.0,0.06636583060026169
train/pyramid_l4,17400.0,0.05875784158706665
train/pyramid_l4,17450.0,0.04564801976084709
train/pyramid_l4,17500.0,0.05422092601656914
train/pyramid_l4,17550.0,0.053409330546855927
train/pyramid_l4,17600.0,0.04442482441663742
train/pyramid_l4,17650.0,0.05624232441186905
train/pyramid_l4,17700.0,0.04286431893706322
train/pyramid_l4,17750.0,0.0426340326666832
train/pyramid_l4,17800.0,0.05552668869495392
train/pyramid_l4,17850.0,0.0435195192694664
train/pyramid_l4,17900.0,0.048752110451459885
train/pyramid_l4,17950.0,0.07600711286067963
train/pyramid_l4,18000.0,0.06341610103845596
train/pyramid_l4,18050.0,0.04609116166830063
train/pyramid_l4,18100.0,0.06530742347240448
train/pyramid_l4,18150.0,0.049145787954330444
train/pyramid_l4,18200.0,0.05637161433696747
train/pyramid_l4,18250.0,0.05350370332598686
train/pyramid_l4,18300.0,0.04129627346992493
train/pyramid_l4,18350.0,0.06226246803998947
train/pyramid_l4,18400.0,0.058430325239896774
train/pyramid_l4,18450.0,0.06898318231105804
train/pyramid_l4,18500.0,0.0682169646024704
train/pyramid_l4,18550.0,0.06621363759040833
train/pyramid_l4,18600.0,0.0524468868970871
train/pyramid_l4,18650.0,0.04711075872182846
train/pyramid_l4,18700.0,0.05294748768210411
train/pyramid_l4,18750.0,0.04189454764127731
train/pyramid_l4,18800.0,0.06231268495321274
train/pyramid_l4,18850.0,0.05624650418758392
train/pyramid_l4,18900.0,0.04454023763537407
train/pyramid_l4,18950.0,0.04668986797332764
train/pyramid_l4,19000.0,0.05806426331400871
train/pyramid_l4,19050.0,0.06358316540718079
train/pyramid_l4,19100.0,0.04421554133296013
train/pyramid_l4,19150.0,0.04862901568412781
train/pyramid_l4,19200.0,0.060689330101013184
train/pyramid_l4,19250.0,0.05145417898893356
train/pyramid_l4,19300.0,0.052270036190748215
train/pyramid_l4,19350.0,0.043337952345609665
train/pyramid_l4,19400.0,0.057182520627975464
train/pyramid_l4,19450.0,0.06967047601938248
train/pyramid_l4,19500.0,0.05332589149475098
train/pyramid_l4,19550.0,0.056795746088027954
train/pyramid_l4,19600.0,0.04780162498354912
train/pyramid_l4,19650.0,0.09997496008872986
train/pyramid_l4,19700.0,0.05018007755279541
train/pyramid_l4,19750.0,0.05634617060422897
train/pyramid_l4,19800.0,0.04378263279795647
train/pyramid_l4,19850.0,0.05950075015425682
train/pyramid_l4,19900.0,0.06394486129283905
train/pyramid_l4,19950.0,0.07510139048099518
train/pyramid_l4,20000.0,0.07725587487220764
train/pyramid_l4,20050.0,0.05091895908117294
train/pyramid_l4,20100.0,0.071938157081604
train/pyramid_l4,20150.0,0.053223200142383575
train/pyramid_l4,20200.0,0.0452067069709301
train/pyramid_l4,20250.0,0.05163360759615898
train/pyramid_l4,20300.0,0.07276546210050583
train/pyramid_l4,20350.0,0.046317216008901596
train/pyramid_l4,20400.0,0.060450442135334015
train/pyramid_l4,20450.0,0.0535283163189888
train/pyramid_l4,20500.0,0.04911397024989128
train/pyramid_l4,20550.0,0.05006198212504387
train/pyramid_l4,20600.0,0.04277973994612694
train/pyramid_l4,20650.0,0.05030539259314537
train/pyramid_l4,20700.0,0.0543178915977478
train/pyramid_l4,20750.0,0.060118936002254486
train/pyramid_l4,20800.0,0.058959268033504486
train/pyramid_l4,20850.0,0.05960506945848465
train/pyramid_l4,20900.0,0.04703869670629501
train/pyramid_l4,20950.0,0.049458153545856476
train/pyramid_l4,21000.0,0.052853237837553024
train/pyramid_l4,21050.0,0.045392852276563644
train/pyramid_l4,21100.0,0.04617641493678093
train/pyramid_l4,21150.0,0.04706096276640892
train/pyramid_l4,21200.0,0.05597320944070816
train/pyramid_l4,21250.0,0.052237167954444885
train/pyramid_l4,21300.0,0.06830763071775436
train/pyramid_l4,21350.0,0.04312458634376526
train/pyramid_l4,21400.0,0.051333002746105194
train/pyramid_l4,21450.0,0.06695647537708282
train/pyramid_l4,21500.0,0.06486383825540543
train/pyramid_l4,21550.0,0.03995189815759659
train/pyramid_l4,21600.0,0.04251854121685028
train/pyramid_l4,21650.0,0.049713119864463806
train/pyramid_l4,21700.0,0.05538737028837204
train/pyramid_l4,21750.0,0.06496533006429672
train/pyramid_l4,21800.0,0.05052420496940613
train/pyramid_l4,21850.0,0.055393777787685394
train/pyramid_l4,21900.0,0.053095363080501556
train/pyramid_l4,21950.0,0.050414830446243286
train/pyramid_l4,22000.0,0.048905979841947556
train/pyramid_l4,22050.0,0.05035151168704033
train/pyramid_l4,22100.0,0.057561904191970825
train/pyramid_l4,22150.0,0.04580378532409668
train/pyramid_l4,22200.0,0.05394401401281357
train/pyramid_l4,22250.0,0.05365370959043503
train/pyramid_l4,22300.0,0.03784075006842613
train/pyramid_l4,22350.0,0.048598021268844604
train/pyramid_l4,22400.0,0.048869788646698
train/pyramid_l4,22450.0,0.053816914558410645
train/pyramid_l4,22500.0,0.05587383359670639
train/pyramid_l4,22550.0,0.05238881707191467
train/pyramid_l4,22600.0,0.05338774248957634
train/pyramid_l4,22650.0,0.056809693574905396
train/pyramid_l4,22700.0,0.0779462680220604
train/pyramid_l4,22750.0,0.046083539724349976
train/pyramid_l4,22800.0,0.06938479840755463
train/pyramid_l4,22850.0,0.062000781297683716
train/pyramid_l4,22900.0,0.05451358109712601
train/pyramid_l4,22950.0,0.061071038246154785
train/pyramid_l4,23000.0,0.043929047882556915
train/pyramid_l4,23050.0,0.03877516835927963
train/pyramid_l4,23100.0,0.047702357172966
train/pyramid_l4,23150.0,0.04497794434428215
train/pyramid_l4,23200.0,0.0650615245103836
train/pyramid_l4,23250.0,0.04097592458128929
train/pyramid_l4,23300.0,0.03777560591697693
train/pyramid_l4,23350.0,0.058193638920784
train/pyramid_l4,23400.0,0.051486335694789886
train/pyramid_l4,23450.0,0.061783693730831146
train/pyramid_l4,23500.0,0.0772847980260849
train/pyramid_l4,23550.0,0.037746042013168335
train/pyramid_l4,23600.0,0.050525963306427
train/pyramid_l4,23650.0,0.053575240075588226
train/pyramid_l4,23700.0,0.04497266933321953
train/pyramid_l4,23750.0,0.04433002695441246
train/pyramid_l4,23800.0,0.06634543091058731
train/pyramid_l4,23850.0,0.05209110304713249
train/pyramid_l4,23900.0,0.05181559920310974
train/pyramid_l4,23950.0,0.0808112621307373
train/pyramid_l4,24000.0,0.05680379271507263
train/pyramid_l4,24050.0,0.049627598375082016
train/pyramid_l4,24100.0,0.04727309197187424
train/pyramid_l4,24150.0,0.04590275138616562
train/pyramid_l4,24200.0,0.0639057606458664
train/pyramid_l4,24250.0,0.04463080316781998
train/pyramid_l4,24300.0,0.047569792717695236
train/pyramid_l4,24350.0,0.03189106285572052
train/pyramid_l4,24400.0,0.059065110981464386
train/pyramid_l4,24450.0,0.0679827407002449
train/pyramid_l4,24500.0,0.0462028943002224
train/pyramid_l4,24550.0,0.08877720683813095
train/pyramid_l4,24600.0,0.050708770751953125
train/pyramid_l4,24650.0,0.04237605631351471
train/pyramid_l4,24700.0,0.06640403717756271
train/pyramid_l4,24750.0,0.04355432093143463
train/pyramid_l4,24800.0,0.05064312368631363
train/pyramid_l4,24850.0,0.051202498376369476
train/pyramid_l4,24900.0,0.046226829290390015
train/pyramid_l4,24950.0,0.04700849577784538
train/pyramid_l4,25000.0,0.06135350093245506
train/pyramid_l4,25050.0,0.06159280240535736
train/pyramid_l4,25100.0,0.04398411512374878
train/pyramid_l4,25150.0,0.0445726215839386
train/pyramid_l4,25200.0,0.05465688556432724
train/pyramid_l4,25250.0,0.04144517704844475
train/pyramid_l4,25300.0,0.040728144347667694
train/pyramid_l4,25350.0,0.05443708598613739
train/pyramid_l4,25400.0,0.05033731088042259
train/pyramid_l4,25450.0,0.03908216208219528
train/pyramid_l4,25500.0,0.06112728640437126
train/pyramid_l4,25550.0,0.055362772196531296
train/pyramid_l4,25600.0,0.048335857689380646
train/pyramid_l4,25650.0,0.04548855125904083
train/pyramid_l4,25700.0,0.057074736803770065
train/pyramid_l4,25750.0,0.04408171400427818
train/pyramid_l4,25800.0,0.054385289549827576
train/pyramid_l4,25850.0,0.05253589153289795
train/pyramid_l4,25900.0,0.06517288088798523
train/pyramid_l4,25950.0,0.04209870100021362
train/pyramid_l4,26000.0,0.05509699508547783
train/pyramid_l4,26050.0,0.04373776540160179
train/pyramid_l4,26100.0,0.059904586523771286
train/pyramid_l4,26150.0,0.050918858498334885
train/pyramid_l4,26200.0,0.04856128618121147
train/pyramid_l4,26250.0,0.05300791189074516
train/pyramid_l4,26300.0,0.0602627657353878
train/pyramid_l4,26350.0,0.0527166947722435
train/pyramid_l4,26400.0,0.05393986031413078
train/pyramid_l4,26450.0,0.057990606874227524
train/pyramid_l4,26500.0,0.044753652065992355
train/pyramid_l4,26550.0,0.06039375066757202
train/pyramid_l4,26600.0,0.044934824109077454
train/pyramid_l4,26650.0,0.056632187217473984
train/pyramid_l4,26700.0,0.06160685420036316
train/pyramid_l4,26750.0,0.05327891558408737
train/pyramid_l4,26800.0,0.049929093569517136
train/pyramid_l4,26850.0,0.07201289385557175
train/pyramid_l4,26900.0,0.05927874147891998
train/pyramid_l4,26950.0,0.05474685877561569
train/pyramid_l4,27000.0,0.03793612867593765
train/pyramid_l4,27050.0,0.0460575632750988
train/pyramid_l4,27100.0,0.04205309599637985
train/pyramid_l4,27150.0,0.05275807902216911
train/pyramid_l4,27200.0,0.05419009178876877
train/pyramid_l4,27250.0,0.04450773447751999
train/pyramid_l4,27300.0,0.03907953202724457
train/pyramid_l4,27350.0,0.06390552967786789
train/pyramid_l4,27400.0,0.044638119637966156
train/pyramid_l4,27450.0,0.04435024783015251
train/pyramid_l4,27500.0,0.05457467958331108
train/pyramid_l4,27550.0,0.047992706298828125
train/pyramid_l4,27600.0,0.06549062579870224
train/pyramid_l4,27650.0,0.049968838691711426
train/pyramid_l4,27700.0,0.04264245554804802
train/pyramid_l4,27750.0,0.06334970891475677
train/pyramid_l4,27800.0,0.061047058552503586
train/pyramid_l4,27850.0,0.04878508672118187
train/pyramid_l4,27900.0,0.049136072397232056
train/pyramid_l4,27950.0,0.048138391226530075
train/pyramid_l4,28000.0,0.0598318874835968
train/pyramid_l4,28050.0,0.04263121634721756
train/pyramid_l4,28100.0,0.04876131936907768
train/pyramid_l4,28150.0,0.04166578873991966
train/pyramid_l4,28200.0,0.03963260352611542
train/pyramid_l4,28250.0,0.05590111017227173
train/pyramid_l4,28300.0,0.07720564305782318
train/pyramid_l4,28350.0,0.06068333610892296
train/pyramid_l4,28400.0,0.05739558860659599
train/pyramid_l4,28450.0,0.04753052815794945
train/pyramid_l4,28500.0,0.04851774498820305
train/pyramid_l4,28550.0,0.0482901856303215
train/pyramid_l4,28600.0,0.04223287105560303
train/pyramid_l4,28650.0,0.050555258989334106
train/pyramid_l4,28700.0,0.03740368410944939
train/pyramid_l4,28750.0,0.04747267812490463
train/pyramid_l4,28800.0,0.05955406278371811
train/pyramid_l4,28850.0,0.05744863674044609
train/pyramid_l4,28900.0,0.04325542971491814
train/pyramid_l4,28950.0,0.04528796300292015
train/pyramid_l4,29000.0,0.0468473844230175
train/pyramid_l4,29050.0,0.06589127331972122
train/pyramid_l4,29100.0,0.03596709668636322
train/pyramid_l4,29150.0,0.05131373926997185
train/pyramid_l4,29200.0,0.04363330453634262
train/pyramid_l4,29250.0,0.055031195282936096
train/pyramid_l4,29300.0,0.04239948093891144
train/pyramid_l4,29350.0,0.04340241476893425
train/pyramid_l4,29400.0,0.03941304609179497
train/pyramid_l4,29450.0,0.046177156269550323
train/pyramid_l4,29500.0,0.05391249060630798
train/pyramid_l4,29550.0,0.0539155974984169
train/pyramid_l4,29600.0,0.0530988834798336
train/pyramid_l4,29650.0,0.05663478001952171
train/pyramid_l4,29700.0,0.055132847279310226
train/pyramid_l4,29750.0,0.04291829466819763
train/pyramid_l4,29800.0,0.04818190261721611
train/pyramid_l4,29850.0,0.056256383657455444
train/pyramid_l4,29900.0,0.03620539605617523
train/pyramid_l4,29950.0,0.07793466746807098
train/pyramid_l4,30000.0,0.04886096715927124
train/pyramid_l4,30050.0,0.04623780399560928
train/pyramid_l4,30100.0,0.043950896710157394
train/pyramid_l4,30150.0,0.05318555235862732
train/pyramid_l4,30200.0,0.06474752724170685
train/pyramid_l4,30250.0,0.04203145205974579
train/pyramid_l4,30300.0,0.05760468170046806
train/pyramid_l4,30350.0,0.06363742053508759
train/pyramid_l4,30400.0,0.05312305688858032
train/pyramid_l4,30450.0,0.06386061012744904
train/pyramid_l4,30500.0,0.05669572949409485
train/pyramid_l4,30550.0,0.03956051915884018
train/pyramid_l4,30600.0,0.04464653134346008
train/pyramid_l4,30650.0,0.04836796969175339
train/pyramid_l4,30700.0,0.0453534834086895
train/pyramid_l4,30750.0,0.046789925545454025
train/pyramid_l4,30800.0,0.05105086416006088
train/pyramid_l4,30850.0,0.06550590693950653
train/pyramid_l4,30900.0,0.049529340118169785
train/pyramid_l4,30950.0,0.03466906026005745
train/pyramid_l4,31000.0,0.0607893243432045
train/pyramid_l4,31050.0,0.038152530789375305
train/pyramid_l4,31100.0,0.06303846836090088
train/pyramid_l4,31150.0,0.05476298928260803
train/pyramid_l4,31200.0,0.047545284032821655
train/pyramid_l4,31250.0,0.05023173615336418
train/pyramid_l4,31300.0,0.039946768432855606
train/pyramid_l4,31350.0,0.04812611639499664
train/pyramid_l4,31400.0,0.06420383602380753
train/pyramid_l4,31450.0,0.047124139964580536
train/pyramid_l4,31500.0,0.04344640299677849
train/pyramid_l4,31550.0,0.04545082896947861
train/pyramid_l4,31600.0,0.05992647260427475
train/pyramid_l4,31650.0,0.053117088973522186
train/pyramid_l4,31700.0,0.06234794482588768
train/pyramid_l4,31750.0,0.052663158625364304
train/pyramid_l4,31800.0,0.05283426493406296
train/pyramid_l4,31850.0,0.06594567000865936
train/pyramid_l4,31900.0,0.049846746027469635
train/pyramid_l4,31950.0,0.04807691276073456
train/pyramid_l4,32000.0,0.04880424588918686
train/pyramid_l4,32050.0,0.047826822847127914
train/pyramid_l4,32100.0,0.046069663017988205
train/pyramid_l4,32150.0,0.05348684638738632
train/pyramid_l4,32200.0,0.04884279891848564
train/pyramid_l4,32250.0,0.051324158906936646
train/pyramid_l4,32300.0,0.06922154128551483
train/pyramid_l4,32350.0,0.043931253254413605
train/pyramid_l4,32400.0,0.043837569653987885
train/pyramid_l4,32450.0,0.04712727665901184
train/pyramid_l4,32500.0,0.050149500370025635
train/pyramid_l4,32550.0,0.04607599973678589
train/pyramid_l4,32600.0,0.031851597130298615
train/pyramid_l4,32650.0,0.04446323961019516
train/pyramid_l4,32700.0,0.05323025584220886
train/pyramid_l4,32750.0,0.05917973071336746
train/pyramid_l4,32800.0,0.0652482733130455
train/pyramid_l4,32850.0,0.04718519374728203
train/pyramid_l4,32900.0,0.04195171222090721
train/pyramid_l4,32950.0,0.056827645748853683
train/pyramid_l4,33000.0,0.04835810884833336
train/pyramid_l4,33050.0,0.05185253918170929
train/pyramid_l4,33100.0,0.04730742797255516
train/pyramid_l4,33150.0,0.049952782690525055
train/pyramid_l4,33200.0,0.05257345363497734
train/pyramid_l4,33250.0,0.05546332523226738
train/pyramid_l4,33300.0,0.04052520543336868
train/pyramid_l4,33350.0,0.04978333041071892
train/pyramid_l4,33400.0,0.054977934807538986
train/pyramid_l4,33450.0,0.04533228278160095
train/pyramid_l4,33500.0,0.05249887704849243
train/pyramid_l4,33550.0,0.0501522421836853
train/pyramid_l4,33600.0,0.053398944437503815
train/pyramid_l4,33650.0,0.05093744397163391
train/pyramid_l4,33700.0,0.054189249873161316
train/pyramid_l4,33750.0,0.03536101430654526
train/pyramid_l4,33800.0,0.05178815871477127
train/pyramid_l4,33850.0,0.040851473808288574
train/pyramid_l4,33900.0,0.04944640025496483
train/pyramid_l4,33950.0,0.044467389583587646
train/pyramid_l4,34000.0,0.041633132845163345
train/pyramid_l4,34050.0,0.034339576959609985
train/pyramid_l4,34100.0,0.04122122377157211
train/pyramid_l4,34150.0,0.04451288282871246
train/pyramid_l4,34200.0,0.05112884193658829
train/pyramid_l4,34250.0,0.03397911787033081
train/pyramid_l4,34300.0,0.07995899021625519
train/pyramid_l4,34350.0,0.04595275968313217
train/pyramid_l4,34400.0,0.05813556909561157
train/pyramid_l4,34450.0,0.051193203777074814
train/pyramid_l4,34500.0,0.07457073777914047
train/pyramid_l4,34550.0,0.06251028180122375
train/pyramid_l4,34600.0,0.062026411294937134
train/pyramid_l4,34650.0,0.05508923530578613
train/pyramid_l4,34700.0,0.055098824203014374
train/pyramid_l4,34750.0,0.0627947598695755
train/pyramid_l4,34800.0,0.05011957883834839
train/pyramid_l4,34850.0,0.06601505726575851
train/pyramid_l4,34900.0,0.05582989752292633
train/pyramid_l4,34950.0,0.043910473585128784
train/pyramid_l4,35000.0,0.050476036965847015
train/pyramid_l4,35050.0,0.06265510618686676
train/pyramid_l4,35100.0,0.0477634072303772
train/pyramid_l4,35150.0,0.05463980883359909
train/pyramid_l4,35200.0,0.03907313570380211
train/pyramid_l4,35250.0,0.04992566630244255
train/pyramid_l4,35300.0,0.048713117837905884
train/pyramid_l4,35350.0,0.04001682996749878
train/pyramid_l4,35400.0,0.055877428501844406
train/pyramid_l4,35450.0,0.055489420890808105
train/pyramid_l4,35500.0,0.04467502236366272
train/pyramid_l4,35550.0,0.04412573575973511
train/pyramid_l4,35600.0,0.04706898331642151
train/pyramid_l4,35650.0,0.042690105736255646
train/pyramid_l4,35700.0,0.053465586155653
train/pyramid_l4,35750.0,0.06841818243265152
train/pyramid_l4,35800.0,0.04856840893626213
train/pyramid_l4,35850.0,0.046654921025037766
train/pyramid_l4,35900.0,0.057506293058395386
train/pyramid_l4,35950.0,0.05624113604426384
train/pyramid_l4,36000.0,0.039892248809337616
train/pyramid_l4,36050.0,0.04914351552724838
train/pyramid_l4,36100.0,0.043515026569366455
train/pyramid_l4,36150.0,0.047508206218481064
train/pyramid_l4,36200.0,0.0393744632601738
train/pyramid_l4,36250.0,0.04838849604129791
train/pyramid_l4,36300.0,0.04765428230166435
train/pyramid_l4,36350.0,0.051498256623744965
train/pyramid_l4,36400.0,0.04732295125722885
train/pyramid_l4,36450.0,0.04277031868696213
train/pyramid_l4,36500.0,0.03833397105336189
train/pyramid_l4,36550.0,0.04540150612592697
train/pyramid_l4,36600.0,0.04299212247133255
train/pyramid_l4,36650.0,0.04409417510032654
train/pyramid_l4,36700.0,0.06526120752096176
train/pyramid_l4,36750.0,0.05154958367347717
train/pyramid_l4,36800.0,0.055096130818128586
train/pyramid_l4,36850.0,0.05039834976196289
train/pyramid_l4,36900.0,0.05544773489236832
train/pyramid_l4,36950.0,0.0444643497467041
train/pyramid_l4,37000.0,0.043814390897750854
train/pyramid_l4,37050.0,0.054833754897117615
train/pyramid_l4,37100.0,0.04698626324534416
train/pyramid_l4,37150.0,0.05394955724477768
train/pyramid_l4,37200.0,0.05442142114043236
train/pyramid_l4,37250.0,0.04039638116955757
train/pyramid_l4,37300.0,0.05295362323522568
train/pyramid_l4,37350.0,0.04730118438601494
train/pyramid_l4,37400.0,0.04246455430984497
train/pyramid_l4,37450.0,0.04618353769183159
train/pyramid_l4,37500.0,0.042448949068784714
train/pyramid_l4,37550.0,0.03305637091398239
train/pyramid_l4,37600.0,0.06724907457828522
train/pyramid_l4,37650.0,0.061606019735336304
train/pyramid_l4,37700.0,0.0465422198176384
train/pyramid_l4,37750.0,0.037741657346487045
train/pyramid_l4,37800.0,0.04930109903216362
train/pyramid_l4,37850.0,0.050093017518520355
train/pyramid_l4,37900.0,0.05324452370405197
train/pyramid_l4,37950.0,0.0480647012591362
train/pyramid_l4,38000.0,0.04895421862602234
train/pyramid_l4,38050.0,0.045085638761520386
train/pyramid_l4,38100.0,0.055683545768260956
train/pyramid_l4,38150.0,0.04150186479091644
train/pyramid_l4,38200.0,0.044912632554769516
train/pyramid_l4,38250.0,0.05111170932650566
train/pyramid_l4,38300.0,0.04484257102012634
train/pyramid_l4,38350.0,0.06440315395593643
train/pyramid_l4,38400.0,0.05204876512289047
train/pyramid_l4,38450.0,0.04203859716653824
train/pyramid_l4,38500.0,0.04587380215525627
train/pyramid_l4,38550.0,0.03932619094848633
train/pyramid_l4,38600.0,0.03901628404855728
train/pyramid_l4,38650.0,0.04709572717547417
train/pyramid_l4,38700.0,0.051240019500255585
train/pyramid_l4,38750.0,0.04097328335046768
train/pyramid_l4,38800.0,0.04193985089659691
train/pyramid_l4,38850.0,0.04264757037162781
train/pyramid_l4,38900.0,0.04750753939151764
train/pyramid_l4,38950.0,0.06739190965890884
train/pyramid_l4,39000.0,0.049596838653087616
train/pyramid_l4,39050.0,0.04943225532770157
train/pyramid_l4,39100.0,0.0518733374774456
train/pyramid_l4,39150.0,0.05718385428190231
train/pyramid_l4,39200.0,0.048074714839458466
train/pyramid_l4,39250.0,0.05977269634604454
train/pyramid_l4,39300.0,0.0398782417178154
train/pyramid_l4,39350.0,0.06043229252099991
train/pyramid_l4,39400.0,0.05549671873450279
train/pyramid_l4,39450.0,0.05609545856714249
train/pyramid_l4,39500.0,0.047386884689331055
train/pyramid_l4,39550.0,0.04079362004995346
train/pyramid_l4,39600.0,0.052761539816856384
train/pyramid_l4,39650.0,0.05800594389438629
train/pyramid_l4,39700.0,0.041313961148262024
train/pyramid_l4,39750.0,0.06500328332185745
train/pyramid_l4,39800.0,0.05217912048101425
train/pyramid_l4,39850.0,0.05274505540728569
train/pyramid_l4,39900.0,0.04104483127593994
train/pyramid_l4,39950.0,0.05163426324725151
train/pyramid_l4,40000.0,0.05431992560625076
train/pyramid_l4,40050.0,0.060784514993429184
train/pyramid_l4,40100.0,0.05283334478735924
train/pyramid_l4,40150.0,0.04379953071475029
train/pyramid_l4,40200.0,0.04226856678724289
train/pyramid_l4,40250.0,0.05556955188512802
train/pyramid_l4,40300.0,0.04836709052324295
train/pyramid_l4,40350.0,0.05059153959155083
train/pyramid_l4,40400.0,0.03282761201262474
train/pyramid_l4,40450.0,0.04910987243056297
train/pyramid_l4,40500.0,0.05164472758769989
train/pyramid_l4,40550.0,0.06181178614497185
train/pyramid_l4,40600.0,0.047172874212265015
train/pyramid_l4,40650.0,0.06698794662952423
train/pyramid_l4,40700.0,0.04197579622268677
train/pyramid_l4,40750.0,0.041917458176612854
train/pyramid_l4,40800.0,0.057260096073150635
train/pyramid_l4,40850.0,0.050305258482694626
train/pyramid_l4,40900.0,0.04293801635503769
train/pyramid_l4,40950.0,0.05541101098060608
train/pyramid_l4,41000.0,0.03818528354167938
train/pyramid_l4,41050.0,0.050814829766750336
train/pyramid_l4,41100.0,0.05842967331409454
train/pyramid_l4,41150.0,0.0472666434943676
train/pyramid_l4,41200.0,0.03657211735844612
train/pyramid_l4,41250.0,0.03601508587598801
train/pyramid_l4,41300.0,0.04312688112258911
train/pyramid_l4,41350.0,0.047017525881528854
train/pyramid_l4,41400.0,0.042122893035411835
train/pyramid_l4,41450.0,0.04222952947020531
train/pyramid_l4,41500.0,0.04823876917362213
train/pyramid_l4,41550.0,0.061339449137449265
train/pyramid_l4,41600.0,0.055440157651901245
train/pyramid_l4,41650.0,0.044609613716602325
train/pyramid_l4,41700.0,0.04104328900575638
train/pyramid_l4,41750.0,0.05157063901424408
train/pyramid_l4,41800.0,0.0576859712600708
train/pyramid_l4,41850.0,0.042354803532361984
train/pyramid_l4,41900.0,0.04791915416717529
train/pyramid_l4,41950.0,0.04668699949979782
train/pyramid_l4,42000.0,0.04174768924713135
train/pyramid_l4,42050.0,0.05583277344703674
train/pyramid_l4,42100.0,0.05516287684440613
train/pyramid_l4,42150.0,0.04482024163007736
train/pyramid_l4,42200.0,0.042873136699199677
train/pyramid_l4,42250.0,0.04945722222328186
train/pyramid_l4,42300.0,0.055794160813093185
train/pyramid_l4,42350.0,0.04983622953295708
train/pyramid_l4,42400.0,0.0479169599711895
train/pyramid_l4,42450.0,0.04564686864614487
train/pyramid_l4,42500.0,0.05173426866531372
train/pyramid_l4,42550.0,0.047856371849775314
train/pyramid_l4,42600.0,0.062468983232975006
train/pyramid_l4,42650.0,0.05289551615715027
train/pyramid_l4,42700.0,0.05706234276294708
train/pyramid_l4,42750.0,0.05159985274076462
train/pyramid_l4,42800.0,0.04145690053701401
train/pyramid_l4,42850.0,0.03599132224917412
train/pyramid_l4,42900.0,0.04667577147483826
train/pyramid_l4,42950.0,0.04601046442985535
train/pyramid_l4,43000.0,0.04733843728899956
train/pyramid_l4,43050.0,0.06180877983570099
train/pyramid_l4,43100.0,0.05213845893740654
train/pyramid_l4,43150.0,0.05425339937210083
train/pyramid_l4,43200.0,0.053012289106845856
train/pyramid_l4,43250.0,0.061694540083408356
train/pyramid_l4,43300.0,0.04899982735514641
train/pyramid_l4,43350.0,0.04911370575428009
train/pyramid_l4,43400.0,0.049753814935684204
train/pyramid_l4,43450.0,0.05726783722639084
train/pyramid_l4,43500.0,0.03808754310011864
train/pyramid_l4,43550.0,0.04434651881456375
train/pyramid_l4,43600.0,0.050890278071165085
train/pyramid_l4,43650.0,0.04448210820555687
train/pyramid_l4,43700.0,0.043462883681058884
train/pyramid_l4,43750.0,0.04307010769844055
train/pyramid_l4,43800.0,0.041155725717544556
train/pyramid_l4,43850.0,0.050227634608745575
train/pyramid_l4,43900.0,0.048377446830272675
train/pyramid_l4,43950.0,0.04267065227031708
train/pyramid_l4,44000.0,0.045450739562511444
train/pyramid_l4,44050.0,0.05551328510046005
train/pyramid_l4,44100.0,0.06788894534111023
train/pyramid_l4,44150.0,0.07945368438959122
train/pyramid_l4,44200.0,0.04332505911588669
train/pyramid_l4,44250.0,0.03372006118297577
train/pyramid_l4,44300.0,0.051617544144392014
train/pyramid_l4,44350.0,0.046112142503261566
train/pyramid_l4,44400.0,0.039556633681058884
train/pyramid_l4,44450.0,0.04457847401499748
train/pyramid_l4,44500.0,0.04576754570007324
train/pyramid_l4,44550.0,0.04458143562078476
train/pyramid_l4,44600.0,0.047877099364995956
train/pyramid_l4,44650.0,0.04897534102201462
train/pyramid_l4,44700.0,0.05715968459844589
train/pyramid_l4,44750.0,0.055710919201374054
train/pyramid_l4,44800.0,0.04879836365580559
train/pyramid_l4,44850.0,0.039768509566783905
train/pyramid_l4,44900.0,0.04876558110117912
train/pyramid_l4,44950.0,0.043467871844768524
train/pyramid_l4,45000.0,0.04667200893163681
train/pyramid_l4,45050.0,0.062267571687698364
train/pyramid_l4,45100.0,0.05931323021650314
train/pyramid_l4,45150.0,0.04240012168884277
train/pyramid_l4,45200.0,0.04788766801357269
train/pyramid_l4,45250.0,0.05210930109024048
train/pyramid_l4,45300.0,0.04137951135635376
train/pyramid_l4,45350.0,0.04842642694711685
train/pyramid_l4,45400.0,0.05211799591779709
train/pyramid_l4,45450.0,0.06144542247056961
train/pyramid_l4,45500.0,0.04963163658976555
train/pyramid_l4,45550.0,0.0548207089304924
train/pyramid_l4,45600.0,0.05359656736254692
train/pyramid_l4,45650.0,0.05941693112254143
train/pyramid_l4,45700.0,0.049837127327919006
train/pyramid_l4,45750.0,0.03580215573310852
train/pyramid_l4,45800.0,0.049788784235715866
train/pyramid_l4,45850.0,0.051374178379774094
train/pyramid_l4,45900.0,0.050237998366355896
train/pyramid_l4,45950.0,0.04715718328952789
train/pyramid_l4,46000.0,0.050932541489601135
train/pyramid_l4,46050.0,0.04317163676023483
train/pyramid_l4,46100.0,0.06044487655162811
train/pyramid_l4,46150.0,0.04738996550440788
train/pyramid_l4,46200.0,0.06153535842895508
train/pyramid_l4,46250.0,0.04819547384977341
train/pyramid_l4,46300.0,0.04599378630518913
train/pyramid_l4,46350.0,0.04781320318579674
train/pyramid_l4,46400.0,0.05175399035215378
train/pyramid_l4,46450.0,0.05282105505466461
train/pyramid_l4,46500.0,0.05108528584241867
train/pyramid_l4,46550.0,0.05337733030319214
train/pyramid_l4,46600.0,0.04692231863737106
train/pyramid_l4,46650.0,0.0420493558049202
train/pyramid_l4,46700.0,0.04617239162325859
train/pyramid_l4,46750.0,0.036843668669462204
train/pyramid_l4,46800.0,0.04332135617733002
train/pyramid_l4,46850.0,0.05799878388643265
train/pyramid_l4,46900.0,0.04432755708694458
train/pyramid_l4,46950.0,0.04856407642364502
train/pyramid_l4,47000.0,0.055553682148456573
train/pyramid_l4,47050.0,0.04552502557635307
train/pyramid_l4,47100.0,0.045073382556438446
train/pyramid_l4,47150.0,0.04438037797808647
train/pyramid_l4,47200.0,0.04341248422861099
train/pyramid_l4,47250.0,0.06166507303714752
train/pyramid_l4,47300.0,0.05747181922197342
train/pyramid_l4,47350.0,0.040341176092624664
train/pyramid_l4,47400.0,0.04372597858309746
train/pyramid_l4,47450.0,0.09018884599208832
train/pyramid_l4,47500.0,0.04853902384638786
train/pyramid_l4,47550.0,0.05489175021648407
train/pyramid_l4,47600.0,0.07684938609600067
train/pyramid_l4,47650.0,0.05641534551978111
train/pyramid_l4,47700.0,0.054302625358104706
train/pyramid_l4,47750.0,0.06357605010271072
train/pyramid_l4,47800.0,0.05092225596308708
train/pyramid_l4,47850.0,0.05999079346656799
train/pyramid_l4,47900.0,0.049531787633895874
train/pyramid_l4,47950.0,0.051308393478393555
train/pyramid_l4,48000.0,0.043258003890514374
train/pyramid_l4,48050.0,0.035554543137550354
train/pyramid_l4,48100.0,0.046080827713012695
train/pyramid_l4,48150.0,0.04997600242495537
train/pyramid_l4,48200.0,0.044275566935539246
train/pyramid_l4,48250.0,0.04611442983150482
train/pyramid_l4,48300.0,0.05750920623540878
train/pyramid_l4,48350.0,0.043238889425992966
train/pyramid_l4,48400.0,0.04844888299703598
train/pyramid_l4,48450.0,0.053581126034259796
train/pyramid_l4,48500.0,0.04770108312368393
train/pyramid_l4,48550.0,0.0524347648024559
train/pyramid_l4,48600.0,0.036195818334817886
train/pyramid_l4,48650.0,0.0363297164440155
train/pyramid_l4,48700.0,0.034183792769908905
train/pyramid_l4,48750.0,0.05830661579966545
train/pyramid_l4,48800.0,0.04331884905695915
train/pyramid_l4,48850.0,0.053453706204891205
train/pyramid_l4,48900.0,0.051059916615486145
train/pyramid_l4,48950.0,0.08042822778224945
train/pyramid_l4,49000.0,0.06579604744911194
train/pyramid_l4,49050.0,0.04478657245635986
train/pyramid_l4,49100.0,0.04172519966959953
train/pyramid_l4,49150.0,0.05620534345507622
train/pyramid_l4,49200.0,0.05162816494703293
train/pyramid_l4,49250.0,0.029010847210884094
train/pyramid_l4,49300.0,0.0500941276550293
train/pyramid_l4,49350.0,0.04571551829576492
train/pyramid_l4,49400.0,0.0417792908847332
train/pyramid_l4,49450.0,0.041881732642650604
train/pyramid_l4,49500.0,0.043343931436538696
train/pyramid_l4,49550.0,0.05120887607336044
train/pyramid_l4,49600.0,0.039525244385004044
train/pyramid_l4,49650.0,0.07687118649482727
train/pyramid_l4,49700.0,0.043818604201078415
train/pyramid_l4,49750.0,0.04729286581277847
train/pyramid_l4,49800.0,0.050771038979291916
train/pyramid_l4,49850.0,0.05423490330576897
train/pyramid_l4,49900.0,0.053957901895046234
train/pyramid_l4,49950.0,0.04528478905558586
train/pyramid_l4,50000.0,0.04384864121675491
train/pyramid_l4,50050.0,0.05732269212603569
train/pyramid_l4,50100.0,0.05315889045596123
train/pyramid_l4,50150.0,0.04587831348180771
train/pyramid_l4,50200.0,0.05613822862505913
train/pyramid_l4,50250.0,0.055373918265104294
train/pyramid_l4,50300.0,0.050029464066028595
train/pyramid_l4,50350.0,0.04831608384847641
train/pyramid_l4,50400.0,0.04550769925117493
train/pyramid_l4,50450.0,0.05000026151537895
train/pyramid_l4,50500.0,0.04210154712200165
train/pyramid_l4,50550.0,0.054949916899204254
train/pyramid_l4,50600.0,0.03770118206739426
train/pyramid_l4,50650.0,0.047714244574308395
train/pyramid_l4,50700.0,0.06115538999438286
train/pyramid_l4,50750.0,0.050904836505651474
train/pyramid_l4,50800.0,0.03523845598101616
train/pyramid_l4,50850.0,0.06257633119821548
train/pyramid_l4,50900.0,0.04394857585430145
train/pyramid_l4,50950.0,0.04984232038259506
train/pyramid_l4,51000.0,0.04558856412768364
train/pyramid_l4,51050.0,0.056165196001529694
train/pyramid_l4,51100.0,0.03938363492488861
train/pyramid_l4,51150.0,0.04477973282337189
train/pyramid_l4,51200.0,0.05370750650763512
train/pyramid_l4,51250.0,0.05678463727235794
train/pyramid_l4,51300.0,0.05071396753191948
train/pyramid_l4,51350.0,0.05683134123682976
train/pyramid_l4,51400.0,0.047235846519470215
train/pyramid_l4,51450.0,0.04341350123286247
train/pyramid_l4,51500.0,0.04758374020457268
train/pyramid_l4,51550.0,0.04059603065252304
train/pyramid_l4,51600.0,0.051388829946517944
train/pyramid_l4,51650.0,0.044611088931560516
train/pyramid_l4,51700.0,0.040729690343141556
train/pyramid_l4,51750.0,0.049069277942180634
train/pyramid_l4,51800.0,0.03746155649423599
train/pyramid_l4,51850.0,0.06290604919195175
train/pyramid_l4,51900.0,0.05996882915496826
train/reconstruction,50.0,11.572857856750488
train/reconstruction,100.0,11.381404876708984
train/reconstruction,150.0,8.549675941467285
train/reconstruction,200.0,9.713457107543945
train/reconstruction,250.0,11.567092895507812
train/reconstruction,300.0,11.736831665039062
train/reconstruction,350.0,10.389025688171387
train/reconstruction,400.0,9.493644714355469
train/reconstruction,450.0,10.031272888183594
train/reconstruction,500.0,10.960899353027344
train/reconstruction,550.0,10.767752647399902
train/reconstruction,600.0,8.672237396240234
train/reconstruction,650.0,11.088879585266113
train/reconstruction,700.0,8.003458023071289
train/reconstruction,750.0,13.111806869506836
train/reconstruction,800.0,8.52393913269043
train/reconstruction,850.0,13.234241485595703
train/reconstruction,900.0,10.392958641052246
train/reconstruction,950.0,10.147590637207031
train/reconstruction,1000.0,11.789358139038086
train/reconstruction,1050.0,8.739011764526367
train/reconstruction,1100.0,10.177213668823242
train/reconstruction,1150.0,9.33182144165039
train/reconstruction,1200.0,9.364821434020996
train/reconstruction,1250.0,10.23312759399414
train/reconstruction,1300.0,9.993200302124023
train/reconstruction,1350.0,11.05885124206543
train/reconstruction,1400.0,13.13723087310791
train/reconstruction,1450.0,9.306523323059082
train/reconstruction,1500.0,8.351247787475586
train/reconstruction,1550.0,9.210050582885742
train/reconstruction,1600.0,8.765572547912598
train/reconstruction,1650.0,9.143128395080566
train/reconstruction,1700.0,9.215717315673828
train/reconstruction,1750.0,9.643207550048828
train/reconstruction,1800.0,13.601893424987793
train/reconstruction,1850.0,10.941306114196777
train/reconstruction,1900.0,11.103259086608887
train/reconstruction,1950.0,9.217281341552734
train/reconstruction,2000.0,8.661680221557617
train/reconstruction,2050.0,9.795064926147461
train/reconstruction,2100.0,9.057442665100098
train/reconstruction,2150.0,10.049242973327637
train/reconstruction,2200.0,12.543299674987793
train/reconstruction,2250.0,8.078248023986816
train/reconstruction,2300.0,9.248106002807617
train/reconstruction,2350.0,10.41158676147461
train/reconstruction,2400.0,10.081761360168457
train/reconstruction,2450.0,9.831267356872559
train/reconstruction,2500.0,10.191581726074219
train/reconstruction,2550.0,8.745266914367676
train/reconstruction,2600.0,10.436054229736328
train/reconstruction,2650.0,9.143749237060547
train/reconstruction,2700.0,8.782061576843262
train/reconstruction,2750.0,12.98653793334961
train/reconstruction,2800.0,9.284601211547852
train/reconstruction,2850.0,8.989641189575195
train/reconstruction,2900.0,7.9807891845703125
train/reconstruction,2950.0,8.694158554077148
train/reconstruction,3000.0,8.289432525634766
train/reconstruction,3050.0,7.629173278808594
train/reconstruction,3100.0,10.084938049316406
train/reconstruction,3150.0,8.02820873260498
train/reconstruction,3200.0,8.349709510803223
train/reconstruction,3250.0,10.117094993591309
train/reconstruction,3300.0,9.833271980285645
train/reconstruction,3350.0,7.273101806640625
train/reconstruction,3400.0,8.991759300231934
train/reconstruction,3450.0,9.734636306762695
train/reconstruction,3500.0,10.49074935913086
train/reconstruction,3550.0,7.931366920471191
train/reconstruction,3600.0,12.252533912658691
train/reconstruction,3650.0,9.223010063171387
train/reconstruction,3700.0,9.312080383300781
train/reconstruction,3750.0,8.846796035766602
train/reconstruction,3800.0,10.564064025878906
train/reconstruction,3850.0,9.402073860168457
train/reconstruction,3900.0,8.118465423583984
train/reconstruction,3950.0,7.528392791748047
train/reconstruction,4000.0,10.566474914550781
train/reconstruction,4050.0,8.816118240356445
train/reconstruction,4100.0,9.176786422729492
train/reconstruction,4150.0,10.896671295166016
train/reconstruction,4200.0,12.024967193603516
train/reconstruction,4250.0,9.291802406311035
train/reconstruction,4300.0,9.012544631958008
train/reconstruction,4350.0,8.631068229675293
train/reconstruction,4400.0,7.3629560470581055
train/reconstruction,4450.0,8.927559852600098
train/reconstruction,4500.0,8.09166145324707
train/reconstruction,4550.0,8.848566055297852
train/reconstruction,4600.0,8.41547966003418
train/reconstruction,4650.0,8.730141639709473
train/reconstruction,4700.0,10.732701301574707
train/reconstruction,4750.0,8.744466781616211
train/reconstruction,4800.0,9.354777336120605
train/reconstruction,4850.0,8.472369194030762
train/reconstruction,4900.0,9.045097351074219
train/reconstruction,4950.0,8.74152946472168
train/reconstruction,5000.0,8.265144348144531
train/reconstruction,5050.0,8.755945205688477
train/reconstruction,5100.0,9.96045970916748
train/reconstruction,5150.0,8.458717346191406
train/reconstruction,5200.0,8.567716598510742
train/reconstruction,5250.0,9.981935501098633
train/reconstruction,5300.0,11.179664611816406
train/reconstruction,5350.0,9.68400764465332
train/reconstruction,5400.0,9.582500457763672
train/reconstruction,5450.0,8.92932415008545
train/reconstruction,5500.0,10.075189590454102
train/reconstruction,5550.0,9.659096717834473
train/reconstruction,5600.0,9.029867172241211
train/reconstruction,5650.0,8.416539192199707
train/reconstruction,5700.0,10.13014030456543
train/reconstruction,5750.0,10.798497200012207
train/reconstruction,5800.0,9.761085510253906
train/reconstruction,5850.0,10.058670043945312
train/reconstruction,5900.0,8.667091369628906
train/reconstruction,5950.0,9.38608455657959
train/reconstruction,6000.0,6.853597640991211
train/reconstruction,6050.0,8.502853393554688
train/reconstruction,6100.0,8.197405815124512
train/reconstruction,6150.0,7.837841987609863
train/reconstruction,6200.0,8.030884742736816
train/reconstruction,6250.0,8.157333374023438
train/reconstruction,6300.0,9.357966423034668
train/reconstruction,6350.0,8.36051082611084
train/reconstruction,6400.0,10.327688217163086
train/reconstruction,6450.0,10.024375915527344
train/reconstruction,6500.0,8.161566734313965
train/reconstruction,6550.0,7.825258255004883
train/reconstruction,6600.0,6.685779571533203
train/reconstruction,6650.0,9.4683256149292
train/reconstruction,6700.0,11.114655494689941
train/reconstruction,6750.0,12.508627891540527
train/reconstruction,6800.0,9.940397262573242
train/reconstruction,6850.0,9.129430770874023
train/reconstruction,6900.0,9.545276641845703
train/reconstruction,6950.0,8.8284912109375
train/reconstruction,7000.0,8.90645694732666
train/reconstruction,7050.0,7.247800350189209
train/reconstruction,7100.0,8.299394607543945
train/reconstruction,7150.0,8.666996955871582
train/reconstruction,7200.0,8.742579460144043
train/reconstruction,7250.0,9.444297790527344
train/reconstruction,7300.0,9.548436164855957
train/reconstruction,7350.0,10.981721878051758
train/reconstruction,7400.0,9.372665405273438
train/reconstruction,7450.0,10.033802032470703
train/reconstruction,7500.0,9.607770919799805
train/reconstruction,7550.0,9.772071838378906
train/reconstruction,7600.0,9.444666862487793
train/reconstruction,7650.0,9.7124605178833
train/reconstruction,7700.0,10.408760070800781
train/reconstruction,7750.0,9.288886070251465
train/reconstruction,7800.0,8.24173355102539
train/reconstruction,7850.0,9.467964172363281
train/reconstruction,7900.0,8.789804458618164
train/reconstruction,7950.0,8.694829940795898
train/reconstruction,8000.0,8.2378568649292
train/reconstruction,8050.0,7.78742790222168
train/reconstruction,8100.0,8.840394973754883
train/reconstruction,8150.0,9.718719482421875
train/reconstruction,8200.0,8.800477027893066
train/reconstruction,8250.0,9.95483112335205
train/reconstruction,8300.0,9.861030578613281
train/reconstruction,8350.0,8.639717102050781
train/reconstruction,8400.0,11.168022155761719
train/reconstruction,8450.0,10.401922225952148
train/reconstruction,8500.0,8.82662582397461
train/reconstruction,8550.0,8.263331413269043
train/reconstruction,8600.0,7.6580986976623535
train/reconstruction,8650.0,7.952990531921387
train/reconstruction,8700.0,7.819373607635498
train/reconstruction,8750.0,9.232002258300781
train/reconstruction,8800.0,7.801176071166992
train/reconstruction,8850.0,9.986824035644531
train/reconstruction,8900.0,10.106115341186523
train/reconstruction,8950.0,8.878484725952148
train/reconstruction,9000.0,9.618937492370605
train/reconstruction,9050.0,8.532866477966309
train/reconstruction,9100.0,8.897897720336914
train/reconstruction,9150.0,7.720900058746338
train/reconstruction,9200.0,8.591919898986816
train/reconstruction,9250.0,11.691420555114746
train/reconstruction,9300.0,9.09304141998291
train/reconstruction,9350.0,10.14134407043457
train/reconstruction,9400.0,9.570610046386719
train/reconstruction,9450.0,9.4017333984375
train/reconstruction,9500.0,8.225320816040039
train/reconstruction,9550.0,9.039339065551758
train/reconstruction,9600.0,7.335389137268066
train/reconstruction,9650.0,7.467578887939453
train/reconstruction,9700.0,8.218201637268066
train/reconstruction,9750.0,9.045700073242188
train/reconstruction,9800.0,9.10987377166748
train/reconstruction,9850.0,10.164588928222656
train/reconstruction,9900.0,9.6448335647583
train/reconstruction,9950.0,8.967793464660645
train/reconstruction,10000.0,10.285937309265137
train/reconstruction,10050.0,9.469644546508789
train/reconstruction,10100.0,8.87437629699707
train/reconstruction,10150.0,10.187559127807617
train/reconstruction,10200.0,11.568224906921387
train/reconstruction,10250.0,10.332014083862305
train/reconstruction,10300.0,7.940532684326172
train/reconstruction,10350.0,11.67431354522705
train/reconstruction,10400.0,8.315979957580566
train/reconstruction,10450.0,6.93691349029541
train/reconstruction,10500.0,8.282393455505371
train/reconstruction,10550.0,8.154407501220703
train/reconstruction,10600.0,8.369579315185547
train/reconstruction,10650.0,8.421066284179688
train/reconstruction,10700.0,7.795444965362549
train/reconstruction,10750.0,9.991290092468262
train/reconstruction,10800.0,10.133578300476074
train/reconstruction,10850.0,8.014270782470703
train/reconstruction,10900.0,8.790873527526855
train/reconstruction,10950.0,8.312424659729004
train/reconstruction,11000.0,7.770209312438965
train/reconstruction,11050.0,8.691203117370605
train/reconstruction,11100.0,8.56491756439209
train/reconstruction,11150.0,9.239500045776367
train/reconstruction,11200.0,8.251699447631836
train/reconstruction,11250.0,10.395517349243164
train/reconstruction,11300.0,6.937522888183594
train/reconstruction,11350.0,9.452320098876953
train/reconstruction,11400.0,8.257713317871094
train/reconstruction,11450.0,8.218755722045898
train/reconstruction,11500.0,9.671989440917969
train/reconstruction,11550.0,8.471902847290039
train/reconstruction,11600.0,9.111760139465332
train/reconstruction,11650.0,8.92099666595459
train/reconstruction,11700.0,7.2226152420043945
train/reconstruction,11750.0,8.841326713562012
train/reconstruction,11800.0,9.245964050292969
train/reconstruction,11850.0,7.899289131164551
train/reconstruction,11900.0,9.178913116455078
train/reconstruction,11950.0,8.349987983703613
train/reconstruction,12000.0,9.065122604370117
train/reconstruction,12050.0,8.633374214172363
train/reconstruction,12100.0,9.620233535766602
train/reconstruction,12150.0,7.841102123260498
train/reconstruction,12200.0,8.734403610229492
train/reconstruction,12250.0,9.36816120147705
train/reconstruction,12300.0,7.651150226593018
train/reconstruction,12350.0,8.519107818603516
train/reconstruction,12400.0,8.807464599609375
train/reconstruction,12450.0,9.176831245422363
train/reconstruction,12500.0,9.086801528930664
train/reconstruction,12550.0,8.71772575378418
train/reconstruction,12600.0,9.157122611999512
train/reconstruction,12650.0,10.070837020874023
train/reconstruction,12700.0,9.483283996582031
train/reconstruction,12750.0,9.604423522949219
train/reconstruction,12800.0,7.253848075866699
train/reconstruction,12850.0,6.981574058532715
train/reconstruction,12900.0,7.485056400299072
train/reconstruction,12950.0,9.132942199707031
train/reconstruction,13000.0,8.326577186584473
train/reconstruction,13050.0,8.739076614379883
train/reconstruction,13100.0,11.621862411499023
train/reconstruction,13150.0,9.416215896606445
train/reconstruction,13200.0,8.8496675491333
train/reconstruction,13250.0,9.530657768249512
train/reconstruction,13300.0,10.429976463317871
train/reconstruction,13350.0,9.422290802001953
train/reconstruction,13400.0,8.435270309448242
train/reconstruction,13450.0,8.76833724975586
train/reconstruction,13500.0,9.618474006652832
train/reconstruction,13550.0,9.429022789001465
train/reconstruction,13600.0,8.760151863098145
train/reconstruction,13650.0,8.083423614501953
train/reconstruction,13700.0,8.166359901428223
train/reconstruction,13750.0,9.54430103302002
train/reconstruction,13800.0,10.62255573272705
train/reconstruction,13850.0,8.177526473999023
train/reconstruction,13900.0,8.170422554016113
train/reconstruction,13950.0,9.02547550201416
train/reconstruction,14000.0,9.951340675354004
train/reconstruction,14050.0,7.5720438957214355
train/reconstruction,14100.0,12.617331504821777
train/reconstruction,14150.0,8.062686920166016
train/reconstruction,14200.0,9.664554595947266
train/reconstruction,14250.0,9.11667537689209
train/reconstruction,14300.0,9.524377822875977
train/reconstruction,14350.0,7.754718780517578
train/reconstruction,14400.0,7.463029384613037
train/reconstruction,14450.0,8.658878326416016
train/reconstruction,14500.0,9.56517505645752
train/reconstruction,14550.0,8.739862442016602
train/reconstruction,14600.0,8.303160667419434
train/reconstruction,14650.0,8.63428020477295
train/reconstruction,14700.0,7.944852828979492
train/reconstruction,14750.0,8.994176864624023
train/reconstruction,14800.0,7.834746837615967
train/reconstruction,14850.0,8.471328735351562
train/reconstruction,14900.0,6.927633285522461
train/reconstruction,14950.0,8.177749633789062
train/reconstruction,15000.0,8.494222640991211
train/reconstruction,15050.0,7.824678421020508
train/reconstruction,15100.0,8.808381080627441
train/reconstruction,15150.0,9.300997734069824
train/reconstruction,15200.0,9.032209396362305
train/reconstruction,15250.0,8.807013511657715
train/reconstruction,15300.0,7.818453788757324
train/reconstruction,15350.0,6.569875717163086
train/reconstruction,15400.0,6.852871417999268
train/reconstruction,15450.0,7.942477226257324
train/reconstruction,15500.0,8.975525856018066
train/reconstruction,15550.0,8.123662948608398
train/reconstruction,15600.0,8.114598274230957
train/reconstruction,15650.0,7.977872848510742
train/reconstruction,15700.0,7.283210754394531
train/reconstruction,15750.0,8.981555938720703
train/reconstruction,15800.0,8.687129974365234
train/reconstruction,15850.0,8.701780319213867
train/reconstruction,15900.0,8.074459075927734
train/reconstruction,15950.0,7.3692121505737305
train/reconstruction,16000.0,8.624566078186035
train/reconstruction,16050.0,8.784727096557617
train/reconstruction,16100.0,8.060281753540039
train/reconstruction,16150.0,7.412481784820557
train/reconstruction,16200.0,7.698272705078125
train/reconstruction,16250.0,9.955769538879395
train/reconstruction,16300.0,9.577103614807129
train/reconstruction,16350.0,9.861729621887207
train/reconstruction,16400.0,8.322192192077637
train/reconstruction,16450.0,8.13117504119873
train/reconstruction,16500.0,8.275341033935547
train/reconstruction,16550.0,9.017254829406738
train/reconstruction,16600.0,7.627415657043457
train/reconstruction,16650.0,9.77103042602539
train/reconstruction,16700.0,8.847237586975098
train/reconstruction,16750.0,7.544349670410156
train/reconstruction,16800.0,8.05573844909668
train/reconstruction,16850.0,8.564846992492676
train/reconstruction,16900.0,8.823776245117188
train/reconstruction,16950.0,7.645274639129639
train/reconstruction,17000.0,8.430758476257324
train/reconstruction,17050.0,8.043047904968262
train/reconstruction,17100.0,9.20995807647705
train/reconstruction,17150.0,9.322250366210938
train/reconstruction,17200.0,11.020267486572266
train/reconstruction,17250.0,10.514404296875
train/reconstruction,17300.0,7.424696922302246
train/reconstruction,17350.0,9.968546867370605
train/reconstruction,17400.0,9.199956893920898
train/reconstruction,17450.0,7.592981815338135
train/reconstruction,17500.0,8.60734748840332
train/reconstruction,17550.0,8.957210540771484
train/reconstruction,17600.0,7.462174892425537
train/reconstruction,17650.0,8.945860862731934
train/reconstruction,17700.0,7.1777520179748535
train/reconstruction,17750.0,8.057076454162598
train/reconstruction,17800.0,8.752802848815918
train/reconstruction,17850.0,7.595382213592529
train/reconstruction,17900.0,7.977020263671875
train/reconstruction,17950.0,10.78015422821045
train/reconstruction,18000.0,9.625387191772461
train/reconstruction,18050.0,7.888273239135742
train/reconstruction,18100.0,9.379050254821777
train/reconstruction,18150.0,7.623404026031494
train/reconstruction,18200.0,8.542827606201172
train/reconstruction,18250.0,8.208508491516113
train/reconstruction,18300.0,7.179170608520508
train/reconstruction,18350.0,8.910091400146484
train/reconstruction,18400.0,9.102804183959961
train/reconstruction,18450.0,10.112990379333496
train/reconstruction,18500.0,9.6964750289917
train/reconstruction,18550.0,10.086386680603027
train/reconstruction,18600.0,8.360139846801758
train/reconstruction,18650.0,7.735400199890137
train/reconstruction,18700.0,8.69582462310791
train/reconstruction,18750.0,6.855623722076416
train/reconstruction,18800.0,9.27901840209961
train/reconstruction,18850.0,8.998958587646484
train/reconstruction,18900.0,7.488783836364746
train/reconstruction,18950.0,7.283044815063477
train/reconstruction,19000.0,8.937969207763672
train/reconstruction,19050.0,9.613428115844727
train/reconstruction,19100.0,7.561829090118408
train/reconstruction,19150.0,8.041419982910156
train/reconstruction,19200.0,8.959565162658691
train/reconstruction,19250.0,8.338614463806152
train/reconstruction,19300.0,8.436229705810547
train/reconstruction,19350.0,7.083742141723633
train/reconstruction,19400.0,8.82466983795166
train/reconstruction,19450.0,9.38058090209961
train/reconstruction,19500.0,8.106213569641113
train/reconstruction,19550.0,9.091241836547852
train/reconstruction,19600.0,7.872161388397217
train/reconstruction,19650.0,12.850425720214844
train/reconstruction,19700.0,7.709655284881592
train/reconstruction,19750.0,9.070549011230469
train/reconstruction,19800.0,7.894503593444824
train/reconstruction,19850.0,9.207498550415039
train/reconstruction,19900.0,9.273178100585938
train/reconstruction,19950.0,11.039933204650879
train/reconstruction,20000.0,10.635008811950684
train/reconstruction,20050.0,8.475809097290039
train/reconstruction,20100.0,10.487261772155762
train/reconstruction,20150.0,8.401116371154785
train/reconstruction,20200.0,7.623570442199707
train/reconstruction,20250.0,8.36765193939209
train/reconstruction,20300.0,10.105380058288574
train/reconstruction,20350.0,7.431046962738037
train/reconstruction,20400.0,9.116813659667969
train/reconstruction,20450.0,8.290993690490723
train/reconstruction,20500.0,8.766280174255371
train/reconstruction,20550.0,7.641743183135986
train/reconstruction,20600.0,7.286781311035156
train/reconstruction,20650.0,8.94057559967041
train/reconstruction,20700.0,9.365615844726562
train/reconstruction,20750.0,9.332357406616211
train/reconstruction,20800.0,9.06259536743164
train/reconstruction,20850.0,9.695197105407715
train/reconstruction,20900.0,8.538412094116211
train/reconstruction,20950.0,8.466371536254883
train/reconstruction,21000.0,8.79557991027832
train/reconstruction,21050.0,7.560912132263184
train/reconstruction,21100.0,7.337283611297607
train/reconstruction,21150.0,7.501153945922852
train/reconstruction,21200.0,8.938654899597168
train/reconstruction,21250.0,8.47248363494873
train/reconstruction,21300.0,10.338220596313477
train/reconstruction,21350.0,7.978586673736572
train/reconstruction,21400.0,8.303834915161133
train/reconstruction,21450.0,9.617789268493652
train/reconstruction,21500.0,9.45427131652832
train/reconstruction,21550.0,6.606407165527344
train/reconstruction,21600.0,7.135120391845703
train/reconstruction,21650.0,7.866589069366455
train/reconstruction,21700.0,8.61539363861084
train/reconstruction,21750.0,10.178995132446289
train/reconstruction,21800.0,8.319186210632324
train/reconstruction,21850.0,8.303471565246582
train/reconstruction,21900.0,7.7729010581970215
train/reconstruction,21950.0,8.339465141296387
train/reconstruction,22000.0,8.580144882202148
train/reconstruction,22050.0,8.456611633300781
train/reconstruction,22100.0,9.192802429199219
train/reconstruction,22150.0,7.486126899719238
train/reconstruction,22200.0,8.375768661499023
train/reconstruction,22250.0,9.652152061462402
train/reconstruction,22300.0,6.295107364654541
train/reconstruction,22350.0,7.825409889221191
train/reconstruction,22400.0,7.9831390380859375
train/reconstruction,22450.0,8.149593353271484
train/reconstruction,22500.0,8.33152961730957
train/reconstruction,22550.0,8.311524391174316
train/reconstruction,22600.0,9.206417083740234
train/reconstruction,22650.0,9.052661895751953
train/reconstruction,22700.0,11.261610984802246
train/reconstruction,22750.0,7.616203308105469
train/reconstruction,22800.0,10.715384483337402
train/reconstruction,22850.0,9.760140419006348
train/reconstruction,22900.0,9.360250473022461
train/reconstruction,22950.0,9.178095817565918
train/reconstruction,23000.0,7.826211929321289
train/reconstruction,23050.0,7.369768142700195
train/reconstruction,23100.0,6.83262300491333
train/reconstruction,23150.0,7.409825801849365
train/reconstruction,23200.0,9.911200523376465
train/reconstruction,23250.0,6.789414405822754
train/reconstruction,23300.0,6.836257457733154
train/reconstruction,23350.0,9.059032440185547
train/reconstruction,23400.0,8.2346830368042
train/reconstruction,23450.0,9.904926300048828
train/reconstruction,23500.0,10.762083053588867
train/reconstruction,23550.0,6.17399787902832
train/reconstruction,23600.0,8.166032791137695
train/reconstruction,23650.0,8.670905113220215
train/reconstruction,23700.0,7.716073513031006
train/reconstruction,23750.0,6.694994926452637
train/reconstruction,23800.0,9.64402961730957
train/reconstruction,23850.0,8.107293128967285
train/reconstruction,23900.0,7.9125566482543945
train/reconstruction,23950.0,10.663939476013184
train/reconstruction,24000.0,8.974761009216309
train/reconstruction,24050.0,7.810188293457031
train/reconstruction,24100.0,8.213094711303711
train/reconstruction,24150.0,7.385751724243164
train/reconstruction,24200.0,9.38125228881836
train/reconstruction,24250.0,7.370779991149902
train/reconstruction,24300.0,7.802257537841797
train/reconstruction,24350.0,5.5112481117248535
train/reconstruction,24400.0,9.771539688110352
train/reconstruction,24450.0,9.844027519226074
train/reconstruction,24500.0,7.782591342926025
train/reconstruction,24550.0,13.395281791687012
train/reconstruction,24600.0,7.809844017028809
train/reconstruction,24650.0,7.210061073303223
train/reconstruction,24700.0,10.153417587280273
train/reconstruction,24750.0,7.461812496185303
train/reconstruction,24800.0,8.004706382751465
train/reconstruction,24850.0,8.578961372375488
train/reconstruction,24900.0,7.58323860168457
train/reconstruction,24950.0,8.13182544708252
train/reconstruction,25000.0,9.412880897521973
train/reconstruction,25050.0,8.995250701904297
train/reconstruction,25100.0,7.446476936340332
train/reconstruction,25150.0,7.25265645980835
train/reconstruction,25200.0,8.78239631652832
train/reconstruction,25250.0,6.055668354034424
train/reconstruction,25300.0,7.082045555114746
train/reconstruction,25350.0,8.297788619995117
train/reconstruction,25400.0,8.497801780700684
train/reconstruction,25450.0,7.429191589355469
train/reconstruction,25500.0,9.816311836242676
train/reconstruction,25550.0,8.789313316345215
train/reconstruction,25600.0,8.252351760864258
train/reconstruction,25650.0,7.426222801208496
train/reconstruction,25700.0,9.244784355163574
train/reconstruction,25750.0,7.811670780181885
train/reconstruction,25800.0,8.734543800354004
train/reconstruction,25850.0,8.778438568115234
train/reconstruction,25900.0,10.300186157226562
train/reconstruction,25950.0,6.982900619506836
train/reconstruction,26000.0,8.75826644897461
train/reconstruction,26050.0,7.193244934082031
train/reconstruction,26100.0,8.292627334594727
train/reconstruction,26150.0,8.425113677978516
train/reconstruction,26200.0,7.284421443939209
train/reconstruction,26250.0,8.036027908325195
train/reconstruction,26300.0,8.950748443603516
train/reconstruction,26350.0,8.039676666259766
train/reconstruction,26400.0,9.168657302856445
train/reconstruction,26450.0,8.872650146484375
train/reconstruction,26500.0,7.505746841430664
train/reconstruction,26550.0,9.609941482543945
train/reconstruction,26600.0,7.728993892669678
train/reconstruction,26650.0,8.633052825927734
train/reconstruction,26700.0,9.465871810913086
train/reconstruction,26750.0,9.051544189453125
train/reconstruction,26800.0,8.155013084411621
train/reconstruction,26850.0,10.095301628112793
train/reconstruction,26900.0,9.059908866882324
train/reconstruction,26950.0,8.41450309753418
train/reconstruction,27000.0,6.3176069259643555
train/reconstruction,27050.0,7.819155693054199
train/reconstruction,27100.0,7.445681095123291
train/reconstruction,27150.0,8.764045715332031
train/reconstruction,27200.0,8.626420974731445
train/reconstruction,27250.0,7.686886310577393
train/reconstruction,27300.0,7.02013635635376
train/reconstruction,27350.0,10.040571212768555
train/reconstruction,27400.0,7.3328399658203125
train/reconstruction,27450.0,7.866937637329102
train/reconstruction,27500.0,9.276084899902344
train/reconstruction,27550.0,7.324551582336426
train/reconstruction,27600.0,9.677085876464844
train/reconstruction,27650.0,7.904778957366943
train/reconstruction,27700.0,6.778944492340088
train/reconstruction,27750.0,9.548638343811035
train/reconstruction,27800.0,9.726868629455566
train/reconstruction,27850.0,8.233098030090332
train/reconstruction,27900.0,8.295531272888184
train/reconstruction,27950.0,8.135128021240234
train/reconstruction,28000.0,9.269937515258789
train/reconstruction,28050.0,6.562282562255859
train/reconstruction,28100.0,7.796456336975098
train/reconstruction,28150.0,7.114922523498535
train/reconstruction,28200.0,7.3567118644714355
train/reconstruction,28250.0,8.333745956420898
train/reconstruction,28300.0,11.19072151184082
train/reconstruction,28350.0,9.346208572387695
train/reconstruction,28400.0,8.480219841003418
train/reconstruction,28450.0,7.230135917663574
train/reconstruction,28500.0,7.224225044250488
train/reconstruction,28550.0,8.247835159301758
train/reconstruction,28600.0,7.380493640899658
train/reconstruction,28650.0,8.214166641235352
train/reconstruction,28700.0,6.717739105224609
train/reconstruction,28750.0,7.560003280639648
train/reconstruction,28800.0,10.060970306396484
train/reconstruction,28850.0,9.496561050415039
train/reconstruction,28900.0,7.399045467376709
train/reconstruction,28950.0,7.648078918457031
train/reconstruction,29000.0,8.156123161315918
train/reconstruction,29050.0,9.621042251586914
train/reconstruction,29100.0,6.598525524139404
train/reconstruction,29150.0,8.334722518920898
train/reconstruction,29200.0,7.426558494567871
train/reconstruction,29250.0,8.308133125305176
train/reconstruction,29300.0,7.719638824462891
train/reconstruction,29350.0,7.6644744873046875
train/reconstruction,29400.0,6.960362911224365
train/reconstruction,29450.0,7.024851322174072
train/reconstruction,29500.0,8.542860984802246
train/reconstruction,29550.0,9.691228866577148
train/reconstruction,29600.0,8.302553176879883
train/reconstruction,29650.0,8.409448623657227
train/reconstruction,29700.0,8.299997329711914
train/reconstruction,29750.0,7.2551140785217285
train/reconstruction,29800.0,8.356127738952637
train/reconstruction,29850.0,8.535246849060059
train/reconstruction,29900.0,6.651287078857422
train/reconstruction,29950.0,11.005592346191406
train/reconstruction,30000.0,7.799737930297852
train/reconstruction,30050.0,7.64752197265625
train/reconstruction,30100.0,7.601208209991455
train/reconstruction,30150.0,8.600318908691406
train/reconstruction,30200.0,9.823247909545898
train/reconstruction,30250.0,6.5328874588012695
train/reconstruction,30300.0,9.615913391113281
train/reconstruction,30350.0,9.757264137268066
train/reconstruction,30400.0,8.427967071533203
train/reconstruction,30450.0,9.842315673828125
train/reconstruction,30500.0,8.368741989135742
train/reconstruction,30550.0,6.935822486877441
train/reconstruction,30600.0,8.594806671142578
train/reconstruction,30650.0,7.933744430541992
train/reconstruction,30700.0,7.521149158477783
train/reconstruction,30750.0,8.269619941711426
train/reconstruction,30800.0,8.120585441589355
train/reconstruction,30850.0,9.664102554321289
train/reconstruction,30900.0,8.166110038757324
train/reconstruction,30950.0,5.974142551422119
train/reconstruction,31000.0,9.904858589172363
train/reconstruction,31050.0,6.298997402191162
train/reconstruction,31100.0,9.773096084594727
train/reconstruction,31150.0,8.75963020324707
train/reconstruction,31200.0,8.449457168579102
train/reconstruction,31250.0,8.390780448913574
train/reconstruction,31300.0,7.319844722747803
train/reconstruction,31350.0,7.584179878234863
train/reconstruction,31400.0,9.764676094055176
train/reconstruction,31450.0,7.2163777351379395
train/reconstruction,31500.0,7.672942638397217
train/reconstruction,31550.0,7.517613410949707
train/reconstruction,31600.0,9.016563415527344
train/reconstruction,31650.0,8.742953300476074
train/reconstruction,31700.0,9.478843688964844
train/reconstruction,31750.0,8.709297180175781
train/reconstruction,31800.0,8.36465072631836
train/reconstruction,31850.0,10.307673454284668
train/reconstruction,31900.0,8.287482261657715
train/reconstruction,31950.0,8.411824226379395
train/reconstruction,32000.0,8.66574764251709
train/reconstruction,32050.0,7.5561604499816895
train/reconstruction,32100.0,7.7791314125061035
train/reconstruction,32150.0,8.29552173614502
train/reconstruction,32200.0,8.095884323120117
train/reconstruction,32250.0,8.12024974822998
train/reconstruction,32300.0,10.410248756408691
train/reconstruction,32350.0,7.644092559814453
train/reconstruction,32400.0,7.364303112030029
train/reconstruction,32450.0,7.792725563049316
train/reconstruction,32500.0,8.273628234863281
train/reconstruction,32550.0,8.32485580444336
train/reconstruction,32600.0,5.551249027252197
train/reconstruction,32650.0,7.641585826873779
train/reconstruction,32700.0,7.980500221252441
train/reconstruction,32750.0,9.481703758239746
train/reconstruction,32800.0,9.954249382019043
train/reconstruction,32850.0,7.758702754974365
train/reconstruction,32900.0,6.83354377746582
train/reconstruction,32950.0,8.459076881408691
train/reconstruction,33000.0,7.670981407165527
train/reconstruction,33050.0,7.88978385925293
train/reconstruction,33100.0,7.9730000495910645
train/reconstruction,33150.0,8.234600067138672
train/reconstruction,33200.0,8.517091751098633
train/reconstruction,33250.0,8.255498886108398
train/reconstruction,33300.0,6.867395401000977
train/reconstruction,33350.0,8.136728286743164
train/reconstruction,33400.0,8.580389022827148
train/reconstruction,33450.0,7.976817607879639
train/reconstruction,33500.0,8.386306762695312
train/reconstruction,33550.0,7.966401100158691
train/reconstruction,33600.0,8.759688377380371
train/reconstruction,33650.0,8.296098709106445
train/reconstruction,33700.0,7.536656379699707
train/reconstruction,33750.0,6.4968671798706055
train/reconstruction,33800.0,8.135370254516602
train/reconstruction,33850.0,6.301814556121826
train/reconstruction,33900.0,8.01764965057373
train/reconstruction,33950.0,7.872127056121826
train/reconstruction,34000.0,6.548818111419678
train/reconstruction,34050.0,6.120285511016846
train/reconstruction,34100.0,7.026865482330322
train/reconstruction,34150.0,8.23009204864502
train/reconstruction,34200.0,8.81832218170166
train/reconstruction,34250.0,6.8406243324279785
train/reconstruction,34300.0,11.47398853302002
train/reconstruction,34350.0,7.8780975341796875
train/reconstruction,34400.0,8.92602252960205
train/reconstruction,34450.0,8.409147262573242
train/reconstruction,34500.0,10.287711143493652
train/reconstruction,34550.0,9.443756103515625
train/reconstruction,34600.0,9.946206092834473
train/reconstruction,34650.0,8.75971794128418
train/reconstruction,34700.0,8.535637855529785
train/reconstruction,34750.0,9.892592430114746
train/reconstruction,34800.0,8.450626373291016
train/reconstruction,34850.0,10.076212882995605
train/reconstruction,34900.0,9.401585578918457
train/reconstruction,34950.0,7.074440002441406
train/reconstruction,35000.0,7.852855682373047
train/reconstruction,35050.0,9.688201904296875
train/reconstruction,35100.0,7.484846115112305
train/reconstruction,35150.0,9.048989295959473
train/reconstruction,35200.0,6.280149459838867
train/reconstruction,35250.0,8.469263076782227
train/reconstruction,35300.0,8.163997650146484
train/reconstruction,35350.0,6.946557998657227
train/reconstruction,35400.0,9.018790245056152
train/reconstruction,35450.0,8.199017524719238
train/reconstruction,35500.0,7.760855674743652
train/reconstruction,35550.0,7.997541427612305
train/reconstruction,35600.0,7.5796098709106445
train/reconstruction,35650.0,7.090452194213867
train/reconstruction,35700.0,8.702875137329102
train/reconstruction,35750.0,10.130247116088867
train/reconstruction,35800.0,8.539555549621582
train/reconstruction,35850.0,8.178698539733887
train/reconstruction,35900.0,9.37022876739502
train/reconstruction,35950.0,8.70727252960205
train/reconstruction,36000.0,6.616929054260254
train/reconstruction,36050.0,8.686580657958984
train/reconstruction,36100.0,7.167351722717285
train/reconstruction,36150.0,7.464146614074707
train/reconstruction,36200.0,6.002726078033447
train/reconstruction,36250.0,7.94390869140625
train/reconstruction,36300.0,8.225055694580078
train/reconstruction,36350.0,8.097249031066895
train/reconstruction,36400.0,7.797109603881836
train/reconstruction,36450.0,7.744193077087402
train/reconstruction,36500.0,6.117957592010498
train/reconstruction,36550.0,7.4991960525512695
train/reconstruction,36600.0,7.313695907592773
train/reconstruction,36650.0,7.760987758636475
train/reconstruction,36700.0,9.463730812072754
train/reconstruction,36750.0,8.38797664642334
train/reconstruction,36800.0,9.536751747131348
train/reconstruction,36850.0,8.254594802856445
train/reconstruction,36900.0,8.574833869934082
train/reconstruction,36950.0,7.607927322387695
train/reconstruction,37000.0,6.77372932434082
train/reconstruction,37050.0,8.49068832397461
train/reconstruction,37100.0,8.121964454650879
train/reconstruction,37150.0,8.764514923095703
train/reconstruction,37200.0,9.412877082824707
train/reconstruction,37250.0,6.64312744140625
train/reconstruction,37300.0,8.507177352905273
train/reconstruction,37350.0,7.475427627563477
train/reconstruction,37400.0,6.927614212036133
train/reconstruction,37450.0,6.979008674621582
train/reconstruction,37500.0,7.78769588470459
train/reconstruction,37550.0,6.228691577911377
train/reconstruction,37600.0,10.308839797973633
train/reconstruction,37650.0,8.33780288696289
train/reconstruction,37700.0,8.202104568481445
train/reconstruction,37750.0,7.297906398773193
train/reconstruction,37800.0,8.832637786865234
train/reconstruction,37850.0,7.971362113952637
train/reconstruction,37900.0,8.823410987854004
train/reconstruction,37950.0,8.459668159484863
train/reconstruction,38000.0,8.005901336669922
train/reconstruction,38050.0,6.895264625549316
train/reconstruction,38100.0,8.845891952514648
train/reconstruction,38150.0,7.63290548324585
train/reconstruction,38200.0,7.871598243713379
train/reconstruction,38250.0,8.160118103027344
train/reconstruction,38300.0,7.167026519775391
train/reconstruction,38350.0,9.6306791305542
train/reconstruction,38400.0,8.173290252685547
train/reconstruction,38450.0,7.176803112030029
train/reconstruction,38500.0,7.795432090759277
train/reconstruction,38550.0,7.508828639984131
train/reconstruction,38600.0,6.92215633392334
train/reconstruction,38650.0,8.143414497375488
train/reconstruction,38700.0,8.28545093536377
train/reconstruction,38750.0,7.7909159660339355
train/reconstruction,38800.0,7.541891098022461
train/reconstruction,38850.0,6.989552021026611
train/reconstruction,38900.0,7.799476146697998
train/reconstruction,38950.0,9.686782836914062
train/reconstruction,39000.0,7.92920446395874
train/reconstruction,39050.0,8.123534202575684
train/reconstruction,39100.0,8.162032127380371
train/reconstruction,39150.0,8.86552619934082
train/reconstruction,39200.0,7.670860290527344
train/reconstruction,39250.0,8.926765441894531
train/reconstruction,39300.0,7.363675117492676
train/reconstruction,39350.0,9.262117385864258
train/reconstruction,39400.0,8.52712345123291
train/reconstruction,39450.0,8.613855361938477
train/reconstruction,39500.0,7.262794494628906
train/reconstruction,39550.0,6.721645355224609
train/reconstruction,39600.0,7.571805000305176
train/reconstruction,39650.0,8.661959648132324
train/reconstruction,39700.0,6.981938362121582
train/reconstruction,39750.0,10.369979858398438
train/reconstruction,39800.0,8.502446174621582
train/reconstruction,39850.0,8.029778480529785
train/reconstruction,39900.0,7.665384769439697
train/reconstruction,39950.0,8.952675819396973
train/reconstruction,40000.0,8.60546875
train/reconstruction,40050.0,9.09720230102539
train/reconstruction,40100.0,8.914047241210938
train/reconstruction,40150.0,6.940648555755615
train/reconstruction,40200.0,7.071629047393799
train/reconstruction,40250.0,9.088584899902344
train/reconstruction,40300.0,7.836056709289551
train/reconstruction,40350.0,8.18272590637207
train/reconstruction,40400.0,5.952434539794922
train/reconstruction,40450.0,7.464494705200195
train/reconstruction,40500.0,8.419559478759766
train/reconstruction,40550.0,9.445979118347168
train/reconstruction,40600.0,7.967299938201904
train/reconstruction,40650.0,10.112714767456055
train/reconstruction,40700.0,7.45513916015625
train/reconstruction,40750.0,7.496893405914307
train/reconstruction,40800.0,8.886800765991211
train/reconstruction,40850.0,7.66425085067749
train/reconstruction,40900.0,6.997706413269043
train/reconstruction,40950.0,8.634559631347656
train/reconstruction,41000.0,6.46845817565918
train/reconstruction,41050.0,7.685457229614258
train/reconstruction,41100.0,9.054486274719238
train/reconstruction,41150.0,8.237363815307617
train/reconstruction,41200.0,5.260763645172119
train/reconstruction,41250.0,5.770810127258301
train/reconstruction,41300.0,7.524900436401367
train/reconstruction,41350.0,7.603147506713867
train/reconstruction,41400.0,7.172840118408203
train/reconstruction,41450.0,6.795254707336426
train/reconstruction,41500.0,8.357329368591309
train/reconstruction,41550.0,8.941826820373535
train/reconstruction,41600.0,8.845191955566406
train/reconstruction,41650.0,7.782426834106445
train/reconstruction,41700.0,6.390923500061035
train/reconstruction,41750.0,8.703329086303711
train/reconstruction,41800.0,9.02733325958252
train/reconstruction,41850.0,7.288185119628906
train/reconstruction,41900.0,8.223588943481445
train/reconstruction,41950.0,7.707220554351807
train/reconstruction,42000.0,7.120162487030029
train/reconstruction,42050.0,8.782672882080078
train/reconstruction,42100.0,8.014934539794922
train/reconstruction,42150.0,7.222616195678711
train/reconstruction,42200.0,7.194755554199219
train/reconstruction,42250.0,7.872833251953125
train/reconstruction,42300.0,8.537670135498047
train/reconstruction,42350.0,7.947946071624756
train/reconstruction,42400.0,7.404322147369385
train/reconstruction,42450.0,7.57369327545166
train/reconstruction,42500.0,8.896596908569336
train/reconstruction,42550.0,7.42118501663208
train/reconstruction,42600.0,9.477851867675781
train/reconstruction,42650.0,8.114228248596191
train/reconstruction,42700.0,8.838236808776855
train/reconstruction,42750.0,8.41264533996582
train/reconstruction,42800.0,6.9287109375
train/reconstruction,42850.0,6.570152759552002
train/reconstruction,42900.0,7.696220874786377
train/reconstruction,42950.0,7.946611404418945
train/reconstruction,43000.0,8.123517990112305
train/reconstruction,43050.0,9.52131175994873
train/reconstruction,43100.0,8.789350509643555
train/reconstruction,43150.0,9.123064994812012
train/reconstruction,43200.0,8.484989166259766
train/reconstruction,43250.0,9.346458435058594
train/reconstruction,43300.0,8.398289680480957
train/reconstruction,43350.0,7.954831600189209
train/reconstruction,43400.0,8.145873069763184
train/reconstruction,43450.0,8.967644691467285
train/reconstruction,43500.0,7.443056583404541
train/reconstruction,43550.0,7.70684289932251
train/reconstruction,43600.0,7.979562759399414
train/reconstruction,43650.0,7.90477180480957
train/reconstruction,43700.0,7.647716045379639
train/reconstruction,43750.0,7.290608882904053
train/reconstruction,43800.0,7.384084224700928
train/reconstruction,43850.0,8.402649879455566
train/reconstruction,43900.0,7.8015899658203125
train/reconstruction,43950.0,7.220094203948975
train/reconstruction,44000.0,7.590435028076172
train/reconstruction,44050.0,8.739629745483398
train/reconstruction,44100.0,9.228446960449219
train/reconstruction,44150.0,11.143892288208008
train/reconstruction,44200.0,7.6927900314331055
train/reconstruction,44250.0,6.4946370124816895
train/reconstruction,44300.0,8.745443344116211
train/reconstruction,44350.0,7.631842136383057
train/reconstruction,44400.0,7.649377346038818
train/reconstruction,44450.0,7.76431941986084
train/reconstruction,44500.0,6.593629837036133
train/reconstruction,44550.0,7.333076000213623
train/reconstruction,44600.0,8.636510848999023
train/reconstruction,44650.0,8.355400085449219
train/reconstruction,44700.0,9.233341217041016
train/reconstruction,44750.0,9.76575756072998
train/reconstruction,44800.0,7.74619722366333
train/reconstruction,44850.0,7.380647659301758
train/reconstruction,44900.0,8.365530014038086
train/reconstruction,44950.0,7.416438579559326
train/reconstruction,45000.0,7.639026641845703
train/reconstruction,45050.0,9.227072715759277
train/reconstruction,45100.0,9.42038631439209
train/reconstruction,45150.0,7.614119529724121
train/reconstruction,45200.0,8.035331726074219
train/reconstruction,45250.0,8.362136840820312
train/reconstruction,45300.0,6.233160495758057
train/reconstruction,45350.0,8.780562400817871
train/reconstruction,45400.0,8.447776794433594
train/reconstruction,45450.0,9.518999099731445
train/reconstruction,45500.0,8.427201271057129
train/reconstruction,45550.0,8.733372688293457
train/reconstruction,45600.0,8.476893424987793
train/reconstruction,45650.0,8.955351829528809
train/reconstruction,45700.0,8.088556289672852
train/reconstruction,45750.0,6.689827919006348
train/reconstruction,45800.0,8.175491333007812
train/reconstruction,45850.0,9.03229808807373
train/reconstruction,45900.0,7.852078914642334
train/reconstruction,45950.0,8.136687278747559
train/reconstruction,46000.0,8.41136646270752
train/reconstruction,46050.0,7.0985846519470215
train/reconstruction,46100.0,9.193146705627441
train/reconstruction,46150.0,7.599888324737549
train/reconstruction,46200.0,9.83294677734375
train/reconstruction,46250.0,8.471821784973145
train/reconstruction,46300.0,8.092170715332031
train/reconstruction,46350.0,8.13662052154541
train/reconstruction,46400.0,8.5787353515625
train/reconstruction,46450.0,8.1932373046875
train/reconstruction,46500.0,7.981370449066162
train/reconstruction,46550.0,8.552072525024414
train/reconstruction,46600.0,8.080788612365723
train/reconstruction,46650.0,7.1903815269470215
train/reconstruction,46700.0,7.904690265655518
train/reconstruction,46750.0,6.349580764770508
train/reconstruction,46800.0,7.086940288543701
train/reconstruction,46850.0,9.376177787780762
train/reconstruction,46900.0,6.860491752624512
train/reconstruction,46950.0,7.442763328552246
train/reconstruction,47000.0,9.208898544311523
train/reconstruction,47050.0,7.769574165344238
train/reconstruction,47100.0,7.932722568511963
train/reconstruction,47150.0,7.445856094360352
train/reconstruction,47200.0,7.376687049865723
train/reconstruction,47250.0,9.51304817199707
train/reconstruction,47300.0,8.610541343688965
train/reconstruction,47350.0,6.861051559448242
train/reconstruction,47400.0,6.876803398132324
train/reconstruction,47450.0,11.92051887512207
train/reconstruction,47500.0,7.616087436676025
train/reconstruction,47550.0,8.574291229248047
train/reconstruction,47600.0,11.077049255371094
train/reconstruction,47650.0,8.994559288024902
train/reconstruction,47700.0,8.532638549804688
train/reconstruction,47750.0,9.863319396972656
train/reconstruction,47800.0,8.329360961914062
train/reconstruction,47850.0,8.85748291015625
train/reconstruction,47900.0,8.367688179016113
train/reconstruction,47950.0,7.946490287780762
train/reconstruction,48000.0,8.24024486541748
train/reconstruction,48050.0,6.662899017333984
train/reconstruction,48100.0,7.764427185058594
train/reconstruction,48150.0,8.358479499816895
train/reconstruction,48200.0,6.842854976654053
train/reconstruction,48250.0,7.389094352722168
train/reconstruction,48300.0,9.031708717346191
train/reconstruction,48350.0,7.780370712280273
train/reconstruction,48400.0,7.720141887664795
train/reconstruction,48450.0,8.21635913848877
train/reconstruction,48500.0,8.063173294067383
train/reconstruction,48550.0,8.283836364746094
train/reconstruction,48600.0,6.222991943359375
train/reconstruction,48650.0,6.461878776550293
train/reconstruction,48700.0,5.5337910652160645
train/reconstruction,48750.0,8.934417724609375
train/reconstruction,48800.0,7.707208156585693
train/reconstruction,48850.0,8.5382661819458
train/reconstruction,48900.0,8.625311851501465
train/reconstruction,48950.0,10.867546081542969
train/reconstruction,49000.0,10.53335189819336
train/reconstruction,49050.0,7.511824607849121
train/reconstruction,49100.0,6.839759826660156
train/reconstruction,49150.0,8.316130638122559
train/reconstruction,49200.0,7.788741588592529
train/reconstruction,49250.0,5.815171718597412
train/reconstruction,49300.0,8.522246360778809
train/reconstruction,49350.0,7.9997406005859375
train/reconstruction,49400.0,7.374456405639648
train/reconstruction,49450.0,6.864100456237793
train/reconstruction,49500.0,7.613393783569336
train/reconstruction,49550.0,8.047704696655273
train/reconstruction,49600.0,6.939637184143066
train/reconstruction,49650.0,10.964763641357422
train/reconstruction,49700.0,7.4669294357299805
train/reconstruction,49750.0,8.09912395477295
train/reconstruction,49800.0,8.235260963439941
train/reconstruction,49850.0,8.563604354858398
train/reconstruction,49900.0,7.88983154296875
train/reconstruction,49950.0,7.839943885803223
train/reconstruction,50000.0,7.318299293518066
train/reconstruction,50050.0,8.745963096618652
train/reconstruction,50100.0,8.461379051208496
train/reconstruction,50150.0,7.6937174797058105
train/reconstruction,50200.0,9.127264022827148
train/reconstruction,50250.0,8.193901062011719
train/reconstruction,50300.0,7.810816764831543
train/reconstruction,50350.0,7.567933082580566
train/reconstruction,50400.0,7.795738220214844
train/reconstruction,50450.0,8.414717674255371
train/reconstruction,50500.0,6.860918998718262
train/reconstruction,50550.0,9.849970817565918
train/reconstruction,50600.0,6.082831859588623
train/reconstruction,50650.0,7.811703681945801
train/reconstruction,50700.0,9.74327564239502
train/reconstruction,50750.0,8.439739227294922
train/reconstruction,50800.0,6.3715715408325195
train/reconstruction,50850.0,9.438542366027832
train/reconstruction,50900.0,7.874361038208008
train/reconstruction,50950.0,7.737493991851807
train/reconstruction,51000.0,7.005660057067871
train/reconstruction,51050.0,8.339595794677734
train/reconstruction,51100.0,6.674176216125488
train/reconstruction,51150.0,8.369063377380371
train/reconstruction,51200.0,8.632011413574219
train/reconstruction,51250.0,8.954621315002441
train/reconstruction,51300.0,8.268729209899902
train/reconstruction,51350.0,9.684947967529297
train/reconstruction,51400.0,8.410428047180176
train/reconstruction,51450.0,6.913177013397217
train/reconstruction,51500.0,7.522425651550293
train/reconstruction,51550.0,7.245070934295654
train/reconstruction,51600.0,8.759944915771484
train/reconstruction,51650.0,7.991329193115234
train/reconstruction,51700.0,6.625513553619385
train/reconstruction,51750.0,8.368823051452637
train/reconstruction,51800.0,6.869291305541992
train/reconstruction,51850.0,9.095903396606445
train/reconstruction,51900.0,9.225309371948242
val/loss,0.0,17.747493743896484
val/loss,1.0,11.752071380615234
val/loss,2.0,16.449304580688477
val/loss,3.0,11.759075164794922
val/loss,4.0,10.572728157043457
val/psnr,0.0,18.65645980834961
val/psnr,1.0,20.51099967956543
val/psnr,2.0,18.111976623535156
val/psnr,3.0,20.80641746520996
val/psnr,4.0,20.53239631652832
val/ssim,0.0,0.5016626715660095
val/ssim,1.0,0.5012142062187195
val/ssim,2.0,0.41931164264678955
val/ssim,3.0,0.5006398558616638
val/ssim,4.0,0.4959210157394409
val/mae,0.0,0.09686725586652756
val/mae,1.0,0.0760694071650505
val/mae,2.0,0.09648992866277695
val/mae,3.0,0.07278259843587875
val/mae,4.0,0.07001462578773499
val/delta_e76,0.0,12.467093467712402
val/delta_e76,1.0,9.366976737976074
val/delta_e76,2.0,11.670488357543945
val/delta_e76,3.0,10.827266693115234
val/delta_e76,4.0,8.92162036895752
val/lpips,0.0,0.394643634557724
val/lpips,1.0,0.3468010425567627
val/lpips,2.0,0.4234158396720886
val/lpips,3.0,0.3975372016429901
val/lpips,4.0,0.34781017899513245
train/lr,50.0,0.00019999999494757503
train/lr,100.0,0.00019999999494757503
train/lr,150.0,0.00019999999494757503
train/lr,200.0,0.00019999999494757503
train/lr,250.0,0.00019999999494757503
train/lr,300.0,0.00019999999494757503
train/lr,350.0,0.00019999999494757503
train/lr,400.0,0.00019999999494757503
train/lr,450.0,0.00019999999494757503
train/lr,500.0,0.00019999999494757503
train/lr,550.0,0.00019999999494757503
train/lr,600.0,0.00019999999494757503
train/lr,650.0,0.00019999999494757503
train/lr,700.0,0.00019999999494757503
train/lr,750.0,0.00019999999494757503
train/lr,800.0,0.00019999999494757503
train/lr,850.0,0.00019999999494757503
train/lr,900.0,0.00019999999494757503
train/lr,950.0,0.00019999999494757503
train/lr,1000.0,0.00019999999494757503
train/lr,1050.0,0.00019999999494757503
train/lr,1100.0,0.00019999999494757503
train/lr,1150.0,0.00019999999494757503
train/lr,1200.0,0.00019999999494757503
train/lr,1250.0,0.00019999999494757503
train/lr,1300.0,0.00019999999494757503
train/lr,1350.0,0.00019999999494757503
train/lr,1400.0,0.00019999999494757503
train/lr,1450.0,0.00019999999494757503
train/lr,1500.0,0.00019999999494757503
train/lr,1550.0,0.00019999999494757503
train/lr,1600.0,0.00019999999494757503
train/lr,1650.0,0.00019999999494757503
train/lr,1700.0,0.00019999999494757503
train/lr,1750.0,0.00019999999494757503
train/lr,1800.0,0.00019999999494757503
train/lr,1850.0,0.00019999999494757503
train/lr,1900.0,0.00019999999494757503
train/lr,1950.0,0.00019999999494757503
train/lr,2000.0,0.00019999999494757503
train/lr,2050.0,0.00019999999494757503
train/lr,2100.0,0.00019999999494757503
train/lr,2150.0,0.00019999999494757503
train/lr,2200.0,0.00019999999494757503
train/lr,2250.0,0.00019999999494757503
train/lr,2300.0,0.00019999999494757503
train/lr,2350.0,0.00019999999494757503
train/lr,2400.0,0.00019999999494757503
train/lr,2450.0,0.00019999999494757503
train/lr,2500.0,0.00019999999494757503
train/lr,2550.0,0.00019999999494757503
train/lr,2600.0,0.00019999999494757503
train/lr,2650.0,0.00019999999494757503
train/lr,2700.0,0.00019999999494757503
train/lr,2750.0,0.00019999999494757503
train/lr,2800.0,0.00019999999494757503
train/lr,2850.0,0.00019999999494757503
train/lr,2900.0,0.00019999999494757503
train/lr,2950.0,0.00019999999494757503
train/lr,3000.0,0.00019999999494757503
train/lr,3050.0,0.00019999999494757503
train/lr,3100.0,0.00019999999494757503
train/lr,3150.0,0.00019999999494757503
train/lr,3200.0,0.00019999999494757503
train/lr,3250.0,0.00019999999494757503
train/lr,3300.0,0.00019999999494757503
train/lr,3350.0,0.00019999999494757503
train/lr,3400.0,0.00019999999494757503
train/lr,3450.0,0.00019999999494757503
train/lr,3500.0,0.00019999999494757503
train/lr,3550.0,0.00019999999494757503
train/lr,3600.0,0.00019999999494757503
train/lr,3650.0,0.00019999999494757503
train/lr,3700.0,0.00019999999494757503
train/lr,3750.0,0.00019999999494757503
train/lr,3800.0,0.00019999999494757503
train/lr,3850.0,0.00019999999494757503
train/lr,3900.0,0.00019999999494757503
train/lr,3950.0,0.00019999999494757503
train/lr,4000.0,0.00019999999494757503
train/lr,4050.0,0.00019999999494757503
train/lr,4100.0,0.00019999999494757503
train/lr,4150.0,0.00019999999494757503
train/lr,4200.0,0.00019999999494757503
train/lr,4250.0,0.00019999999494757503
train/lr,4300.0,0.00019999999494757503
train/lr,4350.0,0.00019999999494757503
train/lr,4400.0,0.00019999999494757503
train/lr,4450.0,0.00019999999494757503
train/lr,4500.0,0.00019999999494757503
train/lr,4550.0,0.00019999999494757503
train/lr,4600.0,0.00019999999494757503
train/lr,4650.0,0.00019999999494757503
train/lr,4700.0,0.00019999999494757503
train/lr,4750.0,0.00019999999494757503
train/lr,4800.0,0.00019999999494757503
train/lr,4850.0,0.00019999999494757503
train/lr,4900.0,0.00019999999494757503
train/lr,4950.0,0.00019999999494757503
train/lr,5000.0,0.00019999999494757503
train/lr,5050.0,0.00019999999494757503
train/lr,5100.0,0.00019999999494757503
train/lr,5150.0,0.00019999999494757503
train/lr,5200.0,0.00019999999494757503
train/lr,5250.0,0.00019999999494757503
train/lr,5300.0,0.00019999999494757503
train/lr,5350.0,0.00019999999494757503
train/lr,5400.0,0.00019999999494757503
train/lr,5450.0,0.00019999999494757503
train/lr,5500.0,0.00019999999494757503
train/lr,5550.0,0.00019999999494757503
train/lr,5600.0,0.00019999999494757503
train/lr,5650.0,0.00019999999494757503
train/lr,5700.0,0.00019999999494757503
train/lr,5750.0,0.00019999999494757503
train/lr,5800.0,0.00019999999494757503
train/lr,5850.0,0.00019999999494757503
train/lr,5900.0,0.00019999999494757503
train/lr,5950.0,0.00019999999494757503
train/lr,6000.0,0.00019999999494757503
train/lr,6050.0,0.00019999999494757503
train/lr,6100.0,0.00019999999494757503
train/lr,6150.0,0.00019999999494757503
train/lr,6200.0,0.00019999999494757503
train/lr,6250.0,0.00019999999494757503
train/lr,6300.0,0.00019999999494757503
train/lr,6350.0,0.00019999999494757503
train/lr,6400.0,0.00019999999494757503
train/lr,6450.0,0.00019999999494757503
train/lr,6500.0,0.00019999999494757503
train/lr,6550.0,0.00019999999494757503
train/lr,6600.0,0.00019999999494757503
train/lr,6650.0,0.00019999999494757503
train/lr,6700.0,0.00019999999494757503
train/lr,6750.0,0.00019999999494757503
train/lr,6800.0,0.00019999999494757503
train/lr,6850.0,0.00019999999494757503
train/lr,6900.0,0.00019999999494757503
train/lr,6950.0,0.00019999999494757503
train/lr,7000.0,0.00019999999494757503
train/lr,7050.0,0.00019999999494757503
train/lr,7100.0,0.00019999999494757503
train/lr,7150.0,0.00019999999494757503
train/lr,7200.0,0.00019999999494757503
train/lr,7250.0,0.00019999999494757503
train/lr,7300.0,0.00019999999494757503
train/lr,7350.0,0.00019999999494757503
train/lr,7400.0,0.00019999999494757503
train/lr,7450.0,0.00019999999494757503
train/lr,7500.0,0.00019999999494757503
train/lr,7550.0,0.00019999999494757503
train/lr,7600.0,0.00019999999494757503
train/lr,7650.0,0.00019999999494757503
train/lr,7700.0,0.00019999999494757503
train/lr,7750.0,0.00019999999494757503
train/lr,7800.0,0.00019999999494757503
train/lr,7850.0,0.00019999999494757503
train/lr,7900.0,0.00019999999494757503
train/lr,7950.0,0.00019999999494757503
train/lr,8000.0,0.00019999999494757503
train/lr,8050.0,0.00019999999494757503
train/lr,8100.0,0.00019999999494757503
train/lr,8150.0,0.00019999999494757503
train/lr,8200.0,0.00019999999494757503
train/lr,8250.0,0.00019999999494757503
train/lr,8300.0,0.00019999999494757503
train/lr,8350.0,0.00019999999494757503
train/lr,8400.0,0.00019999999494757503
train/lr,8450.0,0.00019999999494757503
train/lr,8500.0,0.00019999999494757503
train/lr,8550.0,0.00019999999494757503
train/lr,8600.0,0.00019999999494757503
train/lr,8650.0,0.00019999999494757503
train/lr,8700.0,0.00019999999494757503
train/lr,8750.0,0.00019999999494757503
train/lr,8800.0,0.00019999999494757503
train/lr,8850.0,0.00019999999494757503
train/lr,8900.0,0.00019999999494757503
train/lr,8950.0,0.00019999999494757503
train/lr,9000.0,0.00019999999494757503
train/lr,9050.0,0.00019999999494757503
train/lr,9100.0,0.00019999999494757503
train/lr,9150.0,0.00019999999494757503
train/lr,9200.0,0.00019999999494757503
train/lr,9250.0,0.00019999999494757503
train/lr,9300.0,0.00019999999494757503
train/lr,9350.0,0.00019999999494757503
train/lr,9400.0,0.00019999999494757503
train/lr,9450.0,0.00019999999494757503
train/lr,9500.0,0.00019999999494757503
train/lr,9550.0,0.00019999999494757503
train/lr,9600.0,0.00019999999494757503
train/lr,9650.0,0.00019999999494757503
train/lr,9700.0,0.00019999999494757503
train/lr,9750.0,0.00019999999494757503
train/lr,9800.0,0.00019999999494757503
train/lr,9850.0,0.00019999999494757503
train/lr,9900.0,0.00019999999494757503
train/lr,9950.0,0.00019999999494757503
train/lr,10000.0,0.00019999999494757503
train/lr,10050.0,0.00019999999494757503
train/lr,10100.0,0.00019999999494757503
train/lr,10150.0,0.00019999999494757503
train/lr,10200.0,0.00019999999494757503
train/lr,10250.0,0.00019999999494757503
train/lr,10300.0,0.00019999999494757503
train/lr,10350.0,0.00019999999494757503
train/lr,10400.0,0.00019999999494757503
train/lr,10450.0,0.00019999999494757503
train/lr,10500.0,0.00019999999494757503
train/lr,10550.0,0.00019999999494757503
train/lr,10600.0,0.00019999999494757503
train/lr,10650.0,0.00019999999494757503
train/lr,10700.0,0.00019999999494757503
train/lr,10750.0,0.00019999999494757503
train/lr,10800.0,0.00019999999494757503
train/lr,10850.0,0.00019999999494757503
train/lr,10900.0,0.00019999999494757503
train/lr,10950.0,0.00019999999494757503
train/lr,11000.0,0.00019999999494757503
train/lr,11050.0,0.00019999999494757503
train/lr,11100.0,0.00019999999494757503
train/lr,11150.0,0.00019999999494757503
train/lr,11200.0,0.00019999999494757503
train/lr,11250.0,0.00019999999494757503
train/lr,11300.0,0.00019999999494757503
train/lr,11350.0,0.00019999999494757503
train/lr,11400.0,0.00019999999494757503
train/lr,11450.0,0.00019999999494757503
train/lr,11500.0,0.00019999999494757503
train/lr,11550.0,0.00019999999494757503
train/lr,11600.0,0.00019999999494757503
train/lr,11650.0,0.00019999999494757503
train/lr,11700.0,0.00019999999494757503
train/lr,11750.0,0.00019999999494757503
train/lr,11800.0,0.00019999999494757503
train/lr,11850.0,0.00019999999494757503
train/lr,11900.0,0.00019999999494757503
train/lr,11950.0,0.00019999999494757503
train/lr,12000.0,0.00019999999494757503
train/lr,12050.0,0.00019999999494757503
train/lr,12100.0,0.00019999999494757503
train/lr,12150.0,0.00019999999494757503
train/lr,12200.0,0.00019999999494757503
train/lr,12250.0,0.00019999999494757503
train/lr,12300.0,0.00019999999494757503
train/lr,12350.0,0.00019999999494757503
train/lr,12400.0,0.00019999999494757503
train/lr,12450.0,0.00019999999494757503
train/lr,12500.0,0.00019999999494757503
train/lr,12550.0,0.00019999999494757503
train/lr,12600.0,0.00019999999494757503
train/lr,12650.0,0.00019999999494757503
train/lr,12700.0,0.00019999999494757503
train/lr,12750.0,0.00019999999494757503
train/lr,12800.0,0.00019999999494757503
train/lr,12850.0,0.00019999999494757503
train/lr,12900.0,0.00019999999494757503
train/lr,12950.0,0.00019999999494757503
train/lr,13000.0,0.00019999999494757503
train/lr,13050.0,0.00019999999494757503
train/lr,13100.0,0.00019999999494757503
train/lr,13150.0,0.00019999999494757503
train/lr,13200.0,0.00019999999494757503
train/lr,13250.0,0.00019999999494757503
train/lr,13300.0,0.00019999999494757503
train/lr,13350.0,0.00019999999494757503
train/lr,13400.0,0.00019999999494757503
train/lr,13450.0,0.00019999999494757503
train/lr,13500.0,0.00019999999494757503
train/lr,13550.0,0.00019999999494757503
train/lr,13600.0,0.00019999999494757503
train/lr,13650.0,0.00019999999494757503
train/lr,13700.0,0.00019999999494757503
train/lr,13750.0,0.00019999999494757503
train/lr,13800.0,0.00019999999494757503
train/lr,13850.0,0.00019999999494757503
train/lr,13900.0,0.00019999999494757503
train/lr,13950.0,0.00019999999494757503
train/lr,14000.0,0.00019999999494757503
train/lr,14050.0,0.00019999999494757503
train/lr,14100.0,0.00019999999494757503
train/lr,14150.0,0.00019999999494757503
train/lr,14200.0,0.00019999999494757503
train/lr,14250.0,0.00019999999494757503
train/lr,14300.0,0.00019999999494757503
train/lr,14350.0,0.00019999999494757503
train/lr,14400.0,0.00019999999494757503
train/lr,14450.0,0.00019999999494757503
train/lr,14500.0,0.00019999999494757503
train/lr,14550.0,0.00019999999494757503
train/lr,14600.0,0.00019999999494757503
train/lr,14650.0,0.00019999999494757503
train/lr,14700.0,0.00019999999494757503
train/lr,14750.0,0.00019999999494757503
train/lr,14800.0,0.00019999999494757503
train/lr,14850.0,0.00019999999494757503
train/lr,14900.0,0.00019999999494757503
train/lr,14950.0,0.00019999999494757503
train/lr,15000.0,0.00019999999494757503
train/lr,15050.0,0.00019999999494757503
train/lr,15100.0,0.00019999999494757503
train/lr,15150.0,0.00019999999494757503
train/lr,15200.0,0.00019999999494757503
train/lr,15250.0,0.00019999999494757503
train/lr,15300.0,0.00019999999494757503
train/lr,15350.0,0.00019999999494757503
train/lr,15400.0,0.00019999999494757503
train/lr,15450.0,0.00019999999494757503
train/lr,15500.0,0.00019999999494757503
train/lr,15550.0,0.00019999999494757503
train/lr,15600.0,0.00019999999494757503
train/lr,15650.0,0.00019999999494757503
train/lr,15700.0,0.00019999999494757503
train/lr,15750.0,0.00019999999494757503
train/lr,15800.0,0.00019999999494757503
train/lr,15850.0,0.00019999999494757503
train/lr,15900.0,0.00019999999494757503
train/lr,15950.0,0.00019999999494757503
train/lr,16000.0,0.00019999999494757503
train/lr,16050.0,0.00019999999494757503
train/lr,16100.0,0.00019999999494757503
train/lr,16150.0,0.00019999999494757503
train/lr,16200.0,0.00019999999494757503
train/lr,16250.0,0.00019999999494757503
train/lr,16300.0,0.00019999999494757503
train/lr,16350.0,0.00019999999494757503
train/lr,16400.0,0.00019999999494757503
train/lr,16450.0,0.00019999999494757503
train/lr,16500.0,0.00019999999494757503
train/lr,16550.0,0.00019999999494757503
train/lr,16600.0,0.00019999999494757503
train/lr,16650.0,0.00019999999494757503
train/lr,16700.0,0.00019999999494757503
train/lr,16750.0,0.00019999999494757503
train/lr,16800.0,0.00019999999494757503
train/lr,16850.0,0.00019999999494757503
train/lr,16900.0,0.00019999999494757503
train/lr,16950.0,0.00019999999494757503
train/lr,17000.0,0.00019999999494757503
train/lr,17050.0,0.00019999999494757503
train/lr,17100.0,0.00019999999494757503
train/lr,17150.0,0.00019999999494757503
train/lr,17200.0,0.00019999999494757503
train/lr,17250.0,0.00019999999494757503
train/lr,17300.0,0.00019999999494757503
train/lr,17350.0,0.00019999999494757503
train/lr,17400.0,0.00019999999494757503
train/lr,17450.0,0.00019999999494757503
train/lr,17500.0,0.00019999999494757503
train/lr,17550.0,0.00019999999494757503
train/lr,17600.0,0.00019999999494757503
train/lr,17650.0,0.00019999999494757503
train/lr,17700.0,0.00019999999494757503
train/lr,17750.0,0.00019999999494757503
train/lr,17800.0,0.00019999999494757503
train/lr,17850.0,0.00019999999494757503
train/lr,17900.0,0.00019999999494757503
train/lr,17950.0,0.00019999999494757503
train/lr,18000.0,0.00019999999494757503
train/lr,18050.0,0.00019999999494757503
train/lr,18100.0,0.00019999999494757503
train/lr,18150.0,0.00019999999494757503
train/lr,18200.0,0.00019999999494757503
train/lr,18250.0,0.00019999999494757503
train/lr,18300.0,0.00019999999494757503
train/lr,18350.0,0.00019999999494757503
train/lr,18400.0,0.00019999999494757503
train/lr,18450.0,0.00019999999494757503
train/lr,18500.0,0.00019999999494757503
train/lr,18550.0,0.00019999999494757503
train/lr,18600.0,0.00019999999494757503
train/lr,18650.0,0.00019999999494757503
train/lr,18700.0,0.00019999999494757503
train/lr,18750.0,0.00019999999494757503
train/lr,18800.0,0.00019999999494757503
train/lr,18850.0,0.00019999999494757503
train/lr,18900.0,0.00019999999494757503
train/lr,18950.0,0.00019999999494757503
train/lr,19000.0,0.00019999999494757503
train/lr,19050.0,0.00019999999494757503
train/lr,19100.0,0.00019999999494757503
train/lr,19150.0,0.00019999999494757503
train/lr,19200.0,0.00019999999494757503
train/lr,19250.0,0.00019999999494757503
train/lr,19300.0,0.00019999999494757503
train/lr,19350.0,0.00019999999494757503
train/lr,19400.0,0.00019999999494757503
train/lr,19450.0,0.00019999999494757503
train/lr,19500.0,0.00019999999494757503
train/lr,19550.0,0.00019999999494757503
train/lr,19600.0,0.00019999999494757503
train/lr,19650.0,0.00019999999494757503
train/lr,19700.0,0.00019999999494757503
train/lr,19750.0,0.00019999999494757503
train/lr,19800.0,0.00019999999494757503
train/lr,19850.0,0.00019999999494757503
train/lr,19900.0,0.00019999999494757503
train/lr,19950.0,0.00019999999494757503
train/lr,20000.0,0.00019999999494757503
train/lr,20050.0,0.00019999999494757503
train/lr,20100.0,0.00019999999494757503
train/lr,20150.0,0.00019999999494757503
train/lr,20200.0,0.00019999999494757503
train/lr,20250.0,0.00019999999494757503
train/lr,20300.0,0.00019999999494757503
train/lr,20350.0,0.00019999999494757503
train/lr,20400.0,0.00019999999494757503
train/lr,20450.0,0.00019999999494757503
train/lr,20500.0,0.00019999999494757503
train/lr,20550.0,0.00019999999494757503
train/lr,20600.0,0.00019999999494757503
train/lr,20650.0,0.00019999999494757503
train/lr,20700.0,0.00019999999494757503
train/lr,20750.0,0.00019999999494757503
train/lr,20800.0,0.00019999999494757503
train/lr,20850.0,0.00019999999494757503
train/lr,20900.0,0.00019999999494757503
train/lr,20950.0,0.00019999999494757503
train/lr,21000.0,0.00019999999494757503
train/lr,21050.0,0.00019999999494757503
train/lr,21100.0,0.00019999999494757503
train/lr,21150.0,0.00019999999494757503
train/lr,21200.0,0.00019999999494757503
train/lr,21250.0,0.00019999999494757503
train/lr,21300.0,0.00019999999494757503
train/lr,21350.0,0.00019999999494757503
train/lr,21400.0,0.00019999999494757503
train/lr,21450.0,0.00019999999494757503
train/lr,21500.0,0.00019999999494757503
train/lr,21550.0,0.00019999999494757503
train/lr,21600.0,0.00019999999494757503
train/lr,21650.0,0.00019999999494757503
train/lr,21700.0,0.00019999999494757503
train/lr,21750.0,0.00019999999494757503
train/lr,21800.0,0.00019999999494757503
train/lr,21850.0,0.00019999999494757503
train/lr,21900.0,0.00019999999494757503
train/lr,21950.0,0.00019999999494757503
train/lr,22000.0,0.00019999999494757503
train/lr,22050.0,0.00019999999494757503
train/lr,22100.0,0.00019999999494757503
train/lr,22150.0,0.00019999999494757503
train/lr,22200.0,0.00019999999494757503
train/lr,22250.0,0.00019999999494757503
train/lr,22300.0,0.00019999999494757503
train/lr,22350.0,0.00019999999494757503
train/lr,22400.0,0.00019999999494757503
train/lr,22450.0,0.00019999999494757503
train/lr,22500.0,0.00019999999494757503
train/lr,22550.0,0.00019999999494757503
train/lr,22600.0,0.00019999999494757503
train/lr,22650.0,0.00019999999494757503
train/lr,22700.0,0.00019999999494757503
train/lr,22750.0,0.00019999999494757503
train/lr,22800.0,0.00019999999494757503
train/lr,22850.0,0.00019999999494757503
train/lr,22900.0,0.00019999999494757503
train/lr,22950.0,0.00019999999494757503
train/lr,23000.0,0.00019999999494757503
train/lr,23050.0,0.00019999999494757503
train/lr,23100.0,0.00019999999494757503
train/lr,23150.0,0.00019999999494757503
train/lr,23200.0,0.00019999999494757503
train/lr,23250.0,0.00019999999494757503
train/lr,23300.0,0.00019999999494757503
train/lr,23350.0,0.00019999999494757503
train/lr,23400.0,0.00019999999494757503
train/lr,23450.0,0.00019999999494757503
train/lr,23500.0,0.00019999999494757503
train/lr,23550.0,0.00019999999494757503
train/lr,23600.0,0.00019999999494757503
train/lr,23650.0,0.00019999999494757503
train/lr,23700.0,0.00019999999494757503
train/lr,23750.0,0.00019999999494757503
train/lr,23800.0,0.00019999999494757503
train/lr,23850.0,0.00019999999494757503
train/lr,23900.0,0.00019999999494757503
train/lr,23950.0,0.00019999999494757503
train/lr,24000.0,0.00019999999494757503
train/lr,24050.0,0.00019999999494757503
train/lr,24100.0,0.00019999999494757503
train/lr,24150.0,0.00019999999494757503
train/lr,24200.0,0.00019999999494757503
train/lr,24250.0,0.00019999999494757503
train/lr,24300.0,0.00019999999494757503
train/lr,24350.0,0.00019999999494757503
train/lr,24400.0,0.00019999999494757503
train/lr,24450.0,0.00019999999494757503
train/lr,24500.0,0.00019999999494757503
train/lr,24550.0,0.00019999999494757503
train/lr,24600.0,0.00019999999494757503
train/lr,24650.0,0.00019999999494757503
train/lr,24700.0,0.00019999999494757503
train/lr,24750.0,0.00019999999494757503
train/lr,24800.0,0.00019999999494757503
train/lr,24850.0,0.00019999999494757503
train/lr,24900.0,0.00019999999494757503
train/lr,24950.0,0.00019999999494757503
train/lr,25000.0,0.00019999999494757503
train/lr,25050.0,0.00019999999494757503
train/lr,25100.0,0.00019999999494757503
train/lr,25150.0,0.00019999999494757503
train/lr,25200.0,0.00019999999494757503
train/lr,25250.0,0.00019999999494757503
train/lr,25300.0,0.00019999999494757503
train/lr,25350.0,0.00019999999494757503
train/lr,25400.0,0.00019999999494757503
train/lr,25450.0,0.00019999999494757503
train/lr,25500.0,0.00019999999494757503
train/lr,25550.0,0.00019999999494757503
train/lr,25600.0,0.00019999999494757503
train/lr,25650.0,0.00019999999494757503
train/lr,25700.0,0.00019999999494757503
train/lr,25750.0,0.00019999999494757503
train/lr,25800.0,0.00019999999494757503
train/lr,25850.0,0.00019999999494757503
train/lr,25900.0,0.00019999999494757503
train/lr,25950.0,0.00019999999494757503
train/lr,26000.0,0.00019999999494757503
train/lr,26050.0,0.00019999999494757503
train/lr,26100.0,0.00019999999494757503
train/lr,26150.0,0.00019999999494757503
train/lr,26200.0,0.00019999999494757503
train/lr,26250.0,0.00019999999494757503
train/lr,26300.0,0.00019999999494757503
train/lr,26350.0,0.00019999999494757503
train/lr,26400.0,0.00019999999494757503
train/lr,26450.0,0.00019999999494757503
train/lr,26500.0,0.00019999999494757503
train/lr,26550.0,0.00019999999494757503
train/lr,26600.0,0.00019999999494757503
train/lr,26650.0,0.00019999999494757503
train/lr,26700.0,0.00019999999494757503
train/lr,26750.0,0.00019999999494757503
train/lr,26800.0,0.00019999999494757503
train/lr,26850.0,0.00019999999494757503
train/lr,26900.0,0.00019999999494757503
train/lr,26950.0,0.00019999999494757503
train/lr,27000.0,0.00019999999494757503
train/lr,27050.0,0.00019999999494757503
train/lr,27100.0,0.00019999999494757503
train/lr,27150.0,0.00019999999494757503
train/lr,27200.0,0.00019999999494757503
train/lr,27250.0,0.00019999999494757503
train/lr,27300.0,0.00019999999494757503
train/lr,27350.0,0.00019999999494757503
train/lr,27400.0,0.00019999999494757503
train/lr,27450.0,0.00019999999494757503
train/lr,27500.0,0.00019999999494757503
train/lr,27550.0,0.00019999999494757503
train/lr,27600.0,0.00019999999494757503
train/lr,27650.0,0.00019999999494757503
train/lr,27700.0,0.00019999999494757503
train/lr,27750.0,0.00019999999494757503
train/lr,27800.0,0.00019999999494757503
train/lr,27850.0,0.00019999999494757503
train/lr,27900.0,0.00019999999494757503
train/lr,27950.0,0.00019999999494757503
train/lr,28000.0,0.00019999999494757503
train/lr,28050.0,0.00019999999494757503
train/lr,28100.0,0.00019999999494757503
train/lr,28150.0,0.00019999999494757503
train/lr,28200.0,0.00019999999494757503
train/lr,28250.0,0.00019999999494757503
train/lr,28300.0,0.00019999999494757503
train/lr,28350.0,0.00019999999494757503
train/lr,28400.0,0.00019999999494757503
train/lr,28450.0,0.00019999999494757503
train/lr,28500.0,0.00019999999494757503
train/lr,28550.0,0.00019999999494757503
train/lr,28600.0,0.00019999999494757503
train/lr,28650.0,0.00019999999494757503
train/lr,28700.0,0.00019999999494757503
train/lr,28750.0,0.00019999999494757503
train/lr,28800.0,0.00019999999494757503
train/lr,28850.0,0.00019999999494757503
train/lr,28900.0,0.00019999999494757503
train/lr,28950.0,0.00019999999494757503
train/lr,29000.0,0.00019999999494757503
train/lr,29050.0,0.00019999999494757503
train/lr,29100.0,0.00019999999494757503
train/lr,29150.0,0.00019999999494757503
train/lr,29200.0,0.00019999999494757503
train/lr,29250.0,0.00019999999494757503
train/lr,29300.0,0.00019999999494757503
train/lr,29350.0,0.00019999999494757503
train/lr,29400.0,0.00019999999494757503
train/lr,29450.0,0.00019999999494757503
train/lr,29500.0,0.00019999999494757503
train/lr,29550.0,0.00019999999494757503
train/lr,29600.0,0.00019999999494757503
train/lr,29650.0,0.00019999999494757503
train/lr,29700.0,0.00019999999494757503
train/lr,29750.0,0.00019999999494757503
train/lr,29800.0,0.00019999999494757503
train/lr,29850.0,0.00019999999494757503
train/lr,29900.0,0.00019999999494757503
train/lr,29950.0,0.00019999999494757503
train/lr,30000.0,0.00019999999494757503
train/lr,30050.0,0.00019999999494757503
train/lr,30100.0,0.00019999999494757503
train/lr,30150.0,0.00019999999494757503
train/lr,30200.0,0.00019999999494757503
train/lr,30250.0,0.00019999999494757503
train/lr,30300.0,0.00019999999494757503
train/lr,30350.0,0.00019999999494757503
train/lr,30400.0,0.00019999999494757503
train/lr,30450.0,0.00019999999494757503
train/lr,30500.0,0.00019999999494757503
train/lr,30550.0,0.00019999999494757503
train/lr,30600.0,0.00019999999494757503
train/lr,30650.0,0.00019999999494757503
train/lr,30700.0,0.00019999999494757503
train/lr,30750.0,0.00019999999494757503
train/lr,30800.0,0.00019999999494757503
train/lr,30850.0,0.00019999999494757503
train/lr,30900.0,0.00019999999494757503
train/lr,30950.0,0.00019999999494757503
train/lr,31000.0,0.00019999999494757503
train/lr,31050.0,0.00019999999494757503
train/lr,31100.0,0.00019999999494757503
train/lr,31150.0,0.00019999999494757503
train/lr,31200.0,0.00019999999494757503
train/lr,31250.0,0.00019999999494757503
train/lr,31300.0,0.00019999999494757503
train/lr,31350.0,0.00019999999494757503
train/lr,31400.0,0.00019999999494757503
train/lr,31450.0,0.00019999999494757503
train/lr,31500.0,0.00019999999494757503
train/lr,31550.0,0.00019999999494757503
train/lr,31600.0,0.00019999999494757503
train/lr,31650.0,0.00019999999494757503
train/lr,31700.0,0.00019999999494757503
train/lr,31750.0,0.00019999999494757503
train/lr,31800.0,0.00019999999494757503
train/lr,31850.0,0.00019999999494757503
train/lr,31900.0,0.00019999999494757503
train/lr,31950.0,0.00019999999494757503
train/lr,32000.0,0.00019999999494757503
train/lr,32050.0,0.00019999999494757503
train/lr,32100.0,0.00019999999494757503
train/lr,32150.0,0.00019999999494757503
train/lr,32200.0,0.00019999999494757503
train/lr,32250.0,0.00019999999494757503
train/lr,32300.0,0.00019999999494757503
train/lr,32350.0,0.00019999999494757503
train/lr,32400.0,0.00019999999494757503
train/lr,32450.0,0.00019999999494757503
train/lr,32500.0,0.00019999999494757503
train/lr,32550.0,0.00019999999494757503
train/lr,32600.0,0.00019999999494757503
train/lr,32650.0,0.00019999999494757503
train/lr,32700.0,0.00019999999494757503
train/lr,32750.0,0.00019999999494757503
train/lr,32800.0,0.00019999999494757503
train/lr,32850.0,0.00019999999494757503
train/lr,32900.0,0.00019999999494757503
train/lr,32950.0,0.00019999999494757503
train/lr,33000.0,0.00019999999494757503
train/lr,33050.0,0.00019999999494757503
train/lr,33100.0,0.00019999999494757503
train/lr,33150.0,0.00019999999494757503
train/lr,33200.0,0.00019999999494757503
train/lr,33250.0,0.00019999999494757503
train/lr,33300.0,0.00019999999494757503
train/lr,33350.0,0.00019999999494757503
train/lr,33400.0,0.00019999999494757503
train/lr,33450.0,0.00019999999494757503
train/lr,33500.0,0.00019999999494757503
train/lr,33550.0,0.00019999999494757503
train/lr,33600.0,0.00019999999494757503
train/lr,33650.0,0.00019999999494757503
train/lr,33700.0,0.00019999999494757503
train/lr,33750.0,0.00019999999494757503
train/lr,33800.0,0.00019999999494757503
train/lr,33850.0,0.00019999999494757503
train/lr,33900.0,0.00019999999494757503
train/lr,33950.0,0.00019999999494757503
train/lr,34000.0,0.00019999999494757503
train/lr,34050.0,0.00019999999494757503
train/lr,34100.0,0.00019999999494757503
train/lr,34150.0,0.00019999999494757503
train/lr,34200.0,0.00019999999494757503
train/lr,34250.0,0.00019999999494757503
train/lr,34300.0,0.00019999999494757503
train/lr,34350.0,0.00019999999494757503
train/lr,34400.0,0.00019999999494757503
train/lr,34450.0,0.00019999999494757503
train/lr,34500.0,0.00019999999494757503
train/lr,34550.0,0.00019999999494757503
train/lr,34600.0,0.00019999999494757503
train/lr,34650.0,0.00019999999494757503
train/lr,34700.0,0.00019999999494757503
train/lr,34750.0,0.00019999999494757503
train/lr,34800.0,0.00019999999494757503
train/lr,34850.0,0.00019999999494757503
train/lr,34900.0,0.00019999999494757503
train/lr,34950.0,0.00019999999494757503
train/lr,35000.0,0.00019999999494757503
train/lr,35050.0,0.00019999999494757503
train/lr,35100.0,0.00019999999494757503
train/lr,35150.0,0.00019999999494757503
train/lr,35200.0,0.00019999999494757503
train/lr,35250.0,0.00019999999494757503
train/lr,35300.0,0.00019999999494757503
train/lr,35350.0,0.00019999999494757503
train/lr,35400.0,0.00019999999494757503
train/lr,35450.0,0.00019999999494757503
train/lr,35500.0,0.00019999999494757503
train/lr,35550.0,0.00019999999494757503
train/lr,35600.0,0.00019999999494757503
train/lr,35650.0,0.00019999999494757503
train/lr,35700.0,0.00019999999494757503
train/lr,35750.0,0.00019999999494757503
train/lr,35800.0,0.00019999999494757503
train/lr,35850.0,0.00019999999494757503
train/lr,35900.0,0.00019999999494757503
train/lr,35950.0,0.00019999999494757503
train/lr,36000.0,0.00019999999494757503
train/lr,36050.0,0.00019999999494757503
train/lr,36100.0,0.00019999999494757503
train/lr,36150.0,0.00019999999494757503
train/lr,36200.0,0.00019999999494757503
train/lr,36250.0,0.00019999999494757503
train/lr,36300.0,0.00019999999494757503
train/lr,36350.0,0.00019999999494757503
train/lr,36400.0,0.00019999999494757503
train/lr,36450.0,0.00019999999494757503
train/lr,36500.0,0.00019999999494757503
train/lr,36550.0,0.00019999999494757503
train/lr,36600.0,0.00019999999494757503
train/lr,36650.0,0.00019999999494757503
train/lr,36700.0,0.00019999999494757503
train/lr,36750.0,0.00019999999494757503
train/lr,36800.0,0.00019999999494757503
train/lr,36850.0,0.00019999999494757503
train/lr,36900.0,0.00019999999494757503
train/lr,36950.0,0.00019999999494757503
train/lr,37000.0,0.00019999999494757503
train/lr,37050.0,0.00019999999494757503
train/lr,37100.0,0.00019999999494757503
train/lr,37150.0,0.00019999999494757503
train/lr,37200.0,0.00019999999494757503
train/lr,37250.0,0.00019999999494757503
train/lr,37300.0,0.00019999999494757503
train/lr,37350.0,0.00019999999494757503
train/lr,37400.0,0.00019999999494757503
train/lr,37450.0,0.00019999999494757503
train/lr,37500.0,0.00019999999494757503
train/lr,37550.0,0.00019999999494757503
train/lr,37600.0,0.00019999999494757503
train/lr,37650.0,0.00019999999494757503
train/lr,37700.0,0.00019999999494757503
train/lr,37750.0,0.00019999999494757503
train/lr,37800.0,0.00019999999494757503
train/lr,37850.0,0.00019999999494757503
train/lr,37900.0,0.00019999999494757503
train/lr,37950.0,0.00019999999494757503
train/lr,38000.0,0.00019999999494757503
train/lr,38050.0,0.00019999999494757503
train/lr,38100.0,0.00019999999494757503
train/lr,38150.0,0.00019999999494757503
train/lr,38200.0,0.00019999999494757503
train/lr,38250.0,0.00019999999494757503
train/lr,38300.0,0.00019999999494757503
train/lr,38350.0,0.00019999999494757503
train/lr,38400.0,0.00019999999494757503
train/lr,38450.0,0.00019999999494757503
train/lr,38500.0,0.00019999999494757503
train/lr,38550.0,0.00019999999494757503
train/lr,38600.0,0.00019999999494757503
train/lr,38650.0,0.00019999999494757503
train/lr,38700.0,0.00019999999494757503
train/lr,38750.0,0.00019999999494757503
train/lr,38800.0,0.00019999999494757503
train/lr,38850.0,0.00019999999494757503
train/lr,38900.0,0.00019999999494757503
train/lr,38950.0,0.00019999999494757503
train/lr,39000.0,0.00019999999494757503
train/lr,39050.0,0.00019999999494757503
train/lr,39100.0,0.00019999999494757503
train/lr,39150.0,0.00019999999494757503
train/lr,39200.0,0.00019999999494757503
train/lr,39250.0,0.00019999999494757503
train/lr,39300.0,0.00019999999494757503
train/lr,39350.0,0.00019999999494757503
train/lr,39400.0,0.00019999999494757503
train/lr,39450.0,0.00019999999494757503
train/lr,39500.0,0.00019999999494757503
train/lr,39550.0,0.00019999999494757503
train/lr,39600.0,0.00019999999494757503
train/lr,39650.0,0.00019999999494757503
train/lr,39700.0,0.00019999999494757503
train/lr,39750.0,0.00019999999494757503
train/lr,39800.0,0.00019999999494757503
train/lr,39850.0,0.00019999999494757503
train/lr,39900.0,0.00019999999494757503
train/lr,39950.0,0.00019999999494757503
train/lr,40000.0,0.00019999999494757503
train/lr,40050.0,0.00019999999494757503
train/lr,40100.0,0.00019999999494757503
train/lr,40150.0,0.00019999999494757503
train/lr,40200.0,0.00019999999494757503
train/lr,40250.0,0.00019999999494757503
train/lr,40300.0,0.00019999999494757503
train/lr,40350.0,0.00019999999494757503
train/lr,40400.0,0.00019999999494757503
train/lr,40450.0,0.00019999999494757503
train/lr,40500.0,0.00019999999494757503
train/lr,40550.0,0.00019999999494757503
train/lr,40600.0,0.00019999999494757503
train/lr,40650.0,0.00019999999494757503
train/lr,40700.0,0.00019999999494757503
train/lr,40750.0,0.00019999999494757503
train/lr,40800.0,0.00019999999494757503
train/lr,40850.0,0.00019999999494757503
train/lr,40900.0,0.00019999999494757503
train/lr,40950.0,0.00019999999494757503
train/lr,41000.0,0.00019999999494757503
train/lr,41050.0,0.00019999999494757503
train/lr,41100.0,0.00019999999494757503
train/lr,41150.0,0.00019999999494757503
train/lr,41200.0,0.00019999999494757503
train/lr,41250.0,0.00019999999494757503
train/lr,41300.0,0.00019999999494757503
train/lr,41350.0,0.00019999999494757503
train/lr,41400.0,0.00019999999494757503
train/lr,41450.0,0.00019999999494757503
train/lr,41500.0,0.00019999999494757503
train/lr,41550.0,0.00019999999494757503
train/lr,41600.0,0.00019999999494757503
train/lr,41650.0,0.00019999999494757503
train/lr,41700.0,0.00019999999494757503
train/lr,41750.0,0.00019999999494757503
train/lr,41800.0,0.00019999999494757503
train/lr,41850.0,0.00019999999494757503
train/lr,41900.0,0.00019999999494757503
train/lr,41950.0,0.00019999999494757503
train/lr,42000.0,0.00019999999494757503
train/lr,42050.0,0.00019999999494757503
train/lr,42100.0,0.00019999999494757503
train/lr,42150.0,0.00019999999494757503
train/lr,42200.0,0.00019999999494757503
train/lr,42250.0,0.00019999999494757503
train/lr,42300.0,0.00019999999494757503
train/lr,42350.0,0.00019999999494757503
train/lr,42400.0,0.00019999999494757503
train/lr,42450.0,0.00019999999494757503
train/lr,42500.0,0.00019999999494757503
train/lr,42550.0,0.00019999999494757503
train/lr,42600.0,0.00019999999494757503
train/lr,42650.0,0.00019999999494757503
train/lr,42700.0,0.00019999999494757503
train/lr,42750.0,0.00019999999494757503
train/lr,42800.0,0.00019999999494757503
train/lr,42850.0,0.00019999999494757503
train/lr,42900.0,0.00019999999494757503
train/lr,42950.0,0.00019999999494757503
train/lr,43000.0,0.00019999999494757503
train/lr,43050.0,0.00019999999494757503
train/lr,43100.0,0.00019999999494757503
train/lr,43150.0,0.00019999999494757503
train/lr,43200.0,0.00019999999494757503
train/lr,43250.0,0.00019999999494757503
train/lr,43300.0,0.00019999999494757503
train/lr,43350.0,0.00019999999494757503
train/lr,43400.0,0.00019999999494757503
train/lr,43450.0,0.00019999999494757503
train/lr,43500.0,0.00019999999494757503
train/lr,43550.0,0.00019999999494757503
train/lr,43600.0,0.00019999999494757503
train/lr,43650.0,0.00019999999494757503
train/lr,43700.0,0.00019999999494757503
train/lr,43750.0,0.00019999999494757503
train/lr,43800.0,0.00019999999494757503
train/lr,43850.0,0.00019999999494757503
train/lr,43900.0,0.00019999999494757503
train/lr,43950.0,0.00019999999494757503
train/lr,44000.0,0.00019999999494757503
train/lr,44050.0,0.00019999999494757503
train/lr,44100.0,0.00019999999494757503
train/lr,44150.0,0.00019999999494757503
train/lr,44200.0,0.00019999999494757503
train/lr,44250.0,0.00019999999494757503
train/lr,44300.0,0.00019999999494757503
train/lr,44350.0,0.00019999999494757503
train/lr,44400.0,0.00019999999494757503
train/lr,44450.0,0.00019999999494757503
train/lr,44500.0,0.00019999999494757503
train/lr,44550.0,0.00019999999494757503
train/lr,44600.0,0.00019999999494757503
train/lr,44650.0,0.00019999999494757503
train/lr,44700.0,0.00019999999494757503
train/lr,44750.0,0.00019999999494757503
train/lr,44800.0,0.00019999999494757503
train/lr,44850.0,0.00019999999494757503
train/lr,44900.0,0.00019999999494757503
train/lr,44950.0,0.00019999999494757503
train/lr,45000.0,0.00019999999494757503
train/lr,45050.0,0.00019999999494757503
train/lr,45100.0,0.00019999999494757503
train/lr,45150.0,0.00019999999494757503
train/lr,45200.0,0.00019999999494757503
train/lr,45250.0,0.00019999999494757503
train/lr,45300.0,0.00019999999494757503
train/lr,45350.0,0.00019999999494757503
train/lr,45400.0,0.00019999999494757503
train/lr,45450.0,0.00019999999494757503
train/lr,45500.0,0.00019999999494757503
train/lr,45550.0,0.00019999999494757503
train/lr,45600.0,0.00019999999494757503
train/lr,45650.0,0.00019999999494757503
train/lr,45700.0,0.00019999999494757503
train/lr,45750.0,0.00019999999494757503
train/lr,45800.0,0.00019999999494757503
train/lr,45850.0,0.00019999999494757503
train/lr,45900.0,0.00019999999494757503
train/lr,45950.0,0.00019999999494757503
train/lr,46000.0,0.00019999999494757503
train/lr,46050.0,0.00019999999494757503
train/lr,46100.0,0.00019999999494757503
train/lr,46150.0,0.00019999999494757503
train/lr,46200.0,0.00019999999494757503
train/lr,46250.0,0.00019999999494757503
train/lr,46300.0,0.00019999999494757503
train/lr,46350.0,0.00019999999494757503
train/lr,46400.0,0.00019999999494757503
train/lr,46450.0,0.00019999999494757503
train/lr,46500.0,0.00019999999494757503
train/lr,46550.0,0.00019999999494757503
train/lr,46600.0,0.00019999999494757503
train/lr,46650.0,0.00019999999494757503
train/lr,46700.0,0.00019999999494757503
train/lr,46750.0,0.00019999999494757503
train/lr,46800.0,0.00019999999494757503
train/lr,46850.0,0.00019999999494757503
train/lr,46900.0,0.00019999999494757503
train/lr,46950.0,0.00019999999494757503
train/lr,47000.0,0.00019999999494757503
train/lr,47050.0,0.00019999999494757503
train/lr,47100.0,0.00019999999494757503
train/lr,47150.0,0.00019999999494757503
train/lr,47200.0,0.00019999999494757503
train/lr,47250.0,0.00019999999494757503
train/lr,47300.0,0.00019999999494757503
train/lr,47350.0,0.00019999999494757503
train/lr,47400.0,0.00019999999494757503
train/lr,47450.0,0.00019999999494757503
train/lr,47500.0,0.00019999999494757503
train/lr,47550.0,0.00019999999494757503
train/lr,47600.0,0.00019999999494757503
train/lr,47650.0,0.00019999999494757503
train/lr,47700.0,0.00019999999494757503
train/lr,47750.0,0.00019999999494757503
train/lr,47800.0,0.00019999999494757503
train/lr,47850.0,0.00019999999494757503
train/lr,47900.0,0.00019999999494757503
train/lr,47950.0,0.00019999999494757503
train/lr,48000.0,0.00019999999494757503
train/lr,48050.0,0.00019999999494757503
train/lr,48100.0,0.00019999999494757503
train/lr,48150.0,0.00019999999494757503
train/lr,48200.0,0.00019999999494757503
train/lr,48250.0,0.00019999999494757503
train/lr,48300.0,0.00019999999494757503
train/lr,48350.0,0.00019999999494757503
train/lr,48400.0,0.00019999999494757503
train/lr,48450.0,0.00019999999494757503
train/lr,48500.0,0.00019999999494757503
train/lr,48550.0,0.00019999999494757503
train/lr,48600.0,0.00019999999494757503
train/lr,48650.0,0.00019999999494757503
train/lr,48700.0,0.00019999999494757503
train/lr,48750.0,0.00019999999494757503
train/lr,48800.0,0.00019999999494757503
train/lr,48850.0,0.00019999999494757503
train/lr,48900.0,0.00019999999494757503
train/lr,48950.0,0.00019999999494757503
train/lr,49000.0,0.00019999999494757503
train/lr,49050.0,0.00019999999494757503
train/lr,49100.0,0.00019999999494757503
train/lr,49150.0,0.00019999999494757503
train/lr,49200.0,0.00019999999494757503
train/lr,49250.0,0.00019999999494757503
train/lr,49300.0,0.00019999999494757503
train/lr,49350.0,0.00019999999494757503
train/lr,49400.0,0.00019999999494757503
train/lr,49450.0,0.00019999999494757503
train/lr,49500.0,0.00019999999494757503
train/lr,49550.0,0.00019999999494757503
train/lr,49600.0,0.00019999999494757503
train/lr,49650.0,0.00019999999494757503
train/lr,49700.0,0.00019999999494757503
train/lr,49750.0,0.00019999999494757503
train/lr,49800.0,0.00019999999494757503
train/lr,49850.0,0.00019999999494757503
train/lr,49900.0,0.00019999999494757503
train/lr,49950.0,0.00019999999494757503
train/lr,50000.0,0.00019999999494757503
train/lr,50050.0,0.00019999999494757503
train/lr,50100.0,0.00019999999494757503
train/lr,50150.0,0.00019999999494757503
train/lr,50200.0,0.00019999999494757503
train/lr,50250.0,0.00019999999494757503
train/lr,50300.0,0.00019999999494757503
train/lr,50350.0,0.00019999999494757503
train/lr,50400.0,0.00019999999494757503
train/lr,50450.0,0.00019999999494757503
train/lr,50500.0,0.00019999999494757503
train/lr,50550.0,0.00019999999494757503
train/lr,50600.0,0.00019999999494757503
train/lr,50650.0,0.00019999999494757503
train/lr,50700.0,0.00019999999494757503
train/lr,50750.0,0.00019999999494757503
train/lr,50800.0,0.00019999999494757503
train/lr,50850.0,0.00019999999494757503
train/lr,50900.0,0.00019999999494757503
train/lr,50950.0,0.00019999999494757503
train/lr,51000.0,0.00019999999494757503
train/lr,51050.0,0.00019999999494757503
train/lr,51100.0,0.00019999999494757503
train/lr,51150.0,0.00019999999494757503
train/lr,51200.0,0.00019999999494757503
train/lr,51250.0,0.00019999999494757503
train/lr,51300.0,0.00019999999494757503
train/lr,51350.0,0.00019999999494757503
train/lr,51400.0,0.00019999999494757503
train/lr,51450.0,0.00019999999494757503
train/lr,51500.0,0.00019999999494757503
train/lr,51550.0,0.00019999999494757503
train/lr,51600.0,0.00019999999494757503
train/lr,51650.0,0.00019999999494757503
train/lr,51700.0,0.00019999999494757503
train/lr,51750.0,0.00019999999494757503
train/lr,51800.0,0.00019999999494757503
train/lr,51850.0,0.00019999999494757503
train/lr,51900.0,0.00019999999494757503
val/samples,0.0,12402.0
val/samples,1.0,12402.0
val/samples,2.0,12402.0
val/samples,3.0,12402.0
val/samples,4.0,12402.0
