tag,step_or_epoch,value
train/adversarial_he,1.0,6.089109420776367
train/adversarial_he,50.0,1.0055246353149414
train/adversarial_he,100.0,0.846198320388794
train/adversarial_he,150.0,1.2522659301757812
train/adversarial_he,200.0,1.161974310874939
train/adversarial_he,250.0,2.1766357421875
train/adversarial_he,300.0,0.5006861686706543
train/adversarial_he,350.0,0.46414050459861755
train/adversarial_he,400.0,1.289186716079712
train/adversarial_he,450.0,0.5237447023391724
train/adversarial_he,500.0,0.22779858112335205
train/adversarial_he,550.0,0.32225850224494934
train/adversarial_he,600.0,0.8462616205215454
train/adversarial_he,650.0,0.6278862953186035
train/adversarial_he,700.0,0.24289967119693756
train/adversarial_he,750.0,1.1009050607681274
train/adversarial_he,800.0,0.9610137939453125
train/adversarial_he,850.0,0.5735145211219788
train/adversarial_he,900.0,0.45075345039367676
train/adversarial_he,950.0,0.2717190384864807
train/adversarial_he,1000.0,0.41380149126052856
train/adversarial_he,1050.0,0.4383336007595062
train/adversarial_he,1100.0,0.23732507228851318
train/adversarial_he,1150.0,0.8729170560836792
train/adversarial_he,1200.0,0.6443886756896973
train/adversarial_he,1250.0,0.7398876547813416
train/adversarial_he,1300.0,0.342768132686615
train/adversarial_he,1350.0,1.03177011013031
train/adversarial_he,1400.0,1.031061053276062
train/adversarial_he,1450.0,0.5665483474731445
train/adversarial_he,1500.0,0.433592289686203
train/adversarial_he,1550.0,1.2345221042633057
train/adversarial_he,1600.0,0.838943600654602
train/adversarial_he,1650.0,0.5464837551116943
train/adversarial_he,1700.0,0.16383445262908936
train/adversarial_he,1750.0,1.0126205682754517
train/adversarial_he,1800.0,0.9830988049507141
train/adversarial_he,1850.0,0.4920209050178528
train/adversarial_he,1900.0,0.49551424384117126
train/adversarial_he,1950.0,0.531524121761322
train/adversarial_he,2000.0,0.4236118197441101
train/adversarial_he,2050.0,0.4169306457042694
train/adversarial_he,2100.0,0.669903039932251
train/adversarial_he,2150.0,0.5676812529563904
train/adversarial_he,2200.0,1.04325270652771
train/adversarial_he,2250.0,0.23416142165660858
train/adversarial_he,2300.0,0.1490495502948761
train/adversarial_he,2350.0,0.8074069023132324
train/adversarial_he,2400.0,0.30870190262794495
train/adversarial_he,2450.0,0.37045326828956604
train/adversarial_he,2500.0,0.3929365873336792
train/adversarial_he,2550.0,0.45398738980293274
train/adversarial_he,2600.0,1.2683043479919434
train/adversarial_he,2650.0,0.27560853958129883
train/adversarial_he,2700.0,0.19323688745498657
train/adversarial_he,2750.0,0.1626579314470291
train/adversarial_he,2800.0,0.849196195602417
train/adversarial_he,2850.0,0.302990198135376
train/adversarial_he,2900.0,0.3069683015346527
train/adversarial_he,2950.0,0.7526798248291016
train/adversarial_he,3000.0,0.4259037971496582
train/adversarial_he,3050.0,0.8358392119407654
train/adversarial_he,3100.0,0.9302628636360168
train/adversarial_he,3150.0,1.1125987768173218
train/adversarial_he,3200.0,0.5704795122146606
train/adversarial_he,3250.0,1.1231391429901123
train/adversarial_he,3300.0,0.6121506094932556
train/adversarial_he,3350.0,0.6932451128959656
train/adversarial_he,3400.0,0.2525292932987213
train/adversarial_he,3450.0,1.144094467163086
train/adversarial_he,3500.0,0.6032925248146057
train/adversarial_he,3550.0,0.9023386240005493
train/adversarial_he,3600.0,0.4809235632419586
train/adversarial_he,3650.0,0.32063379883766174
train/adversarial_he,3700.0,0.7501680850982666
train/adversarial_he,3750.0,0.5653155446052551
train/adversarial_he,3800.0,0.23130041360855103
train/adversarial_he,3850.0,0.1874808371067047
train/adversarial_he,3900.0,0.7665790319442749
train/adversarial_he,3950.0,0.7081635594367981
train/adversarial_he,4000.0,0.7312461137771606
train/adversarial_he,4050.0,0.5187165141105652
train/adversarial_he,4100.0,0.7342135906219482
train/adversarial_he,4150.0,0.233488991856575
train/adversarial_he,4200.0,0.7983849048614502
train/adversarial_he,4250.0,0.7027508020401001
train/adversarial_he,4300.0,0.60670006275177
train/adversarial_he,4350.0,1.08186936378479
train/adversarial_he,4400.0,0.5000886917114258
train/adversarial_he,4450.0,1.1071163415908813
train/adversarial_he,4500.0,0.5842790603637695
train/adversarial_he,4550.0,0.6623508334159851
train/adversarial_he,4600.0,0.5499281883239746
train/adversarial_he,4650.0,0.24543936550617218
train/adversarial_he,4700.0,0.5886906385421753
train/adversarial_he,4750.0,0.3775426149368286
train/adversarial_he,4800.0,0.7390788793563843
train/adversarial_he,4850.0,1.1008782386779785
train/adversarial_he,4900.0,0.5245739817619324
train/adversarial_he,4950.0,0.8905482292175293
train/adversarial_he,5000.0,0.5121127367019653
train/adversarial_he,5050.0,0.7715319395065308
train/adversarial_he,5100.0,0.5316282510757446
train/adversarial_he,5150.0,0.3347697854042053
train/adversarial_he,5200.0,0.5060327649116516
train/adversarial_he,5250.0,0.287113219499588
train/adversarial_he,5300.0,0.6824746131896973
train/adversarial_he,5350.0,0.9890813827514648
train/adversarial_he,5400.0,0.7897147536277771
train/adversarial_he,5450.0,0.4083816707134247
train/adversarial_he,5500.0,0.6757377982139587
train/adversarial_he,5550.0,0.7312802076339722
train/adversarial_he,5600.0,0.23015323281288147
train/adversarial_he,5650.0,0.3891315460205078
train/adversarial_he,5700.0,0.5727041363716125
train/adversarial_he,5750.0,0.4659803509712219
train/adversarial_he,5800.0,0.4930071532726288
train/adversarial_he,5850.0,0.28549206256866455
train/adversarial_he,5900.0,0.6265144348144531
train/adversarial_he,5950.0,0.8513088226318359
train/adversarial_he,6000.0,0.3548824191093445
train/adversarial_he,6050.0,0.09833444654941559
train/adversarial_he,6100.0,0.5008008480072021
train/adversarial_he,6150.0,0.7309184074401855
train/adversarial_he,6200.0,0.2780477702617645
train/adversarial_he,6250.0,0.5441558957099915
train/adversarial_he,6300.0,0.7199252247810364
train/adversarial_he,6350.0,0.5801578760147095
train/adversarial_he,6400.0,0.8681192994117737
train/adversarial_he,6450.0,0.220780149102211
train/adversarial_he,6500.0,0.7623741626739502
train/adversarial_he,6550.0,0.44151246547698975
train/adversarial_he,6600.0,0.6947934031486511
train/adversarial_he,6650.0,0.5479294657707214
train/adversarial_he,6700.0,0.1294143795967102
train/adversarial_he,6750.0,0.12601207196712494
train/adversarial_he,6800.0,0.4179725646972656
train/adversarial_he,6850.0,0.2271670401096344
train/adversarial_he,6900.0,0.6457924842834473
train/adversarial_he,6950.0,0.9356155395507812
train/adversarial_he,7000.0,0.4522523581981659
train/adversarial_he,7050.0,0.3251956105232239
train/adversarial_he,7100.0,0.6121276617050171
train/adversarial_he,7150.0,0.4436388313770294
train/adversarial_he,7200.0,0.33680349588394165
train/adversarial_he,7250.0,0.48013973236083984
train/adversarial_he,7300.0,0.7330495119094849
train/adversarial_he,7350.0,0.7736628651618958
train/adversarial_he,7400.0,0.22466686367988586
train/adversarial_he,7450.0,0.4263673722743988
train/adversarial_he,7500.0,0.3460398018360138
train/adversarial_he,7550.0,0.38797131180763245
train/adversarial_he,7600.0,0.42531952261924744
train/adversarial_he,7650.0,0.4340083599090576
train/adversarial_he,7700.0,1.1960492134094238
train/adversarial_he,7750.0,0.9171861410140991
train/adversarial_he,7800.0,0.37200868129730225
train/adversarial_he,7850.0,0.6973022818565369
train/adversarial_he,7900.0,0.5149597525596619
train/adversarial_he,7950.0,0.6585734486579895
train/adversarial_he,8000.0,0.26021766662597656
train/adversarial_he,8050.0,0.6625217199325562
train/adversarial_he,8100.0,0.657486081123352
train/adversarial_he,8150.0,0.3847086727619171
train/adversarial_he,8200.0,0.444909930229187
train/adversarial_he,8250.0,0.498794823884964
train/adversarial_he,8300.0,0.1994314193725586
train/adversarial_he,8350.0,0.21760936081409454
train/adversarial_he,8400.0,0.35497191548347473
train/adversarial_he,8450.0,0.3961763083934784
train/adversarial_he,8500.0,1.3449368476867676
train/adversarial_he,8550.0,0.3026329576969147
train/adversarial_he,8600.0,0.5946733355522156
train/adversarial_he,8650.0,0.7318585515022278
train/adversarial_he,8700.0,0.7494913935661316
train/adversarial_he,8750.0,0.6415867209434509
train/adversarial_he,8800.0,1.0586836338043213
train/adversarial_he,8850.0,0.5128728747367859
train/adversarial_he,8900.0,0.530986487865448
train/adversarial_he,8950.0,1.1003642082214355
train/adversarial_he,9000.0,0.5626271963119507
train/adversarial_he,9050.0,0.35787370800971985
train/adversarial_he,9100.0,0.24182957410812378
train/adversarial_he,9150.0,0.4822949767112732
train/adversarial_he,9200.0,0.5069177150726318
train/adversarial_he,9250.0,0.6646738052368164
train/adversarial_he,9300.0,0.8099367022514343
train/adversarial_he,9350.0,0.39462196826934814
train/adversarial_he,9400.0,0.49793151021003723
train/adversarial_he,9450.0,0.873975932598114
train/adversarial_he,9500.0,0.719113826751709
train/adversarial_he,9550.0,1.014534592628479
train/adversarial_he,9600.0,0.7943320274353027
train/adversarial_he,9650.0,0.6810767650604248
train/adversarial_he,9700.0,0.5242792963981628
train/adversarial_he,9750.0,0.29507994651794434
train/adversarial_he,9800.0,0.8304795026779175
train/adversarial_he,9850.0,0.47524887323379517
train/adversarial_he,9900.0,0.3313877284526825
train/adversarial_he,9950.0,0.3841570317745209
train/adversarial_he,10000.0,0.997107982635498
train/adversarial_he,10050.0,0.5882467031478882
train/adversarial_he,10100.0,0.5442594885826111
train/adversarial_he,10150.0,0.6721303462982178
train/adversarial_he,10200.0,0.5542908906936646
train/adversarial_he,10250.0,0.42137831449508667
train/adversarial_he,10300.0,0.9585021734237671
train/adversarial_he,10350.0,1.1524500846862793
train/adversarial_he,10400.0,0.33098292350769043
train/adversarial_he,10450.0,0.6935800313949585
train/adversarial_he,10500.0,0.6295602321624756
train/adversarial_he,10550.0,0.7927852272987366
train/adversarial_he,10600.0,0.24995699524879456
train/adversarial_he,10650.0,0.360183447599411
train/adversarial_he,10700.0,0.8480034470558167
train/adversarial_he,10750.0,0.661331295967102
train/adversarial_he,10800.0,0.4213508367538452
train/adversarial_he,10850.0,0.7852174043655396
train/adversarial_he,10900.0,0.5786294341087341
train/adversarial_he,10950.0,0.5911988019943237
train/adversarial_he,11000.0,0.5195387005805969
train/adversarial_he,11050.0,1.083214282989502
train/adversarial_he,11100.0,0.8648116588592529
train/adversarial_he,11150.0,0.48458024859428406
train/adversarial_he,11200.0,0.9434917569160461
train/adversarial_he,11250.0,0.886205792427063
train/adversarial_he,11300.0,0.669222891330719
train/adversarial_he,11350.0,0.5552092790603638
train/adversarial_he,11400.0,0.43763411045074463
train/adversarial_he,11450.0,0.5301914811134338
train/adversarial_he,11500.0,1.1407127380371094
train/adversarial_he,11550.0,0.41829198598861694
train/adversarial_he,11600.0,0.5510759353637695
train/adversarial_he,11650.0,0.7131942510604858
train/adversarial_he,11700.0,0.7682284116744995
train/adversarial_he,11750.0,1.028372883796692
train/adversarial_he,11800.0,0.4391825795173645
train/adversarial_he,11850.0,0.759251058101654
train/adversarial_he,11900.0,0.8088690638542175
train/adversarial_he,11950.0,0.9116386771202087
train/adversarial_he,12000.0,0.8909264206886292
train/adversarial_he,12050.0,0.5683906078338623
train/adversarial_he,12100.0,0.5920971035957336
train/adversarial_he,12150.0,0.49310141801834106
train/adversarial_he,12200.0,0.5797186493873596
train/adversarial_he,12250.0,0.8212629556655884
train/adversarial_he,12300.0,1.085740566253662
train/adversarial_he,12350.0,0.6768150329589844
train/adversarial_he,12400.0,0.8290176391601562
train/adversarial_he,12450.0,0.7644510269165039
train/adversarial_he,12500.0,0.7654983401298523
train/adversarial_he,12550.0,0.7869062423706055
train/adversarial_he,12600.0,0.6193453669548035
train/adversarial_he,12650.0,0.8830208778381348
train/adversarial_he,12700.0,0.5682040452957153
train/adversarial_he,12750.0,0.6028698682785034
train/adversarial_he,12800.0,0.8390275239944458
train/adversarial_he,12850.0,0.967329204082489
train/adversarial_he,12900.0,0.8330951929092407
train/adversarial_he,12950.0,0.8011795878410339
train/adversarial_he,13000.0,1.0913690328598022
train/adversarial_he,13050.0,0.8315985798835754
train/adversarial_he,13100.0,1.0972797870635986
train/adversarial_he,13150.0,0.8028509616851807
train/adversarial_he,13200.0,0.9760072231292725
train/adversarial_he,13250.0,0.8128321766853333
train/adversarial_he,13300.0,0.950803279876709
train/adversarial_he,13350.0,0.9562778472900391
train/adversarial_he,13400.0,0.755988597869873
train/adversarial_he,13450.0,0.7849052548408508
train/adversarial_he,13500.0,1.0464625358581543
train/adversarial_he,13550.0,0.7876273989677429
train/adversarial_he,13600.0,1.050934076309204
train/adversarial_he,13650.0,0.7005414962768555
train/adversarial_he,13700.0,0.8389000296592712
train/adversarial_he,13750.0,0.8082367181777954
train/adversarial_he,13800.0,0.7619529366493225
train/adversarial_he,13850.0,0.9983692169189453
train/adversarial_he,13900.0,1.0447020530700684
train/adversarial_he,13950.0,0.8273388743400574
train/adversarial_he,14000.0,0.4567681849002838
train/adversarial_mif,1.0,0.0
train/adversarial_mif,50.0,0.0
train/adversarial_mif,100.0,0.0
train/adversarial_mif,150.0,0.0
train/adversarial_mif,200.0,0.0
train/adversarial_mif,250.0,0.0
train/adversarial_mif,300.0,0.0
train/adversarial_mif,350.0,0.0
train/adversarial_mif,400.0,0.0
train/adversarial_mif,450.0,0.0
train/adversarial_mif,500.0,0.0
train/adversarial_mif,550.0,0.0
train/adversarial_mif,600.0,0.0
train/adversarial_mif,650.0,0.0
train/adversarial_mif,700.0,0.0
train/adversarial_mif,750.0,0.0
train/adversarial_mif,800.0,0.0
train/adversarial_mif,850.0,0.0
train/adversarial_mif,900.0,0.0
train/adversarial_mif,950.0,0.0
train/adversarial_mif,1000.0,0.0
train/adversarial_mif,1050.0,0.0
train/adversarial_mif,1100.0,0.0
train/adversarial_mif,1150.0,0.0
train/adversarial_mif,1200.0,0.0
train/adversarial_mif,1250.0,0.0
train/adversarial_mif,1300.0,0.0
train/adversarial_mif,1350.0,0.0
train/adversarial_mif,1400.0,0.0
train/adversarial_mif,1450.0,0.0
train/adversarial_mif,1500.0,0.0
train/adversarial_mif,1550.0,0.0
train/adversarial_mif,1600.0,0.0
train/adversarial_mif,1650.0,0.0
train/adversarial_mif,1700.0,0.0
train/adversarial_mif,1750.0,0.0
train/adversarial_mif,1800.0,0.0
train/adversarial_mif,1850.0,0.0
train/adversarial_mif,1900.0,0.0
train/adversarial_mif,1950.0,0.0
train/adversarial_mif,2000.0,0.0
train/adversarial_mif,2050.0,0.0
train/adversarial_mif,2100.0,0.0
train/adversarial_mif,2150.0,0.0
train/adversarial_mif,2200.0,0.0
train/adversarial_mif,2250.0,0.0
train/adversarial_mif,2300.0,0.0
train/adversarial_mif,2350.0,0.0
train/adversarial_mif,2400.0,0.0
train/adversarial_mif,2450.0,0.0
train/adversarial_mif,2500.0,0.0
train/adversarial_mif,2550.0,0.0
train/adversarial_mif,2600.0,0.0
train/adversarial_mif,2650.0,0.0
train/adversarial_mif,2700.0,0.0
train/adversarial_mif,2750.0,0.0
train/adversarial_mif,2800.0,0.0
train/adversarial_mif,2850.0,0.0
train/adversarial_mif,2900.0,0.0
train/adversarial_mif,2950.0,0.0
train/adversarial_mif,3000.0,0.0
train/adversarial_mif,3050.0,0.0
train/adversarial_mif,3100.0,0.0
train/adversarial_mif,3150.0,0.0
train/adversarial_mif,3200.0,0.0
train/adversarial_mif,3250.0,0.0
train/adversarial_mif,3300.0,0.0
train/adversarial_mif,3350.0,0.0
train/adversarial_mif,3400.0,0.0
train/adversarial_mif,3450.0,0.0
train/adversarial_mif,3500.0,0.0
train/adversarial_mif,3550.0,0.0
train/adversarial_mif,3600.0,0.0
train/adversarial_mif,3650.0,0.0
train/adversarial_mif,3700.0,0.0
train/adversarial_mif,3750.0,0.0
train/adversarial_mif,3800.0,0.0
train/adversarial_mif,3850.0,0.0
train/adversarial_mif,3900.0,0.0
train/adversarial_mif,3950.0,0.0
train/adversarial_mif,4000.0,0.0
train/adversarial_mif,4050.0,0.0
train/adversarial_mif,4100.0,0.0
train/adversarial_mif,4150.0,0.0
train/adversarial_mif,4200.0,0.0
train/adversarial_mif,4250.0,0.0
train/adversarial_mif,4300.0,0.0
train/adversarial_mif,4350.0,0.0
train/adversarial_mif,4400.0,0.0
train/adversarial_mif,4450.0,0.0
train/adversarial_mif,4500.0,0.0
train/adversarial_mif,4550.0,0.0
train/adversarial_mif,4600.0,0.0
train/adversarial_mif,4650.0,0.0
train/adversarial_mif,4700.0,0.0
train/adversarial_mif,4750.0,0.0
train/adversarial_mif,4800.0,0.0
train/adversarial_mif,4850.0,0.0
train/adversarial_mif,4900.0,0.0
train/adversarial_mif,4950.0,0.0
train/adversarial_mif,5000.0,0.0
train/adversarial_mif,5050.0,0.0
train/adversarial_mif,5100.0,0.0
train/adversarial_mif,5150.0,0.0
train/adversarial_mif,5200.0,0.0
train/adversarial_mif,5250.0,0.0
train/adversarial_mif,5300.0,0.0
train/adversarial_mif,5350.0,0.0
train/adversarial_mif,5400.0,0.0
train/adversarial_mif,5450.0,0.0
train/adversarial_mif,5500.0,0.0
train/adversarial_mif,5550.0,0.0
train/adversarial_mif,5600.0,0.0
train/adversarial_mif,5650.0,0.0
train/adversarial_mif,5700.0,0.0
train/adversarial_mif,5750.0,0.0
train/adversarial_mif,5800.0,0.0
train/adversarial_mif,5850.0,0.0
train/adversarial_mif,5900.0,0.0
train/adversarial_mif,5950.0,0.0
train/adversarial_mif,6000.0,0.0
train/adversarial_mif,6050.0,0.0
train/adversarial_mif,6100.0,0.0
train/adversarial_mif,6150.0,0.0
train/adversarial_mif,6200.0,0.0
train/adversarial_mif,6250.0,0.0
train/adversarial_mif,6300.0,0.0
train/adversarial_mif,6350.0,0.0
train/adversarial_mif,6400.0,0.0
train/adversarial_mif,6450.0,0.0
train/adversarial_mif,6500.0,0.0
train/adversarial_mif,6550.0,0.0
train/adversarial_mif,6600.0,0.0
train/adversarial_mif,6650.0,0.0
train/adversarial_mif,6700.0,0.0
train/adversarial_mif,6750.0,0.0
train/adversarial_mif,6800.0,0.0
train/adversarial_mif,6850.0,0.0
train/adversarial_mif,6900.0,0.0
train/adversarial_mif,6950.0,0.0
train/adversarial_mif,7000.0,0.0
train/adversarial_mif,7050.0,0.0
train/adversarial_mif,7100.0,0.0
train/adversarial_mif,7150.0,0.0
train/adversarial_mif,7200.0,0.0
train/adversarial_mif,7250.0,0.0
train/adversarial_mif,7300.0,0.0
train/adversarial_mif,7350.0,0.0
train/adversarial_mif,7400.0,0.0
train/adversarial_mif,7450.0,0.0
train/adversarial_mif,7500.0,0.0
train/adversarial_mif,7550.0,0.0
train/adversarial_mif,7600.0,0.0
train/adversarial_mif,7650.0,0.0
train/adversarial_mif,7700.0,0.0
train/adversarial_mif,7750.0,0.0
train/adversarial_mif,7800.0,0.0
train/adversarial_mif,7850.0,0.0
train/adversarial_mif,7900.0,0.0
train/adversarial_mif,7950.0,0.0
train/adversarial_mif,8000.0,0.0
train/adversarial_mif,8050.0,0.0
train/adversarial_mif,8100.0,0.0
train/adversarial_mif,8150.0,0.0
train/adversarial_mif,8200.0,0.0
train/adversarial_mif,8250.0,0.0
train/adversarial_mif,8300.0,0.0
train/adversarial_mif,8350.0,0.0
train/adversarial_mif,8400.0,0.0
train/adversarial_mif,8450.0,0.0
train/adversarial_mif,8500.0,0.0
train/adversarial_mif,8550.0,0.0
train/adversarial_mif,8600.0,0.0
train/adversarial_mif,8650.0,0.0
train/adversarial_mif,8700.0,0.0
train/adversarial_mif,8750.0,0.0
train/adversarial_mif,8800.0,0.0
train/adversarial_mif,8850.0,0.0
train/adversarial_mif,8900.0,0.0
train/adversarial_mif,8950.0,0.0
train/adversarial_mif,9000.0,0.0
train/adversarial_mif,9050.0,0.0
train/adversarial_mif,9100.0,0.0
train/adversarial_mif,9150.0,0.0
train/adversarial_mif,9200.0,0.0
train/adversarial_mif,9250.0,0.0
train/adversarial_mif,9300.0,0.0
train/adversarial_mif,9350.0,0.0
train/adversarial_mif,9400.0,0.0
train/adversarial_mif,9450.0,0.0
train/adversarial_mif,9500.0,0.0
train/adversarial_mif,9550.0,0.0
train/adversarial_mif,9600.0,0.0
train/adversarial_mif,9650.0,0.0
train/adversarial_mif,9700.0,0.0
train/adversarial_mif,9750.0,0.0
train/adversarial_mif,9800.0,0.0
train/adversarial_mif,9850.0,0.0
train/adversarial_mif,9900.0,0.0
train/adversarial_mif,9950.0,0.0
train/adversarial_mif,10000.0,0.0
train/adversarial_mif,10050.0,0.0
train/adversarial_mif,10100.0,0.0
train/adversarial_mif,10150.0,0.0
train/adversarial_mif,10200.0,0.0
train/adversarial_mif,10250.0,0.0
train/adversarial_mif,10300.0,0.0
train/adversarial_mif,10350.0,0.0
train/adversarial_mif,10400.0,0.0
train/adversarial_mif,10450.0,0.0
train/adversarial_mif,10500.0,0.0
train/adversarial_mif,10550.0,0.0
train/adversarial_mif,10600.0,0.0
train/adversarial_mif,10650.0,0.0
train/adversarial_mif,10700.0,0.0
train/adversarial_mif,10750.0,0.0
train/adversarial_mif,10800.0,0.0
train/adversarial_mif,10850.0,0.0
train/adversarial_mif,10900.0,0.0
train/adversarial_mif,10950.0,0.0
train/adversarial_mif,11000.0,0.0
train/adversarial_mif,11050.0,0.0
train/adversarial_mif,11100.0,0.0
train/adversarial_mif,11150.0,0.0
train/adversarial_mif,11200.0,0.0
train/adversarial_mif,11250.0,0.0
train/adversarial_mif,11300.0,0.0
train/adversarial_mif,11350.0,0.0
train/adversarial_mif,11400.0,0.0
train/adversarial_mif,11450.0,0.0
train/adversarial_mif,11500.0,0.0
train/adversarial_mif,11550.0,0.0
train/adversarial_mif,11600.0,0.0
train/adversarial_mif,11650.0,0.0
train/adversarial_mif,11700.0,0.0
train/adversarial_mif,11750.0,0.0
train/adversarial_mif,11800.0,0.0
train/adversarial_mif,11850.0,0.0
train/adversarial_mif,11900.0,0.0
train/adversarial_mif,11950.0,0.0
train/adversarial_mif,12000.0,0.0
train/adversarial_mif,12050.0,0.0
train/adversarial_mif,12100.0,0.0
train/adversarial_mif,12150.0,0.0
train/adversarial_mif,12200.0,0.0
train/adversarial_mif,12250.0,0.0
train/adversarial_mif,12300.0,0.0
train/adversarial_mif,12350.0,0.0
train/adversarial_mif,12400.0,0.0
train/adversarial_mif,12450.0,0.0
train/adversarial_mif,12500.0,0.0
train/adversarial_mif,12550.0,0.0
train/adversarial_mif,12600.0,0.0
train/adversarial_mif,12650.0,0.0
train/adversarial_mif,12700.0,0.0
train/adversarial_mif,12750.0,0.0
train/adversarial_mif,12800.0,0.0
train/adversarial_mif,12850.0,0.0
train/adversarial_mif,12900.0,0.0
train/adversarial_mif,12950.0,0.0
train/adversarial_mif,13000.0,0.0
train/adversarial_mif,13050.0,0.0
train/adversarial_mif,13100.0,0.0
train/adversarial_mif,13150.0,0.0
train/adversarial_mif,13200.0,0.0
train/adversarial_mif,13250.0,0.0
train/adversarial_mif,13300.0,0.0
train/adversarial_mif,13350.0,0.0
train/adversarial_mif,13400.0,0.0
train/adversarial_mif,13450.0,0.0
train/adversarial_mif,13500.0,0.0
train/adversarial_mif,13550.0,0.0
train/adversarial_mif,13600.0,0.0
train/adversarial_mif,13650.0,0.0
train/adversarial_mif,13700.0,0.0
train/adversarial_mif,13750.0,0.0
train/adversarial_mif,13800.0,0.0
train/adversarial_mif,13850.0,0.0
train/adversarial_mif,13900.0,0.0
train/adversarial_mif,13950.0,0.0
train/adversarial_mif,14000.0,0.0
train/discriminator,1.0,4.431065082550049
train/discriminator,50.0,0.27589163184165955
train/discriminator,100.0,0.1719180941581726
train/discriminator,150.0,0.07669181376695633
train/discriminator,200.0,0.0782671794295311
train/discriminator,250.0,0.3200731873512268
train/discriminator,300.0,0.11320008337497711
train/discriminator,350.0,0.11825231462717056
train/discriminator,400.0,0.19730651378631592
train/discriminator,450.0,0.1446342021226883
train/discriminator,500.0,0.22960597276687622
train/discriminator,550.0,0.18541371822357178
train/discriminator,600.0,0.12836679816246033
train/discriminator,650.0,0.10686306655406952
train/discriminator,700.0,0.19647878408432007
train/discriminator,750.0,0.23227310180664062
train/discriminator,800.0,0.10067176818847656
train/discriminator,850.0,0.1277281492948532
train/discriminator,900.0,0.11436299979686737
train/discriminator,950.0,0.17158420383930206
train/discriminator,1000.0,0.13432954251766205
train/discriminator,1050.0,0.18434011936187744
train/discriminator,1100.0,0.21412430703639984
train/discriminator,1150.0,0.10978155583143234
train/discriminator,1200.0,0.07852860540151596
train/discriminator,1250.0,0.13753604888916016
train/discriminator,1300.0,0.18899784982204437
train/discriminator,1350.0,0.12788239121437073
train/discriminator,1400.0,0.17943760752677917
train/discriminator,1450.0,0.10710012912750244
train/discriminator,1500.0,0.15461140871047974
train/discriminator,1550.0,0.29451990127563477
train/discriminator,1600.0,0.11128471791744232
train/discriminator,1650.0,0.09692324697971344
train/discriminator,1700.0,0.23849797248840332
train/discriminator,1750.0,0.10726863890886307
train/discriminator,1800.0,0.1914091408252716
train/discriminator,1850.0,0.1304994523525238
train/discriminator,1900.0,0.1353667974472046
train/discriminator,1950.0,0.17234960198402405
train/discriminator,2000.0,0.11594917625188828
train/discriminator,2050.0,0.11565150320529938
train/discriminator,2100.0,0.13505204021930695
train/discriminator,2150.0,0.11208508908748627
train/discriminator,2200.0,0.23756486177444458
train/discriminator,2250.0,0.20306400954723358
train/discriminator,2300.0,0.2557516098022461
train/discriminator,2350.0,0.08446965366601944
train/discriminator,2400.0,0.1797480583190918
train/discriminator,2450.0,0.1631554812192917
train/discriminator,2500.0,0.27036309242248535
train/discriminator,2550.0,0.16669118404388428
train/discriminator,2600.0,0.1576361358165741
train/discriminator,2650.0,0.17098146677017212
train/discriminator,2700.0,0.24264560639858246
train/discriminator,2750.0,0.2849470376968384
train/discriminator,2800.0,0.16091418266296387
train/discriminator,2850.0,0.1491624116897583
train/discriminator,2900.0,0.16843686997890472
train/discriminator,2950.0,0.11267615109682083
train/discriminator,3000.0,0.1265493929386139
train/discriminator,3050.0,0.185598224401474
train/discriminator,3100.0,0.10936649888753891
train/discriminator,3150.0,0.19857388734817505
train/discriminator,3200.0,0.11470507085323334
train/discriminator,3250.0,0.1976708173751831
train/discriminator,3300.0,0.09013429284095764
train/discriminator,3350.0,0.1346328854560852
train/discriminator,3400.0,0.184609055519104
train/discriminator,3450.0,0.09447306394577026
train/discriminator,3500.0,0.13718850910663605
train/discriminator,3550.0,0.22558964788913727
train/discriminator,3600.0,0.15354767441749573
train/discriminator,3650.0,0.2083885371685028
train/discriminator,3700.0,0.10328175127506256
train/discriminator,3750.0,0.1271800696849823
train/discriminator,3800.0,0.2420610636472702
train/discriminator,3850.0,0.25291264057159424
train/discriminator,3900.0,0.10852667689323425
train/discriminator,3950.0,0.09182198345661163
train/discriminator,4000.0,0.08094006776809692
train/discriminator,4050.0,0.13434211909770966
train/discriminator,4100.0,0.1310778558254242
train/discriminator,4150.0,0.2523443102836609
train/discriminator,4200.0,0.16515469551086426
train/discriminator,4250.0,0.10331394523382187
train/discriminator,4300.0,0.10319750756025314
train/discriminator,4350.0,0.12134190648794174
train/discriminator,4400.0,0.1228712871670723
train/discriminator,4450.0,0.1634616255760193
train/discriminator,4500.0,0.09570762515068054
train/discriminator,4550.0,0.13370193541049957
train/discriminator,4600.0,0.10612280666828156
train/discriminator,4650.0,0.19921480119228363
train/discriminator,4700.0,0.18183575570583344
train/discriminator,4750.0,0.4024028182029724
train/discriminator,4800.0,0.16603930294513702
train/discriminator,4850.0,0.15317460894584656
train/discriminator,4900.0,0.16610084474086761
train/discriminator,4950.0,0.1767810434103012
train/discriminator,5000.0,0.12789887189865112
train/discriminator,5050.0,0.12131531536579132
train/discriminator,5100.0,0.12399700284004211
train/discriminator,5150.0,0.13967910408973694
train/discriminator,5200.0,0.1219855323433876
train/discriminator,5250.0,0.18384689092636108
train/discriminator,5300.0,0.09682920575141907
train/discriminator,5350.0,0.13363677263259888
train/discriminator,5400.0,0.13681909441947937
train/discriminator,5450.0,0.1897137463092804
train/discriminator,5500.0,0.1253339797258377
train/discriminator,5550.0,0.09569443017244339
train/discriminator,5600.0,0.18922023475170135
train/discriminator,5650.0,0.13303430378437042
train/discriminator,5700.0,0.11058910936117172
train/discriminator,5750.0,0.12183989584445953
train/discriminator,5800.0,0.12657113373279572
train/discriminator,5850.0,0.1573803871870041
train/discriminator,5900.0,0.13748562335968018
train/discriminator,5950.0,0.1207260936498642
train/discriminator,6000.0,0.13531014323234558
train/discriminator,6050.0,0.31344711780548096
train/discriminator,6100.0,0.11683658510446548
train/discriminator,6150.0,0.1358056515455246
train/discriminator,6200.0,0.1883302927017212
train/discriminator,6250.0,0.11298759281635284
train/discriminator,6300.0,0.10806794464588165
train/discriminator,6350.0,0.12540757656097412
train/discriminator,6400.0,0.2119961678981781
train/discriminator,6450.0,0.19029299914836884
train/discriminator,6500.0,0.16849929094314575
train/discriminator,6550.0,0.1417580544948578
train/discriminator,6600.0,0.11231689155101776
train/discriminator,6650.0,0.15807998180389404
train/discriminator,6700.0,0.2582574486732483
train/discriminator,6750.0,0.27011966705322266
train/discriminator,6800.0,0.1242351233959198
train/discriminator,6850.0,0.20822446048259735
train/discriminator,6900.0,0.12169179320335388
train/discriminator,6950.0,0.1532745361328125
train/discriminator,7000.0,0.12394008040428162
train/discriminator,7050.0,0.171089306473732
train/discriminator,7100.0,0.1330222338438034
train/discriminator,7150.0,0.12681816518306732
train/discriminator,7200.0,0.14956164360046387
train/discriminator,7250.0,0.1353914588689804
train/discriminator,7300.0,0.12293802946805954
train/discriminator,7350.0,0.1313171088695526
train/discriminator,7400.0,0.19385017454624176
train/discriminator,7450.0,0.12099558115005493
train/discriminator,7500.0,0.16861101984977722
train/discriminator,7550.0,0.12691909074783325
train/discriminator,7600.0,0.15214528143405914
train/discriminator,7650.0,0.1405925303697586
train/discriminator,7700.0,0.24222494661808014
train/discriminator,7750.0,0.15154866874217987
train/discriminator,7800.0,0.13854649662971497
train/discriminator,7850.0,0.13680776953697205
train/discriminator,7900.0,0.12376101315021515
train/discriminator,7950.0,0.14333638548851013
train/discriminator,8000.0,0.21382984519004822
train/discriminator,8050.0,0.14957323670387268
train/discriminator,8100.0,0.13033227622509003
train/discriminator,8150.0,0.13956621289253235
train/discriminator,8200.0,0.12505623698234558
train/discriminator,8250.0,0.11862710118293762
train/discriminator,8300.0,0.21227829158306122
train/discriminator,8350.0,0.2033170610666275
train/discriminator,8400.0,0.1463494896888733
train/discriminator,8450.0,0.12710189819335938
train/discriminator,8500.0,0.2514787018299103
train/discriminator,8550.0,0.1949479579925537
train/discriminator,8600.0,0.10621537268161774
train/discriminator,8650.0,0.11491726338863373
train/discriminator,8700.0,0.11761864274740219
train/discriminator,8750.0,0.08311498165130615
train/discriminator,8800.0,0.13978496193885803
train/discriminator,8850.0,0.16509677469730377
train/discriminator,8900.0,0.11863838881254196
train/discriminator,8950.0,0.19020360708236694
train/discriminator,9000.0,0.10527253150939941
train/discriminator,9050.0,0.1516813337802887
train/discriminator,9100.0,0.18250051140785217
train/discriminator,9150.0,0.11877363920211792
train/discriminator,9200.0,0.11413861811161041
train/discriminator,9250.0,0.10139346122741699
train/discriminator,9300.0,0.14499437808990479
train/discriminator,9350.0,0.14809037744998932
train/discriminator,9400.0,0.12056291103363037
train/discriminator,9450.0,0.10346571356058121
train/discriminator,9500.0,0.12612374126911163
train/discriminator,9550.0,0.15909132361412048
train/discriminator,9600.0,0.0919576957821846
train/discriminator,9650.0,0.06968038529157639
train/discriminator,9700.0,0.1152091771364212
train/discriminator,9750.0,0.23507176339626312
train/discriminator,9800.0,0.10714097321033478
train/discriminator,9850.0,0.13033923506736755
train/discriminator,9900.0,0.1625344157218933
train/discriminator,9950.0,0.1329505443572998
train/discriminator,10000.0,0.10322760790586472
train/discriminator,10050.0,0.08010952174663544
train/discriminator,10100.0,0.09287936985492706
train/discriminator,10150.0,0.08091659098863602
train/discriminator,10200.0,0.09086054563522339
train/discriminator,10250.0,0.11653751879930496
train/discriminator,10300.0,0.11453971266746521
train/discriminator,10350.0,0.1938684731721878
train/discriminator,10400.0,0.14748616516590118
train/discriminator,10450.0,0.0632481575012207
train/discriminator,10500.0,0.11000125110149384
train/discriminator,10550.0,0.13341183960437775
train/discriminator,10600.0,0.19782844185829163
train/discriminator,10650.0,0.12448374181985855
train/discriminator,10700.0,0.08110509812831879
train/discriminator,10750.0,0.10652568191289902
train/discriminator,10800.0,0.1346580684185028
train/discriminator,10850.0,0.06398320943117142
train/discriminator,10900.0,0.09734608978033066
train/discriminator,10950.0,0.09195323288440704
train/discriminator,11000.0,0.1057756319642067
train/discriminator,11050.0,0.16814491152763367
train/discriminator,11100.0,0.0987834632396698
train/discriminator,11150.0,0.10593438893556595
train/discriminator,11200.0,0.13926057517528534
train/discriminator,11250.0,0.10305328667163849
train/discriminator,11300.0,0.0836191326379776
train/discriminator,11350.0,0.0841110423207283
train/discriminator,11400.0,0.10596191883087158
train/discriminator,11450.0,0.11183230578899384
train/discriminator,11500.0,0.1247917041182518
train/discriminator,11550.0,0.12649653851985931
train/discriminator,11600.0,0.12390918284654617
train/discriminator,11650.0,0.09087611734867096
train/discriminator,11700.0,0.1301061064004898
train/discriminator,11750.0,0.18131980299949646
train/discriminator,11800.0,0.14979538321495056
train/discriminator,11850.0,0.08376015722751617
train/discriminator,11900.0,0.10448548197746277
train/discriminator,11950.0,0.07186271995306015
train/discriminator,12000.0,0.06020426005125046
train/discriminator,12050.0,0.11111287027597427
train/discriminator,12100.0,0.09270010888576508
train/discriminator,12150.0,0.09144479781389236
train/discriminator,12200.0,0.09293368458747864
train/discriminator,12250.0,0.057948172092437744
train/discriminator,12300.0,0.12457583844661713
train/discriminator,12350.0,0.07175760716199875
train/discriminator,12400.0,0.07113514840602875
train/discriminator,12450.0,0.07322131842374802
train/discriminator,12500.0,0.06027473509311676
train/discriminator,12550.0,0.06887282431125641
train/discriminator,12600.0,0.0707414522767067
train/discriminator,12650.0,0.07868393510580063
train/discriminator,12700.0,0.08897952735424042
train/discriminator,12750.0,0.06465253233909607
train/discriminator,12800.0,0.07427163422107697
train/discriminator,12850.0,0.051195576786994934
train/discriminator,12900.0,0.057294853031635284
train/discriminator,12950.0,0.05066689848899841
train/discriminator,13000.0,0.056907981634140015
train/discriminator,13050.0,0.06716034561395645
train/discriminator,13100.0,0.055248744785785675
train/discriminator,13150.0,0.046406954526901245
train/discriminator,13200.0,0.048650167882442474
train/discriminator,13250.0,0.03867432475090027
train/discriminator,13300.0,0.043043721467256546
train/discriminator,13350.0,0.035234007984399796
train/discriminator,13400.0,0.06721168011426926
train/discriminator,13450.0,0.04766324535012245
train/discriminator,13500.0,0.04091067612171173
train/discriminator,13550.0,0.054429274052381516
train/discriminator,13600.0,0.04638222977519035
train/discriminator,13650.0,0.041656311601400375
train/discriminator,13700.0,0.032737139612436295
train/discriminator,13750.0,0.04141492396593094
train/discriminator,13800.0,0.034016311168670654
train/discriminator,13850.0,0.028163859620690346
train/discriminator,13900.0,0.0425204336643219
train/discriminator,13950.0,0.0483088456094265
train/discriminator,14000.0,0.09109766781330109
train/discriminator_grad_norm,1.0,96.98075103759766
train/discriminator_grad_norm,50.0,6.426624774932861
train/discriminator_grad_norm,100.0,7.548232078552246
train/discriminator_grad_norm,150.0,6.591136932373047
train/discriminator_grad_norm,200.0,6.747451305389404
train/discriminator_grad_norm,250.0,24.899362564086914
train/discriminator_grad_norm,300.0,9.16143798828125
train/discriminator_grad_norm,350.0,8.11855697631836
train/discriminator_grad_norm,400.0,13.03056526184082
train/discriminator_grad_norm,450.0,11.58403205871582
train/discriminator_grad_norm,500.0,12.811944007873535
train/discriminator_grad_norm,550.0,14.216879844665527
train/discriminator_grad_norm,600.0,16.150991439819336
train/discriminator_grad_norm,650.0,6.371240615844727
train/discriminator_grad_norm,700.0,15.222721099853516
train/discriminator_grad_norm,750.0,23.337108612060547
train/discriminator_grad_norm,800.0,9.177465438842773
train/discriminator_grad_norm,850.0,16.103410720825195
train/discriminator_grad_norm,900.0,5.5144524574279785
train/discriminator_grad_norm,950.0,11.004554748535156
train/discriminator_grad_norm,1000.0,11.404044151306152
train/discriminator_grad_norm,1050.0,8.310519218444824
train/discriminator_grad_norm,1100.0,17.467714309692383
train/discriminator_grad_norm,1150.0,7.0510430335998535
train/discriminator_grad_norm,1200.0,3.4543259143829346
train/discriminator_grad_norm,1250.0,5.626796245574951
train/discriminator_grad_norm,1300.0,8.319883346557617
train/discriminator_grad_norm,1350.0,9.442961692810059
train/discriminator_grad_norm,1400.0,19.120044708251953
train/discriminator_grad_norm,1450.0,4.601397514343262
train/discriminator_grad_norm,1500.0,7.161618709564209
train/discriminator_grad_norm,1550.0,17.16380500793457
train/discriminator_grad_norm,1600.0,5.734112739562988
train/discriminator_grad_norm,1650.0,4.994552135467529
train/discriminator_grad_norm,1700.0,18.12527084350586
train/discriminator_grad_norm,1750.0,9.242759704589844
train/discriminator_grad_norm,1800.0,16.945499420166016
train/discriminator_grad_norm,1850.0,7.2013163566589355
train/discriminator_grad_norm,1900.0,3.6326191425323486
train/discriminator_grad_norm,1950.0,9.451828002929688
train/discriminator_grad_norm,2000.0,5.109807968139648
train/discriminator_grad_norm,2050.0,9.798636436462402
train/discriminator_grad_norm,2100.0,5.468844890594482
train/discriminator_grad_norm,2150.0,4.711757183074951
train/discriminator_grad_norm,2200.0,13.437392234802246
train/discriminator_grad_norm,2250.0,11.86359691619873
train/discriminator_grad_norm,2300.0,14.594182014465332
train/discriminator_grad_norm,2350.0,3.597477912902832
train/discriminator_grad_norm,2400.0,7.39116907119751
train/discriminator_grad_norm,2450.0,13.806879043579102
train/discriminator_grad_norm,2500.0,12.325057983398438
train/discriminator_grad_norm,2550.0,9.436844825744629
train/discriminator_grad_norm,2600.0,12.560152053833008
train/discriminator_grad_norm,2650.0,11.326766967773438
train/discriminator_grad_norm,2700.0,14.144762992858887
train/discriminator_grad_norm,2750.0,16.897663116455078
train/discriminator_grad_norm,2800.0,7.71187162399292
train/discriminator_grad_norm,2850.0,12.808328628540039
train/discriminator_grad_norm,2900.0,12.060354232788086
train/discriminator_grad_norm,2950.0,4.739201545715332
train/discriminator_grad_norm,3000.0,7.958795070648193
train/discriminator_grad_norm,3050.0,7.957196235656738
train/discriminator_grad_norm,3100.0,7.502082824707031
train/discriminator_grad_norm,3150.0,13.254188537597656
train/discriminator_grad_norm,3200.0,7.166621685028076
train/discriminator_grad_norm,3250.0,15.643840789794922
train/discriminator_grad_norm,3300.0,2.894376754760742
train/discriminator_grad_norm,3350.0,5.272619247436523
train/discriminator_grad_norm,3400.0,10.276458740234375
train/discriminator_grad_norm,3450.0,8.641212463378906
train/discriminator_grad_norm,3500.0,6.041812419891357
train/discriminator_grad_norm,3550.0,10.71135139465332
train/discriminator_grad_norm,3600.0,6.437206745147705
train/discriminator_grad_norm,3650.0,10.15815258026123
train/discriminator_grad_norm,3700.0,4.755159854888916
train/discriminator_grad_norm,3750.0,4.269014835357666
train/discriminator_grad_norm,3800.0,9.23422622680664
train/discriminator_grad_norm,3850.0,15.637235641479492
train/discriminator_grad_norm,3900.0,4.128026008605957
train/discriminator_grad_norm,3950.0,1.9586995840072632
train/discriminator_grad_norm,4000.0,2.2898366451263428
train/discriminator_grad_norm,4050.0,6.529961585998535
train/discriminator_grad_norm,4100.0,9.457115173339844
train/discriminator_grad_norm,4150.0,12.227827072143555
train/discriminator_grad_norm,4200.0,8.224555015563965
train/discriminator_grad_norm,4250.0,3.7522552013397217
train/discriminator_grad_norm,4300.0,3.057427406311035
train/discriminator_grad_norm,4350.0,9.34386920928955
train/discriminator_grad_norm,4400.0,4.027614116668701
train/discriminator_grad_norm,4450.0,10.691611289978027
train/discriminator_grad_norm,4500.0,3.578939437866211
train/discriminator_grad_norm,4550.0,5.122128486633301
train/discriminator_grad_norm,4600.0,2.8368003368377686
train/discriminator_grad_norm,4650.0,13.139420509338379
train/discriminator_grad_norm,4700.0,8.508479118347168
train/discriminator_grad_norm,4750.0,17.86259651184082
train/discriminator_grad_norm,4800.0,8.734384536743164
train/discriminator_grad_norm,4850.0,14.439085960388184
train/discriminator_grad_norm,4900.0,7.336345195770264
train/discriminator_grad_norm,4950.0,9.797049522399902
train/discriminator_grad_norm,5000.0,6.872814178466797
train/discriminator_grad_norm,5050.0,5.135173320770264
train/discriminator_grad_norm,5100.0,4.59665584564209
train/discriminator_grad_norm,5150.0,10.809549331665039
train/discriminator_grad_norm,5200.0,3.8339145183563232
train/discriminator_grad_norm,5250.0,9.459622383117676
train/discriminator_grad_norm,5300.0,5.1895365715026855
train/discriminator_grad_norm,5350.0,8.478339195251465
train/discriminator_grad_norm,5400.0,8.024073600769043
train/discriminator_grad_norm,5450.0,7.814651966094971
train/discriminator_grad_norm,5500.0,7.805351257324219
train/discriminator_grad_norm,5550.0,2.8904812335968018
train/discriminator_grad_norm,5600.0,11.170425415039062
train/discriminator_grad_norm,5650.0,4.984760284423828
train/discriminator_grad_norm,5700.0,2.1635046005249023
train/discriminator_grad_norm,5750.0,7.200872421264648
train/discriminator_grad_norm,5800.0,2.926459789276123
train/discriminator_grad_norm,5850.0,7.659470081329346
train/discriminator_grad_norm,5900.0,4.520139694213867
train/discriminator_grad_norm,5950.0,6.314253330230713
train/discriminator_grad_norm,6000.0,5.978727340698242
train/discriminator_grad_norm,6050.0,18.50006103515625
train/discriminator_grad_norm,6100.0,2.370083808898926
train/discriminator_grad_norm,6150.0,5.231053829193115
train/discriminator_grad_norm,6200.0,9.801133155822754
train/discriminator_grad_norm,6250.0,2.417996883392334
train/discriminator_grad_norm,6300.0,2.78304386138916
train/discriminator_grad_norm,6350.0,3.998255729675293
train/discriminator_grad_norm,6400.0,16.188650131225586
train/discriminator_grad_norm,6450.0,11.251087188720703
train/discriminator_grad_norm,6500.0,9.7299222946167
train/discriminator_grad_norm,6550.0,5.057604789733887
train/discriminator_grad_norm,6600.0,4.534078598022461
train/discriminator_grad_norm,6650.0,5.329558849334717
train/discriminator_grad_norm,6700.0,13.13400936126709
train/discriminator_grad_norm,6750.0,13.63967514038086
train/discriminator_grad_norm,6800.0,6.257106304168701
train/discriminator_grad_norm,6850.0,11.294118881225586
train/discriminator_grad_norm,6900.0,3.9695398807525635
train/discriminator_grad_norm,6950.0,8.717350959777832
train/discriminator_grad_norm,7000.0,4.657526969909668
train/discriminator_grad_norm,7050.0,8.486943244934082
train/discriminator_grad_norm,7100.0,6.109769344329834
train/discriminator_grad_norm,7150.0,3.163076400756836
train/discriminator_grad_norm,7200.0,5.930334091186523
train/discriminator_grad_norm,7250.0,5.5446367263793945
train/discriminator_grad_norm,7300.0,4.570267200469971
train/discriminator_grad_norm,7350.0,6.1238694190979
train/discriminator_grad_norm,7400.0,10.494138717651367
train/discriminator_grad_norm,7450.0,4.167600631713867
train/discriminator_grad_norm,7500.0,5.121339797973633
train/discriminator_grad_norm,7550.0,5.813968181610107
train/discriminator_grad_norm,7600.0,5.295069217681885
train/discriminator_grad_norm,7650.0,7.963884353637695
train/discriminator_grad_norm,7700.0,13.198846817016602
train/discriminator_grad_norm,7750.0,7.3914995193481445
train/discriminator_grad_norm,7800.0,5.808974742889404
train/discriminator_grad_norm,7850.0,7.319758415222168
train/discriminator_grad_norm,7900.0,6.600391864776611
train/discriminator_grad_norm,7950.0,4.155043601989746
train/discriminator_grad_norm,8000.0,10.179423332214355
train/discriminator_grad_norm,8050.0,5.438397407531738
train/discriminator_grad_norm,8100.0,4.045591831207275
train/discriminator_grad_norm,8150.0,6.1576762199401855
train/discriminator_grad_norm,8200.0,4.4970550537109375
train/discriminator_grad_norm,8250.0,3.37337589263916
train/discriminator_grad_norm,8300.0,14.494717597961426
train/discriminator_grad_norm,8350.0,14.403372764587402
train/discriminator_grad_norm,8400.0,5.9445648193359375
train/discriminator_grad_norm,8450.0,8.135207176208496
train/discriminator_grad_norm,8500.0,16.47996711730957
train/discriminator_grad_norm,8550.0,7.5050787925720215
train/discriminator_grad_norm,8600.0,3.8027567863464355
train/discriminator_grad_norm,8650.0,4.555551052093506
train/discriminator_grad_norm,8700.0,4.825833797454834
train/discriminator_grad_norm,8750.0,2.050812005996704
train/discriminator_grad_norm,8800.0,8.108016967773438
train/discriminator_grad_norm,8850.0,3.9276018142700195
train/discriminator_grad_norm,8900.0,5.677252292633057
train/discriminator_grad_norm,8950.0,9.148066520690918
train/discriminator_grad_norm,9000.0,2.778461456298828
train/discriminator_grad_norm,9050.0,9.722973823547363
train/discriminator_grad_norm,9100.0,19.10991859436035
train/discriminator_grad_norm,9150.0,5.460113048553467
train/discriminator_grad_norm,9200.0,4.624643325805664
train/discriminator_grad_norm,9250.0,2.956324338912964
train/discriminator_grad_norm,9300.0,5.573768138885498
train/discriminator_grad_norm,9350.0,9.083296775817871
train/discriminator_grad_norm,9400.0,4.742016792297363
train/discriminator_grad_norm,9450.0,5.414028644561768
train/discriminator_grad_norm,9500.0,5.218768119812012
train/discriminator_grad_norm,9550.0,10.054269790649414
train/discriminator_grad_norm,9600.0,4.170094966888428
train/discriminator_grad_norm,9650.0,3.6026196479797363
train/discriminator_grad_norm,9700.0,6.007652759552002
train/discriminator_grad_norm,9750.0,13.153443336486816
train/discriminator_grad_norm,9800.0,5.1393914222717285
train/discriminator_grad_norm,9850.0,5.938797473907471
train/discriminator_grad_norm,9900.0,8.361398696899414
train/discriminator_grad_norm,9950.0,7.506270408630371
train/discriminator_grad_norm,10000.0,5.874544620513916
train/discriminator_grad_norm,10050.0,7.41957950592041
train/discriminator_grad_norm,10100.0,4.405820846557617
train/discriminator_grad_norm,10150.0,3.0157973766326904
train/discriminator_grad_norm,10200.0,4.008732795715332
train/discriminator_grad_norm,10250.0,6.801188945770264
train/discriminator_grad_norm,10300.0,6.4001593589782715
train/discriminator_grad_norm,10350.0,12.53270149230957
train/discriminator_grad_norm,10400.0,8.518034934997559
train/discriminator_grad_norm,10450.0,3.49629282951355
train/discriminator_grad_norm,10500.0,3.9928994178771973
train/discriminator_grad_norm,10550.0,5.281787872314453
train/discriminator_grad_norm,10600.0,15.205754280090332
train/discriminator_grad_norm,10650.0,10.364936828613281
train/discriminator_grad_norm,10700.0,4.188202857971191
train/discriminator_grad_norm,10750.0,3.65004563331604
train/discriminator_grad_norm,10800.0,8.94514274597168
train/discriminator_grad_norm,10850.0,2.5997390747070312
train/discriminator_grad_norm,10900.0,4.18073034286499
train/discriminator_grad_norm,10950.0,3.5588266849517822
train/discriminator_grad_norm,11000.0,7.630762577056885
train/discriminator_grad_norm,11050.0,12.930875778198242
train/discriminator_grad_norm,11100.0,4.994279384613037
train/discriminator_grad_norm,11150.0,4.6553497314453125
train/discriminator_grad_norm,11200.0,7.505638599395752
train/discriminator_grad_norm,11250.0,4.825052261352539
train/discriminator_grad_norm,11300.0,3.2834019660949707
train/discriminator_grad_norm,11350.0,4.231490612030029
train/discriminator_grad_norm,11400.0,12.846123695373535
train/discriminator_grad_norm,11450.0,4.648067951202393
train/discriminator_grad_norm,11500.0,8.600553512573242
train/discriminator_grad_norm,11550.0,7.323513984680176
train/discriminator_grad_norm,11600.0,6.930562973022461
train/discriminator_grad_norm,11650.0,2.465373992919922
train/discriminator_grad_norm,11700.0,9.049698829650879
train/discriminator_grad_norm,11750.0,14.168715476989746
train/discriminator_grad_norm,11800.0,12.199088096618652
train/discriminator_grad_norm,11850.0,3.9706521034240723
train/discriminator_grad_norm,11900.0,4.001023292541504
train/discriminator_grad_norm,11950.0,5.018955230712891
train/discriminator_grad_norm,12000.0,2.846158742904663
train/discriminator_grad_norm,12050.0,4.915355682373047
train/discriminator_grad_norm,12100.0,4.180397033691406
train/discriminator_grad_norm,12150.0,7.570907115936279
train/discriminator_grad_norm,12200.0,7.748645305633545
train/discriminator_grad_norm,12250.0,2.462110757827759
train/discriminator_grad_norm,12300.0,8.93914794921875
train/discriminator_grad_norm,12350.0,4.754554748535156
train/discriminator_grad_norm,12400.0,3.2540555000305176
train/discriminator_grad_norm,12450.0,2.652585983276367
train/discriminator_grad_norm,12500.0,2.783111095428467
train/discriminator_grad_norm,12550.0,3.481611490249634
train/discriminator_grad_norm,12600.0,4.289525985717773
train/discriminator_grad_norm,12650.0,5.601273536682129
train/discriminator_grad_norm,12700.0,11.242402076721191
train/discriminator_grad_norm,12750.0,6.807922840118408
train/discriminator_grad_norm,12800.0,3.3851780891418457
train/discriminator_grad_norm,12850.0,4.985435485839844
train/discriminator_grad_norm,12900.0,2.616702079772949
train/discriminator_grad_norm,12950.0,1.8792378902435303
train/discriminator_grad_norm,13000.0,4.276761054992676
train/discriminator_grad_norm,13050.0,4.455543041229248
train/discriminator_grad_norm,13100.0,4.298283100128174
train/discriminator_grad_norm,13150.0,3.7520813941955566
train/discriminator_grad_norm,13200.0,2.622495174407959
train/discriminator_grad_norm,13250.0,2.385572910308838
train/discriminator_grad_norm,13300.0,1.5743061304092407
train/discriminator_grad_norm,13350.0,1.8537360429763794
train/discriminator_grad_norm,13400.0,4.655357360839844
train/discriminator_grad_norm,13450.0,3.167661428451538
train/discriminator_grad_norm,13500.0,4.535286903381348
train/discriminator_grad_norm,13550.0,1.9415814876556396
train/discriminator_grad_norm,13600.0,5.0351972579956055
train/discriminator_grad_norm,13650.0,4.622710227966309
train/discriminator_grad_norm,13700.0,2.00006103515625
train/discriminator_grad_norm,13750.0,2.1958179473876953
train/discriminator_grad_norm,13800.0,2.4794743061065674
train/discriminator_grad_norm,13850.0,1.7963365316390991
train/discriminator_grad_norm,13900.0,3.8064424991607666
train/discriminator_grad_norm,13950.0,2.5061028003692627
train/discriminator_grad_norm,14000.0,7.812283992767334
train/domain,1.0,0.695721447467804
train/domain,50.0,0.6849120855331421
train/domain,100.0,0.676013171672821
train/domain,150.0,0.6651062369346619
train/domain,200.0,0.657855212688446
train/domain,250.0,0.6554138660430908
train/domain,300.0,0.6300903558731079
train/domain,350.0,0.614703357219696
train/domain,400.0,0.5813537836074829
train/domain,450.0,0.5804168581962585
train/domain,500.0,0.607006847858429
train/domain,550.0,0.6119384765625
train/domain,600.0,0.6251373291015625
train/domain,650.0,0.5954788327217102
train/domain,700.0,0.605255126953125
train/domain,750.0,0.619274914264679
train/domain,800.0,0.6005920171737671
train/domain,850.0,0.6006714105606079
train/domain,900.0,0.5812088251113892
train/domain,950.0,0.6100372672080994
train/domain,1000.0,0.6078064441680908
train/domain,1050.0,0.5975860357284546
train/domain,1100.0,0.5724533200263977
train/domain,1150.0,0.5928741693496704
train/domain,1200.0,0.5896819829940796
train/domain,1250.0,0.5718444585800171
train/domain,1300.0,0.5516937375068665
train/domain,1350.0,0.5773559808731079
train/domain,1400.0,0.5570129752159119
train/domain,1450.0,0.5585464835166931
train/domain,1500.0,0.5767593383789062
train/domain,1550.0,0.5963226556777954
train/domain,1600.0,0.5850494503974915
train/domain,1650.0,0.5533050894737244
train/domain,1700.0,0.5832870602607727
train/domain,1750.0,0.5816971063613892
train/domain,1800.0,0.56024169921875
train/domain,1850.0,0.5614349246025085
train/domain,1900.0,0.5508575439453125
train/domain,1950.0,0.5870132446289062
train/domain,2000.0,0.5136459469795227
train/domain,2050.0,0.4955703616142273
train/domain,2100.0,0.5263916254043579
train/domain,2150.0,0.5047241449356079
train/domain,2200.0,0.5299011468887329
train/domain,2250.0,0.5060898065567017
train/domain,2300.0,0.5000213980674744
train/domain,2350.0,0.4846481382846832
train/domain,2400.0,0.4889877438545227
train/domain,2450.0,0.4656059145927429
train/domain,2500.0,0.4959373474121094
train/domain,2550.0,0.5094016790390015
train/domain,2600.0,0.4678939878940582
train/domain,2650.0,0.4778343141078949
train/domain,2700.0,0.4646652340888977
train/domain,2750.0,0.4632728695869446
train/domain,2800.0,0.4730934202671051
train/domain,2850.0,0.4792678952217102
train/domain,2900.0,0.4622154235839844
train/domain,2950.0,0.49023935198783875
train/domain,3000.0,0.4663291871547699
train/domain,3050.0,0.47070199251174927
train/domain,3100.0,0.46669578552246094
train/domain,3150.0,0.44539377093315125
train/domain,3200.0,0.49676513671875
train/domain,3250.0,0.46305960416793823
train/domain,3300.0,0.45818406343460083
train/domain,3350.0,0.4704158902168274
train/domain,3400.0,0.44236984848976135
train/domain,3450.0,0.4496578276157379
train/domain,3500.0,0.4532631039619446
train/domain,3550.0,0.4542924761772156
train/domain,3600.0,0.4365079998970032
train/domain,3650.0,0.437949001789093
train/domain,3700.0,0.45275574922561646
train/domain,3750.0,0.4453994929790497
train/domain,3800.0,0.44143182039260864
train/domain,3850.0,0.44684600830078125
train/domain,3900.0,0.4185730218887329
train/domain,3950.0,0.42149221897125244
train/domain,4000.0,0.4128463864326477
train/domain,4050.0,0.41756972670555115
train/domain,4100.0,0.4245086908340454
train/domain,4150.0,0.3956596255302429
train/domain,4200.0,0.41427841782569885
train/domain,4250.0,0.44578707218170166
train/domain,4300.0,0.4116695523262024
train/domain,4350.0,0.4292440414428711
train/domain,4400.0,0.4152069091796875
train/domain,4450.0,0.4149894714355469
train/domain,4500.0,0.4163481891155243
train/domain,4550.0,0.4160495698451996
train/domain,4600.0,0.4300197660923004
train/domain,4650.0,0.3950294554233551
train/domain,4700.0,0.4014167785644531
train/domain,4750.0,0.41448861360549927
train/domain,4800.0,0.4283590316772461
train/domain,4850.0,0.4143821597099304
train/domain,4900.0,0.36449548602104187
train/domain,4950.0,0.4153158366680145
train/domain,5000.0,0.4052700102329254
train/domain,5050.0,0.4008690118789673
train/domain,5100.0,0.3764774203300476
train/domain,5150.0,0.38121816515922546
train/domain,5200.0,0.4130924344062805
train/domain,5250.0,0.3888382017612457
train/domain,5300.0,0.37373125553131104
train/domain,5350.0,0.4065723419189453
train/domain,5400.0,0.40401536226272583
train/domain,5450.0,0.4078271985054016
train/domain,5500.0,0.37289583683013916
train/domain,5550.0,0.3886423110961914
train/domain,5600.0,0.3845312297344208
train/domain,5650.0,0.3710041046142578
train/domain,5700.0,0.3867225646972656
train/domain,5750.0,0.3915836215019226
train/domain,5800.0,0.39395540952682495
train/domain,5850.0,0.4996456205844879
train/domain,5900.0,0.3828851282596588
train/domain,5950.0,0.37400171160697937
train/domain,6000.0,0.3861396908760071
train/domain,6050.0,0.3504556715488434
train/domain,6100.0,0.3612072169780731
train/domain,6150.0,0.36730825901031494
train/domain,6200.0,0.34541264176368713
train/domain,6250.0,0.31569939851760864
train/domain,6300.0,0.35356655716896057
train/domain,6350.0,0.3550907075405121
train/domain,6400.0,0.34188786149024963
train/domain,6450.0,0.32472532987594604
train/domain,6500.0,0.3400226831436157
train/domain,6550.0,0.3339823782444
train/domain,6600.0,0.32936859130859375
train/domain,6650.0,0.34152260422706604
train/domain,6700.0,0.3130680322647095
train/domain,6750.0,0.32889166474342346
train/domain,6800.0,0.33524495363235474
train/domain,6850.0,0.33340683579444885
train/domain,6900.0,0.33811473846435547
train/domain,6950.0,0.32050570845603943
train/domain,7000.0,0.32748767733573914
train/domain,7050.0,0.32832640409469604
train/domain,7100.0,0.32019051909446716
train/domain,7150.0,0.3267762064933777
train/domain,7200.0,0.3435300886631012
train/domain,7250.0,0.32555925846099854
train/domain,7300.0,0.35629063844680786
train/domain,7350.0,0.3487064242362976
train/domain,7400.0,0.3347274661064148
train/domain,7450.0,0.35405731201171875
train/domain,7500.0,0.3824075758457184
train/domain,7550.0,0.365500271320343
train/domain,7600.0,0.3387987017631531
train/domain,7650.0,0.3534736633300781
train/domain,7700.0,0.318075954914093
train/domain,7750.0,0.31444263458251953
train/domain,7800.0,0.3623933792114258
train/domain,7850.0,0.3583669662475586
train/domain,7900.0,0.3167400360107422
train/domain,7950.0,0.34993037581443787
train/domain,8000.0,0.321465402841568
train/domain,8050.0,0.34719085693359375
train/domain,8100.0,0.3277694582939148
train/domain,8150.0,0.3416820764541626
train/domain,8200.0,0.3548978865146637
train/domain,8250.0,0.36512815952301025
train/domain,8300.0,0.369356632232666
train/domain,8350.0,0.3943442404270172
train/domain,8400.0,0.4289667010307312
train/domain,8450.0,0.5034216046333313
train/domain,8500.0,0.5382393002510071
train/domain,8550.0,0.5720252990722656
train/domain,8600.0,0.5698755979537964
train/domain,8650.0,0.6321233510971069
train/domain,8700.0,0.6216481924057007
train/domain,8750.0,0.7075955867767334
train/domain,8800.0,0.7496030330657959
train/domain,8850.0,0.8209899663925171
train/domain,8900.0,0.842453122138977
train/domain,8950.0,0.8929412364959717
train/domain,9000.0,0.9116603136062622
train/domain,9050.0,0.9810254573822021
train/domain,9100.0,1.0120911598205566
train/domain,9150.0,1.038572907447815
train/domain,9200.0,1.0606889724731445
train/domain,9250.0,1.0630524158477783
train/domain,9300.0,1.0694117546081543
train/domain,9350.0,1.0639872550964355
train/domain,9400.0,1.0817687511444092
train/domain,9450.0,1.0652308464050293
train/domain,9500.0,1.0137875080108643
train/domain,9550.0,1.0080926418304443
train/domain,9600.0,0.9900952577590942
train/domain,9650.0,0.9810620546340942
train/domain,9700.0,0.9586375951766968
train/domain,9750.0,0.9316259026527405
train/domain,9800.0,0.906514048576355
train/domain,9850.0,0.8701355457305908
train/domain,9900.0,0.835555911064148
train/domain,9950.0,0.7999963164329529
train/domain,10000.0,0.7640679478645325
train/domain,10050.0,0.730684757232666
train/domain,10100.0,0.7034299969673157
train/domain,10150.0,0.6735813617706299
train/domain,10200.0,0.5934370160102844
train/domain,10250.0,0.5993506908416748
train/domain,10300.0,0.5516634583473206
train/domain,10350.0,0.5191237926483154
train/domain,10400.0,0.4732588231563568
train/domain,10450.0,0.44760191440582275
train/domain,10500.0,0.42310094833374023
train/domain,10550.0,0.37911075353622437
train/domain,10600.0,0.37261080741882324
train/domain,10650.0,0.34060344099998474
train/domain,10700.0,0.334117591381073
train/domain,10750.0,0.31555795669555664
train/domain,10800.0,0.3195033669471741
train/domain,10850.0,0.3205667734146118
train/domain,10900.0,0.3387000262737274
train/domain,10950.0,0.30703678727149963
train/domain,11000.0,0.33033487200737
train/domain,11050.0,0.31704893708229065
train/domain,11100.0,0.31872931122779846
train/domain,11150.0,0.3170804977416992
train/domain,11200.0,0.31076687574386597
train/domain,11250.0,0.3270512819290161
train/domain,11300.0,0.3177933692932129
train/domain,11350.0,0.32937440276145935
train/domain,11400.0,0.33635711669921875
train/domain,11450.0,0.3311207890510559
train/domain,11500.0,0.32547807693481445
train/domain,11550.0,0.32690906524658203
train/domain,11600.0,0.3371357023715973
train/domain,11650.0,0.3325876295566559
train/domain,11700.0,0.34296056628227234
train/domain,11750.0,0.33381348848342896
train/domain,11800.0,0.34866008162498474
train/domain,11850.0,0.35264167189598083
train/domain,11900.0,0.3407808542251587
train/domain,11950.0,0.3369620442390442
train/domain,12000.0,0.3594282269477844
train/domain,12050.0,0.34846705198287964
train/domain,12100.0,0.34918153285980225
train/domain,12150.0,0.34416478872299194
train/domain,12200.0,0.3589974343776703
train/domain,12250.0,0.3478449881076813
train/domain,12300.0,0.3471371531486511
train/domain,12350.0,0.35098475217819214
train/domain,12400.0,0.3888835906982422
train/domain,12450.0,0.38260746002197266
train/domain,12500.0,0.3950933516025543
train/domain,12550.0,0.39601778984069824
train/domain,12600.0,0.4190808832645416
train/domain,12650.0,0.4023038148880005
train/domain,12700.0,0.4173775911331177
train/domain,12750.0,0.46995317935943604
train/domain,12800.0,0.45179444551467896
train/domain,12850.0,0.514367401599884
train/domain,12900.0,0.5377197265625
train/domain,12950.0,0.6236855387687683
train/domain,13000.0,0.802975058555603
train/domain,13050.0,1.0133960247039795
train/domain,13100.0,1.154820442199707
train/domain,13150.0,1.3381953239440918
train/domain,13200.0,1.4942020177841187
train/domain,13250.0,1.6149300336837769
train/domain,13300.0,1.7180869579315186
train/domain,13350.0,1.7890896797180176
train/domain,13400.0,1.8600189685821533
train/domain,13450.0,1.9236561059951782
train/domain,13500.0,1.9626784324645996
train/domain,13550.0,2.017404317855835
train/domain,13600.0,2.0623981952667236
train/domain,13650.0,2.0951590538024902
train/domain,13700.0,2.1341514587402344
train/domain,13750.0,2.146174907684326
train/domain,13800.0,2.1706044673919678
train/domain,13850.0,2.2062485218048096
train/domain,13900.0,2.208606481552124
train/domain,13950.0,2.2395718097686768
train/domain,14000.0,2.2400753498077393
train/generator_grad_norm,1.0,66.56071472167969
train/generator_grad_norm,50.0,109.95185852050781
train/generator_grad_norm,100.0,187.1197967529297
train/generator_grad_norm,150.0,187.7714080810547
train/generator_grad_norm,200.0,263.0224304199219
train/generator_grad_norm,250.0,306.522705078125
train/generator_grad_norm,300.0,114.65322875976562
train/generator_grad_norm,350.0,41.24863052368164
train/generator_grad_norm,400.0,65.89937591552734
train/generator_grad_norm,450.0,62.35309982299805
train/generator_grad_norm,500.0,41.48460388183594
train/generator_grad_norm,550.0,29.559080123901367
train/generator_grad_norm,600.0,43.165550231933594
train/generator_grad_norm,650.0,46.57746887207031
train/generator_grad_norm,700.0,51.878448486328125
train/generator_grad_norm,750.0,37.77033996582031
train/generator_grad_norm,800.0,31.750627517700195
train/generator_grad_norm,850.0,36.11516571044922
train/generator_grad_norm,900.0,26.28223419189453
train/generator_grad_norm,950.0,23.32868766784668
train/generator_grad_norm,1000.0,29.606985092163086
train/generator_grad_norm,1050.0,28.114587783813477
train/generator_grad_norm,1100.0,25.964683532714844
train/generator_grad_norm,1150.0,42.779998779296875
train/generator_grad_norm,1200.0,13.750142097473145
train/generator_grad_norm,1250.0,64.76313018798828
train/generator_grad_norm,1300.0,31.484725952148438
train/generator_grad_norm,1350.0,27.012298583984375
train/generator_grad_norm,1400.0,41.54026412963867
train/generator_grad_norm,1450.0,38.31266403198242
train/generator_grad_norm,1500.0,25.03697395324707
train/generator_grad_norm,1550.0,35.166072845458984
train/generator_grad_norm,1600.0,38.0411376953125
train/generator_grad_norm,1650.0,28.81728744506836
train/generator_grad_norm,1700.0,33.000789642333984
train/generator_grad_norm,1750.0,38.560604095458984
train/generator_grad_norm,1800.0,54.410682678222656
train/generator_grad_norm,1850.0,31.039165496826172
train/generator_grad_norm,1900.0,39.48725509643555
train/generator_grad_norm,1950.0,31.497541427612305
train/generator_grad_norm,2000.0,19.55731201171875
train/generator_grad_norm,2050.0,40.11756134033203
train/generator_grad_norm,2100.0,15.558837890625
train/generator_grad_norm,2150.0,34.899566650390625
train/generator_grad_norm,2200.0,20.3345890045166
train/generator_grad_norm,2250.0,49.93315505981445
train/generator_grad_norm,2300.0,43.32828903198242
train/generator_grad_norm,2350.0,31.614198684692383
train/generator_grad_norm,2400.0,31.882726669311523
train/generator_grad_norm,2450.0,66.63389587402344
train/generator_grad_norm,2500.0,38.642276763916016
train/generator_grad_norm,2550.0,38.793853759765625
train/generator_grad_norm,2600.0,46.50494384765625
train/generator_grad_norm,2650.0,51.97836685180664
train/generator_grad_norm,2700.0,52.36185836791992
train/generator_grad_norm,2750.0,48.56362533569336
train/generator_grad_norm,2800.0,32.8699951171875
train/generator_grad_norm,2850.0,20.479084014892578
train/generator_grad_norm,2900.0,19.46084976196289
train/generator_grad_norm,2950.0,33.82392501831055
train/generator_grad_norm,3000.0,26.65371322631836
train/generator_grad_norm,3050.0,58.964515686035156
train/generator_grad_norm,3100.0,46.27682113647461
train/generator_grad_norm,3150.0,38.14297866821289
train/generator_grad_norm,3200.0,143.2165069580078
train/generator_grad_norm,3250.0,21.254600524902344
train/generator_grad_norm,3300.0,46.29103088378906
train/generator_grad_norm,3350.0,16.8230037689209
train/generator_grad_norm,3400.0,29.520856857299805
train/generator_grad_norm,3450.0,50.992454528808594
train/generator_grad_norm,3500.0,41.06485366821289
train/generator_grad_norm,3550.0,44.44071578979492
train/generator_grad_norm,3600.0,35.042198181152344
train/generator_grad_norm,3650.0,36.67279052734375
train/generator_grad_norm,3700.0,35.02606201171875
train/generator_grad_norm,3750.0,28.005882263183594
train/generator_grad_norm,3800.0,59.96040725708008
train/generator_grad_norm,3850.0,30.933319091796875
train/generator_grad_norm,3900.0,24.515705108642578
train/generator_grad_norm,3950.0,26.875675201416016
train/generator_grad_norm,4000.0,24.996843338012695
train/generator_grad_norm,4050.0,48.26075744628906
train/generator_grad_norm,4100.0,19.744564056396484
train/generator_grad_norm,4150.0,33.23558807373047
train/generator_grad_norm,4200.0,25.335012435913086
train/generator_grad_norm,4250.0,38.04449462890625
train/generator_grad_norm,4300.0,33.967376708984375
train/generator_grad_norm,4350.0,21.833236694335938
train/generator_grad_norm,4400.0,36.48872375488281
train/generator_grad_norm,4450.0,17.393518447875977
train/generator_grad_norm,4500.0,45.842811584472656
train/generator_grad_norm,4550.0,27.36843490600586
train/generator_grad_norm,4600.0,51.20468521118164
train/generator_grad_norm,4650.0,28.61894989013672
train/generator_grad_norm,4700.0,33.3184700012207
train/generator_grad_norm,4750.0,43.574371337890625
train/generator_grad_norm,4800.0,13.837724685668945
train/generator_grad_norm,4850.0,47.032379150390625
train/generator_grad_norm,4900.0,32.61759948730469
train/generator_grad_norm,4950.0,37.22096252441406
train/generator_grad_norm,5000.0,21.487390518188477
train/generator_grad_norm,5050.0,25.136686325073242
train/generator_grad_norm,5100.0,16.197858810424805
train/generator_grad_norm,5150.0,48.56969451904297
train/generator_grad_norm,5200.0,31.41490364074707
train/generator_grad_norm,5250.0,36.74020767211914
train/generator_grad_norm,5300.0,35.912681579589844
train/generator_grad_norm,5350.0,45.729000091552734
train/generator_grad_norm,5400.0,25.675325393676758
train/generator_grad_norm,5450.0,23.40570831298828
train/generator_grad_norm,5500.0,33.78456497192383
train/generator_grad_norm,5550.0,14.893143653869629
train/generator_grad_norm,5600.0,21.86748695373535
train/generator_grad_norm,5650.0,31.47406768798828
train/generator_grad_norm,5700.0,15.788935661315918
train/generator_grad_norm,5750.0,37.38491439819336
train/generator_grad_norm,5800.0,42.895225524902344
train/generator_grad_norm,5850.0,52.497684478759766
train/generator_grad_norm,5900.0,31.08934783935547
train/generator_grad_norm,5950.0,26.235511779785156
train/generator_grad_norm,6000.0,21.8382625579834
train/generator_grad_norm,6050.0,32.551815032958984
train/generator_grad_norm,6100.0,19.75291633605957
train/generator_grad_norm,6150.0,20.688434600830078
train/generator_grad_norm,6200.0,62.02406692504883
train/generator_grad_norm,6250.0,38.1229248046875
train/generator_grad_norm,6300.0,22.326902389526367
train/generator_grad_norm,6350.0,43.37700653076172
train/generator_grad_norm,6400.0,22.98110008239746
train/generator_grad_norm,6450.0,27.263948440551758
train/generator_grad_norm,6500.0,20.59161376953125
train/generator_grad_norm,6550.0,32.14069747924805
train/generator_grad_norm,6600.0,27.84365463256836
train/generator_grad_norm,6650.0,39.57252883911133
train/generator_grad_norm,6700.0,24.021854400634766
train/generator_grad_norm,6750.0,12.459332466125488
train/generator_grad_norm,6800.0,19.75571060180664
train/generator_grad_norm,6850.0,27.538904190063477
train/generator_grad_norm,6900.0,21.020572662353516
train/generator_grad_norm,6950.0,62.92643356323242
train/generator_grad_norm,7000.0,21.557947158813477
train/generator_grad_norm,7050.0,50.68898010253906
train/generator_grad_norm,7100.0,35.27803421020508
train/generator_grad_norm,7150.0,33.594913482666016
train/generator_grad_norm,7200.0,22.69753074645996
train/generator_grad_norm,7250.0,35.998443603515625
train/generator_grad_norm,7300.0,36.743770599365234
train/generator_grad_norm,7350.0,56.65623092651367
train/generator_grad_norm,7400.0,38.50995635986328
train/generator_grad_norm,7450.0,25.257490158081055
train/generator_grad_norm,7500.0,26.84830665588379
train/generator_grad_norm,7550.0,37.167198181152344
train/generator_grad_norm,7600.0,17.57679557800293
train/generator_grad_norm,7650.0,36.72731399536133
train/generator_grad_norm,7700.0,25.116273880004883
train/generator_grad_norm,7750.0,19.66384506225586
train/generator_grad_norm,7800.0,31.75942039489746
train/generator_grad_norm,7850.0,25.188032150268555
train/generator_grad_norm,7900.0,9.44287109375
train/generator_grad_norm,7950.0,20.8916015625
train/generator_grad_norm,8000.0,22.11615562438965
train/generator_grad_norm,8050.0,12.510576248168945
train/generator_grad_norm,8100.0,15.21988296508789
train/generator_grad_norm,8150.0,11.982348442077637
train/generator_grad_norm,8200.0,53.31998062133789
train/generator_grad_norm,8250.0,52.14143753051758
train/generator_grad_norm,8300.0,18.333751678466797
train/generator_grad_norm,8350.0,23.903295516967773
train/generator_grad_norm,8400.0,42.67659378051758
train/generator_grad_norm,8450.0,14.6231050491333
train/generator_grad_norm,8500.0,43.1320686340332
train/generator_grad_norm,8550.0,31.18478012084961
train/generator_grad_norm,8600.0,18.881938934326172
train/generator_grad_norm,8650.0,56.99061584472656
train/generator_grad_norm,8700.0,41.62346267700195
train/generator_grad_norm,8750.0,45.49434280395508
train/generator_grad_norm,8800.0,18.500513076782227
train/generator_grad_norm,8850.0,11.651326179504395
train/generator_grad_norm,8900.0,30.524934768676758
train/generator_grad_norm,8950.0,50.53038787841797
train/generator_grad_norm,9000.0,16.004838943481445
train/generator_grad_norm,9050.0,31.005722045898438
train/generator_grad_norm,9100.0,16.463918685913086
train/generator_grad_norm,9150.0,26.78927230834961
train/generator_grad_norm,9200.0,30.60251235961914
train/generator_grad_norm,9250.0,14.59847354888916
train/generator_grad_norm,9300.0,24.934236526489258
train/generator_grad_norm,9350.0,27.084163665771484
train/generator_grad_norm,9400.0,19.862995147705078
train/generator_grad_norm,9450.0,39.98501205444336
train/generator_grad_norm,9500.0,31.302988052368164
train/generator_grad_norm,9550.0,41.269874572753906
train/generator_grad_norm,9600.0,34.46128463745117
train/generator_grad_norm,9650.0,48.785888671875
train/generator_grad_norm,9700.0,44.45172882080078
train/generator_grad_norm,9750.0,22.050317764282227
train/generator_grad_norm,9800.0,21.80307388305664
train/generator_grad_norm,9850.0,14.294032096862793
train/generator_grad_norm,9900.0,44.13063049316406
train/generator_grad_norm,9950.0,31.724956512451172
train/generator_grad_norm,10000.0,28.926515579223633
train/generator_grad_norm,10050.0,23.632070541381836
train/generator_grad_norm,10100.0,28.087574005126953
train/generator_grad_norm,10150.0,16.403928756713867
train/generator_grad_norm,10200.0,49.71657180786133
train/generator_grad_norm,10250.0,34.805633544921875
train/generator_grad_norm,10300.0,53.34635925292969
train/generator_grad_norm,10350.0,45.01322937011719
train/generator_grad_norm,10400.0,32.148529052734375
train/generator_grad_norm,10450.0,33.543643951416016
train/generator_grad_norm,10500.0,25.91689109802246
train/generator_grad_norm,10550.0,23.345535278320312
train/generator_grad_norm,10600.0,28.814565658569336
train/generator_grad_norm,10650.0,46.50425338745117
train/generator_grad_norm,10700.0,54.52667236328125
train/generator_grad_norm,10750.0,23.376026153564453
train/generator_grad_norm,10800.0,19.512102127075195
train/generator_grad_norm,10850.0,77.62342071533203
train/generator_grad_norm,10900.0,16.473962783813477
train/generator_grad_norm,10950.0,24.929452896118164
train/generator_grad_norm,11000.0,24.136775970458984
train/generator_grad_norm,11050.0,27.487056732177734
train/generator_grad_norm,11100.0,21.381996154785156
train/generator_grad_norm,11150.0,55.64818572998047
train/generator_grad_norm,11200.0,61.928043365478516
train/generator_grad_norm,11250.0,24.00971031188965
train/generator_grad_norm,11300.0,18.266767501831055
train/generator_grad_norm,11350.0,32.84489059448242
train/generator_grad_norm,11400.0,18.115055084228516
train/generator_grad_norm,11450.0,34.20342254638672
train/generator_grad_norm,11500.0,22.450334548950195
train/generator_grad_norm,11550.0,24.83585548400879
train/generator_grad_norm,11600.0,18.619308471679688
train/generator_grad_norm,11650.0,26.32419776916504
train/generator_grad_norm,11700.0,153.58444213867188
train/generator_grad_norm,11750.0,17.531551361083984
train/generator_grad_norm,11800.0,34.145057678222656
train/generator_grad_norm,11850.0,28.486757278442383
train/generator_grad_norm,11900.0,25.527570724487305
train/generator_grad_norm,11950.0,36.71505355834961
train/generator_grad_norm,12000.0,22.45353126525879
train/generator_grad_norm,12050.0,24.068477630615234
train/generator_grad_norm,12100.0,47.38030242919922
train/generator_grad_norm,12150.0,38.54615783691406
train/generator_grad_norm,12200.0,25.246023178100586
train/generator_grad_norm,12250.0,44.33716583251953
train/generator_grad_norm,12300.0,32.88410186767578
train/generator_grad_norm,12350.0,49.181827545166016
train/generator_grad_norm,12400.0,39.007102966308594
train/generator_grad_norm,12450.0,31.694528579711914
train/generator_grad_norm,12500.0,27.060482025146484
train/generator_grad_norm,12550.0,57.42405700683594
train/generator_grad_norm,12600.0,43.82088851928711
train/generator_grad_norm,12650.0,22.38688087463379
train/generator_grad_norm,12700.0,31.984291076660156
train/generator_grad_norm,12750.0,26.774038314819336
train/generator_grad_norm,12800.0,21.6602840423584
train/generator_grad_norm,12850.0,21.92435646057129
train/generator_grad_norm,12900.0,32.04332733154297
train/generator_grad_norm,12950.0,43.89824295043945
train/generator_grad_norm,13000.0,46.04800033569336
train/generator_grad_norm,13050.0,38.523555755615234
train/generator_grad_norm,13100.0,19.516700744628906
train/generator_grad_norm,13150.0,34.37981033325195
train/generator_grad_norm,13200.0,36.298858642578125
train/generator_grad_norm,13250.0,25.664398193359375
train/generator_grad_norm,13300.0,25.58562660217285
train/generator_grad_norm,13350.0,211.84007263183594
train/generator_grad_norm,13400.0,34.17959976196289
train/generator_grad_norm,13450.0,26.680660247802734
train/generator_grad_norm,13500.0,30.668994903564453
train/generator_grad_norm,13550.0,37.6639518737793
train/generator_grad_norm,13600.0,31.618024826049805
train/generator_grad_norm,13650.0,45.00305938720703
train/generator_grad_norm,13700.0,44.11387634277344
train/generator_grad_norm,13750.0,37.29175567626953
train/generator_grad_norm,13800.0,36.48444366455078
train/generator_grad_norm,13850.0,70.22138214111328
train/generator_grad_norm,13900.0,21.65589141845703
train/generator_grad_norm,13950.0,64.75318145751953
train/generator_grad_norm,14000.0,26.607040405273438
train/loss,1.0,63.81550598144531
train/loss,50.0,16.4764347076416
train/loss,100.0,12.225238800048828
train/loss,150.0,11.14661979675293
train/loss,200.0,10.33468246459961
train/loss,250.0,17.163610458374023
train/loss,300.0,9.83581256866455
train/loss,350.0,8.122518539428711
train/loss,400.0,8.035406112670898
train/loss,450.0,7.0056633949279785
train/loss,500.0,6.560901641845703
train/loss,550.0,6.17618989944458
train/loss,600.0,6.8628716468811035
train/loss,650.0,6.163381576538086
train/loss,700.0,5.4826340675354
train/loss,750.0,6.324739456176758
train/loss,800.0,5.8167290687561035
train/loss,850.0,5.773196220397949
train/loss,900.0,5.128593444824219
train/loss,950.0,5.491457462310791
train/loss,1000.0,4.839718818664551
train/loss,1050.0,5.133740425109863
train/loss,1100.0,5.109502792358398
train/loss,1150.0,5.77943229675293
train/loss,1200.0,4.909351348876953
train/loss,1250.0,5.8638916015625
train/loss,1300.0,5.626313209533691
train/loss,1350.0,6.285182952880859
train/loss,1400.0,6.417633533477783
train/loss,1450.0,5.9283246994018555
train/loss,1500.0,6.300483226776123
train/loss,1550.0,6.016746520996094
train/loss,1600.0,6.381288051605225
train/loss,1650.0,5.713206768035889
train/loss,1700.0,5.031787872314453
train/loss,1750.0,6.367841720581055
train/loss,1800.0,5.752131462097168
train/loss,1850.0,6.086408615112305
train/loss,1900.0,6.1423749923706055
train/loss,1950.0,6.366257190704346
train/loss,2000.0,5.097843170166016
train/loss,2050.0,5.488438129425049
train/loss,2100.0,5.329584121704102
train/loss,2150.0,5.074099540710449
train/loss,2200.0,5.583950042724609
train/loss,2250.0,5.209464073181152
train/loss,2300.0,5.561689376831055
train/loss,2350.0,5.695830345153809
train/loss,2400.0,4.625881671905518
train/loss,2450.0,5.3084611892700195
train/loss,2500.0,5.058970928192139
train/loss,2550.0,5.20487642288208
train/loss,2600.0,5.36000919342041
train/loss,2650.0,5.211973190307617
train/loss,2700.0,4.955192565917969
train/loss,2750.0,4.98311710357666
train/loss,2800.0,4.570005416870117
train/loss,2850.0,4.873851776123047
train/loss,2900.0,4.383608818054199
train/loss,2950.0,5.578140735626221
train/loss,3000.0,4.675621032714844
train/loss,3050.0,5.257808208465576
train/loss,3100.0,5.171677589416504
train/loss,3150.0,5.736386299133301
train/loss,3200.0,6.269192695617676
train/loss,3250.0,6.109971046447754
train/loss,3300.0,5.040140628814697
train/loss,3350.0,4.986751556396484
train/loss,3400.0,4.289815425872803
train/loss,3450.0,5.310110092163086
train/loss,3500.0,4.97385311126709
train/loss,3550.0,5.379786968231201
train/loss,3600.0,4.814379692077637
train/loss,3650.0,4.279099941253662
train/loss,3700.0,5.495007514953613
train/loss,3750.0,5.322638511657715
train/loss,3800.0,4.754499435424805
train/loss,3850.0,4.439198970794678
train/loss,3900.0,5.184234619140625
train/loss,3950.0,5.526271820068359
train/loss,4000.0,4.898828506469727
train/loss,4050.0,4.526238441467285
train/loss,4100.0,4.428976535797119
train/loss,4150.0,4.465577125549316
train/loss,4200.0,4.47722053527832
train/loss,4250.0,5.0214948654174805
train/loss,4300.0,4.585415363311768
train/loss,4350.0,4.809299468994141
train/loss,4400.0,4.601600170135498
train/loss,4450.0,4.913014888763428
train/loss,4500.0,4.966092586517334
train/loss,4550.0,4.45119047164917
train/loss,4600.0,5.306580543518066
train/loss,4650.0,4.347204685211182
train/loss,4700.0,4.334259510040283
train/loss,4750.0,5.631564617156982
train/loss,4800.0,4.631801605224609
train/loss,4850.0,5.285561561584473
train/loss,4900.0,4.142545223236084
train/loss,4950.0,5.135295867919922
train/loss,5000.0,4.2399983406066895
train/loss,5050.0,4.3596720695495605
train/loss,5100.0,3.904575824737549
train/loss,5150.0,3.8260109424591064
train/loss,5200.0,4.495524883270264
train/loss,5250.0,4.425205230712891
train/loss,5300.0,4.8611040115356445
train/loss,5350.0,5.658511161804199
train/loss,5400.0,4.47252893447876
train/loss,5450.0,4.077556610107422
train/loss,5500.0,4.8921308517456055
train/loss,5550.0,4.301227569580078
train/loss,5600.0,3.5910322666168213
train/loss,5650.0,3.74001407623291
train/loss,5700.0,4.322779655456543
train/loss,5750.0,4.78639554977417
train/loss,5800.0,4.3933587074279785
train/loss,5850.0,4.704573154449463
train/loss,5900.0,4.201410293579102
train/loss,5950.0,5.064925670623779
train/loss,6000.0,4.54190731048584
train/loss,6050.0,3.7793045043945312
train/loss,6100.0,3.797560453414917
train/loss,6150.0,4.471628189086914
train/loss,6200.0,4.229206562042236
train/loss,6250.0,4.486942291259766
train/loss,6300.0,4.643041610717773
train/loss,6350.0,3.9579391479492188
train/loss,6400.0,4.842079162597656
train/loss,6450.0,3.5604400634765625
train/loss,6500.0,4.460395336151123
train/loss,6550.0,4.325488090515137
train/loss,6600.0,3.6658008098602295
train/loss,6650.0,3.8332395553588867
train/loss,6700.0,3.3166375160217285
train/loss,6750.0,3.17848801612854
train/loss,6800.0,4.420814514160156
train/loss,6850.0,3.930077075958252
train/loss,6900.0,4.33083963394165
train/loss,6950.0,3.699322462081909
train/loss,7000.0,4.191379070281982
train/loss,7050.0,3.3710203170776367
train/loss,7100.0,3.916428804397583
train/loss,7150.0,3.4617040157318115
train/loss,7200.0,4.223431587219238
train/loss,7250.0,4.013516426086426
train/loss,7300.0,4.549551963806152
train/loss,7350.0,4.287143230438232
train/loss,7400.0,3.349824905395508
train/loss,7450.0,3.7525367736816406
train/loss,7500.0,3.75331449508667
train/loss,7550.0,3.9333457946777344
train/loss,7600.0,3.495699882507324
train/loss,7650.0,4.1100053787231445
train/loss,7700.0,4.297757148742676
train/loss,7750.0,3.894216299057007
train/loss,7800.0,3.8007848262786865
train/loss,7850.0,3.8057045936584473
train/loss,7900.0,3.1246352195739746
train/loss,7950.0,3.8344922065734863
train/loss,8000.0,3.5168495178222656
train/loss,8050.0,3.812243938446045
train/loss,8100.0,4.074777603149414
train/loss,8150.0,3.092663288116455
train/loss,8200.0,4.041444301605225
train/loss,8250.0,3.6661040782928467
train/loss,8300.0,3.5671188831329346
train/loss,8350.0,3.85302472114563
train/loss,8400.0,3.6641314029693604
train/loss,8450.0,4.484949588775635
train/loss,8500.0,5.232273578643799
train/loss,8550.0,4.253375053405762
train/loss,8600.0,5.002801418304443
train/loss,8650.0,5.380169868469238
train/loss,8700.0,4.8668670654296875
train/loss,8750.0,4.5744123458862305
train/loss,8800.0,5.112372875213623
train/loss,8850.0,4.4855055809021
train/loss,8900.0,4.86752986907959
train/loss,8950.0,4.728592872619629
train/loss,9000.0,4.4647674560546875
train/loss,9050.0,4.6552886962890625
train/loss,9100.0,4.047057628631592
train/loss,9150.0,4.939239025115967
train/loss,9200.0,4.707028388977051
train/loss,9250.0,4.410179138183594
train/loss,9300.0,4.8295793533325195
train/loss,9350.0,4.484060764312744
train/loss,9400.0,4.267177104949951
train/loss,9450.0,4.804868221282959
train/loss,9500.0,5.874528408050537
train/loss,9550.0,4.83438777923584
train/loss,9600.0,5.537913799285889
train/loss,9650.0,5.2248945236206055
train/loss,9700.0,5.039496421813965
train/loss,9750.0,4.581778526306152
train/loss,9800.0,4.729671478271484
train/loss,9850.0,4.377986431121826
train/loss,9900.0,4.219355583190918
train/loss,9950.0,4.523941516876221
train/loss,10000.0,5.001380920410156
train/loss,10050.0,4.277735233306885
train/loss,10100.0,4.7512712478637695
train/loss,10150.0,4.272449493408203
train/loss,10200.0,4.39211368560791
train/loss,10250.0,4.574254989624023
train/loss,10300.0,4.60399866104126
train/loss,10350.0,4.434842586517334
train/loss,10400.0,3.8504843711853027
train/loss,10450.0,4.246011734008789
train/loss,10500.0,3.6791322231292725
train/loss,10550.0,3.7611656188964844
train/loss,10600.0,4.233193397521973
train/loss,10650.0,3.5667757987976074
train/loss,10700.0,4.08058500289917
train/loss,10750.0,3.886246919631958
train/loss,10800.0,3.736781597137451
train/loss,10850.0,3.9423880577087402
train/loss,10900.0,3.788377046585083
train/loss,10950.0,3.3704233169555664
train/loss,11000.0,3.429598808288574
train/loss,11050.0,4.060271263122559
train/loss,11100.0,3.209751605987549
train/loss,11150.0,3.0814156532287598
train/loss,11200.0,4.111904144287109
train/loss,11250.0,3.639711618423462
train/loss,11300.0,3.3002400398254395
train/loss,11350.0,4.654969215393066
train/loss,11400.0,3.5172841548919678
train/loss,11450.0,3.576861619949341
train/loss,11500.0,3.5689220428466797
train/loss,11550.0,3.1205241680145264
train/loss,11600.0,3.102936267852783
train/loss,11650.0,3.6206893920898438
train/loss,11700.0,3.523545742034912
train/loss,11750.0,3.7409300804138184
train/loss,11800.0,3.3899667263031006
train/loss,11850.0,3.2969255447387695
train/loss,11900.0,3.2483267784118652
train/loss,11950.0,3.3605024814605713
train/loss,12000.0,3.790590763092041
train/loss,12050.0,2.909012794494629
train/loss,12100.0,2.9849250316619873
train/loss,12150.0,3.2159810066223145
train/loss,12200.0,3.5118980407714844
train/loss,12250.0,3.784775733947754
train/loss,12300.0,3.5904712677001953
train/loss,12350.0,3.2759456634521484
train/loss,12400.0,3.993929147720337
train/loss,12450.0,3.670621871948242
train/loss,12500.0,3.8847973346710205
train/loss,12550.0,4.297882080078125
train/loss,12600.0,3.5257372856140137
train/loss,12650.0,3.3398239612579346
train/loss,12700.0,3.439370632171631
train/loss,12750.0,3.7862682342529297
train/loss,12800.0,3.2248902320861816
train/loss,12850.0,3.682987928390503
train/loss,12900.0,4.000338554382324
train/loss,12950.0,4.068204402923584
train/loss,13000.0,4.257752895355225
train/loss,13050.0,4.106682300567627
train/loss,13100.0,4.749268531799316
train/loss,13150.0,4.932709693908691
train/loss,13200.0,5.074947357177734
train/loss,13250.0,5.233731269836426
train/loss,13300.0,4.698105812072754
train/loss,13350.0,5.4807538986206055
train/loss,13400.0,5.275289535522461
train/loss,13450.0,5.22346830368042
train/loss,13500.0,5.812321662902832
train/loss,13550.0,5.709858417510986
train/loss,13600.0,6.035727500915527
train/loss,13650.0,5.936797618865967
train/loss,13700.0,5.91370964050293
train/loss,13750.0,6.203362464904785
train/loss,13800.0,6.052445888519287
train/loss,13850.0,6.650294780731201
train/loss,13900.0,6.02076530456543
train/loss,13950.0,6.057466506958008
train/loss,14000.0,5.270225524902344
train/mda,1.0,0.002563291694968939
train/mda,50.0,0.01247972808778286
train/mda,100.0,0.017665160819888115
train/mda,150.0,0.01631823740899563
train/mda,200.0,0.013481325469911098
train/mda,250.0,0.015274143777787685
train/mda,300.0,0.013410011306405067
train/mda,350.0,0.010307869873940945
train/mda,400.0,0.010496595874428749
train/mda,450.0,0.00924248993396759
train/mda,500.0,0.007511097472161055
train/mda,550.0,0.007220283150672913
train/mda,600.0,0.006462016608566046
train/mda,650.0,0.005532264709472656
train/mda,700.0,0.0053287893533706665
train/mda,750.0,0.004165017511695623
train/mda,800.0,0.004579952452331781
train/mda,850.0,0.004650780465453863
train/mda,900.0,0.005280050914734602
train/mda,950.0,0.0053220512345433235
train/mda,1000.0,0.004248520825058222
train/mda,1050.0,0.004614844918251038
train/mda,1100.0,0.004802331328392029
train/mda,1150.0,0.007301065605133772
train/mda,1200.0,0.005807873792946339
train/mda,1250.0,0.004658949561417103
train/mda,1300.0,0.006179985590279102
train/mda,1350.0,0.006086108274757862
train/mda,1400.0,0.00609095674008131
train/mda,1450.0,0.004580536391586065
train/mda,1500.0,0.005490756127983332
train/mda,1550.0,0.004126626066863537
train/mda,1600.0,0.006582936737686396
train/mda,1650.0,0.006325891707092524
train/mda,1700.0,0.004800391383469105
train/mda,1750.0,0.0057642520405352116
train/mda,1800.0,0.0054021538235247135
train/mda,1850.0,0.006504041142761707
train/mda,1900.0,0.004976627416908741
train/mda,1950.0,0.008445128798484802
train/mda,2000.0,0.005575182847678661
train/mda,2050.0,0.005621141288429499
train/mda,2100.0,0.004901459906250238
train/mda,2150.0,0.00626801885664463
train/mda,2200.0,0.0050368281081318855
train/mda,2250.0,0.0058233169838786125
train/mda,2300.0,0.0077577619813382626
train/mda,2350.0,0.009706956334412098
train/mda,2400.0,0.004773586988449097
train/mda,2450.0,0.005479857325553894
train/mda,2500.0,0.007236903999000788
train/mda,2550.0,0.006301963701844215
train/mda,2600.0,0.0059136333875358105
train/mda,2650.0,0.008241802453994751
train/mda,2700.0,0.007206967566162348
train/mda,2750.0,0.004705199971795082
train/mda,2800.0,0.005280515644699335
train/mda,2850.0,0.006314841099083424
train/mda,2900.0,0.00494617223739624
train/mda,2950.0,0.007002857513725758
train/mda,3000.0,0.00546641368418932
train/mda,3050.0,0.005805888678878546
train/mda,3100.0,0.006495043635368347
train/mda,3150.0,0.00815681554377079
train/mda,3200.0,0.00434990506619215
train/mda,3250.0,0.008691737428307533
train/mda,3300.0,0.0055635664612054825
train/mda,3350.0,0.006204751320183277
train/mda,3400.0,0.004808300640434027
train/mda,3450.0,0.004748508334159851
train/mda,3500.0,0.005744847934693098
train/mda,3550.0,0.008648589253425598
train/mda,3600.0,0.005793246440589428
train/mda,3650.0,0.005319616291671991
train/mda,3700.0,0.0058562844060361385
train/mda,3750.0,0.00675635039806366
train/mda,3800.0,0.003850311040878296
train/mda,3850.0,0.005097049288451672
train/mda,3900.0,0.008675441145896912
train/mda,3950.0,0.0074897948652505875
train/mda,4000.0,0.0046944646164774895
train/mda,4050.0,0.006896701641380787
train/mda,4100.0,0.004983958788216114
train/mda,4150.0,0.004634309094399214
train/mda,4200.0,0.004178064875304699
train/mda,4250.0,0.00540652871131897
train/mda,4300.0,0.005671885795891285
train/mda,4350.0,0.00486348569393158
train/mda,4400.0,0.0062979431822896
train/mda,4450.0,0.006929787807166576
train/mda,4500.0,0.006159177515655756
train/mda,4550.0,0.00410630414262414
train/mda,4600.0,0.008506548590958118
train/mda,4650.0,0.005526447203010321
train/mda,4700.0,0.005139991641044617
train/mda,4750.0,0.006701183505356312
train/mda,4800.0,0.01034289039671421
train/mda,4850.0,0.009342166595160961
train/mda,4900.0,0.004318103194236755
train/mda,4950.0,0.008033106103539467
train/mda,5000.0,0.004842293448746204
train/mda,5050.0,0.005712506361305714
train/mda,5100.0,0.004180425312370062
train/mda,5150.0,0.004276499152183533
train/mda,5200.0,0.004141390323638916
train/mda,5250.0,0.006275760941207409
train/mda,5300.0,0.005473986268043518
train/mda,5350.0,0.009328991174697876
train/mda,5400.0,0.004868161864578724
train/mda,5450.0,0.00646545272320509
train/mda,5500.0,0.007142186164855957
train/mda,5550.0,0.004654586315155029
train/mda,5600.0,0.0039027752354741096
train/mda,5650.0,0.0038920165970921516
train/mda,5700.0,0.005634996574372053
train/mda,5750.0,0.005369407124817371
train/mda,5800.0,0.006542369723320007
train/mda,5850.0,0.005937320180237293
train/mda,5900.0,0.006831171922385693
train/mda,5950.0,0.00987579207867384
train/mda,6000.0,0.005349117796868086
train/mda,6050.0,0.005198308732360601
train/mda,6100.0,0.003826665924862027
train/mda,6150.0,0.0050600441172719
train/mda,6200.0,0.005032023880630732
train/mda,6250.0,0.0056869834661483765
train/mda,6300.0,0.004702460952103138
train/mda,6350.0,0.006134348921477795
train/mda,6400.0,0.005248004104942083
train/mda,6450.0,0.004158067982643843
train/mda,6500.0,0.005628478713333607
train/mda,6550.0,0.005404964089393616
train/mda,6600.0,0.003716656705364585
train/mda,6650.0,0.004376202821731567
train/mda,6700.0,0.004517257213592529
train/mda,6750.0,0.003950029611587524
train/mda,6800.0,0.007616645190864801
train/mda,6850.0,0.004390352871268988
train/mda,6900.0,0.008594912476837635
train/mda,6950.0,0.004344090819358826
train/mda,7000.0,0.005044874735176563
train/mda,7050.0,0.0038498134817928076
train/mda,7100.0,0.005730143282562494
train/mda,7150.0,0.00383567507378757
train/mda,7200.0,0.00643526017665863
train/mda,7250.0,0.006707275286316872
train/mda,7300.0,0.005209061317145824
train/mda,7350.0,0.00537814199924469
train/mda,7400.0,0.004989046137779951
train/mda,7450.0,0.004750931169837713
train/mda,7500.0,0.0044161975383758545
train/mda,7550.0,0.005263823550194502
train/mda,7600.0,0.00428693275898695
train/mda,7650.0,0.0056791603565216064
train/mda,7700.0,0.005265191197395325
train/mda,7750.0,0.008018344640731812
train/mda,7800.0,0.005159610882401466
train/mda,7850.0,0.004427152685821056
train/mda,7900.0,0.003845083760097623
train/mda,7950.0,0.005577772855758667
train/mda,8000.0,0.005480107851326466
train/mda,8050.0,0.004196631722152233
train/mda,8100.0,0.004223310854285955
train/mda,8150.0,0.0036794603802263737
train/mda,8200.0,0.004339283797889948
train/mda,8250.0,0.00865152757614851
train/mda,8300.0,0.005068579223006964
train/mda,8350.0,0.005880874581634998
train/mda,8400.0,0.0037232935428619385
train/mda,8450.0,0.005823811981827021
train/mda,8500.0,0.004062831401824951
train/mda,8550.0,0.004770693369209766
train/mda,8600.0,0.005022287368774414
train/mda,8650.0,0.005758563056588173
train/mda,8700.0,0.004631561227142811
train/mda,8750.0,0.004402643535286188
train/mda,8800.0,0.0063367607071995735
train/mda,8850.0,0.00398863572627306
train/mda,8900.0,0.004785016179084778
train/mda,8950.0,0.0047296020202338696
train/mda,9000.0,0.0038645267486572266
train/mda,9050.0,0.003956913948059082
train/mda,9100.0,0.005367106292396784
train/mda,9150.0,0.005025082733482122
train/mda,9200.0,0.005221480503678322
train/mda,9250.0,0.0064691039733588696
train/mda,9300.0,0.005342358723282814
train/mda,9350.0,0.0059986114501953125
train/mda,9400.0,0.004079666920006275
train/mda,9450.0,0.003946071956306696
train/mda,9500.0,0.009183269925415516
train/mda,9550.0,0.0036110254004597664
train/mda,9600.0,0.00647141644731164
train/mda,9650.0,0.005341663956642151
train/mda,9700.0,0.004870623350143433
train/mda,9750.0,0.004608544521033764
train/mda,9800.0,0.006409997120499611
train/mda,9850.0,0.005370482802391052
train/mda,9900.0,0.004283815622329712
train/mda,9950.0,0.0059890178963541985
train/mda,10000.0,0.00754979532212019
train/mda,10050.0,0.005291193723678589
train/mda,10100.0,0.00834797602146864
train/mda,10150.0,0.006315800826996565
train/mda,10200.0,0.005280059762299061
train/mda,10250.0,0.00559712341055274
train/mda,10300.0,0.005514457821846008
train/mda,10350.0,0.004060009494423866
train/mda,10400.0,0.00475902296602726
train/mda,10450.0,0.005222898907959461
train/mda,10500.0,0.004041454289108515
train/mda,10550.0,0.006526827812194824
train/mda,10600.0,0.006846714299172163
train/mda,10650.0,0.004166636150330305
train/mda,10700.0,0.004649144597351551
train/mda,10750.0,0.0044301776215434074
train/mda,10800.0,0.004578888416290283
train/mda,10850.0,0.004837253596633673
train/mda,10900.0,0.0056013851426541805
train/mda,10950.0,0.004300862550735474
train/mda,11000.0,0.004689035005867481
train/mda,11050.0,0.006539023015648127
train/mda,11100.0,0.003781846258789301
train/mda,11150.0,0.0048425765708088875
train/mda,11200.0,0.004721549339592457
train/mda,11250.0,0.005388421006500721
train/mda,11300.0,0.0046150595881044865
train/mda,11350.0,0.008154070004820824
train/mda,11400.0,0.0060465577989816666
train/mda,11450.0,0.005909461062401533
train/mda,11500.0,0.0067960349842906
train/mda,11550.0,0.00568481395021081
train/mda,11600.0,0.004557570908218622
train/mda,11650.0,0.005786186549812555
train/mda,11700.0,0.00529954768717289
train/mda,11750.0,0.004808047786355019
train/mda,11800.0,0.004480165429413319
train/mda,11850.0,0.003773981239646673
train/mda,11900.0,0.0038736045826226473
train/mda,11950.0,0.004414850380271673
train/mda,12000.0,0.0047263531014323235
train/mda,12050.0,0.004537725355476141
train/mda,12100.0,0.0047298939898610115
train/mda,12150.0,0.004967266693711281
train/mda,12200.0,0.006136313080787659
train/mda,12250.0,0.005847242660820484
train/mda,12300.0,0.004237142391502857
train/mda,12350.0,0.004352215211838484
train/mda,12400.0,0.005293264985084534
train/mda,12450.0,0.004919576924294233
train/mda,12500.0,0.004904714412987232
train/mda,12550.0,0.005533141084015369
train/mda,12600.0,0.005436700768768787
train/mda,12650.0,0.004309698939323425
train/mda,12700.0,0.0060312869027256966
train/mda,12750.0,0.006694892421364784
train/mda,12800.0,0.005675292108207941
train/mda,12850.0,0.006845036521553993
train/mda,12900.0,0.004249569959938526
train/mda,12950.0,0.004334291908890009
train/mda,13000.0,0.00512386579066515
train/mda,13050.0,0.005164662376046181
train/mda,13100.0,0.003998711705207825
train/mda,13150.0,0.006693154573440552
train/mda,13200.0,0.004323375411331654
train/mda,13250.0,0.005496365018188953
train/mda,13300.0,0.006414583418518305
train/mda,13350.0,0.008092842064797878
train/mda,13400.0,0.005883729550987482
train/mda,13450.0,0.005319598130881786
train/mda,13500.0,0.007145402021706104
train/mda,13550.0,0.006088593974709511
train/mda,13600.0,0.007659951224923134
train/mda,13650.0,0.005296593997627497
train/mda,13700.0,0.004684948828071356
train/mda,13750.0,0.00749899772927165
train/mda,13800.0,0.0058080703020095825
train/mda,13850.0,0.005972728133201599
train/mda,13900.0,0.005070543382316828
train/mda,13950.0,0.0061879693530499935
train/mda,14000.0,0.0037079453468322754
train/nce,1.0,5.702811241149902
train/nce,50.0,1.4773519039154053
train/nce,100.0,1.0685362815856934
train/nce,150.0,0.9212929010391235
train/nce,200.0,0.8501371145248413
train/nce,250.0,1.431628704071045
train/nce,300.0,0.8691626191139221
train/nce,350.0,0.7033367156982422
train/nce,400.0,0.6154369115829468
train/nce,450.0,0.5892258882522583
train/nce,500.0,0.5718585252761841
train/nce,550.0,0.52347731590271
train/nce,600.0,0.5385010838508606
train/nce,650.0,0.4934484362602234
train/nce,700.0,0.4629150331020355
train/nce,750.0,0.4600394368171692
train/nce,800.0,0.42505431175231934
train/nce,850.0,0.45943590998649597
train/nce,900.0,0.4091351330280304
train/nce,950.0,0.4604378938674927
train/nce,1000.0,0.3813862204551697
train/nce,1050.0,0.409320592880249
train/nce,1100.0,0.42949220538139343
train/nce,1150.0,0.4306339621543884
train/nce,1200.0,0.3669472932815552
train/nce,1250.0,0.45475003123283386
train/nce,1300.0,0.4725671112537384
train/nce,1350.0,0.46699708700180054
train/nce,1400.0,0.48234686255455017
train/nce,1450.0,0.4798649549484253
train/nce,1500.0,0.5284640789031982
train/nce,1550.0,0.4181775450706482
train/nce,1600.0,0.4950712323188782
train/nce,1650.0,0.46070921421051025
train/nce,1700.0,0.42798659205436707
train/nce,1750.0,0.4767759442329407
train/nce,1800.0,0.42033886909484863
train/nce,1850.0,0.5026448965072632
train/nce,1900.0,0.5091027021408081
train/nce,1950.0,0.5239274501800537
train/nce,2000.0,0.4155009984970093
train/nce,2050.0,0.45703160762786865
train/nce,2100.0,0.41283878684043884
train/nce,2150.0,0.39954259991645813
train/nce,2200.0,0.4005759358406067
train/nce,2250.0,0.4463389217853546
train/nce,2300.0,0.4904860854148865
train/nce,2350.0,0.4394068717956543
train/nce,2400.0,0.38234180212020874
train/nce,2450.0,0.44669219851493835
train/nce,2500.0,0.41628605127334595
train/nce,2550.0,0.4235185384750366
train/nce,2600.0,0.361789733171463
train/nce,2650.0,0.4450289011001587
train/nce,2700.0,0.4290083348751068
train/nce,2750.0,0.43524810671806335
train/nce,2800.0,0.32424354553222656
train/nce,2850.0,0.4085279107093811
train/nce,2900.0,0.3609478771686554
train/nce,2950.0,0.4328218698501587
train/nce,3000.0,0.37779220938682556
train/nce,3050.0,0.3945460915565491
train/nce,3100.0,0.3768223822116852
train/nce,3150.0,0.4170236885547638
train/nce,3200.0,0.5197598338127136
train/nce,3250.0,0.4515080451965332
train/nce,3300.0,0.39642420411109924
train/nce,3350.0,0.3816886246204376
train/nce,3400.0,0.3590107858181
train/nce,3450.0,0.37116092443466187
train/nce,3500.0,0.39115527272224426
train/nce,3550.0,0.4014507234096527
train/nce,3600.0,0.38911551237106323
train/nce,3650.0,0.35151976346969604
train/nce,3700.0,0.4286227524280548
train/nce,3750.0,0.43051671981811523
train/nce,3800.0,0.40779173374176025
train/nce,3850.0,0.3799774944782257
train/nce,3900.0,0.39904069900512695
train/nce,3950.0,0.43891263008117676
train/nce,4000.0,0.3750041723251343
train/nce,4050.0,0.35830557346343994
train/nce,4100.0,0.32652702927589417
train/nce,4150.0,0.3831794559955597
train/nce,4200.0,0.3260379135608673
train/nce,4250.0,0.3867550194263458
train/nce,4300.0,0.35613739490509033
train/nce,4350.0,0.32933223247528076
train/nce,4400.0,0.36800065636634827
train/nce,4450.0,0.33839794993400574
train/nce,4500.0,0.39593058824539185
train/nce,4550.0,0.33686837553977966
train/nce,4600.0,0.4318126440048218
train/nce,4650.0,0.37012094259262085
train/nce,4700.0,0.33390119671821594
train/nce,4750.0,0.48328322172164917
train/nce,4800.0,0.3454020917415619
train/nce,4850.0,0.3760959208011627
train/nce,4900.0,0.3249157667160034
train/nce,4950.0,0.3821398913860321
train/nce,5000.0,0.33177733421325684
train/nce,5050.0,0.31815582513809204
train/nce,5100.0,0.2992289662361145
train/nce,5150.0,0.31057465076446533
train/nce,5200.0,0.35722583532333374
train/nce,5250.0,0.37429776787757874
train/nce,5300.0,0.3799424171447754
train/nce,5350.0,0.4253528416156769
train/nce,5400.0,0.327393114566803
train/nce,5450.0,0.32548820972442627
train/nce,5500.0,0.3836355209350586
train/nce,5550.0,0.31766507029533386
train/nce,5600.0,0.29724448919296265
train/nce,5650.0,0.297598659992218
train/nce,5700.0,0.335771769285202
train/nce,5750.0,0.39234623312950134
train/nce,5800.0,0.34998536109924316
train/nce,5850.0,0.39134982228279114
train/nce,5900.0,0.3185179829597473
train/nce,5950.0,0.38297393918037415
train/nce,6000.0,0.3795536160469055
train/nce,6050.0,0.332531601190567
train/nce,6100.0,0.29317256808280945
train/nce,6150.0,0.336834192276001
train/nce,6200.0,0.36007142066955566
train/nce,6250.0,0.3621399998664856
train/nce,6300.0,0.35648471117019653
train/nce,6350.0,0.3016556203365326
train/nce,6400.0,0.36268240213394165
train/nce,6450.0,0.301077663898468
train/nce,6500.0,0.3352369964122772
train/nce,6550.0,0.35445883870124817
train/nce,6600.0,0.2637922465801239
train/nce,6650.0,0.2939411401748657
train/nce,6700.0,0.2869638204574585
train/nce,6750.0,0.2719634175300598
train/nce,6800.0,0.3659980595111847
train/nce,6850.0,0.3365112841129303
train/nce,6900.0,0.3338337540626526
train/nce,6950.0,0.24388571083545685
train/nce,7000.0,0.3406594395637512
train/nce,7050.0,0.27136486768722534
train/nce,7100.0,0.297838032245636
train/nce,7150.0,0.2687453329563141
train/nce,7200.0,0.3536663055419922
train/nce,7250.0,0.3201110064983368
train/nce,7300.0,0.34550026059150696
train/nce,7350.0,0.3159395754337311
train/nce,7400.0,0.278544157743454
train/nce,7450.0,0.29673612117767334
train/nce,7500.0,0.3020451068878174
train/nce,7550.0,0.3174610435962677
train/nce,7600.0,0.27272945642471313
train/nce,7650.0,0.331684410572052
train/nce,7700.0,0.2778366804122925
train/nce,7750.0,0.265456885099411
train/nce,7800.0,0.3061223030090332
train/nce,7850.0,0.274560809135437
train/nce,7900.0,0.22890903055667877
train/nce,7950.0,0.282041072845459
train/nce,8000.0,0.29296863079071045
train/nce,8050.0,0.27983346581459045
train/nce,8100.0,0.30852991342544556
train/nce,8150.0,0.23625929653644562
train/nce,8200.0,0.3237297236919403
train/nce,8250.0,0.27935296297073364
train/nce,8300.0,0.29932621121406555
train/nce,8350.0,0.3235189914703369
train/nce,8400.0,0.28764697909355164
train/nce,8450.0,0.3579528033733368
train/nce,8500.0,0.3345034420490265
train/nce,8550.0,0.3373946249485016
train/nce,8600.0,0.3833230137825012
train/nce,8650.0,0.4010429382324219
train/nce,8700.0,0.34910959005355835
train/nce,8750.0,0.3220827579498291
train/nce,8800.0,0.32977497577667236
train/nce,8850.0,0.31476542353630066
train/nce,8900.0,0.3489304780960083
train/nce,8950.0,0.2730557322502136
train/nce,9000.0,0.29866155982017517
train/nce,9050.0,0.33124327659606934
train/nce,9100.0,0.27877697348594666
train/nce,9150.0,0.34133461117744446
train/nce,9200.0,0.31341999769210815
train/nce,9250.0,0.26759839057922363
train/nce,9300.0,0.2944888174533844
train/nce,9350.0,0.301945298910141
train/nce,9400.0,0.26833969354629517
train/nce,9450.0,0.2861715257167816
train/nce,9500.0,0.413244366645813
train/nce,9550.0,0.2808149456977844
train/nce,9600.0,0.37470149993896484
train/nce,9650.0,0.35574138164520264
train/nce,9700.0,0.3551709055900574
train/nce,9750.0,0.3350464105606079
train/nce,9800.0,0.29862678050994873
train/nce,9850.0,0.30272313952445984
train/nce,9900.0,0.30481278896331787
train/nce,9950.0,0.33337995409965515
train/nce,10000.0,0.3232654929161072
train/nce,10050.0,0.2953512668609619
train/nce,10100.0,0.3495233952999115
train/nce,10150.0,0.29204222559928894
train/nce,10200.0,0.32391053438186646
train/nce,10250.0,0.35479286313056946
train/nce,10300.0,0.3088318705558777
train/nce,10350.0,0.2759208679199219
train/nce,10400.0,0.3041483461856842
train/nce,10450.0,0.30996066331863403
train/nce,10500.0,0.26224297285079956
train/nce,10550.0,0.25827428698539734
train/nce,10600.0,0.3603779077529907
train/nce,10650.0,0.2861822247505188
train/nce,10700.0,0.2893815040588379
train/nce,10750.0,0.2904927432537079
train/nce,10800.0,0.29913485050201416
train/nce,10850.0,0.2831766605377197
train/nce,10900.0,0.2865446209907532
train/nce,10950.0,0.24678868055343628
train/nce,11000.0,0.2575036287307739
train/nce,11050.0,0.2653469145298004
train/nce,11100.0,0.2022428661584854
train/nce,11150.0,0.22749122977256775
train/nce,11200.0,0.2852923572063446
train/nce,11250.0,0.2421066164970398
train/nce,11300.0,0.2308608889579773
train/nce,11350.0,0.3762231469154358
train/nce,11400.0,0.27372464537620544
train/nce,11450.0,0.27096399664878845
train/nce,11500.0,0.2095935195684433
train/nce,11550.0,0.23696383833885193
train/nce,11600.0,0.22101673483848572
train/nce,11650.0,0.25691214203834534
train/nce,11700.0,0.2407056987285614
train/nce,11750.0,0.2373935729265213
train/nce,11800.0,0.2597644031047821
train/nce,11850.0,0.21812587976455688
train/nce,11900.0,0.20948034524917603
train/nce,11950.0,0.21074868738651276
train/nce,12000.0,0.2535509765148163
train/nce,12050.0,0.19876176118850708
train/nce,12100.0,0.20389164984226227
train/nce,12150.0,0.23737475275993347
train/nce,12200.0,0.25670456886291504
train/nce,12250.0,0.26098203659057617
train/nce,12300.0,0.2153356373310089
train/nce,12350.0,0.22437937557697296
train/nce,12400.0,0.277073472738266
train/nce,12450.0,0.25186440348625183
train/nce,12500.0,0.271930068731308
train/nce,12550.0,0.3109424412250519
train/nce,12600.0,0.24818743765354156
train/nce,12650.0,0.20501895248889923
train/nce,12700.0,0.24477578699588776
train/nce,12750.0,0.27067503333091736
train/nce,12800.0,0.19283929467201233
train/nce,12850.0,0.2194446325302124
train/nce,12900.0,0.2625274360179901
train/nce,12950.0,0.263900488615036
train/nce,13000.0,0.23582850396633148
train/nce,13050.0,0.2256522923707962
train/nce,13100.0,0.24931694567203522
train/nce,13150.0,0.27849704027175903
train/nce,13200.0,0.2600414454936981
train/nce,13250.0,0.2800472378730774
train/nce,13300.0,0.20228013396263123
train/nce,13350.0,0.27272936701774597
train/nce,13400.0,0.26533985137939453
train/nce,13450.0,0.25095871090888977
train/nce,13500.0,0.2796035408973694
train/nce,13550.0,0.28987380862236023
train/nce,13600.0,0.29147353768348694
train/nce,13650.0,0.3135800361633301
train/nce,13700.0,0.29359734058380127
train/nce,13750.0,0.32414519786834717
train/nce,13800.0,0.31140801310539246
train/nce,13850.0,0.3439704179763794
train/nce,13900.0,0.27623865008354187
train/nce,13950.0,0.2984367907047272
train/nce,14000.0,0.2569673955440521
val/delta_e76,1000.0,16.440685272216797
val/delta_e76,2000.0,15.552987098693848
val/delta_e76,3000.0,16.658693313598633
val/delta_e76,4000.0,18.641498565673828
val/delta_e76,5000.0,15.58397388458252
val/delta_e76,6000.0,13.303631782531738
val/delta_e76,7000.0,15.5617094039917
val/delta_e76,8000.0,15.644668579101562
val/delta_e76,9000.0,17.851078033447266
val/delta_e76,10000.0,18.15481948852539
val/delta_e76,11000.0,14.776702880859375
val/delta_e76,12000.0,15.000662803649902
val/delta_e76,13000.0,15.259718894958496
val/delta_e76,14000.0,14.807673454284668
val/loss,1000.0,0.12351551651954651
val/loss,2000.0,0.12226522713899612
val/loss,3000.0,0.12655800580978394
val/loss,4000.0,0.14341692626476288
val/loss,5000.0,0.1205802783370018
val/loss,6000.0,0.10111178457736969
val/loss,7000.0,0.11779706180095673
val/loss,8000.0,0.1205516830086708
val/loss,9000.0,0.1424204409122467
val/loss,10000.0,0.13909554481506348
val/loss,11000.0,0.11377671360969543
val/loss,12000.0,0.11494296044111252
val/loss,13000.0,0.1202792301774025
val/loss,14000.0,0.11531197279691696
val/lpips,1000.0,0.5215114951133728
val/lpips,2000.0,0.5088722109794617
val/lpips,3000.0,0.5251363515853882
val/lpips,4000.0,0.5346859097480774
val/lpips,5000.0,0.5263899564743042
val/lpips,6000.0,0.48541945219039917
val/lpips,7000.0,0.502352774143219
val/lpips,8000.0,0.4962584674358368
val/lpips,9000.0,0.5059382915496826
val/lpips,10000.0,0.49752163887023926
val/lpips,11000.0,0.49786823987960815
val/lpips,12000.0,0.49759039282798767
val/lpips,13000.0,0.5122751593589783
val/lpips,14000.0,0.49440377950668335
val/mae,1000.0,0.12351551651954651
val/mae,2000.0,0.12226522713899612
val/mae,3000.0,0.12655800580978394
val/mae,4000.0,0.14341692626476288
val/mae,5000.0,0.1205802783370018
val/mae,6000.0,0.10111178457736969
val/mae,7000.0,0.11779706180095673
val/mae,8000.0,0.1205516830086708
val/mae,9000.0,0.1424204409122467
val/mae,10000.0,0.13909554481506348
val/mae,11000.0,0.11377671360969543
val/mae,12000.0,0.11494296044111252
val/mae,13000.0,0.1202792301774025
val/mae,14000.0,0.11531197279691696
val/psnr,1000.0,16.538555145263672
val/psnr,2000.0,16.669605255126953
val/psnr,3000.0,16.515613555908203
val/psnr,4000.0,15.390484809875488
val/psnr,5000.0,16.950279235839844
val/psnr,6000.0,18.44029426574707
val/psnr,7000.0,17.18955421447754
val/psnr,8000.0,16.712194442749023
val/psnr,9000.0,15.447684288024902
val/psnr,10000.0,15.766633987426758
val/psnr,11000.0,17.380149841308594
val/psnr,12000.0,17.209314346313477
val/psnr,13000.0,16.746835708618164
val/psnr,14000.0,17.11970329284668
val/ssim,1000.0,0.21677888929843903
val/ssim,2000.0,0.18463020026683807
val/ssim,3000.0,0.20740704238414764
val/ssim,4000.0,0.15044844150543213
val/ssim,5000.0,0.24297837913036346
val/ssim,6000.0,0.3685051202774048
val/ssim,7000.0,0.3087521493434906
val/ssim,8000.0,0.2837789058685303
val/ssim,9000.0,0.20939819514751434
val/ssim,10000.0,0.21684667468070984
val/ssim,11000.0,0.2729125916957855
val/ssim,12000.0,0.2714200019836426
val/ssim,13000.0,0.23846431076526642
val/ssim,14000.0,0.28034794330596924
train/learning_rate,1.0,0.00019999999494757503
train/learning_rate,50.0,0.00019999999494757503
train/learning_rate,100.0,0.00019999999494757503
train/learning_rate,150.0,0.00019999999494757503
train/learning_rate,200.0,0.00019999999494757503
train/learning_rate,250.0,0.00019999999494757503
train/learning_rate,300.0,0.00019999999494757503
train/learning_rate,350.0,0.00019999999494757503
train/learning_rate,400.0,0.00019999999494757503
train/learning_rate,450.0,0.00019999999494757503
train/learning_rate,500.0,0.00019999999494757503
train/learning_rate,550.0,0.00019999999494757503
train/learning_rate,600.0,0.00019999999494757503
train/learning_rate,650.0,0.00019999999494757503
train/learning_rate,700.0,0.00019999999494757503
train/learning_rate,750.0,0.00019999999494757503
train/learning_rate,800.0,0.00019999999494757503
train/learning_rate,850.0,0.00019999999494757503
train/learning_rate,900.0,0.00019999999494757503
train/learning_rate,950.0,0.00019999999494757503
train/learning_rate,1000.0,0.00019999999494757503
train/learning_rate,1050.0,0.00019999999494757503
train/learning_rate,1100.0,0.00019999999494757503
train/learning_rate,1150.0,0.00019999999494757503
train/learning_rate,1200.0,0.00019999999494757503
train/learning_rate,1250.0,0.00019999999494757503
train/learning_rate,1300.0,0.00019999999494757503
train/learning_rate,1350.0,0.00019999999494757503
train/learning_rate,1400.0,0.00019999999494757503
train/learning_rate,1450.0,0.00019999999494757503
train/learning_rate,1500.0,0.00019999999494757503
train/learning_rate,1550.0,0.00019999999494757503
train/learning_rate,1600.0,0.00019999999494757503
train/learning_rate,1650.0,0.00019999999494757503
train/learning_rate,1700.0,0.00019999999494757503
train/learning_rate,1750.0,0.00019999999494757503
train/learning_rate,1800.0,0.00019999999494757503
train/learning_rate,1850.0,0.00019999999494757503
train/learning_rate,1900.0,0.00019999999494757503
train/learning_rate,1950.0,0.00019999999494757503
train/learning_rate,2000.0,0.00019999999494757503
train/learning_rate,2050.0,0.00019999999494757503
train/learning_rate,2100.0,0.00019999999494757503
train/learning_rate,2150.0,0.00019999999494757503
train/learning_rate,2200.0,0.00019999999494757503
train/learning_rate,2250.0,0.00019999999494757503
train/learning_rate,2300.0,0.00019999999494757503
train/learning_rate,2350.0,0.00019999999494757503
train/learning_rate,2400.0,0.00019999999494757503
train/learning_rate,2450.0,0.00019999999494757503
train/learning_rate,2500.0,0.00019999999494757503
train/learning_rate,2550.0,0.00019999999494757503
train/learning_rate,2600.0,0.00019999999494757503
train/learning_rate,2650.0,0.00019999999494757503
train/learning_rate,2700.0,0.00019999999494757503
train/learning_rate,2750.0,0.00019999999494757503
train/learning_rate,2800.0,0.00019999999494757503
train/learning_rate,2850.0,0.00019999999494757503
train/learning_rate,2900.0,0.00019999999494757503
train/learning_rate,2950.0,0.00019999999494757503
train/learning_rate,3000.0,0.00019999999494757503
train/learning_rate,3050.0,0.00019999999494757503
train/learning_rate,3100.0,0.00019999999494757503
train/learning_rate,3150.0,0.00019999999494757503
train/learning_rate,3200.0,0.00019999999494757503
train/learning_rate,3250.0,0.00019999999494757503
train/learning_rate,3300.0,0.00019999999494757503
train/learning_rate,3350.0,0.00019999999494757503
train/learning_rate,3400.0,0.00019999999494757503
train/learning_rate,3450.0,0.00019999999494757503
train/learning_rate,3500.0,0.00019999999494757503
train/learning_rate,3550.0,0.00019999999494757503
train/learning_rate,3600.0,0.00019999999494757503
train/learning_rate,3650.0,0.00019999999494757503
train/learning_rate,3700.0,0.00019999999494757503
train/learning_rate,3750.0,0.00019999999494757503
train/learning_rate,3800.0,0.00019999999494757503
train/learning_rate,3850.0,0.00019999999494757503
train/learning_rate,3900.0,0.00019999999494757503
train/learning_rate,3950.0,0.00019999999494757503
train/learning_rate,4000.0,0.00019999999494757503
train/learning_rate,4050.0,0.00019999999494757503
train/learning_rate,4100.0,0.00019999999494757503
train/learning_rate,4150.0,0.00019999999494757503
train/learning_rate,4200.0,0.00019999999494757503
train/learning_rate,4250.0,0.00019999999494757503
train/learning_rate,4300.0,0.00019999999494757503
train/learning_rate,4350.0,0.00019999999494757503
train/learning_rate,4400.0,0.00019999999494757503
train/learning_rate,4450.0,0.00019999999494757503
train/learning_rate,4500.0,0.00019999999494757503
train/learning_rate,4550.0,0.00019999999494757503
train/learning_rate,4600.0,0.00019999999494757503
train/learning_rate,4650.0,0.00019999999494757503
train/learning_rate,4700.0,0.00019999999494757503
train/learning_rate,4750.0,0.00019999999494757503
train/learning_rate,4800.0,0.00019999999494757503
train/learning_rate,4850.0,0.00019999999494757503
train/learning_rate,4900.0,0.00019999999494757503
train/learning_rate,4950.0,0.00019999999494757503
train/learning_rate,5000.0,0.00019999999494757503
train/learning_rate,5050.0,0.00019999999494757503
train/learning_rate,5100.0,0.00019999999494757503
train/learning_rate,5150.0,0.00019999999494757503
train/learning_rate,5200.0,0.00019999999494757503
train/learning_rate,5250.0,0.00019999999494757503
train/learning_rate,5300.0,0.00019999999494757503
train/learning_rate,5350.0,0.00019999999494757503
train/learning_rate,5400.0,0.00019999999494757503
train/learning_rate,5450.0,0.00019999999494757503
train/learning_rate,5500.0,0.00019999999494757503
train/learning_rate,5550.0,0.00019999999494757503
train/learning_rate,5600.0,0.00019999999494757503
train/learning_rate,5650.0,0.00019999999494757503
train/learning_rate,5700.0,0.00019999999494757503
train/learning_rate,5750.0,0.00019999999494757503
train/learning_rate,5800.0,0.00019999999494757503
train/learning_rate,5850.0,0.00019999999494757503
train/learning_rate,5900.0,0.00019999999494757503
train/learning_rate,5950.0,0.00019999999494757503
train/learning_rate,6000.0,0.00019999999494757503
train/learning_rate,6050.0,0.00019999999494757503
train/learning_rate,6100.0,0.00019999999494757503
train/learning_rate,6150.0,0.00019999999494757503
train/learning_rate,6200.0,0.00019999999494757503
train/learning_rate,6250.0,0.00019999999494757503
train/learning_rate,6300.0,0.00019999999494757503
train/learning_rate,6350.0,0.00019999999494757503
train/learning_rate,6400.0,0.00019999999494757503
train/learning_rate,6450.0,0.00019999999494757503
train/learning_rate,6500.0,0.00019999999494757503
train/learning_rate,6550.0,0.00019999999494757503
train/learning_rate,6600.0,0.00019999999494757503
train/learning_rate,6650.0,0.00019999999494757503
train/learning_rate,6700.0,0.00019999999494757503
train/learning_rate,6750.0,0.00019999999494757503
train/learning_rate,6800.0,0.00019999999494757503
train/learning_rate,6850.0,0.00019999999494757503
train/learning_rate,6900.0,0.00019999999494757503
train/learning_rate,6950.0,0.00019999999494757503
train/learning_rate,7000.0,0.00019999999494757503
train/learning_rate,7050.0,0.00019999999494757503
train/learning_rate,7100.0,0.00019999999494757503
train/learning_rate,7150.0,0.00019999999494757503
train/learning_rate,7200.0,0.00019999999494757503
train/learning_rate,7250.0,0.00019999999494757503
train/learning_rate,7300.0,0.00019999999494757503
train/learning_rate,7350.0,0.00019999999494757503
train/learning_rate,7400.0,0.00019999999494757503
train/learning_rate,7450.0,0.00019999999494757503
train/learning_rate,7500.0,0.00019999999494757503
train/learning_rate,7550.0,0.00019999999494757503
train/learning_rate,7600.0,0.00019999999494757503
train/learning_rate,7650.0,0.00019999999494757503
train/learning_rate,7700.0,0.00019999999494757503
train/learning_rate,7750.0,0.00019999999494757503
train/learning_rate,7800.0,0.00019999999494757503
train/learning_rate,7850.0,0.00019999999494757503
train/learning_rate,7900.0,0.00019999999494757503
train/learning_rate,7950.0,0.00019999999494757503
train/learning_rate,8000.0,0.00019999999494757503
train/learning_rate,8050.0,0.00019999999494757503
train/learning_rate,8100.0,0.00019999999494757503
train/learning_rate,8150.0,0.00019999999494757503
train/learning_rate,8200.0,0.00019999999494757503
train/learning_rate,8250.0,0.00019999999494757503
train/learning_rate,8300.0,0.00019999999494757503
train/learning_rate,8350.0,0.00019999999494757503
train/learning_rate,8400.0,0.00019999999494757503
train/learning_rate,8450.0,0.00019999999494757503
train/learning_rate,8500.0,0.00019999999494757503
train/learning_rate,8550.0,0.00019999999494757503
train/learning_rate,8600.0,0.00019999999494757503
train/learning_rate,8650.0,0.00019999999494757503
train/learning_rate,8700.0,0.00019999999494757503
train/learning_rate,8750.0,0.00019999999494757503
train/learning_rate,8800.0,0.00019999999494757503
train/learning_rate,8850.0,0.00019999999494757503
train/learning_rate,8900.0,0.00019999999494757503
train/learning_rate,8950.0,0.00019999999494757503
train/learning_rate,9000.0,0.00019999999494757503
train/learning_rate,9050.0,0.00019999999494757503
train/learning_rate,9100.0,0.00019999999494757503
train/learning_rate,9150.0,0.00019999999494757503
train/learning_rate,9200.0,0.00019999999494757503
train/learning_rate,9250.0,0.00019999999494757503
train/learning_rate,9300.0,0.00019999999494757503
train/learning_rate,9350.0,0.00019999999494757503
train/learning_rate,9400.0,0.00019999999494757503
train/learning_rate,9450.0,0.00019999999494757503
train/learning_rate,9500.0,0.00019999999494757503
train/learning_rate,9550.0,0.00019999999494757503
train/learning_rate,9600.0,0.00019999999494757503
train/learning_rate,9650.0,0.00019999999494757503
train/learning_rate,9700.0,0.00019999999494757503
train/learning_rate,9750.0,0.00019999999494757503
train/learning_rate,9800.0,0.00019999999494757503
train/learning_rate,9850.0,0.00019999999494757503
train/learning_rate,9900.0,0.00019999999494757503
train/learning_rate,9950.0,0.00019999999494757503
train/learning_rate,10000.0,0.00019999999494757503
train/learning_rate,10050.0,0.00019901999621652067
train/learning_rate,10100.0,0.00019802000315394253
train/learning_rate,10150.0,0.00019701999553944916
train/learning_rate,10200.0,0.00019602000247687101
train/learning_rate,10250.0,0.00019501999486237764
train/learning_rate,10300.0,0.0001940200017997995
train/learning_rate,10350.0,0.00019301999418530613
train/learning_rate,10400.0,0.000192020001122728
train/learning_rate,10450.0,0.00019101999350823462
train/learning_rate,10500.0,0.00019002000044565648
train/learning_rate,10550.0,0.0001890199928311631
train/learning_rate,10600.0,0.00018801999976858497
train/learning_rate,10650.0,0.00018702000670600682
train/learning_rate,10700.0,0.00018601999909151345
train/learning_rate,10750.0,0.0001850200060289353
train/learning_rate,10800.0,0.00018401999841444194
train/learning_rate,10850.0,0.0001830200053518638
train/learning_rate,10900.0,0.00018201999773737043
train/learning_rate,10950.0,0.0001810200046747923
train/learning_rate,11000.0,0.00018001999706029892
train/learning_rate,11050.0,0.00017902000399772078
train/learning_rate,11100.0,0.0001780199963832274
train/learning_rate,11150.0,0.00017702000332064927
train/learning_rate,11200.0,0.0001760199957061559
train/learning_rate,11250.0,0.00017502000264357775
train/learning_rate,11300.0,0.00017401999502908438
train/learning_rate,11350.0,0.00017302000196650624
train/learning_rate,11400.0,0.00017201999435201287
train/learning_rate,11450.0,0.00017102000128943473
train/learning_rate,11500.0,0.00017001999367494136
train/learning_rate,11550.0,0.00016902000061236322
train/learning_rate,11600.0,0.00016801999299786985
train/learning_rate,11650.0,0.0001670199999352917
train/learning_rate,11700.0,0.00016602000687271357
train/learning_rate,11750.0,0.0001650199992582202
train/learning_rate,11800.0,0.00016402000619564205
train/learning_rate,11850.0,0.00016301999858114868
train/learning_rate,11900.0,0.00016202000551857054
train/learning_rate,11950.0,0.00016101999790407717
train/learning_rate,12000.0,0.00016002000484149903
train/learning_rate,12050.0,0.00015901999722700566
train/learning_rate,12100.0,0.00015802000416442752
train/learning_rate,12150.0,0.00015701999654993415
train/learning_rate,12200.0,0.000156020003487356
train/learning_rate,12250.0,0.00015501999587286264
train/learning_rate,12300.0,0.0001540200028102845
train/learning_rate,12350.0,0.00015301999519579113
train/learning_rate,12400.0,0.00015202000213321298
train/learning_rate,12450.0,0.0001510199945187196
train/learning_rate,12500.0,0.00015002000145614147
train/learning_rate,12550.0,0.0001490199938416481
train/learning_rate,12600.0,0.00014802000077906996
train/learning_rate,12650.0,0.0001470199931645766
train/learning_rate,12700.0,0.00014602000010199845
train/learning_rate,12750.0,0.0001450200070394203
train/learning_rate,12800.0,0.00014401999942492694
train/learning_rate,12850.0,0.0001430200063623488
train/learning_rate,12900.0,0.00014201999874785542
train/learning_rate,12950.0,0.00014102000568527728
train/learning_rate,13000.0,0.0001400199980707839
train/learning_rate,13050.0,0.00013902000500820577
train/learning_rate,13100.0,0.0001380199973937124
train/learning_rate,13150.0,0.00013702000433113426
train/learning_rate,13200.0,0.0001360199967166409
train/learning_rate,13250.0,0.00013502000365406275
train/learning_rate,13300.0,0.00013401999603956938
train/learning_rate,13350.0,0.00013302000297699124
train/learning_rate,13400.0,0.00013201999536249787
train/learning_rate,13450.0,0.00013102000229991972
train/learning_rate,13500.0,0.00013001999468542635
train/learning_rate,13550.0,0.0001290200016228482
train/learning_rate,13600.0,0.00012801999400835484
train/learning_rate,13650.0,0.0001270200009457767
train/learning_rate,13700.0,0.00012601999333128333
train/learning_rate,13750.0,0.0001250200002687052
train/learning_rate,13800.0,0.00012402000720612705
train/learning_rate,13850.0,0.00012301999959163368
train/learning_rate,13900.0,0.00012201999925309792
train/learning_rate,13950.0,0.00012101999891456217
train/learning_rate,14000.0,0.00012001999857602641
train_interval/adversarial_he,1000.0,0.8204962015151978
train_interval/adversarial_he,2000.0,0.5803290009498596
train_interval/adversarial_he,3000.0,0.5851074457168579
train_interval/adversarial_he,4000.0,0.57325279712677
train_interval/adversarial_he,5000.0,0.5823870301246643
train_interval/adversarial_he,6000.0,0.5868676900863647
train_interval/adversarial_he,7000.0,0.5734695196151733
train_interval/adversarial_he,8000.0,0.57088702917099
train_interval/adversarial_he,9000.0,0.5907641053199768
train_interval/adversarial_he,10000.0,0.656412661075592
train_interval/adversarial_he,11000.0,0.6557382345199585
train_interval/adversarial_he,12000.0,0.6607280373573303
train_interval/adversarial_he,13000.0,0.7678107619285583
train_interval/adversarial_he,14000.0,0.8582887649536133
train_interval/adversarial_mif,1000.0,0.0
train_interval/adversarial_mif,2000.0,0.0
train_interval/adversarial_mif,3000.0,0.0
train_interval/adversarial_mif,4000.0,0.0
train_interval/adversarial_mif,5000.0,0.0
train_interval/adversarial_mif,6000.0,0.0
train_interval/adversarial_mif,7000.0,0.0
train_interval/adversarial_mif,8000.0,0.0
train_interval/adversarial_mif,9000.0,0.0
train_interval/adversarial_mif,10000.0,0.0
train_interval/adversarial_mif,11000.0,0.0
train_interval/adversarial_mif,12000.0,0.0
train_interval/adversarial_mif,13000.0,0.0
train_interval/adversarial_mif,14000.0,0.0
train_interval/discriminator,1000.0,0.17074403166770935
train_interval/discriminator,2000.0,0.1579580008983612
train_interval/discriminator,3000.0,0.14967378973960876
train_interval/discriminator,4000.0,0.15207405388355255
train_interval/discriminator,5000.0,0.14622320234775543
train_interval/discriminator,6000.0,0.14535722136497498
train_interval/discriminator,7000.0,0.148480623960495
train_interval/discriminator,8000.0,0.14816349744796753
train_interval/discriminator,9000.0,0.1403437852859497
train_interval/discriminator,10000.0,0.1180761381983757
train_interval/discriminator,11000.0,0.115605428814888
train_interval/discriminator,12000.0,0.11085863411426544
train_interval/discriminator,13000.0,0.07732972502708435
train_interval/discriminator,14000.0,0.04749741777777672
train_interval/discriminator_grad_norm,1000.0,9.884084701538086
train_interval/discriminator_grad_norm,2000.0,9.488730430603027
train_interval/discriminator_grad_norm,3000.0,8.160504341125488
train_interval/discriminator_grad_norm,4000.0,7.560408592224121
train_interval/discriminator_grad_norm,5000.0,6.860442161560059
train_interval/discriminator_grad_norm,6000.0,6.709446907043457
train_interval/discriminator_grad_norm,7000.0,6.373608112335205
train_interval/discriminator_grad_norm,8000.0,6.552424907684326
train_interval/discriminator_grad_norm,9000.0,6.540153980255127
train_interval/discriminator_grad_norm,10000.0,6.521994590759277
train_interval/discriminator_grad_norm,11000.0,6.590261936187744
train_interval/discriminator_grad_norm,12000.0,6.536329746246338
train_interval/discriminator_grad_norm,13000.0,5.235597133636475
train_interval/discriminator_grad_norm,14000.0,3.5073118209838867
train_interval/domain,1000.0,0.6197883486747742
train_interval/domain,2000.0,0.5742473602294922
train_interval/domain,3000.0,0.495829701423645
train_interval/domain,4000.0,0.4470287561416626
train_interval/domain,5000.0,0.41092994809150696
train_interval/domain,6000.0,0.39431628584861755
train_interval/domain,7000.0,0.34796497225761414
train_interval/domain,8000.0,0.3377828299999237
train_interval/domain,9000.0,0.5520675182342529
train_interval/domain,10000.0,0.9802963733673096
train_interval/domain,11000.0,0.4631953239440918
train_interval/domain,12000.0,0.33252206444740295
train_interval/domain,13000.0,0.42204180359840393
train_interval/domain,14000.0,1.8367186784744263
train_interval/generator_grad_norm,1000.0,85.4625244140625
train_interval/generator_grad_norm,2000.0,37.742618560791016
train_interval/generator_grad_norm,3000.0,36.95339584350586
train_interval/generator_grad_norm,4000.0,37.59278869628906
train_interval/generator_grad_norm,5000.0,34.334651947021484
train_interval/generator_grad_norm,6000.0,32.64653015136719
train_interval/generator_grad_norm,7000.0,31.289087295532227
train_interval/generator_grad_norm,8000.0,33.586669921875
train_interval/generator_grad_norm,9000.0,29.8609619140625
train_interval/generator_grad_norm,10000.0,30.189470291137695
train_interval/generator_grad_norm,11000.0,28.710269927978516
train_interval/generator_grad_norm,12000.0,30.832439422607422
train_interval/generator_grad_norm,13000.0,36.57734298706055
train_interval/generator_grad_norm,14000.0,40.25755310058594
train_interval/loss,1000.0,8.916298866271973
train_interval/loss,2000.0,5.779390335083008
train_interval/loss,3000.0,5.2201008796691895
train_interval/loss,4000.0,4.923367023468018
train_interval/loss,5000.0,4.6342363357543945
train_interval/loss,6000.0,4.368485450744629
train_interval/loss,7000.0,4.176753044128418
train_interval/loss,8000.0,3.905020236968994
train_interval/loss,9000.0,4.402681350708008
train_interval/loss,10000.0,4.929947853088379
train_interval/loss,11000.0,4.003779888153076
train_interval/loss,12000.0,3.469680070877075
train_interval/loss,13000.0,3.638073444366455
train_interval/loss,14000.0,5.531131744384766
train_interval/mda,1000.0,0.009385951794683933
train_interval/mda,2000.0,0.005694616585969925
train_interval/mda,3000.0,0.00601191446185112
train_interval/mda,4000.0,0.006100225728005171
train_interval/mda,5000.0,0.005593432113528252
train_interval/mda,6000.0,0.005361690651625395
train_interval/mda,7000.0,0.00532441446557641
train_interval/mda,8000.0,0.005252612289041281
train_interval/mda,9000.0,0.005381537601351738
train_interval/mda,10000.0,0.005555203650146723
train_interval/mda,11000.0,0.005400692578405142
train_interval/mda,12000.0,0.0053292205557227135
train_interval/mda,13000.0,0.005320997443050146
train_interval/mda,14000.0,0.005711677018553019
train_interval/nce,1000.0,0.7466628551483154
train_interval/nce,2000.0,0.46191197633743286
train_interval/nce,3000.0,0.41331517696380615
train_interval/nce,4000.0,0.38969850540161133
train_interval/nce,5000.0,0.36353257298469543
train_interval/nce,6000.0,0.33819395303726196
train_interval/nce,7000.0,0.3249993920326233
train_interval/nce,8000.0,0.2991097867488861
train_interval/nce,9000.0,0.32544681429862976
train_interval/nce,10000.0,0.32876837253570557
train_interval/nce,11000.0,0.2879445552825928
train_interval/nce,12000.0,0.24711006879806519
train_interval/nce,13000.0,0.24428999423980713
train_interval/nce,14000.0,0.2830412685871124
system/train_images_per_second,1000.0,77.54900360107422
system/train_images_per_second,2000.0,77.84390258789062
system/train_images_per_second,3000.0,77.50086975097656
system/train_images_per_second,4000.0,77.04634857177734
system/train_images_per_second,5000.0,76.97196197509766
system/train_images_per_second,6000.0,76.28504943847656
system/train_images_per_second,7000.0,76.0475082397461
system/train_images_per_second,8000.0,76.1181869506836
system/train_images_per_second,9000.0,76.39690399169922
system/train_images_per_second,10000.0,76.75234985351562
system/train_images_per_second,11000.0,76.86076354980469
system/train_images_per_second,12000.0,76.8319320678711
system/train_images_per_second,13000.0,76.86851501464844
system/train_images_per_second,14000.0,76.82482147216797
system/peak_memory_gb,1000.0,16.964658737182617
system/peak_memory_gb,2000.0,16.964658737182617
system/peak_memory_gb,3000.0,16.964658737182617
system/peak_memory_gb,4000.0,16.964658737182617
system/peak_memory_gb,5000.0,16.964658737182617
system/peak_memory_gb,6000.0,16.964658737182617
system/peak_memory_gb,7000.0,16.964658737182617
system/peak_memory_gb,8000.0,16.964658737182617
system/peak_memory_gb,9000.0,16.964658737182617
system/peak_memory_gb,10000.0,16.964658737182617
system/peak_memory_gb,11000.0,16.964658737182617
system/peak_memory_gb,12000.0,16.964658737182617
system/peak_memory_gb,13000.0,16.964658737182617
system/peak_memory_gb,14000.0,16.964658737182617
