tag,step_or_epoch,value
train/charbonnier,1.0,0.2923666536808014
train/charbonnier,50.0,0.19310718774795532
train/charbonnier,100.0,0.11598967015743256
train/charbonnier,150.0,0.11189866065979004
train/charbonnier,200.0,0.10019072890281677
train/charbonnier,250.0,0.08301708102226257
train/charbonnier,300.0,0.08790238946676254
train/charbonnier,350.0,0.08624228090047836
train/charbonnier,400.0,0.09147139638662338
train/charbonnier,450.0,0.08405349403619766
train/charbonnier,500.0,0.08432569354772568
train/charbonnier,550.0,0.07628428190946579
train/charbonnier,600.0,0.0845155268907547
train/charbonnier,650.0,0.0799628421664238
train/charbonnier,700.0,0.07723750919103622
train/charbonnier,750.0,0.07704123854637146
train/charbonnier,800.0,0.07656458020210266
train/charbonnier,850.0,0.0762256309390068
train/charbonnier,900.0,0.07590828090906143
train/charbonnier,950.0,0.07475720345973969
train/charbonnier,1000.0,0.07131658494472504
train/charbonnier,1050.0,0.07755723595619202
train/charbonnier,1100.0,0.07318055629730225
train/charbonnier,1150.0,0.0673111230134964
train/charbonnier,1200.0,0.06429219245910645
train/charbonnier,1250.0,0.06559447199106216
train/charbonnier,1300.0,0.06969469040632248
train/charbonnier,1350.0,0.07192996889352798
train/charbonnier,1400.0,0.07117550075054169
train/charbonnier,1450.0,0.06704726815223694
train/charbonnier,1500.0,0.06805438548326492
train/charbonnier,1550.0,0.06423463672399521
train/charbonnier,1600.0,0.06545998156070709
train/charbonnier,1650.0,0.06368277221918106
train/charbonnier,1700.0,0.06799021363258362
train/charbonnier,1750.0,0.06476596742868423
train/charbonnier,1800.0,0.06624016165733337
train/charbonnier,1850.0,0.0764140784740448
train/charbonnier,1900.0,0.070346400141716
train/charbonnier,1950.0,0.06786525249481201
train/charbonnier,2000.0,0.06322827190160751
train/charbonnier,2050.0,0.06759118288755417
train/charbonnier,2100.0,0.06760488450527191
train/charbonnier,2150.0,0.06521278619766235
train/charbonnier,2200.0,0.06778095662593842
train/charbonnier,2250.0,0.06547804176807404
train/charbonnier,2300.0,0.0589740090072155
train/charbonnier,2350.0,0.07334262132644653
train/charbonnier,2400.0,0.06517308205366135
train/charbonnier,2450.0,0.06440546363592148
train/charbonnier,2500.0,0.0656280592083931
train/charbonnier,2550.0,0.06455829739570618
train/charbonnier,2600.0,0.062501460313797
train/charbonnier,2650.0,0.06135665997862816
train/charbonnier,2700.0,0.06081031262874603
train/charbonnier,2750.0,0.0693000927567482
train/charbonnier,2800.0,0.06301291286945343
train/charbonnier,2850.0,0.0706801787018776
train/charbonnier,2900.0,0.07530618458986282
train/charbonnier,2950.0,0.06724905967712402
train/charbonnier,3000.0,0.06839757412672043
train/charbonnier,3050.0,0.05936988815665245
train/charbonnier,3100.0,0.06718677282333374
train/charbonnier,3150.0,0.061922818422317505
train/charbonnier,3200.0,0.06450758874416351
train/charbonnier,3250.0,0.06269177049398422
train/charbonnier,3300.0,0.0723944827914238
train/charbonnier,3350.0,0.055513106286525726
train/charbonnier,3400.0,0.06438422203063965
train/charbonnier,3450.0,0.06311801820993423
train/charbonnier,3500.0,0.06392969936132431
train/charbonnier,3550.0,0.06882866472005844
train/charbonnier,3600.0,0.06284359842538834
train/charbonnier,3650.0,0.06000099331140518
train/charbonnier,3700.0,0.0563993975520134
train/charbonnier,3750.0,0.0634462833404541
train/charbonnier,3800.0,0.06650558114051819
train/charbonnier,3850.0,0.06696893274784088
train/charbonnier,3900.0,0.061485908925533295
train/charbonnier,3950.0,0.0642060711979866
train/charbonnier,4000.0,0.07043754309415817
train/charbonnier,4050.0,0.06479325890541077
train/charbonnier,4100.0,0.06509354710578918
train/charbonnier,4150.0,0.07211577147245407
train/charbonnier,4200.0,0.07100167125463486
train/charbonnier,4250.0,0.06632360816001892
train/charbonnier,4300.0,0.06494797021150589
train/charbonnier,4350.0,0.05985897034406662
train/charbonnier,4400.0,0.061788249760866165
train/charbonnier,4450.0,0.06170665845274925
train/charbonnier,4500.0,0.06139809265732765
train/charbonnier,4550.0,0.05692119523882866
train/charbonnier,4600.0,0.06647523492574692
train/charbonnier,4650.0,0.06525014340877533
train/charbonnier,4700.0,0.05768052488565445
train/charbonnier,4750.0,0.061889007687568665
train/charbonnier,4800.0,0.06072422116994858
train/charbonnier,4850.0,0.06793565303087234
train/charbonnier,4900.0,0.06865448504686356
train/charbonnier,4950.0,0.06569704413414001
train/charbonnier,5000.0,0.062299732118844986
train/charbonnier,5050.0,0.06448061764240265
train/charbonnier,5100.0,0.06702347099781036
train/charbonnier,5150.0,0.0664997547864914
train/charbonnier,5200.0,0.06676463782787323
train/charbonnier,5250.0,0.063406802713871
train/charbonnier,5300.0,0.07071983814239502
train/charbonnier,5350.0,0.068722665309906
train/charbonnier,5400.0,0.06052305921912193
train/charbonnier,5450.0,0.06269603967666626
train/charbonnier,5500.0,0.06557746231555939
train/charbonnier,5550.0,0.06671799719333649
train/charbonnier,5600.0,0.057033125311136246
train/charbonnier,5650.0,0.05841219425201416
train/charbonnier,5700.0,0.0650913193821907
train/charbonnier,5750.0,0.06598661839962006
train/charbonnier,5800.0,0.0696401372551918
train/charbonnier,5850.0,0.06270859390497208
train/charbonnier,5900.0,0.06371252238750458
train/charbonnier,5950.0,0.06464190036058426
train/charbonnier,6000.0,0.05604270100593567
train/charbonnier,6050.0,0.060747180134058
train/charbonnier,6100.0,0.0601123608648777
train/charbonnier,6150.0,0.06176802143454552
train/charbonnier,6200.0,0.06314704567193985
train/charbonnier,6250.0,0.06491861492395401
train/charbonnier,6300.0,0.06543751060962677
train/charbonnier,6350.0,0.061762742698192596
train/charbonnier,6400.0,0.05755214765667915
train/charbonnier,6450.0,0.05901605635881424
train/charbonnier,6500.0,0.06094885990023613
train/charbonnier,6550.0,0.06759613752365112
train/charbonnier,6600.0,0.05712414160370827
train/charbonnier,6650.0,0.05683033913373947
train/charbonnier,6700.0,0.06506941467523575
train/charbonnier,6750.0,0.06957220286130905
train/charbonnier,6800.0,0.07036156952381134
train/charbonnier,6850.0,0.0626739114522934
train/charbonnier,6900.0,0.067047119140625
train/charbonnier,6950.0,0.05486084520816803
train/charbonnier,7000.0,0.062191277742385864
train/charbonnier,7050.0,0.06150983273983002
train/charbonnier,7100.0,0.06432350724935532
train/charbonnier,7150.0,0.06166935712099075
train/charbonnier,7200.0,0.06241240352392197
train/charbonnier,7250.0,0.06372424960136414
train/charbonnier,7300.0,0.06618528068065643
train/charbonnier,7350.0,0.06521285325288773
train/charbonnier,7400.0,0.05781121551990509
train/charbonnier,7450.0,0.058894261717796326
train/charbonnier,7500.0,0.05705152079463005
train/charbonnier,7550.0,0.06433138251304626
train/charbonnier,7600.0,0.06933280825614929
train/charbonnier,7650.0,0.05496344715356827
train/charbonnier,7700.0,0.06391636282205582
train/charbonnier,7750.0,0.06205664947628975
train/charbonnier,7800.0,0.06316662579774857
train/charbonnier,7850.0,0.061928533017635345
train/charbonnier,7900.0,0.06341846287250519
train/charbonnier,7950.0,0.06389698386192322
train/charbonnier,8000.0,0.0659731850028038
train/charbonnier,8050.0,0.05777062103152275
train/charbonnier,8100.0,0.06523796916007996
train/charbonnier,8150.0,0.07226205617189407
train/charbonnier,8200.0,0.06517556309700012
train/charbonnier,8250.0,0.06416890025138855
train/charbonnier,8300.0,0.06477914750576019
train/charbonnier,8350.0,0.062390025705099106
train/charbonnier,8400.0,0.06371121853590012
train/charbonnier,8450.0,0.06620467454195023
train/charbonnier,8500.0,0.06440550833940506
train/charbonnier,8550.0,0.06070782244205475
train/charbonnier,8600.0,0.060297831892967224
train/charbonnier,8650.0,0.06414501368999481
train/charbonnier,8700.0,0.06135672703385353
train/charbonnier,8750.0,0.06115946173667908
train/charbonnier,8800.0,0.059694573283195496
train/charbonnier,8850.0,0.06910669058561325
train/charbonnier,8900.0,0.06512761116027832
train/charbonnier,8950.0,0.0588490292429924
train/charbonnier,9000.0,0.06446703523397446
train/charbonnier,9050.0,0.062300801277160645
train/charbonnier,9100.0,0.06290486454963684
train/charbonnier,9150.0,0.07279418408870697
train/charbonnier,9200.0,0.05879203975200653
train/charbonnier,9250.0,0.06638596206903458
train/charbonnier,9300.0,0.06527817994356155
train/charbonnier,9350.0,0.0624535009264946
train/charbonnier,9400.0,0.05760921165347099
train/charbonnier,9450.0,0.0633532851934433
train/charbonnier,9500.0,0.06258194148540497
train/charbonnier,9550.0,0.06556049734354019
train/charbonnier,9600.0,0.05669789761304855
train/charbonnier,9650.0,0.05382056534290314
train/charbonnier,9700.0,0.06105562299489975
train/charbonnier,9750.0,0.06347788870334625
train/charbonnier,9800.0,0.0646834522485733
train/charbonnier,9850.0,0.06023677438497543
train/charbonnier,9900.0,0.05716335028409958
train/charbonnier,9950.0,0.0644477978348732
train/charbonnier,10000.0,0.0647735744714737
train/charbonnier,10050.0,0.06212969869375229
train/charbonnier,10100.0,0.061429690569639206
train/charbonnier,10150.0,0.06635382026433945
train/charbonnier,10200.0,0.06909675151109695
train/charbonnier,10250.0,0.06113467738032341
train/charbonnier,10300.0,0.05810994282364845
train/charbonnier,10350.0,0.06609538197517395
train/charbonnier,10400.0,0.06588108837604523
train/charbonnier,10450.0,0.06489173322916031
train/charbonnier,10500.0,0.06379110366106033
train/charbonnier,10550.0,0.05776939541101456
train/charbonnier,10600.0,0.058143943548202515
train/charbonnier,10650.0,0.06201709061861038
train/charbonnier,10700.0,0.05906318128108978
train/charbonnier,10750.0,0.06509219855070114
train/charbonnier,10800.0,0.06701426953077316
train/charbonnier,10850.0,0.05859767645597458
train/charbonnier,10900.0,0.06617449223995209
train/charbonnier,10950.0,0.06080370396375656
train/charbonnier,11000.0,0.05764218419790268
train/charbonnier,11050.0,0.06517954170703888
train/charbonnier,11100.0,0.06749711185693741
train/charbonnier,11150.0,0.06460442394018173
train/charbonnier,11200.0,0.058131683617830276
train/charbonnier,11250.0,0.06433303654193878
train/charbonnier,11300.0,0.06077181175351143
train/charbonnier,11350.0,0.05596743896603584
train/charbonnier,11400.0,0.0650155246257782
train/charbonnier,11450.0,0.06489706039428711
train/charbonnier,11500.0,0.05670000985264778
train/charbonnier,11550.0,0.06564605236053467
train/charbonnier,11600.0,0.0662207305431366
train/charbonnier,11650.0,0.06089051812887192
train/charbonnier,11700.0,0.06658867001533508
train/charbonnier,11750.0,0.06393800675868988
train/charbonnier,11800.0,0.06522082537412643
train/charbonnier,11850.0,0.06086307764053345
train/charbonnier,11900.0,0.06252528727054596
train/charbonnier,11950.0,0.05907076969742775
train/charbonnier,12000.0,0.0610257089138031
train/charbonnier,12050.0,0.05853276327252388
train/charbonnier,12100.0,0.05992395430803299
train/charbonnier,12150.0,0.06707815080881119
train/charbonnier,12200.0,0.059313006699085236
train/charbonnier,12250.0,0.06061346456408501
train/charbonnier,12300.0,0.06039613485336304
train/charbonnier,12350.0,0.06274092942476273
train/charbonnier,12400.0,0.06266482174396515
train/charbonnier,12450.0,0.06219359487295151
train/charbonnier,12500.0,0.061832889914512634
train/charbonnier,12550.0,0.06534094363451004
train/charbonnier,12600.0,0.06281453371047974
train/charbonnier,12650.0,0.06549637764692307
train/charbonnier,12700.0,0.05819811671972275
train/charbonnier,12750.0,0.06180720403790474
train/charbonnier,12800.0,0.06022416055202484
train/charbonnier,12850.0,0.061617057770490646
train/charbonnier,12900.0,0.061574045568704605
train/charbonnier,12950.0,0.059850264340639114
train/charbonnier,13000.0,0.05831477418541908
train/charbonnier,13050.0,0.06692268699407578
train/charbonnier,13100.0,0.06526308506727219
train/charbonnier,13150.0,0.06479570269584656
train/charbonnier,13200.0,0.07119762897491455
train/charbonnier,13250.0,0.062161676585674286
train/charbonnier,13300.0,0.06769391894340515
train/charbonnier,13350.0,0.06427810341119766
train/charbonnier,13400.0,0.06424546986818314
train/charbonnier,13450.0,0.05880523473024368
train/charbonnier,13500.0,0.06223481893539429
train/charbonnier,13550.0,0.06710094958543777
train/charbonnier,13600.0,0.06896860152482986
train/charbonnier,13650.0,0.0590515062212944
train/charbonnier,13700.0,0.05668540298938751
train/charbonnier,13750.0,0.06654922664165497
train/charbonnier,13800.0,0.05832762271165848
train/charbonnier,13850.0,0.06405120342969894
train/charbonnier,13900.0,0.06330506503582001
train/charbonnier,13950.0,0.0627603530883789
train/charbonnier,14000.0,0.06222158670425415
train/charbonnier,14050.0,0.06117244064807892
train/charbonnier,14100.0,0.06503409892320633
train/charbonnier,14150.0,0.06396928429603577
train/charbonnier,14200.0,0.05792040005326271
train/charbonnier,14250.0,0.05913153290748596
train/charbonnier,14300.0,0.06270861625671387
train/charbonnier,14350.0,0.05082966387271881
train/charbonnier,14400.0,0.057375695556402206
train/charbonnier,14450.0,0.06228433549404144
train/charbonnier,14500.0,0.061967633664608
train/charbonnier,14550.0,0.06030456721782684
train/charbonnier,14600.0,0.05957798659801483
train/charbonnier,14650.0,0.06872007995843887
train/charbonnier,14700.0,0.060166001319885254
train/charbonnier,14750.0,0.058101363480091095
train/charbonnier,14800.0,0.060962263494729996
train/charbonnier,14850.0,0.0632358118891716
train/charbonnier,14900.0,0.05850841850042343
train/charbonnier,14950.0,0.07255025207996368
train/charbonnier,15000.0,0.058229848742485046
train/charbonnier,15050.0,0.06343711912631989
train/charbonnier,15100.0,0.061458393931388855
train/charbonnier,15150.0,0.06501627713441849
train/charbonnier,15200.0,0.05918753892183304
train/charbonnier,15250.0,0.055123478174209595
train/charbonnier,15300.0,0.06226062402129173
train/charbonnier,15350.0,0.05934840813279152
train/charbonnier,15400.0,0.06046327203512192
train/charbonnier,15450.0,0.05877756327390671
train/charbonnier,15500.0,0.05828201398253441
train/charbonnier,15550.0,0.06121743470430374
train/charbonnier,15600.0,0.06541173905134201
train/charbonnier,15650.0,0.057705916464328766
train/charbonnier,15700.0,0.05828184634447098
train/charbonnier,15750.0,0.06533988565206528
train/charbonnier,15800.0,0.06372474133968353
train/charbonnier,15850.0,0.06313220411539078
train/charbonnier,15900.0,0.06023260951042175
train/charbonnier,15950.0,0.061194442212581635
train/charbonnier,16000.0,0.054263826459646225
train/charbonnier,16050.0,0.06406853348016739
train/charbonnier,16100.0,0.06117432191967964
train/charbonnier,16150.0,0.05912971496582031
train/charbonnier,16200.0,0.05798561871051788
train/charbonnier,16250.0,0.06382481753826141
train/charbonnier,16300.0,0.06000586599111557
train/charbonnier,16350.0,0.06067261844873428
train/charbonnier,16400.0,0.064435213804245
train/charbonnier,16450.0,0.0539519228041172
train/charbonnier,16500.0,0.06020847707986832
train/charbonnier,16550.0,0.05793539807200432
train/charbonnier,16600.0,0.06373770534992218
train/charbonnier,16650.0,0.07096164673566818
train/charbonnier,16700.0,0.062087371945381165
train/charbonnier,16750.0,0.05747491493821144
train/charbonnier,16800.0,0.0624057874083519
train/charbonnier,16850.0,0.062129005789756775
train/charbonnier,16900.0,0.06239936500787735
train/charbonnier,16950.0,0.06004338711500168
train/charbonnier,17000.0,0.06289798021316528
train/charbonnier,17050.0,0.06393925845623016
train/charbonnier,17100.0,0.0594436451792717
train/charbonnier,17150.0,0.055615026503801346
train/charbonnier,17200.0,0.06338056921958923
train/charbonnier,17250.0,0.06482965499162674
train/charbonnier,17300.0,0.060944147408008575
train/charbonnier,17350.0,0.05965439975261688
train/charbonnier,17400.0,0.06261292099952698
train/charbonnier,17450.0,0.06281368434429169
train/charbonnier,17500.0,0.062274955213069916
train/charbonnier,17550.0,0.060879070311784744
train/charbonnier,17600.0,0.059887662529945374
train/charbonnier,17650.0,0.07182233035564423
train/charbonnier,17700.0,0.056534796953201294
train/charbonnier,17750.0,0.06247137486934662
train/charbonnier,17800.0,0.06558030843734741
train/charbonnier,17850.0,0.057814352214336395
train/charbonnier,17900.0,0.05927460640668869
train/charbonnier,17950.0,0.05940054729580879
train/charbonnier,18000.0,0.06574708968400955
train/charbonnier,18050.0,0.06560247391462326
train/charbonnier,18100.0,0.06197846308350563
train/charbonnier,18150.0,0.05434994027018547
train/charbonnier,18200.0,0.06075156480073929
train/charbonnier,18250.0,0.05990578979253769
train/charbonnier,18300.0,0.05997932702302933
train/charbonnier,18350.0,0.06699208170175552
train/charbonnier,18400.0,0.05956416204571724
train/charbonnier,18450.0,0.06278622895479202
train/charbonnier,18500.0,0.06722507625818253
train/charbonnier,18550.0,0.06442810595035553
train/charbonnier,18600.0,0.06305762380361557
train/charbonnier,18650.0,0.0610007643699646
train/charbonnier,18700.0,0.06559380143880844
train/charbonnier,18750.0,0.06246340274810791
train/charbonnier,18800.0,0.06105153635144234
train/charbonnier,18850.0,0.06303630024194717
train/charbonnier,18900.0,0.06326641142368317
train/charbonnier,18950.0,0.05796758458018303
train/charbonnier,19000.0,0.06185918301343918
train/charbonnier,19050.0,0.06273110210895538
train/charbonnier,19100.0,0.058617569506168365
train/charbonnier,19150.0,0.058187082409858704
train/charbonnier,19200.0,0.061276502907276154
train/charbonnier,19250.0,0.059558458626270294
train/charbonnier,19300.0,0.059613995254039764
train/charbonnier,19350.0,0.057631853967905045
train/charbonnier,19400.0,0.059035323560237885
train/charbonnier,19450.0,0.06223538517951965
train/charbonnier,19500.0,0.06581049412488937
train/charbonnier,19550.0,0.0645369440317154
train/charbonnier,19600.0,0.05796241760253906
train/charbonnier,19650.0,0.06677399575710297
train/charbonnier,19700.0,0.06108926236629486
train/charbonnier,19750.0,0.05941145494580269
train/charbonnier,19800.0,0.05730484798550606
train/charbonnier,19850.0,0.06210438534617424
train/charbonnier,19900.0,0.05915256589651108
train/charbonnier,19950.0,0.06683917343616486
train/charbonnier,20000.0,0.05885472893714905
train/charbonnier,20050.0,0.0627564862370491
train/charbonnier,20100.0,0.06495512276887894
train/charbonnier,20150.0,0.06265085935592651
train/charbonnier,20200.0,0.05569768697023392
train/charbonnier,20250.0,0.06055048853158951
train/charbonnier,20300.0,0.061909906566143036
train/charbonnier,20350.0,0.06413067877292633
train/charbonnier,20400.0,0.0653434693813324
train/charbonnier,20450.0,0.060748014599084854
train/charbonnier,20500.0,0.06533617526292801
train/charbonnier,20550.0,0.0631730705499649
train/charbonnier,20600.0,0.06080638989806175
train/charbonnier,20650.0,0.06829296052455902
train/charbonnier,20700.0,0.06406040489673615
train/charbonnier,20750.0,0.06251280754804611
train/charbonnier,20800.0,0.06461501121520996
train/charbonnier,20850.0,0.06732673943042755
train/charbonnier,20900.0,0.06435741484165192
train/charbonnier,20950.0,0.05796819180250168
train/charbonnier,21000.0,0.05801058188080788
train/charbonnier,21050.0,0.0610526017844677
train/charbonnier,21100.0,0.054004818201065063
train/charbonnier,21150.0,0.06287258118391037
train/charbonnier,21200.0,0.06873758137226105
train/charbonnier,21250.0,0.06312008202075958
train/charbonnier,21300.0,0.05922214314341545
train/charbonnier,21350.0,0.05896144360303879
train/charbonnier,21400.0,0.05920196324586868
train/charbonnier,21450.0,0.06310098618268967
train/charbonnier,21500.0,0.06366235017776489
train/charbonnier,21550.0,0.05626995116472244
train/charbonnier,21600.0,0.06511293351650238
train/charbonnier,21650.0,0.057837147265672684
train/charbonnier,21700.0,0.05586952716112137
train/charbonnier,21750.0,0.06081556901335716
train/charbonnier,21800.0,0.0658145472407341
train/charbonnier,21850.0,0.059221334755420685
train/charbonnier,21900.0,0.06881261616945267
train/charbonnier,21950.0,0.05940788611769676
train/charbonnier,22000.0,0.06005421280860901
train/charbonnier,22050.0,0.06986618041992188
train/charbonnier,22100.0,0.060272857546806335
train/charbonnier,22150.0,0.06045255437493324
train/charbonnier,22200.0,0.058030568063259125
train/charbonnier,22250.0,0.06402547657489777
train/charbonnier,22300.0,0.062013737857341766
train/charbonnier,22350.0,0.06250880658626556
train/charbonnier,22400.0,0.060170263051986694
train/charbonnier,22450.0,0.0666007399559021
train/charbonnier,22500.0,0.06471186876296997
train/charbonnier,22550.0,0.05911865085363388
train/charbonnier,22600.0,0.07093127816915512
train/charbonnier,22650.0,0.06423182785511017
train/charbonnier,22700.0,0.06684896349906921
train/charbonnier,22750.0,0.06441044062376022
train/charbonnier,22800.0,0.06900780647993088
train/charbonnier,22850.0,0.060341738164424896
train/charbonnier,22900.0,0.05942683294415474
train/charbonnier,22950.0,0.06095855310559273
train/charbonnier,23000.0,0.06268961727619171
train/charbonnier,23050.0,0.05341013893485069
train/charbonnier,23100.0,0.05987987667322159
train/charbonnier,23150.0,0.06125470623373985
train/charbonnier,23200.0,0.06534984707832336
train/charbonnier,23250.0,0.057362351566553116
train/charbonnier,23300.0,0.05929652228951454
train/charbonnier,23350.0,0.06182738021016121
train/charbonnier,23400.0,0.06259317696094513
train/charbonnier,23450.0,0.06933171302080154
train/charbonnier,23500.0,0.056883420795202255
train/charbonnier,23550.0,0.05580294132232666
train/charbonnier,23600.0,0.057760268449783325
train/charbonnier,23650.0,0.05405639111995697
train/charbonnier,23700.0,0.062111012637615204
train/charbonnier,23750.0,0.05969952046871185
train/charbonnier,23800.0,0.059222329407930374
train/charbonnier,23850.0,0.06284414976835251
train/charbonnier,23900.0,0.05796937271952629
train/charbonnier,23950.0,0.05877705663442612
train/charbonnier,24000.0,0.05553667992353439
train/charbonnier,24050.0,0.06063181161880493
train/charbonnier,24100.0,0.06216566264629364
train/charbonnier,24150.0,0.058102115988731384
train/charbonnier,24200.0,0.06771782785654068
train/charbonnier,24250.0,0.0574280209839344
train/charbonnier,24300.0,0.06422358751296997
train/charbonnier,24350.0,0.05732550099492073
train/charbonnier,24400.0,0.06314530968666077
train/charbonnier,24450.0,0.06171811372041702
train/charbonnier,24500.0,0.05647556483745575
train/charbonnier,24550.0,0.06589806079864502
train/charbonnier,24600.0,0.06360206007957458
train/charbonnier,24650.0,0.05450095608830452
train/charbonnier,24700.0,0.06650678813457489
train/charbonnier,24750.0,0.06887856125831604
train/charbonnier,24800.0,0.0624559186398983
train/charbonnier,24850.0,0.06119809299707413
train/charbonnier,24900.0,0.06272093206644058
train/charbonnier,24950.0,0.06105867028236389
train/charbonnier,25000.0,0.059974029660224915
train/charbonnier,25050.0,0.0599948987364769
train/charbonnier,25100.0,0.05662212893366814
train/charbonnier,25150.0,0.05518938601016998
train/charbonnier,25200.0,0.06679780781269073
train/charbonnier,25250.0,0.05581213906407356
train/charbonnier,25300.0,0.05900115519762039
train/charbonnier,25350.0,0.06134313717484474
train/charbonnier,25400.0,0.06244155019521713
train/charbonnier,25450.0,0.06815062463283539
train/charbonnier,25500.0,0.0659647211432457
train/charbonnier,25550.0,0.0667492002248764
train/charbonnier,25600.0,0.0610237792134285
train/charbonnier,25650.0,0.05855921283364296
train/charbonnier,25700.0,0.06493429094552994
train/charbonnier,25750.0,0.05503260716795921
train/charbonnier,25800.0,0.06572076678276062
train/charbonnier,25850.0,0.05851732939481735
train/charbonnier,25900.0,0.06250081211328506
train/charbonnier,25950.0,0.06469833850860596
train/charbonnier,26000.0,0.061018843203783035
train/charbonnier,26050.0,0.0572245717048645
train/charbonnier,26100.0,0.06731240451335907
train/charbonnier,26150.0,0.06652617454528809
train/charbonnier,26200.0,0.06069125607609749
train/charbonnier,26250.0,0.06304146349430084
train/charbonnier,26300.0,0.06289513409137726
train/charbonnier,26350.0,0.05295446515083313
train/charbonnier,26400.0,0.06196378916501999
train/charbonnier,26450.0,0.06534591317176819
train/charbonnier,26500.0,0.06108273193240166
train/charbonnier,26550.0,0.06450055539608002
train/charbonnier,26600.0,0.058055099099874496
train/charbonnier,26650.0,0.05684443190693855
train/charbonnier,26700.0,0.06504204869270325
train/charbonnier,26750.0,0.07333166897296906
train/charbonnier,26800.0,0.06285755336284637
train/charbonnier,26850.0,0.06585051864385605
train/charbonnier,26900.0,0.05726204067468643
train/charbonnier,26950.0,0.06146383285522461
train/charbonnier,27000.0,0.05504399910569191
train/charbonnier,27050.0,0.06076628714799881
train/charbonnier,27100.0,0.058229509741067886
train/charbonnier,27150.0,0.062262214720249176
train/charbonnier,27200.0,0.06306396424770355
train/charbonnier,27250.0,0.06121009588241577
train/charbonnier,27300.0,0.06279948353767395
train/charbonnier,27350.0,0.05990198627114296
train/charbonnier,27400.0,0.057700008153915405
train/charbonnier,27450.0,0.06006921827793121
train/charbonnier,27500.0,0.06289450079202652
train/charbonnier,27550.0,0.05979287996888161
train/charbonnier,27600.0,0.0648406594991684
train/charbonnier,27650.0,0.06191641837358475
train/charbonnier,27700.0,0.05424589663743973
train/charbonnier,27750.0,0.05944766104221344
train/charbonnier,27800.0,0.059159256517887115
train/charbonnier,27850.0,0.06349720060825348
train/charbonnier,27900.0,0.06149148941040039
train/charbonnier,27950.0,0.06134335696697235
train/charbonnier,28000.0,0.05748649686574936
train/charbonnier,28050.0,0.058724019676446915
train/charbonnier,28100.0,0.056040436029434204
train/charbonnier,28150.0,0.06235086917877197
train/charbonnier,28200.0,0.061170320957899094
train/charbonnier,28250.0,0.06291849911212921
train/charbonnier,28300.0,0.056653887033462524
train/charbonnier,28350.0,0.06083126366138458
train/charbonnier,28400.0,0.05951768904924393
train/charbonnier,28450.0,0.05762358754873276
train/charbonnier,28500.0,0.05792246758937836
train/charbonnier,28550.0,0.06039026379585266
train/charbonnier,28600.0,0.05390695855021477
train/charbonnier,28650.0,0.05762215703725815
train/charbonnier,28700.0,0.06466145813465118
train/charbonnier,28750.0,0.0619438961148262
train/charbonnier,28800.0,0.06068877875804901
train/charbonnier,28850.0,0.05876803398132324
train/charbonnier,28900.0,0.06328683346509933
train/charbonnier,28950.0,0.05645173043012619
train/charbonnier,29000.0,0.057790905237197876
train/charbonnier,29050.0,0.06674405932426453
train/charbonnier,29100.0,0.06115301698446274
train/charbonnier,29150.0,0.06926791369915009
train/charbonnier,29200.0,0.05623897165060043
train/charbonnier,29250.0,0.05557908117771149
train/charbonnier,29300.0,0.05601714178919792
train/charbonnier,29350.0,0.06770697981119156
train/charbonnier,29400.0,0.06044834479689598
train/charbonnier,29450.0,0.05990166962146759
train/charbonnier,29500.0,0.05775436758995056
train/charbonnier,29550.0,0.062235355377197266
train/charbonnier,29600.0,0.059316184371709824
train/charbonnier,29650.0,0.05745861679315567
train/charbonnier,29700.0,0.06127214431762695
train/charbonnier,29750.0,0.05919359251856804
train/charbonnier,29800.0,0.05891590565443039
train/charbonnier,29850.0,0.05931313335895538
train/charbonnier,29900.0,0.06055822968482971
train/charbonnier,29950.0,0.058532703667879105
train/charbonnier,30000.0,0.054087698459625244
train/charbonnier,30050.0,0.0620463490486145
train/charbonnier,30100.0,0.06419781595468521
train/charbonnier,30150.0,0.05994307994842529
train/charbonnier,30200.0,0.060517583042383194
train/charbonnier,30250.0,0.0640225037932396
train/charbonnier,30300.0,0.06409686803817749
train/charbonnier,30350.0,0.06738884747028351
train/charbonnier,30400.0,0.062663234770298
train/charbonnier,30450.0,0.06445619463920593
train/charbonnier,30500.0,0.05962391197681427
train/charbonnier,30550.0,0.0662166178226471
train/charbonnier,30600.0,0.06645803153514862
train/charbonnier,30650.0,0.06238836795091629
train/charbonnier,30700.0,0.058865707367658615
train/charbonnier,30750.0,0.060328833758831024
train/charbonnier,30800.0,0.05585705116391182
train/charbonnier,30850.0,0.06873319298028946
train/charbonnier,30900.0,0.05916891619563103
train/charbonnier,30950.0,0.06178412586450577
train/charbonnier,31000.0,0.06424851715564728
train/charbonnier,31050.0,0.05416609346866608
train/charbonnier,31100.0,0.06401781737804413
train/charbonnier,31150.0,0.06324795633554459
train/charbonnier,31200.0,0.05951302498579025
train/charbonnier,31250.0,0.0687553882598877
train/charbonnier,31300.0,0.054268449544906616
train/charbonnier,31350.0,0.06567098945379257
train/charbonnier,31400.0,0.060791268944740295
train/charbonnier,31450.0,0.058261170983314514
train/charbonnier,31500.0,0.061427854001522064
train/charbonnier,31550.0,0.05637690797448158
train/charbonnier,31600.0,0.055877964943647385
train/charbonnier,31650.0,0.05903085693717003
train/charbonnier,31700.0,0.06642723083496094
train/charbonnier,31750.0,0.0641435980796814
train/charbonnier,31800.0,0.05900444835424423
train/charbonnier,31850.0,0.06660065799951553
train/charbonnier,31900.0,0.057301368564367294
train/charbonnier,31950.0,0.06466133147478104
train/charbonnier,32000.0,0.06128595024347305
train/charbonnier,32050.0,0.059710968285799026
train/charbonnier,32100.0,0.062455832958221436
train/charbonnier,32150.0,0.059063274413347244
train/charbonnier,32200.0,0.0661710724234581
train/charbonnier,32250.0,0.05392345041036606
train/charbonnier,32300.0,0.0623801164329052
train/charbonnier,32350.0,0.06824851036071777
train/charbonnier,32400.0,0.06307283043861389
train/charbonnier,32450.0,0.06713008135557175
train/charbonnier,32500.0,0.05936107784509659
train/charbonnier,32550.0,0.05924263969063759
train/charbonnier,32600.0,0.06033220514655113
train/charbonnier,32650.0,0.056781329214572906
train/charbonnier,32700.0,0.057249899953603745
train/charbonnier,32750.0,0.06735867261886597
train/charbonnier,32800.0,0.05908816307783127
train/charbonnier,32850.0,0.06545130908489227
train/charbonnier,32900.0,0.05513361096382141
train/charbonnier,32950.0,0.055564720183610916
train/charbonnier,33000.0,0.05981256812810898
train/charbonnier,33050.0,0.06628494709730148
train/charbonnier,33100.0,0.0643611028790474
train/charbonnier,33150.0,0.05526411160826683
train/charbonnier,33200.0,0.06409180164337158
train/charbonnier,33250.0,0.06282965838909149
train/charbonnier,33300.0,0.06063351780176163
train/charbonnier,33350.0,0.0647108256816864
train/charbonnier,33400.0,0.06392362713813782
train/charbonnier,33450.0,0.062453653663396835
train/charbonnier,33500.0,0.0611860565841198
train/charbonnier,33550.0,0.06820623576641083
train/charbonnier,33600.0,0.07004628330469131
train/charbonnier,33650.0,0.06727620214223862
train/charbonnier,33700.0,0.059390340000391006
train/charbonnier,33750.0,0.058675460517406464
train/charbonnier,33800.0,0.06522452086210251
train/charbonnier,33850.0,0.060152243822813034
train/charbonnier,33900.0,0.05775098502635956
train/charbonnier,33950.0,0.05462352931499481
train/charbonnier,34000.0,0.06213132664561272
train/charbonnier,34050.0,0.05806346982717514
train/charbonnier,34100.0,0.06095143035054207
train/charbonnier,34150.0,0.06552793085575104
train/charbonnier,34200.0,0.05695429444313049
train/charbonnier,34250.0,0.05440904572606087
train/charbonnier,34300.0,0.06903818994760513
train/charbonnier,34350.0,0.06113973259925842
train/charbonnier,34400.0,0.06298312544822693
train/charbonnier,34450.0,0.06326485425233841
train/charbonnier,34500.0,0.05776485428214073
train/charbonnier,34550.0,0.05826079845428467
train/charbonnier,34600.0,0.06645230948925018
train/charbonnier,34650.0,0.06239207461476326
train/charbonnier,34700.0,0.06002024561166763
train/charbonnier,34750.0,0.07164206355810165
train/charbonnier,34800.0,0.06022661551833153
train/charbonnier,34850.0,0.0642768144607544
train/charbonnier,34900.0,0.06218913197517395
train/charbonnier,34950.0,0.06121988222002983
train/charbonnier,35000.0,0.058548927307128906
train/charbonnier,35050.0,0.06668668985366821
train/charbonnier,35100.0,0.06034422665834427
train/charbonnier,35150.0,0.05785870924592018
train/charbonnier,35200.0,0.05801049992442131
train/charbonnier,35250.0,0.06357692182064056
train/charbonnier,35300.0,0.05647680535912514
train/charbonnier,35350.0,0.062322963029146194
train/charbonnier,35400.0,0.05384489893913269
train/charbonnier,35450.0,0.053221262991428375
train/charbonnier,35500.0,0.06387188285589218
train/charbonnier,35550.0,0.0631180927157402
train/charbonnier,35600.0,0.062307171523571014
train/charbonnier,35650.0,0.05552760139107704
train/charbonnier,35700.0,0.06332889199256897
train/charbonnier,35750.0,0.05980916693806648
train/charbonnier,35800.0,0.05973796173930168
train/charbonnier,35850.0,0.06553006917238235
train/charbonnier,35900.0,0.06235978752374649
train/charbonnier,35950.0,0.06215474009513855
train/charbonnier,36000.0,0.06105750426650047
train/charbonnier,36050.0,0.05728582292795181
train/charbonnier,36100.0,0.06017099320888519
train/charbonnier,36150.0,0.05308528244495392
train/charbonnier,36200.0,0.05644993484020233
train/charbonnier,36250.0,0.06701451539993286
train/charbonnier,36300.0,0.06595220416784286
train/charbonnier,36350.0,0.0697091594338417
train/charbonnier,36400.0,0.07204519212245941
train/charbonnier,36450.0,0.058583181351423264
train/charbonnier,36500.0,0.059758856892585754
train/charbonnier,36550.0,0.062038108706474304
train/charbonnier,36600.0,0.056652363389730453
train/charbonnier,36650.0,0.06062909960746765
train/charbonnier,36700.0,0.06133078783750534
train/charbonnier,36750.0,0.05991766229271889
train/charbonnier,36800.0,0.062440671026706696
train/charbonnier,36850.0,0.058626383543014526
train/charbonnier,36900.0,0.059255074709653854
train/charbonnier,36950.0,0.06765654683113098
train/charbonnier,37000.0,0.0634632259607315
train/charbonnier,37050.0,0.0628897026181221
train/charbonnier,37100.0,0.06364132463932037
train/charbonnier,37150.0,0.05769763141870499
train/charbonnier,37200.0,0.06377202272415161
train/charbonnier,37250.0,0.06110141798853874
train/charbonnier,37300.0,0.06317080557346344
train/charbonnier,37350.0,0.054856423288583755
train/charbonnier,37400.0,0.05851335823535919
train/charbonnier,37450.0,0.058243528008461
train/charbonnier,37500.0,0.06256130337715149
train/charbonnier,37550.0,0.05787346884608269
train/charbonnier,37600.0,0.06408660113811493
train/charbonnier,37650.0,0.05790158733725548
train/charbonnier,37700.0,0.05856364965438843
train/charbonnier,37750.0,0.05526764690876007
train/charbonnier,37800.0,0.06191257759928703
train/charbonnier,37850.0,0.059107888489961624
train/charbonnier,37900.0,0.06067516282200813
train/charbonnier,37950.0,0.06290452182292938
train/charbonnier,38000.0,0.06044986471533775
train/charbonnier,38050.0,0.05869218707084656
train/charbonnier,38100.0,0.05355645716190338
train/charbonnier,38150.0,0.05885251611471176
train/charbonnier,38200.0,0.05774203687906265
train/charbonnier,38250.0,0.06516458839178085
train/charbonnier,38300.0,0.05538283288478851
train/charbonnier,38350.0,0.06151314824819565
train/charbonnier,38400.0,0.05931243672966957
train/charbonnier,38450.0,0.06101689860224724
train/charbonnier,38500.0,0.05861656740307808
train/charbonnier,38550.0,0.06372448801994324
train/charbonnier,38600.0,0.06441306322813034
train/charbonnier,38650.0,0.06399501860141754
train/charbonnier,38700.0,0.06397594511508942
train/charbonnier,38750.0,0.05246040225028992
train/charbonnier,38800.0,0.061182014644145966
train/charbonnier,38850.0,0.05856253206729889
train/charbonnier,38900.0,0.057815320789813995
train/charbonnier,38950.0,0.05699990689754486
train/charbonnier,39000.0,0.06305575370788574
train/charbonnier,39050.0,0.06393028050661087
train/charbonnier,39100.0,0.060959592461586
train/charbonnier,39150.0,0.056699588894844055
train/charbonnier,39200.0,0.061748817563056946
train/charbonnier,39250.0,0.059325844049453735
train/charbonnier,39300.0,0.06088021397590637
train/charbonnier,39350.0,0.06269562244415283
train/charbonnier,39400.0,0.05881398916244507
train/charbonnier,39450.0,0.06466925144195557
train/charbonnier,39500.0,0.06426627188920975
train/charbonnier,39550.0,0.056042108684778214
train/charbonnier,39600.0,0.060416609048843384
train/charbonnier,39650.0,0.05924324318766594
train/charbonnier,39700.0,0.05697844550013542
train/charbonnier,39750.0,0.06364702433347702
train/charbonnier,39800.0,0.06216931343078613
train/charbonnier,39850.0,0.0586007684469223
train/charbonnier,39900.0,0.06196135655045509
train/charbonnier,39950.0,0.06607265025377274
train/charbonnier,40000.0,0.058408260345458984
train/charbonnier,40050.0,0.05524565279483795
train/charbonnier,40100.0,0.05415380001068115
train/charbonnier,40150.0,0.06194903329014778
train/charbonnier,40200.0,0.05646124482154846
train/charbonnier,40250.0,0.061274804174900055
train/charbonnier,40300.0,0.06513356417417526
train/charbonnier,40350.0,0.06157602742314339
train/charbonnier,40400.0,0.06129651516675949
train/charbonnier,40450.0,0.06383752077817917
train/charbonnier,40500.0,0.0682872086763382
train/charbonnier,40550.0,0.06441418826580048
train/charbonnier,40600.0,0.05880504101514816
train/charbonnier,40650.0,0.06753278523683548
train/charbonnier,40700.0,0.06411688774824142
train/charbonnier,40750.0,0.06010863184928894
train/charbonnier,40800.0,0.0640638917684555
train/charbonnier,40850.0,0.061202630400657654
train/charbonnier,40900.0,0.057718899101018906
train/charbonnier,40950.0,0.059776291251182556
train/charbonnier,41000.0,0.06007613241672516
train/charbonnier,41050.0,0.062149688601493835
train/charbonnier,41100.0,0.059972651302814484
train/charbonnier,41150.0,0.05697489529848099
train/charbonnier,41200.0,0.057743337005376816
train/charbonnier,41250.0,0.05973304435610771
train/charbonnier,41300.0,0.06286539137363434
train/charbonnier,41350.0,0.05702412873506546
train/charbonnier,41400.0,0.05964303016662598
train/charbonnier,41450.0,0.05647190660238266
train/charbonnier,41500.0,0.061861924827098846
train/charbonnier,41550.0,0.061601098626852036
train/charbonnier,41600.0,0.06650950759649277
train/charbonnier,41650.0,0.06486523151397705
train/charbonnier,41700.0,0.06016999110579491
train/charbonnier,41750.0,0.05998707190155983
train/charbonnier,41800.0,0.06196603924036026
train/charbonnier,41850.0,0.056182317435741425
train/charbonnier,41900.0,0.05764805153012276
train/charbonnier,41950.0,0.061645038425922394
train/charbonnier,42000.0,0.05898517370223999
train/charbonnier,42050.0,0.05766099691390991
train/charbonnier,42100.0,0.06348282098770142
train/charbonnier,42150.0,0.06274548918008804
train/charbonnier,42200.0,0.06167895719408989
train/charbonnier,42250.0,0.060940660536289215
train/charbonnier,42300.0,0.05983184650540352
train/charbonnier,42350.0,0.06372448056936264
train/charbonnier,42400.0,0.06121816486120224
train/charbonnier,42450.0,0.05880493298172951
train/charbonnier,42500.0,0.0603841170668602
train/charbonnier,42550.0,0.05665721744298935
train/charbonnier,42600.0,0.06180418282747269
train/charbonnier,42650.0,0.05816565454006195
train/charbonnier,42700.0,0.061249829828739166
train/charbonnier,42750.0,0.05459102243185043
train/charbonnier,42800.0,0.057997845113277435
train/charbonnier,42850.0,0.05284600332379341
train/charbonnier,42900.0,0.05839458107948303
train/charbonnier,42950.0,0.060911089181900024
train/charbonnier,43000.0,0.06347022950649261
train/charbonnier,43050.0,0.05692994222044945
train/charbonnier,43100.0,0.05535122752189636
train/charbonnier,43150.0,0.055191487073898315
train/charbonnier,43200.0,0.062362127006053925
train/charbonnier,43250.0,0.0607711598277092
train/charbonnier,43300.0,0.06256874650716782
train/charbonnier,43350.0,0.04929328337311745
train/charbonnier,43400.0,0.05960354581475258
train/charbonnier,43450.0,0.06827202439308167
train/charbonnier,43500.0,0.06594416499137878
train/charbonnier,43550.0,0.062215059995651245
train/charbonnier,43600.0,0.060821227729320526
train/charbonnier,43650.0,0.06081724539399147
train/charbonnier,43700.0,0.059873003512620926
train/charbonnier,43750.0,0.061358291655778885
train/charbonnier,43800.0,0.062318410724401474
train/charbonnier,43850.0,0.05554542317986488
train/charbonnier,43900.0,0.0707729235291481
train/charbonnier,43950.0,0.06433703005313873
train/charbonnier,44000.0,0.06400654464960098
train/charbonnier,44050.0,0.05667198449373245
train/charbonnier,44100.0,0.05909489840269089
train/charbonnier,44150.0,0.06312910467386246
train/charbonnier,44200.0,0.05989846959710121
train/charbonnier,44250.0,0.06254221498966217
train/charbonnier,44300.0,0.06069531291723251
train/charbonnier,44350.0,0.060420922935009
train/charbonnier,44400.0,0.060729920864105225
train/charbonnier,44450.0,0.060509372502565384
train/charbonnier,44500.0,0.059043269604444504
train/charbonnier,44550.0,0.065757155418396
train/charbonnier,44600.0,0.061841435730457306
train/charbonnier,44650.0,0.06323409825563431
train/charbonnier,44700.0,0.06141828000545502
train/charbonnier,44750.0,0.06242161989212036
train/charbonnier,44800.0,0.06275863200426102
train/charbonnier,44850.0,0.061061643064022064
train/charbonnier,44900.0,0.06300488859415054
train/charbonnier,44950.0,0.058047808706760406
train/charbonnier,45000.0,0.06182446330785751
train/charbonnier,45050.0,0.05757048726081848
train/charbonnier,45100.0,0.0655563473701477
train/charbonnier,45150.0,0.05887529253959656
train/charbonnier,45200.0,0.06608940660953522
train/charbonnier,45250.0,0.05928320810198784
train/charbonnier,45300.0,0.04947647079825401
train/charbonnier,45350.0,0.06164228916168213
train/charbonnier,45400.0,0.05409732833504677
train/charbonnier,45450.0,0.06046944111585617
train/charbonnier,45500.0,0.06239520013332367
train/charbonnier,45550.0,0.05763028934597969
train/charbonnier,45600.0,0.062052883207798004
train/charbonnier,45650.0,0.06263916194438934
train/charbonnier,45700.0,0.0674414336681366
train/charbonnier,45750.0,0.05429770424962044
train/charbonnier,45800.0,0.05740370973944664
train/charbonnier,45850.0,0.06774146854877472
train/charbonnier,45900.0,0.05853356420993805
train/charbonnier,45950.0,0.059156086295843124
train/charbonnier,46000.0,0.06566490232944489
train/charbonnier,46050.0,0.062331315129995346
train/charbonnier,46100.0,0.06398248672485352
train/charbonnier,46150.0,0.05254235863685608
train/charbonnier,46200.0,0.062154900282621384
train/charbonnier,46250.0,0.0630686804652214
train/charbonnier,46300.0,0.05440209060907364
train/charbonnier,46350.0,0.06091929227113724
train/charbonnier,46400.0,0.06420603394508362
train/charbonnier,46450.0,0.05434418469667435
train/charbonnier,46500.0,0.06035251170396805
train/charbonnier,46550.0,0.06302186846733093
train/charbonnier,46600.0,0.05967206880450249
train/charbonnier,46650.0,0.06363706290721893
train/charbonnier,46700.0,0.058840878307819366
train/charbonnier,46750.0,0.05068668723106384
train/charbonnier,46800.0,0.056716155260801315
train/charbonnier,46850.0,0.060837969183921814
train/charbonnier,46900.0,0.06963712722063065
train/charbonnier,46950.0,0.06080000475049019
train/charbonnier,47000.0,0.06458646059036255
train/charbonnier,47050.0,0.05571410804986954
train/charbonnier,47100.0,0.06178751215338707
train/charbonnier,47150.0,0.05321155861020088
train/charbonnier,47200.0,0.055708806961774826
train/charbonnier,47250.0,0.06466636061668396
train/charbonnier,47300.0,0.05817282199859619
train/charbonnier,47350.0,0.059279266744852066
train/charbonnier,47400.0,0.06023920327425003
train/charbonnier,47450.0,0.05993267148733139
train/charbonnier,47500.0,0.06104268878698349
train/charbonnier,47550.0,0.06203532963991165
train/charbonnier,47600.0,0.0646689385175705
train/charbonnier,47650.0,0.059686534106731415
train/charbonnier,47700.0,0.060100458562374115
train/charbonnier,47750.0,0.06518267840147018
train/charbonnier,47800.0,0.056617747992277145
train/charbonnier,47850.0,0.05577772110700607
train/charbonnier,47900.0,0.05677507817745209
train/charbonnier,47950.0,0.054095275700092316
train/charbonnier,48000.0,0.061857350170612335
train/charbonnier,48050.0,0.053234610706567764
train/charbonnier,48100.0,0.05972230061888695
train/charbonnier,48150.0,0.061345718801021576
train/charbonnier,48200.0,0.0598890483379364
train/charbonnier,48250.0,0.06204398721456528
train/charbonnier,48300.0,0.05326658487319946
train/charbonnier,48350.0,0.06167186051607132
train/charbonnier,48400.0,0.06499030441045761
train/charbonnier,48450.0,0.062197621911764145
train/charbonnier,48500.0,0.06788154691457748
train/charbonnier,48550.0,0.06099753826856613
train/charbonnier,48600.0,0.06139139458537102
train/charbonnier,48650.0,0.05625542253255844
train/charbonnier,48700.0,0.05441426858305931
train/charbonnier,48750.0,0.06143755838274956
train/charbonnier,48800.0,0.06545811891555786
train/charbonnier,48850.0,0.06444709002971649
train/charbonnier,48900.0,0.06600089371204376
train/charbonnier,48950.0,0.058159127831459045
train/charbonnier,49000.0,0.0672229677438736
train/charbonnier,49050.0,0.058357466012239456
train/charbonnier,49100.0,0.06099211797118187
train/charbonnier,49150.0,0.05693772807717323
train/charbonnier,49200.0,0.05491768568754196
train/charbonnier,49250.0,0.0575445257127285
train/charbonnier,49300.0,0.06182055175304413
train/charbonnier,49350.0,0.06150606647133827
train/charbonnier,49400.0,0.06321939826011658
train/charbonnier,49450.0,0.06332828104496002
train/charbonnier,49500.0,0.061521612107753754
train/charbonnier,49550.0,0.05480797961354256
train/charbonnier,49600.0,0.059549570083618164
train/charbonnier,49650.0,0.06525596231222153
train/charbonnier,49700.0,0.05401034280657768
train/charbonnier,49750.0,0.06551440060138702
train/charbonnier,49800.0,0.06344971060752869
train/charbonnier,49850.0,0.05743611976504326
train/charbonnier,49900.0,0.05735534429550171
train/charbonnier,49950.0,0.0619472935795784
train/charbonnier,50000.0,0.05864062160253525
train/charbonnier,50050.0,0.05157734081149101
train/charbonnier,50100.0,0.05847961828112602
train/charbonnier,50150.0,0.052310019731521606
train/charbonnier,50200.0,0.061623819172382355
train/charbonnier,50250.0,0.06066396087408066
train/charbonnier,50300.0,0.05927225202322006
train/charbonnier,50350.0,0.05728121101856232
train/charbonnier,50400.0,0.06450321525335312
train/charbonnier,50450.0,0.060259535908699036
train/charbonnier,50500.0,0.06052938103675842
train/charbonnier,50550.0,0.06342720240354538
train/charbonnier,50600.0,0.05517244711518288
train/charbonnier,50650.0,0.059592075645923615
train/charbonnier,50700.0,0.06394036114215851
train/charbonnier,50750.0,0.06367453187704086
train/charbonnier,50800.0,0.05776848644018173
train/charbonnier,50850.0,0.06202017515897751
train/charbonnier,50900.0,0.05111384764313698
train/charbonnier,50950.0,0.06391667574644089
train/charbonnier,51000.0,0.059313248842954636
train/charbonnier,51050.0,0.05604157596826553
train/charbonnier,51100.0,0.056633658707141876
train/charbonnier,51150.0,0.06344689428806305
train/charbonnier,51200.0,0.0572006031870842
train/charbonnier,51250.0,0.06276386231184006
train/charbonnier,51300.0,0.06334695965051651
train/charbonnier,51350.0,0.06870919466018677
train/charbonnier,51400.0,0.05979064106941223
train/charbonnier,51450.0,0.06098591163754463
train/charbonnier,51500.0,0.057656049728393555
train/charbonnier,51550.0,0.05880739539861679
train/charbonnier,51600.0,0.06293410062789917
train/charbonnier,51650.0,0.060993846505880356
train/charbonnier,51700.0,0.04949849098920822
train/charbonnier,51750.0,0.06463397294282913
train/charbonnier,51800.0,0.05473582446575165
train/charbonnier,51850.0,0.05607929825782776
train/charbonnier,51900.0,0.0589754544198513
train/charbonnier,51950.0,0.05351068824529648
train/charbonnier,52000.0,0.05643567070364952
train/charbonnier,52050.0,0.05622612684965134
train/charbonnier,52100.0,0.06166921928524971
train/charbonnier,52150.0,0.0558152049779892
train/charbonnier,52200.0,0.05856640636920929
train/charbonnier,52250.0,0.0627068430185318
train/charbonnier,52300.0,0.0643840879201889
train/charbonnier,52350.0,0.05759146064519882
train/charbonnier,52400.0,0.0629718154668808
train/charbonnier,52450.0,0.054029516875743866
train/charbonnier,52500.0,0.06095821410417557
train/charbonnier,52550.0,0.05087844282388687
train/charbonnier,52600.0,0.05925207585096359
train/charbonnier,52650.0,0.0564907044172287
train/charbonnier,52700.0,0.06551395356655121
train/charbonnier,52750.0,0.05574670061469078
train/charbonnier,52800.0,0.06214216351509094
train/charbonnier,52850.0,0.05737312138080597
train/charbonnier,52900.0,0.05599145218729973
train/charbonnier,52950.0,0.05491512641310692
train/charbonnier,53000.0,0.06042688339948654
train/charbonnier,53050.0,0.06038928031921387
train/charbonnier,53100.0,0.056740112602710724
train/charbonnier,53150.0,0.062157467007637024
train/charbonnier,53200.0,0.05912739783525467
train/charbonnier,53250.0,0.06714796274900436
train/charbonnier,53300.0,0.055091749876737595
train/charbonnier,53350.0,0.059609171003103256
train/charbonnier,53400.0,0.06135585159063339
train/charbonnier,53450.0,0.057302165776491165
train/charbonnier,53500.0,0.05781678110361099
train/charbonnier,53550.0,0.06149815768003464
train/charbonnier,53600.0,0.06255809217691422
train/charbonnier,53650.0,0.05959463492035866
train/charbonnier,53700.0,0.06230419874191284
train/charbonnier,53750.0,0.05274029076099396
train/charbonnier,53800.0,0.06189839541912079
train/charbonnier,53850.0,0.0577523447573185
train/charbonnier,53900.0,0.06415387988090515
train/charbonnier,53950.0,0.0628485158085823
train/charbonnier,54000.0,0.05560673773288727
train/charbonnier,54050.0,0.062338508665561676
train/charbonnier,54100.0,0.05774575471878052
train/charbonnier,54150.0,0.06318908929824829
train/charbonnier,54200.0,0.05832301080226898
train/charbonnier,54250.0,0.06260981410741806
train/charbonnier,54300.0,0.06499403715133667
train/charbonnier,54350.0,0.060627229511737823
train/charbonnier,54400.0,0.06097860261797905
train/charbonnier,54450.0,0.05994219705462456
train/charbonnier,54500.0,0.05845014005899429
train/charbonnier,54550.0,0.06156590208411217
train/charbonnier,54600.0,0.05984371528029442
train/charbonnier,54650.0,0.05744263529777527
train/charbonnier,54700.0,0.06156100332736969
train/charbonnier,54750.0,0.06307340413331985
train/charbonnier,54800.0,0.06209452450275421
train/charbonnier,54850.0,0.062078796327114105
train/charbonnier,54900.0,0.058989427983760834
train/charbonnier,54950.0,0.05667733773589134
train/charbonnier,55000.0,0.06383053958415985
train/charbonnier,55050.0,0.0674281194806099
train/charbonnier,55100.0,0.06416834890842438
train/charbonnier,55150.0,0.05951534956693649
train/charbonnier,55200.0,0.061088524758815765
train/charbonnier,55250.0,0.057112786918878555
train/charbonnier,55300.0,0.060011688619852066
train/charbonnier,55350.0,0.05270760506391525
train/charbonnier,55400.0,0.05951739847660065
train/charbonnier,55450.0,0.05844089388847351
train/charbonnier,55500.0,0.05514732748270035
train/charbonnier,55550.0,0.06329342722892761
train/charbonnier,55600.0,0.06356073170900345
train/charbonnier,55650.0,0.059488020837306976
train/charbonnier,55700.0,0.05858717858791351
train/charbonnier,55750.0,0.05805308371782303
train/charbonnier,55800.0,0.06549122184515
train/charbonnier,55850.0,0.05739346891641617
train/charbonnier,55900.0,0.06869800388813019
train/charbonnier,55950.0,0.052554018795490265
train/charbonnier,56000.0,0.05637152120471001
train/charbonnier,56050.0,0.06375513970851898
train/charbonnier,56100.0,0.06368692964315414
train/charbonnier,56150.0,0.06210140883922577
train/charbonnier,56200.0,0.05808267369866371
train/charbonnier,56250.0,0.06243005022406578
train/charbonnier,56300.0,0.06408371776342392
train/charbonnier,56350.0,0.05535973235964775
train/charbonnier,56400.0,0.05845695734024048
train/charbonnier,56450.0,0.06081973388791084
train/charbonnier,56500.0,0.058285463601350784
train/charbonnier,56550.0,0.06656775623559952
train/charbonnier,56600.0,0.06585068255662918
train/charbonnier,56650.0,0.06450045853853226
train/charbonnier,56700.0,0.06287186592817307
train/charbonnier,56750.0,0.062013257294893265
train/charbonnier,56800.0,0.05361732840538025
train/charbonnier,56850.0,0.057040736079216
train/charbonnier,56900.0,0.06683367490768433
train/charbonnier,56950.0,0.056758176535367966
train/charbonnier,57000.0,0.06638117134571075
train/charbonnier,57050.0,0.05631934851408005
train/charbonnier,57100.0,0.05865273252129555
train/charbonnier,57150.0,0.05359214171767235
train/charbonnier,57200.0,0.06231747567653656
train/charbonnier,57250.0,0.05899892747402191
train/charbonnier,57300.0,0.059495411813259125
train/charbonnier,57350.0,0.05823748558759689
train/charbonnier,57400.0,0.06359954178333282
train/charbonnier,57450.0,0.06130655109882355
train/charbonnier,57500.0,0.058730266988277435
train/charbonnier,57550.0,0.05710145831108093
train/charbonnier,57600.0,0.058326542377471924
train/charbonnier,57650.0,0.0636642798781395
train/charbonnier,57700.0,0.06506697088479996
train/charbonnier,57750.0,0.055670078843832016
train/charbonnier,57800.0,0.0666588842868805
train/charbonnier,57850.0,0.05611070990562439
train/charbonnier,57900.0,0.05617406219244003
train/charbonnier,57950.0,0.056289177387952805
train/charbonnier,58000.0,0.05716312676668167
train/charbonnier,58050.0,0.06307889521121979
train/charbonnier,58100.0,0.06072933226823807
train/charbonnier,58150.0,0.05999807268381119
train/charbonnier,58200.0,0.060997702181339264
train/charbonnier,58250.0,0.06014614552259445
train/charbonnier,58300.0,0.0550750233232975
train/charbonnier,58350.0,0.05612281337380409
train/charbonnier,58400.0,0.06535854190587997
train/charbonnier,58450.0,0.05529208481311798
train/charbonnier,58500.0,0.06029445677995682
train/charbonnier,58550.0,0.05908281356096268
train/charbonnier,58600.0,0.055830296128988266
train/charbonnier,58650.0,0.0617007352411747
train/charbonnier,58700.0,0.05542021244764328
train/charbonnier,58750.0,0.06316167861223221
train/charbonnier,58800.0,0.055072929710149765
train/charbonnier,58850.0,0.06272194534540176
train/charbonnier,58900.0,0.05591176077723503
train/charbonnier,58950.0,0.05276991426944733
train/charbonnier,59000.0,0.05862193554639816
train/charbonnier,59050.0,0.055250611156225204
train/charbonnier,59100.0,0.055342234671115875
train/charbonnier,59150.0,0.05902223661541939
train/charbonnier,59200.0,0.060549184679985046
train/charbonnier,59250.0,0.06125516816973686
train/charbonnier,59300.0,0.06227772310376167
train/charbonnier,59350.0,0.06927170604467392
train/charbonnier,59400.0,0.060050588101148605
train/charbonnier,59450.0,0.06334346532821655
train/charbonnier,59500.0,0.0621800497174263
train/charbonnier,59550.0,0.057222168892621994
train/charbonnier,59600.0,0.05873045697808266
train/charbonnier,59650.0,0.05198720842599869
train/charbonnier,59700.0,0.05945507809519768
train/charbonnier,59750.0,0.06194649264216423
train/charbonnier,59800.0,0.05855932831764221
train/charbonnier,59850.0,0.05609902739524841
train/charbonnier,59900.0,0.06006331369280815
train/charbonnier,59950.0,0.057624708861112595
train/charbonnier,60000.0,0.05704481154680252
train/charbonnier,60050.0,0.06067843362689018
train/charbonnier,60100.0,0.06055140122771263
train/charbonnier,60150.0,0.05917137488722801
train/charbonnier,60200.0,0.05914834141731262
train/charbonnier,60250.0,0.055941566824913025
train/charbonnier,60300.0,0.0525495782494545
train/charbonnier,60350.0,0.05464181676506996
train/charbonnier,60400.0,0.054690226912498474
train/charbonnier,60450.0,0.06440570205450058
train/charbonnier,60500.0,0.05592098832130432
train/charbonnier,60550.0,0.058230865746736526
train/charbonnier,60600.0,0.06226089596748352
train/charbonnier,60650.0,0.06426253169775009
train/charbonnier,60700.0,0.0560525581240654
train/charbonnier,60750.0,0.0598573312163353
train/charbonnier,60800.0,0.06202738359570503
train/charbonnier,60850.0,0.06193692237138748
train/charbonnier,60900.0,0.06216103583574295
train/charbonnier,60950.0,0.055637091398239136
train/charbonnier,61000.0,0.054325688630342484
train/charbonnier,61050.0,0.06056683138012886
train/charbonnier,61100.0,0.06848865002393723
train/charbonnier,61150.0,0.05928025767207146
train/charbonnier,61200.0,0.06146151199936867
train/charbonnier,61250.0,0.0570996031165123
train/charbonnier,61300.0,0.06425256282091141
train/charbonnier,61350.0,0.053599633276462555
train/charbonnier,61400.0,0.06175611913204193
train/charbonnier,61450.0,0.06205147132277489
train/charbonnier,61500.0,0.06476514786481857
train/charbonnier,61550.0,0.05850273743271828
train/charbonnier,61600.0,0.060817718505859375
train/charbonnier,61650.0,0.0618303120136261
train/charbonnier,61700.0,0.06112772226333618
train/charbonnier,61750.0,0.05804508924484253
train/charbonnier,61800.0,0.06171684339642525
train/charbonnier,61850.0,0.06170980632305145
train/charbonnier,61900.0,0.06268520653247833
train/charbonnier,61950.0,0.0628218874335289
train/charbonnier,62000.0,0.06029896438121796
train/charbonnier,62050.0,0.06267286837100983
train/charbonnier,62100.0,0.06366515904664993
train/charbonnier,62150.0,0.05919456481933594
train/charbonnier,62200.0,0.05708925053477287
train/charbonnier,62250.0,0.06082911416888237
train/charbonnier,62300.0,0.05773483216762543
train/charbonnier,62350.0,0.06865061074495316
train/charbonnier,62400.0,0.05410777032375336
train/charbonnier,62450.0,0.0592212937772274
train/charbonnier,62500.0,0.06675542891025543
train/charbonnier,62550.0,0.06415675580501556
train/charbonnier,62600.0,0.05883871018886566
train/charbonnier,62650.0,0.061773087829351425
train/charbonnier,62700.0,0.06196562200784683
train/charbonnier,62750.0,0.0642562136054039
train/charbonnier,62800.0,0.05426431819796562
train/charbonnier,62850.0,0.05629092454910278
train/charbonnier,62900.0,0.057788457721471786
train/charbonnier,62950.0,0.06638555973768234
train/charbonnier,63000.0,0.062306083738803864
train/charbonnier,63050.0,0.0604206845164299
train/charbonnier,63100.0,0.05844901129603386
train/charbonnier,63150.0,0.054231055080890656
train/charbonnier,63200.0,0.05528205260634422
train/charbonnier,63250.0,0.05070648342370987
train/charbonnier,63300.0,0.059528011828660965
train/charbonnier,63350.0,0.05878174677491188
train/charbonnier,63400.0,0.058808501809835434
train/charbonnier,63450.0,0.05938348174095154
train/charbonnier,63500.0,0.05852299928665161
train/charbonnier,63550.0,0.06197508051991463
train/charbonnier,63600.0,0.06286011636257172
train/charbonnier,63650.0,0.059493277221918106
train/charbonnier,63700.0,0.055451683700084686
train/charbonnier,63750.0,0.06011158972978592
train/charbonnier,63800.0,0.05584779009222984
train/charbonnier,63850.0,0.06113623455166817
train/charbonnier,63900.0,0.06271906197071075
train/charbonnier,63950.0,0.06610298156738281
train/charbonnier,64000.0,0.058230169117450714
train/charbonnier,64050.0,0.062360119074583054
train/charbonnier,64100.0,0.05812276527285576
train/charbonnier,64150.0,0.06056438386440277
train/charbonnier,64200.0,0.05484382063150406
train/charbonnier,64250.0,0.06114228069782257
train/charbonnier,64300.0,0.06429574638605118
train/charbonnier,64350.0,0.052831243723630905
train/charbonnier,64400.0,0.05887359008193016
train/charbonnier,64450.0,0.05960417538881302
train/charbonnier,64500.0,0.060117192566394806
train/charbonnier,64550.0,0.05552440509200096
train/charbonnier,64600.0,0.06020160764455795
train/charbonnier,64650.0,0.05589897558093071
train/charbonnier,64700.0,0.05670623481273651
train/charbonnier,64750.0,0.05536516010761261
train/charbonnier,64800.0,0.05486083775758743
train/charbonnier,64850.0,0.06193843483924866
train/charbonnier,64900.0,0.05819893628358841
train/charbonnier,64950.0,0.061160534620285034
train/charbonnier,65000.0,0.05929168313741684
train/charbonnier,65050.0,0.059076130390167236
train/charbonnier,65100.0,0.06332150846719742
train/charbonnier,65150.0,0.059374213218688965
train/charbonnier,65200.0,0.06401599943637848
train/charbonnier,65250.0,0.05798707902431488
train/charbonnier,65300.0,0.06067711487412453
train/charbonnier,65350.0,0.053015489131212234
train/charbonnier,65400.0,0.059788111597299576
train/charbonnier,65450.0,0.06391806900501251
train/charbonnier,65500.0,0.05387488380074501
train/charbonnier,65550.0,0.06248092278838158
train/charbonnier,65600.0,0.05812862515449524
train/charbonnier,65650.0,0.061945244669914246
train/charbonnier,65700.0,0.06454383581876755
train/charbonnier,65750.0,0.05605311691761017
train/charbonnier,65800.0,0.06030334159731865
train/charbonnier,65850.0,0.06216798350214958
train/charbonnier,65900.0,0.06301934272050858
train/charbonnier,65950.0,0.06464144587516785
train/charbonnier,66000.0,0.054666247218847275
train/charbonnier,66050.0,0.05534381419420242
train/charbonnier,66100.0,0.06341248005628586
train/charbonnier,66150.0,0.06361924111843109
train/charbonnier,66200.0,0.05651291832327843
train/charbonnier,66250.0,0.06135039031505585
train/charbonnier,66300.0,0.05928463488817215
train/charbonnier,66350.0,0.05923443287611008
train/charbonnier,66400.0,0.05937311425805092
train/charbonnier,66450.0,0.06450756639242172
train/charbonnier,66500.0,0.06070263683795929
train/charbonnier,66550.0,0.06112217903137207
train/charbonnier,66600.0,0.05891915410757065
train/charbonnier,66650.0,0.061366889625787735
train/charbonnier,66700.0,0.05582931265234947
train/charbonnier,66750.0,0.05999647080898285
train/charbonnier,66800.0,0.06172319874167442
train/charbonnier,66850.0,0.052510738372802734
train/charbonnier,66900.0,0.05920945852994919
train/charbonnier,66950.0,0.05927034467458725
train/charbonnier,67000.0,0.06046750396490097
train/charbonnier,67050.0,0.05933154374361038
train/charbonnier,67100.0,0.05909931659698486
train/charbonnier,67150.0,0.05860878527164459
train/charbonnier,67200.0,0.05977289378643036
train/charbonnier,67250.0,0.06644289195537567
train/charbonnier,67300.0,0.06059819459915161
train/charbonnier,67350.0,0.0577908493578434
train/charbonnier,67400.0,0.05268770456314087
train/charbonnier,67450.0,0.05303844437003136
train/charbonnier,67500.0,0.0599825344979763
train/charbonnier,67550.0,0.06309132277965546
train/charbonnier,67600.0,0.062355149537324905
train/charbonnier,67650.0,0.06339195370674133
train/charbonnier,67700.0,0.05827760323882103
train/charbonnier,67750.0,0.06196519732475281
train/charbonnier,67800.0,0.058885615319013596
train/charbonnier,67850.0,0.06229183077812195
train/charbonnier,67900.0,0.06039045751094818
train/charbonnier,67950.0,0.05672686547040939
train/charbonnier,68000.0,0.05963308364152908
train/charbonnier,68050.0,0.06053147092461586
train/charbonnier,68100.0,0.058866970241069794
train/charbonnier,68150.0,0.06241679936647415
train/charbonnier,68200.0,0.05379444733262062
train/charbonnier,68250.0,0.061384424567222595
train/charbonnier,68300.0,0.06003886088728905
train/charbonnier,68350.0,0.06148170679807663
train/charbonnier,68400.0,0.05959274247288704
train/charbonnier,68450.0,0.057206153869628906
train/charbonnier,68500.0,0.054784178733825684
train/charbonnier,68550.0,0.06283265352249146
train/charbonnier,68600.0,0.052757441997528076
train/charbonnier,68650.0,0.060521215200424194
train/charbonnier,68700.0,0.06298530101776123
train/charbonnier,68750.0,0.055380117148160934
train/charbonnier,68800.0,0.06255930662155151
train/charbonnier,68850.0,0.05588898807764053
train/charbonnier,68900.0,0.05662432685494423
train/charbonnier,68950.0,0.06010498106479645
train/charbonnier,69000.0,0.05705532059073448
train/charbonnier,69050.0,0.05903944373130798
train/charbonnier,69100.0,0.06427886337041855
train/charbonnier,69150.0,0.05597496032714844
train/charbonnier,69200.0,0.058469463139772415
train/charbonnier,69250.0,0.05163577198982239
train/charbonnier,69300.0,0.062166210263967514
train/charbonnier,69350.0,0.05863741412758827
train/charbonnier,69400.0,0.05812181532382965
train/charbonnier,69450.0,0.0594024583697319
train/charbonnier,69500.0,0.06134404242038727
train/charbonnier,69550.0,0.06815151125192642
train/charbonnier,69600.0,0.057101499289274216
train/charbonnier,69650.0,0.06569929420948029
train/charbonnier,69700.0,0.06290984898805618
train/charbonnier,69750.0,0.05884455889463425
train/charbonnier,69800.0,0.05535035580396652
train/charbonnier,69850.0,0.0651080459356308
train/charbonnier,69900.0,0.05796873942017555
train/charbonnier,69950.0,0.060777030885219574
train/charbonnier,70000.0,0.06688421964645386
train/charbonnier,70050.0,0.056290898472070694
train/charbonnier,70100.0,0.06221539527177811
train/charbonnier,70150.0,0.05967973917722702
train/charbonnier,70200.0,0.05727401375770569
train/charbonnier,70250.0,0.06166455149650574
train/charbonnier,70300.0,0.05777796357870102
train/charbonnier,70350.0,0.06266536563634872
train/charbonnier,70400.0,0.06512419134378433
train/charbonnier,70450.0,0.05797792598605156
train/charbonnier,70500.0,0.06001937389373779
train/charbonnier,70550.0,0.06524711102247238
train/charbonnier,70600.0,0.055872898548841476
train/charbonnier,70650.0,0.06211873143911362
train/charbonnier,70700.0,0.060788754373788834
train/charbonnier,70750.0,0.06199401617050171
train/charbonnier,70800.0,0.05572638660669327
train/charbonnier,70850.0,0.05703755095601082
train/charbonnier,70900.0,0.06204860284924507
train/charbonnier,70950.0,0.06538987159729004
train/charbonnier,71000.0,0.059926651418209076
train/charbonnier,71050.0,0.05566369369626045
train/charbonnier,71100.0,0.05903756618499756
train/charbonnier,71150.0,0.06429041177034378
train/charbonnier,71200.0,0.06168071925640106
train/charbonnier,71250.0,0.05684230476617813
train/charbonnier,71300.0,0.0504741370677948
train/charbonnier,71350.0,0.05668199807405472
train/charbonnier,71400.0,0.054511383175849915
train/charbonnier,71450.0,0.059798456728458405
train/charbonnier,71500.0,0.052460089325904846
train/charbonnier,71550.0,0.058500103652477264
train/charbonnier,71600.0,0.05895352363586426
train/charbonnier,71650.0,0.056815095245838165
train/charbonnier,71700.0,0.06331446766853333
train/charbonnier,71750.0,0.05740885064005852
train/charbonnier,71800.0,0.060468364506959915
train/charbonnier,71850.0,0.056082066148519516
train/charbonnier,71900.0,0.056260235607624054
train/charbonnier,71950.0,0.058924056589603424
train/charbonnier,72000.0,0.05877546966075897
train/charbonnier,72050.0,0.06480339169502258
train/charbonnier,72100.0,0.06188938021659851
train/charbonnier,72150.0,0.051768772304058075
train/charbonnier,72200.0,0.0536482110619545
train/charbonnier,72250.0,0.060587216168642044
train/charbonnier,72300.0,0.06308796256780624
train/charbonnier,72350.0,0.05744413658976555
train/charbonnier,72400.0,0.06282337754964828
train/charbonnier,72450.0,0.06187492609024048
train/charbonnier,72500.0,0.061260998249053955
train/charbonnier,72550.0,0.05706019699573517
train/charbonnier,72600.0,0.06815583258867264
train/charbonnier,72650.0,0.056870151311159134
train/charbonnier,72700.0,0.06812632828950882
train/charbonnier,72750.0,0.06141694635152817
train/charbonnier,72800.0,0.058945152908563614
train/charbonnier,72850.0,0.06025543808937073
train/charbonnier,72900.0,0.06337200105190277
train/charbonnier,72950.0,0.06008420139551163
train/charbonnier,73000.0,0.06311650574207306
train/charbonnier,73050.0,0.05848778411746025
train/charbonnier,73100.0,0.06308971345424652
train/charbonnier,73150.0,0.06330690532922745
train/charbonnier,73200.0,0.06649748980998993
train/charbonnier,73250.0,0.06005750969052315
train/charbonnier,73300.0,0.058482084423303604
train/charbonnier,73350.0,0.0565141923725605
train/charbonnier,73400.0,0.06505042314529419
train/charbonnier,73450.0,0.0518827810883522
train/charbonnier,73500.0,0.057151854038238525
train/charbonnier,73550.0,0.05905383825302124
train/charbonnier,73600.0,0.05679888278245926
train/charbonnier,73650.0,0.06808679550886154
train/charbonnier,73700.0,0.059304654598236084
train/charbonnier,73750.0,0.06509415805339813
train/charbonnier,73800.0,0.059658221900463104
train/charbonnier,73850.0,0.060770951211452484
train/charbonnier,73900.0,0.06293962895870209
train/charbonnier,73950.0,0.05746941640973091
train/charbonnier,74000.0,0.05931214615702629
train/charbonnier,74050.0,0.06176232546567917
train/charbonnier,74100.0,0.05827312543988228
train/charbonnier,74150.0,0.05358244106173515
train/charbonnier,74200.0,0.05621383339166641
train/charbonnier,74250.0,0.060512788593769073
train/charbonnier,74300.0,0.05605529248714447
train/charbonnier,74350.0,0.061375271528959274
train/charbonnier,74400.0,0.05587725341320038
train/charbonnier,74450.0,0.05411476641893387
train/charbonnier,74500.0,0.06257729977369308
train/charbonnier,74550.0,0.0627530962228775
train/charbonnier,74600.0,0.0595480315387249
train/charbonnier,74650.0,0.05728631466627121
train/charbonnier,74700.0,0.05592334270477295
train/charbonnier,74750.0,0.05265726149082184
train/charbonnier,74800.0,0.06412798166275024
train/charbonnier,74850.0,0.060504063963890076
train/charbonnier,74900.0,0.0549926795065403
train/charbonnier,74950.0,0.05527130514383316
train/charbonnier,75000.0,0.063016876578331
train/charbonnier,75050.0,0.06216556578874588
train/charbonnier,75100.0,0.050808560103178024
train/charbonnier,75150.0,0.059501029551029205
train/charbonnier,75200.0,0.05501103401184082
train/charbonnier,75250.0,0.056442830711603165
train/charbonnier,75300.0,0.06092344969511032
train/charbonnier,75350.0,0.06273943185806274
train/charbonnier,75400.0,0.056203849613666534
train/charbonnier,75450.0,0.06399185210466385
train/charbonnier,75500.0,0.04920297861099243
train/charbonnier,75550.0,0.06407340615987778
train/charbonnier,75600.0,0.06487836688756943
train/charbonnier,75650.0,0.062414757907390594
train/charbonnier,75700.0,0.059209682047367096
train/charbonnier,75750.0,0.06397695094347
train/charbonnier,75800.0,0.0639858990907669
train/charbonnier,75850.0,0.0609990693628788
train/charbonnier,75900.0,0.06068187206983566
train/charbonnier,75950.0,0.057428739964962006
train/charbonnier,76000.0,0.061111804097890854
train/charbonnier,76050.0,0.05705519765615463
train/charbonnier,76100.0,0.05985219031572342
train/charbonnier,76150.0,0.05800646170973778
train/charbonnier,76200.0,0.06265469640493393
train/charbonnier,76250.0,0.06642140448093414
train/charbonnier,76300.0,0.06453564763069153
train/charbonnier,76350.0,0.06035227328538895
train/charbonnier,76400.0,0.053572963923215866
train/charbonnier,76450.0,0.06391465663909912
train/charbonnier,76500.0,0.06809451431035995
train/charbonnier,76550.0,0.059510961174964905
train/charbonnier,76600.0,0.05431719869375229
train/charbonnier,76650.0,0.05932069942355156
train/charbonnier,76700.0,0.05641162395477295
train/charbonnier,76750.0,0.0587049275636673
train/charbonnier,76800.0,0.05773558095097542
train/charbonnier,76850.0,0.05667048320174217
train/charbonnier,76900.0,0.055460650473833084
train/charbonnier,76950.0,0.06537426263093948
train/charbonnier,77000.0,0.05712157487869263
train/charbonnier,77050.0,0.06111679598689079
train/charbonnier,77100.0,0.052574850618839264
train/charbonnier,77150.0,0.06381253153085709
train/charbonnier,77200.0,0.05740068107843399
train/charbonnier,77250.0,0.056773290038108826
train/charbonnier,77300.0,0.058014675974845886
train/charbonnier,77350.0,0.06509473919868469
train/charbonnier,77400.0,0.057989612221717834
train/charbonnier,77450.0,0.059149809181690216
train/charbonnier,77500.0,0.05429694801568985
train/charbonnier,77550.0,0.05687057226896286
train/charbonnier,77600.0,0.05945049971342087
train/charbonnier,77650.0,0.05574857443571091
train/charbonnier,77700.0,0.05948042497038841
train/charbonnier,77750.0,0.061550553888082504
train/charbonnier,77800.0,0.05692111328244209
train/charbonnier,77850.0,0.061801839619874954
train/charbonnier,77900.0,0.05609486997127533
train/charbonnier,77950.0,0.06068616360425949
train/charbonnier,78000.0,0.05673003941774368
train/charbonnier,78050.0,0.05916670337319374
train/charbonnier,78100.0,0.05800250545144081
train/charbonnier,78150.0,0.06290501356124878
train/charbonnier,78200.0,0.06269940733909607
train/charbonnier,78250.0,0.06311522424221039
train/charbonnier,78300.0,0.05759582296013832
train/charbonnier,78350.0,0.05576572194695473
train/charbonnier,78400.0,0.06031133234500885
train/charbonnier,78450.0,0.05431192368268967
train/charbonnier,78500.0,0.060688018798828125
train/charbonnier,78550.0,0.05691361054778099
train/charbonnier,78600.0,0.06732677668333054
train/charbonnier,78650.0,0.05736047402024269
train/charbonnier,78700.0,0.06044282019138336
train/charbonnier,78750.0,0.05598640814423561
train/charbonnier,78800.0,0.052416227757930756
train/charbonnier,78850.0,0.06574977189302444
train/charbonnier,78900.0,0.06200427561998367
train/charbonnier,78950.0,0.05920344591140747
train/charbonnier,79000.0,0.051458802074193954
train/charbonnier,79050.0,0.05732259526848793
train/charbonnier,79100.0,0.055245622992515564
train/charbonnier,79150.0,0.05630882456898689
train/charbonnier,79200.0,0.0616588369011879
train/charbonnier,79250.0,0.05630873888731003
train/charbonnier,79300.0,0.06424523890018463
train/charbonnier,79350.0,0.059391558170318604
train/charbonnier,79400.0,0.0641365647315979
train/charbonnier,79450.0,0.06271377950906754
train/charbonnier,79500.0,0.05914223566651344
train/charbonnier,79550.0,0.04947987198829651
train/charbonnier,79600.0,0.06436467170715332
train/charbonnier,79650.0,0.06624878942966461
train/charbonnier,79700.0,0.056941330432891846
train/charbonnier,79750.0,0.05808627977967262
train/charbonnier,79800.0,0.0536641851067543
train/charbonnier,79850.0,0.0646592527627945
train/charbonnier,79900.0,0.06108080968260765
train/charbonnier,79950.0,0.056368861347436905
train/charbonnier,80000.0,0.059775207191705704
train/l1,1.0,0.29236268997192383
train/l1,50.0,0.19309866428375244
train/l1,100.0,0.11597347259521484
train/l1,150.0,0.11188198626041412
train/l1,200.0,0.10017227381467819
train/l1,250.0,0.08299393951892853
train/l1,300.0,0.08788074553012848
train/l1,350.0,0.0862206518650055
train/l1,400.0,0.09145088493824005
train/l1,450.0,0.0840311050415039
train/l1,500.0,0.08430401980876923
train/l1,550.0,0.076258584856987
train/l1,600.0,0.08449399471282959
train/l1,650.0,0.0799381360411644
train/l1,700.0,0.07721316814422607
train/l1,750.0,0.07701653242111206
train/l1,800.0,0.07653774321079254
train/l1,850.0,0.0762002021074295
train/l1,900.0,0.07588131725788116
train/l1,950.0,0.07473255693912506
train/l1,1000.0,0.07128549367189407
train/l1,1050.0,0.07752969861030579
train/l1,1100.0,0.07315230369567871
train/l1,1150.0,0.06728272140026093
train/l1,1200.0,0.06425325572490692
train/l1,1250.0,0.06555724143981934
train/l1,1300.0,0.06966684758663177
train/l1,1350.0,0.0719057098031044
train/l1,1400.0,0.07114525884389877
train/l1,1450.0,0.06701669096946716
train/l1,1500.0,0.06802624464035034
train/l1,1550.0,0.0641966164112091
train/l1,1600.0,0.06542247533798218
train/l1,1650.0,0.06364434957504272
train/l1,1700.0,0.06795987486839294
train/l1,1750.0,0.06473000347614288
train/l1,1800.0,0.06620475649833679
train/l1,1850.0,0.07637444138526917
train/l1,1900.0,0.07031441479921341
train/l1,1950.0,0.0678277239203453
train/l1,2000.0,0.06319323182106018
train/l1,2050.0,0.06755446642637253
train/l1,2100.0,0.06755148619413376
train/l1,2150.0,0.06516583263874054
train/l1,2200.0,0.06773825734853745
train/l1,2250.0,0.06542965769767761
train/l1,2300.0,0.05891861394047737
train/l1,2350.0,0.07329758256673813
train/l1,2400.0,0.06512782722711563
train/l1,2450.0,0.06434379518032074
train/l1,2500.0,0.06558362394571304
train/l1,2550.0,0.064519502222538
train/l1,2600.0,0.06245098263025284
train/l1,2650.0,0.06128904968500137
train/l1,2700.0,0.06074272096157074
train/l1,2750.0,0.06924204528331757
train/l1,2800.0,0.06296123564243317
train/l1,2850.0,0.07063714414834976
train/l1,2900.0,0.07525432854890823
train/l1,2950.0,0.06720047444105148
train/l1,3000.0,0.06834811717271805
train/l1,3050.0,0.05932045727968216
train/l1,3100.0,0.06711477041244507
train/l1,3150.0,0.061857327818870544
train/l1,3200.0,0.06445420533418655
train/l1,3250.0,0.06261665374040604
train/l1,3300.0,0.07234403491020203
train/l1,3350.0,0.05544237047433853
train/l1,3400.0,0.06429199874401093
train/l1,3450.0,0.06305665522813797
train/l1,3500.0,0.0638694241642952
train/l1,3550.0,0.06878270953893661
train/l1,3600.0,0.0627465769648552
train/l1,3650.0,0.05990578979253769
train/l1,3700.0,0.05629735440015793
train/l1,3750.0,0.06336468458175659
train/l1,3800.0,0.06644818186759949
train/l1,3850.0,0.06693476438522339
train/l1,3900.0,0.06141338497400284
train/l1,3950.0,0.06413302570581436
train/l1,4000.0,0.07036884874105453
train/l1,4050.0,0.06473329663276672
train/l1,4100.0,0.0650278627872467
train/l1,4150.0,0.07207173109054565
train/l1,4200.0,0.0709492415189743
train/l1,4250.0,0.06626379489898682
train/l1,4300.0,0.06488347053527832
train/l1,4350.0,0.059794746339321136
train/l1,4400.0,0.061702679842710495
train/l1,4450.0,0.06165534630417824
train/l1,4500.0,0.0613226592540741
train/l1,4550.0,0.056832678616046906
train/l1,4600.0,0.0664336308836937
train/l1,4650.0,0.06519924104213715
train/l1,4700.0,0.057613469660282135
train/l1,4750.0,0.061811771243810654
train/l1,4800.0,0.06064382940530777
train/l1,4850.0,0.0678652822971344
train/l1,4900.0,0.06861279904842377
train/l1,4950.0,0.06561294943094254
train/l1,5000.0,0.06223347783088684
train/l1,5050.0,0.06443436443805695
train/l1,5100.0,0.06695806235074997
train/l1,5150.0,0.06643599271774292
train/l1,5200.0,0.06670425087213516
train/l1,5250.0,0.0633382722735405
train/l1,5300.0,0.07067447900772095
train/l1,5350.0,0.0686597153544426
train/l1,5400.0,0.060438208281993866
train/l1,5450.0,0.06264042854309082
train/l1,5500.0,0.06552904099225998
train/l1,5550.0,0.06662502884864807
train/l1,5600.0,0.05694833770394325
train/l1,5650.0,0.05829711630940437
train/l1,5700.0,0.06503398716449738
train/l1,5750.0,0.06593714654445648
train/l1,5800.0,0.06959348171949387
train/l1,5850.0,0.06261320412158966
train/l1,5900.0,0.06363682448863983
train/l1,5950.0,0.06459182500839233
train/l1,6000.0,0.05593181401491165
train/l1,6050.0,0.060632649809122086
train/l1,6100.0,0.060018450021743774
train/l1,6150.0,0.06169729307293892
train/l1,6200.0,0.06305120140314102
train/l1,6250.0,0.0648236870765686
train/l1,6300.0,0.06539001315832138
train/l1,6350.0,0.061700284481048584
train/l1,6400.0,0.05745769292116165
train/l1,6450.0,0.05894223600625992
train/l1,6500.0,0.060878753662109375
train/l1,6550.0,0.06753159314393997
train/l1,6600.0,0.05702606216073036
train/l1,6650.0,0.056741803884506226
train/l1,6700.0,0.06500577926635742
train/l1,6750.0,0.06947613507509232
train/l1,6800.0,0.07031813263893127
train/l1,6850.0,0.06257989257574081
train/l1,6900.0,0.06699113547801971
train/l1,6950.0,0.05479197949171066
train/l1,7000.0,0.06211962178349495
train/l1,7050.0,0.0614154227077961
train/l1,7100.0,0.06425587832927704
train/l1,7150.0,0.06158952787518501
train/l1,7200.0,0.06233052909374237
train/l1,7250.0,0.06365971267223358
train/l1,7300.0,0.06613045185804367
train/l1,7350.0,0.06515318155288696
train/l1,7400.0,0.05767077952623367
train/l1,7450.0,0.05878695100545883
train/l1,7500.0,0.05697871744632721
train/l1,7550.0,0.06424722075462341
train/l1,7600.0,0.06927289813756943
train/l1,7650.0,0.054818712174892426
train/l1,7700.0,0.06385041028261185
train/l1,7750.0,0.06195329874753952
train/l1,7800.0,0.06309414654970169
train/l1,7850.0,0.0618603378534317
train/l1,7900.0,0.06334351003170013
train/l1,7950.0,0.06384268403053284
train/l1,8000.0,0.06591308116912842
train/l1,8050.0,0.057691995054483414
train/l1,8100.0,0.06515063345432281
train/l1,8150.0,0.07223084568977356
train/l1,8200.0,0.06508906930685043
train/l1,8250.0,0.0640900656580925
train/l1,8300.0,0.06473448127508163
train/l1,8350.0,0.06231967359781265
train/l1,8400.0,0.06365872919559479
train/l1,8450.0,0.06611664593219757
train/l1,8500.0,0.06433860957622528
train/l1,8550.0,0.06063882261514664
train/l1,8600.0,0.06021804362535477
train/l1,8650.0,0.06404849141836166
train/l1,8700.0,0.06127897650003433
train/l1,8750.0,0.06108219176530838
train/l1,8800.0,0.0596163272857666
train/l1,8850.0,0.0690508708357811
train/l1,8900.0,0.06505535542964935
train/l1,8950.0,0.058751896023750305
train/l1,9000.0,0.06440561264753342
train/l1,9050.0,0.06222432106733322
train/l1,9100.0,0.06283509731292725
train/l1,9150.0,0.07274860888719559
train/l1,9200.0,0.05869188904762268
train/l1,9250.0,0.06631971895694733
train/l1,9300.0,0.06522724032402039
train/l1,9350.0,0.06236378103494644
train/l1,9400.0,0.05754215270280838
train/l1,9450.0,0.0632731020450592
train/l1,9500.0,0.0625355988740921
train/l1,9550.0,0.06549535691738129
train/l1,9600.0,0.056616008281707764
train/l1,9650.0,0.05372601002454758
train/l1,9700.0,0.06100594997406006
train/l1,9750.0,0.06342486292123795
train/l1,9800.0,0.06462059915065765
train/l1,9850.0,0.060174692422151566
train/l1,9900.0,0.0570814311504364
train/l1,9950.0,0.06438907980918884
train/l1,10000.0,0.06471071392297745
train/l1,10050.0,0.06207408010959625
train/l1,10100.0,0.06136871129274368
train/l1,10150.0,0.06628302484750748
train/l1,10200.0,0.06905229389667511
train/l1,10250.0,0.06105853617191315
train/l1,10300.0,0.05801566317677498
train/l1,10350.0,0.06602925062179565
train/l1,10400.0,0.06583782285451889
train/l1,10450.0,0.06481558084487915
train/l1,10500.0,0.06371978670358658
train/l1,10550.0,0.057667408138513565
train/l1,10600.0,0.058071061968803406
train/l1,10650.0,0.061942536383867264
train/l1,10700.0,0.058950275182724
train/l1,10750.0,0.06502634286880493
train/l1,10800.0,0.0669395700097084
train/l1,10850.0,0.05849207937717438
train/l1,10900.0,0.06611815840005875
train/l1,10950.0,0.06074226647615433
train/l1,11000.0,0.05755714327096939
train/l1,11050.0,0.06513789296150208
train/l1,11100.0,0.06744049489498138
train/l1,11150.0,0.0645088255405426
train/l1,11200.0,0.0580240860581398
train/l1,11250.0,0.06425784528255463
train/l1,11300.0,0.06070822849869728
train/l1,11350.0,0.05585544928908348
train/l1,11400.0,0.06495381891727448
train/l1,11450.0,0.06479232013225555
train/l1,11500.0,0.056623462587594986
train/l1,11550.0,0.06558745354413986
train/l1,11600.0,0.06614672392606735
train/l1,11650.0,0.060807786881923676
train/l1,11700.0,0.06654900312423706
train/l1,11750.0,0.06385163217782974
train/l1,11800.0,0.06517457216978073
train/l1,11850.0,0.0607772096991539
train/l1,11900.0,0.062446847558021545
train/l1,11950.0,0.05897290259599686
train/l1,12000.0,0.060965314507484436
train/l1,12050.0,0.058446962386369705
train/l1,12100.0,0.05981970205903053
train/l1,12150.0,0.06701947748661041
train/l1,12200.0,0.0592401921749115
train/l1,12250.0,0.06052682176232338
train/l1,12300.0,0.06032648682594299
train/l1,12350.0,0.06266016513109207
train/l1,12400.0,0.06260702759027481
train/l1,12450.0,0.06210260093212128
train/l1,12500.0,0.06175212189555168
train/l1,12550.0,0.06526413559913635
train/l1,12600.0,0.06275798380374908
train/l1,12650.0,0.0654507726430893
train/l1,12700.0,0.0581216961145401
train/l1,12750.0,0.061766233295202255
train/l1,12800.0,0.06011907011270523
train/l1,12850.0,0.06154518947005272
train/l1,12900.0,0.061504967510700226
train/l1,12950.0,0.059778034687042236
train/l1,13000.0,0.05824325606226921
train/l1,13050.0,0.06685345619916916
train/l1,13100.0,0.0652051642537117
train/l1,13150.0,0.06473436206579208
train/l1,13200.0,0.07113441824913025
train/l1,13250.0,0.06208701804280281
train/l1,13300.0,0.06761887669563293
train/l1,13350.0,0.06420817971229553
train/l1,13400.0,0.0641927644610405
train/l1,13450.0,0.05872020125389099
train/l1,13500.0,0.06218426302075386
train/l1,13550.0,0.06703616678714752
train/l1,13600.0,0.06893473118543625
train/l1,13650.0,0.05895502120256424
train/l1,13700.0,0.056576989591121674
train/l1,13750.0,0.06647872179746628
train/l1,13800.0,0.05822082608938217
train/l1,13850.0,0.06398291885852814
train/l1,13900.0,0.06322786211967468
train/l1,13950.0,0.06269508600234985
train/l1,14000.0,0.06216706708073616
train/l1,14050.0,0.06109146028757095
train/l1,14100.0,0.06497400999069214
train/l1,14150.0,0.06389220058917999
train/l1,14200.0,0.05784912034869194
train/l1,14250.0,0.05906474590301514
train/l1,14300.0,0.06265515834093094
train/l1,14350.0,0.050690799951553345
train/l1,14400.0,0.057274311780929565
train/l1,14450.0,0.06219320744276047
train/l1,14500.0,0.061892878264188766
train/l1,14550.0,0.060201410204172134
train/l1,14600.0,0.05948588624596596
train/l1,14650.0,0.06864618510007858
train/l1,14700.0,0.060065895318984985
train/l1,14750.0,0.05802507698535919
train/l1,14800.0,0.06084750220179558
train/l1,14850.0,0.06315857917070389
train/l1,14900.0,0.0584113784134388
train/l1,14950.0,0.07248278707265854
train/l1,15000.0,0.058121208101511
train/l1,15050.0,0.06336279958486557
train/l1,15100.0,0.06139413267374039
train/l1,15150.0,0.06494707614183426
train/l1,15200.0,0.05909121036529541
train/l1,15250.0,0.054999541491270065
train/l1,15300.0,0.06216292083263397
train/l1,15350.0,0.05926632136106491
train/l1,15400.0,0.060380756855010986
train/l1,15450.0,0.05870108678936958
train/l1,15500.0,0.058190181851387024
train/l1,15550.0,0.061155054718256
train/l1,15600.0,0.06534049659967422
train/l1,15650.0,0.0575857013463974
train/l1,15700.0,0.0581754595041275
train/l1,15750.0,0.06528735160827637
train/l1,15800.0,0.06367580592632294
train/l1,15850.0,0.06304816901683807
train/l1,15900.0,0.06018146872520447
train/l1,15950.0,0.06109612062573433
train/l1,16000.0,0.054179415106773376
train/l1,16050.0,0.06397012621164322
train/l1,16100.0,0.06107502430677414
train/l1,16150.0,0.05906166881322861
train/l1,16200.0,0.057906366884708405
train/l1,16250.0,0.06377381086349487
train/l1,16300.0,0.05993839353322983
train/l1,16350.0,0.060571931302547455
train/l1,16400.0,0.0643807202577591
train/l1,16450.0,0.05385637655854225
train/l1,16500.0,0.06013350561261177
train/l1,16550.0,0.057852473109960556
train/l1,16600.0,0.06367383897304535
train/l1,16650.0,0.07086758315563202
train/l1,16700.0,0.062014300376176834
train/l1,16750.0,0.057388875633478165
train/l1,16800.0,0.06230694428086281
train/l1,16850.0,0.062054216861724854
train/l1,16900.0,0.0623454675078392
train/l1,16950.0,0.05997756868600845
train/l1,17000.0,0.06282373517751694
train/l1,17050.0,0.06387851387262344
train/l1,17100.0,0.05937863886356354
train/l1,17150.0,0.05550091341137886
train/l1,17200.0,0.0633082315325737
train/l1,17250.0,0.06477504968643188
train/l1,17300.0,0.060856893658638
train/l1,17350.0,0.05956413969397545
train/l1,17400.0,0.06255672127008438
train/l1,17450.0,0.0627400279045105
train/l1,17500.0,0.062223535031080246
train/l1,17550.0,0.060823991894721985
train/l1,17600.0,0.05980590730905533
train/l1,17650.0,0.07177234441041946
train/l1,17700.0,0.05637487769126892
train/l1,17750.0,0.06240150332450867
train/l1,17800.0,0.06552466750144958
train/l1,17850.0,0.057722240686416626
train/l1,17900.0,0.05920042097568512
train/l1,17950.0,0.05933737754821777
train/l1,18000.0,0.06569835543632507
train/l1,18050.0,0.06554561853408813
train/l1,18100.0,0.06190972775220871
train/l1,18150.0,0.0542309395968914
train/l1,18200.0,0.06064033508300781
train/l1,18250.0,0.05981368571519852
train/l1,18300.0,0.05988369137048721
train/l1,18350.0,0.06693784892559052
train/l1,18400.0,0.059463802725076675
train/l1,18450.0,0.0627187117934227
train/l1,18500.0,0.06716392934322357
train/l1,18550.0,0.06433547288179398
train/l1,18600.0,0.06297048926353455
train/l1,18650.0,0.06090379133820534
train/l1,18700.0,0.06553968787193298
train/l1,18750.0,0.062369488179683685
train/l1,18800.0,0.06098984181880951
train/l1,18850.0,0.06297682225704193
train/l1,18900.0,0.06321267783641815
train/l1,18950.0,0.05786439776420593
train/l1,19000.0,0.061804525554180145
train/l1,19050.0,0.06268146634101868
train/l1,19100.0,0.05853493511676788
train/l1,19150.0,0.058110445737838745
train/l1,19200.0,0.06117561459541321
train/l1,19250.0,0.05943409353494644
train/l1,19300.0,0.05949237942695618
train/l1,19350.0,0.05753188580274582
train/l1,19400.0,0.05896201729774475
train/l1,19450.0,0.0621473491191864
train/l1,19500.0,0.0657581239938736
train/l1,19550.0,0.06444845348596573
train/l1,19600.0,0.0578823983669281
train/l1,19650.0,0.06672380119562149
train/l1,19700.0,0.06101630628108978
train/l1,19750.0,0.05934933200478554
train/l1,19800.0,0.05724039301276207
train/l1,19850.0,0.06204628571867943
train/l1,19900.0,0.05909079685807228
train/l1,19950.0,0.06677179783582687
train/l1,20000.0,0.05876131355762482
train/l1,20050.0,0.06264597922563553
train/l1,20100.0,0.06486424803733826
train/l1,20150.0,0.0625702440738678
train/l1,20200.0,0.055594004690647125
train/l1,20250.0,0.06047109514474869
train/l1,20300.0,0.061829470098018646
train/l1,20350.0,0.06404004245996475
train/l1,20400.0,0.06528405100107193
train/l1,20450.0,0.060639750212430954
train/l1,20500.0,0.06525395810604095
train/l1,20550.0,0.06310379505157471
train/l1,20600.0,0.06070925295352936
train/l1,20650.0,0.06823990494012833
train/l1,20700.0,0.0639856606721878
train/l1,20750.0,0.062424346804618835
train/l1,20800.0,0.06456627696752548
train/l1,20850.0,0.06726472824811935
train/l1,20900.0,0.06428162753582001
train/l1,20950.0,0.0578433983027935
train/l1,21000.0,0.05794131010770798
train/l1,21050.0,0.06098974496126175
train/l1,21100.0,0.05386367067694664
train/l1,21150.0,0.0627824068069458
train/l1,21200.0,0.06866350024938583
train/l1,21250.0,0.06304977834224701
train/l1,21300.0,0.059170108288526535
train/l1,21350.0,0.05888830125331879
train/l1,21400.0,0.059122249484062195
train/l1,21450.0,0.06302396208047867
train/l1,21500.0,0.06361076980829239
train/l1,21550.0,0.05617515742778778
train/l1,21600.0,0.06503761559724808
train/l1,21650.0,0.0577532984316349
train/l1,21700.0,0.055796146392822266
train/l1,21750.0,0.06071920692920685
train/l1,21800.0,0.065769262611866
train/l1,21850.0,0.05913682281970978
train/l1,21900.0,0.06875791400671005
train/l1,21950.0,0.05934111773967743
train/l1,22000.0,0.05994388833642006
train/l1,22050.0,0.0698048323392868
train/l1,22100.0,0.060198552906513214
train/l1,22150.0,0.060350432991981506
train/l1,22200.0,0.057946424931287766
train/l1,22250.0,0.06398919224739075
train/l1,22300.0,0.06194353848695755
train/l1,22350.0,0.06244060769677162
train/l1,22400.0,0.06008640304207802
train/l1,22450.0,0.06653603911399841
train/l1,22500.0,0.0646321102976799
train/l1,22550.0,0.059030987322330475
train/l1,22600.0,0.07088963687419891
train/l1,22650.0,0.06416097283363342
train/l1,22700.0,0.06679510325193405
train/l1,22750.0,0.06435099244117737
train/l1,22800.0,0.06893768906593323
train/l1,22850.0,0.06027854233980179
train/l1,22900.0,0.059351034462451935
train/l1,22950.0,0.06080334633588791
train/l1,23000.0,0.06261634826660156
train/l1,23050.0,0.053325265645980835
train/l1,23100.0,0.05979719012975693
train/l1,23150.0,0.061172373592853546
train/l1,23200.0,0.0652686133980751
train/l1,23250.0,0.05726030841469765
train/l1,23300.0,0.05918204039335251
train/l1,23350.0,0.06176288425922394
train/l1,23400.0,0.06251098960638046
train/l1,23450.0,0.06924279034137726
train/l1,23500.0,0.056746579706668854
train/l1,23550.0,0.0556846521794796
train/l1,23600.0,0.057653188705444336
train/l1,23650.0,0.05397529900074005
train/l1,23700.0,0.06203671544790268
train/l1,23750.0,0.059625349938869476
train/l1,23800.0,0.059128690510988235
train/l1,23850.0,0.06277575343847275
train/l1,23900.0,0.05788038298487663
train/l1,23950.0,0.058706220239400864
train/l1,24000.0,0.05543682724237442
train/l1,24050.0,0.060565974563360214
train/l1,24100.0,0.062098607420921326
train/l1,24150.0,0.05801347270607948
train/l1,24200.0,0.06767158210277557
train/l1,24250.0,0.05735350772738457
train/l1,24300.0,0.06413896381855011
train/l1,24350.0,0.05721205472946167
train/l1,24400.0,0.06306207925081253
train/l1,24450.0,0.06163399666547775
train/l1,24500.0,0.05636218935251236
train/l1,24550.0,0.06584038585424423
train/l1,24600.0,0.06352346390485764
train/l1,24650.0,0.054378122091293335
train/l1,24700.0,0.06646044552326202
train/l1,24750.0,0.06881766021251678
train/l1,24800.0,0.06236308068037033
train/l1,24850.0,0.06114327162504196
train/l1,24900.0,0.0626157596707344
train/l1,24950.0,0.060988377779722214
train/l1,25000.0,0.059893541038036346
train/l1,25050.0,0.059938397258520126
train/l1,25100.0,0.05649565905332565
train/l1,25150.0,0.055108871310949326
train/l1,25200.0,0.06673391163349152
train/l1,25250.0,0.05571654811501503
train/l1,25300.0,0.05892946571111679
train/l1,25350.0,0.06127746403217316
train/l1,25400.0,0.06234519183635712
train/l1,25450.0,0.0680965781211853
train/l1,25500.0,0.06592708081007004
train/l1,25550.0,0.06666813790798187
train/l1,25600.0,0.06094612181186676
train/l1,25650.0,0.05848103016614914
train/l1,25700.0,0.06487435102462769
train/l1,25750.0,0.054923538118600845
train/l1,25800.0,0.06564517319202423
train/l1,25850.0,0.05843965709209442
train/l1,25900.0,0.06243959441781044
train/l1,25950.0,0.06464318931102753
train/l1,26000.0,0.060952212661504745
train/l1,26050.0,0.05712852627038956
train/l1,26100.0,0.06726817786693573
train/l1,26150.0,0.06644199788570404
train/l1,26200.0,0.06058422848582268
train/l1,26250.0,0.06294434517621994
train/l1,26300.0,0.06284399330615997
train/l1,26350.0,0.052860092371702194
train/l1,26400.0,0.0618835911154747
train/l1,26450.0,0.06526607275009155
train/l1,26500.0,0.061009831726551056
train/l1,26550.0,0.06442460417747498
train/l1,26600.0,0.057963866740465164
train/l1,26650.0,0.05674625188112259
train/l1,26700.0,0.06498825550079346
train/l1,26750.0,0.07327742129564285
train/l1,26800.0,0.06277016550302505
train/l1,26850.0,0.06577181816101074
train/l1,26900.0,0.057166777551174164
train/l1,26950.0,0.06141923367977142
train/l1,27000.0,0.05494074150919914
train/l1,27050.0,0.060671232640743256
train/l1,27100.0,0.05815910920500755
train/l1,27150.0,0.06217888742685318
train/l1,27200.0,0.06298690289258957
train/l1,27250.0,0.061115898191928864
train/l1,27300.0,0.06273017823696136
train/l1,27350.0,0.05981474369764328
train/l1,27400.0,0.05761779099702835
train/l1,27450.0,0.0599609911441803
train/l1,27500.0,0.0628061518073082
train/l1,27550.0,0.05969059467315674
train/l1,27600.0,0.06478556990623474
train/l1,27650.0,0.06181821599602699
train/l1,27700.0,0.0541631244122982
train/l1,27750.0,0.05934692919254303
train/l1,27800.0,0.05908188596367836
train/l1,27850.0,0.06344098597764969
train/l1,27900.0,0.06139842048287392
train/l1,27950.0,0.061254844069480896
train/l1,28000.0,0.057375192642211914
train/l1,28050.0,0.058580152690410614
train/l1,28100.0,0.05594654381275177
train/l1,28150.0,0.062261395156383514
train/l1,28200.0,0.06107994541525841
train/l1,28250.0,0.06282094866037369
train/l1,28300.0,0.05653299018740654
train/l1,28350.0,0.06074885278940201
train/l1,28400.0,0.05943246930837631
train/l1,28450.0,0.05754131078720093
train/l1,28500.0,0.05782080069184303
train/l1,28550.0,0.06031585484743118
train/l1,28600.0,0.05382359027862549
train/l1,28650.0,0.05753357335925102
train/l1,28700.0,0.06460008025169373
train/l1,28750.0,0.06184583529829979
train/l1,28800.0,0.06060371175408363
train/l1,28850.0,0.058704670518636703
train/l1,28900.0,0.06321556121110916
train/l1,28950.0,0.05634038522839546
train/l1,29000.0,0.05769727751612663
train/l1,29050.0,0.06666198372840881
train/l1,29100.0,0.06109036132693291
train/l1,29150.0,0.06920374929904938
train/l1,29200.0,0.05614832788705826
train/l1,29250.0,0.055494364351034164
train/l1,29300.0,0.055916354060173035
train/l1,29350.0,0.06765098869800568
train/l1,29400.0,0.060360901057720184
train/l1,29450.0,0.059814631938934326
train/l1,29500.0,0.05766154080629349
train/l1,29550.0,0.06215275824069977
train/l1,29600.0,0.05923321843147278
train/l1,29650.0,0.05735348165035248
train/l1,29700.0,0.0611870214343071
train/l1,29750.0,0.059125229716300964
train/l1,29800.0,0.058848150074481964
train/l1,29850.0,0.05923020839691162
train/l1,29900.0,0.06048458814620972
train/l1,29950.0,0.058444954454898834
train/l1,30000.0,0.05400455370545387
train/l1,30050.0,0.06195911765098572
train/l1,30100.0,0.06411498039960861
train/l1,30150.0,0.059846896678209305
train/l1,30200.0,0.06044763699173927
train/l1,30250.0,0.06394317746162415
train/l1,30300.0,0.06404423713684082
train/l1,30350.0,0.06732410192489624
train/l1,30400.0,0.06260810047388077
train/l1,30450.0,0.0643765926361084
train/l1,30500.0,0.05952794849872589
train/l1,30550.0,0.06616255640983582
train/l1,30600.0,0.06638172268867493
train/l1,30650.0,0.06231968477368355
train/l1,30700.0,0.058789514005184174
train/l1,30750.0,0.06025215983390808
train/l1,30800.0,0.055775437504053116
train/l1,30850.0,0.0686706081032753
train/l1,30900.0,0.059104591608047485
train/l1,30950.0,0.06171606481075287
train/l1,31000.0,0.06415804475545883
train/l1,31050.0,0.054054878652095795
train/l1,31100.0,0.06392283737659454
train/l1,31150.0,0.06319128721952438
train/l1,31200.0,0.059411611407995224
train/l1,31250.0,0.0687151551246643
train/l1,31300.0,0.054178494960069656
train/l1,31350.0,0.06559373438358307
train/l1,31400.0,0.06072603166103363
train/l1,31450.0,0.05816681683063507
train/l1,31500.0,0.061357371509075165
train/l1,31550.0,0.056266702711582184
train/l1,31600.0,0.05579117685556412
train/l1,31650.0,0.0589592307806015
train/l1,31700.0,0.06633460521697998
train/l1,31750.0,0.0640881359577179
train/l1,31800.0,0.05892594903707504
train/l1,31850.0,0.06652083992958069
train/l1,31900.0,0.0572379045188427
train/l1,31950.0,0.06459180265665054
train/l1,32000.0,0.06120709329843521
train/l1,32050.0,0.05966590344905853
train/l1,32100.0,0.06239620968699455
train/l1,32150.0,0.05896826833486557
train/l1,32200.0,0.06609467417001724
train/l1,32250.0,0.05382084846496582
train/l1,32300.0,0.0623042955994606
train/l1,32350.0,0.06817439198493958
train/l1,32400.0,0.0629919171333313
train/l1,32450.0,0.06707987189292908
train/l1,32500.0,0.05929230898618698
train/l1,32550.0,0.05916808545589447
train/l1,32600.0,0.060253988951444626
train/l1,32650.0,0.056707825511693954
train/l1,32700.0,0.057143718004226685
train/l1,32750.0,0.06731346249580383
train/l1,32800.0,0.05901988968253136
train/l1,32850.0,0.06539590656757355
train/l1,32900.0,0.05505676940083504
train/l1,32950.0,0.05546543002128601
train/l1,33000.0,0.05972542613744736
train/l1,33050.0,0.06622910499572754
train/l1,33100.0,0.0643022209405899
train/l1,33150.0,0.05517039820551872
train/l1,33200.0,0.06404595822095871
train/l1,33250.0,0.06276709586381912
train/l1,33300.0,0.06056154519319534
train/l1,33350.0,0.0646614208817482
train/l1,33400.0,0.06386923789978027
train/l1,33450.0,0.062391478568315506
train/l1,33500.0,0.06112557277083397
train/l1,33550.0,0.06814351677894592
train/l1,33600.0,0.0699687972664833
train/l1,33650.0,0.06719909608364105
train/l1,33700.0,0.059280313551425934
train/l1,33750.0,0.058579184114933014
train/l1,33800.0,0.06514289975166321
train/l1,33850.0,0.060061708092689514
train/l1,33900.0,0.057669736444950104
train/l1,33950.0,0.05455716699361801
train/l1,34000.0,0.06205187365412712
train/l1,34050.0,0.057980749756097794
train/l1,34100.0,0.06085827201604843
train/l1,34150.0,0.06547648459672928
train/l1,34200.0,0.05684519559144974
train/l1,34250.0,0.054296739399433136
train/l1,34300.0,0.06899121403694153
train/l1,34350.0,0.06104965880513191
train/l1,34400.0,0.06292367726564407
train/l1,34450.0,0.06317804753780365
train/l1,34500.0,0.05768602341413498
train/l1,34550.0,0.05818595364689827
train/l1,34600.0,0.06640945374965668
train/l1,34650.0,0.062301479279994965
train/l1,34700.0,0.059933751821517944
train/l1,34750.0,0.07158768177032471
train/l1,34800.0,0.06013547629117966
train/l1,34850.0,0.0641857236623764
train/l1,34900.0,0.06210963800549507
train/l1,34950.0,0.061131108552217484
train/l1,35000.0,0.05842764675617218
train/l1,35050.0,0.0666099265217781
train/l1,35100.0,0.06023967266082764
train/l1,35150.0,0.05772988498210907
train/l1,35200.0,0.057910237461328506
train/l1,35250.0,0.06351154297590256
train/l1,35300.0,0.056363366544246674
train/l1,35350.0,0.06224071979522705
train/l1,35400.0,0.05377133563160896
train/l1,35450.0,0.05307221785187721
train/l1,35500.0,0.06381850689649582
train/l1,35550.0,0.06302955746650696
train/l1,35600.0,0.06220221891999245
train/l1,35650.0,0.05542725697159767
train/l1,35700.0,0.06324537098407745
train/l1,35750.0,0.05971410125494003
train/l1,35800.0,0.05964890494942665
train/l1,35850.0,0.06548167020082474
train/l1,35900.0,0.062292296439409256
train/l1,35950.0,0.062070660293102264
train/l1,36000.0,0.06098845228552818
train/l1,36050.0,0.057197846472263336
train/l1,36100.0,0.06010422855615616
train/l1,36150.0,0.052968889474868774
train/l1,36200.0,0.056323856115341187
train/l1,36250.0,0.06695878505706787
train/l1,36300.0,0.06587100028991699
train/l1,36350.0,0.06965203583240509
train/l1,36400.0,0.07198411226272583
train/l1,36450.0,0.05851045250892639
train/l1,36500.0,0.059688374400138855
train/l1,36550.0,0.06197141110897064
train/l1,36600.0,0.05656707286834717
train/l1,36650.0,0.06055711954832077
train/l1,36700.0,0.06124554201960564
train/l1,36750.0,0.05984622612595558
train/l1,36800.0,0.062358558177948
train/l1,36850.0,0.058519721031188965
train/l1,36900.0,0.05918430536985397
train/l1,36950.0,0.06757767498493195
train/l1,37000.0,0.06336278468370438
train/l1,37050.0,0.06278927624225616
train/l1,37100.0,0.06358497589826584
train/l1,37150.0,0.05761256068944931
train/l1,37200.0,0.06371628493070602
train/l1,37250.0,0.06100047379732132
train/l1,37300.0,0.06309182196855545
train/l1,37350.0,0.0547359436750412
train/l1,37400.0,0.05843822658061981
train/l1,37450.0,0.05811870098114014
train/l1,37500.0,0.06247846782207489
train/l1,37550.0,0.05778474733233452
train/l1,37600.0,0.06400846689939499
train/l1,37650.0,0.05778529495000839
train/l1,37700.0,0.05844157934188843
train/l1,37750.0,0.05519033223390579
train/l1,37800.0,0.06182817369699478
train/l1,37850.0,0.059017620980739594
train/l1,37900.0,0.06058087199926376
train/l1,37950.0,0.06283292174339294
train/l1,38000.0,0.06036683917045593
train/l1,38050.0,0.058614738285541534
train/l1,38100.0,0.05346977710723877
train/l1,38150.0,0.05876915901899338
train/l1,38200.0,0.0576527863740921
train/l1,38250.0,0.06508775055408478
train/l1,38300.0,0.05528491735458374
train/l1,38350.0,0.061466850340366364
train/l1,38400.0,0.05923646688461304
train/l1,38450.0,0.060945019125938416
train/l1,38500.0,0.058510132133960724
train/l1,38550.0,0.06364162266254425
train/l1,38600.0,0.06433276832103729
train/l1,38650.0,0.06391805410385132
train/l1,38700.0,0.06388033181428909
train/l1,38750.0,0.05235994979739189
train/l1,38800.0,0.061117179691791534
train/l1,38850.0,0.05847211182117462
train/l1,38900.0,0.057728853076696396
train/l1,38950.0,0.05687543377280235
train/l1,39000.0,0.06298846751451492
train/l1,39050.0,0.06383134424686432
train/l1,39100.0,0.06088441610336304
train/l1,39150.0,0.056620873510837555
train/l1,39200.0,0.06169969588518143
train/l1,39250.0,0.05919044464826584
train/l1,39300.0,0.06079448014497757
train/l1,39350.0,0.06263081729412079
train/l1,39400.0,0.058731306344270706
train/l1,39450.0,0.06459937244653702
train/l1,39500.0,0.06417505443096161
train/l1,39550.0,0.055943168699741364
train/l1,39600.0,0.06034098193049431
train/l1,39650.0,0.05915786698460579
train/l1,39700.0,0.05690142884850502
train/l1,39750.0,0.06357989460229874
train/l1,39800.0,0.062074288725852966
train/l1,39850.0,0.058482684195041656
train/l1,39900.0,0.06190294772386551
train/l1,39950.0,0.06602023541927338
train/l1,40000.0,0.05830446630716324
train/l1,40050.0,0.055149056017398834
train/l1,40100.0,0.054056212306022644
train/l1,40150.0,0.06186678260564804
train/l1,40200.0,0.05637560784816742
train/l1,40250.0,0.06119273975491524
train/l1,40300.0,0.0650879517197609
train/l1,40350.0,0.061509210616350174
train/l1,40400.0,0.061220161616802216
train/l1,40450.0,0.06376077979803085
train/l1,40500.0,0.06823668628931046
train/l1,40550.0,0.06432080268859863
train/l1,40600.0,0.05872005596756935
train/l1,40650.0,0.06748884171247482
train/l1,40700.0,0.06402850896120071
train/l1,40750.0,0.06006496772170067
train/l1,40800.0,0.06400623917579651
train/l1,40850.0,0.06112193316221237
train/l1,40900.0,0.05763930454850197
train/l1,40950.0,0.059698306024074554
train/l1,41000.0,0.05996476858854294
train/l1,41050.0,0.062093351036310196
train/l1,41100.0,0.0598955862224102
train/l1,41150.0,0.056866101920604706
train/l1,41200.0,0.057620421051979065
train/l1,41250.0,0.05963479354977608
train/l1,41300.0,0.06278491765260696
train/l1,41350.0,0.05690079927444458
train/l1,41400.0,0.059552427381277084
train/l1,41450.0,0.05636053532361984
train/l1,41500.0,0.061788178980350494
train/l1,41550.0,0.061532773077487946
train/l1,41600.0,0.06644248962402344
train/l1,41650.0,0.0648014098405838
train/l1,41700.0,0.06009262800216675
train/l1,41750.0,0.05990259349346161
train/l1,41800.0,0.061905477195978165
train/l1,41850.0,0.05609779432415962
train/l1,41900.0,0.05755861848592758
train/l1,41950.0,0.061564281582832336
train/l1,42000.0,0.05889493227005005
train/l1,42050.0,0.05758184194564819
train/l1,42100.0,0.0633925274014473
train/l1,42150.0,0.06267578154802322
train/l1,42200.0,0.061607833951711655
train/l1,42250.0,0.0608769953250885
train/l1,42300.0,0.0597667396068573
train/l1,42350.0,0.06366600096225739
train/l1,42400.0,0.06113461032509804
train/l1,42450.0,0.05871681869029999
train/l1,42500.0,0.06030094251036644
train/l1,42550.0,0.056537579745054245
train/l1,42600.0,0.061725206673145294
train/l1,42650.0,0.05804028734564781
train/l1,42700.0,0.06117317080497742
train/l1,42750.0,0.05449690669775009
train/l1,42800.0,0.05788998678326607
train/l1,42850.0,0.05271273851394653
train/l1,42900.0,0.05830799415707588
train/l1,42950.0,0.06083940714597702
train/l1,43000.0,0.06339577585458755
train/l1,43050.0,0.05681339651346207
train/l1,43100.0,0.055238302797079086
train/l1,43150.0,0.055091921240091324
train/l1,43200.0,0.06229841709136963
train/l1,43250.0,0.06070470064878464
train/l1,43300.0,0.06250691413879395
train/l1,43350.0,0.04914676398038864
train/l1,43400.0,0.05955668166279793
train/l1,43450.0,0.06820213794708252
train/l1,43500.0,0.06584445387125015
train/l1,43550.0,0.062150366604328156
train/l1,43600.0,0.06075996533036232
train/l1,43650.0,0.06073479354381561
train/l1,43700.0,0.05978865921497345
train/l1,43750.0,0.061288099735975266
train/l1,43800.0,0.06223393976688385
train/l1,43850.0,0.05542364344000816
train/l1,43900.0,0.07071282714605331
train/l1,43950.0,0.06426157057285309
train/l1,44000.0,0.06390462070703506
train/l1,44050.0,0.05658544972538948
train/l1,44100.0,0.0589958131313324
train/l1,44150.0,0.063066765666008
train/l1,44200.0,0.0598360151052475
train/l1,44250.0,0.06246214359998703
train/l1,44300.0,0.060622427612543106
train/l1,44350.0,0.06035488098859787
train/l1,44400.0,0.06067076697945595
train/l1,44450.0,0.060437776148319244
train/l1,44500.0,0.058950092643499374
train/l1,44550.0,0.06569787114858627
train/l1,44600.0,0.06177598610520363
train/l1,44650.0,0.06318031251430511
train/l1,44700.0,0.06133236736059189
train/l1,44750.0,0.06234609708189964
train/l1,44800.0,0.062712162733078
train/l1,44850.0,0.06101101636886597
train/l1,44900.0,0.06294453144073486
train/l1,44950.0,0.057966042309999466
train/l1,45000.0,0.061751339584589005
train/l1,45050.0,0.05746963620185852
train/l1,45100.0,0.06550462543964386
train/l1,45150.0,0.05879370495676994
train/l1,45200.0,0.06600932031869888
train/l1,45250.0,0.0592108815908432
train/l1,45300.0,0.04935048893094063
train/l1,45350.0,0.06157096475362778
train/l1,45400.0,0.05399627611041069
train/l1,45450.0,0.06040019169449806
train/l1,45500.0,0.062306225299835205
train/l1,45550.0,0.05753397196531296
train/l1,45600.0,0.061974942684173584
train/l1,45650.0,0.06257736682891846
train/l1,45700.0,0.06736192107200623
train/l1,45750.0,0.05419447273015976
train/l1,45800.0,0.057296350598335266
train/l1,45850.0,0.06767719984054565
train/l1,45900.0,0.05843859165906906
train/l1,45950.0,0.05907706171274185
train/l1,46000.0,0.06562112271785736
train/l1,46050.0,0.06225898489356041
train/l1,46100.0,0.06388283520936966
train/l1,46150.0,0.052460238337516785
train/l1,46200.0,0.06207718700170517
train/l1,46250.0,0.06299561262130737
train/l1,46300.0,0.05433470755815506
train/l1,46350.0,0.06084735319018364
train/l1,46400.0,0.06412295997142792
train/l1,46450.0,0.05421345308423042
train/l1,46500.0,0.06027251109480858
train/l1,46550.0,0.06293939054012299
train/l1,46600.0,0.059558093547821045
train/l1,46650.0,0.06357377767562866
train/l1,46700.0,0.05877263844013214
train/l1,46750.0,0.05059384927153587
train/l1,46800.0,0.056601326912641525
train/l1,46850.0,0.06077038124203682
train/l1,46900.0,0.06955305486917496
train/l1,46950.0,0.060742512345314026
train/l1,47000.0,0.06450039148330688
train/l1,47050.0,0.055623702704906464
train/l1,47100.0,0.06173001229763031
train/l1,47150.0,0.05311841517686844
train/l1,47200.0,0.05561739206314087
train/l1,47250.0,0.06459303200244904
train/l1,47300.0,0.05810631811618805
train/l1,47350.0,0.05917142704129219
train/l1,47400.0,0.06015513092279434
train/l1,47450.0,0.05982520803809166
train/l1,47500.0,0.0609336793422699
train/l1,47550.0,0.06197086349129677
train/l1,47600.0,0.0645846426486969
train/l1,47650.0,0.05961110070347786
train/l1,47700.0,0.060025136917829514
train/l1,47750.0,0.0651160255074501
train/l1,47800.0,0.05653868243098259
train/l1,47850.0,0.05571983754634857
train/l1,47900.0,0.05669021233916283
train/l1,47950.0,0.05399945005774498
train/l1,48000.0,0.061788033694028854
train/l1,48050.0,0.053094424307346344
train/l1,48100.0,0.059635844081640244
train/l1,48150.0,0.061278924345970154
train/l1,48200.0,0.059819526970386505
train/l1,48250.0,0.06198327615857124
train/l1,48300.0,0.05315535515546799
train/l1,48350.0,0.06159231439232826
train/l1,48400.0,0.06493596732616425
train/l1,48450.0,0.062107715755701065
train/l1,48500.0,0.06782814115285873
train/l1,48550.0,0.06091742590069771
train/l1,48600.0,0.06128663569688797
train/l1,48650.0,0.05617213994264603
train/l1,48700.0,0.05431162565946579
train/l1,48750.0,0.06137022003531456
train/l1,48800.0,0.06540431082248688
train/l1,48850.0,0.0643947571516037
train/l1,48900.0,0.06594444066286087
train/l1,48950.0,0.05802816152572632
train/l1,49000.0,0.06715425848960876
train/l1,49050.0,0.058275580406188965
train/l1,49100.0,0.06091994047164917
train/l1,49150.0,0.05683794990181923
train/l1,49200.0,0.054806649684906006
train/l1,49250.0,0.057456597685813904
train/l1,49300.0,0.061760563403367996
train/l1,49350.0,0.06143685430288315
train/l1,49400.0,0.06313081830739975
train/l1,49450.0,0.06324926018714905
train/l1,49500.0,0.06144779175519943
train/l1,49550.0,0.054715655744075775
train/l1,49600.0,0.05946386605501175
train/l1,49650.0,0.0651770830154419
train/l1,49700.0,0.0539221465587616
train/l1,49750.0,0.06546548008918762
train/l1,49800.0,0.06338914483785629
train/l1,49850.0,0.05736377090215683
train/l1,49900.0,0.05725845694541931
train/l1,49950.0,0.06185631453990936
train/l1,50000.0,0.05855727940797806
train/l1,50050.0,0.05150627717375755
train/l1,50100.0,0.05838356912136078
train/l1,50150.0,0.052200715988874435
train/l1,50200.0,0.06155896186828613
train/l1,50250.0,0.06060236692428589
train/l1,50300.0,0.059172745794057846
train/l1,50350.0,0.057171083986759186
train/l1,50400.0,0.06440481543540955
train/l1,50450.0,0.060163166373968124
train/l1,50500.0,0.06046810373663902
train/l1,50550.0,0.06338237226009369
train/l1,50600.0,0.05506349354982376
train/l1,50650.0,0.05950107425451279
train/l1,50700.0,0.06389525532722473
train/l1,50750.0,0.06359653174877167
train/l1,50800.0,0.05768996477127075
train/l1,50850.0,0.061957210302352905
train/l1,50900.0,0.05101199448108673
train/l1,50950.0,0.0638466477394104
train/l1,51000.0,0.059193115681409836
train/l1,51050.0,0.055981699377298355
train/l1,51100.0,0.05650553107261658
train/l1,51150.0,0.06335488706827164
train/l1,51200.0,0.057146333158016205
train/l1,51250.0,0.06266473233699799
train/l1,51300.0,0.06328312307596207
train/l1,51350.0,0.06863707304000854
train/l1,51400.0,0.059723880141973495
train/l1,51450.0,0.0609050951898098
train/l1,51500.0,0.05758367478847504
train/l1,51550.0,0.05872127786278725
train/l1,51600.0,0.06286840885877609
train/l1,51650.0,0.060923729091882706
train/l1,51700.0,0.04935942590236664
train/l1,51750.0,0.06456245481967926
train/l1,51800.0,0.054641082882881165
train/l1,51850.0,0.055975064635276794
train/l1,51900.0,0.058874960988759995
train/l1,51950.0,0.053345516324043274
train/l1,52000.0,0.056350819766521454
train/l1,52050.0,0.056138113141059875
train/l1,52100.0,0.06161399185657501
train/l1,52150.0,0.055751897394657135
train/l1,52200.0,0.05844343081116676
train/l1,52250.0,0.06264838576316833
train/l1,52300.0,0.06432077288627625
train/l1,52350.0,0.05751636624336243
train/l1,52400.0,0.06291981041431427
train/l1,52450.0,0.053919468075037
train/l1,52500.0,0.06081576272845268
train/l1,52550.0,0.05076605826616287
train/l1,52600.0,0.059126630425453186
train/l1,52650.0,0.056387759745121
train/l1,52700.0,0.06544400006532669
train/l1,52750.0,0.055640317499637604
train/l1,52800.0,0.06207003816962242
train/l1,52850.0,0.05728651210665703
train/l1,52900.0,0.055915966629981995
train/l1,52950.0,0.054839856922626495
train/l1,53000.0,0.0603070966899395
train/l1,53050.0,0.06031697988510132
train/l1,53100.0,0.05666807293891907
train/l1,53150.0,0.06208950653672218
train/l1,53200.0,0.059057265520095825
train/l1,53250.0,0.067098468542099
train/l1,53300.0,0.0550089105963707
train/l1,53350.0,0.05954014137387276
train/l1,53400.0,0.06125621497631073
train/l1,53450.0,0.05720715969800949
train/l1,53500.0,0.057772401720285416
train/l1,53550.0,0.061445750296115875
train/l1,53600.0,0.062487054616212845
train/l1,53650.0,0.05950382724404335
train/l1,53700.0,0.062232524156570435
train/l1,53750.0,0.05263561010360718
train/l1,53800.0,0.06183431297540665
train/l1,53850.0,0.057677075266838074
train/l1,53900.0,0.06409958004951477
train/l1,53950.0,0.06277218461036682
train/l1,54000.0,0.05551493912935257
train/l1,54050.0,0.06227225065231323
train/l1,54100.0,0.05763792246580124
train/l1,54150.0,0.06312823295593262
train/l1,54200.0,0.05824948474764824
train/l1,54250.0,0.06255704164505005
train/l1,54300.0,0.06491096317768097
train/l1,54350.0,0.06054670363664627
train/l1,54400.0,0.060879260301589966
train/l1,54450.0,0.05987708270549774
train/l1,54500.0,0.05836855620145798
train/l1,54550.0,0.06148999184370041
train/l1,54600.0,0.059800274670124054
train/l1,54650.0,0.057351384311914444
train/l1,54700.0,0.06150320917367935
train/l1,54750.0,0.06300508230924606
train/l1,54800.0,0.06203390285372734
train/l1,54850.0,0.061994440853595734
train/l1,54900.0,0.05894213914871216
train/l1,54950.0,0.056601833552122116
train/l1,55000.0,0.0637831836938858
train/l1,55050.0,0.06734701991081238
train/l1,55100.0,0.06410219520330429
train/l1,55150.0,0.059455450624227524
train/l1,55200.0,0.0610293447971344
train/l1,55250.0,0.05701722204685211
train/l1,55300.0,0.059928327798843384
train/l1,55350.0,0.0526157021522522
train/l1,55400.0,0.05943506956100464
train/l1,55450.0,0.058364830911159515
train/l1,55500.0,0.05506434664130211
train/l1,55550.0,0.06320591270923615
train/l1,55600.0,0.06350457668304443
train/l1,55650.0,0.05940046161413193
train/l1,55700.0,0.05848650634288788
train/l1,55750.0,0.05797122046351433
train/l1,55800.0,0.06540557742118835
train/l1,55850.0,0.057288605719804764
train/l1,55900.0,0.06864050775766373
train/l1,55950.0,0.05245179310441017
train/l1,56000.0,0.05627942830324173
train/l1,56050.0,0.06368507444858551
train/l1,56100.0,0.06360762566328049
train/l1,56150.0,0.06202404573559761
train/l1,56200.0,0.05800596624612808
train/l1,56250.0,0.062359023839235306
train/l1,56300.0,0.06402459740638733
train/l1,56350.0,0.05527425557374954
train/l1,56400.0,0.058363910764455795
train/l1,56450.0,0.060752321034669876
train/l1,56500.0,0.05818307027220726
train/l1,56550.0,0.06649842113256454
train/l1,56600.0,0.06577227264642715
train/l1,56650.0,0.06443333625793457
train/l1,56700.0,0.06279614567756653
train/l1,56750.0,0.06191788241267204
train/l1,56800.0,0.05352220684289932
train/l1,56850.0,0.05693572014570236
train/l1,56900.0,0.06676898896694183
train/l1,56950.0,0.056668806821107864
train/l1,57000.0,0.0663267970085144
train/l1,57050.0,0.056228071451187134
train/l1,57100.0,0.05856793001294136
train/l1,57150.0,0.053470734506845474
train/l1,57200.0,0.06224488839507103
train/l1,57250.0,0.058915749192237854
train/l1,57300.0,0.05940675735473633
train/l1,57350.0,0.05816490948200226
train/l1,57400.0,0.06352648884057999
train/l1,57450.0,0.061236970126628876
train/l1,57500.0,0.05863577872514725
train/l1,57550.0,0.05701668560504913
train/l1,57600.0,0.05826137959957123
train/l1,57650.0,0.06359217315912247
train/l1,57700.0,0.06499429047107697
train/l1,57750.0,0.05557987093925476
train/l1,57800.0,0.06657309830188751
train/l1,57850.0,0.0559898316860199
train/l1,57900.0,0.05608509108424187
train/l1,57950.0,0.0561840757727623
train/l1,58000.0,0.05707930773496628
train/l1,58050.0,0.06302478164434433
train/l1,58100.0,0.060632772743701935
train/l1,58150.0,0.059931136667728424
train/l1,58200.0,0.06091652438044548
train/l1,58250.0,0.06006128340959549
train/l1,58300.0,0.054985202848911285
train/l1,58350.0,0.056035712361335754
train/l1,58400.0,0.06529184430837631
train/l1,58450.0,0.05518358200788498
train/l1,58500.0,0.06020157039165497
train/l1,58550.0,0.05897337943315506
train/l1,58600.0,0.05570834130048752
train/l1,58650.0,0.061623185873031616
train/l1,58700.0,0.05535201355814934
train/l1,58750.0,0.06307534873485565
train/l1,58800.0,0.05496204271912575
train/l1,58850.0,0.06266755610704422
train/l1,58900.0,0.05580377206206322
train/l1,58950.0,0.05268007516860962
train/l1,59000.0,0.05854731798171997
train/l1,59050.0,0.055174533277750015
train/l1,59100.0,0.05521860346198082
train/l1,59150.0,0.05891941487789154
train/l1,59200.0,0.060485243797302246
train/l1,59250.0,0.06120108813047409
train/l1,59300.0,0.06222957372665405
train/l1,59350.0,0.06922318041324615
train/l1,59400.0,0.059941574931144714
train/l1,59450.0,0.0632423534989357
train/l1,59500.0,0.06210845708847046
train/l1,59550.0,0.05712290480732918
train/l1,59600.0,0.05863209068775177
train/l1,59650.0,0.05188869684934616
train/l1,59700.0,0.059394702315330505
train/l1,59750.0,0.061906054615974426
train/l1,59800.0,0.058471791446208954
train/l1,59850.0,0.05600999295711517
train/l1,59900.0,0.05998101830482483
train/l1,59950.0,0.057538025081157684
train/l1,60000.0,0.05696962773799896
train/l1,60050.0,0.060621533542871475
train/l1,60100.0,0.0604502372443676
train/l1,60150.0,0.05910398066043854
train/l1,60200.0,0.059100888669490814
train/l1,60250.0,0.05583459511399269
train/l1,60300.0,0.05243624746799469
train/l1,60350.0,0.05455157905817032
train/l1,60400.0,0.05458630621433258
train/l1,60450.0,0.06435064971446991
train/l1,60500.0,0.055803731083869934
train/l1,60550.0,0.058129869401454926
train/l1,60600.0,0.06216396018862724
train/l1,60650.0,0.06416317820549011
train/l1,60700.0,0.05598432943224907
train/l1,60750.0,0.05979766696691513
train/l1,60800.0,0.06194787472486496
train/l1,60850.0,0.06183384358882904
train/l1,60900.0,0.06203825771808624
train/l1,60950.0,0.055511973798274994
train/l1,61000.0,0.054241009056568146
train/l1,61050.0,0.060486823320388794
train/l1,61100.0,0.0684264749288559
train/l1,61150.0,0.05917572230100632
train/l1,61200.0,0.061382707208395004
train/l1,61250.0,0.05699877440929413
train/l1,61300.0,0.06415921449661255
train/l1,61350.0,0.053506169468164444
train/l1,61400.0,0.061663977801799774
train/l1,61450.0,0.061980731785297394
train/l1,61500.0,0.0646950826048851
train/l1,61550.0,0.05844951793551445
train/l1,61600.0,0.06074376776814461
train/l1,61650.0,0.061787642538547516
train/l1,61700.0,0.061017025262117386
train/l1,61750.0,0.05797993019223213
train/l1,61800.0,0.06165112555027008
train/l1,61850.0,0.061614494770765305
train/l1,61900.0,0.06263367086648941
train/l1,61950.0,0.06276682019233704
train/l1,62000.0,0.060226842761039734
train/l1,62050.0,0.06257733702659607
train/l1,62100.0,0.06356346607208252
train/l1,62150.0,0.05909620225429535
train/l1,62200.0,0.056998081505298615
train/l1,62250.0,0.06075846776366234
train/l1,62300.0,0.05766141787171364
train/l1,62350.0,0.06859739869832993
train/l1,62400.0,0.054012320935726166
train/l1,62450.0,0.05914847552776337
train/l1,62500.0,0.06667916476726532
train/l1,62550.0,0.06405830383300781
train/l1,62600.0,0.05875410884618759
train/l1,62650.0,0.06169988960027695
train/l1,62700.0,0.06186358630657196
train/l1,62750.0,0.06419913470745087
train/l1,62800.0,0.05415455624461174
train/l1,62850.0,0.05618549883365631
train/l1,62900.0,0.05772439390420914
train/l1,62950.0,0.06633082777261734
train/l1,63000.0,0.062227219343185425
train/l1,63050.0,0.060350507497787476
train/l1,63100.0,0.058381907641887665
train/l1,63150.0,0.05412018299102783
train/l1,63200.0,0.05518659949302673
train/l1,63250.0,0.05052850395441055
train/l1,63300.0,0.05943572148680687
train/l1,63350.0,0.058683037757873535
train/l1,63400.0,0.058724164962768555
train/l1,63450.0,0.05929367616772652
train/l1,63500.0,0.05843649059534073
train/l1,63550.0,0.061922986060380936
train/l1,63600.0,0.0627819076180458
train/l1,63650.0,0.05939916521310806
train/l1,63700.0,0.055341966450214386
train/l1,63750.0,0.060040123760700226
train/l1,63800.0,0.05573642626404762
train/l1,63850.0,0.061060935258865356
train/l1,63900.0,0.06264418363571167
train/l1,63950.0,0.06601077318191528
train/l1,64000.0,0.05815356224775314
train/l1,64050.0,0.06227577477693558
train/l1,64100.0,0.05799214541912079
train/l1,64150.0,0.060477957129478455
train/l1,64200.0,0.05475722998380661
train/l1,64250.0,0.06105036661028862
train/l1,64300.0,0.06421133130788803
train/l1,64350.0,0.05274093896150589
train/l1,64400.0,0.05878749489784241
train/l1,64450.0,0.05951521545648575
train/l1,64500.0,0.060037948191165924
train/l1,64550.0,0.055436450988054276
train/l1,64600.0,0.060113292187452316
train/l1,64650.0,0.055785927921533585
train/l1,64700.0,0.0565994456410408
train/l1,64750.0,0.055292606353759766
train/l1,64800.0,0.05477018654346466
train/l1,64850.0,0.061859697103500366
train/l1,64900.0,0.058115534484386444
train/l1,64950.0,0.06108011677861214
train/l1,65000.0,0.05921323597431183
train/l1,65050.0,0.05901112034916878
train/l1,65100.0,0.0632380023598671
train/l1,65150.0,0.05927329510450363
train/l1,65200.0,0.06394478678703308
train/l1,65250.0,0.0579078234732151
train/l1,65300.0,0.06057427078485489
train/l1,65350.0,0.05291443318128586
train/l1,65400.0,0.05969943478703499
train/l1,65450.0,0.06382305175065994
train/l1,65500.0,0.053794801235198975
train/l1,65550.0,0.062424540519714355
train/l1,65600.0,0.0580439493060112
train/l1,65650.0,0.06188884377479553
train/l1,65700.0,0.06449507921934128
train/l1,65750.0,0.055943798273801804
train/l1,65800.0,0.0602383092045784
train/l1,65850.0,0.062090687453746796
train/l1,65900.0,0.06293565779924393
train/l1,65950.0,0.06455008685588837
train/l1,66000.0,0.054560206830501556
train/l1,66050.0,0.055234115570783615
train/l1,66100.0,0.06333942711353302
train/l1,66150.0,0.06352201849222183
train/l1,66200.0,0.05640377476811409
train/l1,66250.0,0.06127515435218811
train/l1,66300.0,0.059177249670028687
train/l1,66350.0,0.059110768139362335
train/l1,66400.0,0.05929175764322281
train/l1,66450.0,0.06439147889614105
train/l1,66500.0,0.060602325946092606
train/l1,66550.0,0.06105436384677887
train/l1,66600.0,0.05883951112627983
train/l1,66650.0,0.06129985302686691
train/l1,66700.0,0.05572225898504257
train/l1,66750.0,0.05994183570146561
train/l1,66800.0,0.06167285144329071
train/l1,66850.0,0.05244199559092522
train/l1,66900.0,0.05911046266555786
train/l1,66950.0,0.05914435535669327
train/l1,67000.0,0.060371965169906616
train/l1,67050.0,0.05926665663719177
train/l1,67100.0,0.05897456780076027
train/l1,67150.0,0.05854038894176483
train/l1,67200.0,0.05968944728374481
train/l1,67250.0,0.06637474149465561
train/l1,67300.0,0.060543205589056015
train/l1,67350.0,0.05771385133266449
train/l1,67400.0,0.05255588889122009
train/l1,67450.0,0.05291309952735901
train/l1,67500.0,0.0599144771695137
train/l1,67550.0,0.06300589442253113
train/l1,67600.0,0.062271472066640854
train/l1,67650.0,0.06330626457929611
train/l1,67700.0,0.05820450186729431
train/l1,67750.0,0.06186992675065994
train/l1,67800.0,0.05876926705241203
train/l1,67850.0,0.06220206990838051
train/l1,67900.0,0.06029053032398224
train/l1,67950.0,0.05658000707626343
train/l1,68000.0,0.059553112834692
train/l1,68050.0,0.06043434143066406
train/l1,68100.0,0.05877278000116348
train/l1,68150.0,0.06233074143528938
train/l1,68200.0,0.05367283150553703
train/l1,68250.0,0.061306558549404144
train/l1,68300.0,0.05997192859649658
train/l1,68350.0,0.061388805508613586
train/l1,68400.0,0.0595259964466095
train/l1,68450.0,0.057124730199575424
train/l1,68500.0,0.0547112412750721
train/l1,68550.0,0.06274990737438202
train/l1,68600.0,0.052668146789073944
train/l1,68650.0,0.060421884059906006
train/l1,68700.0,0.06289822608232498
train/l1,68750.0,0.05529507249593735
train/l1,68800.0,0.062492839992046356
train/l1,68850.0,0.05580250546336174
train/l1,68900.0,0.05652892217040062
train/l1,68950.0,0.060023628175258636
train/l1,69000.0,0.05695275217294693
train/l1,69050.0,0.0589732863008976
train/l1,69100.0,0.06420473009347916
train/l1,69150.0,0.0558726005256176
train/l1,69200.0,0.05839599296450615
train/l1,69250.0,0.051495976746082306
train/l1,69300.0,0.06210639327764511
train/l1,69350.0,0.0585738867521286
train/l1,69400.0,0.058040324598550797
train/l1,69450.0,0.05931173264980316
train/l1,69500.0,0.06129356101155281
train/l1,69550.0,0.0680868923664093
train/l1,69600.0,0.05702775716781616
train/l1,69650.0,0.06563089787960052
train/l1,69700.0,0.06286738812923431
train/l1,69750.0,0.058771826326847076
train/l1,69800.0,0.055228449404239655
train/l1,69850.0,0.06503356993198395
train/l1,69900.0,0.05789643153548241
train/l1,69950.0,0.06068868935108185
train/l1,70000.0,0.06682270765304565
train/l1,70050.0,0.05620798096060753
train/l1,70100.0,0.06213897466659546
train/l1,70150.0,0.05961175262928009
train/l1,70200.0,0.05718809366226196
train/l1,70250.0,0.06155689060688019
train/l1,70300.0,0.057661496102809906
train/l1,70350.0,0.0625816136598587
train/l1,70400.0,0.06505914777517319
train/l1,70450.0,0.05787839740514755
train/l1,70500.0,0.05992252752184868
train/l1,70550.0,0.06517127901315689
train/l1,70600.0,0.055750299245119095
train/l1,70650.0,0.06201920285820961
train/l1,70700.0,0.06071366369724274
train/l1,70750.0,0.061914801597595215
train/l1,70800.0,0.055625077337026596
train/l1,70850.0,0.056972574442625046
train/l1,70900.0,0.0619494765996933
train/l1,70950.0,0.06531517207622528
train/l1,71000.0,0.059870727360248566
train/l1,71050.0,0.055586233735084534
train/l1,71100.0,0.05894112214446068
train/l1,71150.0,0.06423585116863251
train/l1,71200.0,0.0616123341023922
train/l1,71250.0,0.05675635114312172
train/l1,71300.0,0.05034469813108444
train/l1,71350.0,0.056553132832050323
train/l1,71400.0,0.05442861095070839
train/l1,71450.0,0.059720709919929504
train/l1,71500.0,0.05238182842731476
train/l1,71550.0,0.05842302739620209
train/l1,71600.0,0.05888137221336365
train/l1,71650.0,0.056724488735198975
train/l1,71700.0,0.06321730464696884
train/l1,71750.0,0.057295069098472595
train/l1,71800.0,0.060394592583179474
train/l1,71850.0,0.055968619883060455
train/l1,71900.0,0.05615417659282684
train/l1,71950.0,0.05884440615773201
train/l1,72000.0,0.058650944381952286
train/l1,72050.0,0.06472411006689072
train/l1,72100.0,0.0618283785879612
train/l1,72150.0,0.05168575048446655
train/l1,72200.0,0.05353061109781265
train/l1,72250.0,0.06049758195877075
train/l1,72300.0,0.06299291551113129
train/l1,72350.0,0.05735872685909271
train/l1,72400.0,0.06276334822177887
train/l1,72450.0,0.06178849935531616
train/l1,72500.0,0.061191171407699585
train/l1,72550.0,0.05698148161172867
train/l1,72600.0,0.0680847018957138
train/l1,72650.0,0.05680088698863983
train/l1,72700.0,0.06805980950593948
train/l1,72750.0,0.061336711049079895
train/l1,72800.0,0.05884241685271263
train/l1,72850.0,0.06017008423805237
train/l1,72900.0,0.06329600512981415
train/l1,72950.0,0.060008980333805084
train/l1,73000.0,0.06304261833429337
train/l1,73050.0,0.05836492031812668
train/l1,73100.0,0.06303146481513977
train/l1,73150.0,0.06324999034404755
train/l1,73200.0,0.06644298881292343
train/l1,73250.0,0.06000320613384247
train/l1,73300.0,0.058394283056259155
train/l1,73350.0,0.056411705911159515
train/l1,73400.0,0.0649857372045517
train/l1,73450.0,0.05174858868122101
train/l1,73500.0,0.05706408619880676
train/l1,73550.0,0.05895193666219711
train/l1,73600.0,0.056707024574279785
train/l1,73650.0,0.06801976263523102
train/l1,73700.0,0.05921848490834236
train/l1,73750.0,0.0650557279586792
train/l1,73800.0,0.05955459177494049
train/l1,73850.0,0.060723304748535156
train/l1,73900.0,0.06286979466676712
train/l1,73950.0,0.05739039182662964
train/l1,74000.0,0.05921528860926628
train/l1,74050.0,0.06171165406703949
train/l1,74100.0,0.05817791819572449
train/l1,74150.0,0.053494893014431
train/l1,74200.0,0.05609431117773056
train/l1,74250.0,0.060426339507102966
train/l1,74300.0,0.05596894770860672
train/l1,74350.0,0.061310168355703354
train/l1,74400.0,0.05573217570781708
train/l1,74450.0,0.05403711646795273
train/l1,74500.0,0.06248719245195389
train/l1,74550.0,0.06268681585788727
train/l1,74600.0,0.059480465948581696
train/l1,74650.0,0.057161469012498856
train/l1,74700.0,0.055807873606681824
train/l1,74750.0,0.052565306425094604
train/l1,74800.0,0.06405335664749146
train/l1,74850.0,0.060434021055698395
train/l1,74900.0,0.054867275059223175
train/l1,74950.0,0.055160000920295715
train/l1,75000.0,0.06294500082731247
train/l1,75050.0,0.06209580600261688
train/l1,75100.0,0.05068222060799599
train/l1,75150.0,0.05940588563680649
train/l1,75200.0,0.05494636297225952
train/l1,75250.0,0.056341029703617096
train/l1,75300.0,0.06084436923265457
train/l1,75350.0,0.06265730410814285
train/l1,75400.0,0.05610852316021919
train/l1,75450.0,0.06394435465335846
train/l1,75500.0,0.04907824471592903
train/l1,75550.0,0.06399761140346527
train/l1,75600.0,0.06479868292808533
train/l1,75650.0,0.062343940138816833
train/l1,75700.0,0.0590851865708828
train/l1,75750.0,0.06387639790773392
train/l1,75800.0,0.06393492221832275
train/l1,75850.0,0.06091573089361191
train/l1,75900.0,0.06059195101261139
train/l1,75950.0,0.05733325704932213
train/l1,76000.0,0.061059851199388504
train/l1,76050.0,0.05694834142923355
train/l1,76100.0,0.05977043882012367
train/l1,76150.0,0.05792346969246864
train/l1,76200.0,0.06257060170173645
train/l1,76250.0,0.06634753942489624
train/l1,76300.0,0.06446317583322525
train/l1,76350.0,0.06026722490787506
train/l1,76400.0,0.05346750468015671
train/l1,76450.0,0.06385350972414017
train/l1,76500.0,0.06804107874631882
train/l1,76550.0,0.059398822486400604
train/l1,76600.0,0.054235927760601044
train/l1,76650.0,0.05922342836856842
train/l1,76700.0,0.056326091289520264
train/l1,76750.0,0.05861548334360123
train/l1,76800.0,0.05762328952550888
train/l1,76850.0,0.05660923570394516
train/l1,76900.0,0.05537240207195282
train/l1,76950.0,0.06526561081409454
train/l1,77000.0,0.057042647153139114
train/l1,77050.0,0.06106165423989296
train/l1,77100.0,0.052430178970098495
train/l1,77150.0,0.06372925639152527
train/l1,77200.0,0.05731526017189026
train/l1,77250.0,0.05670606344938278
train/l1,77300.0,0.05792345851659775
train/l1,77350.0,0.065017931163311
train/l1,77400.0,0.05789422243833542
train/l1,77450.0,0.05906802415847778
train/l1,77500.0,0.05417424067854881
train/l1,77550.0,0.05674566701054573
train/l1,77600.0,0.0593777634203434
train/l1,77650.0,0.05565399304032326
train/l1,77700.0,0.05941568687558174
train/l1,77750.0,0.061489496380090714
train/l1,77800.0,0.05685393512248993
train/l1,77850.0,0.06171112135052681
train/l1,77900.0,0.05600348860025406
train/l1,77950.0,0.06059078127145767
train/l1,78000.0,0.056601665914058685
train/l1,78050.0,0.059079211205244064
train/l1,78100.0,0.05792541056871414
train/l1,78150.0,0.06283354014158249
train/l1,78200.0,0.062641441822052
train/l1,78250.0,0.0630098283290863
train/l1,78300.0,0.057511404156684875
train/l1,78350.0,0.05565537512302399
train/l1,78400.0,0.06022275239229202
train/l1,78450.0,0.05420922115445137
train/l1,78500.0,0.06059480831027031
train/l1,78550.0,0.05681455135345459
train/l1,78600.0,0.06726644933223724
train/l1,78650.0,0.05726798623800278
train/l1,78700.0,0.06033854931592941
train/l1,78750.0,0.05589362978935242
train/l1,78800.0,0.05230677127838135
train/l1,78850.0,0.06567895412445068
train/l1,78900.0,0.06195506453514099
train/l1,78950.0,0.05909605324268341
train/l1,79000.0,0.05133634805679321
train/l1,79050.0,0.0572236105799675
train/l1,79100.0,0.05513913184404373
train/l1,79150.0,0.056238967925310135
train/l1,79200.0,0.061560943722724915
train/l1,79250.0,0.05619363114237785
train/l1,79300.0,0.06417614966630936
train/l1,79350.0,0.05929046869277954
train/l1,79400.0,0.06406664848327637
train/l1,79450.0,0.06262437999248505
train/l1,79500.0,0.05904236435890198
train/l1,79550.0,0.0493495911359787
train/l1,79600.0,0.06427780538797379
train/l1,79650.0,0.06617578864097595
train/l1,79700.0,0.056845251470804214
train/l1,79750.0,0.058009758591651917
train/l1,79800.0,0.053567852824926376
train/l1,79850.0,0.06457444280385971
train/l1,79900.0,0.0610189288854599
train/l1,79950.0,0.05625886470079422
train/l1,80000.0,0.059689655900001526
train/loss,1.0,0.3987579345703125
train/loss,50.0,0.26989272236824036
train/loss,100.0,0.16955673694610596
train/loss,150.0,0.15977373719215393
train/loss,200.0,0.14265066385269165
train/loss,250.0,0.11912895739078522
train/loss,300.0,0.12469984591007233
train/loss,350.0,0.12336072325706482
train/loss,400.0,0.1300857663154602
train/loss,450.0,0.11926060169935226
train/loss,500.0,0.11965590715408325
train/loss,550.0,0.10925662517547607
train/loss,600.0,0.12019284814596176
train/loss,650.0,0.11345034837722778
train/loss,700.0,0.11021804809570312
train/loss,750.0,0.10954119265079498
train/loss,800.0,0.10949352383613586
train/loss,850.0,0.10782363265752792
train/loss,900.0,0.10756630450487137
train/loss,950.0,0.10718879848718643
train/loss,1000.0,0.10223864018917084
train/loss,1050.0,0.10998499393463135
train/loss,1100.0,0.1034935861825943
train/loss,1150.0,0.09619833528995514
train/loss,1200.0,0.09313471615314484
train/loss,1250.0,0.09456751495599747
train/loss,1300.0,0.09979531168937683
train/loss,1350.0,0.10317853093147278
train/loss,1400.0,0.10179617255926132
train/loss,1450.0,0.09509965777397156
train/loss,1500.0,0.09669464826583862
train/loss,1550.0,0.091933473944664
train/loss,1600.0,0.09306485950946808
train/loss,1650.0,0.09064643085002899
train/loss,1700.0,0.09694524854421616
train/loss,1750.0,0.09233833104372025
train/loss,1800.0,0.09513849765062332
train/loss,1850.0,0.10883872210979462
train/loss,1900.0,0.10045748949050903
train/loss,1950.0,0.0965547263622284
train/loss,2000.0,0.09077578783035278
train/loss,2050.0,0.09775146842002869
train/loss,2100.0,0.09655322879552841
train/loss,2150.0,0.09342008829116821
train/loss,2200.0,0.09774306416511536
train/loss,2250.0,0.09270787984132767
train/loss,2300.0,0.08520758152008057
train/loss,2350.0,0.1032756045460701
train/loss,2400.0,0.0933874174952507
train/loss,2450.0,0.09263034909963608
train/loss,2500.0,0.09310406446456909
train/loss,2550.0,0.09244441986083984
train/loss,2600.0,0.0893540307879448
train/loss,2650.0,0.08802621066570282
train/loss,2700.0,0.08721886575222015
train/loss,2750.0,0.0982433632016182
train/loss,2800.0,0.09051742404699326
train/loss,2850.0,0.1006416603922844
train/loss,2900.0,0.10570421069860458
train/loss,2950.0,0.09601403027772903
train/loss,3000.0,0.09710578620433807
train/loss,3050.0,0.08512972295284271
train/loss,3100.0,0.09578394889831543
train/loss,3150.0,0.08821098506450653
train/loss,3200.0,0.09219541400671005
train/loss,3250.0,0.08942799270153046
train/loss,3300.0,0.10182911157608032
train/loss,3350.0,0.08045559376478195
train/loss,3400.0,0.09094161540269852
train/loss,3450.0,0.09065660834312439
train/loss,3500.0,0.09069600701332092
train/loss,3550.0,0.09728766977787018
train/loss,3600.0,0.08991031348705292
train/loss,3650.0,0.08633826673030853
train/loss,3700.0,0.08064471185207367
train/loss,3750.0,0.09014036506414413
train/loss,3800.0,0.09443863481283188
train/loss,3850.0,0.09423641115427017
train/loss,3900.0,0.08779574185609818
train/loss,3950.0,0.09136805683374405
train/loss,4000.0,0.09992441534996033
train/loss,4050.0,0.09246841073036194
train/loss,4100.0,0.0926562026143074
train/loss,4150.0,0.103408582508564
train/loss,4200.0,0.100481778383255
train/loss,4250.0,0.09401244670152664
train/loss,4300.0,0.0923469141125679
train/loss,4350.0,0.08653871715068817
train/loss,4400.0,0.08838436007499695
train/loss,4450.0,0.08819487690925598
train/loss,4500.0,0.08734441548585892
train/loss,4550.0,0.08233916014432907
train/loss,4600.0,0.09461335092782974
train/loss,4650.0,0.09288754314184189
train/loss,4700.0,0.0832601860165596
train/loss,4750.0,0.08811580389738083
train/loss,4800.0,0.08689386397600174
train/loss,4850.0,0.09633998572826385
train/loss,4900.0,0.09769000858068466
train/loss,4950.0,0.09366238117218018
train/loss,5000.0,0.08879165351390839
train/loss,5050.0,0.0926620364189148
train/loss,5100.0,0.09569337964057922
train/loss,5150.0,0.09396133571863174
train/loss,5200.0,0.09528405964374542
train/loss,5250.0,0.08991573750972748
train/loss,5300.0,0.09948217123746872
train/loss,5350.0,0.0974423810839653
train/loss,5400.0,0.08648857474327087
train/loss,5450.0,0.08889812231063843
train/loss,5500.0,0.092289999127388
train/loss,5550.0,0.09441252052783966
train/loss,5600.0,0.08233831822872162
train/loss,5650.0,0.08319806307554245
train/loss,5700.0,0.09249134361743927
train/loss,5750.0,0.09307010471820831
train/loss,5800.0,0.09839580208063126
train/loss,5850.0,0.08948686718940735
train/loss,5900.0,0.08994577080011368
train/loss,5950.0,0.09257170557975769
train/loss,6000.0,0.0802190750837326
train/loss,6050.0,0.08642826229333878
train/loss,6100.0,0.0857677310705185
train/loss,6150.0,0.08791579306125641
train/loss,6200.0,0.08974070101976395
train/loss,6250.0,0.0924660935997963
train/loss,6300.0,0.09285276383161545
train/loss,6350.0,0.08835947513580322
train/loss,6400.0,0.08298319578170776
train/loss,6450.0,0.08374056220054626
train/loss,6500.0,0.08737339079380035
train/loss,6550.0,0.0948614850640297
train/loss,6600.0,0.08157235383987427
train/loss,6650.0,0.0814325362443924
train/loss,6700.0,0.09219859540462494
train/loss,6750.0,0.09910213202238083
train/loss,6800.0,0.09972858428955078
train/loss,6850.0,0.08895552903413773
train/loss,6900.0,0.0950685665011406
train/loss,6950.0,0.07954693585634232
train/loss,7000.0,0.08874993771314621
train/loss,7050.0,0.087898388504982
train/loss,7100.0,0.09106001257896423
train/loss,7150.0,0.0879591777920723
train/loss,7200.0,0.08830441534519196
train/loss,7250.0,0.09041589498519897
train/loss,7300.0,0.09387443959712982
train/loss,7350.0,0.09283431619405746
train/loss,7400.0,0.08336862176656723
train/loss,7450.0,0.08425258845090866
train/loss,7500.0,0.08161931484937668
train/loss,7550.0,0.09165988862514496
train/loss,7600.0,0.09852732717990875
train/loss,7650.0,0.07985157519578934
train/loss,7700.0,0.09074380248785019
train/loss,7750.0,0.08885681629180908
train/loss,7800.0,0.09049220383167267
train/loss,7850.0,0.08855248987674713
train/loss,7900.0,0.09109804034233093
train/loss,7950.0,0.09121017158031464
train/loss,8000.0,0.09392759948968887
train/loss,8050.0,0.08219695836305618
train/loss,8100.0,0.09273810684680939
train/loss,8150.0,0.10212771594524384
train/loss,8200.0,0.09312483668327332
train/loss,8250.0,0.09183039516210556
train/loss,8300.0,0.09247289597988129
train/loss,8350.0,0.08884530514478683
train/loss,8400.0,0.09142471104860306
train/loss,8450.0,0.09382858872413635
train/loss,8500.0,0.0910772830247879
train/loss,8550.0,0.08744451403617859
train/loss,8600.0,0.08640387654304504
train/loss,8650.0,0.0905880555510521
train/loss,8700.0,0.0872635468840599
train/loss,8750.0,0.08707545697689056
train/loss,8800.0,0.08617041260004044
train/loss,8850.0,0.09777530282735825
train/loss,8900.0,0.09257684648036957
train/loss,8950.0,0.08386541903018951
train/loss,9000.0,0.09121887385845184
train/loss,9050.0,0.08901435881853104
train/loss,9100.0,0.0905487984418869
train/loss,9150.0,0.10205533355474472
train/loss,9200.0,0.08495257049798965
train/loss,9250.0,0.09471890330314636
train/loss,9300.0,0.09305080026388168
train/loss,9350.0,0.08863145858049393
train/loss,9400.0,0.08181282877922058
train/loss,9450.0,0.08955983817577362
train/loss,9500.0,0.08843138813972473
train/loss,9550.0,0.09315203130245209
train/loss,9600.0,0.08122140169143677
train/loss,9650.0,0.07769347727298737
train/loss,9700.0,0.08621970564126968
train/loss,9750.0,0.0901077389717102
train/loss,9800.0,0.09151183813810349
train/loss,9850.0,0.08607114851474762
train/loss,9900.0,0.08207955956459045
train/loss,9950.0,0.09210336953401566
train/loss,10000.0,0.09197718650102615
train/loss,10050.0,0.08824744820594788
train/loss,10100.0,0.08638560771942139
train/loss,10150.0,0.0946425125002861
train/loss,10200.0,0.09766948968172073
train/loss,10250.0,0.08733522891998291
train/loss,10300.0,0.08277759701013565
train/loss,10350.0,0.09360308945178986
train/loss,10400.0,0.09302287548780441
train/loss,10450.0,0.09215882420539856
train/loss,10500.0,0.09011165052652359
train/loss,10550.0,0.08206333220005035
train/loss,10600.0,0.08207990974187851
train/loss,10650.0,0.08829612284898758
train/loss,10700.0,0.08459263294935226
train/loss,10750.0,0.09250205755233765
train/loss,10800.0,0.09549830853939056
train/loss,10850.0,0.08406618237495422
train/loss,10900.0,0.09331673383712769
train/loss,10950.0,0.0861901342868805
train/loss,11000.0,0.08304368704557419
train/loss,11050.0,0.09173537790775299
train/loss,11100.0,0.09552915394306183
train/loss,11150.0,0.09052117168903351
train/loss,11200.0,0.08188581466674805
train/loss,11250.0,0.0912940725684166
train/loss,11300.0,0.08626837283372879
train/loss,11350.0,0.08118906617164612
train/loss,11400.0,0.09198148548603058
train/loss,11450.0,0.09177587926387787
train/loss,11500.0,0.08154262602329254
train/loss,11550.0,0.09321524202823639
train/loss,11600.0,0.094029001891613
train/loss,11650.0,0.08615853637456894
train/loss,11700.0,0.0952717661857605
train/loss,11750.0,0.09034733474254608
train/loss,11800.0,0.09167023003101349
train/loss,11850.0,0.08584697544574738
train/loss,11900.0,0.08863209933042526
train/loss,11950.0,0.08483181893825531
train/loss,12000.0,0.08658400177955627
train/loss,12050.0,0.08254116773605347
train/loss,12100.0,0.08474044501781464
train/loss,12150.0,0.09411151707172394
train/loss,12200.0,0.08579429984092712
train/loss,12250.0,0.08706802129745483
train/loss,12300.0,0.08537591993808746
train/loss,12350.0,0.08860883116722107
train/loss,12400.0,0.08946928381919861
train/loss,12450.0,0.088648222386837
train/loss,12500.0,0.08711955696344376
train/loss,12550.0,0.0919857919216156
train/loss,12600.0,0.08918728679418564
train/loss,12650.0,0.09318286925554276
train/loss,12700.0,0.08281095325946808
train/loss,12750.0,0.08826181292533875
train/loss,12800.0,0.08610494434833527
train/loss,12850.0,0.08756613731384277
train/loss,12900.0,0.08756527304649353
train/loss,12950.0,0.0855737030506134
train/loss,13000.0,0.08314455300569534
train/loss,13050.0,0.09503942728042603
train/loss,13100.0,0.09261570125818253
train/loss,13150.0,0.09142094850540161
train/loss,13200.0,0.10053820163011551
train/loss,13250.0,0.08850818127393723
train/loss,13300.0,0.09538806974887848
train/loss,13350.0,0.09094728529453278
train/loss,13400.0,0.08993397653102875
train/loss,13450.0,0.08335281163454056
train/loss,13500.0,0.0879075825214386
train/loss,13550.0,0.09586948901414871
train/loss,13600.0,0.09746811538934708
train/loss,13650.0,0.0844615027308464
train/loss,13700.0,0.08066262304782867
train/loss,13750.0,0.0937984362244606
train/loss,13800.0,0.08389030396938324
train/loss,13850.0,0.09082434326410294
train/loss,13900.0,0.08966203033924103
train/loss,13950.0,0.08903594315052032
train/loss,14000.0,0.08813732117414474
train/loss,14050.0,0.08718015998601913
train/loss,14100.0,0.09206479787826538
train/loss,14150.0,0.09067025035619736
train/loss,14200.0,0.08308380842208862
train/loss,14250.0,0.08469267934560776
train/loss,14300.0,0.08890686184167862
train/loss,14350.0,0.07430098205804825
train/loss,14400.0,0.08170586079359055
train/loss,14450.0,0.088285431265831
train/loss,14500.0,0.08797778189182281
train/loss,14550.0,0.08674835413694382
train/loss,14600.0,0.08435185253620148
train/loss,14650.0,0.09717831015586853
train/loss,14700.0,0.08629943430423737
train/loss,14750.0,0.08294010907411575
train/loss,14800.0,0.08651765435934067
train/loss,14850.0,0.08916385471820831
train/loss,14900.0,0.08465874195098877
train/loss,14950.0,0.1015559732913971
train/loss,15000.0,0.08241413533687592
train/loss,15050.0,0.08926958590745926
train/loss,15100.0,0.0865299254655838
train/loss,15150.0,0.09179318696260452
train/loss,15200.0,0.08468566089868546
train/loss,15250.0,0.07833341509103775
train/loss,15300.0,0.08933650702238083
train/loss,15350.0,0.08463496714830399
train/loss,15400.0,0.08619323372840881
train/loss,15450.0,0.08368594944477081
train/loss,15500.0,0.08300742506980896
train/loss,15550.0,0.08698300272226334
train/loss,15600.0,0.09168559312820435
train/loss,15650.0,0.08237221837043762
train/loss,15700.0,0.0826881006360054
train/loss,15750.0,0.09171928465366364
train/loss,15800.0,0.09055743366479874
train/loss,15850.0,0.08895212411880493
train/loss,15900.0,0.08559150248765945
train/loss,15950.0,0.08756593614816666
train/loss,16000.0,0.07795706391334534
train/loss,16050.0,0.09098875522613525
train/loss,16100.0,0.08702298253774643
train/loss,16150.0,0.08407816290855408
train/loss,16200.0,0.08241231739521027
train/loss,16250.0,0.09086687117815018
train/loss,16300.0,0.08493533730506897
train/loss,16350.0,0.08638182282447815
train/loss,16400.0,0.09075803309679031
train/loss,16450.0,0.07792773842811584
train/loss,16500.0,0.08582425117492676
train/loss,16550.0,0.08333146572113037
train/loss,16600.0,0.09023164957761765
train/loss,16650.0,0.09988950937986374
train/loss,16700.0,0.08810616284608841
train/loss,16750.0,0.08186434209346771
train/loss,16800.0,0.08814029395580292
train/loss,16850.0,0.08835048973560333
train/loss,16900.0,0.08819913864135742
train/loss,16950.0,0.08543713390827179
train/loss,17000.0,0.08970863372087479
train/loss,17050.0,0.09015297889709473
train/loss,17100.0,0.08502726256847382
train/loss,17150.0,0.08049889653921127
train/loss,17200.0,0.08929568529129028
train/loss,17250.0,0.09201059490442276
train/loss,17300.0,0.08615673333406448
train/loss,17350.0,0.08488572388887405
train/loss,17400.0,0.08845911920070648
train/loss,17450.0,0.08936227858066559
train/loss,17500.0,0.0878574475646019
train/loss,17550.0,0.08698925375938416
train/loss,17600.0,0.08483924716711044
train/loss,17650.0,0.10099362581968307
train/loss,17700.0,0.0811535194516182
train/loss,17750.0,0.08825952559709549
train/loss,17800.0,0.09273495525121689
train/loss,17850.0,0.08235248923301697
train/loss,17900.0,0.08391769975423813
train/loss,17950.0,0.08408921957015991
train/loss,18000.0,0.09239462018013
train/loss,18050.0,0.09253152459859848
train/loss,18100.0,0.08893713355064392
train/loss,18150.0,0.07786465436220169
train/loss,18200.0,0.08806030452251434
train/loss,18250.0,0.08532997965812683
train/loss,18300.0,0.0843985378742218
train/loss,18350.0,0.09434635192155838
train/loss,18400.0,0.08446849882602692
train/loss,18450.0,0.08924669027328491
train/loss,18500.0,0.09491328150033951
train/loss,18550.0,0.09034354984760284
train/loss,18600.0,0.08938388526439667
train/loss,18650.0,0.08694327622652054
train/loss,18700.0,0.09362705051898956
train/loss,18750.0,0.08875256031751633
train/loss,18800.0,0.08654909580945969
train/loss,18850.0,0.08940086513757706
train/loss,18900.0,0.08956319838762283
train/loss,18950.0,0.08224442601203918
train/loss,19000.0,0.08761149644851685
train/loss,19050.0,0.08941753953695297
train/loss,19100.0,0.08453571051359177
train/loss,19150.0,0.08305930346250534
train/loss,19200.0,0.08775294572114944
train/loss,19250.0,0.08476059138774872
train/loss,19300.0,0.08425171673297882
train/loss,19350.0,0.08237967640161514
train/loss,19400.0,0.08463326841592789
train/loss,19450.0,0.08808104693889618
train/loss,19500.0,0.09322161972522736
train/loss,19550.0,0.09090098738670349
train/loss,19600.0,0.0821622982621193
train/loss,19650.0,0.09495905041694641
train/loss,19700.0,0.08626509457826614
train/loss,19750.0,0.08506492525339127
train/loss,19800.0,0.08117072284221649
train/loss,19850.0,0.08840977400541306
train/loss,19900.0,0.0833539143204689
train/loss,19950.0,0.09368999302387238
train/loss,20000.0,0.08390296250581741
train/loss,20050.0,0.08843560516834259
train/loss,20100.0,0.09278713166713715
train/loss,20150.0,0.08841586112976074
train/loss,20200.0,0.07913786172866821
train/loss,20250.0,0.08552414178848267
train/loss,20300.0,0.08816035091876984
train/loss,20350.0,0.09152068197727203
train/loss,20400.0,0.09215538203716278
train/loss,20450.0,0.08638381212949753
train/loss,20500.0,0.09129613637924194
train/loss,20550.0,0.08962967246770859
train/loss,20600.0,0.08630234003067017
train/loss,20650.0,0.09515173733234406
train/loss,20700.0,0.08969804644584656
train/loss,20750.0,0.08914297819137573
train/loss,20800.0,0.09088542312383652
train/loss,20850.0,0.09468713402748108
train/loss,20900.0,0.09111325442790985
train/loss,20950.0,0.0826069563627243
train/loss,21000.0,0.0823892280459404
train/loss,21050.0,0.08596128970384598
train/loss,21100.0,0.07711195200681686
train/loss,21150.0,0.08870038390159607
train/loss,21200.0,0.09707126021385193
train/loss,21250.0,0.08890512585639954
train/loss,21300.0,0.0832432359457016
train/loss,21350.0,0.08415524661540985
train/loss,21400.0,0.08404991030693054
train/loss,21450.0,0.08981858193874359
train/loss,21500.0,0.09008359909057617
train/loss,21550.0,0.08010949939489365
train/loss,21600.0,0.09098310023546219
train/loss,21650.0,0.08198226988315582
train/loss,21700.0,0.07976999133825302
train/loss,21750.0,0.08594562113285065
train/loss,21800.0,0.09282509982585907
train/loss,21850.0,0.08373858034610748
train/loss,21900.0,0.09672766923904419
train/loss,21950.0,0.08552085608243942
train/loss,22000.0,0.08516573160886765
train/loss,22050.0,0.09748998284339905
train/loss,22100.0,0.08592026680707932
train/loss,22150.0,0.0857081487774849
train/loss,22200.0,0.08137017488479614
train/loss,22250.0,0.08952945470809937
train/loss,22300.0,0.08777463436126709
train/loss,22350.0,0.08858399093151093
train/loss,22400.0,0.08523077517747879
train/loss,22450.0,0.09341797977685928
train/loss,22500.0,0.09156975895166397
train/loss,22550.0,0.08460207283496857
train/loss,22600.0,0.09904380142688751
train/loss,22650.0,0.09078562259674072
train/loss,22700.0,0.09498579800128937
train/loss,22750.0,0.09192508459091187
train/loss,22800.0,0.09801876544952393
train/loss,22850.0,0.08528682589530945
train/loss,22900.0,0.08489648997783661
train/loss,22950.0,0.08714026212692261
train/loss,23000.0,0.08906123042106628
train/loss,23050.0,0.07720127701759338
train/loss,23100.0,0.085657998919487
train/loss,23150.0,0.08668062090873718
train/loss,23200.0,0.09235300123691559
train/loss,23250.0,0.08195696771144867
train/loss,23300.0,0.08453820645809174
train/loss,23350.0,0.08724094927310944
train/loss,23400.0,0.08834502100944519
train/loss,23450.0,0.09732084721326828
train/loss,23500.0,0.08206558227539062
train/loss,23550.0,0.07933354377746582
train/loss,23600.0,0.08146890997886658
train/loss,23650.0,0.07664672285318375
train/loss,23700.0,0.08803708851337433
train/loss,23750.0,0.08519069850444794
train/loss,23800.0,0.08571089059114456
train/loss,23850.0,0.08852559328079224
train/loss,23900.0,0.08277842402458191
train/loss,23950.0,0.08326059579849243
train/loss,24000.0,0.07929670810699463
train/loss,24050.0,0.08577379584312439
train/loss,24100.0,0.08824174851179123
train/loss,24150.0,0.08191777765750885
train/loss,24200.0,0.09569022059440613
train/loss,24250.0,0.0822950080037117
train/loss,24300.0,0.09053127467632294
train/loss,24350.0,0.08158529549837112
train/loss,24400.0,0.08936848491430283
train/loss,24450.0,0.0883590579032898
train/loss,24500.0,0.0810670256614685
train/loss,24550.0,0.0932428315281868
train/loss,24600.0,0.08996361494064331
train/loss,24650.0,0.07797592878341675
train/loss,24700.0,0.09400799870491028
train/loss,24750.0,0.09567384421825409
train/loss,24800.0,0.08806653320789337
train/loss,24850.0,0.08641154319047928
train/loss,24900.0,0.08857354521751404
train/loss,24950.0,0.08605121076107025
train/loss,25000.0,0.0850878432393074
train/loss,25050.0,0.08530494570732117
train/loss,25100.0,0.08025752753019333
train/loss,25150.0,0.07865859568119049
train/loss,25200.0,0.09403294324874878
train/loss,25250.0,0.07954844832420349
train/loss,25300.0,0.08320961147546768
train/loss,25350.0,0.08732164651155472
train/loss,25400.0,0.08869696408510208
train/loss,25450.0,0.09554986655712128
train/loss,25500.0,0.09267064183950424
train/loss,25550.0,0.09420070797204971
train/loss,25600.0,0.08633317053318024
train/loss,25650.0,0.08309492468833923
train/loss,25700.0,0.09201032668352127
train/loss,25750.0,0.07775358855724335
train/loss,25800.0,0.09297344088554382
train/loss,25850.0,0.08219042420387268
train/loss,25900.0,0.08802516758441925
train/loss,25950.0,0.09094579517841339
train/loss,26000.0,0.08678966760635376
train/loss,26050.0,0.08195407688617706
train/loss,26100.0,0.09447133541107178
train/loss,26150.0,0.09299438446760178
train/loss,26200.0,0.08632666617631912
train/loss,26250.0,0.08892549574375153
train/loss,26300.0,0.08924776315689087
train/loss,26350.0,0.07556578516960144
train/loss,26400.0,0.08809123188257217
train/loss,26450.0,0.09302501380443573
train/loss,26500.0,0.08599437773227692
train/loss,26550.0,0.0910392701625824
train/loss,26600.0,0.08250095695257187
train/loss,26650.0,0.08085308969020844
train/loss,26700.0,0.09131313115358353
train/loss,26750.0,0.10266721993684769
train/loss,26800.0,0.08944102376699448
train/loss,26850.0,0.09385194629430771
train/loss,26900.0,0.08156545460224152
train/loss,26950.0,0.08650726824998856
train/loss,27000.0,0.07904555648565292
train/loss,27050.0,0.08581089973449707
train/loss,27100.0,0.0821768119931221
train/loss,27150.0,0.08783900737762451
train/loss,27200.0,0.08962684869766235
train/loss,27250.0,0.08602158725261688
train/loss,27300.0,0.08817198872566223
train/loss,27350.0,0.08540308475494385
train/loss,27400.0,0.08261711895465851
train/loss,27450.0,0.0849643275141716
train/loss,27500.0,0.08888272941112518
train/loss,27550.0,0.08507798612117767
train/loss,27600.0,0.09154637157917023
train/loss,27650.0,0.08719760179519653
train/loss,27700.0,0.07681211084127426
train/loss,27750.0,0.0836375504732132
train/loss,27800.0,0.08413916826248169
train/loss,27850.0,0.08884128928184509
train/loss,27900.0,0.08664032816886902
train/loss,27950.0,0.08718843013048172
train/loss,28000.0,0.08128076791763306
train/loss,28050.0,0.08332701027393341
train/loss,28100.0,0.07935242354869843
train/loss,28150.0,0.08795733749866486
train/loss,28200.0,0.08726068586111069
train/loss,28250.0,0.08897548913955688
train/loss,28300.0,0.08122922480106354
train/loss,28350.0,0.08644576370716095
train/loss,28400.0,0.08442039787769318
train/loss,28450.0,0.08129408955574036
train/loss,28500.0,0.0819573625922203
train/loss,28550.0,0.08589309453964233
train/loss,28600.0,0.07692570239305496
train/loss,28650.0,0.0821196585893631
train/loss,28700.0,0.0911807268857956
train/loss,28750.0,0.08870835602283478
train/loss,28800.0,0.0857749879360199
train/loss,28850.0,0.08316849917173386
train/loss,28900.0,0.0885603278875351
train/loss,28950.0,0.08099746704101562
train/loss,29000.0,0.0815293937921524
train/loss,29050.0,0.09363411366939545
train/loss,29100.0,0.08634212613105774
train/loss,29150.0,0.09747526049613953
train/loss,29200.0,0.07999344170093536
train/loss,29250.0,0.07929421961307526
train/loss,29300.0,0.08020368963479996
train/loss,29350.0,0.09564176201820374
train/loss,29400.0,0.08591665327548981
train/loss,29450.0,0.08500222861766815
train/loss,29500.0,0.08123084157705307
train/loss,29550.0,0.08850950747728348
train/loss,29600.0,0.08437292277812958
train/loss,29650.0,0.08330147713422775
train/loss,29700.0,0.0869501456618309
train/loss,29750.0,0.08289834856987
train/loss,29800.0,0.08330901712179184
train/loss,29850.0,0.08455951511859894
train/loss,29900.0,0.08525310456752777
train/loss,29950.0,0.08318091928958893
train/loss,30000.0,0.07699808478355408
train/loss,30050.0,0.08824396133422852
train/loss,30100.0,0.0908970832824707
train/loss,30150.0,0.08532533049583435
train/loss,30200.0,0.08592657744884491
train/loss,30250.0,0.08964098989963531
train/loss,30300.0,0.0907677486538887
train/loss,30350.0,0.09634236991405487
train/loss,30400.0,0.08884068578481674
train/loss,30450.0,0.09153550863265991
train/loss,30500.0,0.08493833988904953
train/loss,30550.0,0.0936422049999237
train/loss,30600.0,0.09351630508899689
train/loss,30650.0,0.08840164542198181
train/loss,30700.0,0.08401355147361755
train/loss,30750.0,0.08574704080820084
train/loss,30800.0,0.07882800698280334
train/loss,30850.0,0.09721939265727997
train/loss,30900.0,0.0829484835267067
train/loss,30950.0,0.08714942634105682
train/loss,31000.0,0.09032673388719559
train/loss,31050.0,0.07704957574605942
train/loss,31100.0,0.09092496335506439
train/loss,31150.0,0.08885236084461212
train/loss,31200.0,0.08492935448884964
train/loss,31250.0,0.09589076042175293
train/loss,31300.0,0.07744403183460236
train/loss,31350.0,0.09282729029655457
train/loss,31400.0,0.08654003590345383
train/loss,31450.0,0.0826234370470047
train/loss,31500.0,0.0867571085691452
train/loss,31550.0,0.07944627106189728
train/loss,31600.0,0.0795777440071106
train/loss,31650.0,0.08302469551563263
train/loss,31700.0,0.09329144656658173
train/loss,31750.0,0.08980067074298859
train/loss,31800.0,0.08441847562789917
train/loss,31850.0,0.09345521032810211
train/loss,31900.0,0.08135855197906494
train/loss,31950.0,0.09065192937850952
train/loss,32000.0,0.0867605060338974
train/loss,32050.0,0.08422818779945374
train/loss,32100.0,0.0887102335691452
train/loss,32150.0,0.0832134485244751
train/loss,32200.0,0.09284834563732147
train/loss,32250.0,0.07717821002006531
train/loss,32300.0,0.08893274515867233
train/loss,32350.0,0.0966641902923584
train/loss,32400.0,0.08951617777347565
train/loss,32450.0,0.09379584342241287
train/loss,32500.0,0.08429549634456635
train/loss,32550.0,0.08378031849861145
train/loss,32600.0,0.08487407863140106
train/loss,32650.0,0.08047652244567871
train/loss,32700.0,0.08174929022789001
train/loss,32750.0,0.09408903121948242
train/loss,32800.0,0.08358149975538254
train/loss,32850.0,0.09239409118890762
train/loss,32900.0,0.07852936536073685
train/loss,32950.0,0.07878541201353073
train/loss,33000.0,0.0846501961350441
train/loss,33050.0,0.09330354630947113
train/loss,33100.0,0.09040072560310364
train/loss,33150.0,0.07916469871997833
train/loss,33200.0,0.09002082049846649
train/loss,33250.0,0.08879854530096054
train/loss,33300.0,0.08695928007364273
train/loss,33350.0,0.09093205630779266
train/loss,33400.0,0.09006001055240631
train/loss,33450.0,0.0872797816991806
train/loss,33500.0,0.08586585521697998
train/loss,33550.0,0.09582895785570145
train/loss,33600.0,0.09753093868494034
train/loss,33650.0,0.09510529041290283
train/loss,33700.0,0.08403868973255157
train/loss,33750.0,0.08264421671628952
train/loss,33800.0,0.0918070375919342
train/loss,33850.0,0.08536529541015625
train/loss,33900.0,0.08272592723369598
train/loss,33950.0,0.07705061137676239
train/loss,34000.0,0.08898233622312546
train/loss,34050.0,0.08234606683254242
train/loss,34100.0,0.08660880476236343
train/loss,34150.0,0.09124237298965454
train/loss,34200.0,0.08063992857933044
train/loss,34250.0,0.07795993983745575
train/loss,34300.0,0.09716062247753143
train/loss,34350.0,0.08667576313018799
train/loss,34400.0,0.0895833745598793
train/loss,34450.0,0.08906344324350357
train/loss,34500.0,0.08215203136205673
train/loss,34550.0,0.08287402987480164
train/loss,34600.0,0.09379212558269501
train/loss,34650.0,0.08842403441667557
train/loss,34700.0,0.08434059470891953
train/loss,34750.0,0.10086527466773987
train/loss,34800.0,0.08516079187393188
train/loss,34850.0,0.09050843119621277
train/loss,34900.0,0.0879950225353241
train/loss,34950.0,0.08624005317687988
train/loss,35000.0,0.0827082172036171
train/loss,35050.0,0.09389138221740723
train/loss,35100.0,0.0863792672753334
train/loss,35150.0,0.08164877444505692
train/loss,35200.0,0.08278857171535492
train/loss,35250.0,0.08905006945133209
train/loss,35300.0,0.08025787770748138
train/loss,35350.0,0.08797469735145569
train/loss,35400.0,0.07697726041078568
train/loss,35450.0,0.07608793675899506
train/loss,35500.0,0.08944599330425262
train/loss,35550.0,0.08822434395551682
train/loss,35600.0,0.08813165128231049
train/loss,35650.0,0.07963265478610992
train/loss,35700.0,0.08963644504547119
train/loss,35750.0,0.08443248271942139
train/loss,35800.0,0.08458196371793747
train/loss,35850.0,0.092258021235466
train/loss,35900.0,0.08823858946561813
train/loss,35950.0,0.08776385337114334
train/loss,36000.0,0.08558019995689392
train/loss,36050.0,0.08175487071275711
train/loss,36100.0,0.08460705727338791
train/loss,36150.0,0.07548293471336365
train/loss,36200.0,0.08048729598522186
train/loss,36250.0,0.09401220083236694
train/loss,36300.0,0.09289424121379852
train/loss,36350.0,0.09719318151473999
train/loss,36400.0,0.10089266300201416
train/loss,36450.0,0.08176274597644806
train/loss,36500.0,0.08400913327932358
train/loss,36550.0,0.08808933198451996
train/loss,36600.0,0.08032024651765823
train/loss,36650.0,0.08506055921316147
train/loss,36700.0,0.08684486150741577
train/loss,36750.0,0.08458035439252853
train/loss,36800.0,0.0878276526927948
train/loss,36850.0,0.08351309597492218
train/loss,36900.0,0.08403927087783813
train/loss,36950.0,0.09481243044137955
train/loss,37000.0,0.08985302597284317
train/loss,37050.0,0.08787419646978378
train/loss,37100.0,0.08904996514320374
train/loss,37150.0,0.08158482611179352
train/loss,37200.0,0.0900828018784523
train/loss,37250.0,0.08628645539283752
train/loss,37300.0,0.08873098343610764
train/loss,37350.0,0.07838702201843262
train/loss,37400.0,0.08301211893558502
train/loss,37450.0,0.08345378190279007
train/loss,37500.0,0.08799170702695847
train/loss,37550.0,0.08275408297777176
train/loss,37600.0,0.08981528878211975
train/loss,37650.0,0.08249736577272415
train/loss,37700.0,0.08205362409353256
train/loss,37750.0,0.07798107713460922
train/loss,37800.0,0.08712968230247498
train/loss,37850.0,0.08365505933761597
train/loss,37900.0,0.08558929711580276
train/loss,37950.0,0.08853278309106827
train/loss,38000.0,0.08503955602645874
train/loss,38050.0,0.08253156393766403
train/loss,38100.0,0.07606580853462219
train/loss,38150.0,0.0838765799999237
train/loss,38200.0,0.08133376389741898
train/loss,38250.0,0.09135109931230545
train/loss,38300.0,0.0791146457195282
train/loss,38350.0,0.08749441802501678
train/loss,38400.0,0.08389416337013245
train/loss,38450.0,0.08592202514410019
train/loss,38500.0,0.08226726949214935
train/loss,38550.0,0.08995846658945084
train/loss,38600.0,0.09031518548727036
train/loss,38650.0,0.08964601904153824
train/loss,38700.0,0.09041371941566467
train/loss,38750.0,0.07463638484477997
train/loss,38800.0,0.08642616122961044
train/loss,38850.0,0.08323950320482254
train/loss,38900.0,0.08227792382240295
train/loss,38950.0,0.08181176334619522
train/loss,39000.0,0.08916936814785004
train/loss,39050.0,0.08968579769134521
train/loss,39100.0,0.0863097533583641
train/loss,39150.0,0.08076773583889008
train/loss,39200.0,0.08719753473997116
train/loss,39250.0,0.08423060923814774
train/loss,39300.0,0.08736931532621384
train/loss,39350.0,0.08852983266115189
train/loss,39400.0,0.08256874978542328
train/loss,39450.0,0.09062217175960541
train/loss,39500.0,0.09096052497625351
train/loss,39550.0,0.0802944153547287
train/loss,39600.0,0.08475466072559357
train/loss,39650.0,0.0839381068944931
train/loss,39700.0,0.08050049841403961
train/loss,39750.0,0.09009797126054764
train/loss,39800.0,0.08757969737052917
train/loss,39850.0,0.08267097920179367
train/loss,39900.0,0.08718995004892349
train/loss,39950.0,0.0920480340719223
train/loss,40000.0,0.08328428864479065
train/loss,40050.0,0.07861091196537018
train/loss,40100.0,0.07723723351955414
train/loss,40150.0,0.08770589530467987
train/loss,40200.0,0.08004310727119446
train/loss,40250.0,0.0869462788105011
train/loss,40300.0,0.09122638404369354
train/loss,40350.0,0.0864703431725502
train/loss,40400.0,0.08589185029268265
train/loss,40450.0,0.09052309393882751
train/loss,40500.0,0.09491823613643646
train/loss,40550.0,0.09026430547237396
train/loss,40600.0,0.08391202986240387
train/loss,40650.0,0.09505888819694519
train/loss,40700.0,0.09047503769397736
train/loss,40750.0,0.08482138812541962
train/loss,40800.0,0.08973700553178787
train/loss,40850.0,0.08652782440185547
train/loss,40900.0,0.08060354739427567
train/loss,40950.0,0.0846758559346199
train/loss,41000.0,0.08487686514854431
train/loss,41050.0,0.0877448171377182
train/loss,41100.0,0.08509501069784164
train/loss,41150.0,0.08079425990581512
train/loss,41200.0,0.08222644776105881
train/loss,41250.0,0.08378399908542633
train/loss,41300.0,0.08824291825294495
train/loss,41350.0,0.08067332953214645
train/loss,41400.0,0.08416683226823807
train/loss,41450.0,0.08074173331260681
train/loss,41500.0,0.08762010931968689
train/loss,41550.0,0.08655078709125519
train/loss,41600.0,0.09294089674949646
train/loss,41650.0,0.09105371683835983
train/loss,41700.0,0.0850173681974411
train/loss,41750.0,0.08370984345674515
train/loss,41800.0,0.08715711534023285
train/loss,41850.0,0.08014415204524994
train/loss,41900.0,0.08150099217891693
train/loss,41950.0,0.08723516762256622
train/loss,42000.0,0.08388487994670868
train/loss,42050.0,0.08194727450609207
train/loss,42100.0,0.09036923199892044
train/loss,42150.0,0.08913622796535492
train/loss,42200.0,0.08663108944892883
train/loss,42250.0,0.08666833490133286
train/loss,42300.0,0.08477259427309036
train/loss,42350.0,0.08977165073156357
train/loss,42400.0,0.08634885400533676
train/loss,42450.0,0.08334730565547943
train/loss,42500.0,0.08484046906232834
train/loss,42550.0,0.0811021700501442
train/loss,42600.0,0.08769068866968155
train/loss,42650.0,0.08330824971199036
train/loss,42700.0,0.08595854043960571
train/loss,42750.0,0.07793208211660385
train/loss,42800.0,0.08250946551561356
train/loss,42850.0,0.07529693841934204
train/loss,42900.0,0.0828511044383049
train/loss,42950.0,0.08585507422685623
train/loss,43000.0,0.08980577439069748
train/loss,43050.0,0.08178631216287613
train/loss,43100.0,0.07872524857521057
train/loss,43150.0,0.07868070900440216
train/loss,43200.0,0.08791802823543549
train/loss,43250.0,0.08642697334289551
train/loss,43300.0,0.08843180537223816
train/loss,43350.0,0.06988728046417236
train/loss,43400.0,0.084540456533432
train/loss,43450.0,0.09558479487895966
train/loss,43500.0,0.09293108433485031
train/loss,43550.0,0.08783978968858719
train/loss,43600.0,0.08661822974681854
train/loss,43650.0,0.08640129119157791
train/loss,43700.0,0.08515878021717072
train/loss,43750.0,0.08617047220468521
train/loss,43800.0,0.08797040581703186
train/loss,43850.0,0.0788111463189125
train/loss,43900.0,0.09912992268800735
train/loss,43950.0,0.0907277911901474
train/loss,44000.0,0.08992785215377808
train/loss,44050.0,0.0807456374168396
train/loss,44100.0,0.08441508561372757
train/loss,44150.0,0.08907158672809601
train/loss,44200.0,0.0844569057226181
train/loss,44250.0,0.08825450390577316
train/loss,44300.0,0.08625748753547668
train/loss,44350.0,0.08518204838037491
train/loss,44400.0,0.08520682901144028
train/loss,44450.0,0.08487758785486221
train/loss,44500.0,0.08321196585893631
train/loss,44550.0,0.09198526293039322
train/loss,44600.0,0.08781009912490845
train/loss,44650.0,0.08885649591684341
train/loss,44700.0,0.08719104528427124
train/loss,44750.0,0.08811330795288086
train/loss,44800.0,0.08796565234661102
train/loss,44850.0,0.08588861674070358
train/loss,44900.0,0.08878675103187561
train/loss,44950.0,0.08202041685581207
train/loss,45000.0,0.08734257519245148
train/loss,45050.0,0.08144506067037582
train/loss,45100.0,0.09218548238277435
train/loss,45150.0,0.08339892327785492
train/loss,45200.0,0.09297525882720947
train/loss,45250.0,0.08378146588802338
train/loss,45300.0,0.07146816700696945
train/loss,45350.0,0.08669103682041168
train/loss,45400.0,0.07769419252872467
train/loss,45450.0,0.08543037623167038
train/loss,45500.0,0.08810983598232269
train/loss,45550.0,0.08180134743452072
train/loss,45600.0,0.08729459345340729
train/loss,45650.0,0.08810971677303314
train/loss,45700.0,0.0946735292673111
train/loss,45750.0,0.07685279101133347
train/loss,45800.0,0.08137896656990051
train/loss,45850.0,0.09398268163204193
train/loss,45900.0,0.0829993188381195
train/loss,45950.0,0.08293117582798004
train/loss,46000.0,0.0921531692147255
train/loss,46050.0,0.08757184445858002
train/loss,46100.0,0.0907854288816452
train/loss,46150.0,0.07485342770814896
train/loss,46200.0,0.08786597847938538
train/loss,46250.0,0.08855751901865005
train/loss,46300.0,0.076627217233181
train/loss,46350.0,0.08610619604587555
train/loss,46400.0,0.09056777507066727
train/loss,46450.0,0.07778937369585037
train/loss,46500.0,0.08586954325437546
train/loss,46550.0,0.08941760659217834
train/loss,46600.0,0.08530566841363907
train/loss,46650.0,0.08970629423856735
train/loss,46700.0,0.08315335959196091
train/loss,46750.0,0.0717320367693901
train/loss,46800.0,0.08111192286014557
train/loss,46850.0,0.08604791015386581
train/loss,46900.0,0.09795084595680237
train/loss,46950.0,0.08565632998943329
train/loss,47000.0,0.0909784585237503
train/loss,47050.0,0.07884345948696136
train/loss,47100.0,0.0863986387848854
train/loss,47150.0,0.07487449795007706
train/loss,47200.0,0.07886287569999695
train/loss,47250.0,0.09144790470600128
train/loss,47300.0,0.08204863220453262
train/loss,47350.0,0.08329782634973526
train/loss,47400.0,0.08489634096622467
train/loss,47450.0,0.08465972542762756
train/loss,47500.0,0.08642451465129852
train/loss,47550.0,0.0871589332818985
train/loss,47600.0,0.09108637273311615
train/loss,47650.0,0.08393745124340057
train/loss,47700.0,0.08492669463157654
train/loss,47750.0,0.092052161693573
train/loss,47800.0,0.08066767454147339
train/loss,47850.0,0.07871762663125992
train/loss,47900.0,0.07999857515096664
train/loss,47950.0,0.0771607756614685
train/loss,48000.0,0.08702047169208527
train/loss,48050.0,0.07619817554950714
train/loss,48100.0,0.08432864397764206
train/loss,48150.0,0.0875750407576561
train/loss,48200.0,0.08403965830802917
train/loss,48250.0,0.0871296152472496
train/loss,48300.0,0.0756598711013794
train/loss,48350.0,0.08719748258590698
train/loss,48400.0,0.0907432809472084
train/loss,48450.0,0.08762708306312561
train/loss,48500.0,0.09515657275915146
train/loss,48550.0,0.08609626442193985
train/loss,48600.0,0.08643493056297302
train/loss,48650.0,0.08025883883237839
train/loss,48700.0,0.07758790999650955
train/loss,48750.0,0.08615300059318542
train/loss,48800.0,0.09170521050691605
train/loss,48850.0,0.09151056408882141
train/loss,48900.0,0.09326097369194031
train/loss,48950.0,0.0825745165348053
train/loss,49000.0,0.09462010860443115
train/loss,49050.0,0.08273957669734955
train/loss,49100.0,0.08546192198991776
train/loss,49150.0,0.08117225766181946
train/loss,49200.0,0.07755129039287567
train/loss,49250.0,0.08234255015850067
train/loss,49300.0,0.08759115636348724
train/loss,49350.0,0.08704458177089691
train/loss,49400.0,0.08875498175621033
train/loss,49450.0,0.08955005556344986
train/loss,49500.0,0.0859391987323761
train/loss,49550.0,0.07845068722963333
train/loss,49600.0,0.08342479914426804
train/loss,49650.0,0.09128578007221222
train/loss,49700.0,0.07667259126901627
train/loss,49750.0,0.09286544471979141
train/loss,49800.0,0.08947170525789261
train/loss,49850.0,0.08207358419895172
train/loss,49900.0,0.08207260817289352
train/loss,49950.0,0.08750113099813461
train/loss,50000.0,0.08331438153982162
train/loss,50050.0,0.07373391091823578
train/loss,50100.0,0.0823228657245636
train/loss,50150.0,0.07433082163333893
train/loss,50200.0,0.08642181009054184
train/loss,50250.0,0.08587852120399475
train/loss,50300.0,0.08449047058820724
train/loss,50350.0,0.0820750743150711
train/loss,50400.0,0.0909540057182312
train/loss,50450.0,0.08502037823200226
train/loss,50500.0,0.08468831330537796
train/loss,50550.0,0.08920370042324066
train/loss,50600.0,0.07756179571151733
train/loss,50650.0,0.08419498801231384
train/loss,50700.0,0.08942978084087372
train/loss,50750.0,0.08967568725347519
train/loss,50800.0,0.08099261671304703
train/loss,50850.0,0.08647123724222183
train/loss,50900.0,0.07281658053398132
train/loss,50950.0,0.09007632732391357
train/loss,51000.0,0.08390074223279953
train/loss,51050.0,0.07994457334280014
train/loss,51100.0,0.08035067468881607
train/loss,51150.0,0.08923719823360443
train/loss,51200.0,0.08148571848869324
train/loss,51250.0,0.08911152184009552
train/loss,51300.0,0.08880427479743958
train/loss,51350.0,0.09576813876628876
train/loss,51400.0,0.0841534435749054
train/loss,51450.0,0.08584322035312653
train/loss,51500.0,0.0814724713563919
train/loss,51550.0,0.08370370417833328
train/loss,51600.0,0.088340625166893
train/loss,51650.0,0.08529563248157501
train/loss,51700.0,0.07034503668546677
train/loss,51750.0,0.09028200060129166
train/loss,51800.0,0.07741008698940277
train/loss,51850.0,0.07978272438049316
train/loss,51900.0,0.08363184332847595
train/loss,51950.0,0.07718764245510101
train/loss,52000.0,0.07935673743486404
train/loss,52050.0,0.07914449274539948
train/loss,52100.0,0.08689598739147186
train/loss,52150.0,0.07837709039449692
train/loss,52200.0,0.08266802132129669
train/loss,52250.0,0.08859844505786896
train/loss,52300.0,0.0905243307352066
train/loss,52350.0,0.08226659893989563
train/loss,52400.0,0.08839117735624313
train/loss,52450.0,0.07700029760599136
train/loss,52500.0,0.08615485578775406
train/loss,52550.0,0.07286273688077927
train/loss,52600.0,0.08422715961933136
train/loss,52650.0,0.08014710247516632
train/loss,52700.0,0.0922829732298851
train/loss,52750.0,0.07875103503465652
train/loss,52800.0,0.087290920317173
train/loss,52850.0,0.08190065622329712
train/loss,52900.0,0.07951994985342026
train/loss,52950.0,0.07836784422397614
train/loss,53000.0,0.08626487106084824
train/loss,53050.0,0.08605297654867172
train/loss,53100.0,0.08017859607934952
train/loss,53150.0,0.08822641521692276
train/loss,53200.0,0.0836448073387146
train/loss,53250.0,0.09529546648263931
train/loss,53300.0,0.0778159648180008
train/loss,53350.0,0.08391856402158737
train/loss,53400.0,0.08618339151144028
train/loss,53450.0,0.08079773932695389
train/loss,53500.0,0.08220534026622772
train/loss,53550.0,0.08650458604097366
train/loss,53600.0,0.08769132196903229
train/loss,53650.0,0.08400686085224152
train/loss,53700.0,0.08734891563653946
train/loss,53750.0,0.07579009979963303
train/loss,53800.0,0.08679129183292389
train/loss,53850.0,0.0818340927362442
train/loss,53900.0,0.09025576710700989
train/loss,53950.0,0.08797908574342728
train/loss,54000.0,0.07987955957651138
train/loss,54050.0,0.08819438517093658
train/loss,54100.0,0.08181275427341461
train/loss,54150.0,0.08909176290035248
train/loss,54200.0,0.08146928250789642
train/loss,54250.0,0.0881730318069458
train/loss,54300.0,0.09140311181545258
train/loss,54350.0,0.08639265596866608
train/loss,54400.0,0.08623245358467102
train/loss,54450.0,0.08449498564004898
train/loss,54500.0,0.08304150402545929
train/loss,54550.0,0.08671748638153076
train/loss,54600.0,0.08360740542411804
train/loss,54650.0,0.08254625648260117
train/loss,54700.0,0.086351677775383
train/loss,54750.0,0.08892358094453812
train/loss,54800.0,0.08662217110395432
train/loss,54850.0,0.0882304310798645
train/loss,54900.0,0.08315111696720123
train/loss,54950.0,0.08002310246229172
train/loss,55000.0,0.08985307812690735
train/loss,55050.0,0.09578774869441986
train/loss,55100.0,0.090888611972332
train/loss,55150.0,0.08446508646011353
train/loss,55200.0,0.08649856597185135
train/loss,55250.0,0.08029413223266602
train/loss,55300.0,0.0851520225405693
train/loss,55350.0,0.07476361095905304
train/loss,55400.0,0.08321992307901382
train/loss,55450.0,0.08238451927900314
train/loss,55500.0,0.07811688631772995
train/loss,55550.0,0.0894743949174881
train/loss,55600.0,0.0893176943063736
train/loss,55650.0,0.08469109237194061
train/loss,55700.0,0.08318424969911575
train/loss,55750.0,0.08204898983240128
train/loss,55800.0,0.09132666885852814
train/loss,55850.0,0.08136119693517685
train/loss,55900.0,0.09592655301094055
train/loss,55950.0,0.07535796612501144
train/loss,56000.0,0.08021336793899536
train/loss,56050.0,0.08974215388298035
train/loss,56100.0,0.08955250680446625
train/loss,56150.0,0.08728071302175522
train/loss,56200.0,0.08262693136930466
train/loss,56250.0,0.08770377188920975
train/loss,56300.0,0.09019236266613007
train/loss,56350.0,0.07853735238313675
train/loss,56400.0,0.083627849817276
train/loss,56450.0,0.08610694110393524
train/loss,56500.0,0.08301612734794617
train/loss,56550.0,0.0931500792503357
train/loss,56600.0,0.09267044812440872
train/loss,56650.0,0.09084130823612213
train/loss,56700.0,0.08837474137544632
train/loss,56750.0,0.08739417046308517
train/loss,56800.0,0.07623559981584549
train/loss,56850.0,0.08146858215332031
train/loss,56900.0,0.09400087594985962
train/loss,56950.0,0.07985622435808182
train/loss,57000.0,0.09322942048311234
train/loss,57050.0,0.07976334542036057
train/loss,57100.0,0.08304954320192337
train/loss,57150.0,0.07593658566474915
train/loss,57200.0,0.08762859553098679
train/loss,57250.0,0.08344310522079468
train/loss,57300.0,0.08376806974411011
train/loss,57350.0,0.0824856236577034
train/loss,57400.0,0.08929912745952606
train/loss,57450.0,0.08580729365348816
train/loss,57500.0,0.08345551788806915
train/loss,57550.0,0.08113318681716919
train/loss,57600.0,0.08260294049978256
train/loss,57650.0,0.08932141959667206
train/loss,57700.0,0.09198517352342606
train/loss,57750.0,0.0789581760764122
train/loss,57800.0,0.09419786930084229
train/loss,57850.0,0.07944205403327942
train/loss,57900.0,0.07932283729314804
train/loss,57950.0,0.07957667112350464
train/loss,58000.0,0.08047854900360107
train/loss,58050.0,0.08884980529546738
train/loss,58100.0,0.08558934926986694
train/loss,58150.0,0.0844762995839119
train/loss,58200.0,0.08602414280176163
train/loss,58250.0,0.08575069904327393
train/loss,58300.0,0.07896161079406738
train/loss,58350.0,0.07988783717155457
train/loss,58400.0,0.09188861399888992
train/loss,58450.0,0.07864310592412949
train/loss,58500.0,0.08465881645679474
train/loss,58550.0,0.0839662179350853
train/loss,58600.0,0.0790521502494812
train/loss,58650.0,0.08646190166473389
train/loss,58700.0,0.07804475724697113
train/loss,58750.0,0.08890470117330551
train/loss,58800.0,0.0778665691614151
train/loss,58850.0,0.08852369338274002
train/loss,58900.0,0.07892736792564392
train/loss,58950.0,0.07561231404542923
train/loss,59000.0,0.0830567255616188
train/loss,59050.0,0.07864963263273239
train/loss,59100.0,0.07832586765289307
train/loss,59150.0,0.08382368087768555
train/loss,59200.0,0.08584380149841309
train/loss,59250.0,0.08629940450191498
train/loss,59300.0,0.08789902925491333
train/loss,59350.0,0.09686757624149323
train/loss,59400.0,0.0856853723526001
train/loss,59450.0,0.0895041823387146
train/loss,59500.0,0.08831378072500229
train/loss,59550.0,0.08097044378519058
train/loss,59600.0,0.08324017375707626
train/loss,59650.0,0.07421350479125977
train/loss,59700.0,0.08460453152656555
train/loss,59750.0,0.08725586533546448
train/loss,59800.0,0.08265484869480133
train/loss,59850.0,0.07955356687307358
train/loss,59900.0,0.08496454358100891
train/loss,59950.0,0.08186761289834976
train/loss,60000.0,0.0807671770453453
train/loss,60050.0,0.08561985194683075
train/loss,60100.0,0.08520429581403732
train/loss,60150.0,0.08321215212345123
train/loss,60200.0,0.08376782387495041
train/loss,60250.0,0.07939917594194412
train/loss,60300.0,0.0744675025343895
train/loss,60350.0,0.07727596908807755
train/loss,60400.0,0.07807077467441559
train/loss,60450.0,0.09073584526777267
train/loss,60500.0,0.07972754538059235
train/loss,60550.0,0.08209797739982605
train/loss,60600.0,0.08808258175849915
train/loss,60650.0,0.08962105214595795
train/loss,60700.0,0.07842214405536652
train/loss,60750.0,0.08428164571523666
train/loss,60800.0,0.08718831837177277
train/loss,60850.0,0.0876564234495163
train/loss,60900.0,0.08830319344997406
train/loss,60950.0,0.07931085675954819
train/loss,61000.0,0.07723386585712433
train/loss,61050.0,0.08473358303308487
train/loss,61100.0,0.09530068933963776
train/loss,61150.0,0.0838707834482193
train/loss,61200.0,0.0859302431344986
train/loss,61250.0,0.07994091510772705
train/loss,61300.0,0.0901881754398346
train/loss,61350.0,0.07607339322566986
train/loss,61400.0,0.087006576359272
train/loss,61450.0,0.0866038128733635
train/loss,61500.0,0.09042635560035706
train/loss,61550.0,0.08260858803987503
train/loss,61600.0,0.08588094264268875
train/loss,61650.0,0.0870380699634552
train/loss,61700.0,0.08627055585384369
train/loss,61750.0,0.0813143253326416
train/loss,61800.0,0.0865572839975357
train/loss,61850.0,0.08803386986255646
train/loss,61900.0,0.08846253901720047
train/loss,61950.0,0.08816973865032196
train/loss,62000.0,0.08466188609600067
train/loss,62050.0,0.08944346010684967
train/loss,62100.0,0.08950603008270264
train/loss,62150.0,0.08371992409229279
train/loss,62200.0,0.08176581561565399
train/loss,62250.0,0.08596257865428925
train/loss,62300.0,0.08188897371292114
train/loss,62350.0,0.09542356431484222
train/loss,62400.0,0.07721145451068878
train/loss,62450.0,0.08361932635307312
train/loss,62500.0,0.09286963939666748
train/loss,62550.0,0.09053578227758408
train/loss,62600.0,0.08270810544490814
train/loss,62650.0,0.08726386725902557
train/loss,62700.0,0.08753223717212677
train/loss,62750.0,0.08951140195131302
train/loss,62800.0,0.07631681859493256
train/loss,62850.0,0.07979731261730194
train/loss,62900.0,0.08118002116680145
train/loss,62950.0,0.09324672073125839
train/loss,63000.0,0.08811859041452408
train/loss,63050.0,0.08529689908027649
train/loss,63100.0,0.08272499591112137
train/loss,63150.0,0.07735415548086166
train/loss,63200.0,0.07878698408603668
train/loss,63250.0,0.07340694218873978
train/loss,63300.0,0.08334682881832123
train/loss,63350.0,0.08247048407793045
train/loss,63400.0,0.08380414545536041
train/loss,63450.0,0.08409623056650162
train/loss,63500.0,0.08311086148023605
train/loss,63550.0,0.08671265095472336
train/loss,63600.0,0.08863522112369537
train/loss,63650.0,0.08377261459827423
train/loss,63700.0,0.07901684939861298
train/loss,63750.0,0.0842379480600357
train/loss,63800.0,0.07953262329101562
train/loss,63850.0,0.08562235534191132
train/loss,63900.0,0.08788584172725677
train/loss,63950.0,0.0925539955496788
train/loss,64000.0,0.08233807981014252
train/loss,64050.0,0.08754787594079971
train/loss,64100.0,0.0830223560333252
train/loss,64150.0,0.08487764745950699
train/loss,64200.0,0.07787931710481644
train/loss,64250.0,0.08688921481370926
train/loss,64300.0,0.0908542349934578
train/loss,64350.0,0.07505002617835999
train/loss,64400.0,0.08338981121778488
train/loss,64450.0,0.08433587849140167
train/loss,64500.0,0.08443993330001831
train/loss,64550.0,0.07854585349559784
train/loss,64600.0,0.08538059145212173
train/loss,64650.0,0.0800769031047821
train/loss,64700.0,0.0804481953382492
train/loss,64750.0,0.0775284469127655
train/loss,64800.0,0.07864948362112045
train/loss,64850.0,0.08706775307655334
train/loss,64900.0,0.0817210003733635
train/loss,64950.0,0.08694186806678772
train/loss,65000.0,0.08455640822649002
train/loss,65050.0,0.08382391929626465
train/loss,65100.0,0.08961281180381775
train/loss,65150.0,0.08423104882240295
train/loss,65200.0,0.08985540270805359
train/loss,65250.0,0.08185157179832458
train/loss,65300.0,0.08489295840263367
train/loss,65350.0,0.07516949623823166
train/loss,65400.0,0.08499405533075333
train/loss,65450.0,0.09001879394054413
train/loss,65500.0,0.0761500746011734
train/loss,65550.0,0.0876845121383667
train/loss,65600.0,0.08244700729846954
train/loss,65650.0,0.08677427470684052
train/loss,65700.0,0.09092165529727936
train/loss,65750.0,0.08003997802734375
train/loss,65800.0,0.08536971360445023
train/loss,65850.0,0.08781225979328156
train/loss,65900.0,0.08877560496330261
train/loss,65950.0,0.09029518812894821
train/loss,66000.0,0.0778278186917305
train/loss,66050.0,0.07826483249664307
train/loss,66100.0,0.08865581452846527
train/loss,66150.0,0.08915141224861145
train/loss,66200.0,0.07946185767650604
train/loss,66250.0,0.08659030497074127
train/loss,66300.0,0.08339904248714447
train/loss,66350.0,0.08321954309940338
train/loss,66400.0,0.083103708922863
train/loss,66450.0,0.0907464399933815
train/loss,66500.0,0.08575433492660522
train/loss,66550.0,0.08550360053777695
train/loss,66600.0,0.08283021301031113
train/loss,66650.0,0.08627801388502121
train/loss,66700.0,0.0788932666182518
train/loss,66750.0,0.08423248678445816
train/loss,66800.0,0.08705964684486389
train/loss,66850.0,0.07453170418739319
train/loss,66900.0,0.0833253413438797
train/loss,66950.0,0.0839238092303276
train/loss,67000.0,0.08550505340099335
train/loss,67050.0,0.08351625502109528
train/loss,67100.0,0.08384548872709274
train/loss,67150.0,0.08279040455818176
train/loss,67200.0,0.08505916595458984
train/loss,67250.0,0.09314640611410141
train/loss,67300.0,0.08531234413385391
train/loss,67350.0,0.08110084384679794
train/loss,67400.0,0.07568930089473724
train/loss,67450.0,0.07534722238779068
train/loss,67500.0,0.08467517793178558
train/loss,67550.0,0.08797553926706314
train/loss,67600.0,0.08778956532478333
train/loss,67650.0,0.08867424726486206
train/loss,67700.0,0.08193875849246979
train/loss,67750.0,0.08697496354579926
train/loss,67800.0,0.0836930125951767
train/loss,67850.0,0.08695955574512482
train/loss,67900.0,0.08492456376552582
train/loss,67950.0,0.08021591603755951
train/loss,68000.0,0.08367510139942169
train/loss,68050.0,0.08537933975458145
train/loss,68100.0,0.08257942646741867
train/loss,68150.0,0.08714443445205688
train/loss,68200.0,0.07669984549283981
train/loss,68250.0,0.08586293458938599
train/loss,68300.0,0.08453615009784698
train/loss,68350.0,0.08621073514223099
train/loss,68400.0,0.08405127376317978
train/loss,68450.0,0.0807105153799057
train/loss,68500.0,0.07763886451721191
train/loss,68550.0,0.08777917921543121
train/loss,68600.0,0.07483098655939102
train/loss,68650.0,0.08520650863647461
train/loss,68700.0,0.08850488811731339
train/loss,68750.0,0.07841358333826065
train/loss,68800.0,0.08720426261425018
train/loss,68850.0,0.07846029847860336
train/loss,68900.0,0.08045049011707306
train/loss,68950.0,0.08482059836387634
train/loss,69000.0,0.08051640540361404
train/loss,69050.0,0.08338464051485062
train/loss,69100.0,0.09012405574321747
train/loss,69150.0,0.07922972738742828
train/loss,69200.0,0.08257406949996948
train/loss,69250.0,0.07312938570976257
train/loss,69300.0,0.08815445005893707
train/loss,69350.0,0.08265887200832367
train/loss,69400.0,0.08267048001289368
train/loss,69450.0,0.08514350652694702
train/loss,69500.0,0.0865594670176506
train/loss,69550.0,0.09564246982336044
train/loss,69600.0,0.08099190145730972
train/loss,69650.0,0.0919249877333641
train/loss,69700.0,0.08872505277395248
train/loss,69750.0,0.0834634006023407
train/loss,69800.0,0.07841822504997253
train/loss,69850.0,0.09132600575685501
train/loss,69900.0,0.08173556625843048
train/loss,69950.0,0.0854659304022789
train/loss,70000.0,0.09339836239814758
train/loss,70050.0,0.08018586039543152
train/loss,70100.0,0.08713596314191818
train/loss,70150.0,0.08468665182590485
train/loss,70200.0,0.08117927610874176
train/loss,70250.0,0.08709615468978882
train/loss,70300.0,0.08168733865022659
train/loss,70350.0,0.08855833113193512
train/loss,70400.0,0.09149373322725296
train/loss,70450.0,0.08220602571964264
train/loss,70500.0,0.08463673293590546
train/loss,70550.0,0.09171764552593231
train/loss,70600.0,0.07879836857318878
train/loss,70650.0,0.087493397295475
train/loss,70700.0,0.08532930910587311
train/loss,70750.0,0.08711880445480347
train/loss,70800.0,0.0795518159866333
train/loss,70850.0,0.08039329200983047
train/loss,70900.0,0.0885305181145668
train/loss,70950.0,0.09146961569786072
train/loss,71000.0,0.08508814126253128
train/loss,71050.0,0.07883754372596741
train/loss,71100.0,0.08415369689464569
train/loss,71150.0,0.08979082107543945
train/loss,71200.0,0.08667231351137161
train/loss,71250.0,0.07983274757862091
train/loss,71300.0,0.0710926204919815
train/loss,71350.0,0.07992493361234665
train/loss,71400.0,0.07732194662094116
train/loss,71450.0,0.0839892327785492
train/loss,71500.0,0.07406096905469894
train/loss,71550.0,0.08165556192398071
train/loss,71600.0,0.08341623842716217
train/loss,71650.0,0.08005382120609283
train/loss,71700.0,0.08897879719734192
train/loss,71750.0,0.08145279437303543
train/loss,71800.0,0.08501474559307098
train/loss,71850.0,0.07942743599414825
train/loss,71900.0,0.08002038300037384
train/loss,71950.0,0.08282273262739182
train/loss,72000.0,0.0822174921631813
train/loss,72050.0,0.09104876220226288
train/loss,72100.0,0.08627717196941376
train/loss,72150.0,0.0736716240644455
train/loss,72200.0,0.07605491578578949
train/loss,72250.0,0.08519471436738968
train/loss,72300.0,0.08899683505296707
train/loss,72350.0,0.0811818316578865
train/loss,72400.0,0.08837152272462845
train/loss,72450.0,0.08729355037212372
train/loss,72500.0,0.08622018992900848
train/loss,72550.0,0.08048507571220398
train/loss,72600.0,0.09512875229120255
train/loss,72650.0,0.08041640371084213
train/loss,72700.0,0.09496760368347168
train/loss,72750.0,0.0859563946723938
train/loss,72800.0,0.0832488089799881
train/loss,72850.0,0.08535133302211761
train/loss,72900.0,0.0892365425825119
train/loss,72950.0,0.0853714644908905
train/loss,73000.0,0.08797704428434372
train/loss,73050.0,0.08302512764930725
train/loss,73100.0,0.08915413916110992
train/loss,73150.0,0.08928371965885162
train/loss,73200.0,0.09333167970180511
train/loss,73250.0,0.08376011252403259
train/loss,73300.0,0.08253004401922226
train/loss,73350.0,0.08081456273794174
train/loss,73400.0,0.09134142845869064
train/loss,73450.0,0.07368980348110199
train/loss,73500.0,0.08153270184993744
train/loss,73550.0,0.08377274870872498
train/loss,73600.0,0.08041255176067352
train/loss,73650.0,0.09526999294757843
train/loss,73700.0,0.08282271027565002
train/loss,73750.0,0.0912797600030899
train/loss,73800.0,0.08398889005184174
train/loss,73850.0,0.08548137545585632
train/loss,73900.0,0.08831535279750824
train/loss,73950.0,0.08155831694602966
train/loss,74000.0,0.08355369418859482
train/loss,74050.0,0.0862732008099556
train/loss,74100.0,0.08215411007404327
train/loss,74150.0,0.07641176134347916
train/loss,74200.0,0.08055219054222107
train/loss,74250.0,0.0856742337346077
train/loss,74300.0,0.07951825857162476
train/loss,74350.0,0.08662884682416916
train/loss,74400.0,0.07890592515468597
train/loss,74450.0,0.07698055356740952
train/loss,74500.0,0.0889730378985405
train/loss,74550.0,0.08876506984233856
train/loss,74600.0,0.08358223736286163
train/loss,74650.0,0.08095140010118484
train/loss,74700.0,0.07974398136138916
train/loss,74750.0,0.07489130645990372
train/loss,74800.0,0.090800441801548
train/loss,74850.0,0.08508265018463135
train/loss,74900.0,0.07844038307666779
train/loss,74950.0,0.07777849584817886
train/loss,75000.0,0.08896738290786743
train/loss,75050.0,0.08757416158914566
train/loss,75100.0,0.0724012702703476
train/loss,75150.0,0.08476222306489944
train/loss,75200.0,0.07807035744190216
train/loss,75250.0,0.08041583001613617
train/loss,75300.0,0.08516895771026611
train/loss,75350.0,0.0889916718006134
train/loss,75400.0,0.07975365221500397
train/loss,75450.0,0.0907282680273056
train/loss,75500.0,0.07029716670513153
train/loss,75550.0,0.08918824791908264
train/loss,75600.0,0.090337835252285
train/loss,75650.0,0.08834334462881088
train/loss,75700.0,0.0837976336479187
train/loss,75750.0,0.0896206796169281
train/loss,75800.0,0.08917813003063202
train/loss,75850.0,0.08560556173324585
train/loss,75900.0,0.08519545942544937
train/loss,75950.0,0.08094844222068787
train/loss,76000.0,0.0853893980383873
train/loss,76050.0,0.08102893829345703
train/loss,76100.0,0.0844646617770195
train/loss,76150.0,0.0818869024515152
train/loss,76200.0,0.08884726464748383
train/loss,76250.0,0.09289893507957458
train/loss,76300.0,0.09143272787332535
train/loss,76350.0,0.08562936633825302
train/loss,76400.0,0.07617242634296417
train/loss,76450.0,0.08971347659826279
train/loss,76500.0,0.09502487629652023
train/loss,76550.0,0.08398556709289551
train/loss,76600.0,0.07709094136953354
train/loss,76650.0,0.08372344076633453
train/loss,76700.0,0.07991015911102295
train/loss,76750.0,0.08302700519561768
train/loss,76800.0,0.08214426040649414
train/loss,76850.0,0.07976062595844269
train/loss,76900.0,0.07924007624387741
train/loss,76950.0,0.09173998236656189
train/loss,77000.0,0.08064468204975128
train/loss,77050.0,0.08625243604183197
train/loss,77100.0,0.07504092156887054
train/loss,77150.0,0.08891886472702026
train/loss,77200.0,0.08094320446252823
train/loss,77250.0,0.08085630089044571
train/loss,77300.0,0.08240770548582077
train/loss,77350.0,0.09154202044010162
train/loss,77400.0,0.08210299909114838
train/loss,77450.0,0.08307704329490662
train/loss,77500.0,0.07765999436378479
train/loss,77550.0,0.08096149563789368
train/loss,77600.0,0.08362573385238647
train/loss,77650.0,0.07906638085842133
train/loss,77700.0,0.08386044949293137
train/loss,77750.0,0.0864691436290741
train/loss,77800.0,0.08073380589485168
train/loss,77850.0,0.08625960350036621
train/loss,77900.0,0.07907991111278534
train/loss,77950.0,0.08588151633739471
train/loss,78000.0,0.08023262023925781
train/loss,78050.0,0.08375809341669083
train/loss,78100.0,0.08234348148107529
train/loss,78150.0,0.08855319023132324
train/loss,78200.0,0.08823941648006439
train/loss,78250.0,0.0886845737695694
train/loss,78300.0,0.08124507963657379
train/loss,78350.0,0.07892073690891266
train/loss,78400.0,0.0852576419711113
train/loss,78450.0,0.07726834714412689
train/loss,78500.0,0.08546923100948334
train/loss,78550.0,0.08064687252044678
train/loss,78600.0,0.09418822079896927
train/loss,78650.0,0.08082305639982224
train/loss,78700.0,0.08449620008468628
train/loss,78750.0,0.07919725030660629
train/loss,78800.0,0.07489430159330368
train/loss,78850.0,0.09216858446598053
train/loss,78900.0,0.08697782456874847
train/loss,78950.0,0.08390209078788757
train/loss,79000.0,0.072902612388134
train/loss,79050.0,0.08094445616006851
train/loss,79100.0,0.07839308679103851
train/loss,79150.0,0.08017619699239731
train/loss,79200.0,0.08636007457971573
train/loss,79250.0,0.07952325791120529
train/loss,79300.0,0.09009777009487152
train/loss,79350.0,0.08534801006317139
train/loss,79400.0,0.08966748416423798
train/loss,79450.0,0.08832521736621857
train/loss,79500.0,0.08358258754014969
train/loss,79550.0,0.07021963596343994
train/loss,79600.0,0.0910029411315918
train/loss,79650.0,0.09372995048761368
train/loss,79700.0,0.08039960265159607
train/loss,79750.0,0.08145632594823837
train/loss,79800.0,0.07498697191476822
train/loss,79850.0,0.09208697080612183
train/loss,79900.0,0.08611510694026947
train/loss,79950.0,0.07937374711036682
train/loss,80000.0,0.0839419811964035
train/lpips,1.0,0.6752822995185852
train/lpips,50.0,0.5845848321914673
train/lpips,100.0,0.5169757604598999
train/lpips,150.0,0.42554473876953125
train/lpips,200.0,0.3755069375038147
train/lpips,250.0,0.33800041675567627
train/lpips,300.0,0.32714831829071045
train/lpips,350.0,0.3387775123119354
train/lpips,400.0,0.34286463260650635
train/lpips,450.0,0.31484001874923706
train/lpips,500.0,0.31410449743270874
train/lpips,550.0,0.30878886580467224
train/lpips,600.0,0.3185390830039978
train/lpips,650.0,0.29654109477996826
train/lpips,700.0,0.30334144830703735
train/lpips,750.0,0.29727059602737427
train/lpips,800.0,0.3057980537414551
train/lpips,850.0,0.2834777534008026
train/lpips,900.0,0.2819761633872986
train/lpips,950.0,0.30282747745513916
train/lpips,1000.0,0.29279059171676636
train/lpips,1050.0,0.2936348617076874
train/lpips,1100.0,0.2734658122062683
train/lpips,1150.0,0.27231723070144653
train/lpips,1200.0,0.28461816906929016
train/lpips,1250.0,0.2809756398200989
train/lpips,1300.0,0.2821298837661743
train/lpips,1350.0,0.29679134488105774
train/lpips,1400.0,0.2898648977279663
train/lpips,1450.0,0.25597211718559265
train/lpips,1500.0,0.2627738118171692
train/lpips,1550.0,0.2637972831726074
train/lpips,1600.0,0.25763174891471863
train/lpips,1650.0,0.2537701725959778
train/lpips,1700.0,0.2725314497947693
train/lpips,1750.0,0.26160940527915955
train/lpips,1800.0,0.27987465262413025
train/lpips,1850.0,0.3006218671798706
train/lpips,1900.0,0.27805662155151367
train/lpips,1950.0,0.2679789960384369
train/lpips,2000.0,0.26715317368507385
train/lpips,2050.0,0.2960251569747925
train/lpips,2100.0,0.26986661553382874
train/lpips,2150.0,0.2700725197792053
train/lpips,2200.0,0.28894007205963135
train/lpips,2250.0,0.2485850304365158
train/lpips,2300.0,0.2596004903316498
train/lpips,2350.0,0.2668583393096924
train/lpips,2400.0,0.2716447412967682
train/lpips,2450.0,0.27346792817115784
train/lpips,2500.0,0.25671517848968506
train/lpips,2550.0,0.2677694857120514
train/lpips,2600.0,0.25573137402534485
train/lpips,2650.0,0.2559076249599457
train/lpips,2700.0,0.25741225481033325
train/lpips,2750.0,0.26596614718437195
train/lpips,2800.0,0.2660546898841858
train/lpips,2850.0,0.2795054018497467
train/lpips,2900.0,0.2661888599395752
train/lpips,2950.0,0.267961710691452
train/lpips,3000.0,0.2661963999271393
train/lpips,3050.0,0.2494337260723114
train/lpips,3100.0,0.26858633756637573
train/lpips,3150.0,0.24878817796707153
train/lpips,3200.0,0.2611082196235657
train/lpips,3250.0,0.25290292501449585
train/lpips,3300.0,0.2635129690170288
train/lpips,3350.0,0.2506682276725769
train/lpips,3400.0,0.24065276980400085
train/lpips,3450.0,0.2699423134326935
train/lpips,3500.0,0.24573993682861328
train/lpips,3550.0,0.26019227504730225
train/lpips,3600.0,0.2594573497772217
train/lpips,3650.0,0.256696879863739
train/lpips,3700.0,0.232932910323143
train/lpips,3750.0,0.2515321373939514
train/lpips,3800.0,0.26008161902427673
train/lpips,3850.0,0.24524469673633575
train/lpips,3900.0,0.24965877830982208
train/lpips,3950.0,0.2520138919353485
train/lpips,4000.0,0.26926472783088684
train/lpips,4050.0,0.26225337386131287
train/lpips,4100.0,0.2603520154953003
train/lpips,4150.0,0.29845696687698364
train/lpips,4200.0,0.26804447174072266
train/lpips,4250.0,0.2561725676059723
train/lpips,4300.0,0.25628387928009033
train/lpips,4350.0,0.2647959291934967
train/lpips,4400.0,0.2538365125656128
train/lpips,4450.0,0.25541216135025024
train/lpips,4500.0,0.2422296404838562
train/lpips,4550.0,0.25452712178230286
train/lpips,4600.0,0.26162615418434143
train/lpips,4650.0,0.25805768370628357
train/lpips,4700.0,0.25214171409606934
train/lpips,4750.0,0.24862700700759888
train/lpips,4800.0,0.2519729733467102
train/lpips,4850.0,0.2595761716365814
train/lpips,4900.0,0.26854777336120605
train/lpips,4950.0,0.26000627875328064
train/lpips,5000.0,0.2505214214324951
train/lpips,5050.0,0.27276715636253357
train/lpips,5100.0,0.268755704164505
train/lpips,5150.0,0.24910232424736023
train/lpips,5200.0,0.2698417603969574
train/lpips,5250.0,0.24550022184848785
train/lpips,5300.0,0.25745323300361633
train/lpips,5350.0,0.2640751600265503
train/lpips,5400.0,0.24945202469825745
train/lpips,5450.0,0.24564886093139648
train/lpips,5500.0,0.24108970165252686
train/lpips,5550.0,0.25293663144111633
train/lpips,5600.0,0.24893666803836823
train/lpips,5650.0,0.23345787823200226
train/lpips,5700.0,0.2556324005126953
train/lpips,5750.0,0.24516898393630981
train/lpips,5800.0,0.2612271308898926
train/lpips,5850.0,0.25409701466560364
train/lpips,5900.0,0.23985551297664642
train/lpips,5950.0,0.26739680767059326
train/lpips,6000.0,0.23522399365901947
train/lpips,6050.0,0.24216938018798828
train/lpips,6100.0,0.24336157739162445
train/lpips,6150.0,0.24774348735809326
train/lpips,6200.0,0.24822519719600677
train/lpips,6250.0,0.2593119740486145
train/lpips,6300.0,0.25701063871383667
train/lpips,6350.0,0.25504034757614136
train/lpips,6400.0,0.24560222029685974
train/lpips,6450.0,0.23181314766407013
train/lpips,6500.0,0.25339430570602417
train/lpips,6550.0,0.24103984236717224
train/lpips,6600.0,0.23375943303108215
train/lpips,6650.0,0.24033430218696594
train/lpips,6700.0,0.25255143642425537
train/lpips,6750.0,0.27037641406059265
train/lpips,6800.0,0.27224645018577576
train/lpips,6850.0,0.24303531646728516
train/lpips,6900.0,0.25653785467147827
train/lpips,6950.0,0.25018706917762756
train/lpips,7000.0,0.2510344088077545
train/lpips,7050.0,0.24747200310230255
train/lpips,7100.0,0.24602937698364258
train/lpips,7150.0,0.24848057329654694
train/lpips,7200.0,0.24064534902572632
train/lpips,7250.0,0.24944569170475006
train/lpips,7300.0,0.2557780146598816
train/lpips,7350.0,0.2585069537162781
train/lpips,7400.0,0.24805064499378204
train/lpips,7450.0,0.2447064220905304
train/lpips,7500.0,0.23809881508350372
train/lpips,7550.0,0.2556091845035553
train/lpips,7600.0,0.26850539445877075
train/lpips,7650.0,0.24872303009033203
train/lpips,7700.0,0.24996879696846008
train/lpips,7750.0,0.2575238347053528
train/lpips,7800.0,0.2605772316455841
train/lpips,7850.0,0.25362980365753174
train/lpips,7900.0,0.26821476221084595
train/lpips,7950.0,0.2591323256492615
train/lpips,8000.0,0.2628198266029358
train/lpips,8050.0,0.23347434401512146
train/lpips,8100.0,0.25511398911476135
train/lpips,8150.0,0.270921915769577
train/lpips,8200.0,0.26488813757896423
train/lpips,8250.0,0.2632032632827759
train/lpips,8300.0,0.26444417238235474
train/lpips,8350.0,0.249285027384758
train/lpips,8400.0,0.26746201515197754
train/lpips,8450.0,0.25319725275039673
train/lpips,8500.0,0.2456037402153015
train/lpips,8550.0,0.26186370849609375
train/lpips,8600.0,0.24974124133586884
train/lpips,8650.0,0.24119791388511658
train/lpips,8700.0,0.24380910396575928
train/lpips,8750.0,0.24602214992046356
train/lpips,8800.0,0.26001811027526855
train/lpips,8850.0,0.2627817690372467
train/lpips,8900.0,0.25705552101135254
train/lpips,8950.0,0.23749074339866638
train/lpips,9000.0,0.2469862699508667
train/lpips,9050.0,0.25425857305526733
train/lpips,9100.0,0.26841288805007935
train/lpips,9150.0,0.25621798634529114
train/lpips,9200.0,0.25598451495170593
train/lpips,9250.0,0.2650132179260254
train/lpips,9300.0,0.2617749571800232
train/lpips,9350.0,0.24172374606132507
train/lpips,9400.0,0.226718932390213
train/lpips,9450.0,0.23931273818016052
train/lpips,9500.0,0.23848199844360352
train/lpips,9550.0,0.2579728364944458
train/lpips,9600.0,0.2395733743906021
train/lpips,9650.0,0.23942521214485168
train/lpips,9700.0,0.23181934654712677
train/lpips,9750.0,0.25075632333755493
train/lpips,9800.0,0.24578890204429626
train/lpips,9850.0,0.2483232021331787
train/lpips,9900.0,0.2449904978275299
train/lpips,9950.0,0.2643541991710663
train/lpips,10000.0,0.2507534623146057
train/lpips,10050.0,0.24569179117679596
train/lpips,10100.0,0.22553537786006927
train/lpips,10150.0,0.26583221554756165
train/lpips,10200.0,0.25947052240371704
train/lpips,10250.0,0.24985164403915405
train/lpips,10300.0,0.23400138318538666
train/lpips,10350.0,0.25381630659103394
train/lpips,10400.0,0.24914714694023132
train/lpips,10450.0,0.25214090943336487
train/lpips,10500.0,0.24244114756584167
train/lpips,10550.0,0.22838494181632996
train/lpips,10600.0,0.2207828164100647
train/lpips,10650.0,0.24851146340370178
train/lpips,10700.0,0.24773342907428741
train/lpips,10750.0,0.2572859227657318
train/lpips,10800.0,0.2677443325519562
train/lpips,10850.0,0.24811503291130066
train/lpips,10900.0,0.24639222025871277
train/lpips,10950.0,0.23248153924942017
train/lpips,11000.0,0.24716809391975403
train/lpips,11050.0,0.24112573266029358
train/lpips,11100.0,0.25315842032432556
train/lpips,11150.0,0.23078317940235138
train/lpips,11200.0,0.21619555354118347
train/lpips,11250.0,0.2501530349254608
train/lpips,11300.0,0.2377368062734604
train/lpips,11350.0,0.2543160319328308
train/lpips,11400.0,0.24791371822357178
train/lpips,11450.0,0.2448182851076126
train/lpips,11500.0,0.24447846412658691
train/lpips,11550.0,0.2572827935218811
train/lpips,11600.0,0.2565372586250305
train/lpips,11650.0,0.2340894192457199
train/lpips,11700.0,0.27274948358535767
train/lpips,11750.0,0.24148064851760864
train/lpips,11800.0,0.23875103890895844
train/lpips,11850.0,0.22896212339401245
train/lpips,11900.0,0.2413659393787384
train/lpips,11950.0,0.2507070004940033
train/lpips,12000.0,0.238669291138649
train/lpips,12050.0,0.21986298263072968
train/lpips,12100.0,0.22925633192062378
train/lpips,12150.0,0.24019712209701538
train/lpips,12200.0,0.2626841068267822
train/lpips,12250.0,0.2564864754676819
train/lpips,12300.0,0.23053723573684692
train/lpips,12350.0,0.23729965090751648
train/lpips,12400.0,0.25308555364608765
train/lpips,12450.0,0.2524715065956116
train/lpips,12500.0,0.23183712363243103
train/lpips,12550.0,0.24334973096847534
train/lpips,12600.0,0.2456541210412979
train/lpips,12650.0,0.25899380445480347
train/lpips,12700.0,0.23374079167842865
train/lpips,12750.0,0.25535839796066284
train/lpips,12800.0,0.24409830570220947
train/lpips,12850.0,0.2415856420993805
train/lpips,12900.0,0.24190275371074677
train/lpips,12950.0,0.24722754955291748
train/lpips,13000.0,0.23425716161727905
train/lpips,13050.0,0.2601650059223175
train/lpips,13100.0,0.2543943226337433
train/lpips,13150.0,0.24197012186050415
train/lpips,13200.0,0.26473450660705566
train/lpips,13250.0,0.24827514588832855
train/lpips,13300.0,0.2494606375694275
train/lpips,13350.0,0.24534358084201813
train/lpips,13400.0,0.22926898300647736
train/lpips,13450.0,0.22847425937652588
train/lpips,13500.0,0.23453450202941895
train/lpips,13550.0,0.2692791521549225
train/lpips,13600.0,0.25918132066726685
train/lpips,13650.0,0.24325434863567352
train/lpips,13700.0,0.22566305100917816
train/lpips,13750.0,0.24239718914031982
train/lpips,13800.0,0.24805966019630432
train/lpips,13850.0,0.2509162425994873
train/lpips,13900.0,0.24326175451278687
train/lpips,13950.0,0.24480336904525757
train/lpips,14000.0,0.24247433245182037
train/lpips,14050.0,0.24416466057300568
train/lpips,14100.0,0.24735352396965027
train/lpips,14150.0,0.24758917093276978
train/lpips,14200.0,0.24624744057655334
train/lpips,14250.0,0.24856315553188324
train/lpips,14300.0,0.2437882423400879
train/lpips,14350.0,0.24301423132419586
train/lpips,14400.0,0.22847506403923035
train/lpips,14450.0,0.23871001601219177
train/lpips,14500.0,0.24036270380020142
train/lpips,14550.0,0.2555121183395386
train/lpips,14600.0,0.22868791222572327
train/lpips,14650.0,0.2600018084049225
train/lpips,14700.0,0.25054794549942017
train/lpips,14750.0,0.237920880317688
train/lpips,14800.0,0.23853157460689545
train/lpips,14850.0,0.23899982869625092
train/lpips,14900.0,0.258584588766098
train/lpips,14950.0,0.2509523332118988
train/lpips,15000.0,0.22456586360931396
train/lpips,15050.0,0.2314261496067047
train/lpips,15100.0,0.23125140368938446
train/lpips,15150.0,0.24072231352329254
train/lpips,15200.0,0.24368968605995178
train/lpips,15250.0,0.22100034356117249
train/lpips,15300.0,0.25966498255729675
train/lpips,15350.0,0.23998647928237915
train/lpips,15400.0,0.24457019567489624
train/lpips,15450.0,0.23676201701164246
train/lpips,15500.0,0.23667830228805542
train/lpips,15550.0,0.24347788095474243
train/lpips,15600.0,0.2346634566783905
train/lpips,15650.0,0.23675532639026642
train/lpips,15700.0,0.2267681062221527
train/lpips,15750.0,0.23298968374729156
train/lpips,15800.0,0.25187623500823975
train/lpips,15850.0,0.2349560707807541
train/lpips,15900.0,0.23959031701087952
train/lpips,15950.0,0.2534983158111572
train/lpips,16000.0,0.2320030778646469
train/lpips,16050.0,0.24874247610569
train/lpips,16100.0,0.24491143226623535
train/lpips,16150.0,0.23830363154411316
train/lpips,16200.0,0.23005889356136322
train/lpips,16250.0,0.25434768199920654
train/lpips,16300.0,0.23304007947444916
train/lpips,16350.0,0.24205027520656586
train/lpips,16400.0,0.2354784905910492
train/lpips,16450.0,0.23960407078266144
train/lpips,16500.0,0.24423789978027344
train/lpips,16550.0,0.2477814257144928
train/lpips,16600.0,0.24657852947711945
train/lpips,16650.0,0.2559700012207031
train/lpips,16700.0,0.24133406579494476
train/lpips,16750.0,0.23140107095241547
train/lpips,16800.0,0.23543933033943176
train/lpips,16850.0,0.24505554139614105
train/lpips,16900.0,0.23698586225509644
train/lpips,16950.0,0.24191401898860931
train/lpips,17000.0,0.2527373731136322
train/lpips,17050.0,0.23809905350208282
train/lpips,17100.0,0.24556753039360046
train/lpips,17150.0,0.24732011556625366
train/lpips,17200.0,0.23461291193962097
train/lpips,17250.0,0.252473920583725
train/lpips,17300.0,0.2318415641784668
train/lpips,17350.0,0.24029013514518738
train/lpips,17400.0,0.23628097772598267
train/lpips,17450.0,0.24965818226337433
train/lpips,17500.0,0.23360547423362732
train/lpips,17550.0,0.253121942281723
train/lpips,17600.0,0.23174142837524414
train/lpips,17650.0,0.2584654986858368
train/lpips,17700.0,0.23779964447021484
train/lpips,17750.0,0.23504243791103363
train/lpips,17800.0,0.24866138398647308
train/lpips,17850.0,0.23209568858146667
train/lpips,17900.0,0.22869476675987244
train/lpips,17950.0,0.22854205965995789
train/lpips,18000.0,0.23835605382919312
train/lpips,18050.0,0.24433016777038574
train/lpips,18100.0,0.25854551792144775
train/lpips,18150.0,0.22972317039966583
train/lpips,18200.0,0.2719898521900177
train/lpips,18250.0,0.24081403017044067
train/lpips,18300.0,0.22268082201480865
train/lpips,18350.0,0.24561461806297302
train/lpips,18400.0,0.23126070201396942
train/lpips,18450.0,0.24743232131004333
train/lpips,18500.0,0.25091353058815
train/lpips,18550.0,0.22976715862751007
train/lpips,18600.0,0.2454337775707245
train/lpips,18650.0,0.2432645857334137
train/lpips,18700.0,0.26565390825271606
train/lpips,18750.0,0.24541804194450378
train/lpips,18800.0,0.237481489777565
train/lpips,18850.0,0.24579378962516785
train/lpips,18900.0,0.243061363697052
train/lpips,18950.0,0.2285655289888382
train/lpips,19000.0,0.2400730848312378
train/lpips,19050.0,0.2521114647388458
train/lpips,19100.0,0.2563283443450928
train/lpips,19150.0,0.2366008162498474
train/lpips,19200.0,0.2553514540195465
train/lpips,19250.0,0.23645201325416565
train/lpips,19300.0,0.2272549867630005
train/lpips,19350.0,0.2367030680179596
train/lpips,19400.0,0.24979527294635773
train/lpips,19450.0,0.2371305674314499
train/lpips,19500.0,0.2536531984806061
train/lpips,19550.0,0.23377829790115356
train/lpips,19600.0,0.22493477165699005
train/lpips,19650.0,0.25913670659065247
train/lpips,19700.0,0.23295865952968597
train/lpips,19750.0,0.2479550689458847
train/lpips,19800.0,0.2267860621213913
train/lpips,19850.0,0.24627508223056793
train/lpips,19900.0,0.22104312479496002
train/lpips,19950.0,0.23835481703281403
train/lpips,20000.0,0.23872214555740356
train/lpips,20050.0,0.23469103872776031
train/lpips,20100.0,0.2624457776546478
train/lpips,20150.0,0.23294399678707123
train/lpips,20200.0,0.2215583771467209
train/lpips,20250.0,0.22940939664840698
train/lpips,20300.0,0.24614988267421722
train/lpips,20350.0,0.25821027159690857
train/lpips,20400.0,0.24463823437690735
train/lpips,20450.0,0.24074199795722961
train/lpips,20500.0,0.22639867663383484
train/lpips,20550.0,0.24578648805618286
train/lpips,20600.0,0.2354068160057068
train/lpips,20650.0,0.23273082077503204
train/lpips,20700.0,0.22760236263275146
train/lpips,20750.0,0.25235259532928467
train/lpips,20800.0,0.2368149757385254
train/lpips,20850.0,0.24508076906204224
train/lpips,20900.0,0.24413719773292542
train/lpips,20950.0,0.23154768347740173
train/lpips,21000.0,0.22949925065040588
train/lpips,21050.0,0.22735409438610077
train/lpips,21100.0,0.22427019476890564
train/lpips,21150.0,0.2338445782661438
train/lpips,21200.0,0.25693607330322266
train/lpips,21250.0,0.23389968276023865
train/lpips,21300.0,0.21854832768440247
train/lpips,21350.0,0.24308833479881287
train/lpips,21400.0,0.23095178604125977
train/lpips,21450.0,0.24961546063423157
train/lpips,21500.0,0.24423225224018097
train/lpips,21550.0,0.22367805242538452
train/lpips,21600.0,0.22476086020469666
train/lpips,21650.0,0.22653524577617645
train/lpips,21700.0,0.22915849089622498
train/lpips,21750.0,0.2279912531375885
train/lpips,21800.0,0.24602672457695007
train/lpips,21850.0,0.22784170508384705
train/lpips,21900.0,0.2465200275182724
train/lpips,21950.0,0.257663756608963
train/lpips,22000.0,0.23419354856014252
train/lpips,22050.0,0.24215838313102722
train/lpips,22100.0,0.24231228232383728
train/lpips,22150.0,0.2339898943901062
train/lpips,22200.0,0.2111395001411438
train/lpips,22250.0,0.2236184924840927
train/lpips,22300.0,0.23629450798034668
train/lpips,22350.0,0.2416866272687912
train/lpips,22400.0,0.23387980461120605
train/lpips,22450.0,0.2388346940279007
train/lpips,22500.0,0.24684959650039673
train/lpips,22550.0,0.2449456751346588
train/lpips,22600.0,0.2428695261478424
train/lpips,22650.0,0.2428210973739624
train/lpips,22700.0,0.26264190673828125
train/lpips,22750.0,0.259916216135025
train/lpips,22800.0,0.26489201188087463
train/lpips,22850.0,0.2311384677886963
train/lpips,22900.0,0.2468222677707672
train/lpips,22950.0,0.24714024364948273
train/lpips,23000.0,0.24841198325157166
train/lpips,23050.0,0.23928377032279968
train/lpips,23100.0,0.24885985255241394
train/lpips,23150.0,0.2356535643339157
train/lpips,23200.0,0.24299199879169464
train/lpips,23250.0,0.23609185218811035
train/lpips,23300.0,0.23853395879268646
train/lpips,23350.0,0.23417843878269196
train/lpips,23400.0,0.2341059446334839
train/lpips,23450.0,0.24402986466884613
train/lpips,23500.0,0.24675941467285156
train/lpips,23550.0,0.22327731549739838
train/lpips,23600.0,0.21749550104141235
train/lpips,23650.0,0.2117771953344345
train/lpips,23700.0,0.24078384041786194
train/lpips,23750.0,0.24074861407279968
train/lpips,23800.0,0.2623302638530731
train/lpips,23850.0,0.2340804785490036
train/lpips,23900.0,0.2364708036184311
train/lpips,23950.0,0.23012053966522217
train/lpips,24000.0,0.2292652130126953
train/lpips,24050.0,0.2329201102256775
train/lpips,24100.0,0.2447134107351303
train/lpips,24150.0,0.2155509889125824
train/lpips,24200.0,0.25279924273490906
train/lpips,24250.0,0.24204660952091217
train/lpips,24300.0,0.2378242015838623
train/lpips,24350.0,0.22859591245651245
train/lpips,24400.0,0.24135518074035645
train/lpips,24450.0,0.2530686855316162
train/lpips,24500.0,0.24107417464256287
train/lpips,24550.0,0.2501339912414551
train/lpips,24600.0,0.24325710535049438
train/lpips,24650.0,0.22559943795204163
train/lpips,24700.0,0.2520233392715454
train/lpips,24750.0,0.22747719287872314
train/lpips,24800.0,0.23049767315387726
train/lpips,24850.0,0.2310267835855484
train/lpips,24900.0,0.23478883504867554
train/lpips,24950.0,0.22851139307022095
train/lpips,25000.0,0.23399211466312408
train/lpips,25050.0,0.23768077790737152
train/lpips,25100.0,0.22069796919822693
train/lpips,25150.0,0.22124247252941132
train/lpips,25200.0,0.24646088480949402
train/lpips,25250.0,0.2264081984758377
train/lpips,25300.0,0.2219400405883789
train/lpips,25350.0,0.24273976683616638
train/lpips,25400.0,0.2451486587524414
train/lpips,25450.0,0.2464877963066101
train/lpips,25500.0,0.24260976910591125
train/lpips,25550.0,0.2469376176595688
train/lpips,25600.0,0.2346697747707367
train/lpips,25650.0,0.23085036873817444
train/lpips,25700.0,0.25119078159332275
train/lpips,25750.0,0.2117857187986374
train/lpips,25800.0,0.2492152899503708
train/lpips,25850.0,0.21409127116203308
train/lpips,25900.0,0.23229654133319855
train/lpips,25950.0,0.23268242180347443
train/lpips,26000.0,0.24180851876735687
train/lpips,26050.0,0.23830340802669525
train/lpips,26100.0,0.23859532177448273
train/lpips,26150.0,0.23208263516426086
train/lpips,26200.0,0.24056419730186462
train/lpips,26250.0,0.23439627885818481
train/lpips,26300.0,0.2462618499994278
train/lpips,26350.0,0.22009462118148804
train/lpips,26400.0,0.24504560232162476
train/lpips,26450.0,0.2580413520336151
train/lpips,26500.0,0.22594206035137177
train/lpips,26550.0,0.23993045091629028
train/lpips,26600.0,0.22967858612537384
train/lpips,26650.0,0.2265288382768631
train/lpips,26700.0,0.23790964484214783
train/lpips,26750.0,0.2553597688674927
train/lpips,26800.0,0.24899563193321228
train/lpips,26850.0,0.2618141770362854
train/lpips,26900.0,0.23006530106067657
train/lpips,26950.0,0.22826850414276123
train/lpips,27000.0,0.23503808677196503
train/lpips,27050.0,0.22801043093204498
train/lpips,27100.0,0.22002416849136353
train/lpips,27150.0,0.23256316781044006
train/lpips,27200.0,0.2486184537410736
train/lpips,27250.0,0.22687110304832458
train/lpips,27300.0,0.22975774109363556
train/lpips,27350.0,0.240769624710083
train/lpips,27400.0,0.23989447951316833
train/lpips,27450.0,0.22929345071315765
train/lpips,27500.0,0.23870055377483368
train/lpips,27550.0,0.23764517903327942
train/lpips,27600.0,0.2443242073059082
train/lpips,27650.0,0.22874578833580017
train/lpips,27700.0,0.21416684985160828
train/lpips,27750.0,0.22023575007915497
train/lpips,27800.0,0.2353554219007492
train/lpips,27850.0,0.2229033261537552
train/lpips,27900.0,0.23010843992233276
train/lpips,27950.0,0.2415831983089447
train/lpips,28000.0,0.2187262326478958
train/lpips,28050.0,0.22854341566562653
train/lpips,28100.0,0.21925529837608337
train/lpips,28150.0,0.2323952317237854
train/lpips,28200.0,0.24747076630592346
train/lpips,28250.0,0.2379445731639862
train/lpips,28300.0,0.23467272520065308
train/lpips,28350.0,0.23980122804641724
train/lpips,28400.0,0.23187413811683655
train/lpips,28450.0,0.2177739441394806
train/lpips,28500.0,0.2222006618976593
train/lpips,28550.0,0.24162223935127258
train/lpips,28600.0,0.22382110357284546
train/lpips,28650.0,0.23202548921108246
train/lpips,28700.0,0.24055027961730957
train/lpips,28750.0,0.252964049577713
train/lpips,28800.0,0.23092687129974365
train/lpips,28850.0,0.22644522786140442
train/lpips,28900.0,0.22519104182720184
train/lpips,28950.0,0.23717361688613892
train/lpips,29000.0,0.22105181217193604
train/lpips,29050.0,0.23546381294727325
train/lpips,29100.0,0.23011338710784912
train/lpips,29150.0,0.25052154064178467
train/lpips,29200.0,0.22468586266040802
train/lpips,29250.0,0.2277863472700119
train/lpips,29300.0,0.23638798296451569
train/lpips,29350.0,0.2526712417602539
train/lpips,29400.0,0.24090349674224854
train/lpips,29450.0,0.23579591512680054
train/lpips,29500.0,0.21379926800727844
train/lpips,29550.0,0.24570101499557495
train/lpips,29600.0,0.23826219141483307
train/lpips,29650.0,0.25538671016693115
train/lpips,29700.0,0.23876310884952545
train/lpips,29750.0,0.2132684737443924
train/lpips,29800.0,0.22778625786304474
train/lpips,29850.0,0.24144135415554047
train/lpips,29900.0,0.22610381245613098
train/lpips,29950.0,0.23082707822322845
train/lpips,30000.0,0.21942071616649628
train/lpips,30050.0,0.24417108297348022
train/lpips,30100.0,0.2441810965538025
train/lpips,30150.0,0.2376713752746582
train/lpips,30200.0,0.23807664215564728
train/lpips,30250.0,0.2281382977962494
train/lpips,30300.0,0.24472731351852417
train/lpips,30350.0,0.27137985825538635
train/lpips,30400.0,0.24288061261177063
train/lpips,30450.0,0.25274327397346497
train/lpips,30500.0,0.23887881636619568
train/lpips,30550.0,0.2526671588420868
train/lpips,30600.0,0.2422986775636673
train/lpips,30650.0,0.24348892271518707
train/lpips,30700.0,0.24045482277870178
train/lpips,30750.0,0.24102872610092163
train/lpips,30800.0,0.21120159327983856
train/lpips,30850.0,0.2593116760253906
train/lpips,30900.0,0.21531379222869873
train/lpips,30950.0,0.23317807912826538
train/lpips,31000.0,0.23181170225143433
train/lpips,31050.0,0.21772296726703644
train/lpips,31100.0,0.25308671593666077
train/lpips,31150.0,0.22958312928676605
train/lpips,31200.0,0.24383026361465454
train/lpips,31250.0,0.2363406866788864
train/lpips,31300.0,0.22296738624572754
train/lpips,31350.0,0.249677374958992
train/lpips,31400.0,0.24218885600566864
train/lpips,31450.0,0.22830259799957275
train/lpips,31500.0,0.23257720470428467
train/lpips,31550.0,0.21640358865261078
train/lpips,31600.0,0.22890911996364594
train/lpips,31650.0,0.21712644398212433
train/lpips,31700.0,0.23705975711345673
train/lpips,31750.0,0.22949698567390442
train/lpips,31800.0,0.24379509687423706
train/lpips,31850.0,0.2378457486629486
train/lpips,31900.0,0.22951078414916992
train/lpips,31950.0,0.23115816712379456
train/lpips,32000.0,0.2368021309375763
train/lpips,32050.0,0.22536152601242065
train/lpips,32100.0,0.2441282868385315
train/lpips,32150.0,0.21903684735298157
train/lpips,32200.0,0.23538777232170105
train/lpips,32250.0,0.22580865025520325
train/lpips,32300.0,0.24911315739154816
train/lpips,32350.0,0.25702986121177673
train/lpips,32400.0,0.24508880078792572
train/lpips,32450.0,0.23501190543174744
train/lpips,32500.0,0.23390495777130127
train/lpips,32550.0,0.22846287488937378
train/lpips,32600.0,0.22276322543621063
train/lpips,32650.0,0.22425535321235657
train/lpips,32700.0,0.23217974603176117
train/lpips,32750.0,0.2328631728887558
train/lpips,32800.0,0.22836528718471527
train/lpips,32850.0,0.24542218446731567
train/lpips,32900.0,0.22474224865436554
train/lpips,32950.0,0.2175990790128708
train/lpips,33000.0,0.22977493703365326
train/lpips,33050.0,0.24067085981369019
train/lpips,33100.0,0.23515741527080536
train/lpips,33150.0,0.23313134908676147
train/lpips,33200.0,0.23146995902061462
train/lpips,33250.0,0.23711523413658142
train/lpips,33300.0,0.25376617908477783
train/lpips,33350.0,0.23547153174877167
train/lpips,33400.0,0.23839616775512695
train/lpips,33450.0,0.2207401841878891
train/lpips,33500.0,0.22171565890312195
train/lpips,33550.0,0.24479715526103973
train/lpips,33600.0,0.23624634742736816
train/lpips,33650.0,0.25064414739608765
train/lpips,33700.0,0.22375406324863434
train/lpips,33750.0,0.2194482535123825
train/lpips,33800.0,0.2367526739835739
train/lpips,33850.0,0.23483863472938538
train/lpips,33900.0,0.243900328874588
train/lpips,33950.0,0.20741890370845795
train/lpips,34000.0,0.2566300928592682
train/lpips,34050.0,0.22762058675289154
train/lpips,34100.0,0.23911035060882568
train/lpips,34150.0,0.22565783560276031
train/lpips,34200.0,0.22146177291870117
train/lpips,34250.0,0.23008733987808228
train/lpips,34300.0,0.2506852447986603
train/lpips,34350.0,0.23577004671096802
train/lpips,34400.0,0.24874037504196167
train/lpips,34450.0,0.23238348960876465
train/lpips,34500.0,0.23016653954982758
train/lpips,34550.0,0.23404717445373535
train/lpips,34600.0,0.24916349351406097
train/lpips,34650.0,0.24086815118789673
train/lpips,34700.0,0.2183607518672943
train/lpips,34750.0,0.25949397683143616
train/lpips,34800.0,0.22797039151191711
train/lpips,34850.0,0.233443945646286
train/lpips,34900.0,0.23845940828323364
train/lpips,34950.0,0.22418305277824402
train/lpips,35000.0,0.2205342948436737
train/lpips,35050.0,0.24502934515476227
train/lpips,35100.0,0.2507173418998718
train/lpips,35150.0,0.22146378457546234
train/lpips,35200.0,0.23713144659996033
train/lpips,35250.0,0.22830045223236084
train/lpips,35300.0,0.22604623436927795
train/lpips,35350.0,0.23348957300186157
train/lpips,35400.0,0.22530736029148102
train/lpips,35450.0,0.22063060104846954
train/lpips,35500.0,0.22642964124679565
train/lpips,35550.0,0.2227298766374588
train/lpips,35600.0,0.23709289729595184
train/lpips,35650.0,0.23433689773082733
train/lpips,35700.0,0.2410019487142563
train/lpips,35750.0,0.22750821709632874
train/lpips,35800.0,0.23039038479328156
train/lpips,35850.0,0.24232687056064606
train/lpips,35900.0,0.23990824818611145
train/lpips,35950.0,0.23484674096107483
train/lpips,36000.0,0.218434140086174
train/lpips,36050.0,0.23574644327163696
train/lpips,36100.0,0.221607506275177
train/lpips,36150.0,0.2116166055202484
train/lpips,36200.0,0.22954800724983215
train/lpips,36250.0,0.2393452525138855
train/lpips,36300.0,0.24434322118759155
train/lpips,36350.0,0.23725298047065735
train/lpips,36400.0,0.25124597549438477
train/lpips,36450.0,0.20621076226234436
train/lpips,36500.0,0.21700045466423035
train/lpips,36550.0,0.24296998977661133
train/lpips,36600.0,0.22285772860050201
train/lpips,36650.0,0.22060735523700714
train/lpips,36700.0,0.23586444556713104
train/lpips,36750.0,0.22637644410133362
train/lpips,36800.0,0.2284291833639145
train/lpips,36850.0,0.23307865858078003
train/lpips,36900.0,0.23183713853359222
train/lpips,36950.0,0.23812344670295715
train/lpips,37000.0,0.2400863617658615
train/lpips,37050.0,0.2199326604604721
train/lpips,37100.0,0.2268926352262497
train/lpips,37150.0,0.22208885848522186
train/lpips,37200.0,0.23922105133533478
train/lpips,37250.0,0.2309560477733612
train/lpips,37300.0,0.22888335585594177
train/lpips,37350.0,0.22706292569637299
train/lpips,37400.0,0.22958847880363464
train/lpips,37450.0,0.24325351417064667
train/lpips,37500.0,0.22953453660011292
train/lpips,37550.0,0.2389732003211975
train/lpips,37600.0,0.23129689693450928
train/lpips,37650.0,0.23433102667331696
train/lpips,37700.0,0.21059179306030273
train/lpips,37750.0,0.21123236417770386
train/lpips,37800.0,0.22951313853263855
train/lpips,37850.0,0.22993208467960358
train/lpips,37900.0,0.226359561085701
train/lpips,37950.0,0.23330023884773254
train/lpips,38000.0,0.2221604585647583
train/lpips,38050.0,0.2174416482448578
train/lpips,38100.0,0.2156280130147934
train/lpips,38150.0,0.23920834064483643
train/lpips,38200.0,0.21476781368255615
train/lpips,38250.0,0.23202690482139587
train/lpips,38300.0,0.22660982608795166
train/lpips,38350.0,0.24710802733898163
train/lpips,38400.0,0.22607538104057312
train/lpips,38450.0,0.22634658217430115
train/lpips,38500.0,0.21253421902656555
train/lpips,38550.0,0.2397036850452423
train/lpips,38600.0,0.231819748878479
train/lpips,38650.0,0.2278779149055481
train/lpips,38700.0,0.24046915769577026
train/lpips,38750.0,0.2150842547416687
train/lpips,38800.0,0.23125123977661133
train/lpips,38850.0,0.23101773858070374
train/lpips,38900.0,0.23261615633964539
train/lpips,38950.0,0.2392248809337616
train/lpips,39000.0,0.23955710232257843
train/lpips,39050.0,0.23021817207336426
train/lpips,39100.0,0.23477041721343994
train/lpips,39150.0,0.2297070324420929
train/lpips,39200.0,0.2341132014989853
train/lpips,39250.0,0.23227247595787048
train/lpips,39300.0,0.25716841220855713
train/lpips,39350.0,0.23744012415409088
train/lpips,39400.0,0.21669064462184906
train/lpips,39450.0,0.2292485386133194
train/lpips,39500.0,0.24382029473781586
train/lpips,39550.0,0.2361512929201126
train/lpips,39600.0,0.21801471710205078
train/lpips,39650.0,0.23079517483711243
train/lpips,39700.0,0.21775223314762115
train/lpips,39750.0,0.24538558721542358
train/lpips,39800.0,0.22892263531684875
train/lpips,39850.0,0.2196860909461975
train/lpips,39900.0,0.23063667118549347
train/lpips,39950.0,0.2250353991985321
train/lpips,40000.0,0.23588627576828003
train/lpips,40050.0,0.22164806723594666
train/lpips,40100.0,0.2211034595966339
train/lpips,40150.0,0.23822404444217682
train/lpips,40200.0,0.2220529168844223
train/lpips,40250.0,0.2406638264656067
train/lpips,40300.0,0.2318006157875061
train/lpips,40350.0,0.22298400104045868
train/lpips,40400.0,0.21901975572109222
train/lpips,40450.0,0.24673740565776825
train/lpips,40500.0,0.22862844169139862
train/lpips,40550.0,0.22796741127967834
train/lpips,40600.0,0.23966695368289948
train/lpips,40650.0,0.2492268830537796
train/lpips,40700.0,0.23963336646556854
train/lpips,40750.0,0.22746798396110535
train/lpips,40800.0,0.23015455901622772
train/lpips,40850.0,0.23493029177188873
train/lpips,40900.0,0.20324185490608215
train/lpips,40950.0,0.2315927892923355
train/lpips,41000.0,0.23008616268634796
train/lpips,41050.0,0.23405331373214722
train/lpips,41100.0,0.23592329025268555
train/lpips,41150.0,0.22253835201263428
train/lpips,41200.0,0.23317763209342957
train/lpips,41250.0,0.21800497174263
train/lpips,41300.0,0.22675243020057678
train/lpips,41350.0,0.21925589442253113
train/lpips,41400.0,0.226252943277359
train/lpips,41450.0,0.2325335592031479
train/lpips,41500.0,0.23614338040351868
train/lpips,41550.0,0.22471415996551514
train/lpips,41600.0,0.2326570451259613
train/lpips,41650.0,0.23519207537174225
train/lpips,41700.0,0.22838373482227325
train/lpips,41750.0,0.2079325169324875
train/lpips,41800.0,0.22993645071983337
train/lpips,41850.0,0.22970983386039734
train/lpips,41900.0,0.22139187157154083
train/lpips,41950.0,0.236239492893219
train/lpips,42000.0,0.23425781726837158
train/lpips,42050.0,0.22820909321308136
train/lpips,42100.0,0.2532442808151245
train/lpips,42150.0,0.24675817787647247
train/lpips,42200.0,0.2237367033958435
train/lpips,42250.0,0.24354401230812073
train/lpips,42300.0,0.2300579845905304
train/lpips,42350.0,0.23705394566059113
train/lpips,42400.0,0.229084774851799
train/lpips,42450.0,0.22871993482112885
train/lpips,42500.0,0.22127041220664978
train/lpips,42550.0,0.2344302237033844
train/lpips,42600.0,0.24045982956886292
train/lpips,42650.0,0.24025076627731323
train/lpips,42700.0,0.22412273287773132
train/lpips,42750.0,0.22616258263587952
train/lpips,42800.0,0.22906330227851868
train/lpips,42850.0,0.21780556440353394
train/lpips,42900.0,0.22880339622497559
train/lpips,42950.0,0.22621338069438934
train/lpips,43000.0,0.24074524641036987
train/lpips,43050.0,0.23943686485290527
train/lpips,43100.0,0.22224165499210358
train/lpips,43150.0,0.22575195133686066
train/lpips,43200.0,0.2341773808002472
train/lpips,43250.0,0.24259105324745178
train/lpips,43300.0,0.24046191573143005
train/lpips,43350.0,0.1972167193889618
train/lpips,43400.0,0.2346653789281845
train/lpips,43450.0,0.23983575403690338
train/lpips,43500.0,0.24561741948127747
train/lpips,43550.0,0.23540474474430084
train/lpips,43600.0,0.2436673939228058
train/lpips,43650.0,0.2434149980545044
train/lpips,43700.0,0.23903882503509521
train/lpips,43750.0,0.22494634985923767
train/lpips,43800.0,0.2318735122680664
train/lpips,43850.0,0.21820980310440063
train/lpips,43900.0,0.2499103546142578
train/lpips,43950.0,0.2413121461868286
train/lpips,44000.0,0.23078835010528564
train/lpips,44050.0,0.22820796072483063
train/lpips,44100.0,0.24129614233970642
train/lpips,44150.0,0.23757098615169525
train/lpips,44200.0,0.22599974274635315
train/lpips,44250.0,0.23309104144573212
train/lpips,44300.0,0.242107093334198
train/lpips,44350.0,0.2257704883813858
train/lpips,44400.0,0.2233586609363556
train/lpips,44450.0,0.22061608731746674
train/lpips,44500.0,0.22171729803085327
train/lpips,44550.0,0.2312721312046051
train/lpips,44600.0,0.24413341283798218
train/lpips,44650.0,0.23122015595436096
train/lpips,44700.0,0.23896223306655884
train/lpips,44750.0,0.23601034283638
train/lpips,44800.0,0.2276458889245987
train/lpips,44850.0,0.22458460927009583
train/lpips,44900.0,0.2360553741455078
train/lpips,44950.0,0.2229575514793396
train/lpips,45000.0,0.23416927456855774
train/lpips,45050.0,0.22196337580680847
train/lpips,45100.0,0.2403770238161087
train/lpips,45150.0,0.22700650990009308
train/lpips,45200.0,0.24260476231575012
train/lpips,45250.0,0.22726503014564514
train/lpips,45300.0,0.21948200464248657
train/lpips,45350.0,0.22809314727783203
train/lpips,45400.0,0.23118352890014648
train/lpips,45450.0,0.22826339304447174
train/lpips,45500.0,0.2351549118757248
train/lpips,45550.0,0.2283012568950653
train/lpips,45600.0,0.2273242473602295
train/lpips,45650.0,0.23036734759807587
train/lpips,45700.0,0.23960673809051514
train/lpips,45750.0,0.20967772603034973
train/lpips,45800.0,0.22344788908958435
train/lpips,45850.0,0.22332607209682465
train/lpips,45900.0,0.22752511501312256
train/lpips,45950.0,0.21301601827144623
train/lpips,46000.0,0.23999372124671936
train/lpips,46050.0,0.22526197135448456
train/lpips,46100.0,0.24534380435943604
train/lpips,46150.0,0.21640156209468842
train/lpips,46200.0,0.23532749712467194
train/lpips,46250.0,0.22904527187347412
train/lpips,46300.0,0.2063809484243393
train/lpips,46350.0,0.23439058661460876
train/lpips,46400.0,0.23884937167167664
train/lpips,46450.0,0.22542986273765564
train/lpips,46500.0,0.2395835816860199
train/lpips,46550.0,0.24564208090305328
train/lpips,46600.0,0.24316993355751038
train/lpips,46650.0,0.23856158554553986
train/lpips,46700.0,0.22810426354408264
train/lpips,46750.0,0.2019312083721161
train/lpips,46800.0,0.2348577082157135
train/lpips,46850.0,0.2326977252960205
train/lpips,46900.0,0.25137537717819214
train/lpips,46950.0,0.22597074508666992
train/lpips,47000.0,0.2395593374967575
train/lpips,47050.0,0.21730577945709229
train/lpips,47100.0,0.21881799399852753
train/lpips,47150.0,0.2035788893699646
train/lpips,47200.0,0.21469789743423462
train/lpips,47250.0,0.24488158524036407
train/lpips,47300.0,0.21733823418617249
train/lpips,47350.0,0.2176443338394165
train/lpips,47400.0,0.22342990338802338
train/lpips,47450.0,0.22431673109531403
train/lpips,47500.0,0.23448912799358368
train/lpips,47550.0,0.2284352034330368
train/lpips,47600.0,0.2378067672252655
train/lpips,47650.0,0.21933047473430634
train/lpips,47700.0,0.22938784956932068
train/lpips,47750.0,0.2455763816833496
train/lpips,47800.0,0.229854017496109
train/lpips,47850.0,0.21148133277893066
train/lpips,47900.0,0.2127619832754135
train/lpips,47950.0,0.22224347293376923
train/lpips,48000.0,0.2287590205669403
train/lpips,48050.0,0.2207164615392685
train/lpips,48100.0,0.22518077492713928
train/lpips,48150.0,0.25052401423454285
train/lpips,48200.0,0.21502785384655
train/lpips,48250.0,0.22579717636108398
train/lpips,48300.0,0.21332591772079468
train/lpips,48350.0,0.23541517555713654
train/lpips,48400.0,0.22625738382339478
train/lpips,48450.0,0.2307596355676651
train/lpips,48500.0,0.23997677862644196
train/lpips,48550.0,0.23134416341781616
train/lpips,48600.0,0.22850921750068665
train/lpips,48650.0,0.22898179292678833
train/lpips,48700.0,0.22401022911071777
train/lpips,48750.0,0.22243732213974
train/lpips,48800.0,0.23378115892410278
train/lpips,48850.0,0.25246721506118774
train/lpips,48900.0,0.24753664433956146
train/lpips,48950.0,0.22785833477973938
train/lpips,49000.0,0.2436038851737976
train/lpips,49050.0,0.22950796782970428
train/lpips,49100.0,0.22200500965118408
train/lpips,49150.0,0.23198647797107697
train/lpips,49200.0,0.2112453281879425
train/lpips,49250.0,0.23715980350971222
train/lpips,49300.0,0.2389843463897705
train/lpips,49350.0,0.23616527020931244
train/lpips,49400.0,0.2291700690984726
train/lpips,49450.0,0.24044963717460632
train/lpips,49500.0,0.21528732776641846
train/lpips,49550.0,0.22766968607902527
train/lpips,49600.0,0.21439363062381744
train/lpips,49650.0,0.22873637080192566
train/lpips,49700.0,0.21608464419841766
train/lpips,49750.0,0.2522740960121155
train/lpips,49800.0,0.23752093315124512
train/lpips,49850.0,0.23623895645141602
train/lpips,49900.0,0.23690643906593323
train/lpips,49950.0,0.23181307315826416
train/lpips,50000.0,0.23209074139595032
train/lpips,50050.0,0.21506603062152863
train/lpips,50100.0,0.2168111354112625
train/lpips,50150.0,0.2099306285381317
train/lpips,50200.0,0.22227780520915985
train/lpips,50250.0,0.2324804663658142
train/lpips,50300.0,0.2379670888185501
train/lpips,50350.0,0.23854155838489532
train/lpips,50400.0,0.24275974929332733
train/lpips,50450.0,0.2282181680202484
train/lpips,50500.0,0.21264395117759705
train/lpips,50550.0,0.23424886167049408
train/lpips,50600.0,0.20827347040176392
train/lpips,50650.0,0.2257378101348877
train/lpips,50700.0,0.225396990776062
train/lpips,50750.0,0.23235607147216797
train/lpips,50800.0,0.21010370552539825
train/lpips,50850.0,0.2166060209274292
train/lpips,50900.0,0.21031156182289124
train/lpips,50950.0,0.23445558547973633
train/lpips,51000.0,0.22672563791275024
train/lpips,51050.0,0.23116496205329895
train/lpips,51100.0,0.2224845290184021
train/lpips,51150.0,0.23160889744758606
train/lpips,51200.0,0.23139090836048126
train/lpips,51250.0,0.246699720621109
train/lpips,51300.0,0.2255956381559372
train/lpips,51350.0,0.23531150817871094
train/lpips,51400.0,0.2224312275648117
train/lpips,51450.0,0.22577717900276184
train/lpips,51500.0,0.2210463434457779
train/lpips,51550.0,0.23658838868141174
train/lpips,51600.0,0.22708269953727722
train/lpips,51650.0,0.21773910522460938
train/lpips,51700.0,0.20006200671195984
train/lpips,51750.0,0.2236253023147583
train/lpips,51800.0,0.21090736985206604
train/lpips,51850.0,0.22503694891929626
train/lpips,51900.0,0.2315077930688858
train/lpips,51950.0,0.23303675651550293
train/lpips,52000.0,0.21117925643920898
train/lpips,52050.0,0.20810331404209137
train/lpips,52100.0,0.23415783047676086
train/lpips,52150.0,0.20404931902885437
train/lpips,52200.0,0.22105231881141663
train/lpips,52250.0,0.23820233345031738
train/lpips,52300.0,0.23344363272190094
train/lpips,52350.0,0.23744884133338928
train/lpips,52400.0,0.22793316841125488
train/lpips,52450.0,0.2222422957420349
train/lpips,52500.0,0.22939008474349976
train/lpips,52550.0,0.2160271257162094
train/lpips,52600.0,0.23246392607688904
train/lpips,52650.0,0.22202765941619873
train/lpips,52700.0,0.24114099144935608
train/lpips,52750.0,0.21549579501152039
train/lpips,52800.0,0.22852596640586853
train/lpips,52850.0,0.23325222730636597
train/lpips,52900.0,0.22435958683490753
train/lpips,52950.0,0.22611203789710999
train/lpips,53000.0,0.2431507706642151
train/lpips,53050.0,0.24426540732383728
train/lpips,53100.0,0.22054728865623474
train/lpips,53150.0,0.24347250163555145
train/lpips,53200.0,0.22907769680023193
train/lpips,53250.0,0.2591111660003662
train/lpips,53300.0,0.21175673604011536
train/lpips,53350.0,0.22228273749351501
train/lpips,53400.0,0.22424186766147614
train/lpips,53450.0,0.21237124502658844
train/lpips,53500.0,0.2327304184436798
train/lpips,53550.0,0.22646546363830566
train/lpips,53600.0,0.22395269572734833
train/lpips,53650.0,0.22639663517475128
train/lpips,53700.0,0.22441941499710083
train/lpips,53750.0,0.22545364499092102
train/lpips,53800.0,0.2231881022453308
train/lpips,53850.0,0.22500328719615936
train/lpips,53900.0,0.24050883948802948
train/lpips,53950.0,0.22697040438652039
train/lpips,54000.0,0.23707692325115204
train/lpips,54050.0,0.23913228511810303
train/lpips,54100.0,0.22578966617584229
train/lpips,54150.0,0.23703162372112274
train/lpips,54200.0,0.20716281235218048
train/lpips,54250.0,0.2319747507572174
train/lpips,54300.0,0.23682275414466858
train/lpips,54350.0,0.24189037084579468
train/lpips,54400.0,0.2324967086315155
train/lpips,54450.0,0.22365571558475494
train/lpips,54500.0,0.2314237505197525
train/lpips,54550.0,0.22910800576210022
train/lpips,54600.0,0.211366668343544
train/lpips,54650.0,0.24719354510307312
train/lpips,54700.0,0.22435715794563293
train/lpips,54750.0,0.2346826195716858
train/lpips,54800.0,0.2140008956193924
train/lpips,54850.0,0.244124636054039
train/lpips,54900.0,0.22368457913398743
train/lpips,54950.0,0.21680907905101776
train/lpips,55000.0,0.23833829164505005
train/lpips,55050.0,0.2612132728099823
train/lpips,55100.0,0.24810276925563812
train/lpips,55150.0,0.23591086268424988
train/lpips,55200.0,0.2357349395751953
train/lpips,55250.0,0.2122257649898529
train/lpips,55300.0,0.23636865615844727
train/lpips,55350.0,0.20890283584594727
train/lpips,55400.0,0.2120121419429779
train/lpips,55450.0,0.2219955325126648
train/lpips,55500.0,0.216172456741333
train/lpips,55550.0,0.24104845523834229
train/lpips,55600.0,0.2332143783569336
train/lpips,55650.0,0.23827990889549255
train/lpips,55700.0,0.23051795363426208
train/lpips,55750.0,0.2212252914905548
train/lpips,55800.0,0.22342774271965027
train/lpips,55850.0,0.22457073628902435
train/lpips,55900.0,0.2379464954137802
train/lpips,55950.0,0.2234407365322113
train/lpips,56000.0,0.23025460541248322
train/lpips,56050.0,0.23314601182937622
train/lpips,56100.0,0.23212172091007233
train/lpips,56150.0,0.22677430510520935
train/lpips,56200.0,0.23229674994945526
train/lpips,56250.0,0.2265438586473465
train/lpips,56300.0,0.2373359203338623
train/lpips,56350.0,0.21884110569953918
train/lpips,56400.0,0.2430412769317627
train/lpips,56450.0,0.23565924167633057
train/lpips,56500.0,0.23246778547763824
train/lpips,56550.0,0.23397698998451233
train/lpips,56600.0,0.23995698988437653
train/lpips,56650.0,0.2375536412000656
train/lpips,56700.0,0.23059427738189697
train/lpips,56750.0,0.23280799388885498
train/lpips,56800.0,0.21457475423812866
train/lpips,56850.0,0.23470044136047363
train/lpips,56900.0,0.24416570365428925
train/lpips,56950.0,0.21042340993881226
train/lpips,57000.0,0.23930342495441437
train/lpips,57050.0,0.21970069408416748
train/lpips,57100.0,0.2271963655948639
train/lpips,57150.0,0.20967456698417664
train/lpips,57200.0,0.22831778228282928
train/lpips,57250.0,0.22634537518024445
train/lpips,57300.0,0.2230307161808014
train/lpips,57350.0,0.2277710735797882
train/lpips,57400.0,0.2308204472064972
train/lpips,57450.0,0.2213098555803299
train/lpips,57500.0,0.23481851816177368
train/lpips,57550.0,0.2277735471725464
train/lpips,57600.0,0.22610418498516083
train/lpips,57650.0,0.22883760929107666
train/lpips,57700.0,0.2448064237833023
train/lpips,57750.0,0.2190103530883789
train/lpips,57800.0,0.25084373354911804
train/lpips,57850.0,0.21773609519004822
train/lpips,57900.0,0.215870201587677
train/lpips,57950.0,0.21541517972946167
train/lpips,58000.0,0.21469970047473907
train/lpips,58050.0,0.23254555463790894
train/lpips,58100.0,0.22500692307949066
train/lpips,58150.0,0.22442327439785004
train/lpips,58200.0,0.2293177992105484
train/lpips,58250.0,0.24238109588623047
train/lpips,58300.0,0.23206552863121033
train/lpips,58350.0,0.22646264731884003
train/lpips,58400.0,0.24011120200157166
train/lpips,58450.0,0.22346287965774536
train/lpips,58500.0,0.21798624098300934
train/lpips,58550.0,0.23534098267555237
train/lpips,58600.0,0.21906353533267975
train/lpips,58650.0,0.22055155038833618
train/lpips,58700.0,0.20941868424415588
train/lpips,58750.0,0.2324998676776886
train/lpips,58800.0,0.21265164017677307
train/lpips,58850.0,0.23616543412208557
train/lpips,58900.0,0.20955002307891846
train/lpips,58950.0,0.22432562708854675
train/lpips,59000.0,0.22861656546592712
train/lpips,59050.0,0.22377026081085205
train/lpips,59100.0,0.21306154131889343
train/lpips,59150.0,0.23185589909553528
train/lpips,59200.0,0.23749735951423645
train/lpips,59250.0,0.22881367802619934
train/lpips,59300.0,0.2361183762550354
train/lpips,59350.0,0.24092721939086914
train/lpips,59400.0,0.24449551105499268
train/lpips,59450.0,0.23673735558986664
train/lpips,59500.0,0.24372486770153046
train/lpips,59550.0,0.22136884927749634
train/lpips,59600.0,0.2311781346797943
train/lpips,59650.0,0.21368947625160217
train/lpips,59700.0,0.23702573776245117
train/lpips,59750.0,0.23038457334041595
train/lpips,59800.0,0.2201876938343048
train/lpips,59850.0,0.2219671905040741
train/lpips,59900.0,0.22874541580677032
train/lpips,59950.0,0.2272842526435852
train/lpips,60000.0,0.22088725864887238
train/lpips,60050.0,0.22803346812725067
train/lpips,60100.0,0.22257933020591736
train/lpips,60150.0,0.22203639149665833
train/lpips,60200.0,0.23138926923274994
train/lpips,60250.0,0.21871814131736755
train/lpips,60300.0,0.20543353259563446
train/lpips,60350.0,0.21235784888267517
train/lpips,60400.0,0.22414319217205048
train/lpips,60450.0,0.23905295133590698
train/lpips,60500.0,0.22626256942749023
train/lpips,60550.0,0.21855312585830688
train/lpips,60600.0,0.23681113123893738
train/lpips,60650.0,0.21950604021549225
train/lpips,60700.0,0.2012571096420288
train/lpips,60750.0,0.22490161657333374
train/lpips,60800.0,0.22478356957435608
train/lpips,60850.0,0.23608079552650452
train/lpips,60900.0,0.24425286054611206
train/lpips,60950.0,0.2254043072462082
train/lpips,61000.0,0.21997888386249542
train/lpips,61050.0,0.21612673997879028
train/lpips,61100.0,0.23153680562973022
train/lpips,61150.0,0.22665885090827942
train/lpips,61200.0,0.21695369482040405
train/lpips,61250.0,0.20429928600788116
train/lpips,61300.0,0.2313835173845291
train/lpips,61350.0,0.21302413940429688
train/lpips,61400.0,0.2289530336856842
train/lpips,61450.0,0.21497797966003418
train/lpips,61500.0,0.22356072068214417
train/lpips,61550.0,0.2220536172389984
train/lpips,61600.0,0.22909410297870636
train/lpips,61650.0,0.22864505648612976
train/lpips,61700.0,0.2296425998210907
train/lpips,61750.0,0.20910345017910004
train/lpips,61800.0,0.222603902220726
train/lpips,61850.0,0.2484472692012787
train/lpips,61900.0,0.23706191778182983
train/lpips,61950.0,0.23007161915302277
train/lpips,62000.0,0.22053787112236023
train/lpips,62050.0,0.2554112672805786
train/lpips,62100.0,0.23044058680534363
train/lpips,62150.0,0.22616110742092133
train/lpips,62200.0,0.23976486921310425
train/lpips,62250.0,0.2324066460132599
train/lpips,62300.0,0.22822730243206024
train/lpips,62350.0,0.22911906242370605
train/lpips,62400.0,0.22097083926200867
train/lpips,62450.0,0.22753667831420898
train/lpips,62500.0,0.2229195088148117
train/lpips,62550.0,0.24205052852630615
train/lpips,62600.0,0.21671895682811737
train/lpips,62650.0,0.23578336834907532
train/lpips,62700.0,0.23257942497730255
train/lpips,62750.0,0.221550852060318
train/lpips,62800.0,0.20139160752296448
train/lpips,62850.0,0.22111454606056213
train/lpips,62900.0,0.21564489603042603
train/lpips,62950.0,0.23860183358192444
train/lpips,63000.0,0.23671752214431763
train/lpips,63050.0,0.22857466340065002
train/lpips,63100.0,0.22663676738739014
train/lpips,63150.0,0.22220411896705627
train/lpips,63200.0,0.22514982521533966
train/lpips,63250.0,0.2300223708152771
train/lpips,63300.0,0.21443773806095123
train/lpips,63350.0,0.2143179178237915
train/lpips,63400.0,0.23628441989421844
train/lpips,63450.0,0.22986745834350586
train/lpips,63500.0,0.22828751802444458
train/lpips,63550.0,0.21959710121154785
train/lpips,63600.0,0.23323717713356018
train/lpips,63650.0,0.21945901215076447
train/lpips,63700.0,0.2254331111907959
train/lpips,63750.0,0.21696409583091736
train/lpips,63800.0,0.22436100244522095
train/lpips,63850.0,0.21859659254550934
train/lpips,63900.0,0.22747434675693512
train/lpips,63950.0,0.23300695419311523
train/lpips,64000.0,0.22305889427661896
train/lpips,64050.0,0.22312118113040924
train/lpips,64100.0,0.23766383528709412
train/lpips,64150.0,0.21585890650749207
train/lpips,64200.0,0.2172616422176361
train/lpips,64250.0,0.2434239536523819
train/lpips,64300.0,0.24263633787631989
train/lpips,64350.0,0.2118302881717682
train/lpips,64400.0,0.23115351796150208
train/lpips,64450.0,0.2281775176525116
train/lpips,64500.0,0.22079871594905853
train/lpips,64550.0,0.21404433250427246
train/lpips,64600.0,0.23617404699325562
train/lpips,64650.0,0.23460543155670166
train/lpips,64700.0,0.22181090712547302
train/lpips,64750.0,0.20304270088672638
train/lpips,64800.0,0.2335263192653656
train/lpips,64850.0,0.2228657305240631
train/lpips,64900.0,0.2149357795715332
train/lpips,64950.0,0.2428404688835144
train/lpips,65000.0,0.242054283618927
train/lpips,65050.0,0.23205271363258362
train/lpips,65100.0,0.24290809035301208
train/lpips,65150.0,0.23161184787750244
train/lpips,65200.0,0.2318934053182602
train/lpips,65250.0,0.22332464158535004
train/lpips,65300.0,0.2135663628578186
train/lpips,65350.0,0.21218517422676086
train/lpips,65400.0,0.23698048293590546
train/lpips,65450.0,0.23570013046264648
train/lpips,65500.0,0.20921137928962708
train/lpips,65550.0,0.22728091478347778
train/lpips,65600.0,0.22792065143585205
train/lpips,65650.0,0.22203120589256287
train/lpips,65700.0,0.2403225302696228
train/lpips,65750.0,0.2284247875213623
train/lpips,65800.0,0.23296931385993958
train/lpips,65850.0,0.23566646873950958
train/lpips,65900.0,0.23411273956298828
train/lpips,65950.0,0.22388306260108948
train/lpips,66000.0,0.22061359882354736
train/lpips,66050.0,0.2129703015089035
train/lpips,66100.0,0.22379571199417114
train/lpips,66150.0,0.22587329149246216
train/lpips,66200.0,0.20920106768608093
train/lpips,66250.0,0.23237794637680054
train/lpips,66300.0,0.21774406731128693
train/lpips,66350.0,0.21494081616401672
train/lpips,66400.0,0.2148415744304657
train/lpips,66450.0,0.2350664734840393
train/lpips,66500.0,0.2332594245672226
train/lpips,66550.0,0.2174132764339447
train/lpips,66600.0,0.21658459305763245
train/lpips,66650.0,0.2251572459936142
train/lpips,66700.0,0.21541348099708557
train/lpips,66750.0,0.21935926377773285
train/lpips,66800.0,0.23533326387405396
train/lpips,66850.0,0.21090084314346313
train/lpips,66900.0,0.22174209356307983
train/lpips,66950.0,0.22916601598262787
train/lpips,67000.0,0.23019835352897644
train/lpips,67050.0,0.21883109211921692
train/lpips,67100.0,0.23149311542510986
train/lpips,67150.0,0.2276267558336258
train/lpips,67200.0,0.2371332049369812
train/lpips,67250.0,0.23462384939193726
train/lpips,67300.0,0.22786259651184082
train/lpips,67350.0,0.21149243414402008
train/lpips,67400.0,0.22584454715251923
train/lpips,67450.0,0.21239708364009857
train/lpips,67500.0,0.2262076735496521
train/lpips,67550.0,0.2186090648174286
train/lpips,67600.0,0.2297053039073944
train/lpips,67650.0,0.22299617528915405
train/lpips,67700.0,0.21326404809951782
train/lpips,67750.0,0.2239413857460022
train/lpips,67800.0,0.23245711624622345
train/lpips,67850.0,0.21586713194847107
train/lpips,67900.0,0.2240842580795288
train/lpips,67950.0,0.21813441812992096
train/lpips,68000.0,0.21700654923915863
train/lpips,68050.0,0.22490206360816956
train/lpips,68100.0,0.2143588364124298
train/lpips,68150.0,0.21668410301208496
train/lpips,68200.0,0.22001750767230988
train/lpips,68250.0,0.21798491477966309
train/lpips,68300.0,0.2233395129442215
train/lpips,68350.0,0.22175472974777222
train/lpips,68400.0,0.22530636191368103
train/lpips,68450.0,0.21751384437084198
train/lpips,68500.0,0.21694380044937134
train/lpips,68550.0,0.22230879962444305
train/lpips,68600.0,0.20872284471988678
train/lpips,68650.0,0.22170352935791016
train/lpips,68700.0,0.22694815695285797
train/lpips,68750.0,0.21825382113456726
train/lpips,68800.0,0.21679964661598206
train/lpips,68850.0,0.20562246441841125
train/lpips,68900.0,0.22374378144741058
train/lpips,68950.0,0.226854145526886
train/lpips,69000.0,0.2147953063249588
train/lpips,69050.0,0.22572951018810272
train/lpips,69100.0,0.23301230370998383
train/lpips,69150.0,0.21732589602470398
train/lpips,69200.0,0.22272340953350067
train/lpips,69250.0,0.20409297943115234
train/lpips,69300.0,0.24342815577983856
train/lpips,69350.0,0.22357521951198578
train/lpips,69400.0,0.23548036813735962
train/lpips,69450.0,0.2520589232444763
train/lpips,69500.0,0.2342936396598816
train/lpips,69550.0,0.24398285150527954
train/lpips,69600.0,0.2239479124546051
train/lpips,69650.0,0.23063084483146667
train/lpips,69700.0,0.23787245154380798
train/lpips,69750.0,0.23134535551071167
train/lpips,69800.0,0.2160813808441162
train/lpips,69850.0,0.23297014832496643
train/lpips,69900.0,0.21889567375183105
train/lpips,69950.0,0.2252853512763977
train/lpips,70000.0,0.2311374694108963
train/lpips,70050.0,0.22723688185214996
train/lpips,70100.0,0.22264833748340607
train/lpips,70150.0,0.23457396030426025
train/lpips,70200.0,0.22442975640296936
train/lpips,70250.0,0.23241077363491058
train/lpips,70300.0,0.22097048163414001
train/lpips,70350.0,0.2375965267419815
train/lpips,70400.0,0.23569902777671814
train/lpips,70450.0,0.22724634408950806
train/lpips,70500.0,0.22424070537090302
train/lpips,70550.0,0.23704887926578522
train/lpips,70600.0,0.20885348320007324
train/lpips,70650.0,0.2287173718214035
train/lpips,70700.0,0.2206253558397293
train/lpips,70750.0,0.22728240489959717
train/lpips,70800.0,0.2267085313796997
train/lpips,70850.0,0.21891778707504272
train/lpips,70900.0,0.24885275959968567
train/lpips,70950.0,0.22912102937698364
train/lpips,71000.0,0.2362866997718811
train/lpips,71050.0,0.2192641943693161
train/lpips,71100.0,0.2389909029006958
train/lpips,71150.0,0.2235346883535385
train/lpips,71200.0,0.22649945318698883
train/lpips,71250.0,0.20988821983337402
train/lpips,71300.0,0.19172000885009766
train/lpips,71350.0,0.21578048169612885
train/lpips,71400.0,0.2180238515138626
train/lpips,71450.0,0.22046229243278503
train/lpips,71500.0,0.20481625199317932
train/lpips,71550.0,0.20697574317455292
train/lpips,71600.0,0.23017646372318268
train/lpips,71650.0,0.21403013169765472
train/lpips,71700.0,0.23086056113243103
train/lpips,71750.0,0.22553221881389618
train/lpips,71800.0,0.22266574203968048
train/lpips,71850.0,0.21786336600780487
train/lpips,71900.0,0.22372546792030334
train/lpips,71950.0,0.21840718388557434
train/lpips,72000.0,0.21043503284454346
train/lpips,72050.0,0.23227828741073608
train/lpips,72100.0,0.21603478491306305
train/lpips,72150.0,0.21194621920585632
train/lpips,72200.0,0.21119141578674316
train/lpips,72250.0,0.22201070189476013
train/lpips,72300.0,0.23590441048145294
train/lpips,72350.0,0.21886606514453888
train/lpips,72400.0,0.23106761276721954
train/lpips,72450.0,0.23013734817504883
train/lpips,72500.0,0.22607511281967163
train/lpips,72550.0,0.21536840498447418
train/lpips,72600.0,0.2347467541694641
train/lpips,72650.0,0.22094129025936127
train/lpips,72700.0,0.23269648849964142
train/lpips,72750.0,0.2207084745168686
train/lpips,72800.0,0.22201751172542572
train/lpips,72850.0,0.23251840472221375
train/lpips,72900.0,0.23180194199085236
train/lpips,72950.0,0.23399727046489716
train/lpips,73000.0,0.21855512261390686
train/lpips,73050.0,0.22936150431632996
train/lpips,73100.0,0.2370963990688324
train/lpips,73150.0,0.23727035522460938
train/lpips,73200.0,0.2380647361278534
train/lpips,73250.0,0.2114390730857849
train/lpips,73300.0,0.22477875649929047
train/lpips,73350.0,0.2366955280303955
train/lpips,73400.0,0.23436883091926575
train/lpips,73450.0,0.20841437578201294
train/lpips,73500.0,0.23348085582256317
train/lpips,73550.0,0.2301822006702423
train/lpips,73600.0,0.21932554244995117
train/lpips,73650.0,0.24091310799121857
train/lpips,73700.0,0.20874804258346558
train/lpips,73750.0,0.23345988988876343
train/lpips,73800.0,0.22130830585956573
train/lpips,73850.0,0.22681470215320587
train/lpips,73900.0,0.22995617985725403
train/lpips,73950.0,0.22778144478797913
train/lpips,74000.0,0.222249835729599
train/lpips,74050.0,0.21825966238975525
train/lpips,74100.0,0.21984004974365234
train/lpips,74150.0,0.21928690373897552
train/lpips,74200.0,0.23695063591003418
train/lpips,74250.0,0.23226548731327057
train/lpips,74300.0,0.22256416082382202
train/lpips,74350.0,0.2330336570739746
train/lpips,74400.0,0.21234524250030518
train/lpips,74450.0,0.2204013168811798
train/lpips,74500.0,0.24751430749893188
train/lpips,74550.0,0.2398705780506134
train/lpips,74600.0,0.21901731193065643
train/lpips,74650.0,0.21720120310783386
train/lpips,74700.0,0.2254837304353714
train/lpips,74750.0,0.2137266993522644
train/lpips,74800.0,0.24326862394809723
train/lpips,74850.0,0.22539138793945312
train/lpips,74900.0,0.22653695940971375
train/lpips,74950.0,0.2091919481754303
train/lpips,75000.0,0.23840974271297455
train/lpips,75050.0,0.22993969917297363
train/lpips,75100.0,0.2088608294725418
train/lpips,75150.0,0.23836976289749146
train/lpips,75200.0,0.21867716312408447
train/lpips,75250.0,0.22732755541801453
train/lpips,75300.0,0.21706992387771606
train/lpips,75350.0,0.2421395182609558
train/lpips,75400.0,0.22163163125514984
train/lpips,75450.0,0.2514876127243042
train/lpips,75500.0,0.20542964339256287
train/lpips,75550.0,0.21734744310379028
train/lpips,75600.0,0.2214793711900711
train/lpips,75650.0,0.24104875326156616
train/lpips,75700.0,0.22905971109867096
train/lpips,75750.0,0.22597616910934448
train/lpips,75800.0,0.22287121415138245
train/lpips,75850.0,0.222233384847641
train/lpips,75900.0,0.22012293338775635
train/lpips,75950.0,0.21704846620559692
train/lpips,76000.0,0.21677511930465698
train/lpips,76050.0,0.22452042996883392
train/lpips,76100.0,0.22737589478492737
train/lpips,76150.0,0.2197483777999878
train/lpips,76200.0,0.24485427141189575
train/lpips,76250.0,0.2328518033027649
train/lpips,76300.0,0.24890874326229095
train/lpips,76350.0,0.2373172491788864
train/lpips,76400.0,0.21565291285514832
train/lpips,76450.0,0.23252208530902863
train/lpips,76500.0,0.23277194797992706
train/lpips,76550.0,0.22594158351421356
train/lpips,76600.0,0.21625494956970215
train/lpips,76650.0,0.2263384610414505
train/lpips,76700.0,0.21888884902000427
train/lpips,76750.0,0.2253151684999466
train/lpips,76800.0,0.2317073494195938
train/lpips,76850.0,0.2147449105978012
train/lpips,76900.0,0.22844155132770538
train/lpips,76950.0,0.23263192176818848
train/lpips,77000.0,0.21793703734874725
train/lpips,77050.0,0.23430471122264862
train/lpips,77100.0,0.21394196152687073
train/lpips,77150.0,0.21678756177425385
train/lpips,77200.0,0.21740758419036865
train/lpips,77250.0,0.22905218601226807
train/lpips,77300.0,0.2300361841917038
train/lpips,77350.0,0.23473495244979858
train/lpips,77400.0,0.22415584325790405
train/lpips,77450.0,0.21626882255077362
train/lpips,77500.0,0.22520670294761658
train/lpips,77550.0,0.22741036117076874
train/lpips,77600.0,0.22269752621650696
train/lpips,77650.0,0.22004547715187073
train/lpips,77700.0,0.22208271920681
train/lpips,77750.0,0.22730526328086853
train/lpips,77800.0,0.22567085921764374
train/lpips,77850.0,0.21405267715454102
train/lpips,77900.0,0.2127199023962021
train/lpips,77950.0,0.23446476459503174
train/lpips,78000.0,0.2181226760149002
train/lpips,78050.0,0.22954483330249786
train/lpips,78100.0,0.2270977646112442
train/lpips,78150.0,0.2306659072637558
train/lpips,78200.0,0.2335316389799118
train/lpips,78250.0,0.2288549542427063
train/lpips,78300.0,0.21701037883758545
train/lpips,78350.0,0.2162487953901291
train/lpips,78400.0,0.22925738990306854
train/lpips,78450.0,0.21832413971424103
train/lpips,78500.0,0.22445419430732727
train/lpips,78550.0,0.22320975363254547
train/lpips,78600.0,0.23492394387722015
train/lpips,78650.0,0.2166564166545868
train/lpips,78700.0,0.21316607296466827
train/lpips,78750.0,0.21573391556739807
train/lpips,78800.0,0.21794763207435608
train/lpips,78850.0,0.23378878831863403
train/lpips,78900.0,0.22649025917053223
train/lpips,78950.0,0.2279343158006668
train/lpips,79000.0,0.20161797106266022
train/lpips,79050.0,0.2200181931257248
train/lpips,79100.0,0.2178039252758026
train/lpips,79150.0,0.22762919962406158
train/lpips,79200.0,0.21768498420715332
train/lpips,79250.0,0.2149520218372345
train/lpips,79300.0,0.22997881472110748
train/lpips,79350.0,0.25241178274154663
train/lpips,79400.0,0.225899800658226
train/lpips,79450.0,0.23562467098236084
train/lpips,79500.0,0.22723713517189026
train/lpips,79550.0,0.1974417269229889
train/lpips,79600.0,0.2438909113407135
train/lpips,79650.0,0.2505001723766327
train/lpips,79700.0,0.21854060888290405
train/lpips,79750.0,0.21050438284873962
train/lpips,79800.0,0.1940922886133194
train/lpips,79850.0,0.25792232155799866
train/lpips,79900.0,0.229267418384552
train/lpips,79950.0,0.21080556511878967
train/lpips,80000.0,0.2191777527332306
train/lpips_weighted,1.0,0.03376411646604538
train/lpips_weighted,50.0,0.029229242354631424
train/lpips_weighted,100.0,0.025848789140582085
train/lpips_weighted,150.0,0.021277237683534622
train/lpips_weighted,200.0,0.018775345757603645
train/lpips_weighted,250.0,0.016900021582841873
train/lpips_weighted,300.0,0.016357416287064552
train/lpips_weighted,350.0,0.01693887636065483
train/lpips_weighted,400.0,0.017143230885267258
train/lpips_weighted,450.0,0.015742002055048943
train/lpips_weighted,500.0,0.015705225989222527
train/lpips_weighted,550.0,0.015439443290233612
train/lpips_weighted,600.0,0.01592695340514183
train/lpips_weighted,650.0,0.014827055856585503
train/lpips_weighted,700.0,0.015167073346674442
train/lpips_weighted,750.0,0.014863529242575169
train/lpips_weighted,800.0,0.015289902687072754
train/lpips_weighted,850.0,0.01417388767004013
train/lpips_weighted,900.0,0.01409880816936493
train/lpips_weighted,950.0,0.015141373500227928
train/lpips_weighted,1000.0,0.014639530330896378
train/lpips_weighted,1050.0,0.014681743457913399
train/lpips_weighted,1100.0,0.013673290610313416
train/lpips_weighted,1150.0,0.013615861535072327
train/lpips_weighted,1200.0,0.014230908825993538
train/lpips_weighted,1250.0,0.014048781245946884
train/lpips_weighted,1300.0,0.014106493443250656
train/lpips_weighted,1350.0,0.014839567244052887
train/lpips_weighted,1400.0,0.014493245631456375
train/lpips_weighted,1450.0,0.012798605486750603
train/lpips_weighted,1500.0,0.01313869096338749
train/lpips_weighted,1550.0,0.013189863413572311
train/lpips_weighted,1600.0,0.012881587259471416
train/lpips_weighted,1650.0,0.01268850825726986
train/lpips_weighted,1700.0,0.01362657267600298
train/lpips_weighted,1750.0,0.013080470263957977
train/lpips_weighted,1800.0,0.013993732631206512
train/lpips_weighted,1850.0,0.01503109373152256
train/lpips_weighted,1900.0,0.013902830891311169
train/lpips_weighted,1950.0,0.01339894998818636
train/lpips_weighted,2000.0,0.013357658870518208
train/lpips_weighted,2050.0,0.014801258221268654
train/lpips_weighted,2100.0,0.013493331149220467
train/lpips_weighted,2150.0,0.01350362692028284
train/lpips_weighted,2200.0,0.014447003602981567
train/lpips_weighted,2250.0,0.012429251335561275
train/lpips_weighted,2300.0,0.012980024330317974
train/lpips_weighted,2350.0,0.013342917896807194
train/lpips_weighted,2400.0,0.013582237996160984
train/lpips_weighted,2450.0,0.013673395849764347
train/lpips_weighted,2500.0,0.012835759669542313
train/lpips_weighted,2550.0,0.013388474471867085
train/lpips_weighted,2600.0,0.012786569073796272
train/lpips_weighted,2650.0,0.01279538031667471
train/lpips_weighted,2700.0,0.012870613485574722
train/lpips_weighted,2750.0,0.013298308476805687
train/lpips_weighted,2800.0,0.01330273412168026
train/lpips_weighted,2850.0,0.01397527102380991
train/lpips_weighted,2900.0,0.01330944336950779
train/lpips_weighted,2950.0,0.013398085720837116
train/lpips_weighted,3000.0,0.013309820555150509
train/lpips_weighted,3050.0,0.01247168704867363
train/lpips_weighted,3100.0,0.013429317623376846
train/lpips_weighted,3150.0,0.012439409270882607
train/lpips_weighted,3200.0,0.013055411167442799
train/lpips_weighted,3250.0,0.012645145878195763
train/lpips_weighted,3300.0,0.01317564770579338
train/lpips_weighted,3350.0,0.01253341231495142
train/lpips_weighted,3400.0,0.012032638303935528
train/lpips_weighted,3450.0,0.01349711511284113
train/lpips_weighted,3500.0,0.012286996468901634
train/lpips_weighted,3550.0,0.013009614311158657
train/lpips_weighted,3600.0,0.012972867116332054
train/lpips_weighted,3650.0,0.012834843248128891
train/lpips_weighted,3700.0,0.01164664514362812
train/lpips_weighted,3750.0,0.01257660798728466
train/lpips_weighted,3800.0,0.013004081323742867
train/lpips_weighted,3850.0,0.012262235395610332
train/lpips_weighted,3900.0,0.012482939288020134
train/lpips_weighted,3950.0,0.01260069478303194
train/lpips_weighted,4000.0,0.013463236391544342
train/lpips_weighted,4050.0,0.013112669810652733
train/lpips_weighted,4100.0,0.013017600402235985
train/lpips_weighted,4150.0,0.014922848902642727
train/lpips_weighted,4200.0,0.013402224518358707
train/lpips_weighted,4250.0,0.012808628380298615
train/lpips_weighted,4300.0,0.012814193964004517
train/lpips_weighted,4350.0,0.013239797204732895
train/lpips_weighted,4400.0,0.012691826559603214
train/lpips_weighted,4450.0,0.012770608067512512
train/lpips_weighted,4500.0,0.012111482210457325
train/lpips_weighted,4550.0,0.012726356275379658
train/lpips_weighted,4600.0,0.013081308454275131
train/lpips_weighted,4650.0,0.012902884744107723
train/lpips_weighted,4700.0,0.012607086449861526
train/lpips_weighted,4750.0,0.012431351467967033
train/lpips_weighted,4800.0,0.01259864866733551
train/lpips_weighted,4850.0,0.012978808023035526
train/lpips_weighted,4900.0,0.013427387923002243
train/lpips_weighted,4950.0,0.013000313192605972
train/lpips_weighted,5000.0,0.0125260716304183
train/lpips_weighted,5050.0,0.013638357631862164
train/lpips_weighted,5100.0,0.01343778520822525
train/lpips_weighted,5150.0,0.012455116026103497
train/lpips_weighted,5200.0,0.013492087833583355
train/lpips_weighted,5250.0,0.012275011278688908
train/lpips_weighted,5300.0,0.012872662395238876
train/lpips_weighted,5350.0,0.013203757815063
train/lpips_weighted,5400.0,0.012472601607441902
train/lpips_weighted,5450.0,0.01228244323283434
train/lpips_weighted,5500.0,0.012054485268890858
train/lpips_weighted,5550.0,0.012646831572055817
train/lpips_weighted,5600.0,0.012446833774447441
train/lpips_weighted,5650.0,0.011672894470393658
train/lpips_weighted,5700.0,0.012781620025634766
train/lpips_weighted,5750.0,0.01225844956934452
train/lpips_weighted,5800.0,0.01306135579943657
train/lpips_weighted,5850.0,0.012704851105809212
train/lpips_weighted,5900.0,0.011992775835096836
train/lpips_weighted,5950.0,0.013369839638471603
train/lpips_weighted,6000.0,0.011761199682950974
train/lpips_weighted,6050.0,0.012108469381928444
train/lpips_weighted,6100.0,0.012168078683316708
train/lpips_weighted,6150.0,0.012387175112962723
train/lpips_weighted,6200.0,0.012411260046064854
train/lpips_weighted,6250.0,0.012965599074959755
train/lpips_weighted,6300.0,0.012850532308220863
train/lpips_weighted,6350.0,0.012752017006278038
train/lpips_weighted,6400.0,0.012280111201107502
train/lpips_weighted,6450.0,0.011590657755732536
train/lpips_weighted,6500.0,0.012669715099036694
train/lpips_weighted,6550.0,0.012051992118358612
train/lpips_weighted,6600.0,0.011687971651554108
train/lpips_weighted,6650.0,0.012016715481877327
train/lpips_weighted,6700.0,0.012627572752535343
train/lpips_weighted,6750.0,0.013518821448087692
train/lpips_weighted,6800.0,0.013612323440611362
train/lpips_weighted,6850.0,0.012151766568422318
train/lpips_weighted,6900.0,0.012826893478631973
train/lpips_weighted,6950.0,0.012509353458881378
train/lpips_weighted,7000.0,0.012551721185445786
train/lpips_weighted,7050.0,0.012373600155115128
train/lpips_weighted,7100.0,0.012301469221711159
train/lpips_weighted,7150.0,0.012424028478562832
train/lpips_weighted,7200.0,0.01203226763755083
train/lpips_weighted,7250.0,0.012472284957766533
train/lpips_weighted,7300.0,0.01278890110552311
train/lpips_weighted,7350.0,0.012925347313284874
train/lpips_weighted,7400.0,0.012402532622218132
train/lpips_weighted,7450.0,0.01223532110452652
train/lpips_weighted,7500.0,0.011904940940439701
train/lpips_weighted,7550.0,0.012780459597706795
train/lpips_weighted,7600.0,0.013425270095467567
train/lpips_weighted,7650.0,0.012436151504516602
train/lpips_weighted,7700.0,0.01249843928962946
train/lpips_weighted,7750.0,0.012876192107796669
train/lpips_weighted,7800.0,0.013028861954808235
train/lpips_weighted,7850.0,0.012681489810347557
train/lpips_weighted,7900.0,0.013410738669335842
train/lpips_weighted,7950.0,0.012956617400050163
train/lpips_weighted,8000.0,0.013140992261469364
train/lpips_weighted,8050.0,0.011673717759549618
train/lpips_weighted,8100.0,0.012755700387060642
train/lpips_weighted,8150.0,0.013546096161007881
train/lpips_weighted,8200.0,0.013244407251477242
train/lpips_weighted,8250.0,0.013160163536667824
train/lpips_weighted,8300.0,0.013222209177911282
train/lpips_weighted,8350.0,0.0124642513692379
train/lpips_weighted,8400.0,0.013373101130127907
train/lpips_weighted,8450.0,0.012659862637519836
train/lpips_weighted,8500.0,0.01228018756955862
train/lpips_weighted,8550.0,0.013093184679746628
train/lpips_weighted,8600.0,0.012487062253057957
train/lpips_weighted,8650.0,0.012059895321726799
train/lpips_weighted,8700.0,0.012190455570816994
train/lpips_weighted,8750.0,0.012301107868552208
train/lpips_weighted,8800.0,0.013000905513763428
train/lpips_weighted,8850.0,0.013139089569449425
train/lpips_weighted,8900.0,0.012852774932980537
train/lpips_weighted,8950.0,0.011874536983668804
train/lpips_weighted,9000.0,0.012349313125014305
train/lpips_weighted,9050.0,0.012712927535176277
train/lpips_weighted,9100.0,0.013420645147562027
train/lpips_weighted,9150.0,0.012810898944735527
train/lpips_weighted,9200.0,0.012799226678907871
train/lpips_weighted,9250.0,0.01325066015124321
train/lpips_weighted,9300.0,0.01308874785900116
train/lpips_weighted,9350.0,0.012086186558008194
train/lpips_weighted,9400.0,0.01133594661951065
train/lpips_weighted,9450.0,0.011965637095272541
train/lpips_weighted,9500.0,0.01192410010844469
train/lpips_weighted,9550.0,0.012898641638457775
train/lpips_weighted,9600.0,0.011978669092059135
train/lpips_weighted,9650.0,0.01197126042097807
train/lpips_weighted,9700.0,0.011590966954827309
train/lpips_weighted,9750.0,0.012537816539406776
train/lpips_weighted,9800.0,0.012289444915950298
train/lpips_weighted,9850.0,0.012416159734129906
train/lpips_weighted,9900.0,0.01224952470511198
train/lpips_weighted,9950.0,0.013217709958553314
train/lpips_weighted,10000.0,0.012537673115730286
train/lpips_weighted,10050.0,0.012284589931368828
train/lpips_weighted,10100.0,0.011276768520474434
train/lpips_weighted,10150.0,0.013291610404849052
train/lpips_weighted,10200.0,0.012973526492714882
train/lpips_weighted,10250.0,0.012492582201957703
train/lpips_weighted,10300.0,0.011700069531798363
train/lpips_weighted,10350.0,0.012690816074609756
train/lpips_weighted,10400.0,0.012457357719540596
train/lpips_weighted,10450.0,0.012607045471668243
train/lpips_weighted,10500.0,0.012122057378292084
train/lpips_weighted,10550.0,0.011419246904551983
train/lpips_weighted,10600.0,0.01103914063423872
train/lpips_weighted,10650.0,0.012425573542714119
train/lpips_weighted,10700.0,0.012386671267449856
train/lpips_weighted,10750.0,0.012864295393228531
train/lpips_weighted,10800.0,0.013387217186391354
train/lpips_weighted,10850.0,0.012405752204358578
train/lpips_weighted,10900.0,0.012319610454142094
train/lpips_weighted,10950.0,0.011624076403677464
train/lpips_weighted,11000.0,0.012358404695987701
train/lpips_weighted,11050.0,0.012056287378072739
train/lpips_weighted,11100.0,0.012657921761274338
train/lpips_weighted,11150.0,0.011539159342646599
train/lpips_weighted,11200.0,0.010809778235852718
train/lpips_weighted,11250.0,0.012507651932537556
train/lpips_weighted,11300.0,0.01188684068620205
train/lpips_weighted,11350.0,0.01271580159664154
train/lpips_weighted,11400.0,0.012395686469972134
train/lpips_weighted,11450.0,0.01224091462790966
train/lpips_weighted,11500.0,0.012223922647535801
train/lpips_weighted,11550.0,0.012864138931035995
train/lpips_weighted,11600.0,0.012826862744987011
train/lpips_weighted,11650.0,0.011704470962285995
train/lpips_weighted,11700.0,0.013637474738061428
train/lpips_weighted,11750.0,0.012074032798409462
train/lpips_weighted,11800.0,0.011937552131712437
train/lpips_weighted,11850.0,0.011448106728494167
train/lpips_weighted,11900.0,0.01206829771399498
train/lpips_weighted,11950.0,0.012535350397229195
train/lpips_weighted,12000.0,0.01193346455693245
train/lpips_weighted,12050.0,0.010993149131536484
train/lpips_weighted,12100.0,0.011462816968560219
train/lpips_weighted,12150.0,0.012009856291115284
train/lpips_weighted,12200.0,0.013134205713868141
train/lpips_weighted,12250.0,0.012824324890971184
train/lpips_weighted,12300.0,0.011526862159371376
train/lpips_weighted,12350.0,0.011864982545375824
train/lpips_weighted,12400.0,0.012654278427362442
train/lpips_weighted,12450.0,0.012623575516045094
train/lpips_weighted,12500.0,0.011591856367886066
train/lpips_weighted,12550.0,0.012167486362159252
train/lpips_weighted,12600.0,0.012282706797122955
train/lpips_weighted,12650.0,0.012949690222740173
train/lpips_weighted,12700.0,0.011687039397656918
train/lpips_weighted,12750.0,0.012767920270562172
train/lpips_weighted,12800.0,0.012204915285110474
train/lpips_weighted,12850.0,0.012079281732439995
train/lpips_weighted,12900.0,0.012095137499272823
train/lpips_weighted,12950.0,0.012361377477645874
train/lpips_weighted,13000.0,0.011712858453392982
train/lpips_weighted,13050.0,0.01300825085490942
train/lpips_weighted,13100.0,0.012719716876745224
train/lpips_weighted,13150.0,0.012098506093025208
train/lpips_weighted,13200.0,0.013236725702881813
train/lpips_weighted,13250.0,0.012413757853209972
train/lpips_weighted,13300.0,0.012473031878471375
train/lpips_weighted,13350.0,0.012267178855836391
train/lpips_weighted,13400.0,0.011463449336588383
train/lpips_weighted,13450.0,0.011423713527619839
train/lpips_weighted,13500.0,0.011726725846529007
train/lpips_weighted,13550.0,0.013463958166539669
train/lpips_weighted,13600.0,0.012959066778421402
train/lpips_weighted,13650.0,0.012162717990577221
train/lpips_weighted,13700.0,0.011283152736723423
train/lpips_weighted,13750.0,0.012119859457015991
train/lpips_weighted,13800.0,0.012402983382344246
train/lpips_weighted,13850.0,0.012545812875032425
train/lpips_weighted,13900.0,0.012163087725639343
train/lpips_weighted,13950.0,0.012240168638527393
train/lpips_weighted,14000.0,0.012123716995120049
train/lpips_weighted,14050.0,0.012208232656121254
train/lpips_weighted,14100.0,0.012367676943540573
train/lpips_weighted,14150.0,0.012379458174109459
train/lpips_weighted,14200.0,0.012312371283769608
train/lpips_weighted,14250.0,0.012428157962858677
train/lpips_weighted,14300.0,0.012189412489533424
train/lpips_weighted,14350.0,0.012150712311267853
train/lpips_weighted,14400.0,0.011423753574490547
train/lpips_weighted,14450.0,0.011935500428080559
train/lpips_weighted,14500.0,0.012018135748803616
train/lpips_weighted,14550.0,0.012775605544447899
train/lpips_weighted,14600.0,0.011434395797550678
train/lpips_weighted,14650.0,0.013000089675188065
train/lpips_weighted,14700.0,0.012527397833764553
train/lpips_weighted,14750.0,0.0118960440158844
train/lpips_weighted,14800.0,0.011926578357815742
train/lpips_weighted,14850.0,0.011949991807341576
train/lpips_weighted,14900.0,0.012929229065775871
train/lpips_weighted,14950.0,0.012547616846859455
train/lpips_weighted,15000.0,0.011228294111788273
train/lpips_weighted,15050.0,0.01157130766659975
train/lpips_weighted,15100.0,0.011562570929527283
train/lpips_weighted,15150.0,0.012036115862429142
train/lpips_weighted,15200.0,0.01218448393046856
train/lpips_weighted,15250.0,0.011050017550587654
train/lpips_weighted,15300.0,0.012983249500393867
train/lpips_weighted,15350.0,0.011999323964118958
train/lpips_weighted,15400.0,0.012228509411215782
train/lpips_weighted,15450.0,0.011838100850582123
train/lpips_weighted,15500.0,0.011833914555609226
train/lpips_weighted,15550.0,0.012173894792795181
train/lpips_weighted,15600.0,0.011733172461390495
train/lpips_weighted,15650.0,0.011837766505777836
train/lpips_weighted,15700.0,0.011338405311107635
train/lpips_weighted,15750.0,0.011649484746158123
train/lpips_weighted,15800.0,0.012593811377882957
train/lpips_weighted,15850.0,0.011747803539037704
train/lpips_weighted,15900.0,0.011979515664279461
train/lpips_weighted,15950.0,0.012674916535615921
train/lpips_weighted,16000.0,0.01160015445202589
train/lpips_weighted,16050.0,0.0124371238052845
train/lpips_weighted,16100.0,0.012245571240782738
train/lpips_weighted,16150.0,0.011915181763470173
train/lpips_weighted,16200.0,0.011502944864332676
train/lpips_weighted,16250.0,0.012717383913695812
train/lpips_weighted,16300.0,0.011652003973722458
train/lpips_weighted,16350.0,0.012102513574063778
train/lpips_weighted,16400.0,0.01177392527461052
train/lpips_weighted,16450.0,0.011980203911662102
train/lpips_weighted,16500.0,0.012211895547807217
train/lpips_weighted,16550.0,0.01238907128572464
train/lpips_weighted,16600.0,0.012328926473855972
train/lpips_weighted,16650.0,0.012798499315977097
train/lpips_weighted,16700.0,0.012066703289747238
train/lpips_weighted,16750.0,0.011570054106414318
train/lpips_weighted,16800.0,0.011771966703236103
train/lpips_weighted,16850.0,0.012252777814865112
train/lpips_weighted,16900.0,0.011849293485283852
train/lpips_weighted,16950.0,0.012095700949430466
train/lpips_weighted,17000.0,0.012636869214475155
train/lpips_weighted,17050.0,0.011904953047633171
train/lpips_weighted,17100.0,0.012278377078473568
train/lpips_weighted,17150.0,0.012366006150841713
train/lpips_weighted,17200.0,0.011730645783245564
train/lpips_weighted,17250.0,0.012623695656657219
train/lpips_weighted,17300.0,0.011592078022658825
train/lpips_weighted,17350.0,0.012014506384730339
train/lpips_weighted,17400.0,0.011814049445092678
train/lpips_weighted,17450.0,0.012482909485697746
train/lpips_weighted,17500.0,0.011680273339152336
train/lpips_weighted,17550.0,0.012656097300350666
train/lpips_weighted,17600.0,0.011587071232497692
train/lpips_weighted,17650.0,0.01292327605187893
train/lpips_weighted,17700.0,0.011889982037246227
train/lpips_weighted,17750.0,0.011752122081816196
train/lpips_weighted,17800.0,0.012433069758117199
train/lpips_weighted,17850.0,0.011604784056544304
train/lpips_weighted,17900.0,0.011434738524258137
train/lpips_weighted,17950.0,0.011427103541791439
train/lpips_weighted,18000.0,0.011917803436517715
train/lpips_weighted,18050.0,0.012216508388519287
train/lpips_weighted,18100.0,0.012927276082336903
train/lpips_weighted,18150.0,0.011486158706247807
train/lpips_weighted,18200.0,0.013599492609500885
train/lpips_weighted,18250.0,0.012040701694786549
train/lpips_weighted,18300.0,0.011134041473269463
train/lpips_weighted,18350.0,0.012280731461942196
train/lpips_weighted,18400.0,0.011563035659492016
train/lpips_weighted,18450.0,0.012371616438031197
train/lpips_weighted,18500.0,0.012545676901936531
train/lpips_weighted,18550.0,0.011488358490169048
train/lpips_weighted,18600.0,0.012271689251065254
train/lpips_weighted,18650.0,0.012163229286670685
train/lpips_weighted,18700.0,0.013282695785164833
train/lpips_weighted,18750.0,0.012270902283489704
train/lpips_weighted,18800.0,0.011874075047671795
train/lpips_weighted,18850.0,0.012289688922464848
train/lpips_weighted,18900.0,0.01215306855738163
train/lpips_weighted,18950.0,0.01142827607691288
train/lpips_weighted,19000.0,0.01200365461409092
train/lpips_weighted,19050.0,0.012605573050677776
train/lpips_weighted,19100.0,0.012816417962312698
train/lpips_weighted,19150.0,0.0118300411850214
train/lpips_weighted,19200.0,0.012767571955919266
train/lpips_weighted,19250.0,0.011822600848972797
train/lpips_weighted,19300.0,0.011362750083208084
train/lpips_weighted,19350.0,0.01183515414595604
train/lpips_weighted,19400.0,0.012489764019846916
train/lpips_weighted,19450.0,0.01185652893036604
train/lpips_weighted,19500.0,0.012682660482823849
train/lpips_weighted,19550.0,0.011688915081322193
train/lpips_weighted,19600.0,0.011246738955378532
train/lpips_weighted,19650.0,0.012956835329532623
train/lpips_weighted,19700.0,0.011647933162748814
train/lpips_weighted,19750.0,0.012397753074765205
train/lpips_weighted,19800.0,0.011339303106069565
train/lpips_weighted,19850.0,0.012313754297792912
train/lpips_weighted,19900.0,0.011052155867218971
train/lpips_weighted,19950.0,0.011917741037905216
train/lpips_weighted,20000.0,0.011936107650399208
train/lpips_weighted,20050.0,0.0117345517501235
train/lpips_weighted,20100.0,0.013122289441525936
train/lpips_weighted,20150.0,0.011647200211882591
train/lpips_weighted,20200.0,0.01107791904360056
train/lpips_weighted,20250.0,0.011470469646155834
train/lpips_weighted,20300.0,0.012307494878768921
train/lpips_weighted,20350.0,0.012910514138638973
train/lpips_weighted,20400.0,0.012231911532580853
train/lpips_weighted,20450.0,0.01203710027039051
train/lpips_weighted,20500.0,0.011319933459162712
train/lpips_weighted,20550.0,0.012289324775338173
train/lpips_weighted,20600.0,0.011770341545343399
train/lpips_weighted,20650.0,0.011636541225016117
train/lpips_weighted,20700.0,0.011380117386579514
train/lpips_weighted,20750.0,0.012617629021406174
train/lpips_weighted,20800.0,0.01184074953198433
train/lpips_weighted,20850.0,0.012254038825631142
train/lpips_weighted,20900.0,0.01220685988664627
train/lpips_weighted,20950.0,0.011577383615076542
train/lpips_weighted,21000.0,0.01147496234625578
train/lpips_weighted,21050.0,0.011367704719305038
train/lpips_weighted,21100.0,0.011213510297238827
train/lpips_weighted,21150.0,0.01169222965836525
train/lpips_weighted,21200.0,0.012846805155277252
train/lpips_weighted,21250.0,0.011694984510540962
train/lpips_weighted,21300.0,0.010927416384220123
train/lpips_weighted,21350.0,0.012154417112469673
train/lpips_weighted,21400.0,0.011547589674592018
train/lpips_weighted,21450.0,0.012480773031711578
train/lpips_weighted,21500.0,0.012211613357067108
train/lpips_weighted,21550.0,0.011183902621269226
train/lpips_weighted,21600.0,0.011238043196499348
train/lpips_weighted,21650.0,0.011326761916279793
train/lpips_weighted,21700.0,0.011457924731075764
train/lpips_weighted,21750.0,0.01139956247061491
train/lpips_weighted,21800.0,0.012301336042582989
train/lpips_weighted,21850.0,0.011392085812985897
train/lpips_weighted,21900.0,0.01232600212097168
train/lpips_weighted,21950.0,0.01288318820297718
train/lpips_weighted,22000.0,0.011709677055478096
train/lpips_weighted,22050.0,0.01210791990160942
train/lpips_weighted,22100.0,0.012115614488720894
train/lpips_weighted,22150.0,0.0116994958370924
train/lpips_weighted,22200.0,0.01055697537958622
train/lpips_weighted,22250.0,0.01118092518299818
train/lpips_weighted,22300.0,0.011814725585281849
train/lpips_weighted,22350.0,0.01208433136343956
train/lpips_weighted,22400.0,0.011693989858031273
train/lpips_weighted,22450.0,0.011941734701395035
train/lpips_weighted,22500.0,0.012342480011284351
train/lpips_weighted,22550.0,0.012247283942997456
train/lpips_weighted,22600.0,0.01214347593486309
train/lpips_weighted,22650.0,0.01214105449616909
train/lpips_weighted,22700.0,0.013132095336914062
train/lpips_weighted,22750.0,0.012995811179280281
train/lpips_weighted,22800.0,0.013244600966572762
train/lpips_weighted,22850.0,0.011556923389434814
train/lpips_weighted,22900.0,0.01234111376106739
train/lpips_weighted,22950.0,0.012357012368738651
train/lpips_weighted,23000.0,0.012420599348843098
train/lpips_weighted,23050.0,0.011964188888669014
train/lpips_weighted,23100.0,0.012442993000149727
train/lpips_weighted,23150.0,0.011782677844166756
train/lpips_weighted,23200.0,0.012149600312113762
train/lpips_weighted,23250.0,0.011804592795670033
train/lpips_weighted,23300.0,0.011926697567105293
train/lpips_weighted,23350.0,0.011708921752870083
train/lpips_weighted,23400.0,0.01170529704540968
train/lpips_weighted,23450.0,0.012201493605971336
train/lpips_weighted,23500.0,0.012337971478700638
train/lpips_weighted,23550.0,0.011163866147398949
train/lpips_weighted,23600.0,0.010874775238335133
train/lpips_weighted,23650.0,0.010588860139250755
train/lpips_weighted,23700.0,0.012039192020893097
train/lpips_weighted,23750.0,0.012037430889904499
train/lpips_weighted,23800.0,0.013116514310240746
train/lpips_weighted,23850.0,0.01170402392745018
train/lpips_weighted,23900.0,0.011823540553450584
train/lpips_weighted,23950.0,0.011506026610732079
train/lpips_weighted,24000.0,0.01146326120942831
train/lpips_weighted,24050.0,0.011646006256341934
train/lpips_weighted,24100.0,0.012235671281814575
train/lpips_weighted,24150.0,0.01077754981815815
train/lpips_weighted,24200.0,0.012639962136745453
train/lpips_weighted,24250.0,0.012102331034839153
train/lpips_weighted,24300.0,0.011891210451722145
train/lpips_weighted,24350.0,0.011429795995354652
train/lpips_weighted,24400.0,0.012067759409546852
train/lpips_weighted,24450.0,0.012653433717787266
train/lpips_weighted,24500.0,0.012053709477186203
train/lpips_weighted,24550.0,0.012506699189543724
train/lpips_weighted,24600.0,0.01216285489499569
train/lpips_weighted,24650.0,0.011279972270131111
train/lpips_weighted,24700.0,0.012601167894899845
train/lpips_weighted,24750.0,0.011373859830200672
train/lpips_weighted,24800.0,0.011524884030222893
train/lpips_weighted,24850.0,0.01155133917927742
train/lpips_weighted,24900.0,0.011739442124962807
train/lpips_weighted,24950.0,0.011425569653511047
train/lpips_weighted,25000.0,0.011699605733156204
train/lpips_weighted,25050.0,0.011884039267897606
train/lpips_weighted,25100.0,0.011034898459911346
train/lpips_weighted,25150.0,0.01106212381273508
train/lpips_weighted,25200.0,0.012323044240474701
train/lpips_weighted,25250.0,0.011320410296320915
train/lpips_weighted,25300.0,0.011097002774477005
train/lpips_weighted,25350.0,0.012136988341808319
train/lpips_weighted,25400.0,0.012257433496415615
train/lpips_weighted,25450.0,0.012324389070272446
train/lpips_weighted,25500.0,0.012130488641560078
train/lpips_weighted,25550.0,0.01234688051044941
train/lpips_weighted,25600.0,0.011733489111065865
train/lpips_weighted,25650.0,0.011542518623173237
train/lpips_weighted,25700.0,0.012559538707137108
train/lpips_weighted,25750.0,0.010589285753667355
train/lpips_weighted,25800.0,0.01246076449751854
train/lpips_weighted,25850.0,0.01070456299930811
train/lpips_weighted,25900.0,0.011614827439188957
train/lpips_weighted,25950.0,0.011634120717644691
train/lpips_weighted,26000.0,0.012090425938367844
train/lpips_weighted,26050.0,0.011915170587599277
train/lpips_weighted,26100.0,0.011929766274988651
train/lpips_weighted,26150.0,0.011604132130742073
train/lpips_weighted,26200.0,0.012028209865093231
train/lpips_weighted,26250.0,0.011719813570380211
train/lpips_weighted,26300.0,0.012313093058764935
train/lpips_weighted,26350.0,0.011004731059074402
train/lpips_weighted,26400.0,0.012252280488610268
train/lpips_weighted,26450.0,0.012902067974209785
train/lpips_weighted,26500.0,0.011297103017568588
train/lpips_weighted,26550.0,0.011996522545814514
train/lpips_weighted,26600.0,0.011483930051326752
train/lpips_weighted,26650.0,0.011326441541314125
train/lpips_weighted,26700.0,0.011895482428371906
train/lpips_weighted,26750.0,0.012767988257110119
train/lpips_weighted,26800.0,0.012449782341718674
train/lpips_weighted,26850.0,0.0130907092243433
train/lpips_weighted,26900.0,0.011503265239298344
train/lpips_weighted,26950.0,0.011413425207138062
train/lpips_weighted,27000.0,0.011751905083656311
train/lpips_weighted,27050.0,0.011400521732866764
train/lpips_weighted,27100.0,0.011001208797097206
train/lpips_weighted,27150.0,0.011628158390522003
train/lpips_weighted,27200.0,0.012430922128260136
train/lpips_weighted,27250.0,0.011343554593622684
train/lpips_weighted,27300.0,0.011487887240946293
train/lpips_weighted,27350.0,0.012038481421768665
train/lpips_weighted,27400.0,0.011994724161922932
train/lpips_weighted,27450.0,0.011464672163128853
train/lpips_weighted,27500.0,0.011935027316212654
train/lpips_weighted,27550.0,0.011882259510457516
train/lpips_weighted,27600.0,0.01221621036529541
train/lpips_weighted,27650.0,0.011437289416790009
train/lpips_weighted,27700.0,0.010708343237638474
train/lpips_weighted,27750.0,0.011011787690222263
train/lpips_weighted,27800.0,0.01176777109503746
train/lpips_weighted,27850.0,0.011145167052745819
train/lpips_weighted,27900.0,0.011505422182381153
train/lpips_weighted,27950.0,0.01207915972918272
train/lpips_weighted,28000.0,0.01093631237745285
train/lpips_weighted,28050.0,0.011427170597016811
train/lpips_weighted,28100.0,0.010962764732539654
train/lpips_weighted,28150.0,0.01161976158618927
train/lpips_weighted,28200.0,0.012373538687825203
train/lpips_weighted,28250.0,0.011897229589521885
train/lpips_weighted,28300.0,0.011733636260032654
train/lpips_weighted,28350.0,0.011990061029791832
train/lpips_weighted,28400.0,0.011593707837164402
train/lpips_weighted,28450.0,0.010888696648180485
train/lpips_weighted,28500.0,0.011110033839941025
train/lpips_weighted,28550.0,0.012081112712621689
train/lpips_weighted,28600.0,0.011191055178642273
train/lpips_weighted,28650.0,0.011601274833083153
train/lpips_weighted,28700.0,0.012027514167129993
train/lpips_weighted,28750.0,0.01264820247888565
train/lpips_weighted,28800.0,0.011546343564987183
train/lpips_weighted,28850.0,0.01132226176559925
train/lpips_weighted,28900.0,0.011259552091360092
train/lpips_weighted,28950.0,0.011858680285513401
train/lpips_weighted,29000.0,0.011052590794861317
train/lpips_weighted,29050.0,0.011773190461099148
train/lpips_weighted,29100.0,0.011505668982863426
train/lpips_weighted,29150.0,0.012526077218353748
train/lpips_weighted,29200.0,0.011234292760491371
train/lpips_weighted,29250.0,0.011389316990971565
train/lpips_weighted,29300.0,0.011819399893283844
train/lpips_weighted,29350.0,0.012633562088012695
train/lpips_weighted,29400.0,0.012045174837112427
train/lpips_weighted,29450.0,0.011789795942604542
train/lpips_weighted,29500.0,0.010689963586628437
train/lpips_weighted,29550.0,0.012285050936043262
train/lpips_weighted,29600.0,0.011913109570741653
train/lpips_weighted,29650.0,0.012769335880875587
train/lpips_weighted,29700.0,0.011938155628740788
train/lpips_weighted,29750.0,0.01066342368721962
train/lpips_weighted,29800.0,0.011389313265681267
train/lpips_weighted,29850.0,0.012072067707777023
train/lpips_weighted,29900.0,0.011305191554129124
train/lpips_weighted,29950.0,0.011541353538632393
train/lpips_weighted,30000.0,0.010971035808324814
train/lpips_weighted,30050.0,0.012208553962409496
train/lpips_weighted,30100.0,0.01220905501395464
train/lpips_weighted,30150.0,0.01188356988132
train/lpips_weighted,30200.0,0.011903832666575909
train/lpips_weighted,30250.0,0.0114069152623415
train/lpips_weighted,30300.0,0.012236366048455238
train/lpips_weighted,30350.0,0.013568993657827377
train/lpips_weighted,30400.0,0.012144031003117561
train/lpips_weighted,30450.0,0.012637163512408733
train/lpips_weighted,30500.0,0.011943941004574299
train/lpips_weighted,30550.0,0.012633358128368855
train/lpips_weighted,30600.0,0.012114934623241425
train/lpips_weighted,30650.0,0.012174446135759354
train/lpips_weighted,30700.0,0.012022741138935089
train/lpips_weighted,30750.0,0.012051437050104141
train/lpips_weighted,30800.0,0.010560079477727413
train/lpips_weighted,30850.0,0.012965584173798561
train/lpips_weighted,30900.0,0.010765689425170422
train/lpips_weighted,30950.0,0.011658905074000359
train/lpips_weighted,31000.0,0.011590585112571716
train/lpips_weighted,31050.0,0.010886148549616337
train/lpips_weighted,31100.0,0.012654336169362068
train/lpips_weighted,31150.0,0.011479157023131847
train/lpips_weighted,31200.0,0.012191512621939182
train/lpips_weighted,31250.0,0.01181703433394432
train/lpips_weighted,31300.0,0.011148368939757347
train/lpips_weighted,31350.0,0.0124838687479496
train/lpips_weighted,31400.0,0.012109443545341492
train/lpips_weighted,31450.0,0.011415129527449608
train/lpips_weighted,31500.0,0.011628860607743263
train/lpips_weighted,31550.0,0.010820179246366024
train/lpips_weighted,31600.0,0.011445456184446812
train/lpips_weighted,31650.0,0.010856322012841702
train/lpips_weighted,31700.0,0.011852988041937351
train/lpips_weighted,31750.0,0.01147484965622425
train/lpips_weighted,31800.0,0.012189755216240883
train/lpips_weighted,31850.0,0.0118922870606184
train/lpips_weighted,31900.0,0.01147553976625204
train/lpips_weighted,31950.0,0.011557908728718758
train/lpips_weighted,32000.0,0.011840106919407845
train/lpips_weighted,32050.0,0.011268075555562973
train/lpips_weighted,32100.0,0.012206414714455605
train/lpips_weighted,32150.0,0.010951843112707138
train/lpips_weighted,32200.0,0.011769388802349567
train/lpips_weighted,32250.0,0.011290432885289192
train/lpips_weighted,32300.0,0.012455658055841923
train/lpips_weighted,32350.0,0.012851493433117867
train/lpips_weighted,32400.0,0.012254440225660801
train/lpips_weighted,32450.0,0.011750595644116402
train/lpips_weighted,32500.0,0.011695248074829578
train/lpips_weighted,32550.0,0.011423143558204174
train/lpips_weighted,32600.0,0.011138161644339561
train/lpips_weighted,32650.0,0.011212768033146858
train/lpips_weighted,32700.0,0.011608988046646118
train/lpips_weighted,32750.0,0.01164315827190876
train/lpips_weighted,32800.0,0.011418264359235764
train/lpips_weighted,32850.0,0.012271109037101269
train/lpips_weighted,32900.0,0.011237112805247307
train/lpips_weighted,32950.0,0.01087995432317257
train/lpips_weighted,33000.0,0.011488746851682663
train/lpips_weighted,33050.0,0.01203354261815548
train/lpips_weighted,33100.0,0.011757871136069298
train/lpips_weighted,33150.0,0.011656567454338074
train/lpips_weighted,33200.0,0.011573498137295246
train/lpips_weighted,33250.0,0.011855761520564556
train/lpips_weighted,33300.0,0.012688308954238892
train/lpips_weighted,33350.0,0.011773576959967613
train/lpips_weighted,33400.0,0.011919809505343437
train/lpips_weighted,33450.0,0.011037008836865425
train/lpips_weighted,33500.0,0.011085784062743187
train/lpips_weighted,33550.0,0.012239857576787472
train/lpips_weighted,33600.0,0.011812317185103893
train/lpips_weighted,33650.0,0.012532208114862442
train/lpips_weighted,33700.0,0.011187702417373657
train/lpips_weighted,33750.0,0.010972412303090096
train/lpips_weighted,33800.0,0.011837633326649666
train/lpips_weighted,33850.0,0.011741931550204754
train/lpips_weighted,33900.0,0.01219501718878746
train/lpips_weighted,33950.0,0.010370945557951927
train/lpips_weighted,34000.0,0.012831505388021469
train/lpips_weighted,34050.0,0.011381029151380062
train/lpips_weighted,34100.0,0.01195551734417677
train/lpips_weighted,34150.0,0.01128289196640253
train/lpips_weighted,34200.0,0.011073089204728603
train/lpips_weighted,34250.0,0.011504366993904114
train/lpips_weighted,34300.0,0.012534262612462044
train/lpips_weighted,34350.0,0.011788502335548401
train/lpips_weighted,34400.0,0.012437019497156143
train/lpips_weighted,34450.0,0.011619174852967262
train/lpips_weighted,34500.0,0.011508326977491379
train/lpips_weighted,34550.0,0.011702358722686768
train/lpips_weighted,34600.0,0.012458174489438534
train/lpips_weighted,34650.0,0.012043407186865807
train/lpips_weighted,34700.0,0.010918037965893745
train/lpips_weighted,34750.0,0.012974699959158897
train/lpips_weighted,34800.0,0.01139851938933134
train/lpips_weighted,34850.0,0.01167219690978527
train/lpips_weighted,34900.0,0.011922970414161682
train/lpips_weighted,34950.0,0.011209152638912201
train/lpips_weighted,35000.0,0.0110267149284482
train/lpips_weighted,35050.0,0.012251467444002628
train/lpips_weighted,35100.0,0.01253586821258068
train/lpips_weighted,35150.0,0.011073188856244087
train/lpips_weighted,35200.0,0.011856572702527046
train/lpips_weighted,35250.0,0.011415023356676102
train/lpips_weighted,35300.0,0.011302311904728413
train/lpips_weighted,35350.0,0.011674478650093079
train/lpips_weighted,35400.0,0.011265368200838566
train/lpips_weighted,35450.0,0.011031529866158962
train/lpips_weighted,35500.0,0.011321483179926872
train/lpips_weighted,35550.0,0.011136494576931
train/lpips_weighted,35600.0,0.011854644864797592
train/lpips_weighted,35650.0,0.011716845445334911
train/lpips_weighted,35700.0,0.012050097808241844
train/lpips_weighted,35750.0,0.011375411413609982
train/lpips_weighted,35800.0,0.011519519612193108
train/lpips_weighted,35850.0,0.012116343714296818
train/lpips_weighted,35900.0,0.011995412409305573
train/lpips_weighted,35950.0,0.011742336675524712
train/lpips_weighted,36000.0,0.01092170737683773
train/lpips_weighted,36050.0,0.011787322349846363
train/lpips_weighted,36100.0,0.011080375872552395
train/lpips_weighted,36150.0,0.01058083027601242
train/lpips_weighted,36200.0,0.011477400548756123
train/lpips_weighted,36250.0,0.01196726318448782
train/lpips_weighted,36300.0,0.012217160314321518
train/lpips_weighted,36350.0,0.011862649582326412
train/lpips_weighted,36400.0,0.012562299147248268
train/lpips_weighted,36450.0,0.010310538113117218
train/lpips_weighted,36500.0,0.010850023478269577
train/lpips_weighted,36550.0,0.012148499488830566
train/lpips_weighted,36600.0,0.01114288717508316
train/lpips_weighted,36650.0,0.011030367575585842
train/lpips_weighted,36700.0,0.011793222278356552
train/lpips_weighted,36750.0,0.011318822391331196
train/lpips_weighted,36800.0,0.01142145972698927
train/lpips_weighted,36850.0,0.011653933674097061
train/lpips_weighted,36900.0,0.011591857299208641
train/lpips_weighted,36950.0,0.011906173080205917
train/lpips_weighted,37000.0,0.01200431864708662
train/lpips_weighted,37050.0,0.01099663320928812
train/lpips_weighted,37100.0,0.01134463120251894
train/lpips_weighted,37150.0,0.011104443110525608
train/lpips_weighted,37200.0,0.011961052194237709
train/lpips_weighted,37250.0,0.011547802947461605
train/lpips_weighted,37300.0,0.011444168165326118
train/lpips_weighted,37350.0,0.01135314628481865
train/lpips_weighted,37400.0,0.011479424312710762
train/lpips_weighted,37450.0,0.012162676081061363
train/lpips_weighted,37500.0,0.011476726271212101
train/lpips_weighted,37550.0,0.011948660016059875
train/lpips_weighted,37600.0,0.011564845219254494
train/lpips_weighted,37650.0,0.011716552078723907
train/lpips_weighted,37700.0,0.010529590770602226
train/lpips_weighted,37750.0,0.010561618953943253
train/lpips_weighted,37800.0,0.011475657112896442
train/lpips_weighted,37850.0,0.011496604420244694
train/lpips_weighted,37900.0,0.011317978613078594
train/lpips_weighted,37950.0,0.011665011756122112
train/lpips_weighted,38000.0,0.011108024045825005
train/lpips_weighted,38050.0,0.01087208278477192
train/lpips_weighted,38100.0,0.01078140176832676
train/lpips_weighted,38150.0,0.011960417032241821
train/lpips_weighted,38200.0,0.010738391429185867
train/lpips_weighted,38250.0,0.011601345613598824
train/lpips_weighted,38300.0,0.011330491863191128
train/lpips_weighted,38350.0,0.012355401180684566
train/lpips_weighted,38400.0,0.011303769424557686
train/lpips_weighted,38450.0,0.011317329481244087
train/lpips_weighted,38500.0,0.010626710951328278
train/lpips_weighted,38550.0,0.011985184624791145
train/lpips_weighted,38600.0,0.01159098744392395
train/lpips_weighted,38650.0,0.011393895372748375
train/lpips_weighted,38700.0,0.012023458257317543
train/lpips_weighted,38750.0,0.010754212737083435
train/lpips_weighted,38800.0,0.011562562547624111
train/lpips_weighted,38850.0,0.011550887487828732
train/lpips_weighted,38900.0,0.011630808003246784
train/lpips_weighted,38950.0,0.011961244978010654
train/lpips_weighted,39000.0,0.011977855116128922
train/lpips_weighted,39050.0,0.011510908603668213
train/lpips_weighted,39100.0,0.011738521046936512
train/lpips_weighted,39150.0,0.011485351249575615
train/lpips_weighted,39200.0,0.01170566026121378
train/lpips_weighted,39250.0,0.011613624170422554
train/lpips_weighted,39300.0,0.012858420610427856
train/lpips_weighted,39350.0,0.011872006580233574
train/lpips_weighted,39400.0,0.010834531858563423
train/lpips_weighted,39450.0,0.011462426744401455
train/lpips_weighted,39500.0,0.012191015295684338
train/lpips_weighted,39550.0,0.01180756464600563
train/lpips_weighted,39600.0,0.010900735855102539
train/lpips_weighted,39650.0,0.011539759114384651
train/lpips_weighted,39700.0,0.010887611657381058
train/lpips_weighted,39750.0,0.01226927898824215
train/lpips_weighted,39800.0,0.011446131393313408
train/lpips_weighted,39850.0,0.01098430436104536
train/lpips_weighted,39900.0,0.011531833559274673
train/lpips_weighted,39950.0,0.011251769959926605
train/lpips_weighted,40000.0,0.011794313788414001
train/lpips_weighted,40050.0,0.011082404293119907
train/lpips_weighted,40100.0,0.011055173352360725
train/lpips_weighted,40150.0,0.011911202222108841
train/lpips_weighted,40200.0,0.011102646589279175
train/lpips_weighted,40250.0,0.012033190578222275
train/lpips_weighted,40300.0,0.01159003097563982
train/lpips_weighted,40350.0,0.011149199679493904
train/lpips_weighted,40400.0,0.010950988158583641
train/lpips_weighted,40450.0,0.012336870655417442
train/lpips_weighted,40500.0,0.011431422084569931
train/lpips_weighted,40550.0,0.011398370377719402
train/lpips_weighted,40600.0,0.011983348056674004
train/lpips_weighted,40650.0,0.01246134378015995
train/lpips_weighted,40700.0,0.011981667950749397
train/lpips_weighted,40750.0,0.011373398825526237
train/lpips_weighted,40800.0,0.011507728137075901
train/lpips_weighted,40850.0,0.011746514588594437
train/lpips_weighted,40900.0,0.010162092745304108
train/lpips_weighted,40950.0,0.011579640209674835
train/lpips_weighted,41000.0,0.011504308320581913
train/lpips_weighted,41050.0,0.01170266605913639
train/lpips_weighted,41100.0,0.011796164326369762
train/lpips_weighted,41150.0,0.011126917786896229
train/lpips_weighted,41200.0,0.011658882722258568
train/lpips_weighted,41250.0,0.010900248773396015
train/lpips_weighted,41300.0,0.011337622068822384
train/lpips_weighted,41350.0,0.010962794534862041
train/lpips_weighted,41400.0,0.01131264679133892
train/lpips_weighted,41450.0,0.011626677587628365
train/lpips_weighted,41500.0,0.011807169765233994
train/lpips_weighted,41550.0,0.011235708370804787
train/lpips_weighted,41600.0,0.011632852256298065
train/lpips_weighted,41650.0,0.011759604327380657
train/lpips_weighted,41700.0,0.011419186368584633
train/lpips_weighted,41750.0,0.010396625846624374
train/lpips_weighted,41800.0,0.011496822349727154
train/lpips_weighted,41850.0,0.011485490947961807
train/lpips_weighted,41900.0,0.011069593951106071
train/lpips_weighted,41950.0,0.01181197538971901
train/lpips_weighted,42000.0,0.011712891049683094
train/lpips_weighted,42050.0,0.011410454288125038
train/lpips_weighted,42100.0,0.012662213295698166
train/lpips_weighted,42150.0,0.012337909080088139
train/lpips_weighted,42200.0,0.01118683535605669
train/lpips_weighted,42250.0,0.012177200987935066
train/lpips_weighted,42300.0,0.01150289922952652
train/lpips_weighted,42350.0,0.011852697469294071
train/lpips_weighted,42400.0,0.01145423948764801
train/lpips_weighted,42450.0,0.011435996741056442
train/lpips_weighted,42500.0,0.011063520796597004
train/lpips_weighted,42550.0,0.01172151230275631
train/lpips_weighted,42600.0,0.01202299166470766
train/lpips_weighted,42650.0,0.012012538500130177
train/lpips_weighted,42700.0,0.011206136085093021
train/lpips_weighted,42750.0,0.011308128945529461
train/lpips_weighted,42800.0,0.011453165672719479
train/lpips_weighted,42850.0,0.010890278033912182
train/lpips_weighted,42900.0,0.011440170928835869
train/lpips_weighted,42950.0,0.011310669593513012
train/lpips_weighted,43000.0,0.012037262320518494
train/lpips_weighted,43050.0,0.011971844360232353
train/lpips_weighted,43100.0,0.011112082749605179
train/lpips_weighted,43150.0,0.011287597939372063
train/lpips_weighted,43200.0,0.01170886866748333
train/lpips_weighted,43250.0,0.012129552662372589
train/lpips_weighted,43300.0,0.012023095972836018
train/lpips_weighted,43350.0,0.00986083596944809
train/lpips_weighted,43400.0,0.011733269318938255
train/lpips_weighted,43450.0,0.011991787701845169
train/lpips_weighted,43500.0,0.012280871160328388
train/lpips_weighted,43550.0,0.011770237237215042
train/lpips_weighted,43600.0,0.01218337006866932
train/lpips_weighted,43650.0,0.012170749716460705
train/lpips_weighted,43700.0,0.01195194199681282
train/lpips_weighted,43750.0,0.011247317306697369
train/lpips_weighted,43800.0,0.011593676172196865
train/lpips_weighted,43850.0,0.010910490527749062
train/lpips_weighted,43900.0,0.01249551773071289
train/lpips_weighted,43950.0,0.01206560805439949
train/lpips_weighted,44000.0,0.011539418250322342
train/lpips_weighted,44050.0,0.011410398408770561
train/lpips_weighted,44100.0,0.012064807116985321
train/lpips_weighted,44150.0,0.011878549121320248
train/lpips_weighted,44200.0,0.011299987323582172
train/lpips_weighted,44250.0,0.011654552072286606
train/lpips_weighted,44300.0,0.012105354107916355
train/lpips_weighted,44350.0,0.011288524605333805
train/lpips_weighted,44400.0,0.011167934164404869
train/lpips_weighted,44450.0,0.011030804365873337
train/lpips_weighted,44500.0,0.011085866019129753
train/lpips_weighted,44550.0,0.011563606560230255
train/lpips_weighted,44600.0,0.012206670828163624
train/lpips_weighted,44650.0,0.011561008170247078
train/lpips_weighted,44700.0,0.011948112398386002
train/lpips_weighted,44750.0,0.011800517328083515
train/lpips_weighted,44800.0,0.011382294818758965
train/lpips_weighted,44850.0,0.011229230090975761
train/lpips_weighted,44900.0,0.011802769266068935
train/lpips_weighted,44950.0,0.01114787720143795
train/lpips_weighted,45000.0,0.011708463542163372
train/lpips_weighted,45050.0,0.011098168790340424
train/lpips_weighted,45100.0,0.01201885100454092
train/lpips_weighted,45150.0,0.011350325308740139
train/lpips_weighted,45200.0,0.012130238115787506
train/lpips_weighted,45250.0,0.011363251134753227
train/lpips_weighted,45300.0,0.010974100790917873
train/lpips_weighted,45350.0,0.011404657736420631
train/lpips_weighted,45400.0,0.01155917625874281
train/lpips_weighted,45450.0,0.011413170024752617
train/lpips_weighted,45500.0,0.011757745407521725
train/lpips_weighted,45550.0,0.011415062472224236
train/lpips_weighted,45600.0,0.011366212740540504
train/lpips_weighted,45650.0,0.011518367566168308
train/lpips_weighted,45700.0,0.011980337090790272
train/lpips_weighted,45750.0,0.010483886115252972
train/lpips_weighted,45800.0,0.011172395199537277
train/lpips_weighted,45850.0,0.011166304349899292
train/lpips_weighted,45900.0,0.011376256123185158
train/lpips_weighted,45950.0,0.010650800541043282
train/lpips_weighted,46000.0,0.011999686248600483
train/lpips_weighted,46050.0,0.011263098567724228
train/lpips_weighted,46100.0,0.012267190031707287
train/lpips_weighted,46150.0,0.010820077732205391
train/lpips_weighted,46200.0,0.011766375042498112
train/lpips_weighted,46250.0,0.01145226415246725
train/lpips_weighted,46300.0,0.010319046676158905
train/lpips_weighted,46350.0,0.011719529516994953
train/lpips_weighted,46400.0,0.011942468583583832
train/lpips_weighted,46450.0,0.011271493509411812
train/lpips_weighted,46500.0,0.011979179456830025
train/lpips_weighted,46550.0,0.012282104231417179
train/lpips_weighted,46600.0,0.012158496305346489
train/lpips_weighted,46650.0,0.011928079649806023
train/lpips_weighted,46700.0,0.011405212804675102
train/lpips_weighted,46750.0,0.010096561163663864
train/lpips_weighted,46800.0,0.01174288522452116
train/lpips_weighted,46850.0,0.011634886264801025
train/lpips_weighted,46900.0,0.012568768113851547
train/lpips_weighted,46950.0,0.011298537254333496
train/lpips_weighted,47000.0,0.011977966874837875
train/lpips_weighted,47050.0,0.010865289717912674
train/lpips_weighted,47100.0,0.010940900072455406
train/lpips_weighted,47150.0,0.010178945027291775
train/lpips_weighted,47200.0,0.01073489524424076
train/lpips_weighted,47250.0,0.012244079262018204
train/lpips_weighted,47300.0,0.010866912081837654
train/lpips_weighted,47350.0,0.010882217437028885
train/lpips_weighted,47400.0,0.011171495541930199
train/lpips_weighted,47450.0,0.011215836741030216
train/lpips_weighted,47500.0,0.011724457144737244
train/lpips_weighted,47550.0,0.01142176054418087
train/lpips_weighted,47600.0,0.011890338733792305
train/lpips_weighted,47650.0,0.010966523550450802
train/lpips_weighted,47700.0,0.011469392105937004
train/lpips_weighted,47750.0,0.01227881945669651
train/lpips_weighted,47800.0,0.01149270124733448
train/lpips_weighted,47850.0,0.010574067011475563
train/lpips_weighted,47900.0,0.010638099163770676
train/lpips_weighted,47950.0,0.011112174019217491
train/lpips_weighted,48000.0,0.01143795158714056
train/lpips_weighted,48050.0,0.01103582326322794
train/lpips_weighted,48100.0,0.011259038932621479
train/lpips_weighted,48150.0,0.012526201084256172
train/lpips_weighted,48200.0,0.0107513926923275
train/lpips_weighted,48250.0,0.011289859190583229
train/lpips_weighted,48300.0,0.010666296817362309
train/lpips_weighted,48350.0,0.011770758777856827
train/lpips_weighted,48400.0,0.011312868446111679
train/lpips_weighted,48450.0,0.011537982150912285
train/lpips_weighted,48500.0,0.011998839676380157
train/lpips_weighted,48550.0,0.011567208915948868
train/lpips_weighted,48600.0,0.011425460688769817
train/lpips_weighted,48650.0,0.011449089273810387
train/lpips_weighted,48700.0,0.011200511828064919
train/lpips_weighted,48750.0,0.011121866293251514
train/lpips_weighted,48800.0,0.01168905757367611
train/lpips_weighted,48850.0,0.012623361311852932
train/lpips_weighted,48900.0,0.012376832775771618
train/lpips_weighted,48950.0,0.011392917484045029
train/lpips_weighted,49000.0,0.01218019425868988
train/lpips_weighted,49050.0,0.011475399136543274
train/lpips_weighted,49100.0,0.011100251227617264
train/lpips_weighted,49150.0,0.011599324643611908
train/lpips_weighted,49200.0,0.010562267154455185
train/lpips_weighted,49250.0,0.011857990175485611
train/lpips_weighted,49300.0,0.01194921787828207
train/lpips_weighted,49350.0,0.011808264069259167
train/lpips_weighted,49400.0,0.0114585030823946
train/lpips_weighted,49450.0,0.012022482231259346
train/lpips_weighted,49500.0,0.010764366015791893
train/lpips_weighted,49550.0,0.011383484117686749
train/lpips_weighted,49600.0,0.010719681158661842
train/lpips_weighted,49650.0,0.011436818167567253
train/lpips_weighted,49700.0,0.010804232209920883
train/lpips_weighted,49750.0,0.012613704428076744
train/lpips_weighted,49800.0,0.011876046657562256
train/lpips_weighted,49850.0,0.011811948381364346
train/lpips_weighted,49900.0,0.011845322325825691
train/lpips_weighted,49950.0,0.011590654030442238
train/lpips_weighted,50000.0,0.01160453725606203
train/lpips_weighted,50050.0,0.010753301903605461
train/lpips_weighted,50100.0,0.010840557515621185
train/lpips_weighted,50150.0,0.010496532544493675
train/lpips_weighted,50200.0,0.011113890446722507
train/lpips_weighted,50250.0,0.01162402331829071
train/lpips_weighted,50300.0,0.01189835462719202
train/lpips_weighted,50350.0,0.011927078478038311
train/lpips_weighted,50400.0,0.012137987650930882
train/lpips_weighted,50450.0,0.01141090877354145
train/lpips_weighted,50500.0,0.010632197372615337
train/lpips_weighted,50550.0,0.011712443083524704
train/lpips_weighted,50600.0,0.010413674637675285
train/lpips_weighted,50650.0,0.01128689106553793
train/lpips_weighted,50700.0,0.011269849725067616
train/lpips_weighted,50750.0,0.011617803946137428
train/lpips_weighted,50800.0,0.010505185462534428
train/lpips_weighted,50850.0,0.010830300860106945
train/lpips_weighted,50900.0,0.010515579022467136
train/lpips_weighted,50950.0,0.011722778901457787
train/lpips_weighted,51000.0,0.011336281895637512
train/lpips_weighted,51050.0,0.011558247730135918
train/lpips_weighted,51100.0,0.01112422626465559
train/lpips_weighted,51150.0,0.011580445803701878
train/lpips_weighted,51200.0,0.011569545604288578
train/lpips_weighted,51250.0,0.012334986589848995
train/lpips_weighted,51300.0,0.01127978228032589
train/lpips_weighted,51350.0,0.011765575036406517
train/lpips_weighted,51400.0,0.011121561750769615
train/lpips_weighted,51450.0,0.011288859881460667
train/lpips_weighted,51500.0,0.01105231698602438
train/lpips_weighted,51550.0,0.011829419061541557
train/lpips_weighted,51600.0,0.011354134418070316
train/lpips_weighted,51650.0,0.010886956006288528
train/lpips_weighted,51700.0,0.010003100149333477
train/lpips_weighted,51750.0,0.011181265115737915
train/lpips_weighted,51800.0,0.010545369237661362
train/lpips_weighted,51850.0,0.011251848191022873
train/lpips_weighted,51900.0,0.01157538965344429
train/lpips_weighted,51950.0,0.011651837266981602
train/lpips_weighted,52000.0,0.01055896282196045
train/lpips_weighted,52050.0,0.010405166074633598
train/lpips_weighted,52100.0,0.011707891710102558
train/lpips_weighted,52150.0,0.010202466510236263
train/lpips_weighted,52200.0,0.011052615940570831
train/lpips_weighted,52250.0,0.011910117231309414
train/lpips_weighted,52300.0,0.011672182008624077
train/lpips_weighted,52350.0,0.011872442439198494
train/lpips_weighted,52400.0,0.011396658606827259
train/lpips_weighted,52450.0,0.01111211534589529
train/lpips_weighted,52500.0,0.011469503864645958
train/lpips_weighted,52550.0,0.01080135628581047
train/lpips_weighted,52600.0,0.011623196303844452
train/lpips_weighted,52650.0,0.011101383715867996
train/lpips_weighted,52700.0,0.012057049199938774
train/lpips_weighted,52750.0,0.01077478937804699
train/lpips_weighted,52800.0,0.011426297947764397
train/lpips_weighted,52850.0,0.011662611737847328
train/lpips_weighted,52900.0,0.011217979714274406
train/lpips_weighted,52950.0,0.011305602267384529
train/lpips_weighted,53000.0,0.012157538905739784
train/lpips_weighted,53050.0,0.012213271111249924
train/lpips_weighted,53100.0,0.011027364991605282
train/lpips_weighted,53150.0,0.012173624709248543
train/lpips_weighted,53200.0,0.011453884653747082
train/lpips_weighted,53250.0,0.01295555755496025
train/lpips_weighted,53300.0,0.010587836615741253
train/lpips_weighted,53350.0,0.01111413724720478
train/lpips_weighted,53400.0,0.011212093755602837
train/lpips_weighted,53450.0,0.010618562810122967
train/lpips_weighted,53500.0,0.01163652166724205
train/lpips_weighted,53550.0,0.011323273181915283
train/lpips_weighted,53600.0,0.011197634972631931
train/lpips_weighted,53650.0,0.011319831945002079
train/lpips_weighted,53700.0,0.011220971122384071
train/lpips_weighted,53750.0,0.011272681877017021
train/lpips_weighted,53800.0,0.01115940511226654
train/lpips_weighted,53850.0,0.011250164359807968
train/lpips_weighted,53900.0,0.012025441974401474
train/lpips_weighted,53950.0,0.011348520405590534
train/lpips_weighted,54000.0,0.011853845790028572
train/lpips_weighted,54050.0,0.011956614442169666
train/lpips_weighted,54100.0,0.011289483867585659
train/lpips_weighted,54150.0,0.011851580813527107
train/lpips_weighted,54200.0,0.010358140803873539
train/lpips_weighted,54250.0,0.0115987379103899
train/lpips_weighted,54300.0,0.011841137893497944
train/lpips_weighted,54350.0,0.012094519101083279
train/lpips_weighted,54400.0,0.011624835431575775
train/lpips_weighted,54450.0,0.011182785034179688
train/lpips_weighted,54500.0,0.011571187525987625
train/lpips_weighted,54550.0,0.011455399915575981
train/lpips_weighted,54600.0,0.01056833378970623
train/lpips_weighted,54650.0,0.012359676882624626
train/lpips_weighted,54700.0,0.011217858642339706
train/lpips_weighted,54750.0,0.011734130792319775
train/lpips_weighted,54800.0,0.01070004515349865
train/lpips_weighted,54850.0,0.01220623217523098
train/lpips_weighted,54900.0,0.011184229515492916
train/lpips_weighted,54950.0,0.010840454138815403
train/lpips_weighted,55000.0,0.011916914954781532
train/lpips_weighted,55050.0,0.01306066382676363
train/lpips_weighted,55100.0,0.012405138462781906
train/lpips_weighted,55150.0,0.011795543134212494
train/lpips_weighted,55200.0,0.011786747723817825
train/lpips_weighted,55250.0,0.010611288249492645
train/lpips_weighted,55300.0,0.011818433180451393
train/lpips_weighted,55350.0,0.010445142164826393
train/lpips_weighted,55400.0,0.010600607842206955
train/lpips_weighted,55450.0,0.01109977625310421
train/lpips_weighted,55500.0,0.01080862246453762
train/lpips_weighted,55550.0,0.012052423320710659
train/lpips_weighted,55600.0,0.01166071929037571
train/lpips_weighted,55650.0,0.011913996189832687
train/lpips_weighted,55700.0,0.011525898240506649
train/lpips_weighted,55750.0,0.011061265133321285
train/lpips_weighted,55800.0,0.011171387508511543
train/lpips_weighted,55850.0,0.011228537186980247
train/lpips_weighted,55900.0,0.01189732551574707
train/lpips_weighted,55950.0,0.011172037571668625
train/lpips_weighted,56000.0,0.01151273027062416
train/lpips_weighted,56050.0,0.011657300405204296
train/lpips_weighted,56100.0,0.011606086045503616
train/lpips_weighted,56150.0,0.011338715441524982
train/lpips_weighted,56200.0,0.011614837683737278
train/lpips_weighted,56250.0,0.01132719311863184
train/lpips_weighted,56300.0,0.0118667958304286
train/lpips_weighted,56350.0,0.01094205491244793
train/lpips_weighted,56400.0,0.01215206366032362
train/lpips_weighted,56450.0,0.011782961897552013
train/lpips_weighted,56500.0,0.011623390018939972
train/lpips_weighted,56550.0,0.011698849499225616
train/lpips_weighted,56600.0,0.011997849680483341
train/lpips_weighted,56650.0,0.01187768206000328
train/lpips_weighted,56700.0,0.011529713869094849
train/lpips_weighted,56750.0,0.011640399694442749
train/lpips_weighted,56800.0,0.010728737339377403
train/lpips_weighted,56850.0,0.011735022068023682
train/lpips_weighted,56900.0,0.012208284810185432
train/lpips_weighted,56950.0,0.010521170683205128
train/lpips_weighted,57000.0,0.011965171433985233
train/lpips_weighted,57050.0,0.010985034517943859
train/lpips_weighted,57100.0,0.011359818279743195
train/lpips_weighted,57150.0,0.010483728721737862
train/lpips_weighted,57200.0,0.011415889486670494
train/lpips_weighted,57250.0,0.011317268945276737
train/lpips_weighted,57300.0,0.01115153543651104
train/lpips_weighted,57350.0,0.01138855330646038
train/lpips_weighted,57400.0,0.011541022919118404
train/lpips_weighted,57450.0,0.011065492406487465
train/lpips_weighted,57500.0,0.01174092572182417
train/lpips_weighted,57550.0,0.011388677172362804
train/lpips_weighted,57600.0,0.011305209249258041
train/lpips_weighted,57650.0,0.011441880837082863
train/lpips_weighted,57700.0,0.01224032137542963
train/lpips_weighted,57750.0,0.01095051784068346
train/lpips_weighted,57800.0,0.012542186304926872
train/lpips_weighted,57850.0,0.01088680513203144
train/lpips_weighted,57900.0,0.01079351082444191
train/lpips_weighted,57950.0,0.010770758613944054
train/lpips_weighted,58000.0,0.010734985582530499
train/lpips_weighted,58050.0,0.011627277359366417
train/lpips_weighted,58100.0,0.011250346899032593
train/lpips_weighted,58150.0,0.011221163906157017
train/lpips_weighted,58200.0,0.01146589033305645
train/lpips_weighted,58250.0,0.012119054794311523
train/lpips_weighted,58300.0,0.011603276245296001
train/lpips_weighted,58350.0,0.011323132552206516
train/lpips_weighted,58400.0,0.012005560100078583
train/lpips_weighted,58450.0,0.011173143982887268
train/lpips_weighted,58500.0,0.010899312794208527
train/lpips_weighted,58550.0,0.011767049320042133
train/lpips_weighted,58600.0,0.010953176766633987
train/lpips_weighted,58650.0,0.011027578264474869
train/lpips_weighted,58700.0,0.010470934212207794
train/lpips_weighted,58750.0,0.01162499375641346
train/lpips_weighted,58800.0,0.010632582008838654
train/lpips_weighted,58850.0,0.011808271519839764
train/lpips_weighted,58900.0,0.010477501899003983
train/lpips_weighted,58950.0,0.011216281913220882
train/lpips_weighted,59000.0,0.011430828832089901
train/lpips_weighted,59050.0,0.011188512668013573
train/lpips_weighted,59100.0,0.010653077624738216
train/lpips_weighted,59150.0,0.011592795141041279
train/lpips_weighted,59200.0,0.011874867603182793
train/lpips_weighted,59250.0,0.011440685018897057
train/lpips_weighted,59300.0,0.011805918999016285
train/lpips_weighted,59350.0,0.012046361342072487
train/lpips_weighted,59400.0,0.012224774807691574
train/lpips_weighted,59450.0,0.011836867779493332
train/lpips_weighted,59500.0,0.012186244130134583
train/lpips_weighted,59550.0,0.011068442836403847
train/lpips_weighted,59600.0,0.011558907106518745
train/lpips_weighted,59650.0,0.010684474371373653
train/lpips_weighted,59700.0,0.011851287446916103
train/lpips_weighted,59750.0,0.011519229039549828
train/lpips_weighted,59800.0,0.011009384877979755
train/lpips_weighted,59850.0,0.011098358780145645
train/lpips_weighted,59900.0,0.011437270790338516
train/lpips_weighted,59950.0,0.01136421225965023
train/lpips_weighted,60000.0,0.011044362559914589
train/lpips_weighted,60050.0,0.011401673778891563
train/lpips_weighted,60100.0,0.011128966696560383
train/lpips_weighted,60150.0,0.011101819574832916
train/lpips_weighted,60200.0,0.011569463647902012
train/lpips_weighted,60250.0,0.010935907252132893
train/lpips_weighted,60300.0,0.010271676816046238
train/lpips_weighted,60350.0,0.010617892257869244
train/lpips_weighted,60400.0,0.011207159608602524
train/lpips_weighted,60450.0,0.011952647939324379
train/lpips_weighted,60500.0,0.011313128285109997
train/lpips_weighted,60550.0,0.010927656665444374
train/lpips_weighted,60600.0,0.011840556748211384
train/lpips_weighted,60650.0,0.010975302197039127
train/lpips_weighted,60700.0,0.010062855668365955
train/lpips_weighted,60750.0,0.011245081201195717
train/lpips_weighted,60800.0,0.011239178478717804
train/lpips_weighted,60850.0,0.011804039590060711
train/lpips_weighted,60900.0,0.012212643399834633
train/lpips_weighted,60950.0,0.01127021573483944
train/lpips_weighted,61000.0,0.010998943820595741
train/lpips_weighted,61050.0,0.010806336998939514
train/lpips_weighted,61100.0,0.011576840654015541
train/lpips_weighted,61150.0,0.011332943104207516
train/lpips_weighted,61200.0,0.010847684927284718
train/lpips_weighted,61250.0,0.010214964859187603
train/lpips_weighted,61300.0,0.011569175869226456
train/lpips_weighted,61350.0,0.010651206597685814
train/lpips_weighted,61400.0,0.011447652243077755
train/lpips_weighted,61450.0,0.010748899541795254
train/lpips_weighted,61500.0,0.011178036220371723
train/lpips_weighted,61550.0,0.011102681048214436
train/lpips_weighted,61600.0,0.011454705148935318
train/lpips_weighted,61650.0,0.011432252824306488
train/lpips_weighted,61700.0,0.011482130736112595
train/lpips_weighted,61750.0,0.010455172508955002
train/lpips_weighted,61800.0,0.0111301951110363
train/lpips_weighted,61850.0,0.01242236327379942
train/lpips_weighted,61900.0,0.011853096075356007
train/lpips_weighted,61950.0,0.011503580957651138
train/lpips_weighted,62000.0,0.011026894673705101
train/lpips_weighted,62050.0,0.012770562432706356
train/lpips_weighted,62100.0,0.011522029526531696
train/lpips_weighted,62150.0,0.011308055371046066
train/lpips_weighted,62200.0,0.011988244019448757
train/lpips_weighted,62250.0,0.01162033248692751
train/lpips_weighted,62300.0,0.011411365121603012
train/lpips_weighted,62350.0,0.011455953121185303
train/lpips_weighted,62400.0,0.011048542335629463
train/lpips_weighted,62450.0,0.01137683354318142
train/lpips_weighted,62500.0,0.011145975440740585
train/lpips_weighted,62550.0,0.012102526612579823
train/lpips_weighted,62600.0,0.010835948400199413
train/lpips_weighted,62650.0,0.011789168231189251
train/lpips_weighted,62700.0,0.011628971435129642
train/lpips_weighted,62750.0,0.011077542789280415
train/lpips_weighted,62800.0,0.010069580748677254
train/lpips_weighted,62850.0,0.011055727489292622
train/lpips_weighted,62900.0,0.010782244615256786
train/lpips_weighted,62950.0,0.011930091306567192
train/lpips_weighted,63000.0,0.011835876852273941
train/lpips_weighted,63050.0,0.011428732424974442
train/lpips_weighted,63100.0,0.011331838555634022
train/lpips_weighted,63150.0,0.011110206134617329
train/lpips_weighted,63200.0,0.011257491074502468
train/lpips_weighted,63250.0,0.011501118540763855
train/lpips_weighted,63300.0,0.010721887461841106
train/lpips_weighted,63350.0,0.010715896263718605
train/lpips_weighted,63400.0,0.011814221739768982
train/lpips_weighted,63450.0,0.011493372730910778
train/lpips_weighted,63500.0,0.01141437515616417
train/lpips_weighted,63550.0,0.010979855433106422
train/lpips_weighted,63600.0,0.011661859229207039
train/lpips_weighted,63650.0,0.010972950607538223
train/lpips_weighted,63700.0,0.011271655559539795
train/lpips_weighted,63750.0,0.010848205536603928
train/lpips_weighted,63800.0,0.011218050494790077
train/lpips_weighted,63850.0,0.010929830372333527
train/lpips_weighted,63900.0,0.011373717337846756
train/lpips_weighted,63950.0,0.011650348082184792
train/lpips_weighted,64000.0,0.011152945458889008
train/lpips_weighted,64050.0,0.011156058870255947
train/lpips_weighted,64100.0,0.011883191764354706
train/lpips_weighted,64150.0,0.010792945511639118
train/lpips_weighted,64200.0,0.010863082483410835
train/lpips_weighted,64250.0,0.012171197682619095
train/lpips_weighted,64300.0,0.012131817638874054
train/lpips_weighted,64350.0,0.01059151440858841
train/lpips_weighted,64400.0,0.011557675898075104
train/lpips_weighted,64450.0,0.01140887662768364
train/lpips_weighted,64500.0,0.011039935983717442
train/lpips_weighted,64550.0,0.010702216997742653
train/lpips_weighted,64600.0,0.01180870272219181
train/lpips_weighted,64650.0,0.011730272322893143
train/lpips_weighted,64700.0,0.011090545915067196
train/lpips_weighted,64750.0,0.010152135044336319
train/lpips_weighted,64800.0,0.011676316149532795
train/lpips_weighted,64850.0,0.01114328671246767
train/lpips_weighted,64900.0,0.010746789164841175
train/lpips_weighted,64950.0,0.01214202307164669
train/lpips_weighted,65000.0,0.01210271380841732
train/lpips_weighted,65050.0,0.011602635495364666
train/lpips_weighted,65100.0,0.012145403772592545
train/lpips_weighted,65150.0,0.011580592952668667
train/lpips_weighted,65200.0,0.01159466989338398
train/lpips_weighted,65250.0,0.011166232638061047
train/lpips_weighted,65300.0,0.010678318329155445
train/lpips_weighted,65350.0,0.010609258897602558
train/lpips_weighted,65400.0,0.011849024333059788
train/lpips_weighted,65450.0,0.011785007081925869
train/lpips_weighted,65500.0,0.010460569523274899
train/lpips_weighted,65550.0,0.011364046484231949
train/lpips_weighted,65600.0,0.011396032758057117
train/lpips_weighted,65650.0,0.011101560667157173
train/lpips_weighted,65700.0,0.01201612688601017
train/lpips_weighted,65750.0,0.01142123993486166
train/lpips_weighted,65800.0,0.011648466810584068
train/lpips_weighted,65850.0,0.011783324182033539
train/lpips_weighted,65900.0,0.011705637909471989
train/lpips_weighted,65950.0,0.011194153688848019
train/lpips_weighted,66000.0,0.011030680499970913
train/lpips_weighted,66050.0,0.010648515075445175
train/lpips_weighted,66100.0,0.011189784854650497
train/lpips_weighted,66150.0,0.011293664574623108
train/lpips_weighted,66200.0,0.010460053570568562
train/lpips_weighted,66250.0,0.011618897318840027
train/lpips_weighted,66300.0,0.010887203738093376
train/lpips_weighted,66350.0,0.010747041553258896
train/lpips_weighted,66400.0,0.01074207853525877
train/lpips_weighted,66450.0,0.011753324419260025
train/lpips_weighted,66500.0,0.01166297122836113
train/lpips_weighted,66550.0,0.010870663449168205
train/lpips_weighted,66600.0,0.010829230770468712
train/lpips_weighted,66650.0,0.01125786267220974
train/lpips_weighted,66700.0,0.010770674794912338
train/lpips_weighted,66750.0,0.010967963375151157
train/lpips_weighted,66800.0,0.011766663752496243
train/lpips_weighted,66850.0,0.010545042343437672
train/lpips_weighted,66900.0,0.011087105609476566
train/lpips_weighted,66950.0,0.011458300985395908
train/lpips_weighted,67000.0,0.011509917676448822
train/lpips_weighted,67050.0,0.010941555723547935
train/lpips_weighted,67100.0,0.011574655771255493
train/lpips_weighted,67150.0,0.011381338350474834
train/lpips_weighted,67200.0,0.01185666024684906
train/lpips_weighted,67250.0,0.011731192469596863
train/lpips_weighted,67300.0,0.011393130756914616
train/lpips_weighted,67350.0,0.010574622079730034
train/lpips_weighted,67400.0,0.011292227543890476
train/lpips_weighted,67450.0,0.010619854554533958
train/lpips_weighted,67500.0,0.011310383677482605
train/lpips_weighted,67550.0,0.010930453427135944
train/lpips_weighted,67600.0,0.01148526556789875
train/lpips_weighted,67650.0,0.011149808764457703
train/lpips_weighted,67700.0,0.010663202963769436
train/lpips_weighted,67750.0,0.011197068728506565
train/lpips_weighted,67800.0,0.011622855439782143
train/lpips_weighted,67850.0,0.010793357156217098
train/lpips_weighted,67900.0,0.01120421290397644
train/lpips_weighted,67950.0,0.010906721465289593
train/lpips_weighted,68000.0,0.010850327089428902
train/lpips_weighted,68050.0,0.011245103552937508
train/lpips_weighted,68100.0,0.01071794144809246
train/lpips_weighted,68150.0,0.010834205895662308
train/lpips_weighted,68200.0,0.011000875383615494
train/lpips_weighted,68250.0,0.010899245738983154
train/lpips_weighted,68300.0,0.01116697583347559
train/lpips_weighted,68350.0,0.011087737046182156
train/lpips_weighted,68400.0,0.011265317909419537
train/lpips_weighted,68450.0,0.010875692591071129
train/lpips_weighted,68500.0,0.010847189463675022
train/lpips_weighted,68550.0,0.011115440167486668
train/lpips_weighted,68600.0,0.010436142794787884
train/lpips_weighted,68650.0,0.011085176840424538
train/lpips_weighted,68700.0,0.011347408406436443
train/lpips_weighted,68750.0,0.010912690311670303
train/lpips_weighted,68800.0,0.010839982889592648
train/lpips_weighted,68850.0,0.010281123220920563
train/lpips_weighted,68900.0,0.011187189258635044
train/lpips_weighted,68950.0,0.011342707090079784
train/lpips_weighted,69000.0,0.010739765129983425
train/lpips_weighted,69050.0,0.011286475695669651
train/lpips_weighted,69100.0,0.01165061630308628
train/lpips_weighted,69150.0,0.010866295546293259
train/lpips_weighted,69200.0,0.011136170476675034
train/lpips_weighted,69250.0,0.010204649530351162
train/lpips_weighted,69300.0,0.012171408161520958
train/lpips_weighted,69350.0,0.011178760789334774
train/lpips_weighted,69400.0,0.011774018406867981
train/lpips_weighted,69450.0,0.01260294672101736
train/lpips_weighted,69500.0,0.01171468198299408
train/lpips_weighted,69550.0,0.012199142016470432
train/lpips_weighted,69600.0,0.01119739655405283
train/lpips_weighted,69650.0,0.011531542986631393
train/lpips_weighted,69700.0,0.011893623508512974
train/lpips_weighted,69750.0,0.011567267589271069
train/lpips_weighted,69800.0,0.010804069228470325
train/lpips_weighted,69850.0,0.011648506857454777
train/lpips_weighted,69900.0,0.010944783687591553
train/lpips_weighted,69950.0,0.01126426737755537
train/lpips_weighted,70000.0,0.01155687402933836
train/lpips_weighted,70050.0,0.011361844837665558
train/lpips_weighted,70100.0,0.011132417246699333
train/lpips_weighted,70150.0,0.011728698387742043
train/lpips_weighted,70200.0,0.011221488006412983
train/lpips_weighted,70250.0,0.011620539240539074
train/lpips_weighted,70300.0,0.011048523709177971
train/lpips_weighted,70350.0,0.011879825964570045
train/lpips_weighted,70400.0,0.011784951202571392
train/lpips_weighted,70450.0,0.011362317949533463
train/lpips_weighted,70500.0,0.01121203601360321
train/lpips_weighted,70550.0,0.011852444149553776
train/lpips_weighted,70600.0,0.010442674160003662
train/lpips_weighted,70650.0,0.01143586914986372
train/lpips_weighted,70700.0,0.011031268164515495
train/lpips_weighted,70750.0,0.011364120990037918
train/lpips_weighted,70800.0,0.011335426941514015
train/lpips_weighted,70850.0,0.010945889167487621
train/lpips_weighted,70900.0,0.012442638166248798
train/lpips_weighted,70950.0,0.011456051841378212
train/lpips_weighted,71000.0,0.011814335361123085
train/lpips_weighted,71050.0,0.01096320990473032
train/lpips_weighted,71100.0,0.011949545703828335
train/lpips_weighted,71150.0,0.011176735162734985
train/lpips_weighted,71200.0,0.011324973776936531
train/lpips_weighted,71250.0,0.010494410991668701
train/lpips_weighted,71300.0,0.009586000815033913
train/lpips_weighted,71350.0,0.010789023712277412
train/lpips_weighted,71400.0,0.010901193134486675
train/lpips_weighted,71450.0,0.011023115366697311
train/lpips_weighted,71500.0,0.010240812785923481
train/lpips_weighted,71550.0,0.010348787531256676
train/lpips_weighted,71600.0,0.011508823372423649
train/lpips_weighted,71650.0,0.010701507329940796
train/lpips_weighted,71700.0,0.011543028056621552
train/lpips_weighted,71750.0,0.011276611126959324
train/lpips_weighted,71800.0,0.011133287101984024
train/lpips_weighted,71850.0,0.010893167927861214
train/lpips_weighted,71900.0,0.011186273768544197
train/lpips_weighted,71950.0,0.010920359753072262
train/lpips_weighted,72000.0,0.010521751828491688
train/lpips_weighted,72050.0,0.011613914743065834
train/lpips_weighted,72100.0,0.010801739059388638
train/lpips_weighted,72150.0,0.010597310960292816
train/lpips_weighted,72200.0,0.010559570975601673
train/lpips_weighted,72250.0,0.011100535281002522
train/lpips_weighted,72300.0,0.011795220896601677
train/lpips_weighted,72350.0,0.010943303816020489
train/lpips_weighted,72400.0,0.011553380638360977
train/lpips_weighted,72450.0,0.011506867595016956
train/lpips_weighted,72500.0,0.011303755454719067
train/lpips_weighted,72550.0,0.010768420994281769
train/lpips_weighted,72600.0,0.01173733826726675
train/lpips_weighted,72650.0,0.011047065258026123
train/lpips_weighted,72700.0,0.0116348247975111
train/lpips_weighted,72750.0,0.01103542372584343
train/lpips_weighted,72800.0,0.011100875213742256
train/lpips_weighted,72850.0,0.011625920422375202
train/lpips_weighted,72900.0,0.011590097099542618
train/lpips_weighted,72950.0,0.011699863709509373
train/lpips_weighted,73000.0,0.010927756316959858
train/lpips_weighted,73050.0,0.011468075215816498
train/lpips_weighted,73100.0,0.01185481995344162
train/lpips_weighted,73150.0,0.011863517574965954
train/lpips_weighted,73200.0,0.01190323755145073
train/lpips_weighted,73250.0,0.010571954771876335
train/lpips_weighted,73300.0,0.011238938197493553
train/lpips_weighted,73350.0,0.011834776028990746
train/lpips_weighted,73400.0,0.011718441732227802
train/lpips_weighted,73450.0,0.010420719161629677
train/lpips_weighted,73500.0,0.011674042791128159
train/lpips_weighted,73550.0,0.011509109288454056
train/lpips_weighted,73600.0,0.010966277681291103
train/lpips_weighted,73650.0,0.012045655399560928
train/lpips_weighted,73700.0,0.010437401942908764
train/lpips_weighted,73750.0,0.011672994121909142
train/lpips_weighted,73800.0,0.011065415106713772
train/lpips_weighted,73850.0,0.011340735480189323
train/lpips_weighted,73900.0,0.011497808620333672
train/lpips_weighted,73950.0,0.011389072984457016
train/lpips_weighted,74000.0,0.011112491600215435
train/lpips_weighted,74050.0,0.010912982746958733
train/lpips_weighted,74100.0,0.010992003604769707
train/lpips_weighted,74150.0,0.010964345186948776
train/lpips_weighted,74200.0,0.011847532354295254
train/lpips_weighted,74250.0,0.011613273993134499
train/lpips_weighted,74300.0,0.011128207668662071
train/lpips_weighted,74350.0,0.01165168359875679
train/lpips_weighted,74400.0,0.010617262683808804
train/lpips_weighted,74450.0,0.01102006621658802
train/lpips_weighted,74500.0,0.01237571518868208
train/lpips_weighted,74550.0,0.0119935292750597
train/lpips_weighted,74600.0,0.010950866155326366
train/lpips_weighted,74650.0,0.010860060341656208
train/lpips_weighted,74700.0,0.0112741868942976
train/lpips_weighted,74750.0,0.010686335153877735
train/lpips_weighted,74800.0,0.012163431383669376
train/lpips_weighted,74850.0,0.011269569396972656
train/lpips_weighted,74900.0,0.011326848529279232
train/lpips_weighted,74950.0,0.010459597222507
train/lpips_weighted,75000.0,0.011920487508177757
train/lpips_weighted,75050.0,0.011496985331177711
train/lpips_weighted,75100.0,0.01044304110109806
train/lpips_weighted,75150.0,0.011918488889932632
train/lpips_weighted,75200.0,0.010933858342468739
train/lpips_weighted,75250.0,0.011366377584636211
train/lpips_weighted,75300.0,0.010853495448827744
train/lpips_weighted,75350.0,0.01210697554051876
train/lpips_weighted,75400.0,0.011081581935286522
train/lpips_weighted,75450.0,0.012574381195008755
train/lpips_weighted,75500.0,0.010271482169628143
train/lpips_weighted,75550.0,0.010867372155189514
train/lpips_weighted,75600.0,0.011073969304561615
train/lpips_weighted,75650.0,0.012052438221871853
train/lpips_weighted,75700.0,0.011452985927462578
train/lpips_weighted,75750.0,0.01129880826920271
train/lpips_weighted,75800.0,0.011143560521304607
train/lpips_weighted,75850.0,0.01111166924238205
train/lpips_weighted,75900.0,0.011006147600710392
train/lpips_weighted,75950.0,0.010852423496544361
train/lpips_weighted,76000.0,0.010838756337761879
train/lpips_weighted,76050.0,0.011226021684706211
train/lpips_weighted,76100.0,0.011368794366717339
train/lpips_weighted,76150.0,0.01098741963505745
train/lpips_weighted,76200.0,0.012242713943123817
train/lpips_weighted,76250.0,0.011642590165138245
train/lpips_weighted,76300.0,0.012445437721908092
train/lpips_weighted,76350.0,0.011865862645208836
train/lpips_weighted,76400.0,0.010782646015286446
train/lpips_weighted,76450.0,0.011626104824244976
train/lpips_weighted,76500.0,0.011638597585260868
train/lpips_weighted,76550.0,0.011297079734504223
train/lpips_weighted,76600.0,0.010812748223543167
train/lpips_weighted,76650.0,0.011316923424601555
train/lpips_weighted,76700.0,0.010944442823529243
train/lpips_weighted,76750.0,0.01126575842499733
train/lpips_weighted,76800.0,0.01158536784350872
train/lpips_weighted,76850.0,0.01073724590241909
train/lpips_weighted,76900.0,0.011422078125178814
train/lpips_weighted,76950.0,0.011631595902144909
train/lpips_weighted,77000.0,0.010896852239966393
train/lpips_weighted,77050.0,0.011715236119925976
train/lpips_weighted,77100.0,0.010697098448872566
train/lpips_weighted,77150.0,0.010839378461241722
train/lpips_weighted,77200.0,0.010870379395782948
train/lpips_weighted,77250.0,0.011452609673142433
train/lpips_weighted,77300.0,0.01150180958211422
train/lpips_weighted,77350.0,0.01173674687743187
train/lpips_weighted,77400.0,0.011207791976630688
train/lpips_weighted,77450.0,0.010813441127538681
train/lpips_weighted,77500.0,0.011260335333645344
train/lpips_weighted,77550.0,0.011370518244802952
train/lpips_weighted,77600.0,0.011134876869618893
train/lpips_weighted,77650.0,0.011002274230122566
train/lpips_weighted,77700.0,0.011104135774075985
train/lpips_weighted,77750.0,0.011365262791514397
train/lpips_weighted,77800.0,0.011283542960882187
train/lpips_weighted,77850.0,0.01070263423025608
train/lpips_weighted,77900.0,0.01063599530607462
train/lpips_weighted,77950.0,0.011723238043487072
train/lpips_weighted,78000.0,0.01090613380074501
train/lpips_weighted,78050.0,0.011477242223918438
train/lpips_weighted,78100.0,0.011354888789355755
train/lpips_weighted,78150.0,0.01153329573571682
train/lpips_weighted,78200.0,0.01167658157646656
train/lpips_weighted,78250.0,0.01144274789839983
train/lpips_weighted,78300.0,0.010850518941879272
train/lpips_weighted,78350.0,0.01081243995577097
train/lpips_weighted,78400.0,0.011462869122624397
train/lpips_weighted,78450.0,0.010916206985712051
train/lpips_weighted,78500.0,0.011222709901630878
train/lpips_weighted,78550.0,0.011160487309098244
train/lpips_weighted,78600.0,0.011746197938919067
train/lpips_weighted,78650.0,0.01083282195031643
train/lpips_weighted,78700.0,0.010658303275704384
train/lpips_weighted,78750.0,0.010786696337163448
train/lpips_weighted,78800.0,0.010897382162511349
train/lpips_weighted,78850.0,0.011689439415931702
train/lpips_weighted,78900.0,0.011324512772262096
train/lpips_weighted,78950.0,0.01139671541750431
train/lpips_weighted,79000.0,0.010080899111926556
train/lpips_weighted,79050.0,0.011000909842550755
train/lpips_weighted,79100.0,0.01089019700884819
train/lpips_weighted,79150.0,0.011381459422409534
train/lpips_weighted,79200.0,0.010884249582886696
train/lpips_weighted,79250.0,0.01074760127812624
train/lpips_weighted,79300.0,0.011498941108584404
train/lpips_weighted,79350.0,0.012620588764548302
train/lpips_weighted,79400.0,0.01129499077796936
train/lpips_weighted,79450.0,0.011781234294176102
train/lpips_weighted,79500.0,0.011361856944859028
train/lpips_weighted,79550.0,0.009872086346149445
train/lpips_weighted,79600.0,0.012194545939564705
train/lpips_weighted,79650.0,0.012525008991360664
train/lpips_weighted,79700.0,0.010927030816674232
train/lpips_weighted,79750.0,0.010525219142436981
train/lpips_weighted,79800.0,0.00970461405813694
train/lpips_weighted,79850.0,0.012896116822957993
train/lpips_weighted,79900.0,0.01146337203681469
train/lpips_weighted,79950.0,0.010540278628468513
train/lpips_weighted,80000.0,0.01095888763666153
train/multiscale,1.0,0.29051661491394043
train/multiscale,50.0,0.190242201089859
train/multiscale,100.0,0.11090549826622009
train/multiscale,150.0,0.10642470419406891
train/multiscale,200.0,0.0947752520442009
train/multiscale,250.0,0.07689370214939117
train/multiscale,300.0,0.08180346339941025
train/multiscale,350.0,0.08076150715351105
train/multiscale,400.0,0.08592554926872253
train/multiscale,450.0,0.07790520787239075
train/multiscale,500.0,0.0785432979464531
train/multiscale,550.0,0.07018299400806427
train/multiscale,600.0,0.07904452830553055
train/multiscale,650.0,0.07469119876623154
train/multiscale,700.0,0.07130254060029984
train/multiscale,750.0,0.07059513032436371
train/multiscale,800.0,0.07060986012220383
train/multiscale,850.0,0.06974730640649796
train/multiscale,900.0,0.07029080390930176
train/multiscale,950.0,0.06921018660068512
train/multiscale,1000.0,0.06519227474927902
train/multiscale,1050.0,0.071039117872715
train/multiscale,1100.0,0.06661545485258102
train/multiscale,1150.0,0.0611422136425972
train/multiscale,1200.0,0.05852431803941727
train/multiscale,1250.0,0.059771522879600525
train/multiscale,1300.0,0.064032182097435
train/multiscale,1350.0,0.0656844824552536
train/multiscale,1400.0,0.06457018107175827
train/multiscale,1450.0,0.06107630208134651
train/multiscale,1500.0,0.06206259876489639
train/multiscale,1550.0,0.05811191350221634
train/multiscale,1600.0,0.05896817147731781
train/multiscale,1650.0,0.05717745050787926
train/multiscale,1700.0,0.061374515295028687
train/multiscale,1750.0,0.05803949385881424
train/multiscale,1800.0,0.059689220041036606
train/multiscale,1850.0,0.0696534663438797
train/multiscale,1900.0,0.06489698588848114
train/multiscale,1950.0,0.0612371489405632
train/multiscale,2000.0,0.056829486042261124
train/multiscale,2050.0,0.06150955334305763
train/multiscale,2100.0,0.06192684918642044
train/multiscale,2150.0,0.05890858173370361
train/multiscale,2200.0,0.062145814299583435
train/multiscale,2250.0,0.05929913371801376
train/multiscale,2300.0,0.05312497168779373
train/multiscale,2350.0,0.06645035743713379
train/multiscale,2400.0,0.05861889570951462
train/multiscale,2450.0,0.058329302817583084
train/multiscale,2500.0,0.05864986404776573
train/multiscale,2550.0,0.0580681636929512
train/multiscale,2600.0,0.05636496841907501
train/multiscale,2650.0,0.055631913244724274
train/multiscale,2700.0,0.05428694933652878
train/multiscale,2750.0,0.0626959577202797
train/multiscale,2800.0,0.056910451501607895
train/multiscale,2850.0,0.06403090804815292
train/multiscale,2900.0,0.06845804303884506
train/multiscale,2950.0,0.06156470999121666
train/multiscale,3000.0,0.0616924948990345
train/multiscale,3050.0,0.05325145646929741
train/multiscale,3100.0,0.06081544607877731
train/multiscale,3150.0,0.0555259995162487
train/multiscale,3200.0,0.05863642320036888
train/multiscale,3250.0,0.05651453137397766
train/multiscale,3300.0,0.06513683497905731
train/multiscale,3350.0,0.04977778345346451
train/multiscale,3400.0,0.058283481746912
train/multiscale,3450.0,0.05628861114382744
train/multiscale,3500.0,0.05803778022527695
train/multiscale,3550.0,0.06188947707414627
train/multiscale,3600.0,0.056569453328847885
train/multiscale,3650.0,0.05420012027025223
train/multiscale,3700.0,0.05059874430298805
train/multiscale,3750.0,0.056633081287145615
train/multiscale,3800.0,0.05983069911599159
train/multiscale,3850.0,0.06008931249380112
train/multiscale,3900.0,0.05545263737440109
train/multiscale,3950.0,0.0583912655711174
train/multiscale,4000.0,0.06423194706439972
train/multiscale,4050.0,0.05836985260248184
train/multiscale,4100.0,0.0583115890622139
train/multiscale,4150.0,0.06556792557239532
train/multiscale,4200.0,0.06441640108823776
train/multiscale,4250.0,0.059640467166900635
train/multiscale,4300.0,0.05846799910068512
train/multiscale,4350.0,0.05388825759291649
train/multiscale,4400.0,0.05578827112913132
train/multiscale,4450.0,0.054973043501377106
train/multiscale,4500.0,0.055490218102931976
train/multiscale,4550.0,0.05094348266720772
train/multiscale,4600.0,0.060310445725917816
train/multiscale,4650.0,0.05903986096382141
train/multiscale,4700.0,0.05202441290020943
train/multiscale,4750.0,0.055336251854896545
train/multiscale,4800.0,0.054444774985313416
train/multiscale,4850.0,0.06184285134077072
train/multiscale,4900.0,0.06251589208841324
train/multiscale,4950.0,0.06002826243638992
train/multiscale,5000.0,0.05599592253565788
train/multiscale,5050.0,0.05826472491025925
train/multiscale,5100.0,0.06105930358171463
train/multiscale,5150.0,0.060153380036354065
train/multiscale,5200.0,0.06023012101650238
train/multiscale,5250.0,0.057072725147008896
train/multiscale,5300.0,0.06364940851926804
train/multiscale,5350.0,0.06218972057104111
train/multiscale,5400.0,0.054141346365213394
train/multiscale,5450.0,0.055789776146411896
train/multiscale,5500.0,0.05872906744480133
train/multiscale,5550.0,0.06037670001387596
train/multiscale,5600.0,0.05160300061106682
train/multiscale,5650.0,0.0526820607483387
train/multiscale,5700.0,0.05858828127384186
train/multiscale,5750.0,0.05939905717968941
train/multiscale,5800.0,0.062870554625988
train/multiscale,5850.0,0.05648445338010788
train/multiscale,5900.0,0.05711330473423004
train/multiscale,5950.0,0.058340009301900864
train/multiscale,6000.0,0.04988247901201248
train/multiscale,6050.0,0.05451950430870056
train/multiscale,6100.0,0.05413701757788658
train/multiscale,6150.0,0.055183857679367065
train/multiscale,6200.0,0.05692126229405403
train/multiscale,6250.0,0.05851738154888153
train/multiscale,6300.0,0.05835387855768204
train/multiscale,6350.0,0.05550379306077957
train/multiscale,6400.0,0.05279267579317093
train/multiscale,6450.0,0.052683040499687195
train/multiscale,6500.0,0.05515948683023453
train/multiscale,6550.0,0.060982514172792435
train/multiscale,6600.0,0.05123710632324219
train/multiscale,6650.0,0.050518982112407684
train/multiscale,6700.0,0.05813371762633324
train/multiscale,6750.0,0.06423655152320862
train/multiscale,6800.0,0.06310561299324036
train/multiscale,6850.0,0.056707464158535004
train/multiscale,6900.0,0.06089020520448685
train/multiscale,6950.0,0.04884468764066696
train/multiscale,7000.0,0.05617107078433037
train/multiscale,7050.0,0.056248631328344345
train/multiscale,7100.0,0.057875413447618484
train/multiscale,7150.0,0.055622830986976624
train/multiscale,7200.0,0.05560271814465523
train/multiscale,7250.0,0.05700653791427612
train/multiscale,7300.0,0.059710677713155746
train/multiscale,7350.0,0.05890380218625069
train/multiscale,7400.0,0.052900370210409164
train/multiscale,7450.0,0.05270663648843765
train/multiscale,7500.0,0.05079702287912369
train/multiscale,7550.0,0.0583605095744133
train/multiscale,7600.0,0.0631968080997467
train/multiscale,7650.0,0.05009737238287926
train/multiscale,7700.0,0.05744791030883789
train/multiscale,7750.0,0.05590258166193962
train/multiscale,7800.0,0.057331815361976624
train/multiscale,7850.0,0.055906251072883606
train/multiscale,7900.0,0.05722528323531151
train/multiscale,7950.0,0.05753486603498459
train/multiscale,8000.0,0.0593738853931427
train/multiscale,8050.0,0.05116771534085274
train/multiscale,8100.0,0.059152424335479736
train/multiscale,8150.0,0.06534069776535034
train/multiscale,8200.0,0.05899246409535408
train/multiscale,8250.0,0.05816300958395004
train/multiscale,8300.0,0.057975511997938156
train/multiscale,8350.0,0.056104809045791626
train/multiscale,8400.0,0.05746655538678169
train/multiscale,8450.0,0.060032278299331665
train/multiscale,8500.0,0.05770014971494675
train/multiscale,8550.0,0.054712045937776566
train/multiscale,8600.0,0.05463550612330437
train/multiscale,8650.0,0.057725608348846436
train/multiscale,8700.0,0.05502096191048622
train/multiscale,8750.0,0.05461408942937851
train/multiscale,8800.0,0.05405621603131294
train/multiscale,8850.0,0.062229737639427185
train/multiscale,8900.0,0.05853038281202316
train/multiscale,8950.0,0.05276168882846832
train/multiscale,9000.0,0.0577329583466053
train/multiscale,9050.0,0.05615547299385071
train/multiscale,9100.0,0.05703269690275192
train/multiscale,9150.0,0.06589215248823166
train/multiscale,9200.0,0.05364552512764931
train/multiscale,9250.0,0.06046160310506821
train/multiscale,9300.0,0.05883735790848732
train/multiscale,9350.0,0.05654652789235115
train/multiscale,9400.0,0.05160481482744217
train/multiscale,9450.0,0.057124026119709015
train/multiscale,9500.0,0.05579407140612602
train/multiscale,9550.0,0.058901868760585785
train/multiscale,9600.0,0.050343118607997894
train/multiscale,9650.0,0.047795720398426056
train/multiscale,9700.0,0.05439181998372078
train/multiscale,9750.0,0.05647418275475502
train/multiscale,9800.0,0.05828147381544113
train/multiscale,9850.0,0.05379703268408775
train/multiscale,9900.0,0.05083059147000313
train/multiscale,9950.0,0.05786886066198349
train/multiscale,10000.0,0.05878947675228119
train/multiscale,10050.0,0.05544387921690941
train/multiscale,10100.0,0.05483854562044144
train/multiscale,10150.0,0.06012992560863495
train/multiscale,10200.0,0.06248576194047928
train/multiscale,10250.0,0.05498414486646652
train/multiscale,10300.0,0.05205889791250229
train/multiscale,10350.0,0.05939985439181328
train/multiscale,10400.0,0.058824263513088226
train/multiscale,10450.0,0.05879247188568115
train/multiscale,10500.0,0.056936584413051605
train/multiscale,10550.0,0.051702745258808136
train/multiscale,10600.0,0.051733069121837616
train/multiscale,10650.0,0.05556294322013855
train/multiscale,10700.0,0.052796944975852966
train/multiscale,10750.0,0.05831398442387581
train/multiscale,10800.0,0.06053667515516281
train/multiscale,10850.0,0.05246220529079437
train/multiscale,10900.0,0.05940321087837219
train/multiscale,10950.0,0.05517230182886124
train/multiscale,11000.0,0.052342478185892105
train/multiscale,11050.0,0.0580814890563488
train/multiscale,11100.0,0.06160971522331238
train/multiscale,11150.0,0.05770153924822807
train/multiscale,11200.0,0.05199262872338295
train/multiscale,11250.0,0.057963933795690536
train/multiscale,11300.0,0.05456604063510895
train/multiscale,11350.0,0.05024726688861847
train/multiscale,11400.0,0.058404482901096344
train/multiscale,11450.0,0.0587611123919487
train/multiscale,11500.0,0.05062786862254143
train/multiscale,11550.0,0.05893738940358162
train/multiscale,11600.0,0.06007365882396698
train/multiscale,11650.0,0.054419659078121185
train/multiscale,11700.0,0.0602618046104908
train/multiscale,11750.0,0.05751391500234604
train/multiscale,11800.0,0.05813990905880928
train/multiscale,11850.0,0.05431490018963814
train/multiscale,11900.0,0.05631093680858612
train/multiscale,11950.0,0.053098540753126144
train/multiscale,12000.0,0.05462009832262993
train/multiscale,12050.0,0.052232611924409866
train/multiscale,12100.0,0.05362321063876152
train/multiscale,12150.0,0.06021137908101082
train/multiscale,12200.0,0.053533997386693954
train/multiscale,12250.0,0.054694220423698425
train/multiscale,12300.0,0.05395098403096199
train/multiscale,12350.0,0.05617320165038109
train/multiscale,12400.0,0.05671634525060654
train/multiscale,12450.0,0.05550619959831238
train/multiscale,12500.0,0.05494078993797302
train/multiscale,12550.0,0.05806306004524231
train/multiscale,12600.0,0.056473299860954285
train/multiscale,12650.0,0.059038419276475906
train/multiscale,12700.0,0.05185600742697716
train/multiscale,12750.0,0.05482868850231171
train/multiscale,12800.0,0.054913658648729324
train/multiscale,12850.0,0.05562293156981468
train/multiscale,12900.0,0.055722516030073166
train/multiscale,12950.0,0.05359268933534622
train/multiscale,13000.0,0.05261069908738136
train/multiscale,13050.0,0.06057242676615715
train/multiscale,13100.0,0.05864744633436203
train/multiscale,13150.0,0.05822962149977684
train/multiscale,13200.0,0.06454180926084518
train/multiscale,13250.0,0.055880285799503326
train/multiscale,13300.0,0.06103457883000374
train/multiscale,13350.0,0.05774786323308945
train/multiscale,13400.0,0.057005636394023895
train/multiscale,13450.0,0.05266552045941353
train/multiscale,13500.0,0.05588526278734207
train/multiscale,13550.0,0.061347898095846176
train/multiscale,13600.0,0.06222953647375107
train/multiscale,13650.0,0.053182102739810944
train/multiscale,13700.0,0.05099308490753174
train/multiscale,13750.0,0.06065841019153595
train/multiscale,13800.0,0.05285236984491348
train/multiscale,13850.0,0.05704587697982788
train/multiscale,13900.0,0.05692993849515915
train/multiscale,13950.0,0.0562722273170948
train/multiscale,14000.0,0.05527709424495697
train/multiscale,14050.0,0.055359892547130585
train/multiscale,14100.0,0.05877227708697319
train/multiscale,14150.0,0.057440195232629776
train/multiscale,14200.0,0.05154670029878616
train/multiscale,14250.0,0.05266552418470383
train/multiscale,14300.0,0.05614226311445236
train/multiscale,14350.0,0.04556014761328697
train/multiscale,14400.0,0.05182843282818794
train/multiscale,14450.0,0.056444622576236725
train/multiscale,14500.0,0.05611756071448326
train/multiscale,14550.0,0.05487905442714691
train/multiscale,14600.0,0.05354207009077072
train/multiscale,14650.0,0.06198035925626755
train/multiscale,14700.0,0.05462434142827988
train/multiscale,14750.0,0.051923397928476334
train/multiscale,14800.0,0.05474477261304855
train/multiscale,14850.0,0.05606667697429657
train/multiscale,14900.0,0.05307844653725624
train/multiscale,14950.0,0.06596733629703522
train/multiscale,15000.0,0.052041247487068176
train/multiscale,15050.0,0.057193294167518616
train/multiscale,15100.0,0.054164379835128784
train/multiscale,15150.0,0.059101562947034836
train/multiscale,15200.0,0.05344722792506218
train/multiscale,15250.0,0.04888753965497017
train/multiscale,15300.0,0.05656593665480614
train/multiscale,15350.0,0.05331312119960785
train/multiscale,15400.0,0.05417082831263542
train/multiscale,15450.0,0.05243409425020218
train/multiscale,15500.0,0.05174965783953667
train/multiscale,15550.0,0.05449146032333374
train/multiscale,15600.0,0.058305222541093826
train/multiscale,15650.0,0.05155457928776741
train/multiscale,15700.0,0.05248415097594261
train/multiscale,15750.0,0.05902474373579025
train/multiscale,15800.0,0.05705340951681137
train/multiscale,15850.0,0.05645652860403061
train/multiscale,15900.0,0.053619809448719025
train/multiscale,15950.0,0.05498296022415161
train/multiscale,16000.0,0.04854116588830948
train/multiscale,16050.0,0.0581292062997818
train/multiscale,16100.0,0.0546109564602375
train/multiscale,16150.0,0.05226914584636688
train/multiscale,16200.0,0.051853522658348083
train/multiscale,16250.0,0.057400695979595184
train/multiscale,16300.0,0.05324481427669525
train/multiscale,16350.0,0.05462811887264252
train/multiscale,16400.0,0.0583045557141304
train/multiscale,16450.0,0.04817356541752815
train/multiscale,16500.0,0.05376546084880829
train/multiscale,16550.0,0.05219380557537079
train/multiscale,16600.0,0.05678781494498253
train/multiscale,16650.0,0.06470558047294617
train/multiscale,16700.0,0.055954474955797195
train/multiscale,16750.0,0.051449574530124664
train/multiscale,16800.0,0.056047841906547546
train/multiscale,16850.0,0.05602441728115082
train/multiscale,16900.0,0.055909693241119385
train/multiscale,16950.0,0.05332382023334503
train/multiscale,17000.0,0.05684362351894379
train/multiscale,17050.0,0.05735655501484871
train/multiscale,17100.0,0.05335098132491112
train/multiscale,17150.0,0.05029967054724693
train/multiscale,17200.0,0.056882549077272415
train/multiscale,17250.0,0.05833817273378372
train/multiscale,17300.0,0.054656531661748886
train/multiscale,17350.0,0.0530477799475193
train/multiscale,17400.0,0.0562409907579422
train/multiscale,17450.0,0.056410059332847595
train/multiscale,17500.0,0.05571170151233673
train/multiscale,17550.0,0.0539265014231205
train/multiscale,17600.0,0.0536215677857399
train/multiscale,17650.0,0.0650920569896698
train/multiscale,17700.0,0.05123479664325714
train/multiscale,17750.0,0.056283850222826004
train/multiscale,17800.0,0.058997608721256256
train/multiscale,17850.0,0.05191762000322342
train/multiscale,17900.0,0.05298180133104324
train/multiscale,17950.0,0.05317261815071106
train/multiscale,18000.0,0.059016406536102295
train/multiscale,18050.0,0.05896386876702309
train/multiscale,18100.0,0.056263044476509094
train/multiscale,18150.0,0.04835221543908119
train/multiscale,18200.0,0.05505944415926933
train/multiscale,18250.0,0.05371817201375961
train/multiscale,18300.0,0.05333193764090538
train/multiscale,18350.0,0.06040262430906296
train/multiscale,18400.0,0.05356592312455177
train/multiscale,18450.0,0.056490398943424225
train/multiscale,18500.0,0.06069240719079971
train/multiscale,18550.0,0.057893622666597366
train/multiscale,18600.0,0.05639256164431572
train/multiscale,18650.0,0.055311061441898346
train/multiscale,18700.0,0.05911044776439667
train/multiscale,18750.0,0.0562608502805233
train/multiscale,18800.0,0.054617322981357574
train/multiscale,18850.0,0.05641845613718033
train/multiscale,18900.0,0.05668232962489128
train/multiscale,18950.0,0.051600612699985504
train/multiscale,19000.0,0.05510395020246506
train/multiscale,19050.0,0.05642272159457207
train/multiscale,19100.0,0.05257217586040497
train/multiscale,19150.0,0.05232199653983116
train/multiscale,19200.0,0.05503726005554199
train/multiscale,19250.0,0.05376686900854111
train/multiscale,19300.0,0.053343113511800766
train/multiscale,19350.0,0.05185059458017349
train/multiscale,19400.0,0.05257933586835861
train/multiscale,19450.0,0.05613258481025696
train/multiscale,19500.0,0.05901861563324928
train/multiscale,19550.0,0.05887746438384056
train/multiscale,19600.0,0.05197262763977051
train/multiscale,19650.0,0.06101325899362564
train/multiscale,19700.0,0.05425751581788063
train/multiscale,19750.0,0.05314711108803749
train/multiscale,19800.0,0.05023518204689026
train/multiscale,19850.0,0.05608272925019264
train/multiscale,19900.0,0.052720315754413605
train/multiscale,19950.0,0.05986705422401428
train/multiscale,20000.0,0.052635326981544495
train/multiscale,20050.0,0.055999305099248886
train/multiscale,20100.0,0.05902063474059105
train/multiscale,20150.0,0.05663242191076279
train/multiscale,20200.0,0.04965638741850853
train/multiscale,20250.0,0.05417153239250183
train/multiscale,20300.0,0.055932678282260895
train/multiscale,20350.0,0.058099228888750076
train/multiscale,20400.0,0.05843883752822876
train/multiscale,20450.0,0.054611317813396454
train/multiscale,20500.0,0.0587245374917984
train/multiscale,20550.0,0.05680768936872482
train/multiscale,20600.0,0.05509672686457634
train/multiscale,20650.0,0.06099505349993706
train/multiscale,20700.0,0.057179611176252365
train/multiscale,20750.0,0.05622709542512894
train/multiscale,20800.0,0.05781612545251846
train/multiscale,20850.0,0.060549452900886536
train/multiscale,20900.0,0.05834748595952988
train/multiscale,20950.0,0.05249512568116188
train/multiscale,21000.0,0.051753267645835876
train/multiscale,21050.0,0.054289642721414566
train/multiscale,21100.0,0.04785678908228874
train/multiscale,21150.0,0.056722626090049744
train/multiscale,21200.0,0.06209563836455345
train/multiscale,21250.0,0.056500859558582306
train/multiscale,21300.0,0.05247877165675163
train/multiscale,21350.0,0.05230384320020676
train/multiscale,21400.0,0.053360871970653534
train/multiscale,21450.0,0.057101354002952576
train/multiscale,21500.0,0.05694171413779259
train/multiscale,21550.0,0.05081217736005783
train/multiscale,21600.0,0.058679141104221344
train/multiscale,21650.0,0.051441121846437454
train/multiscale,21700.0,0.04991691932082176
train/multiscale,21750.0,0.05511466786265373
train/multiscale,21800.0,0.058927442878484726
train/multiscale,21850.0,0.05266966298222542
train/multiscale,21900.0,0.062465619295835495
train/multiscale,21950.0,0.053052663803100586
train/multiscale,22000.0,0.05382801964879036
train/multiscale,22050.0,0.06218622997403145
train/multiscale,22100.0,0.05427578091621399
train/multiscale,22150.0,0.05442864075303078
train/multiscale,22200.0,0.0512988306581974
train/multiscale,22250.0,0.057364776730537415
train/multiscale,22300.0,0.055925093591213226
train/multiscale,22350.0,0.0560997910797596
train/multiscale,22400.0,0.05363382771611214
train/multiscale,22450.0,0.05963141471147537
train/multiscale,22500.0,0.05822116881608963
train/multiscale,22550.0,0.05311989411711693
train/multiscale,22600.0,0.06395948678255081
train/multiscale,22650.0,0.05779268965125084
train/multiscale,22700.0,0.06012668088078499
train/multiscale,22750.0,0.058194246143102646
train/multiscale,22800.0,0.06320566684007645
train/multiscale,22850.0,0.05367904156446457
train/multiscale,22900.0,0.052665770053863525
train/multiscale,22950.0,0.05560920387506485
train/multiscale,23000.0,0.0559505969285965
train/multiscale,23050.0,0.04747755080461502
train/multiscale,23100.0,0.05350590869784355
train/multiscale,23150.0,0.05473760515451431
train/multiscale,23200.0,0.05957670137286186
train/multiscale,23250.0,0.05136418715119362
train/multiscale,23300.0,0.05348893254995346
train/multiscale,23350.0,0.05494757741689682
train/multiscale,23400.0,0.05635054409503937
train/multiscale,23450.0,0.06332840025424957
train/multiscale,23500.0,0.051650453358888626
train/multiscale,23550.0,0.04970352724194527
train/multiscale,23600.0,0.051549628376960754
train/multiscale,23650.0,0.04816806688904762
train/multiscale,23700.0,0.055696140974760056
train/multiscale,23750.0,0.05396333336830139
train/multiscale,23800.0,0.05367545783519745
train/multiscale,23850.0,0.05604647099971771
train/multiscale,23900.0,0.05212000384926796
train/multiscale,23950.0,0.05205173045396805
train/multiscale,24000.0,0.04938678443431854
train/multiscale,24050.0,0.05411559343338013
train/multiscale,24100.0,0.05549578741192818
train/multiscale,24150.0,0.05232974886894226
train/multiscale,24200.0,0.06142222881317139
train/multiscale,24250.0,0.051207661628723145
train/multiscale,24300.0,0.05783515423536301
train/multiscale,24350.0,0.051546890288591385
train/multiscale,24400.0,0.056788135319948196
train/multiscale,24450.0,0.05611826106905937
train/multiscale,24500.0,0.05037777125835419
train/multiscale,24550.0,0.05946764349937439
train/multiscale,24600.0,0.05695199966430664
train/multiscale,24650.0,0.04902566224336624
train/multiscale,24700.0,0.059692855924367905
train/multiscale,24750.0,0.06180748715996742
train/multiscale,24800.0,0.05652861297130585
train/multiscale,24850.0,0.05475807934999466
train/multiscale,24900.0,0.05666302144527435
train/multiscale,24950.0,0.05440846085548401
train/multiscale,25000.0,0.05381781607866287
train/multiscale,25050.0,0.05381704121828079
train/multiscale,25100.0,0.05065494775772095
train/multiscale,25150.0,0.049789365381002426
train/multiscale,25200.0,0.05977615341544151
train/multiscale,25250.0,0.04985478147864342
train/multiscale,25300.0,0.05258920416235924
train/multiscale,25350.0,0.055497415363788605
train/multiscale,25400.0,0.056184664368629456
train/multiscale,25450.0,0.06040749326348305
train/multiscale,25500.0,0.05837700888514519
train/multiscale,25550.0,0.06058064103126526
train/multiscale,25600.0,0.05445891618728638
train/multiscale,25650.0,0.052129149436950684
train/multiscale,25700.0,0.058185867965221405
train/multiscale,25750.0,0.048744894564151764
train/multiscale,25800.0,0.05931883305311203
train/multiscale,25850.0,0.05202947184443474
train/multiscale,25900.0,0.05576053634285927
train/multiscale,25950.0,0.05856366455554962
train/multiscale,26000.0,0.0548548698425293
train/multiscale,26050.0,0.05144941061735153
train/multiscale,26100.0,0.0610051304101944
train/multiscale,26150.0,0.059624649584293365
train/multiscale,26200.0,0.05464285984635353
train/multiscale,26250.0,0.0568511076271534
train/multiscale,26300.0,0.056260429322719574
train/multiscale,26350.0,0.04661509394645691
train/multiscale,26400.0,0.05566106364130974
train/multiscale,26450.0,0.059267811477184296
train/multiscale,26500.0,0.05460395663976669
train/multiscale,26550.0,0.05832064896821976
train/multiscale,26600.0,0.052030183374881744
train/multiscale,26650.0,0.05092524737119675
train/multiscale,26700.0,0.05760997533798218
train/multiscale,26750.0,0.06637876480817795
train/multiscale,26800.0,0.05670953169465065
train/multiscale,26850.0,0.05980026349425316
train/multiscale,26900.0,0.051391132175922394
train/multiscale,26950.0,0.0546092614531517
train/multiscale,27000.0,0.04920513555407524
train/multiscale,27050.0,0.054766442626714706
train/multiscale,27100.0,0.051925159990787506
train/multiscale,27150.0,0.055961184203624725
train/multiscale,27200.0,0.05668197572231293
train/multiscale,27250.0,0.05406014993786812
train/multiscale,27300.0,0.055677078664302826
train/multiscale,27350.0,0.054024964570999146
train/multiscale,27400.0,0.05185399204492569
train/multiscale,27450.0,0.05393819510936737
train/multiscale,27500.0,0.056389495730400085
train/multiscale,27550.0,0.05381594970822334
train/multiscale,27600.0,0.058068178594112396
train/multiscale,27650.0,0.05557197332382202
train/multiscale,27700.0,0.04759703576564789
train/multiscale,27750.0,0.05291386693716049
train/multiscale,27800.0,0.05300328880548477
train/multiscale,27850.0,0.05690813064575195
train/multiscale,27900.0,0.054759785532951355
train/multiscale,27950.0,0.05524067580699921
train/multiscale,28000.0,0.05165443569421768
train/multiscale,28050.0,0.052991028875112534
train/multiscale,28100.0,0.049584679305553436
train/multiscale,28150.0,0.05612577870488167
train/multiscale,28200.0,0.05504807084798813
train/multiscale,28250.0,0.0568341501057148
train/multiscale,28300.0,0.0516086108982563
train/multiscale,28350.0,0.054662562906742096
train/multiscale,28400.0,0.05340643972158432
train/multiscale,28450.0,0.051291756331920624
train/multiscale,28500.0,0.051902782171964645
train/multiscale,28550.0,0.053835682570934296
train/multiscale,28600.0,0.04747749865055084
train/multiscale,28650.0,0.051762089133262634
train/multiscale,28700.0,0.058089785277843475
train/multiscale,28750.0,0.05666116625070572
train/multiscale,28800.0,0.05432959645986557
train/multiscale,28850.0,0.05243954434990883
train/multiscale,28900.0,0.05619831383228302
train/multiscale,28950.0,0.05097091197967529
train/multiscale,29000.0,0.05093082785606384
train/multiscale,29050.0,0.06063162162899971
train/multiscale,29100.0,0.054859064519405365
train/multiscale,29150.0,0.06285340338945389
train/multiscale,29200.0,0.050261981785297394
train/multiscale,29250.0,0.04947273060679436
train/multiscale,29300.0,0.049670182168483734
train/multiscale,29350.0,0.06131687015295029
train/multiscale,29400.0,0.053867414593696594
train/multiscale,29450.0,0.05341711640357971
train/multiscale,29500.0,0.05133169889450073
train/multiscale,29550.0,0.05612160637974739
train/multiscale,29600.0,0.05274045467376709
train/multiscale,29650.0,0.05250435322523117
train/multiscale,29700.0,0.05512962490320206
train/multiscale,29750.0,0.05230205878615379
train/multiscale,29800.0,0.05215071886777878
train/multiscale,29850.0,0.05286310240626335
train/multiscale,29900.0,0.05370602011680603
train/multiscale,29950.0,0.05260296165943146
train/multiscale,30000.0,0.047923699021339417
train/multiscale,30050.0,0.05613068863749504
train/multiscale,30100.0,0.05812650918960571
train/multiscale,30150.0,0.0541871078312397
train/multiscale,30200.0,0.05416053161025047
train/multiscale,30250.0,0.057004936039447784
train/multiscale,30300.0,0.057843320071697235
train/multiscale,30350.0,0.06166762113571167
train/multiscale,30400.0,0.05624394491314888
train/multiscale,30450.0,0.057927802205085754
train/multiscale,30500.0,0.05367385596036911
train/multiscale,30550.0,0.0592770054936409
train/multiscale,30600.0,0.059925977140665054
train/multiscale,30650.0,0.055492669343948364
train/multiscale,30700.0,0.05265282094478607
train/multiscale,30750.0,0.05362042412161827
train/multiscale,30800.0,0.04980672895908356
train/multiscale,30850.0,0.06220761314034462
train/multiscale,30900.0,0.052184175699949265
train/multiscale,30950.0,0.05496170371770859
train/multiscale,31000.0,0.05813148617744446
train/multiscale,31050.0,0.04821176081895828
train/multiscale,31100.0,0.057201214134693146
train/multiscale,31150.0,0.05661432817578316
train/multiscale,31200.0,0.053102098405361176
train/multiscale,31250.0,0.061353832483291626
train/multiscale,31300.0,0.04828877002000809
train/multiscale,31350.0,0.05884426087141037
train/multiscale,31400.0,0.05468776822090149
train/multiscale,31450.0,0.0519772469997406
train/multiscale,31500.0,0.0549425333738327
train/multiscale,31550.0,0.049217142164707184
train/multiscale,31600.0,0.049190886318683624
train/multiscale,31650.0,0.052693333476781845
train/multiscale,31700.0,0.06023016944527626
train/multiscale,31750.0,0.05683981627225876
train/multiscale,31800.0,0.0530540905892849
train/multiscale,31850.0,0.06000867858529091
train/multiscale,31900.0,0.05045349895954132
train/multiscale,31950.0,0.0578698068857193
train/multiscale,32000.0,0.05469551682472229
train/multiscale,32050.0,0.05308668315410614
train/multiscale,32100.0,0.056311219930648804
train/multiscale,32150.0,0.05298332870006561
train/multiscale,32200.0,0.05978432297706604
train/multiscale,32250.0,0.04806250333786011
train/multiscale,32300.0,0.056539516896009445
train/multiscale,32350.0,0.062404975295066833
train/multiscale,32400.0,0.0569174662232399
train/multiscale,32450.0,0.05976106971502304
train/multiscale,32500.0,0.053094230592250824
train/multiscale,32550.0,0.052607253193855286
train/multiscale,32600.0,0.053771283477544785
train/multiscale,32650.0,0.05007671192288399
train/multiscale,32700.0,0.05177398398518562
train/multiscale,32750.0,0.06043924391269684
train/multiscale,32800.0,0.052436839789152145
train/multiscale,32850.0,0.058797504752874374
train/multiscale,32900.0,0.048788249492645264
train/multiscale,32950.0,0.049561548978090286
train/multiscale,33000.0,0.05356980860233307
train/multiscale,33050.0,0.060051899403333664
train/multiscale,33100.0,0.05724475532770157
train/multiscale,33150.0,0.04916348308324814
train/multiscale,33200.0,0.05751378834247589
train/multiscale,33250.0,0.05657763034105301
train/multiscale,33300.0,0.054693758487701416
train/multiscale,33350.0,0.057889435440301895
train/multiscale,33400.0,0.05697508156299591
train/multiscale,33450.0,0.05528081953525543
train/multiscale,33500.0,0.05449702590703964
train/multiscale,33550.0,0.0616568885743618
train/multiscale,33600.0,0.06284434348344803
train/multiscale,33650.0,0.061341751366853714
train/multiscale,33700.0,0.054062630981206894
train/multiscale,33750.0,0.052177924662828445
train/multiscale,33800.0,0.05914278328418732
train/multiscale,33850.0,0.05406557023525238
train/multiscale,33900.0,0.05128217861056328
train/multiscale,33950.0,0.0483572743833065
train/multiscale,34000.0,0.05623692274093628
train/multiscale,34050.0,0.05177173390984535
train/multiscale,34100.0,0.054993752390146255
train/multiscale,34150.0,0.057829104363918304
train/multiscale,34200.0,0.050668373703956604
train/multiscale,34250.0,0.04841069132089615
train/multiscale,34300.0,0.062446657568216324
train/multiscale,34350.0,0.05517026036977768
train/multiscale,34400.0,0.05677182227373123
train/multiscale,34450.0,0.05689125880599022
train/multiscale,34500.0,0.05167305842041969
train/multiscale,34550.0,0.051793187856674194
train/multiscale,34600.0,0.059612300246953964
train/multiscale,34650.0,0.056135404855012894
train/multiscale,34700.0,0.05378222465515137
train/multiscale,34750.0,0.06510283052921295
train/multiscale,34800.0,0.054324887692928314
train/multiscale,34850.0,0.058419838547706604
train/multiscale,34900.0,0.055690690875053406
train/multiscale,34950.0,0.05542164295911789
train/multiscale,35000.0,0.05277286469936371
train/multiscale,35050.0,0.05996641516685486
train/multiscale,35100.0,0.05420580506324768
train/multiscale,35150.0,0.05112515017390251
train/multiscale,35200.0,0.05188651382923126
train/multiscale,35250.0,0.05636327713727951
train/multiscale,35300.0,0.05014190077781677
train/multiscale,35350.0,0.05607352405786514
train/multiscale,35400.0,0.04761507362127304
train/multiscale,35450.0,0.047638654708862305
train/multiscale,35500.0,0.057117264717817307
train/multiscale,35550.0,0.056056100875139236
train/multiscale,35600.0,0.05608924850821495
train/multiscale,35650.0,0.04975353181362152
train/multiscale,35700.0,0.05719687044620514
train/multiscale,35750.0,0.05318174511194229
train/multiscale,35800.0,0.05347604677081108
train/multiscale,35850.0,0.05854322761297226
train/multiscale,35900.0,0.05566855147480965
train/multiscale,35950.0,0.05563526228070259
train/multiscale,36000.0,0.05454205721616745
train/multiscale,36050.0,0.050902873277664185
train/multiscale,36100.0,0.053556278347969055
train/multiscale,36150.0,0.04750005155801773
train/multiscale,36200.0,0.05049200728535652
train/multiscale,36250.0,0.06023317575454712
train/multiscale,36300.0,0.059061914682388306
train/multiscale,36350.0,0.06259976327419281
train/multiscale,36400.0,0.06526284664869308
train/multiscale,36450.0,0.051621563732624054
train/multiscale,36500.0,0.05374198034405708
train/multiscale,36550.0,0.055744290351867676
train/multiscale,36600.0,0.05027055740356445
train/multiscale,36650.0,0.05374831706285477
train/multiscale,36700.0,0.05505387857556343
train/multiscale,36750.0,0.053518351167440414
train/multiscale,36800.0,0.05602633208036423
train/multiscale,36850.0,0.05314445123076439
train/multiscale,36900.0,0.05291089415550232
train/multiscale,36950.0,0.06115659698843956
train/multiscale,37000.0,0.05774281546473503
train/multiscale,37050.0,0.05615229159593582
train/multiscale,37100.0,0.056368716061115265
train/multiscale,37150.0,0.051301151514053345
train/multiscale,37200.0,0.057510390877723694
train/multiscale,37250.0,0.05475082993507385
train/multiscale,37300.0,0.056622013449668884
train/multiscale,37350.0,0.04895077645778656
train/multiscale,37400.0,0.05222759768366814
train/multiscale,37450.0,0.05243997275829315
train/multiscale,37500.0,0.0559803806245327
train/multiscale,37550.0,0.051905252039432526
train/multiscale,37600.0,0.05681163817644119
train/multiscale,37650.0,0.051749516278505325
train/multiscale,37700.0,0.052085667848587036
train/multiscale,37750.0,0.048761866986751556
train/multiscale,37800.0,0.055134594440460205
train/multiscale,37850.0,0.05238279700279236
train/multiscale,37900.0,0.05457322299480438
train/multiscale,37950.0,0.05599619820713997
train/multiscale,38000.0,0.05409269779920578
train/multiscale,38050.0,0.052024081349372864
train/multiscale,38100.0,0.047085173428058624
train/multiscale,38150.0,0.05242128670215607
train/multiscale,38200.0,0.051591843366622925
train/multiscale,38250.0,0.058494314551353455
train/multiscale,38300.0,0.04980112612247467
train/multiscale,38350.0,0.05459608882665634
train/multiscale,38400.0,0.05326378345489502
train/multiscale,38450.0,0.054494958370923996
train/multiscale,38500.0,0.05230884999036789
train/multiscale,38550.0,0.05716091766953468
train/multiscale,38600.0,0.05740513280034065
train/multiscale,38650.0,0.05718234181404114
train/multiscale,38700.0,0.0578484833240509
train/multiscale,38750.0,0.04588799551129341
train/multiscale,38800.0,0.054856009781360626
train/multiscale,38850.0,0.05268518254160881
train/multiscale,38900.0,0.051500145345926285
train/multiscale,38950.0,0.05165140703320503
train/multiscale,39000.0,0.056677594780921936
train/multiscale,39050.0,0.05717632547020912
train/multiscale,39100.0,0.054596930742263794
train/multiscale,39150.0,0.05048861727118492
train/multiscale,39200.0,0.05507047846913338
train/multiscale,39250.0,0.05343535542488098
train/multiscale,39300.0,0.05469419062137604
train/multiscale,39350.0,0.055978428572416306
train/multiscale,39400.0,0.05184627324342728
train/multiscale,39450.0,0.05810170620679855
train/multiscale,39500.0,0.058195389807224274
train/multiscale,39550.0,0.04997686296701431
train/multiscale,39600.0,0.053900498896837234
train/multiscale,39650.0,0.05279117822647095
train/multiscale,39700.0,0.05069182068109512
train/multiscale,39750.0,0.05686093121767044
train/multiscale,39800.0,0.05604705959558487
train/multiscale,39850.0,0.05257980152964592
train/multiscale,39900.0,0.05490385740995407
train/multiscale,39950.0,0.058999281376600266
train/multiscale,40000.0,0.05253443866968155
train/multiscale,40050.0,0.049324627965688705
train/multiscale,40100.0,0.04830820485949516
train/multiscale,40150.0,0.05554715171456337
train/multiscale,40200.0,0.05008813738822937
train/multiscale,40250.0,0.05471727252006531
train/multiscale,40300.0,0.05810236930847168
train/multiscale,40350.0,0.05511409789323807
train/multiscale,40400.0,0.05473007634282112
train/multiscale,40450.0,0.05754830688238144
train/multiscale,40500.0,0.06089945137500763
train/multiscale,40550.0,0.05799379199743271
train/multiscale,40600.0,0.052664536982774734
train/multiscale,40650.0,0.06034693494439125
train/multiscale,40700.0,0.057682715356349945
train/multiscale,40750.0,0.053444769233465195
train/multiscale,40800.0,0.05677684769034386
train/multiscale,40850.0,0.05447610467672348
train/multiscale,40900.0,0.05104939267039299
train/multiscale,40950.0,0.05343566834926605
train/multiscale,41000.0,0.0534084290266037
train/multiscale,41050.0,0.05568251013755798
train/multiscale,41100.0,0.05345892161130905
train/multiscale,41150.0,0.0509873703122139
train/multiscale,41200.0,0.0515427328646183
train/multiscale,41250.0,0.05279933288693428
train/multiscale,41300.0,0.056320562958717346
train/multiscale,41350.0,0.050992295145988464
train/multiscale,41400.0,0.05302580073475838
train/multiscale,41450.0,0.05079534277319908
train/multiscale,41500.0,0.0559515506029129
train/multiscale,41550.0,0.05499258637428284
train/multiscale,41600.0,0.05932819843292236
train/multiscale,41650.0,0.057843148708343506
train/multiscale,41700.0,0.05386748164892197
train/multiscale,41750.0,0.053473539650440216
train/multiscale,41800.0,0.054898131638765335
train/multiscale,41850.0,0.05007442459464073
train/multiscale,41900.0,0.051312245428562164
train/multiscale,41950.0,0.05527415871620178
train/multiscale,42000.0,0.05292773246765137
train/multiscale,42050.0,0.05166162550449371
train/multiscale,42100.0,0.05707738921046257
train/multiscale,42150.0,0.05635073781013489
train/multiscale,42200.0,0.05520342290401459
train/multiscale,42250.0,0.05432921648025513
train/multiscale,42300.0,0.05388162285089493
train/multiscale,42350.0,0.056894831359386444
train/multiscale,42400.0,0.054872892796993256
train/multiscale,42450.0,0.05260172113776207
train/multiscale,42500.0,0.05373767018318176
train/multiscale,42550.0,0.051133040338754654
train/multiscale,42600.0,0.055612001568078995
train/multiscale,42650.0,0.05277097225189209
train/multiscale,42700.0,0.05416363105177879
train/multiscale,42750.0,0.04831995442509651
train/multiscale,42800.0,0.0524495430290699
train/multiscale,42850.0,0.04650916904211044
train/multiscale,42900.0,0.052238598465919495
train/multiscale,42950.0,0.05467662215232849
train/multiscale,43000.0,0.05734201893210411
train/multiscale,43050.0,0.051771197468042374
train/multiscale,43100.0,0.04927358031272888
train/multiscale,43150.0,0.04900561273097992
train/multiscale,43200.0,0.05551552399992943
train/multiscale,43250.0,0.05423794314265251
train/multiscale,43300.0,0.05548352375626564
train/multiscale,43350.0,0.04322567582130432
train/multiscale,43400.0,0.05290830507874489
train/multiscale,43450.0,0.06142372637987137
train/multiscale,43500.0,0.059023626148700714
train/multiscale,43550.0,0.05554736405611038
train/multiscale,43600.0,0.0545770600438118
train/multiscale,43650.0,0.05381809547543526
train/multiscale,43700.0,0.053504034876823425
train/multiscale,43750.0,0.05439984053373337
train/multiscale,43800.0,0.05640222132205963
train/multiscale,43850.0,0.04966449365019798
train/multiscale,43900.0,0.06356611847877502
train/multiscale,43950.0,0.0574515275657177
train/multiscale,44000.0,0.05773140490055084
train/multiscale,44050.0,0.05082608386874199
train/multiscale,44100.0,0.05321968346834183
train/multiscale,44150.0,0.05638040602207184
train/multiscale,44200.0,0.053158681839704514
train/multiscale,44250.0,0.056391093879938126
train/multiscale,44300.0,0.05397305265069008
train/multiscale,44350.0,0.05402248352766037
train/multiscale,44400.0,0.05335419625043869
train/multiscale,44450.0,0.05349285528063774
train/multiscale,44500.0,0.05251767113804817
train/multiscale,44550.0,0.05877656117081642
train/multiscale,44600.0,0.055178847163915634
train/multiscale,44650.0,0.0563531368970871
train/multiscale,44700.0,0.05547042936086655
train/multiscale,44750.0,0.055715739727020264
train/multiscale,44800.0,0.055391836911439896
train/multiscale,44850.0,0.054492246359586716
train/multiscale,44900.0,0.05603710934519768
train/multiscale,44950.0,0.05146247148513794
train/multiscale,45000.0,0.05538482964038849
train/multiscale,45050.0,0.05130729824304581
train/multiscale,45100.0,0.05854456499218941
train/multiscale,45150.0,0.05285639315843582
train/multiscale,45200.0,0.05918262526392937
train/multiscale,45250.0,0.05268467962741852
train/multiscale,45300.0,0.044322364032268524
train/multiscale,45350.0,0.0547189861536026
train/multiscale,45400.0,0.04835287109017372
train/multiscale,45450.0,0.05432954803109169
train/multiscale,45500.0,0.05600552260875702
train/multiscale,45550.0,0.05121660232543945
train/multiscale,45600.0,0.05565786734223366
train/multiscale,45650.0,0.05593234300613403
train/multiscale,45700.0,0.06116604804992676
train/multiscale,45750.0,0.04849126189947128
train/multiscale,45800.0,0.05142616108059883
train/multiscale,45850.0,0.06042816489934921
train/multiscale,45900.0,0.05254793167114258
train/multiscale,45950.0,0.05265519395470619
train/multiscale,46000.0,0.05804187431931496
train/multiscale,46050.0,0.05605439096689224
train/multiscale,46100.0,0.05834232643246651
train/multiscale,46150.0,0.04612819105386734
train/multiscale,46200.0,0.05593424290418625
train/multiscale,46250.0,0.05629242584109306
train/multiscale,46300.0,0.047759078443050385
train/multiscale,46350.0,0.054013386368751526
train/multiscale,46400.0,0.05784324184060097
train/multiscale,46450.0,0.048956248909235
train/multiscale,46500.0,0.05431140586733818
train/multiscale,46550.0,0.05661948770284653
train/multiscale,46600.0,0.05412837862968445
train/multiscale,46650.0,0.05669115483760834
train/multiscale,46700.0,0.0517655573785305
train/multiscale,46750.0,0.04398083686828613
train/multiscale,46800.0,0.05084117874503136
train/multiscale,46850.0,0.05443538352847099
train/multiscale,46900.0,0.06314794719219208
train/multiscale,46950.0,0.05434613674879074
train/multiscale,47000.0,0.05782824754714966
train/multiscale,47050.0,0.049237050116062164
train/multiscale,47100.0,0.054795894771814346
train/multiscale,47150.0,0.046122271567583084
train/multiscale,47200.0,0.04985951632261276
train/multiscale,47250.0,0.05829653516411781
train/multiscale,47300.0,0.05216861143708229
train/multiscale,47350.0,0.05276106670498848
train/multiscale,47400.0,0.054110731929540634
train/multiscale,47450.0,0.05425981059670448
train/multiscale,47500.0,0.054847508668899536
train/multiscale,47550.0,0.054936282336711884
train/multiscale,47600.0,0.058276984840631485
train/multiscale,47650.0,0.05328845977783203
train/multiscale,47700.0,0.05357803776860237
train/multiscale,47750.0,0.05849597603082657
train/multiscale,47800.0,0.050387024879455566
train/multiscale,47850.0,0.04957912862300873
train/multiscale,47900.0,0.050511326640844345
train/multiscale,47950.0,0.04800496995449066
train/multiscale,48000.0,0.055039312690496445
train/multiscale,48050.0,0.04799133539199829
train/multiscale,48100.0,0.053562138229608536
train/multiscale,48150.0,0.05494607985019684
train/multiscale,48200.0,0.05373590439558029
train/multiscale,48250.0,0.055304497480392456
train/multiscale,48300.0,0.04713042452931404
train/multiscale,48350.0,0.055178556591272354
train/multiscale,48400.0,0.05786912888288498
train/multiscale,48450.0,0.055745724588632584
train/multiscale,48500.0,0.06121155247092247
train/multiscale,48550.0,0.054286301136016846
train/multiscale,48600.0,0.05468181148171425
train/multiscale,48650.0,0.050383880734443665
train/multiscale,48700.0,0.048097796738147736
train/multiscale,48750.0,0.0545090027153492
train/multiscale,48800.0,0.058339737355709076
train/multiscale,48850.0,0.05786510556936264
train/multiscale,48900.0,0.0596458800137043
train/multiscale,48950.0,0.05235181748867035
train/multiscale,49000.0,0.06100519746541977
train/multiscale,49050.0,0.051790617406368256
train/multiscale,49100.0,0.053622566163539886
train/multiscale,49150.0,0.05074037238955498
train/multiscale,49200.0,0.04850742965936661
train/multiscale,49250.0,0.051936015486717224
train/multiscale,49300.0,0.05540553480386734
train/multiscale,49350.0,0.055059418082237244
train/multiscale,49400.0,0.056485481560230255
train/multiscale,49450.0,0.05695521831512451
train/multiscale,49500.0,0.05476053059101105
train/multiscale,49550.0,0.049221545457839966
train/multiscale,49600.0,0.05279361084103584
train/multiscale,49650.0,0.058529771864414215
train/multiscale,49700.0,0.04760846123099327
train/multiscale,49750.0,0.05904722213745117
train/multiscale,49800.0,0.05670492351055145
train/multiscale,49850.0,0.05144677311182022
train/multiscale,49900.0,0.051681555807590485
train/multiscale,49950.0,0.05603470280766487
train/multiscale,50000.0,0.05244358628988266
train/multiscale,50050.0,0.04575521498918533
train/multiscale,50100.0,0.052202872931957245
train/multiscale,50150.0,0.046315696090459824
train/multiscale,50200.0,0.054866109043359756
train/multiscale,50250.0,0.05448531359434128
train/multiscale,50300.0,0.05347849056124687
train/multiscale,50350.0,0.051687419414520264
train/multiscale,50400.0,0.05744801461696625
train/multiscale,50450.0,0.053592465817928314
train/multiscale,50500.0,0.054229505360126495
train/multiscale,50550.0,0.05634588003158569
train/multiscale,50600.0,0.04812061786651611
train/multiscale,50650.0,0.053446076810359955
train/multiscale,50700.0,0.05696849152445793
train/multiscale,50750.0,0.05768940970301628
train/multiscale,50800.0,0.05103283375501633
train/multiscale,50850.0,0.05460898205637932
train/multiscale,50900.0,0.04495231434702873
train/multiscale,50950.0,0.05788755044341087
train/multiscale,51000.0,0.05324512720108032
train/multiscale,51050.0,0.04949874430894852
train/multiscale,51100.0,0.05062740668654442
train/multiscale,51150.0,0.05702345073223114
train/multiscale,51200.0,0.05097081512212753
train/multiscale,51250.0,0.0562489777803421
train/multiscale,51300.0,0.05683782696723938
train/multiscale,51350.0,0.06131770461797714
train/multiscale,51400.0,0.053098488599061966
train/multiscale,51450.0,0.05443543940782547
train/multiscale,51500.0,0.05120118334889412
train/multiscale,51550.0,0.05243978649377823
train/multiscale,51600.0,0.056340932846069336
train/multiscale,51650.0,0.05379953980445862
train/multiscale,51700.0,0.04365190863609314
train/multiscale,51750.0,0.05801009386777878
train/multiscale,51800.0,0.04870504513382912
train/multiscale,51850.0,0.05001477897167206
train/multiscale,51900.0,0.05252499505877495
train/multiscale,51950.0,0.04843081533908844
train/multiscale,52000.0,0.04961811751127243
train/multiscale,52050.0,0.05022883415222168
train/multiscale,52100.0,0.05418596416711807
train/multiscale,52150.0,0.04956429824233055
train/multiscale,52200.0,0.05244194343686104
train/multiscale,52250.0,0.056042835116386414
train/multiscale,52300.0,0.057998865842819214
train/multiscale,52350.0,0.05136095732450485
train/multiscale,52400.0,0.056194812059402466
train/multiscale,52450.0,0.04765475541353226
train/multiscale,52500.0,0.0551934614777565
train/multiscale,52550.0,0.04495653510093689
train/multiscale,52600.0,0.053658436983823776
train/multiscale,52650.0,0.05042595416307449
train/multiscale,52700.0,0.058987777680158615
train/multiscale,52750.0,0.04913094639778137
train/multiscale,52800.0,0.05503407120704651
train/multiscale,52850.0,0.05163292586803436
train/multiscale,52900.0,0.04939304664731026
train/multiscale,52950.0,0.048738982528448105
train/multiscale,53000.0,0.05496137589216232
train/multiscale,53050.0,0.05394633114337921
train/multiscale,53100.0,0.049788568168878555
train/multiscale,53150.0,0.05571720004081726
train/multiscale,53200.0,0.05239436402916908
train/multiscale,53250.0,0.060866765677928925
train/multiscale,53300.0,0.048711203038692474
train/multiscale,53350.0,0.05291910097002983
train/multiscale,53400.0,0.05466108024120331
train/multiscale,53450.0,0.05169805884361267
train/multiscale,53500.0,0.05109691247344017
train/multiscale,53550.0,0.054837435483932495
train/multiscale,53600.0,0.055884458124637604
train/multiscale,53650.0,0.05255120247602463
train/multiscale,53700.0,0.0554383285343647
train/multiscale,53750.0,0.047317877411842346
train/multiscale,53800.0,0.05506211891770363
train/multiscale,53850.0,0.05147688090801239
train/multiscale,53900.0,0.0564144030213356
train/multiscale,53950.0,0.055280864238739014
train/multiscale,54000.0,0.04985949024558067
train/multiscale,54050.0,0.05572957918047905
train/multiscale,54100.0,0.0513257272541523
train/multiscale,54150.0,0.05632606893777847
train/multiscale,54200.0,0.051299575716257095
train/multiscale,54250.0,0.05596347898244858
train/multiscale,54300.0,0.058437883853912354
train/multiscale,54350.0,0.05484466627240181
train/multiscale,54400.0,0.05471475422382355
train/multiscale,54450.0,0.05361023172736168
train/multiscale,54500.0,0.05224387347698212
train/multiscale,54550.0,0.054936569184064865
train/multiscale,54600.0,0.052868302911520004
train/multiscale,54650.0,0.05115827918052673
train/multiscale,54700.0,0.054406873881816864
train/multiscale,54750.0,0.05660082399845123
train/multiscale,54800.0,0.05543163791298866
train/multiscale,54850.0,0.05595032125711441
train/multiscale,54900.0,0.052004434168338776
train/multiscale,54950.0,0.05017224699258804
train/multiscale,55000.0,0.05651722103357315
train/multiscale,55050.0,0.06135806441307068
train/multiscale,55100.0,0.05739281326532364
train/multiscale,55150.0,0.0527365580201149
train/multiscale,55200.0,0.05461154878139496
train/multiscale,55250.0,0.05047137662768364
train/multiscale,55300.0,0.053454332053661346
train/multiscale,55350.0,0.04662726819515228
train/multiscale,55400.0,0.05257232114672661
train/multiscale,55450.0,0.051527537405490875
train/multiscale,55500.0,0.048809714615345
train/multiscale,55550.0,0.05668921023607254
train/multiscale,55600.0,0.05649728327989578
train/multiscale,55650.0,0.0533314049243927
train/multiscale,55700.0,0.05248602107167244
train/multiscale,55750.0,0.051902301609516144
train/multiscale,55800.0,0.05882752686738968
train/multiscale,55850.0,0.05116649717092514
train/multiscale,55900.0,0.06143990904092789
train/multiscale,55950.0,0.046732109040021896
train/multiscale,56000.0,0.04950066655874252
train/multiscale,56050.0,0.05745899677276611
train/multiscale,56100.0,0.05719657987356186
train/multiscale,56150.0,0.05551707372069359
train/multiscale,56200.0,0.051871076226234436
train/multiscale,56250.0,0.055928170680999756
train/multiscale,56300.0,0.05708561837673187
train/multiscale,56350.0,0.04911321401596069
train/multiscale,56400.0,0.05226140469312668
train/multiscale,56450.0,0.05415181815624237
train/multiscale,56500.0,0.05263388529419899
train/multiscale,56550.0,0.05967258661985397
train/multiscale,56600.0,0.05944446846842766
train/multiscale,56650.0,0.057986918836832047
train/multiscale,56700.0,0.05604410916566849
train/multiscale,56750.0,0.05515279248356819
train/multiscale,56800.0,0.0477483794093132
train/multiscale,56850.0,0.050981342792510986
train/multiscale,56900.0,0.05996502935886383
train/multiscale,56950.0,0.050486255437135696
train/multiscale,57000.0,0.05964105948805809
train/multiscale,57050.0,0.05001840367913246
train/multiscale,57100.0,0.05231755971908569
train/multiscale,57150.0,0.04768567159771919
train/multiscale,57200.0,0.055726099759340286
train/multiscale,57250.0,0.05267398804426193
train/multiscale,57300.0,0.052661798894405365
train/multiscale,57350.0,0.05158349126577377
train/multiscale,57400.0,0.056780342012643814
train/multiscale,57450.0,0.05388015881180763
train/multiscale,57500.0,0.052126288414001465
train/multiscale,57550.0,0.05074173957109451
train/multiscale,57600.0,0.05201508477330208
train/multiscale,57650.0,0.05700526386499405
train/multiscale,57700.0,0.058856889605522156
train/multiscale,57750.0,0.049530722200870514
train/multiscale,57800.0,0.06015878543257713
train/multiscale,57850.0,0.05001991242170334
train/multiscale,57900.0,0.049598999321460724
train/multiscale,57950.0,0.05027714744210243
train/multiscale,58000.0,0.0504894033074379
train/multiscale,58050.0,0.05668275058269501
train/multiscale,58100.0,0.05463182181119919
train/multiscale,58150.0,0.053162120282649994
train/multiscale,58200.0,0.054404549300670624
train/multiscale,58250.0,0.05411171913146973
train/multiscale,58300.0,0.04931289330124855
train/multiscale,58350.0,0.04994175210595131
train/multiscale,58400.0,0.05823145806789398
train/multiscale,58450.0,0.048928506672382355
train/multiscale,58500.0,0.054045964032411575
train/multiscale,58550.0,0.05268429219722748
train/multiscale,58600.0,0.04931860789656639
train/multiscale,58650.0,0.05508945882320404
train/multiscale,58700.0,0.04875083267688751
train/multiscale,58750.0,0.05664477497339249
train/multiscale,58800.0,0.04886601120233536
train/multiscale,58850.0,0.05608270317316055
train/multiscale,58900.0,0.05036840960383415
train/multiscale,58950.0,0.046684153378009796
train/multiscale,59000.0,0.05216508358716965
train/multiscale,59050.0,0.04899419844150543
train/multiscale,59100.0,0.04956949129700661
train/multiscale,59150.0,0.05304025113582611
train/multiscale,59200.0,0.05380687862634659
train/multiscale,59250.0,0.05452238395810127
train/multiscale,59300.0,0.05535783991217613
train/multiscale,59350.0,0.0622950978577137
train/multiscale,59400.0,0.05385805666446686
train/multiscale,59450.0,0.057497601956129074
train/multiscale,59500.0,0.0559331476688385
train/multiscale,59550.0,0.0509178563952446
train/multiscale,59600.0,0.051999978721141815
train/multiscale,59650.0,0.04636431485414505
train/multiscale,59700.0,0.05331340432167053
train/multiscale,59750.0,0.055241458117961884
train/multiscale,59800.0,0.052519623190164566
train/multiscale,59850.0,0.049602799117565155
train/multiscale,59900.0,0.05402040481567383
train/multiscale,59950.0,0.05168813839554787
train/multiscale,60000.0,0.05086235702037811
train/multiscale,60050.0,0.05427280068397522
train/multiscale,60100.0,0.054298050701618195
train/multiscale,60150.0,0.05189060419797897
train/multiscale,60200.0,0.052294984459877014
train/multiscale,60250.0,0.05030075088143349
train/multiscale,60300.0,0.04681164771318436
train/multiscale,60350.0,0.04824550449848175
train/multiscale,60400.0,0.04890139400959015
train/multiscale,60450.0,0.057620108127593994
train/multiscale,60500.0,0.050208233296871185
train/multiscale,60550.0,0.0519598126411438
train/multiscale,60600.0,0.05611839517951012
train/multiscale,60650.0,0.057731594890356064
train/multiscale,60700.0,0.04936337098479271
train/multiscale,60750.0,0.05283627286553383
train/multiscale,60800.0,0.05584602802991867
train/multiscale,60850.0,0.0558680035173893
train/multiscale,60900.0,0.05596359819173813
train/multiscale,60950.0,0.04986443370580673
train/multiscale,61000.0,0.047806303948163986
train/multiscale,61050.0,0.05360168218612671
train/multiscale,61100.0,0.06106513738632202
train/multiscale,61150.0,0.05323940888047218
train/multiscale,61200.0,0.05464179441332817
train/multiscale,61250.0,0.05070706084370613
train/multiscale,61300.0,0.05765243619680405
train/multiscale,61350.0,0.04747715964913368
train/multiscale,61400.0,0.05539548397064209
train/multiscale,61450.0,0.0553552620112896
train/multiscale,61500.0,0.05807279795408249
train/multiscale,61550.0,0.052119120955467224
train/multiscale,61600.0,0.05458197370171547
train/multiscale,61650.0,0.05518736690282822
train/multiscale,61700.0,0.05486420914530754
train/multiscale,61750.0,0.051386572420597076
train/multiscale,61800.0,0.054972417652606964
train/multiscale,61850.0,0.05579744651913643
train/multiscale,61900.0,0.05580001324415207
train/multiscale,61950.0,0.055487196892499924
train/multiscale,62000.0,0.0534883514046669
train/multiscale,62050.0,0.05619119107723236
train/multiscale,62100.0,0.05747877061367035
train/multiscale,62150.0,0.05306593328714371
train/multiscale,62200.0,0.050935618579387665
train/multiscale,62250.0,0.05419381707906723
train/multiscale,62300.0,0.051117945462465286
train/multiscale,62350.0,0.06137442588806152
train/multiscale,62400.0,0.048411447554826736
train/multiscale,62450.0,0.05223045498132706
train/multiscale,62500.0,0.06002545356750488
train/multiscale,62550.0,0.057302914559841156
train/multiscale,62600.0,0.05230299383401871
train/multiscale,62650.0,0.05495284125208855
train/multiscale,62700.0,0.05595466122031212
train/multiscale,62750.0,0.05682472512125969
train/multiscale,62800.0,0.04815120995044708
train/multiscale,62850.0,0.05001348257064819
train/multiscale,62900.0,0.05056539922952652
train/multiscale,62950.0,0.05983373522758484
train/multiscale,63000.0,0.05606425553560257
train/multiscale,63050.0,0.05393030494451523
train/multiscale,63100.0,0.05191078409552574
train/multiscale,63150.0,0.048273324966430664
train/multiscale,63200.0,0.04918067529797554
train/multiscale,63250.0,0.045153312385082245
train/multiscale,63300.0,0.05257228761911392
train/multiscale,63350.0,0.05208878964185715
train/multiscale,63400.0,0.05289435386657715
train/multiscale,63450.0,0.053057122975587845
train/multiscale,63500.0,0.05286697670817375
train/multiscale,63550.0,0.05513504892587662
train/multiscale,63600.0,0.05660940334200859
train/multiscale,63650.0,0.05341377109289169
train/multiscale,63700.0,0.04939347505569458
train/multiscale,63750.0,0.053255535662174225
train/multiscale,63800.0,0.05008985847234726
train/multiscale,63850.0,0.05437575653195381
train/multiscale,63900.0,0.05532200261950493
train/multiscale,63950.0,0.059387076646089554
train/multiscale,64000.0,0.05197308212518692
train/multiscale,64050.0,0.05629546940326691
train/multiscale,64100.0,0.052326854318380356
train/multiscale,64150.0,0.054254114627838135
train/multiscale,64200.0,0.04886283725500107
train/multiscale,64250.0,0.054486796259880066
train/multiscale,64300.0,0.05787551775574684
train/multiscale,64350.0,0.046689677983522415
train/multiscale,64400.0,0.05200637876987457
train/multiscale,64450.0,0.053469218313694
train/multiscale,64500.0,0.05328971892595291
train/multiscale,64550.0,0.049452826380729675
train/multiscale,64600.0,0.05365774780511856
train/multiscale,64650.0,0.050016727298498154
train/multiscale,64700.0,0.05081922188401222
train/multiscale,64750.0,0.048189710825681686
train/multiscale,64800.0,0.04863063246011734
train/multiscale,64850.0,0.056101586669683456
train/multiscale,64900.0,0.05126791074872017
train/multiscale,64950.0,0.05471808463335037
train/multiscale,65000.0,0.05280493572354317
train/multiscale,65050.0,0.05271065607666969
train/multiscale,65100.0,0.056750617921352386
train/multiscale,65150.0,0.05330681800842285
train/multiscale,65200.0,0.057121362537145615
train/multiscale,65250.0,0.050951555371284485
train/multiscale,65300.0,0.05435580015182495
train/multiscale,65350.0,0.04638110101222992
train/multiscale,65400.0,0.053605034947395325
train/multiscale,65450.0,0.05745292454957962
train/multiscale,65500.0,0.04741864278912544
train/multiscale,65550.0,0.05547093227505684
train/multiscale,65600.0,0.05185874179005623
train/multiscale,65650.0,0.05502266809344292
train/multiscale,65700.0,0.057544298470020294
train/multiscale,65750.0,0.050481148064136505
train/multiscale,65800.0,0.05380168929696083
train/multiscale,65850.0,0.05559839308261871
train/multiscale,65900.0,0.056369852274656296
train/multiscale,65950.0,0.05802106857299805
train/multiscale,66000.0,0.04873565956950188
train/multiscale,66050.0,0.04930942505598068
train/multiscale,66100.0,0.056360311806201935
train/multiscale,66150.0,0.057148467749357224
train/multiscale,66200.0,0.050173837691545486
train/multiscale,66250.0,0.05463454872369766
train/multiscale,66300.0,0.053123589605093
train/multiscale,66350.0,0.05319960042834282
train/multiscale,66400.0,0.052116759121418
train/multiscale,66450.0,0.058174364268779755
train/multiscale,66500.0,0.053755518049001694
train/multiscale,66550.0,0.05417866259813309
train/multiscale,66600.0,0.0524865984916687
train/multiscale,66650.0,0.05474710464477539
train/multiscale,66700.0,0.04938724637031555
train/multiscale,66750.0,0.053181491792201996
train/multiscale,66800.0,0.05437983199954033
train/multiscale,66850.0,0.04604116454720497
train/multiscale,66900.0,0.05231308192014694
train/multiscale,66950.0,0.05303262919187546
train/multiscale,67000.0,0.05430161952972412
train/multiscale,67050.0,0.05310239642858505
train/multiscale,67100.0,0.05293557047843933
train/multiscale,67150.0,0.051337920129299164
train/multiscale,67200.0,0.053885318338871
train/multiscale,67250.0,0.06002558022737503
train/multiscale,67300.0,0.053394049406051636
train/multiscale,67350.0,0.05109550803899765
train/multiscale,67400.0,0.04710111394524574
train/multiscale,67450.0,0.047006379812955856
train/multiscale,67500.0,0.05366513133049011
train/multiscale,67550.0,0.05598592013120651
train/multiscale,67600.0,0.05596396327018738
train/multiscale,67650.0,0.056701332330703735
train/multiscale,67700.0,0.052138008177280426
train/multiscale,67750.0,0.05544133111834526
train/multiscale,67800.0,0.05297089368104935
train/multiscale,67850.0,0.05567698925733566
train/multiscale,67900.0,0.05351940169930458
train/multiscale,67950.0,0.05062304437160492
train/multiscale,68000.0,0.05292671546339989
train/multiscale,68050.0,0.054605331271886826
train/multiscale,68100.0,0.052166447043418884
train/multiscale,68150.0,0.05574585124850273
train/multiscale,68200.0,0.047861337661743164
train/multiscale,68250.0,0.054472774267196655
train/multiscale,68300.0,0.05345511436462402
train/multiscale,68350.0,0.054750967770814896
train/multiscale,68400.0,0.052906349301338196
train/multiscale,68450.0,0.05067754536867142
train/multiscale,68500.0,0.04817585647106171
train/multiscale,68550.0,0.05548982322216034
train/multiscale,68600.0,0.04672819375991821
train/multiscale,68650.0,0.05459913983941078
train/multiscale,68700.0,0.05686286464333534
train/multiscale,68750.0,0.048653192818164825
train/multiscale,68800.0,0.05535281077027321
train/multiscale,68850.0,0.04933370649814606
train/multiscale,68900.0,0.050746701657772064
train/multiscale,68950.0,0.05365436524152756
train/multiscale,69000.0,0.05109042674303055
train/multiscale,69050.0,0.0523671954870224
train/multiscale,69100.0,0.05692657083272934
train/multiscale,69150.0,0.049758605659008026
train/multiscale,69200.0,0.05202070623636246
train/multiscale,69250.0,0.04543544724583626
train/multiscale,69300.0,0.05538693442940712
train/multiscale,69350.0,0.051497846841812134
train/multiscale,69400.0,0.05126156285405159
train/multiscale,69450.0,0.05273384600877762
train/multiscale,69500.0,0.05410394072532654
train/multiscale,69550.0,0.06129651144146919
train/multiscale,69600.0,0.05091949179768562
train/multiscale,69650.0,0.05891337990760803
train/multiscale,69700.0,0.05577123910188675
train/multiscale,69750.0,0.05235176533460617
train/multiscale,69800.0,0.04929900914430618
train/multiscale,69850.0,0.058426760137081146
train/multiscale,69900.0,0.051432788372039795
train/multiscale,69950.0,0.05387523025274277
train/multiscale,70000.0,0.05995208024978638
train/multiscale,70050.0,0.05029827356338501
train/multiscale,70100.0,0.055305447429418564
train/multiscale,70150.0,0.053248848766088486
train/multiscale,70200.0,0.0509069561958313
train/multiscale,70250.0,0.05545957386493683
train/multiscale,70300.0,0.051676325500011444
train/multiscale,70350.0,0.056220054626464844
train/multiscale,70400.0,0.05846845358610153
train/multiscale,70450.0,0.05166216194629669
train/multiscale,70500.0,0.05381498485803604
train/multiscale,70550.0,0.058624036610126495
train/multiscale,70600.0,0.05017639324069023
train/multiscale,70650.0,0.05595424771308899
train/multiscale,70700.0,0.0541873499751091
train/multiscale,70750.0,0.05520110949873924
train/multiscale,70800.0,0.05016263574361801
train/multiscale,70850.0,0.04976934939622879
train/multiscale,70900.0,0.05635537952184677
train/multiscale,70950.0,0.05864420160651207
train/multiscale,71000.0,0.0535004660487175
train/multiscale,71050.0,0.04899749532341957
train/multiscale,71100.0,0.05285922810435295
train/multiscale,71150.0,0.05740384757518768
train/multiscale,71200.0,0.054803263396024704
train/multiscale,71250.0,0.050156038254499435
train/multiscale,71300.0,0.0443887859582901
train/multiscale,71350.0,0.050073374062776566
train/multiscale,71400.0,0.04780302569270134
train/multiscale,71450.0,0.05282611399888992
train/multiscale,71500.0,0.04559679701924324
train/multiscale,71550.0,0.05138085037469864
train/multiscale,71600.0,0.051959868520498276
train/multiscale,71650.0,0.05033010244369507
train/multiscale,71700.0,0.05667952448129654
train/multiscale,71750.0,0.051296889781951904
train/multiscale,71800.0,0.05379992350935936
train/multiscale,71850.0,0.05003567785024643
train/multiscale,71900.0,0.05050760507583618
train/multiscale,71950.0,0.052072569727897644
train/multiscale,72000.0,0.051930155605077744
train/multiscale,72050.0,0.058684416115283966
train/multiscale,72100.0,0.054466210305690765
train/multiscale,72150.0,0.04538819193840027
train/multiscale,72200.0,0.047623731195926666
train/multiscale,72250.0,0.054207123816013336
train/multiscale,72300.0,0.056644707918167114
train/multiscale,72350.0,0.051348403096199036
train/multiscale,72400.0,0.05609910935163498
train/multiscale,72450.0,0.05581986531615257
train/multiscale,72500.0,0.054761387407779694
train/multiscale,72550.0,0.05078325420618057
train/multiscale,72600.0,0.06108460575342178
train/multiscale,72650.0,0.05013527721166611
train/multiscale,72700.0,0.06095881760120392
train/multiscale,72750.0,0.054176557809114456
train/multiscale,72800.0,0.05301658809185028
train/multiscale,72850.0,0.054050594568252563
train/multiscale,72900.0,0.057249754667282104
train/multiscale,72950.0,0.0545000284910202
train/multiscale,73000.0,0.0558788999915123
train/multiscale,73050.0,0.052522823214530945
train/multiscale,73100.0,0.05695493146777153
train/multiscale,73150.0,0.0565669909119606
train/multiscale,73200.0,0.05983281880617142
train/multiscale,73250.0,0.052631210535764694
train/multiscale,73300.0,0.05141168460249901
train/multiscale,73350.0,0.05006733536720276
train/multiscale,73400.0,0.05841962248086929
train/multiscale,73450.0,0.04581359401345253
train/multiscale,73500.0,0.05100272223353386
train/multiscale,73550.0,0.05304300785064697
train/multiscale,73600.0,0.05077327415347099
train/multiscale,73650.0,0.060684237629175186
train/multiscale,73700.0,0.052494972944259644
train/multiscale,73750.0,0.058127276599407196
train/multiscale,73800.0,0.05326829478144646
train/multiscale,73850.0,0.053574059158563614
train/multiscale,73900.0,0.055651333183050156
train/multiscale,73950.0,0.05095735937356949
train/multiscale,74000.0,0.05270992964506149
train/multiscale,74050.0,0.05449290573596954
train/multiscale,74100.0,0.051746319979429245
train/multiscale,74150.0,0.047635000199079514
train/multiscale,74200.0,0.050202347338199615
train/multiscale,74250.0,0.05436558648943901
train/multiscale,74300.0,0.04951171576976776
train/multiscale,74350.0,0.05453776940703392
train/multiscale,74400.0,0.04993578791618347
train/multiscale,74450.0,0.047538191080093384
train/multiscale,74500.0,0.05626031756401062
train/multiscale,74550.0,0.056206341832876205
train/multiscale,74600.0,0.052468493580818176
train/multiscale,74650.0,0.05146980658173561
train/multiscale,74700.0,0.050416748970746994
train/multiscale,74750.0,0.046374741941690445
train/multiscale,74800.0,0.05818536877632141
train/multiscale,74850.0,0.05337614193558693
train/multiscale,74900.0,0.04873424395918846
train/multiscale,74950.0,0.048412978649139404
train/multiscale,75000.0,0.05626384913921356
train/multiscale,75050.0,0.05578596144914627
train/multiscale,75100.0,0.044851336628198624
train/multiscale,75150.0,0.05356110259890556
train/multiscale,75200.0,0.04863119125366211
train/multiscale,75250.0,0.050630077719688416
train/multiscale,75300.0,0.0537262037396431
train/multiscale,75350.0,0.05674530938267708
train/multiscale,75400.0,0.050063539296388626
train/multiscale,75450.0,0.05674311891198158
train/multiscale,75500.0,0.04354030266404152
train/multiscale,75550.0,0.05714146047830582
train/multiscale,75600.0,0.05770134925842285
train/multiscale,75650.0,0.055646225810050964
train/multiscale,75700.0,0.05278884992003441
train/multiscale,75750.0,0.057580769062042236
train/multiscale,75800.0,0.05629662796854973
train/multiscale,75850.0,0.054145991802215576
train/multiscale,75900.0,0.054209597408771515
train/multiscale,75950.0,0.050860099494457245
train/multiscale,76000.0,0.053859271109104156
train/multiscale,76050.0,0.05120457336306572
train/multiscale,76100.0,0.05313820019364357
train/multiscale,76150.0,0.05173807591199875
train/multiscale,76200.0,0.05596759542822838
train/multiscale,76250.0,0.0594874732196331
train/multiscale,76300.0,0.05795154348015785
train/multiscale,76350.0,0.05381504073739052
train/multiscale,76400.0,0.047478169202804565
train/multiscale,76450.0,0.05681314691901207
train/multiscale,76500.0,0.06127393618226051
train/multiscale,76550.0,0.052934374660253525
train/multiscale,76600.0,0.04800654202699661
train/multiscale,76650.0,0.052537813782691956
train/multiscale,76700.0,0.0503874346613884
train/multiscale,76750.0,0.05240415781736374
train/multiscale,76800.0,0.051517851650714874
train/multiscale,76850.0,0.04953407868742943
train/multiscale,76900.0,0.04960588365793228
train/multiscale,76950.0,0.05915379524230957
train/multiscale,77000.0,0.05066286027431488
train/multiscale,77050.0,0.053791895508766174
train/multiscale,77100.0,0.04736524075269699
train/multiscale,77150.0,0.057234346866607666
train/multiscale,77200.0,0.05085942894220352
train/multiscale,77250.0,0.05065605789422989
train/multiscale,77300.0,0.05174732208251953
train/multiscale,77350.0,0.058995768427848816
train/multiscale,77400.0,0.05181315541267395
train/multiscale,77450.0,0.05261875316500664
train/multiscale,77500.0,0.04865628108382225
train/multiscale,77550.0,0.051131438463926315
train/multiscale,77600.0,0.052306901663541794
train/multiscale,77650.0,0.04945129156112671
train/multiscale,77700.0,0.05323302373290062
train/multiscale,77750.0,0.05433540791273117
train/multiscale,77800.0,0.05025096982717514
train/multiscale,77850.0,0.05520197004079819
train/multiscale,77900.0,0.049578938633203506
train/multiscale,77950.0,0.054079219698905945
train/multiscale,78000.0,0.05064255744218826
train/multiscale,78050.0,0.052631571888923645
train/multiscale,78100.0,0.05209856480360031
train/multiscale,78150.0,0.056602489203214645
train/multiscale,78200.0,0.055569637566804886
train/multiscale,78250.0,0.056717194616794586
train/multiscale,78300.0,0.05136377364397049
train/multiscale,78350.0,0.04959099739789963
train/multiscale,78400.0,0.05411092936992645
train/multiscale,78450.0,0.04836629331111908
train/multiscale,78500.0,0.054420411586761475
train/multiscale,78550.0,0.050489217042922974
train/multiscale,78600.0,0.060581643134355545
train/multiscale,78650.0,0.050704024732112885
train/multiscale,78700.0,0.05378884822130203
train/multiscale,78750.0,0.04988214746117592
train/multiscale,78800.0,0.04654167592525482
train/multiscale,78850.0,0.05905913934111595
train/multiscale,78900.0,0.05469456687569618
train/multiscale,78950.0,0.05342252552509308
train/multiscale,79000.0,0.04569655656814575
train/multiscale,79050.0,0.05068178102374077
train/multiscale,79100.0,0.04924202710390091
train/multiscale,79150.0,0.05008336529135704
train/multiscale,79200.0,0.055463746190071106
train/multiscale,79250.0,0.050097908824682236
train/multiscale,79300.0,0.057552509009838104
train/multiscale,79350.0,0.05354565009474754
train/multiscale,79400.0,0.057083532214164734
train/multiscale,79450.0,0.05549962818622589
train/multiscale,79500.0,0.0525137297809124
train/multiscale,79550.0,0.04373125731945038
train/multiscale,79600.0,0.057948630303144455
train/multiscale,79650.0,0.05997061729431152
train/multiscale,79700.0,0.05031711608171463
train/multiscale,79750.0,0.051532357931137085
train/multiscale,79800.0,0.04666535556316376
train/multiscale,79850.0,0.058296021074056625
train/multiscale,79900.0,0.05440744757652283
train/multiscale,79950.0,0.05007844418287277
train/multiscale,80000.0,0.05300267040729523
train/reconstruction,1.0,0.3649938106536865
train/reconstruction,50.0,0.24066348373889923
train/reconstruction,100.0,0.14370794594287872
train/reconstruction,150.0,0.1384965032339096
train/reconstruction,200.0,0.12387531995773315
train/reconstruction,250.0,0.10222893953323364
train/reconstruction,300.0,0.10834243148565292
train/reconstruction,350.0,0.10642184317111969
train/reconstruction,400.0,0.11294253170490265
train/reconstruction,450.0,0.10351860523223877
train/reconstruction,500.0,0.10395067930221558
train/reconstruction,550.0,0.09381718188524246
train/reconstruction,600.0,0.10426589846611023
train/reconstruction,650.0,0.09862329065799713
train/reconstruction,700.0,0.09505097568035126
train/reconstruction,750.0,0.09467766433954239
train/reconstruction,800.0,0.09420362114906311
train/reconstruction,850.0,0.09364974498748779
train/reconstruction,900.0,0.09346749633550644
train/reconstruction,950.0,0.09204742312431335
train/reconstruction,1000.0,0.08759910613298416
train/reconstruction,1050.0,0.0953032523393631
train/reconstruction,1100.0,0.08982029557228088
train/reconstruction,1150.0,0.08258247375488281
train/reconstruction,1200.0,0.07890380173921585
train/reconstruction,1250.0,0.08051873743534088
train/reconstruction,1300.0,0.08568881452083588
train/reconstruction,1350.0,0.0883389562368393
train/reconstruction,1400.0,0.08730292320251465
train/reconstruction,1450.0,0.0823010504245758
train/reconstruction,1500.0,0.08355595916509628
train/reconstruction,1550.0,0.07874360680580139
train/reconstruction,1600.0,0.08018327504396439
train/reconstruction,1650.0,0.07795792818069458
train/reconstruction,1700.0,0.08331867307424545
train/reconstruction,1750.0,0.07925786077976227
train/reconstruction,1800.0,0.08114476501941681
train/reconstruction,1850.0,0.09380762279033661
train/reconstruction,1900.0,0.08655465394258499
train/reconstruction,1950.0,0.08315578103065491
train/reconstruction,2000.0,0.07741812616586685
train/reconstruction,2050.0,0.08295021206140518
train/reconstruction,2100.0,0.0830598995089531
train/reconstruction,2150.0,0.07991645485162735
train/reconstruction,2200.0,0.08329606056213379
train/reconstruction,2250.0,0.08027862757444382
train/reconstruction,2300.0,0.07222755253314972
train/reconstruction,2350.0,0.08993268758058548
train/reconstruction,2400.0,0.07980518043041229
train/reconstruction,2450.0,0.0789569541811943
train/reconstruction,2500.0,0.08026830852031708
train/reconstruction,2550.0,0.07905594259500504
train/reconstruction,2600.0,0.07656745612621307
train/reconstruction,2650.0,0.07523083686828613
train/reconstruction,2700.0,0.07434824854135513
train/reconstruction,2750.0,0.08494505286216736
train/reconstruction,2800.0,0.07721468806266785
train/reconstruction,2850.0,0.08666639029979706
train/reconstruction,2900.0,0.09239476919174194
train/reconstruction,2950.0,0.0826159417629242
train/reconstruction,3000.0,0.08379596471786499
train/reconstruction,3050.0,0.07265803217887878
train/reconstruction,3100.0,0.08235463500022888
train/reconstruction,3150.0,0.07577157020568848
train/reconstruction,3200.0,0.07914000749588013
train/reconstruction,3250.0,0.07678284496068954
train/reconstruction,3300.0,0.08865346759557724
train/reconstruction,3350.0,0.0679221823811531
train/reconstruction,3400.0,0.07890897989273071
train/reconstruction,3450.0,0.07715949416160583
train/reconstruction,3500.0,0.07840900868177414
train/reconstruction,3550.0,0.08427806198596954
train/reconstruction,3600.0,0.07693745195865631
train/reconstruction,3650.0,0.07350342720746994
train/reconstruction,3700.0,0.0689980611205101
train/reconstruction,3750.0,0.07756375521421432
train/reconstruction,3800.0,0.08143455535173416
train/reconstruction,3850.0,0.08197417855262756
train/reconstruction,3900.0,0.07531280815601349
train/reconstruction,3950.0,0.07876736670732498
train/reconstruction,4000.0,0.08646117895841599
train/reconstruction,4050.0,0.07935573905706406
train/reconstruction,4100.0,0.07963860034942627
train/reconstruction,4150.0,0.0884857326745987
train/reconstruction,4200.0,0.08707955479621887
train/reconstruction,4250.0,0.08120381832122803
train/reconstruction,4300.0,0.07953272014856339
train/reconstruction,4350.0,0.07329892367124557
train/reconstruction,4400.0,0.07569253444671631
train/reconstruction,4450.0,0.07542426884174347
train/reconstruction,4500.0,0.07523293048143387
train/reconstruction,4550.0,0.06961280852556229
train/reconstruction,4600.0,0.08153204619884491
train/reconstruction,4650.0,0.07998465746641159
train/reconstruction,4700.0,0.07065309584140778
train/reconstruction,4750.0,0.07568445801734924
train/reconstruction,4800.0,0.07429522275924683
train/reconstruction,4850.0,0.0833611786365509
train/reconstruction,4900.0,0.08426262438297272
train/reconstruction,4950.0,0.0806620642542839
train/reconstruction,5000.0,0.07626558095216751
train/reconstruction,5050.0,0.07902367413043976
train/reconstruction,5100.0,0.08225558698177338
train/reconstruction,5150.0,0.08150622248649597
train/reconstruction,5200.0,0.08179197460412979
train/reconstruction,5250.0,0.07764071971178055
train/reconstruction,5300.0,0.08660951256752014
train/reconstruction,5350.0,0.08423861861228943
train/reconstruction,5400.0,0.07401597499847412
train/reconstruction,5450.0,0.07661567628383636
train/reconstruction,5500.0,0.08023551851511002
train/reconstruction,5550.0,0.08176568895578384
train/reconstruction,5600.0,0.06989148259162903
train/reconstruction,5650.0,0.07152517139911652
train/reconstruction,5700.0,0.0797097235918045
train/reconstruction,5750.0,0.08081164956092834
train/reconstruction,5800.0,0.08533444255590439
train/reconstruction,5850.0,0.07678201049566269
train/reconstruction,5900.0,0.07795299589633942
train/reconstruction,5950.0,0.07920186221599579
train/reconstruction,6000.0,0.06845787167549133
train/reconstruction,6050.0,0.07431979477405548
train/reconstruction,6100.0,0.07359965890645981
train/reconstruction,6150.0,0.07552862167358398
train/reconstruction,6200.0,0.07732944190502167
train/reconstruction,6250.0,0.07950049638748169
train/reconstruction,6300.0,0.08000223338603973
train/reconstruction,6350.0,0.07560746371746063
train/reconstruction,6400.0,0.07070308923721313
train/reconstruction,6450.0,0.07214990258216858
train/reconstruction,6500.0,0.07470367848873138
train/reconstruction,6550.0,0.08280949294567108
train/reconstruction,6600.0,0.06988438218832016
train/reconstruction,6650.0,0.06941582262516022
train/reconstruction,6700.0,0.07957102358341217
train/reconstruction,6750.0,0.08558331429958344
train/reconstruction,6800.0,0.086116261780262
train/reconstruction,6850.0,0.0768037661910057
train/reconstruction,6900.0,0.08224167674779892
train/reconstruction,6950.0,0.06703758239746094
train/reconstruction,7000.0,0.07619822025299072
train/reconstruction,7050.0,0.07552478462457657
train/reconstruction,7100.0,0.07875854521989822
train/reconstruction,7150.0,0.07553514838218689
train/reconstruction,7200.0,0.0762721449136734
train/reconstruction,7250.0,0.07794360816478729
train/reconstruction,7300.0,0.08108553290367126
train/reconstruction,7350.0,0.07990896701812744
train/reconstruction,7400.0,0.07096608728170395
train/reconstruction,7450.0,0.07201726734638214
train/reconstruction,7500.0,0.06971437484025955
train/reconstruction,7550.0,0.07887943089008331
train/reconstruction,7600.0,0.08510205149650574
train/reconstruction,7650.0,0.06741542369127274
train/reconstruction,7700.0,0.0782453641295433
train/reconstruction,7750.0,0.07598061859607697
train/reconstruction,7800.0,0.07746334373950958
train/reconstruction,7850.0,0.07587099820375443
train/reconstruction,7900.0,0.07768730819225311
train/reconstruction,7950.0,0.07825355231761932
train/reconstruction,8000.0,0.08078660815954208
train/reconstruction,8050.0,0.07052323967218399
train/reconstruction,8100.0,0.07998240739107132
train/reconstruction,8150.0,0.0885816216468811
train/reconstruction,8200.0,0.07988043129444122
train/reconstruction,8250.0,0.07867023348808289
train/reconstruction,8300.0,0.07925069332122803
train/reconstruction,8350.0,0.07638105750083923
train/reconstruction,8400.0,0.0780516117811203
train/reconstruction,8450.0,0.08116872608661652
train/reconstruction,8500.0,0.0787971019744873
train/reconstruction,8550.0,0.07435133308172226
train/reconstruction,8600.0,0.07391681522130966
train/reconstruction,8650.0,0.07852815836668015
train/reconstruction,8700.0,0.07507309317588806
train/reconstruction,8750.0,0.0747743472456932
train/reconstruction,8800.0,0.07316950708627701
train/reconstruction,8850.0,0.08463621139526367
train/reconstruction,8900.0,0.07972407341003418
train/reconstruction,8950.0,0.07199088484048843
train/reconstruction,9000.0,0.07886956632137299
train/reconstruction,9050.0,0.07630142569541931
train/reconstruction,9100.0,0.07712815701961517
train/reconstruction,9150.0,0.08924444019794464
train/reconstruction,9200.0,0.07215334475040436
train/reconstruction,9250.0,0.08146823942661285
train/reconstruction,9300.0,0.07996205240488052
train/reconstruction,9350.0,0.07654527574777603
train/reconstruction,9400.0,0.07047688961029053
train/reconstruction,9450.0,0.07759419828653336
train/reconstruction,9500.0,0.07650728523731232
train/reconstruction,9550.0,0.08025339245796204
train/reconstruction,9600.0,0.06924273073673248
train/reconstruction,9650.0,0.06572221964597702
train/reconstruction,9700.0,0.07462874054908752
train/reconstruction,9750.0,0.07756991684436798
train/reconstruction,9800.0,0.07922239601612091
train/reconstruction,9850.0,0.07365499436855316
train/reconstruction,9900.0,0.0698300376534462
train/reconstruction,9950.0,0.07888565957546234
train/reconstruction,10000.0,0.07943951338529587
train/reconstruction,10050.0,0.0759628564119339
train/reconstruction,10100.0,0.0751088410615921
train/reconstruction,10150.0,0.0813509002327919
train/reconstruction,10200.0,0.084695965051651
train/reconstruction,10250.0,0.07484264671802521
train/reconstruction,10300.0,0.07107752561569214
train/reconstruction,10350.0,0.0809122771024704
train/reconstruction,10400.0,0.08056551963090897
train/reconstruction,10450.0,0.07955177873373032
train/reconstruction,10500.0,0.0779895931482315
train/reconstruction,10550.0,0.0706440880894661
train/reconstruction,10600.0,0.07104077190160751
train/reconstruction,10650.0,0.07587054371833801
train/reconstruction,10700.0,0.07220596075057983
train/reconstruction,10750.0,0.07963776588439941
train/reconstruction,10800.0,0.08211109042167664
train/reconstruction,10850.0,0.07166042923927307
train/reconstruction,10900.0,0.08099712431430817
train/reconstruction,10950.0,0.0745660588145256
train/reconstruction,11000.0,0.07068528234958649
train/reconstruction,11050.0,0.07967908680438995
train/reconstruction,11100.0,0.08287123590707779
train/reconstruction,11150.0,0.07898201048374176
train/reconstruction,11200.0,0.07107604295015335
train/reconstruction,11250.0,0.07878641784191132
train/reconstruction,11300.0,0.07438153028488159
train/reconstruction,11350.0,0.06847326457500458
train/reconstruction,11400.0,0.07958579063415527
train/reconstruction,11450.0,0.07953497022390366
train/reconstruction,11500.0,0.06931870430707932
train/reconstruction,11550.0,0.0803510993719101
train/reconstruction,11600.0,0.08120214194059372
train/reconstruction,11650.0,0.07445406913757324
train/reconstruction,11700.0,0.0816342830657959
train/reconstruction,11750.0,0.07827329635620117
train/reconstruction,11800.0,0.07973267883062363
train/reconstruction,11850.0,0.07439886778593063
train/reconstruction,11900.0,0.07656379789113998
train/reconstruction,11950.0,0.07229647040367126
train/reconstruction,12000.0,0.07465053349733353
train/reconstruction,12050.0,0.07154801487922668
train/reconstruction,12100.0,0.07327762991189957
train/reconstruction,12150.0,0.08210166543722153
train/reconstruction,12200.0,0.07266009598970413
train/reconstruction,12250.0,0.0742437019944191
train/reconstruction,12300.0,0.07384905964136124
train/reconstruction,12350.0,0.07674384862184525
train/reconstruction,12400.0,0.07681500911712646
train/reconstruction,12450.0,0.07602465152740479
train/reconstruction,12500.0,0.07552770525217056
train/reconstruction,12550.0,0.07981830835342407
train/reconstruction,12600.0,0.07690457999706268
train/reconstruction,12650.0,0.08023317903280258
train/reconstruction,12700.0,0.07112391293048859
train/reconstruction,12750.0,0.07549388706684113
train/reconstruction,12800.0,0.07390002906322479
train/reconstruction,12850.0,0.07548685371875763
train/reconstruction,12900.0,0.07547013461589813
train/reconstruction,12950.0,0.07321232557296753
train/reconstruction,13000.0,0.07143168896436691
train/reconstruction,13050.0,0.08203117549419403
train/reconstruction,13100.0,0.0798959881067276
train/reconstruction,13150.0,0.0793224424123764
train/reconstruction,13200.0,0.08730147778987885
train/reconstruction,13250.0,0.07609441876411438
train/reconstruction,13300.0,0.0829150378704071
train/reconstruction,13350.0,0.07868010550737381
train/reconstruction,13400.0,0.07847052812576294
train/reconstruction,13450.0,0.07192909717559814
train/reconstruction,13500.0,0.07618086040019989
train/reconstruction,13550.0,0.08240552991628647
train/reconstruction,13600.0,0.08450905233621597
train/reconstruction,13650.0,0.07229878753423691
train/reconstruction,13700.0,0.06937946379184723
train/reconstruction,13750.0,0.08167857676744461
train/reconstruction,13800.0,0.07148731499910355
train/reconstruction,13850.0,0.07827852666378021
train/reconstruction,13900.0,0.07749894261360168
train/reconstruction,13950.0,0.07679577171802521
train/reconstruction,14000.0,0.07601360231637955
train/reconstruction,14050.0,0.07497192174196243
train/reconstruction,14100.0,0.0796971246600151
train/reconstruction,14150.0,0.07829079031944275
train/reconstruction,14200.0,0.07077143341302872
train/reconstruction,14250.0,0.07226452231407166
train/reconstruction,14300.0,0.07671745121479034
train/reconstruction,14350.0,0.062150269746780396
train/reconstruction,14400.0,0.07028210908174515
train/reconstruction,14450.0,0.07634992897510529
train/reconstruction,14500.0,0.07595964521169662
train/reconstruction,14550.0,0.07397274672985077
train/reconstruction,14600.0,0.07291745394468307
train/reconstruction,14650.0,0.08417821675539017
train/reconstruction,14700.0,0.07377203553915024
train/reconstruction,14750.0,0.07104406505823135
train/reconstruction,14800.0,0.07459107786417007
train/reconstruction,14850.0,0.07721386849880219
train/reconstruction,14900.0,0.07172951102256775
train/reconstruction,14950.0,0.08900835365056992
train/reconstruction,15000.0,0.07118584215641022
train/reconstruction,15050.0,0.07769828289747238
train/reconstruction,15100.0,0.07496735453605652
train/reconstruction,15150.0,0.07975706458091736
train/reconstruction,15200.0,0.07250118255615234
train/reconstruction,15250.0,0.06728339940309525
train/reconstruction,15300.0,0.07635325938463211
train/reconstruction,15350.0,0.07263564318418503
train/reconstruction,15400.0,0.07396472245454788
train/reconstruction,15450.0,0.07184784859418869
train/reconstruction,15500.0,0.07117351144552231
train/reconstruction,15550.0,0.07480910420417786
train/reconstruction,15600.0,0.0799524188041687
train/reconstruction,15650.0,0.07053445279598236
train/reconstruction,15700.0,0.07134969532489777
train/reconstruction,15750.0,0.08006980270147324
train/reconstruction,15800.0,0.07796362042427063
train/reconstruction,15850.0,0.07720431685447693
train/reconstruction,15900.0,0.07361198961734772
train/reconstruction,15950.0,0.07489102333784103
train/reconstruction,16000.0,0.06635691225528717
train/reconstruction,16050.0,0.07855163514614105
train/reconstruction,16100.0,0.07477740943431854
train/reconstruction,16150.0,0.07216297835111618
train/reconstruction,16200.0,0.07090937346220016
train/reconstruction,16250.0,0.07814949005842209
train/reconstruction,16300.0,0.07328333705663681
train/reconstruction,16350.0,0.0742793083190918
train/reconstruction,16400.0,0.07898411154747009
train/reconstruction,16450.0,0.06594754010438919
train/reconstruction,16500.0,0.07361236214637756
train/reconstruction,16550.0,0.07094238698482513
train/reconstruction,16600.0,0.07790272682905197
train/reconstruction,16650.0,0.08709101378917694
train/reconstruction,16700.0,0.07603945583105087
train/reconstruction,16750.0,0.07029429078102112
train/reconstruction,16800.0,0.07636832445859909
train/reconstruction,16850.0,0.07609771937131882
train/reconstruction,16900.0,0.07634983956813812
train/reconstruction,16950.0,0.07334142923355103
train/reconstruction,17000.0,0.07707176357507706
train/reconstruction,17050.0,0.0782480239868164
train/reconstruction,17100.0,0.07274889200925827
train/reconstruction,17150.0,0.06813289225101471
train/reconstruction,17200.0,0.077565036714077
train/reconstruction,17250.0,0.07938689738512039
train/reconstruction,17300.0,0.07456465065479279
train/reconstruction,17350.0,0.07287121564149857
train/reconstruction,17400.0,0.07664506882429123
train/reconstruction,17450.0,0.07687936723232269
train/reconstruction,17500.0,0.07617717236280441
train/reconstruction,17550.0,0.07433315366506577
train/reconstruction,17600.0,0.07325217872858047
train/reconstruction,17650.0,0.088070347905159
train/reconstruction,17700.0,0.0692635327577591
train/reconstruction,17750.0,0.07650740444660187
train/reconstruction,17800.0,0.08030188828706741
train/reconstruction,17850.0,0.07074770331382751
train/reconstruction,17900.0,0.07248296588659286
train/reconstruction,17950.0,0.0726621150970459
train/reconstruction,18000.0,0.08047682046890259
train/reconstruction,18050.0,0.0803150162100792
train/reconstruction,18100.0,0.0760098546743393
train/reconstruction,18150.0,0.06637849658727646
train/reconstruction,18200.0,0.07446081191301346
train/reconstruction,18250.0,0.07328928261995316
train/reconstruction,18300.0,0.07326449453830719
train/reconstruction,18350.0,0.0820656269788742
train/reconstruction,18400.0,0.07290546596050262
train/reconstruction,18450.0,0.07687506824731827
train/reconstruction,18500.0,0.08236760646104813
train/reconstruction,18550.0,0.07885519415140152
train/reconstruction,18600.0,0.07711219787597656
train/reconstruction,18650.0,0.07478004693984985
train/reconstruction,18700.0,0.08034435659646988
train/reconstruction,18750.0,0.0764816552400589
train/reconstruction,18800.0,0.07467502355575562
train/reconstruction,18850.0,0.07711117714643478
train/reconstruction,18900.0,0.07741013169288635
train/reconstruction,18950.0,0.07081614434719086
train/reconstruction,19000.0,0.07560784369707108
train/reconstruction,19050.0,0.07681196928024292
train/reconstruction,19100.0,0.07171929627656937
train/reconstruction,19150.0,0.07122926414012909
train/reconstruction,19200.0,0.07498537003993988
train/reconstruction,19250.0,0.0729379951953888
train/reconstruction,19300.0,0.07288896292448044
train/reconstruction,19350.0,0.0705445259809494
train/reconstruction,19400.0,0.07214350253343582
train/reconstruction,19450.0,0.07622451335191727
train/reconstruction,19500.0,0.08053895831108093
train/reconstruction,19550.0,0.07921206951141357
train/reconstruction,19600.0,0.07091556489467621
train/reconstruction,19650.0,0.08200221508741379
train/reconstruction,19700.0,0.0746171623468399
train/reconstruction,19750.0,0.07266717404127121
train/reconstruction,19800.0,0.06983141601085663
train/reconstruction,19850.0,0.07609602063894272
train/reconstruction,19900.0,0.07230176031589508
train/reconstruction,19950.0,0.08177225291728973
train/reconstruction,20000.0,0.07196684926748276
train/reconstruction,20050.0,0.07670105993747711
train/reconstruction,20100.0,0.07966484129428864
train/reconstruction,20150.0,0.076768659055233
train/reconstruction,20200.0,0.06805993616580963
train/reconstruction,20250.0,0.07405367493629456
train/reconstruction,20300.0,0.07585285604000092
train/reconstruction,20350.0,0.07861016690731049
train/reconstruction,20400.0,0.07992346584796906
train/reconstruction,20450.0,0.07434671372175217
train/reconstruction,20500.0,0.07997620105743408
train/reconstruction,20550.0,0.07734034955501556
train/reconstruction,20600.0,0.07453200221061707
train/reconstruction,20650.0,0.08351519703865051
train/reconstruction,20700.0,0.07831793278455734
train/reconstruction,20750.0,0.07652535289525986
train/reconstruction,20800.0,0.07904467731714249
train/reconstruction,20850.0,0.08243308961391449
train/reconstruction,20900.0,0.07890639454126358
train/reconstruction,20950.0,0.07102957367897034
train/reconstruction,21000.0,0.07091426849365234
train/reconstruction,21050.0,0.07459358870983124
train/reconstruction,21100.0,0.06589844077825546
train/reconstruction,21150.0,0.07700815051794052
train/reconstruction,21200.0,0.08422444760799408
train/reconstruction,21250.0,0.07721014320850372
train/reconstruction,21300.0,0.07231581956148148
train/reconstruction,21350.0,0.07200083136558533
train/reconstruction,21400.0,0.07250232249498367
train/reconstruction,21450.0,0.07733781635761261
train/reconstruction,21500.0,0.07787198573350906
train/reconstruction,21550.0,0.06892559677362442
train/reconstruction,21600.0,0.07974505424499512
train/reconstruction,21650.0,0.07065550982952118
train/reconstruction,21700.0,0.06831206381320953
train/reconstruction,21750.0,0.07454605400562286
train/reconstruction,21800.0,0.0805237665772438
train/reconstruction,21850.0,0.07234649360179901
train/reconstruction,21900.0,0.0844016745686531
train/reconstruction,21950.0,0.07263766974210739
train/reconstruction,22000.0,0.0734560564160347
train/reconstruction,22050.0,0.08538206666707993
train/reconstruction,22100.0,0.07380464673042297
train/reconstruction,22150.0,0.07400865107774734
train/reconstruction,22200.0,0.07081320136785507
train/reconstruction,22250.0,0.07834852486848831
train/reconstruction,22300.0,0.07595991343259811
train/reconstruction,22350.0,0.07649965584278107
train/reconstruction,22400.0,0.07353678345680237
train/reconstruction,22450.0,0.08147624135017395
train/reconstruction,22500.0,0.07922728359699249
train/reconstruction,22550.0,0.07235479354858398
train/reconstruction,22600.0,0.08690033107995987
train/reconstruction,22650.0,0.07864457368850708
train/reconstruction,22700.0,0.0818537026643753
train/reconstruction,22750.0,0.07892927527427673
train/reconstruction,22800.0,0.08477416634559631
train/reconstruction,22850.0,0.07372990250587463
train/reconstruction,22900.0,0.07255537807941437
train/reconstruction,22950.0,0.07478325068950653
train/reconstruction,23000.0,0.07664062827825546
train/reconstruction,23050.0,0.06523708999156952
train/reconstruction,23100.0,0.07321500778198242
train/reconstruction,23150.0,0.07489794492721558
train/reconstruction,23200.0,0.08020340651273727
train/reconstruction,23250.0,0.07015237957239151
train/reconstruction,23300.0,0.07261151075363159
train/reconstruction,23350.0,0.07553203403949738
train/reconstruction,23400.0,0.07663971930742264
train/reconstruction,23450.0,0.0851193517446518
train/reconstruction,23500.0,0.06972761452198029
train/reconstruction,23550.0,0.06816967576742172
train/reconstruction,23600.0,0.07059413194656372
train/reconstruction,23650.0,0.06605786085128784
train/reconstruction,23700.0,0.07599790394306183
train/reconstruction,23750.0,0.07315327227115631
train/reconstruction,23800.0,0.07259437441825867
train/reconstruction,23850.0,0.07682156562805176
train/reconstruction,23900.0,0.07095488160848618
train/reconstruction,23950.0,0.0717545747756958
train/reconstruction,24000.0,0.06783345341682434
train/reconstruction,24050.0,0.07412779331207275
train/reconstruction,24100.0,0.07600607722997665
train/reconstruction,24150.0,0.07114022970199585
train/reconstruction,24200.0,0.08305026590824127
train/reconstruction,24250.0,0.07019267976284027
train/reconstruction,24300.0,0.07864005863666534
train/reconstruction,24350.0,0.07015550136566162
train/reconstruction,24400.0,0.07730072736740112
train/reconstruction,24450.0,0.0757056176662445
train/reconstruction,24500.0,0.0690133199095726
train/reconstruction,24550.0,0.08073613047599792
train/reconstruction,24600.0,0.07780075818300247
train/reconstruction,24650.0,0.06669595092535019
train/reconstruction,24700.0,0.08140683174133301
train/reconstruction,24750.0,0.0842999815940857
train/reconstruction,24800.0,0.07654165476560593
train/reconstruction,24850.0,0.07486020028591156
train/reconstruction,24900.0,0.07683409750461578
train/reconstruction,24950.0,0.0746256411075592
train/reconstruction,25000.0,0.0733882412314415
train/reconstruction,25050.0,0.07342091202735901
train/reconstruction,25100.0,0.06922262907028198
train/reconstruction,25150.0,0.06759647279977798
train/reconstruction,25200.0,0.08170989155769348
train/reconstruction,25250.0,0.06822803616523743
train/reconstruction,25300.0,0.07211261242628098
train/reconstruction,25350.0,0.0751846581697464
train/reconstruction,25400.0,0.07643952965736389
train/reconstruction,25450.0,0.08322547376155853
train/reconstruction,25500.0,0.08054015040397644
train/reconstruction,25550.0,0.08185382932424545
train/reconstruction,25600.0,0.07459968328475952
train/reconstruction,25650.0,0.07155241072177887
train/reconstruction,25700.0,0.07945078611373901
train/reconstruction,25750.0,0.06716430187225342
train/reconstruction,25800.0,0.08051268011331558
train/reconstruction,25850.0,0.07148586213588715
train/reconstruction,25900.0,0.07641033828258514
train/reconstruction,25950.0,0.07931167632341385
train/reconstruction,26000.0,0.07469924539327621
train/reconstruction,26050.0,0.07003889977931976
train/reconstruction,26100.0,0.0825415700674057
train/reconstruction,26150.0,0.08139025419950485
train/reconstruction,26200.0,0.07429845631122589
train/reconstruction,26250.0,0.07720568776130676
train/reconstruction,26300.0,0.07693466544151306
train/reconstruction,26350.0,0.06456105411052704
train/reconstruction,26400.0,0.07583895325660706
train/reconstruction,26450.0,0.0801229476928711
train/reconstruction,26500.0,0.07469727098941803
train/reconstruction,26550.0,0.07904274761676788
train/reconstruction,26600.0,0.07101702690124512
train/reconstruction,26650.0,0.06952665001153946
train/reconstruction,26700.0,0.0794176459312439
train/reconstruction,26750.0,0.08989923447370529
train/reconstruction,26800.0,0.0769912451505661
train/reconstruction,26850.0,0.08076123893260956
train/reconstruction,26900.0,0.07006219029426575
train/reconstruction,26950.0,0.07509385049343109
train/reconstruction,27000.0,0.06729365140199661
train/reconstruction,27050.0,0.07441037148237228
train/reconstruction,27100.0,0.07117560505867004
train/reconstruction,27150.0,0.07621084153652191
train/reconstruction,27200.0,0.07719592750072479
train/reconstruction,27250.0,0.07467803359031677
train/reconstruction,27300.0,0.07668409496545792
train/reconstruction,27350.0,0.07336460798978806
train/reconstruction,27400.0,0.07062239944934845
train/reconstruction,27450.0,0.0734996497631073
train/reconstruction,27500.0,0.07694770395755768
train/reconstruction,27550.0,0.07319572567939758
train/reconstruction,27600.0,0.07933016121387482
train/reconstruction,27650.0,0.07576030492782593
train/reconstruction,27700.0,0.06610377132892609
train/reconstruction,27750.0,0.07262576371431351
train/reconstruction,27800.0,0.07237139344215393
train/reconstruction,27850.0,0.07769612967967987
train/reconstruction,27900.0,0.07513490319252014
train/reconstruction,27950.0,0.07510927319526672
train/reconstruction,28000.0,0.0703444555401802
train/reconstruction,28050.0,0.07189984619617462
train/reconstruction,28100.0,0.0683896541595459
train/reconstruction,28150.0,0.07633757591247559
train/reconstruction,28200.0,0.07488714903593063
train/reconstruction,28250.0,0.07707826048135757
train/reconstruction,28300.0,0.06949558854103088
train/reconstruction,28350.0,0.07445570081472397
train/reconstruction,28400.0,0.07282668352127075
train/reconstruction,28450.0,0.07040539383888245
train/reconstruction,28500.0,0.07084733247756958
train/reconstruction,28550.0,0.07381197810173035
train/reconstruction,28600.0,0.06573464721441269
train/reconstruction,28650.0,0.0705183893442154
train/reconstruction,28700.0,0.07915320992469788
train/reconstruction,28750.0,0.07606016099452972
train/reconstruction,28800.0,0.07422864437103271
train/reconstruction,28850.0,0.07184623926877975
train/reconstruction,28900.0,0.0773007795214653
train/reconstruction,28950.0,0.0691387876868248
train/reconstruction,29000.0,0.07047680020332336
train/reconstruction,29050.0,0.08186092227697372
train/reconstruction,29100.0,0.07483645528554916
train/reconstruction,29150.0,0.08494918048381805
train/reconstruction,29200.0,0.06875914335250854
train/reconstruction,29250.0,0.06790490448474884
train/reconstruction,29300.0,0.06838428974151611
train/reconstruction,29350.0,0.08300819993019104
train/reconstruction,29400.0,0.07387147843837738
train/reconstruction,29450.0,0.07321242988109589
train/reconstruction,29500.0,0.07054087519645691
train/reconstruction,29550.0,0.07622446119785309
train/reconstruction,29600.0,0.07245981693267822
train/reconstruction,29650.0,0.07053214311599731
train/reconstruction,29700.0,0.07501199096441269
train/reconstruction,29750.0,0.07223492860794067
train/reconstruction,29800.0,0.07191970944404602
train/reconstruction,29850.0,0.07248745113611221
train/reconstruction,29900.0,0.07394791394472122
train/reconstruction,29950.0,0.07163956761360168
train/reconstruction,30000.0,0.06602705270051956
train/reconstruction,30050.0,0.07603540271520615
train/reconstruction,30100.0,0.07868802547454834
train/reconstruction,30150.0,0.0734417587518692
train/reconstruction,30200.0,0.07402274012565613
train/reconstruction,30250.0,0.07823407649993896
train/reconstruction,30300.0,0.07853138446807861
train/reconstruction,30350.0,0.08277337998151779
train/reconstruction,30400.0,0.07669664919376373
train/reconstruction,30450.0,0.0788983404636383
train/reconstruction,30500.0,0.07299439609050751
train/reconstruction,30550.0,0.08100884407758713
train/reconstruction,30600.0,0.08140137046575546
train/reconstruction,30650.0,0.07622719556093216
train/reconstruction,30700.0,0.07199081778526306
train/reconstruction,30750.0,0.0736956000328064
train/reconstruction,30800.0,0.06826792657375336
train/reconstruction,30850.0,0.08425380289554596
train/reconstruction,30900.0,0.072182796895504
train/reconstruction,30950.0,0.07549051940441132
train/reconstruction,31000.0,0.07873614877462387
train/reconstruction,31050.0,0.06616342812776566
train/reconstruction,31100.0,0.07827062904834747
train/reconstruction,31150.0,0.077373206615448
train/reconstruction,31200.0,0.07273784279823303
train/reconstruction,31250.0,0.08407372981309891
train/reconstruction,31300.0,0.06629566103219986
train/reconstruction,31350.0,0.08034342527389526
train/reconstruction,31400.0,0.07443059235811234
train/reconstruction,31450.0,0.07120830565690994
train/reconstruction,31500.0,0.07512824237346649
train/reconstruction,31550.0,0.06862609088420868
train/reconstruction,31600.0,0.06813228875398636
train/reconstruction,31650.0,0.07216838002204895
train/reconstruction,31700.0,0.08143845945596695
train/reconstruction,31750.0,0.07832581549882889
train/reconstruction,31800.0,0.07222872227430344
train/reconstruction,31850.0,0.08156292140483856
train/reconstruction,31900.0,0.06988301128149033
train/reconstruction,31950.0,0.07909402251243591
train/reconstruction,32000.0,0.0749204009771347
train/reconstruction,32050.0,0.07296010851860046
train/reconstruction,32100.0,0.07650382071733475
train/reconstruction,32150.0,0.07226160168647766
train/reconstruction,32200.0,0.08107895404100418
train/reconstruction,32250.0,0.06588777899742126
train/reconstruction,32300.0,0.07647708058357239
train/reconstruction,32350.0,0.08381269872188568
train/reconstruction,32400.0,0.07726173847913742
train/reconstruction,32450.0,0.08204524219036102
train/reconstruction,32500.0,0.07260024547576904
train/reconstruction,32550.0,0.072357177734375
train/reconstruction,32600.0,0.07373591512441635
train/reconstruction,32650.0,0.069263756275177
train/reconstruction,32700.0,0.0701403021812439
train/reconstruction,32750.0,0.08244587481021881
train/reconstruction,32800.0,0.07216323912143707
train/reconstruction,32850.0,0.08012298494577408
train/reconstruction,32900.0,0.06729225814342499
train/reconstruction,32950.0,0.06790546327829361
train/reconstruction,33000.0,0.07316145300865173
train/reconstruction,33050.0,0.0812700018286705
train/reconstruction,33100.0,0.07864285260438919
train/reconstruction,33150.0,0.06750812381505966
train/reconstruction,33200.0,0.07844732701778412
train/reconstruction,33250.0,0.07694278657436371
train/reconstruction,33300.0,0.07427097111940384
train/reconstruction,33350.0,0.0791584849357605
train/reconstruction,33400.0,0.07814020663499832
train/reconstruction,33450.0,0.07624277472496033
train/reconstruction,33500.0,0.07478007674217224
train/reconstruction,33550.0,0.0835890993475914
train/reconstruction,33600.0,0.08571862429380417
train/reconstruction,33650.0,0.08257308602333069
train/reconstruction,33700.0,0.07285098731517792
train/reconstruction,33750.0,0.07167180627584457
train/reconstruction,33800.0,0.07996940612792969
train/reconstruction,33850.0,0.07362336665391922
train/reconstruction,33900.0,0.07053090631961823
train/reconstruction,33950.0,0.06667967140674591
train/reconstruction,34000.0,0.07615083456039429
train/reconstruction,34050.0,0.07096504420042038
train/reconstruction,34100.0,0.07465329021215439
train/reconstruction,34150.0,0.07995948195457458
train/reconstruction,34200.0,0.06956683844327927
train/reconstruction,34250.0,0.06645556539297104
train/reconstruction,34300.0,0.08462636172771454
train/reconstruction,34350.0,0.07488726079463959
train/reconstruction,34400.0,0.07714635133743286
train/reconstruction,34450.0,0.07744427025318146
train/reconstruction,34500.0,0.07064370810985565
train/reconstruction,34550.0,0.07117167115211487
train/reconstruction,34600.0,0.0813339501619339
train/reconstruction,34650.0,0.07638062536716461
train/reconstruction,34700.0,0.07342255115509033
train/reconstruction,34750.0,0.08789058029651642
train/reconstruction,34800.0,0.07376226782798767
train/reconstruction,34850.0,0.07883623242378235
train/reconstruction,34900.0,0.07607205212116241
train/reconstruction,34950.0,0.07503090798854828
train/reconstruction,35000.0,0.07168149948120117
train/reconstruction,35050.0,0.08163991570472717
train/reconstruction,35100.0,0.07384340465068817
train/reconstruction,35150.0,0.07057558745145798
train/reconstruction,35200.0,0.07093200087547302
train/reconstruction,35250.0,0.07763504981994629
train/reconstruction,35300.0,0.06895556300878525
train/reconstruction,35350.0,0.0763002261519432
train/reconstruction,35400.0,0.06571188569068909
train/reconstruction,35450.0,0.06505640596151352
train/reconstruction,35500.0,0.0781245082616806
train/reconstruction,35550.0,0.07708784937858582
train/reconstruction,35600.0,0.07627701014280319
train/reconstruction,35650.0,0.06791581213474274
train/reconstruction,35700.0,0.0775863453745842
train/reconstruction,35750.0,0.07305707037448883
train/reconstruction,35800.0,0.07306244224309921
train/reconstruction,35850.0,0.08014167845249176
train/reconstruction,35900.0,0.07624317705631256
train/reconstruction,35950.0,0.07602151483297348
train/reconstruction,36000.0,0.07465849816799164
train/reconstruction,36050.0,0.06996755301952362
train/reconstruction,36100.0,0.07352668046951294
train/reconstruction,36150.0,0.06490210443735123
train/reconstruction,36200.0,0.06900990009307861
train/reconstruction,36250.0,0.08204494416713715
train/reconstruction,36300.0,0.0806770771741867
train/reconstruction,36350.0,0.0853305384516716
train/reconstruction,36400.0,0.08833035826683044
train/reconstruction,36450.0,0.07145220786333084
train/reconstruction,36500.0,0.0731591135263443
train/reconstruction,36550.0,0.07594083249568939
train/reconstruction,36600.0,0.06917735934257507
train/reconstruction,36650.0,0.07403019070625305
train/reconstruction,36700.0,0.07505163550376892
train/reconstruction,36750.0,0.07326152920722961
train/reconstruction,36800.0,0.07640619575977325
train/reconstruction,36850.0,0.07185916602611542
train/reconstruction,36900.0,0.07244741171598434
train/reconstruction,36950.0,0.08290626108646393
train/reconstruction,37000.0,0.07784871011972427
train/reconstruction,37050.0,0.07687756419181824
train/reconstruction,37100.0,0.07770533114671707
train/reconstruction,37150.0,0.07048038393259048
train/reconstruction,37200.0,0.07812175154685974
train/reconstruction,37250.0,0.07473865896463394
train/reconstruction,37300.0,0.07728681713342667
train/reconstruction,37350.0,0.06703387945890427
train/reconstruction,37400.0,0.07153269648551941
train/reconstruction,37450.0,0.07129110395908356
train/reconstruction,37500.0,0.07651498168706894
train/reconstruction,37550.0,0.07080542296171188
train/reconstruction,37600.0,0.07825043797492981
train/reconstruction,37650.0,0.07078081369400024
train/reconstruction,37700.0,0.07152403146028519
train/reconstruction,37750.0,0.06741945445537567
train/reconstruction,37800.0,0.07565402239561081
train/reconstruction,37850.0,0.07215845584869385
train/reconstruction,37900.0,0.0742713212966919
train/reconstruction,37950.0,0.07686777412891388
train/reconstruction,38000.0,0.07393153011798859
train/reconstruction,38050.0,0.07165948301553726
train/reconstruction,38100.0,0.06528440862894058
train/reconstruction,38150.0,0.07191616296768188
train/reconstruction,38200.0,0.07059536874294281
train/reconstruction,38250.0,0.07974974811077118
train/reconstruction,38300.0,0.06778416037559509
train/reconstruction,38350.0,0.07513901591300964
train/reconstruction,38400.0,0.07259039580821991
train/reconstruction,38450.0,0.07460469752550125
train/reconstruction,38500.0,0.07164056599140167
train/reconstruction,38550.0,0.07797328382730484
train/reconstruction,38600.0,0.0787241980433464
train/reconstruction,38650.0,0.07825212180614471
train/reconstruction,38700.0,0.07839025557041168
train/reconstruction,38750.0,0.06388217210769653
train/reconstruction,38800.0,0.07486359775066376
train/reconstruction,38850.0,0.07168862223625183
train/reconstruction,38900.0,0.07064712047576904
train/reconstruction,38950.0,0.06985051929950714
train/reconstruction,39000.0,0.07719150930643082
train/reconstruction,39050.0,0.078174889087677
train/reconstruction,39100.0,0.07457123696804047
train/reconstruction,39150.0,0.06928239017724991
train/reconstruction,39200.0,0.07549187541007996
train/reconstruction,39250.0,0.07261697947978973
train/reconstruction,39300.0,0.07451089471578598
train/reconstruction,39350.0,0.07665782421827316
train/reconstruction,39400.0,0.071734219789505
train/reconstruction,39450.0,0.07915973663330078
train/reconstruction,39500.0,0.0787695124745369
train/reconstruction,39550.0,0.06848685443401337
train/reconstruction,39600.0,0.07385392487049103
train/reconstruction,39650.0,0.0723983496427536
train/reconstruction,39700.0,0.06961289048194885
train/reconstruction,39750.0,0.07782869040966034
train/reconstruction,39800.0,0.07613356411457062
train/reconstruction,39850.0,0.07168667763471603
train/reconstruction,39900.0,0.07565812021493912
train/reconstruction,39950.0,0.0807962641119957
train/reconstruction,40000.0,0.07148996740579605
train/reconstruction,40050.0,0.06752850860357285
train/reconstruction,40100.0,0.06618206202983856
train/reconstruction,40150.0,0.07579469680786133
train/reconstruction,40200.0,0.06894046068191528
train/reconstruction,40250.0,0.07491309195756912
train/reconstruction,40300.0,0.079636350274086
train/reconstruction,40350.0,0.07532114535570145
train/reconstruction,40400.0,0.07494086027145386
train/reconstruction,40450.0,0.07818622887134552
train/reconstruction,40500.0,0.08348681032657623
train/reconstruction,40550.0,0.07886593788862228
train/reconstruction,40600.0,0.07192867994308472
train/reconstruction,40650.0,0.08259754627943039
train/reconstruction,40700.0,0.07849337160587311
train/reconstruction,40750.0,0.07344798743724823
train/reconstruction,40800.0,0.07822927832603455
train/reconstruction,40850.0,0.07478130608797073
train/reconstruction,40900.0,0.07044145464897156
train/reconstruction,40950.0,0.07309621572494507
train/reconstruction,41000.0,0.07337255775928497
train/reconstruction,41050.0,0.07604214549064636
train/reconstruction,41100.0,0.0732988491654396
train/reconstruction,41150.0,0.06966733932495117
train/reconstruction,41200.0,0.07056756317615509
train/reconstruction,41250.0,0.07288375496864319
train/reconstruction,41300.0,0.07690529525279999
train/reconstruction,41350.0,0.06971053779125214
train/reconstruction,41400.0,0.072854183614254
train/reconstruction,41450.0,0.0691150575876236
train/reconstruction,41500.0,0.0758129432797432
train/reconstruction,41550.0,0.07531508058309555
train/reconstruction,41600.0,0.0813080444931984
train/reconstruction,41650.0,0.0792941078543663
train/reconstruction,41700.0,0.07359817624092102
train/reconstruction,41750.0,0.07331322133541107
train/reconstruction,41800.0,0.07566028833389282
train/reconstruction,41850.0,0.06865866482257843
train/reconstruction,41900.0,0.07043139636516571
train/reconstruction,41950.0,0.07542319595813751
train/reconstruction,42000.0,0.07217198610305786
train/reconstruction,42050.0,0.07053682208061218
train/reconstruction,42100.0,0.07770702242851257
train/reconstruction,42150.0,0.07679831981658936
train/reconstruction,42200.0,0.07544425129890442
train/reconstruction,42250.0,0.07449112832546234
train/reconstruction,42300.0,0.07326969504356384
train/reconstruction,42350.0,0.07791894674301147
train/reconstruction,42400.0,0.07489461451768875
train/reconstruction,42450.0,0.07191130518913269
train/reconstruction,42500.0,0.07377694547176361
train/reconstruction,42550.0,0.06938065588474274
train/reconstruction,42600.0,0.07566769421100616
train/reconstruction,42650.0,0.07129571586847305
train/reconstruction,42700.0,0.07475240528583527
train/reconstruction,42750.0,0.06662395596504211
train/reconstruction,42800.0,0.0710563063621521
train/reconstruction,42850.0,0.06440666317939758
train/reconstruction,42900.0,0.07141093909740448
train/reconstruction,42950.0,0.07454440742731094
train/reconstruction,43000.0,0.07776851207017899
train/reconstruction,43050.0,0.06981446593999863
train/reconstruction,43100.0,0.0676131621003151
train/reconstruction,43150.0,0.06739310920238495
train/reconstruction,43200.0,0.076209157705307
train/reconstruction,43250.0,0.07429742068052292
train/reconstruction,43300.0,0.07640870660543442
train/reconstruction,43350.0,0.060026444494724274
train/reconstruction,43400.0,0.0728071928024292
train/reconstruction,43450.0,0.08359301090240479
train/reconstruction,43500.0,0.0806502103805542
train/reconstruction,43550.0,0.07606954872608185
train/reconstruction,43600.0,0.07443486154079437
train/reconstruction,43650.0,0.07423054426908493
train/reconstruction,43700.0,0.0732068419456482
train/reconstruction,43750.0,0.07492315769195557
train/reconstruction,43800.0,0.07637673616409302
train/reconstruction,43850.0,0.0679006576538086
train/reconstruction,43900.0,0.08663440495729446
train/reconstruction,43950.0,0.07866217941045761
train/reconstruction,44000.0,0.07838843762874603
train/reconstruction,44050.0,0.06933523714542389
train/reconstruction,44100.0,0.07235027849674225
train/reconstruction,44150.0,0.07719303667545319
train/reconstruction,44200.0,0.0731569156050682
train/reconstruction,44250.0,0.07659995555877686
train/reconstruction,44300.0,0.0741521343588829
train/reconstruction,44350.0,0.07389352470636368
train/reconstruction,44400.0,0.07403889298439026
train/reconstruction,44450.0,0.07384678721427917
train/reconstruction,44500.0,0.07212609797716141
train/reconstruction,44550.0,0.08042165637016296
train/reconstruction,44600.0,0.0756034255027771
train/reconstruction,44650.0,0.07729548215866089
train/reconstruction,44700.0,0.07524292916059494
train/reconstruction,44750.0,0.07631279528141022
train/reconstruction,44800.0,0.07658335566520691
train/reconstruction,44850.0,0.07465939223766327
train/reconstruction,44900.0,0.0769839882850647
train/reconstruction,44950.0,0.07087254524230957
train/reconstruction,45000.0,0.07563410699367523
train/reconstruction,45050.0,0.0703468918800354
train/reconstruction,45100.0,0.08016663044691086
train/reconstruction,45150.0,0.0720485970377922
train/reconstruction,45200.0,0.08084502071142197
train/reconstruction,45250.0,0.072418212890625
train/reconstruction,45300.0,0.0604940690100193
train/reconstruction,45350.0,0.0752863734960556
train/reconstruction,45400.0,0.06613501906394958
train/reconstruction,45450.0,0.07401720434427261
train/reconstruction,45500.0,0.07635209709405899
train/reconstruction,45550.0,0.07038628309965134
train/reconstruction,45600.0,0.07592838257551193
train/reconstruction,45650.0,0.07659135013818741
train/reconstruction,45700.0,0.0826931893825531
train/reconstruction,45750.0,0.06636890769004822
train/reconstruction,45800.0,0.07020657509565353
train/reconstruction,45850.0,0.08281637728214264
train/reconstruction,45900.0,0.0716230571269989
train/reconstruction,45950.0,0.07228037714958191
train/reconstruction,46000.0,0.08015348017215729
train/reconstruction,46050.0,0.07630874216556549
train/reconstruction,46100.0,0.07851824164390564
train/reconstruction,46150.0,0.06403335183858871
train/reconstruction,46200.0,0.07609960436820984
train/reconstruction,46250.0,0.07710525393486023
train/reconstruction,46300.0,0.0663081705570221
train/reconstruction,46350.0,0.07438667118549347
train/reconstruction,46400.0,0.07862530648708344
train/reconstruction,46450.0,0.06651787459850311
train/reconstruction,46500.0,0.07389035820960999
train/reconstruction,46550.0,0.07713550329208374
train/reconstruction,46600.0,0.07314717769622803
train/reconstruction,46650.0,0.07777821272611618
train/reconstruction,46700.0,0.07174815237522125
train/reconstruction,46750.0,0.06163547933101654
train/reconstruction,46800.0,0.06936903297901154
train/reconstruction,46850.0,0.07441302388906479
train/reconstruction,46900.0,0.08538207411766052
train/reconstruction,46950.0,0.07435779273509979
train/reconstruction,47000.0,0.07900048792362213
train/reconstruction,47050.0,0.06797816604375839
train/reconstruction,47100.0,0.07545773684978485
train/reconstruction,47150.0,0.06469555199146271
train/reconstruction,47200.0,0.06812797486782074
train/reconstruction,47250.0,0.07920382916927338
train/reconstruction,47300.0,0.07118172198534012
train/reconstruction,47350.0,0.07241561263799667
train/reconstruction,47400.0,0.07372485101222992
train/reconstruction,47450.0,0.07344388961791992
train/reconstruction,47500.0,0.07470005750656128
train/reconstruction,47550.0,0.07573717087507248
train/reconstruction,47600.0,0.079196035861969
train/reconstruction,47650.0,0.0729709267616272
train/reconstruction,47700.0,0.07345730811357498
train/reconstruction,47750.0,0.07977334409952164
train/reconstruction,47800.0,0.06917497515678406
train/reconstruction,47850.0,0.0681435614824295
train/reconstruction,47900.0,0.06936047971248627
train/reconstruction,47950.0,0.06604860723018646
train/reconstruction,48000.0,0.07558251917362213
train/reconstruction,48050.0,0.06516235321760178
train/reconstruction,48100.0,0.07306960970163345
train/reconstruction,48150.0,0.07504884153604507
train/reconstruction,48200.0,0.07328826189041138
train/reconstruction,48250.0,0.07583975791931152
train/reconstruction,48300.0,0.06499357521533966
train/reconstruction,48350.0,0.07542672753334045
train/reconstruction,48400.0,0.07943041622638702
train/reconstruction,48450.0,0.07608909904956818
train/reconstruction,48500.0,0.0831577330827713
train/reconstruction,48550.0,0.07452905923128128
train/reconstruction,48600.0,0.07500946521759033
train/reconstruction,48650.0,0.06880974769592285
train/reconstruction,48700.0,0.06638740003108978
train/reconstruction,48750.0,0.07503113895654678
train/reconstruction,48800.0,0.08001615107059479
train/reconstruction,48850.0,0.0788872018456459
train/reconstruction,48900.0,0.08088414371013641
train/reconstruction,48950.0,0.07118159532546997
train/reconstruction,49000.0,0.08243991434574127
train/reconstruction,49050.0,0.07126417756080627
train/reconstruction,49100.0,0.07436166703701019
train/reconstruction,49150.0,0.06957293301820755
train/reconstruction,49200.0,0.06698902696371078
train/reconstruction,49250.0,0.07048456370830536
train/reconstruction,49300.0,0.0756419450044632
train/reconstruction,49350.0,0.07523632049560547
train/reconstruction,49400.0,0.07729648053646088
train/reconstruction,49450.0,0.07752756774425507
train/reconstruction,49500.0,0.07517483830451965
train/reconstruction,49550.0,0.0670672059059143
train/reconstruction,49600.0,0.07270511984825134
train/reconstruction,49650.0,0.07984896004199982
train/reconstruction,49700.0,0.06586836278438568
train/reconstruction,49750.0,0.08025174587965012
train/reconstruction,49800.0,0.07759566605091095
train/reconstruction,49850.0,0.0702616423368454
train/reconstruction,49900.0,0.07022728770971298
train/reconstruction,49950.0,0.07591047883033752
train/reconstruction,50000.0,0.07170984148979187
train/reconstruction,50050.0,0.06298061460256577
train/reconstruction,50100.0,0.07148231565952301
train/reconstruction,50150.0,0.0638342946767807
train/reconstruction,50200.0,0.0753079205751419
train/reconstruction,50250.0,0.07425449788570404
train/reconstruction,50300.0,0.0725921168923378
train/reconstruction,50350.0,0.07014799863100052
train/reconstruction,50400.0,0.0788160189986229
train/reconstruction,50450.0,0.07360947132110596
train/reconstruction,50500.0,0.07405611872673035
train/reconstruction,50550.0,0.07749126106500626
train/reconstruction,50600.0,0.0671481266617775
train/reconstruction,50650.0,0.07290809601545334
train/reconstruction,50700.0,0.07815992832183838
train/reconstruction,50750.0,0.07805788516998291
train/reconstruction,50800.0,0.07048743218183517
train/reconstruction,50850.0,0.07564093172550201
train/reconstruction,50900.0,0.06230099871754646
train/reconstruction,50950.0,0.07835354655981064
train/reconstruction,51000.0,0.07256446778774261
train/reconstruction,51050.0,0.06838632375001907
train/reconstruction,51100.0,0.0692264512181282
train/reconstruction,51150.0,0.07765675336122513
train/reconstruction,51200.0,0.06991617381572723
train/reconstruction,51250.0,0.07677653431892395
train/reconstruction,51300.0,0.07752449810504913
train/reconstruction,51350.0,0.08400256186723709
train/reconstruction,51400.0,0.07303188741207123
train/reconstruction,51450.0,0.07455436140298843
train/reconstruction,51500.0,0.07042016088962555
train/reconstruction,51550.0,0.07187428325414658
train/reconstruction,51600.0,0.07698649168014526
train/reconstruction,51650.0,0.07440868020057678
train/reconstruction,51700.0,0.060341935604810715
train/reconstruction,51750.0,0.07910073548555374
train/reconstruction,51800.0,0.06686472147703171
train/reconstruction,51850.0,0.06853087246417999
train/reconstruction,51900.0,0.07205645740032196
train/reconstruction,51950.0,0.06553580611944199
train/reconstruction,52000.0,0.0687977746129036
train/reconstruction,52050.0,0.06873932480812073
train/reconstruction,52100.0,0.07518810033798218
train/reconstruction,52150.0,0.06817462295293808
train/reconstruction,52200.0,0.07161540538072586
train/reconstruction,52250.0,0.07668832689523697
train/reconstruction,52300.0,0.07885214686393738
train/reconstruction,52350.0,0.07039415836334229
train/reconstruction,52400.0,0.07699451595544815
train/reconstruction,52450.0,0.0658881813287735
train/reconstruction,52500.0,0.07468535006046295
train/reconstruction,52550.0,0.062061380594968796
train/reconstruction,52600.0,0.07260395586490631
train/reconstruction,52650.0,0.06904572248458862
train/reconstruction,52700.0,0.08022592216730118
train/reconstruction,52750.0,0.06797624379396439
train/reconstruction,52800.0,0.07586462050676346
train/reconstruction,52850.0,0.07023804634809494
train/reconstruction,52900.0,0.0683019757270813
train/reconstruction,52950.0,0.06706223636865616
train/reconstruction,53000.0,0.0741073340177536
train/reconstruction,53050.0,0.0738397091627121
train/reconstruction,53100.0,0.06915123015642166
train/reconstruction,53150.0,0.07605278491973877
train/reconstruction,53200.0,0.07219092547893524
train/reconstruction,53250.0,0.08233990520238876
train/reconstruction,53300.0,0.06722813099622726
train/reconstruction,53350.0,0.07280442863702774
train/reconstruction,53400.0,0.07497130334377289
train/reconstruction,53450.0,0.07017917931079865
train/reconstruction,53500.0,0.07056882232427597
train/reconstruction,53550.0,0.07518131285905838
train/reconstruction,53600.0,0.07649368792772293
train/reconstruction,53650.0,0.07268702983856201
train/reconstruction,53700.0,0.07612794637680054
train/reconstruction,53750.0,0.06451741605997086
train/reconstruction,53800.0,0.07563188672065735
train/reconstruction,53850.0,0.07058392465114594
train/reconstruction,53900.0,0.07823032885789871
train/reconstruction,53950.0,0.07663056254386902
train/reconstruction,54000.0,0.06802570819854736
train/reconstruction,54050.0,0.07623777538537979
train/reconstruction,54100.0,0.07052326947450638
train/reconstruction,54150.0,0.07724017649888992
train/reconstruction,54200.0,0.07111114263534546
train/reconstruction,54250.0,0.07657429575920105
train/reconstruction,54300.0,0.07956197112798691
train/reconstruction,54350.0,0.07429812848567963
train/reconstruction,54400.0,0.07460761815309525
train/reconstruction,54450.0,0.0733122006058693
train/reconstruction,54500.0,0.07147031277418137
train/reconstruction,54550.0,0.07526209205389023
train/reconstruction,54600.0,0.07303906977176666
train/reconstruction,54650.0,0.07018657773733139
train/reconstruction,54700.0,0.07513382285833359
train/reconstruction,54750.0,0.07718944549560547
train/reconstruction,54800.0,0.07592212408781052
train/reconstruction,54850.0,0.07602420449256897
train/reconstruction,54900.0,0.07196688652038574
train/reconstruction,54950.0,0.06918264925479889
train/reconstruction,55000.0,0.07793616503477097
train/reconstruction,55050.0,0.0827270895242691
train/reconstruction,55100.0,0.0784834772348404
train/reconstruction,55150.0,0.07266953587532043
train/reconstruction,55200.0,0.07471182197332382
train/reconstruction,55250.0,0.06968285143375397
train/reconstruction,55300.0,0.07333359122276306
train/reconstruction,55350.0,0.0643184706568718
train/reconstruction,55400.0,0.07261931896209717
train/reconstruction,55450.0,0.07128474116325378
train/reconstruction,55500.0,0.06730826199054718
train/reconstruction,55550.0,0.07742197066545486
train/reconstruction,55600.0,0.07765696942806244
train/reconstruction,55650.0,0.07277709245681763
train/reconstruction,55700.0,0.07165835052728653
train/reconstruction,55750.0,0.07098773121833801
train/reconstruction,55800.0,0.08015528321266174
train/reconstruction,55850.0,0.07013266533613205
train/reconstruction,55900.0,0.08402922749519348
train/reconstruction,55950.0,0.06418593227863312
train/reconstruction,56000.0,0.0687006413936615
train/reconstruction,56050.0,0.07808485627174377
train/reconstruction,56100.0,0.07794642448425293
train/reconstruction,56150.0,0.07594199478626251
train/reconstruction,56200.0,0.07101209461688995
train/reconstruction,56250.0,0.07637657970190048
train/reconstruction,56300.0,0.07832556217908859
train/reconstruction,56350.0,0.06759529560804367
train/reconstruction,56400.0,0.0714757889509201
train/reconstruction,56450.0,0.07432398200035095
train/reconstruction,56500.0,0.0713927373290062
train/reconstruction,56550.0,0.08145122975111008
train/reconstruction,56600.0,0.08067259937524796
train/reconstruction,56650.0,0.07896362245082855
train/reconstruction,56700.0,0.07684502750635147
train/reconstruction,56750.0,0.07575377076864243
train/reconstruction,56800.0,0.06550686061382294
train/reconstruction,56850.0,0.06973356008529663
train/reconstruction,56900.0,0.08179259300231934
train/reconstruction,56950.0,0.06933505833148956
train/reconstruction,57000.0,0.08126424998044968
train/reconstruction,57050.0,0.06877831369638443
train/reconstruction,57100.0,0.07168972492218018
train/reconstruction,57150.0,0.06545285880565643
train/reconstruction,57200.0,0.07621270418167114
train/reconstruction,57250.0,0.07212583720684052
train/reconstruction,57300.0,0.07261653244495392
train/reconstruction,57350.0,0.07109706848859787
train/reconstruction,57400.0,0.07775810360908508
train/reconstruction,57450.0,0.07474179565906525
train/reconstruction,57500.0,0.07171459496021271
train/reconstruction,57550.0,0.06974450498819351
train/reconstruction,57600.0,0.07129773497581482
train/reconstruction,57650.0,0.07787954062223434
train/reconstruction,57700.0,0.079744853079319
train/reconstruction,57750.0,0.06800765544176102
train/reconstruction,57800.0,0.08165568858385086
train/reconstruction,57850.0,0.06855525076389313
train/reconstruction,57900.0,0.06852933019399643
train/reconstruction,57950.0,0.06880591809749603
train/reconstruction,58000.0,0.0697435662150383
train/reconstruction,58050.0,0.07722252607345581
train/reconstruction,58100.0,0.07433900237083435
train/reconstruction,58150.0,0.07325513660907745
train/reconstruction,58200.0,0.07455825060606003
train/reconstruction,58250.0,0.0736316442489624
train/reconstruction,58300.0,0.0673583373427391
train/reconstruction,58350.0,0.06856469810009003
train/reconstruction,58400.0,0.07988305389881134
train/reconstruction,58450.0,0.06746996194124222
train/reconstruction,58500.0,0.07375950366258621
train/reconstruction,58550.0,0.07219916582107544
train/reconstruction,58600.0,0.06809896975755692
train/reconstruction,58650.0,0.07543432712554932
train/reconstruction,58700.0,0.06757382303476334
train/reconstruction,58750.0,0.0772797092795372
train/reconstruction,58800.0,0.06723398715257645
train/reconstruction,58850.0,0.07671542465686798
train/reconstruction,58900.0,0.06844986975193024
train/reconstruction,58950.0,0.06439603120088577
train/reconstruction,59000.0,0.07162589579820633
train/reconstruction,59050.0,0.06746111810207367
train/reconstruction,59100.0,0.06767278909683228
train/reconstruction,59150.0,0.07223089039325714
train/reconstruction,59200.0,0.07396893203258514
train/reconstruction,59250.0,0.07485872507095337
train/reconstruction,59300.0,0.07609310746192932
train/reconstruction,59350.0,0.08482121676206589
train/reconstruction,59400.0,0.07346059381961823
train/reconstruction,59450.0,0.07766731083393097
train/reconstruction,59500.0,0.0761275365948677
train/reconstruction,59550.0,0.06990200281143188
train/reconstruction,59600.0,0.07168126851320267
train/reconstruction,59650.0,0.06352902948856354
train/reconstruction,59700.0,0.07275323569774628
train/reconstruction,59750.0,0.0757366344332695
train/reconstruction,59800.0,0.07164546847343445
train/reconstruction,59850.0,0.06845521181821823
train/reconstruction,59900.0,0.0735272690653801
train/reconstruction,59950.0,0.07050339877605438
train/reconstruction,60000.0,0.06972280889749527
train/reconstruction,60050.0,0.07421818375587463
train/reconstruction,60100.0,0.07407533377408981
train/reconstruction,60150.0,0.07211032509803772
train/reconstruction,60200.0,0.07219836115837097
train/reconstruction,60250.0,0.0684632733464241
train/reconstruction,60300.0,0.06419582664966583
train/reconstruction,60350.0,0.06665807962417603
train/reconstruction,60400.0,0.06686361879110336
train/reconstruction,60450.0,0.07878319919109344
train/reconstruction,60500.0,0.06841441988945007
train/reconstruction,60550.0,0.07117032259702682
train/reconstruction,60600.0,0.07624202966690063
train/reconstruction,60650.0,0.0786457508802414
train/reconstruction,60700.0,0.06835928559303284
train/reconstruction,60750.0,0.0730365663766861
train/reconstruction,60800.0,0.07594913244247437
train/reconstruction,60850.0,0.07585237920284271
train/reconstruction,60900.0,0.07609054446220398
train/reconstruction,60950.0,0.0680406466126442
train/reconstruction,61000.0,0.06623492389917374
train/reconstruction,61050.0,0.07392725348472595
train/reconstruction,61100.0,0.08372384309768677
train/reconstruction,61150.0,0.07253783941268921
train/reconstruction,61200.0,0.07508255541324615
train/reconstruction,61250.0,0.06972595304250717
train/reconstruction,61300.0,0.07861899584531784
train/reconstruction,61350.0,0.0654221922159195
train/reconstruction,61400.0,0.07555892318487167
train/reconstruction,61450.0,0.07585491240024567
train/reconstruction,61500.0,0.07924831658601761
train/reconstruction,61550.0,0.07150590419769287
train/reconstruction,61600.0,0.07442623376846313
train/reconstruction,61650.0,0.07560581713914871
train/reconstruction,61700.0,0.0747884213924408
train/reconstruction,61750.0,0.0708591565489769
train/reconstruction,61800.0,0.0754270851612091
train/reconstruction,61850.0,0.07561150938272476
train/reconstruction,61900.0,0.07660944759845734
train/reconstruction,61950.0,0.07666615396738052
train/reconstruction,62000.0,0.07363498955965042
train/reconstruction,62050.0,0.07667289674282074
train/reconstruction,62100.0,0.07798400521278381
train/reconstruction,62150.0,0.07241186499595642
train/reconstruction,62200.0,0.06977757066488266
train/reconstruction,62250.0,0.07434225082397461
train/reconstruction,62300.0,0.07047761231660843
train/reconstruction,62350.0,0.08396761119365692
train/reconstruction,62400.0,0.06616290658712387
train/reconstruction,62450.0,0.07224249839782715
train/reconstruction,62500.0,0.0817236602306366
train/reconstruction,62550.0,0.07843326032161713
train/reconstruction,62600.0,0.07187215983867645
train/reconstruction,62650.0,0.07547469437122345
train/reconstruction,62700.0,0.0759032666683197
train/reconstruction,62750.0,0.07843385636806488
train/reconstruction,62800.0,0.06624723970890045
train/reconstruction,62850.0,0.0687415823340416
train/reconstruction,62900.0,0.07039777934551239
train/reconstruction,62950.0,0.08131662756204605
train/reconstruction,63000.0,0.07628271728754044
train/reconstruction,63050.0,0.07386817038059235
train/reconstruction,63100.0,0.07139315456151962
train/reconstruction,63150.0,0.06624394655227661
train/reconstruction,63200.0,0.06752949208021164
train/reconstruction,63250.0,0.06190582364797592
train/reconstruction,63300.0,0.07262493669986725
train/reconstruction,63350.0,0.071754589676857
train/reconstruction,63400.0,0.07198992371559143
train/reconstruction,63450.0,0.07260286062955856
train/reconstruction,63500.0,0.07169649004936218
train/reconstruction,63550.0,0.07573279738426208
train/reconstruction,63600.0,0.07697336375713348
train/reconstruction,63650.0,0.0727996677160263
train/reconstruction,63700.0,0.06774519383907318
train/reconstruction,63750.0,0.07338973879814148
train/reconstruction,63800.0,0.0683145672082901
train/reconstruction,63850.0,0.07469252496957779
train/reconstruction,63900.0,0.07651212811470032
train/reconstruction,63950.0,0.08090364933013916
train/reconstruction,64000.0,0.0711851418018341
train/reconstruction,64050.0,0.07639181613922119
train/reconstruction,64100.0,0.07113917171955109
train/reconstruction,64150.0,0.07408469915390015
train/reconstruction,64200.0,0.06701622903347015
train/reconstruction,64250.0,0.07471802085638046
train/reconstruction,64300.0,0.07872241735458374
train/reconstruction,64350.0,0.06445851176977158
train/reconstruction,64400.0,0.07183213531970978
train/reconstruction,64450.0,0.07292699813842773
train/reconstruction,64500.0,0.07339999824762344
train/reconstruction,64550.0,0.06784363836050034
train/reconstruction,64600.0,0.07357189059257507
train/reconstruction,64650.0,0.06834663450717926
train/reconstruction,64700.0,0.06935764849185944
train/reconstruction,64750.0,0.06737631559371948
train/reconstruction,64800.0,0.06697317212820053
train/reconstruction,64850.0,0.07592446357011795
train/reconstruction,64900.0,0.07097421586513519
train/reconstruction,64950.0,0.07479985058307648
train/reconstruction,65000.0,0.07245369255542755
train/reconstruction,65050.0,0.0722212865948677
train/reconstruction,65100.0,0.0774674117565155
train/reconstruction,65150.0,0.07265045493841171
train/reconstruction,65200.0,0.07826073467731476
train/reconstruction,65250.0,0.07068534195423126
train/reconstruction,65300.0,0.0742146447300911
train/reconstruction,65350.0,0.06456023454666138
train/reconstruction,65400.0,0.07314503192901611
train/reconstruction,65450.0,0.07823379337787628
train/reconstruction,65500.0,0.06568950414657593
train/reconstruction,65550.0,0.07632046937942505
train/reconstruction,65600.0,0.0710509717464447
train/reconstruction,65650.0,0.07567271590232849
train/reconstruction,65700.0,0.07890553027391434
train/reconstruction,65750.0,0.06861874461174011
train/reconstruction,65800.0,0.07372124493122101
train/reconstruction,65850.0,0.07602893561124802
train/reconstruction,65900.0,0.0770699679851532
train/reconstruction,65950.0,0.07910103350877762
train/reconstruction,66000.0,0.06679713726043701
train/reconstruction,66050.0,0.06761632114648819
train/reconstruction,66100.0,0.07746603339910507
train/reconstruction,66150.0,0.07785774767398834
train/reconstruction,66200.0,0.06900180876255035
train/reconstruction,66250.0,0.07497140765190125
train/reconstruction,66300.0,0.07251183688640594
train/reconstruction,66350.0,0.07247250527143478
train/reconstruction,66400.0,0.07236162573099136
train/reconstruction,66450.0,0.07899311184883118
train/reconstruction,66500.0,0.0740913599729538
train/reconstruction,66550.0,0.07463293522596359
train/reconstruction,66600.0,0.07200098037719727
train/reconstruction,66650.0,0.07502014935016632
train/reconstruction,66700.0,0.06812259554862976
train/reconstruction,66750.0,0.07326452434062958
train/reconstruction,66800.0,0.07529298216104507
train/reconstruction,66850.0,0.06398665904998779
train/reconstruction,66900.0,0.07223823666572571
train/reconstruction,66950.0,0.07246550917625427
train/reconstruction,67000.0,0.07399514317512512
train/reconstruction,67050.0,0.07257469743490219
train/reconstruction,67100.0,0.07227083295583725
train/reconstruction,67150.0,0.07140906900167465
train/reconstruction,67200.0,0.07320249825716019
train/reconstruction,67250.0,0.08141520619392395
train/reconstruction,67300.0,0.07391920685768127
train/reconstruction,67350.0,0.07052622735500336
train/reconstruction,67400.0,0.06439707428216934
train/reconstruction,67450.0,0.06472736597061157
train/reconstruction,67500.0,0.07336479425430298
train/reconstruction,67550.0,0.07704509049654007
train/reconstruction,67600.0,0.07630430161952972
train/reconstruction,67650.0,0.07752443850040436
train/reconstruction,67700.0,0.07127555459737778
train/reconstruction,67750.0,0.07577789574861526
train/reconstruction,67800.0,0.0720701590180397
train/reconstruction,67850.0,0.07616619765758514
train/reconstruction,67900.0,0.07372035086154938
train/reconstruction,67950.0,0.06930919736623764
train/reconstruction,68000.0,0.07282477617263794
train/reconstruction,68050.0,0.07413423806428909
train/reconstruction,68100.0,0.07186149060726166
train/reconstruction,68150.0,0.07631023228168488
train/reconstruction,68200.0,0.06569897383451462
train/reconstruction,68250.0,0.07496368885040283
train/reconstruction,68300.0,0.07336917519569397
train/reconstruction,68350.0,0.07512299716472626
train/reconstruction,68400.0,0.07278595864772797
train/reconstruction,68450.0,0.06983482837677002
train/reconstruction,68500.0,0.06679167598485947
train/reconstruction,68550.0,0.07666373252868652
train/reconstruction,68600.0,0.06439483910799026
train/reconstruction,68650.0,0.07412133365869522
train/reconstruction,68700.0,0.07715748250484467
train/reconstruction,68750.0,0.06750088930130005
train/reconstruction,68800.0,0.07636427879333496
train/reconstruction,68850.0,0.0681791752576828
train/reconstruction,68900.0,0.06926330178976059
train/reconstruction,68950.0,0.07347789406776428
train/reconstruction,69000.0,0.06977663934230804
train/reconstruction,69050.0,0.07209816575050354
train/reconstruction,69100.0,0.07847343385219574
train/reconstruction,69150.0,0.06836343556642532
train/reconstruction,69200.0,0.07143790274858475
train/reconstruction,69250.0,0.06292473524808884
train/reconstruction,69300.0,0.07598304003477097
train/reconstruction,69350.0,0.07148011028766632
train/reconstruction,69400.0,0.0708964616060257
train/reconstruction,69450.0,0.07254055142402649
train/reconstruction,69500.0,0.07484478503465652
train/reconstruction,69550.0,0.08344332873821259
train/reconstruction,69600.0,0.06979450583457947
train/reconstruction,69650.0,0.08039344847202301
train/reconstruction,69700.0,0.07683143019676208
train/reconstruction,69750.0,0.07189613580703735
train/reconstruction,69800.0,0.06761415302753448
train/reconstruction,69850.0,0.07967749983072281
train/reconstruction,69900.0,0.07079078257083893
train/reconstruction,69950.0,0.07420166581869125
train/reconstruction,70000.0,0.08184148371219635
train/reconstruction,70050.0,0.06882400810718536
train/reconstruction,70100.0,0.0760035440325737
train/reconstruction,70150.0,0.07295795530080795
train/reconstruction,70200.0,0.06995779275894165
train/reconstruction,70250.0,0.07547561824321747
train/reconstruction,70300.0,0.07063881307840347
train/reconstruction,70350.0,0.07667849957942963
train/reconstruction,70400.0,0.07970878481864929
train/reconstruction,70450.0,0.07084370404481888
train/reconstruction,70500.0,0.07342469692230225
train/reconstruction,70550.0,0.07986520230770111
train/reconstruction,70600.0,0.06835569441318512
train/reconstruction,70650.0,0.07605753093957901
train/reconstruction,70700.0,0.07429803907871246
train/reconstruction,70750.0,0.07575468719005585
train/reconstruction,70800.0,0.06821639090776443
train/reconstruction,70850.0,0.06944739818572998
train/reconstruction,70900.0,0.07608788460493088
train/reconstruction,70950.0,0.08001356571912766
train/reconstruction,71000.0,0.07327380776405334
train/reconstruction,71050.0,0.06787434220314026
train/reconstruction,71100.0,0.07220415025949478
train/reconstruction,71150.0,0.07861408591270447
train/reconstruction,71200.0,0.07534734159708023
train/reconstruction,71250.0,0.06933833658695221
train/reconstruction,71300.0,0.061506614089012146
train/reconstruction,71350.0,0.06913591176271439
train/reconstruction,71400.0,0.06642074882984161
train/reconstruction,71450.0,0.07296611368656158
train/reconstruction,71500.0,0.06382016092538834
train/reconstruction,71550.0,0.07130677998065948
train/reconstruction,71600.0,0.0719074159860611
train/reconstruction,71650.0,0.06935231387615204
train/reconstruction,71700.0,0.07743576169013977
train/reconstruction,71750.0,0.07017618417739868
train/reconstruction,71800.0,0.07388146221637726
train/reconstruction,71850.0,0.06853426247835159
train/reconstruction,71900.0,0.06883411109447479
train/reconstruction,71950.0,0.07190237194299698
train/reconstruction,72000.0,0.07169574499130249
train/reconstruction,72050.0,0.07943485677242279
train/reconstruction,72100.0,0.07547543197870255
train/reconstruction,72150.0,0.06307431310415268
train/reconstruction,72200.0,0.06549534946680069
train/reconstruction,72250.0,0.07409417629241943
train/reconstruction,72300.0,0.07720161974430084
train/reconstruction,72350.0,0.07023853063583374
train/reconstruction,72400.0,0.07681813836097717
train/reconstruction,72450.0,0.07578667998313904
train/reconstruction,72500.0,0.07491642981767654
train/reconstruction,72550.0,0.06971665471792221
train/reconstruction,72600.0,0.08339141309261322
train/reconstruction,72650.0,0.06936933845281601
train/reconstruction,72700.0,0.08333277702331543
train/reconstruction,72750.0,0.07492096722126007
train/reconstruction,72800.0,0.0721479281783104
train/reconstruction,72850.0,0.07372540980577469
train/reconstruction,72900.0,0.07764644175767899
train/reconstruction,72950.0,0.0736716017127037
train/reconstruction,73000.0,0.07704928517341614
train/reconstruction,73050.0,0.07155705988407135
train/reconstruction,73100.0,0.0772993192076683
train/reconstruction,73150.0,0.0774201974272728
train/reconstruction,73200.0,0.08142844587564468
train/reconstruction,73250.0,0.07318815588951111
train/reconstruction,73300.0,0.07129110395908356
train/reconstruction,73350.0,0.06897978484630585
train/reconstruction,73400.0,0.07962298393249512
train/reconstruction,73450.0,0.06326907873153687
train/reconstruction,73500.0,0.06985865533351898
train/reconstruction,73550.0,0.07226364314556122
train/reconstruction,73600.0,0.06944627314805984
train/reconstruction,73650.0,0.0832243338227272
train/reconstruction,73700.0,0.07238531112670898
train/reconstruction,73750.0,0.07960676401853561
train/reconstruction,73800.0,0.07292348146438599
train/reconstruction,73850.0,0.07414064556360245
train/reconstruction,73900.0,0.07681754231452942
train/reconstruction,73950.0,0.07016924023628235
train/reconstruction,74000.0,0.0724412053823471
train/reconstruction,74050.0,0.07536021620035172
train/reconstruction,74100.0,0.07116210460662842
train/reconstruction,74150.0,0.06544741988182068
train/reconstruction,74200.0,0.06870465725660324
train/reconstruction,74250.0,0.07406096160411835
train/reconstruction,74300.0,0.06839004904031754
train/reconstruction,74350.0,0.07497715950012207
train/reconstruction,74400.0,0.0682886615395546
train/reconstruction,74450.0,0.06596048921346664
train/reconstruction,74500.0,0.07659732550382614
train/reconstruction,74550.0,0.07677154242992401
train/reconstruction,74600.0,0.0726313665509224
train/reconstruction,74650.0,0.07009134441614151
train/reconstruction,74700.0,0.06846979260444641
train/reconstruction,74750.0,0.06420496851205826
train/reconstruction,74800.0,0.0786370113492012
train/reconstruction,74850.0,0.07381308078765869
train/reconstruction,74900.0,0.06711354106664658
train/reconstruction,74950.0,0.06731890141963959
train/reconstruction,75000.0,0.07704690098762512
train/reconstruction,75050.0,0.0760771781206131
train/reconstruction,75100.0,0.061958227306604385
train/reconstruction,75150.0,0.07284373044967651
train/reconstruction,75200.0,0.0671364963054657
train/reconstruction,75250.0,0.06904944777488708
train/reconstruction,75300.0,0.07431545853614807
train/reconstruction,75350.0,0.0768846943974495
train/reconstruction,75400.0,0.0686720684170723
train/reconstruction,75450.0,0.07815388590097427
train/reconstruction,75500.0,0.06002568453550339
train/reconstruction,75550.0,0.07832087576389313
train/reconstruction,75600.0,0.07926386594772339
train/reconstruction,75650.0,0.07629090547561646
train/reconstruction,75700.0,0.07234464585781097
train/reconstruction,75750.0,0.07832186669111252
train/reconstruction,75800.0,0.07803457230329514
train/reconstruction,75850.0,0.0744938999414444
train/reconstruction,75900.0,0.07418931275606155
train/reconstruction,75950.0,0.07009602338075638
train/reconstruction,76000.0,0.07455064356327057
train/reconstruction,76050.0,0.0698029100894928
train/reconstruction,76100.0,0.07309586554765701
train/reconstruction,76150.0,0.07089948654174805
train/reconstruction,76200.0,0.07660454511642456
train/reconstruction,76250.0,0.08125634491443634
train/reconstruction,76300.0,0.07898729294538498
train/reconstruction,76350.0,0.07376350462436676
train/reconstruction,76400.0,0.06538978219032288
train/reconstruction,76450.0,0.07808737456798553
train/reconstruction,76500.0,0.08338627964258194
train/reconstruction,76550.0,0.07268849015235901
train/reconstruction,76600.0,0.06627819687128067
train/reconstruction,76650.0,0.07240651547908783
train/reconstruction,76700.0,0.06896571815013885
train/reconstruction,76750.0,0.07176124304533005
train/reconstruction,76800.0,0.07055889815092087
train/reconstruction,76850.0,0.06902337819337845
train/reconstruction,76900.0,0.06781800091266632
train/reconstruction,76950.0,0.08010838180780411
train/reconstruction,77000.0,0.06974782794713974
train/reconstruction,77050.0,0.07453719526529312
train/reconstruction,77100.0,0.06434382498264313
train/reconstruction,77150.0,0.07807948440313339
train/reconstruction,77200.0,0.07007282972335815
train/reconstruction,77250.0,0.06940369307994843
train/reconstruction,77300.0,0.0709058940410614
train/reconstruction,77350.0,0.07980527728796005
train/reconstruction,77400.0,0.07089520990848541
train/reconstruction,77450.0,0.07226360589265823
train/reconstruction,77500.0,0.06639966368675232
train/reconstruction,77550.0,0.0695909783244133
train/reconstruction,77600.0,0.07249085605144501
train/reconstruction,77650.0,0.06806410849094391
train/reconstruction,77700.0,0.0727563127875328
train/reconstruction,77750.0,0.07510387897491455
train/reconstruction,77800.0,0.0694502666592598
train/reconstruction,77850.0,0.07555697113275528
train/reconstruction,77900.0,0.0684439167380333
train/reconstruction,77950.0,0.07415828108787537
train/reconstruction,78000.0,0.0693264901638031
train/reconstruction,78050.0,0.07228085398674011
train/reconstruction,78100.0,0.07098859548568726
train/reconstruction,78150.0,0.07701990008354187
train/reconstruction,78200.0,0.07656283676624298
train/reconstruction,78250.0,0.07724182307720184
train/reconstruction,78300.0,0.07039456069469452
train/reconstruction,78350.0,0.06810829788446426
train/reconstruction,78400.0,0.07379477471113205
train/reconstruction,78450.0,0.06635214388370514
train/reconstruction,78500.0,0.07424651831388474
train/reconstruction,78550.0,0.06948637962341309
train/reconstruction,78600.0,0.0824420228600502
train/reconstruction,78650.0,0.06999024003744125
train/reconstruction,78700.0,0.07383789867162704
train/reconstruction,78750.0,0.06841055303812027
train/reconstruction,78800.0,0.06399691849946976
train/reconstruction,78850.0,0.08047914505004883
train/reconstruction,78900.0,0.0756533145904541
train/reconstruction,78950.0,0.07250537723302841
train/reconstruction,79000.0,0.06282171607017517
train/reconstruction,79050.0,0.06994354724884033
train/reconstruction,79100.0,0.06750288605690002
train/reconstruction,79150.0,0.06879474222660065
train/reconstruction,79200.0,0.07547582685947418
train/reconstruction,79250.0,0.06877566128969193
train/reconstruction,79300.0,0.07859882712364197
train/reconstruction,79350.0,0.07272742688655853
train/reconstruction,79400.0,0.07837249338626862
train/reconstruction,79450.0,0.07654398679733276
train/reconstruction,79500.0,0.07222073525190353
train/reconstruction,79550.0,0.0603475458920002
train/reconstruction,79600.0,0.07880839705467224
train/reconstruction,79650.0,0.08120494335889816
train/reconstruction,79700.0,0.06947256624698639
train/reconstruction,79750.0,0.07093110680580139
train/reconstruction,79800.0,0.06528235971927643
train/reconstruction,79850.0,0.07919085025787354
train/reconstruction,79900.0,0.07465173304080963
train/reconstruction,79950.0,0.06883347034454346
train/reconstruction,80000.0,0.07298310101032257
train/reconstruction_weighted,1.0,0.3649938106536865
train/reconstruction_weighted,50.0,0.24066348373889923
train/reconstruction_weighted,100.0,0.14370794594287872
train/reconstruction_weighted,150.0,0.1384965032339096
train/reconstruction_weighted,200.0,0.12387531995773315
train/reconstruction_weighted,250.0,0.10222893953323364
train/reconstruction_weighted,300.0,0.10834243148565292
train/reconstruction_weighted,350.0,0.10642184317111969
train/reconstruction_weighted,400.0,0.11294253170490265
train/reconstruction_weighted,450.0,0.10351860523223877
train/reconstruction_weighted,500.0,0.10395067930221558
train/reconstruction_weighted,550.0,0.09381718188524246
train/reconstruction_weighted,600.0,0.10426589846611023
train/reconstruction_weighted,650.0,0.09862329065799713
train/reconstruction_weighted,700.0,0.09505097568035126
train/reconstruction_weighted,750.0,0.09467766433954239
train/reconstruction_weighted,800.0,0.09420362114906311
train/reconstruction_weighted,850.0,0.09364974498748779
train/reconstruction_weighted,900.0,0.09346749633550644
train/reconstruction_weighted,950.0,0.09204742312431335
train/reconstruction_weighted,1000.0,0.08759910613298416
train/reconstruction_weighted,1050.0,0.0953032523393631
train/reconstruction_weighted,1100.0,0.08982029557228088
train/reconstruction_weighted,1150.0,0.08258247375488281
train/reconstruction_weighted,1200.0,0.07890380173921585
train/reconstruction_weighted,1250.0,0.08051873743534088
train/reconstruction_weighted,1300.0,0.08568881452083588
train/reconstruction_weighted,1350.0,0.0883389562368393
train/reconstruction_weighted,1400.0,0.08730292320251465
train/reconstruction_weighted,1450.0,0.0823010504245758
train/reconstruction_weighted,1500.0,0.08355595916509628
train/reconstruction_weighted,1550.0,0.07874360680580139
train/reconstruction_weighted,1600.0,0.08018327504396439
train/reconstruction_weighted,1650.0,0.07795792818069458
train/reconstruction_weighted,1700.0,0.08331867307424545
train/reconstruction_weighted,1750.0,0.07925786077976227
train/reconstruction_weighted,1800.0,0.08114476501941681
train/reconstruction_weighted,1850.0,0.09380762279033661
train/reconstruction_weighted,1900.0,0.08655465394258499
train/reconstruction_weighted,1950.0,0.08315578103065491
train/reconstruction_weighted,2000.0,0.07741812616586685
train/reconstruction_weighted,2050.0,0.08295021206140518
train/reconstruction_weighted,2100.0,0.0830598995089531
train/reconstruction_weighted,2150.0,0.07991645485162735
train/reconstruction_weighted,2200.0,0.08329606056213379
train/reconstruction_weighted,2250.0,0.08027862757444382
train/reconstruction_weighted,2300.0,0.07222755253314972
train/reconstruction_weighted,2350.0,0.08993268758058548
train/reconstruction_weighted,2400.0,0.07980518043041229
train/reconstruction_weighted,2450.0,0.0789569541811943
train/reconstruction_weighted,2500.0,0.08026830852031708
train/reconstruction_weighted,2550.0,0.07905594259500504
train/reconstruction_weighted,2600.0,0.07656745612621307
train/reconstruction_weighted,2650.0,0.07523083686828613
train/reconstruction_weighted,2700.0,0.07434824854135513
train/reconstruction_weighted,2750.0,0.08494505286216736
train/reconstruction_weighted,2800.0,0.07721468806266785
train/reconstruction_weighted,2850.0,0.08666639029979706
train/reconstruction_weighted,2900.0,0.09239476919174194
train/reconstruction_weighted,2950.0,0.0826159417629242
train/reconstruction_weighted,3000.0,0.08379596471786499
train/reconstruction_weighted,3050.0,0.07265803217887878
train/reconstruction_weighted,3100.0,0.08235463500022888
train/reconstruction_weighted,3150.0,0.07577157020568848
train/reconstruction_weighted,3200.0,0.07914000749588013
train/reconstruction_weighted,3250.0,0.07678284496068954
train/reconstruction_weighted,3300.0,0.08865346759557724
train/reconstruction_weighted,3350.0,0.0679221823811531
train/reconstruction_weighted,3400.0,0.07890897989273071
train/reconstruction_weighted,3450.0,0.07715949416160583
train/reconstruction_weighted,3500.0,0.07840900868177414
train/reconstruction_weighted,3550.0,0.08427806198596954
train/reconstruction_weighted,3600.0,0.07693745195865631
train/reconstruction_weighted,3650.0,0.07350342720746994
train/reconstruction_weighted,3700.0,0.0689980611205101
train/reconstruction_weighted,3750.0,0.07756375521421432
train/reconstruction_weighted,3800.0,0.08143455535173416
train/reconstruction_weighted,3850.0,0.08197417855262756
train/reconstruction_weighted,3900.0,0.07531280815601349
train/reconstruction_weighted,3950.0,0.07876736670732498
train/reconstruction_weighted,4000.0,0.08646117895841599
train/reconstruction_weighted,4050.0,0.07935573905706406
train/reconstruction_weighted,4100.0,0.07963860034942627
train/reconstruction_weighted,4150.0,0.0884857326745987
train/reconstruction_weighted,4200.0,0.08707955479621887
train/reconstruction_weighted,4250.0,0.08120381832122803
train/reconstruction_weighted,4300.0,0.07953272014856339
train/reconstruction_weighted,4350.0,0.07329892367124557
train/reconstruction_weighted,4400.0,0.07569253444671631
train/reconstruction_weighted,4450.0,0.07542426884174347
train/reconstruction_weighted,4500.0,0.07523293048143387
train/reconstruction_weighted,4550.0,0.06961280852556229
train/reconstruction_weighted,4600.0,0.08153204619884491
train/reconstruction_weighted,4650.0,0.07998465746641159
train/reconstruction_weighted,4700.0,0.07065309584140778
train/reconstruction_weighted,4750.0,0.07568445801734924
train/reconstruction_weighted,4800.0,0.07429522275924683
train/reconstruction_weighted,4850.0,0.0833611786365509
train/reconstruction_weighted,4900.0,0.08426262438297272
train/reconstruction_weighted,4950.0,0.0806620642542839
train/reconstruction_weighted,5000.0,0.07626558095216751
train/reconstruction_weighted,5050.0,0.07902367413043976
train/reconstruction_weighted,5100.0,0.08225558698177338
train/reconstruction_weighted,5150.0,0.08150622248649597
train/reconstruction_weighted,5200.0,0.08179197460412979
train/reconstruction_weighted,5250.0,0.07764071971178055
train/reconstruction_weighted,5300.0,0.08660951256752014
train/reconstruction_weighted,5350.0,0.08423861861228943
train/reconstruction_weighted,5400.0,0.07401597499847412
train/reconstruction_weighted,5450.0,0.07661567628383636
train/reconstruction_weighted,5500.0,0.08023551851511002
train/reconstruction_weighted,5550.0,0.08176568895578384
train/reconstruction_weighted,5600.0,0.06989148259162903
train/reconstruction_weighted,5650.0,0.07152517139911652
train/reconstruction_weighted,5700.0,0.0797097235918045
train/reconstruction_weighted,5750.0,0.08081164956092834
train/reconstruction_weighted,5800.0,0.08533444255590439
train/reconstruction_weighted,5850.0,0.07678201049566269
train/reconstruction_weighted,5900.0,0.07795299589633942
train/reconstruction_weighted,5950.0,0.07920186221599579
train/reconstruction_weighted,6000.0,0.06845787167549133
train/reconstruction_weighted,6050.0,0.07431979477405548
train/reconstruction_weighted,6100.0,0.07359965890645981
train/reconstruction_weighted,6150.0,0.07552862167358398
train/reconstruction_weighted,6200.0,0.07732944190502167
train/reconstruction_weighted,6250.0,0.07950049638748169
train/reconstruction_weighted,6300.0,0.08000223338603973
train/reconstruction_weighted,6350.0,0.07560746371746063
train/reconstruction_weighted,6400.0,0.07070308923721313
train/reconstruction_weighted,6450.0,0.07214990258216858
train/reconstruction_weighted,6500.0,0.07470367848873138
train/reconstruction_weighted,6550.0,0.08280949294567108
train/reconstruction_weighted,6600.0,0.06988438218832016
train/reconstruction_weighted,6650.0,0.06941582262516022
train/reconstruction_weighted,6700.0,0.07957102358341217
train/reconstruction_weighted,6750.0,0.08558331429958344
train/reconstruction_weighted,6800.0,0.086116261780262
train/reconstruction_weighted,6850.0,0.0768037661910057
train/reconstruction_weighted,6900.0,0.08224167674779892
train/reconstruction_weighted,6950.0,0.06703758239746094
train/reconstruction_weighted,7000.0,0.07619822025299072
train/reconstruction_weighted,7050.0,0.07552478462457657
train/reconstruction_weighted,7100.0,0.07875854521989822
train/reconstruction_weighted,7150.0,0.07553514838218689
train/reconstruction_weighted,7200.0,0.0762721449136734
train/reconstruction_weighted,7250.0,0.07794360816478729
train/reconstruction_weighted,7300.0,0.08108553290367126
train/reconstruction_weighted,7350.0,0.07990896701812744
train/reconstruction_weighted,7400.0,0.07096608728170395
train/reconstruction_weighted,7450.0,0.07201726734638214
train/reconstruction_weighted,7500.0,0.06971437484025955
train/reconstruction_weighted,7550.0,0.07887943089008331
train/reconstruction_weighted,7600.0,0.08510205149650574
train/reconstruction_weighted,7650.0,0.06741542369127274
train/reconstruction_weighted,7700.0,0.0782453641295433
train/reconstruction_weighted,7750.0,0.07598061859607697
train/reconstruction_weighted,7800.0,0.07746334373950958
train/reconstruction_weighted,7850.0,0.07587099820375443
train/reconstruction_weighted,7900.0,0.07768730819225311
train/reconstruction_weighted,7950.0,0.07825355231761932
train/reconstruction_weighted,8000.0,0.08078660815954208
train/reconstruction_weighted,8050.0,0.07052323967218399
train/reconstruction_weighted,8100.0,0.07998240739107132
train/reconstruction_weighted,8150.0,0.0885816216468811
train/reconstruction_weighted,8200.0,0.07988043129444122
train/reconstruction_weighted,8250.0,0.07867023348808289
train/reconstruction_weighted,8300.0,0.07925069332122803
train/reconstruction_weighted,8350.0,0.07638105750083923
train/reconstruction_weighted,8400.0,0.0780516117811203
train/reconstruction_weighted,8450.0,0.08116872608661652
train/reconstruction_weighted,8500.0,0.0787971019744873
train/reconstruction_weighted,8550.0,0.07435133308172226
train/reconstruction_weighted,8600.0,0.07391681522130966
train/reconstruction_weighted,8650.0,0.07852815836668015
train/reconstruction_weighted,8700.0,0.07507309317588806
train/reconstruction_weighted,8750.0,0.0747743472456932
train/reconstruction_weighted,8800.0,0.07316950708627701
train/reconstruction_weighted,8850.0,0.08463621139526367
train/reconstruction_weighted,8900.0,0.07972407341003418
train/reconstruction_weighted,8950.0,0.07199088484048843
train/reconstruction_weighted,9000.0,0.07886956632137299
train/reconstruction_weighted,9050.0,0.07630142569541931
train/reconstruction_weighted,9100.0,0.07712815701961517
train/reconstruction_weighted,9150.0,0.08924444019794464
train/reconstruction_weighted,9200.0,0.07215334475040436
train/reconstruction_weighted,9250.0,0.08146823942661285
train/reconstruction_weighted,9300.0,0.07996205240488052
train/reconstruction_weighted,9350.0,0.07654527574777603
train/reconstruction_weighted,9400.0,0.07047688961029053
train/reconstruction_weighted,9450.0,0.07759419828653336
train/reconstruction_weighted,9500.0,0.07650728523731232
train/reconstruction_weighted,9550.0,0.08025339245796204
train/reconstruction_weighted,9600.0,0.06924273073673248
train/reconstruction_weighted,9650.0,0.06572221964597702
train/reconstruction_weighted,9700.0,0.07462874054908752
train/reconstruction_weighted,9750.0,0.07756991684436798
train/reconstruction_weighted,9800.0,0.07922239601612091
train/reconstruction_weighted,9850.0,0.07365499436855316
train/reconstruction_weighted,9900.0,0.0698300376534462
train/reconstruction_weighted,9950.0,0.07888565957546234
train/reconstruction_weighted,10000.0,0.07943951338529587
train/reconstruction_weighted,10050.0,0.0759628564119339
train/reconstruction_weighted,10100.0,0.0751088410615921
train/reconstruction_weighted,10150.0,0.0813509002327919
train/reconstruction_weighted,10200.0,0.084695965051651
train/reconstruction_weighted,10250.0,0.07484264671802521
train/reconstruction_weighted,10300.0,0.07107752561569214
train/reconstruction_weighted,10350.0,0.0809122771024704
train/reconstruction_weighted,10400.0,0.08056551963090897
train/reconstruction_weighted,10450.0,0.07955177873373032
train/reconstruction_weighted,10500.0,0.0779895931482315
train/reconstruction_weighted,10550.0,0.0706440880894661
train/reconstruction_weighted,10600.0,0.07104077190160751
train/reconstruction_weighted,10650.0,0.07587054371833801
train/reconstruction_weighted,10700.0,0.07220596075057983
train/reconstruction_weighted,10750.0,0.07963776588439941
train/reconstruction_weighted,10800.0,0.08211109042167664
train/reconstruction_weighted,10850.0,0.07166042923927307
train/reconstruction_weighted,10900.0,0.08099712431430817
train/reconstruction_weighted,10950.0,0.0745660588145256
train/reconstruction_weighted,11000.0,0.07068528234958649
train/reconstruction_weighted,11050.0,0.07967908680438995
train/reconstruction_weighted,11100.0,0.08287123590707779
train/reconstruction_weighted,11150.0,0.07898201048374176
train/reconstruction_weighted,11200.0,0.07107604295015335
train/reconstruction_weighted,11250.0,0.07878641784191132
train/reconstruction_weighted,11300.0,0.07438153028488159
train/reconstruction_weighted,11350.0,0.06847326457500458
train/reconstruction_weighted,11400.0,0.07958579063415527
train/reconstruction_weighted,11450.0,0.07953497022390366
train/reconstruction_weighted,11500.0,0.06931870430707932
train/reconstruction_weighted,11550.0,0.0803510993719101
train/reconstruction_weighted,11600.0,0.08120214194059372
train/reconstruction_weighted,11650.0,0.07445406913757324
train/reconstruction_weighted,11700.0,0.0816342830657959
train/reconstruction_weighted,11750.0,0.07827329635620117
train/reconstruction_weighted,11800.0,0.07973267883062363
train/reconstruction_weighted,11850.0,0.07439886778593063
train/reconstruction_weighted,11900.0,0.07656379789113998
train/reconstruction_weighted,11950.0,0.07229647040367126
train/reconstruction_weighted,12000.0,0.07465053349733353
train/reconstruction_weighted,12050.0,0.07154801487922668
train/reconstruction_weighted,12100.0,0.07327762991189957
train/reconstruction_weighted,12150.0,0.08210166543722153
train/reconstruction_weighted,12200.0,0.07266009598970413
train/reconstruction_weighted,12250.0,0.0742437019944191
train/reconstruction_weighted,12300.0,0.07384905964136124
train/reconstruction_weighted,12350.0,0.07674384862184525
train/reconstruction_weighted,12400.0,0.07681500911712646
train/reconstruction_weighted,12450.0,0.07602465152740479
train/reconstruction_weighted,12500.0,0.07552770525217056
train/reconstruction_weighted,12550.0,0.07981830835342407
train/reconstruction_weighted,12600.0,0.07690457999706268
train/reconstruction_weighted,12650.0,0.08023317903280258
train/reconstruction_weighted,12700.0,0.07112391293048859
train/reconstruction_weighted,12750.0,0.07549388706684113
train/reconstruction_weighted,12800.0,0.07390002906322479
train/reconstruction_weighted,12850.0,0.07548685371875763
train/reconstruction_weighted,12900.0,0.07547013461589813
train/reconstruction_weighted,12950.0,0.07321232557296753
train/reconstruction_weighted,13000.0,0.07143168896436691
train/reconstruction_weighted,13050.0,0.08203117549419403
train/reconstruction_weighted,13100.0,0.0798959881067276
train/reconstruction_weighted,13150.0,0.0793224424123764
train/reconstruction_weighted,13200.0,0.08730147778987885
train/reconstruction_weighted,13250.0,0.07609441876411438
train/reconstruction_weighted,13300.0,0.0829150378704071
train/reconstruction_weighted,13350.0,0.07868010550737381
train/reconstruction_weighted,13400.0,0.07847052812576294
train/reconstruction_weighted,13450.0,0.07192909717559814
train/reconstruction_weighted,13500.0,0.07618086040019989
train/reconstruction_weighted,13550.0,0.08240552991628647
train/reconstruction_weighted,13600.0,0.08450905233621597
train/reconstruction_weighted,13650.0,0.07229878753423691
train/reconstruction_weighted,13700.0,0.06937946379184723
train/reconstruction_weighted,13750.0,0.08167857676744461
train/reconstruction_weighted,13800.0,0.07148731499910355
train/reconstruction_weighted,13850.0,0.07827852666378021
train/reconstruction_weighted,13900.0,0.07749894261360168
train/reconstruction_weighted,13950.0,0.07679577171802521
train/reconstruction_weighted,14000.0,0.07601360231637955
train/reconstruction_weighted,14050.0,0.07497192174196243
train/reconstruction_weighted,14100.0,0.0796971246600151
train/reconstruction_weighted,14150.0,0.07829079031944275
train/reconstruction_weighted,14200.0,0.07077143341302872
train/reconstruction_weighted,14250.0,0.07226452231407166
train/reconstruction_weighted,14300.0,0.07671745121479034
train/reconstruction_weighted,14350.0,0.062150269746780396
train/reconstruction_weighted,14400.0,0.07028210908174515
train/reconstruction_weighted,14450.0,0.07634992897510529
train/reconstruction_weighted,14500.0,0.07595964521169662
train/reconstruction_weighted,14550.0,0.07397274672985077
train/reconstruction_weighted,14600.0,0.07291745394468307
train/reconstruction_weighted,14650.0,0.08417821675539017
train/reconstruction_weighted,14700.0,0.07377203553915024
train/reconstruction_weighted,14750.0,0.07104406505823135
train/reconstruction_weighted,14800.0,0.07459107786417007
train/reconstruction_weighted,14850.0,0.07721386849880219
train/reconstruction_weighted,14900.0,0.07172951102256775
train/reconstruction_weighted,14950.0,0.08900835365056992
train/reconstruction_weighted,15000.0,0.07118584215641022
train/reconstruction_weighted,15050.0,0.07769828289747238
train/reconstruction_weighted,15100.0,0.07496735453605652
train/reconstruction_weighted,15150.0,0.07975706458091736
train/reconstruction_weighted,15200.0,0.07250118255615234
train/reconstruction_weighted,15250.0,0.06728339940309525
train/reconstruction_weighted,15300.0,0.07635325938463211
train/reconstruction_weighted,15350.0,0.07263564318418503
train/reconstruction_weighted,15400.0,0.07396472245454788
train/reconstruction_weighted,15450.0,0.07184784859418869
train/reconstruction_weighted,15500.0,0.07117351144552231
train/reconstruction_weighted,15550.0,0.07480910420417786
train/reconstruction_weighted,15600.0,0.0799524188041687
train/reconstruction_weighted,15650.0,0.07053445279598236
train/reconstruction_weighted,15700.0,0.07134969532489777
train/reconstruction_weighted,15750.0,0.08006980270147324
train/reconstruction_weighted,15800.0,0.07796362042427063
train/reconstruction_weighted,15850.0,0.07720431685447693
train/reconstruction_weighted,15900.0,0.07361198961734772
train/reconstruction_weighted,15950.0,0.07489102333784103
train/reconstruction_weighted,16000.0,0.06635691225528717
train/reconstruction_weighted,16050.0,0.07855163514614105
train/reconstruction_weighted,16100.0,0.07477740943431854
train/reconstruction_weighted,16150.0,0.07216297835111618
train/reconstruction_weighted,16200.0,0.07090937346220016
train/reconstruction_weighted,16250.0,0.07814949005842209
train/reconstruction_weighted,16300.0,0.07328333705663681
train/reconstruction_weighted,16350.0,0.0742793083190918
train/reconstruction_weighted,16400.0,0.07898411154747009
train/reconstruction_weighted,16450.0,0.06594754010438919
train/reconstruction_weighted,16500.0,0.07361236214637756
train/reconstruction_weighted,16550.0,0.07094238698482513
train/reconstruction_weighted,16600.0,0.07790272682905197
train/reconstruction_weighted,16650.0,0.08709101378917694
train/reconstruction_weighted,16700.0,0.07603945583105087
train/reconstruction_weighted,16750.0,0.07029429078102112
train/reconstruction_weighted,16800.0,0.07636832445859909
train/reconstruction_weighted,16850.0,0.07609771937131882
train/reconstruction_weighted,16900.0,0.07634983956813812
train/reconstruction_weighted,16950.0,0.07334142923355103
train/reconstruction_weighted,17000.0,0.07707176357507706
train/reconstruction_weighted,17050.0,0.0782480239868164
train/reconstruction_weighted,17100.0,0.07274889200925827
train/reconstruction_weighted,17150.0,0.06813289225101471
train/reconstruction_weighted,17200.0,0.077565036714077
train/reconstruction_weighted,17250.0,0.07938689738512039
train/reconstruction_weighted,17300.0,0.07456465065479279
train/reconstruction_weighted,17350.0,0.07287121564149857
train/reconstruction_weighted,17400.0,0.07664506882429123
train/reconstruction_weighted,17450.0,0.07687936723232269
train/reconstruction_weighted,17500.0,0.07617717236280441
train/reconstruction_weighted,17550.0,0.07433315366506577
train/reconstruction_weighted,17600.0,0.07325217872858047
train/reconstruction_weighted,17650.0,0.088070347905159
train/reconstruction_weighted,17700.0,0.0692635327577591
train/reconstruction_weighted,17750.0,0.07650740444660187
train/reconstruction_weighted,17800.0,0.08030188828706741
train/reconstruction_weighted,17850.0,0.07074770331382751
train/reconstruction_weighted,17900.0,0.07248296588659286
train/reconstruction_weighted,17950.0,0.0726621150970459
train/reconstruction_weighted,18000.0,0.08047682046890259
train/reconstruction_weighted,18050.0,0.0803150162100792
train/reconstruction_weighted,18100.0,0.0760098546743393
train/reconstruction_weighted,18150.0,0.06637849658727646
train/reconstruction_weighted,18200.0,0.07446081191301346
train/reconstruction_weighted,18250.0,0.07328928261995316
train/reconstruction_weighted,18300.0,0.07326449453830719
train/reconstruction_weighted,18350.0,0.0820656269788742
train/reconstruction_weighted,18400.0,0.07290546596050262
train/reconstruction_weighted,18450.0,0.07687506824731827
train/reconstruction_weighted,18500.0,0.08236760646104813
train/reconstruction_weighted,18550.0,0.07885519415140152
train/reconstruction_weighted,18600.0,0.07711219787597656
train/reconstruction_weighted,18650.0,0.07478004693984985
train/reconstruction_weighted,18700.0,0.08034435659646988
train/reconstruction_weighted,18750.0,0.0764816552400589
train/reconstruction_weighted,18800.0,0.07467502355575562
train/reconstruction_weighted,18850.0,0.07711117714643478
train/reconstruction_weighted,18900.0,0.07741013169288635
train/reconstruction_weighted,18950.0,0.07081614434719086
train/reconstruction_weighted,19000.0,0.07560784369707108
train/reconstruction_weighted,19050.0,0.07681196928024292
train/reconstruction_weighted,19100.0,0.07171929627656937
train/reconstruction_weighted,19150.0,0.07122926414012909
train/reconstruction_weighted,19200.0,0.07498537003993988
train/reconstruction_weighted,19250.0,0.0729379951953888
train/reconstruction_weighted,19300.0,0.07288896292448044
train/reconstruction_weighted,19350.0,0.0705445259809494
train/reconstruction_weighted,19400.0,0.07214350253343582
train/reconstruction_weighted,19450.0,0.07622451335191727
train/reconstruction_weighted,19500.0,0.08053895831108093
train/reconstruction_weighted,19550.0,0.07921206951141357
train/reconstruction_weighted,19600.0,0.07091556489467621
train/reconstruction_weighted,19650.0,0.08200221508741379
train/reconstruction_weighted,19700.0,0.0746171623468399
train/reconstruction_weighted,19750.0,0.07266717404127121
train/reconstruction_weighted,19800.0,0.06983141601085663
train/reconstruction_weighted,19850.0,0.07609602063894272
train/reconstruction_weighted,19900.0,0.07230176031589508
train/reconstruction_weighted,19950.0,0.08177225291728973
train/reconstruction_weighted,20000.0,0.07196684926748276
train/reconstruction_weighted,20050.0,0.07670105993747711
train/reconstruction_weighted,20100.0,0.07966484129428864
train/reconstruction_weighted,20150.0,0.076768659055233
train/reconstruction_weighted,20200.0,0.06805993616580963
train/reconstruction_weighted,20250.0,0.07405367493629456
train/reconstruction_weighted,20300.0,0.07585285604000092
train/reconstruction_weighted,20350.0,0.07861016690731049
train/reconstruction_weighted,20400.0,0.07992346584796906
train/reconstruction_weighted,20450.0,0.07434671372175217
train/reconstruction_weighted,20500.0,0.07997620105743408
train/reconstruction_weighted,20550.0,0.07734034955501556
train/reconstruction_weighted,20600.0,0.07453200221061707
train/reconstruction_weighted,20650.0,0.08351519703865051
train/reconstruction_weighted,20700.0,0.07831793278455734
train/reconstruction_weighted,20750.0,0.07652535289525986
train/reconstruction_weighted,20800.0,0.07904467731714249
train/reconstruction_weighted,20850.0,0.08243308961391449
train/reconstruction_weighted,20900.0,0.07890639454126358
train/reconstruction_weighted,20950.0,0.07102957367897034
train/reconstruction_weighted,21000.0,0.07091426849365234
train/reconstruction_weighted,21050.0,0.07459358870983124
train/reconstruction_weighted,21100.0,0.06589844077825546
train/reconstruction_weighted,21150.0,0.07700815051794052
train/reconstruction_weighted,21200.0,0.08422444760799408
train/reconstruction_weighted,21250.0,0.07721014320850372
train/reconstruction_weighted,21300.0,0.07231581956148148
train/reconstruction_weighted,21350.0,0.07200083136558533
train/reconstruction_weighted,21400.0,0.07250232249498367
train/reconstruction_weighted,21450.0,0.07733781635761261
train/reconstruction_weighted,21500.0,0.07787198573350906
train/reconstruction_weighted,21550.0,0.06892559677362442
train/reconstruction_weighted,21600.0,0.07974505424499512
train/reconstruction_weighted,21650.0,0.07065550982952118
train/reconstruction_weighted,21700.0,0.06831206381320953
train/reconstruction_weighted,21750.0,0.07454605400562286
train/reconstruction_weighted,21800.0,0.0805237665772438
train/reconstruction_weighted,21850.0,0.07234649360179901
train/reconstruction_weighted,21900.0,0.0844016745686531
train/reconstruction_weighted,21950.0,0.07263766974210739
train/reconstruction_weighted,22000.0,0.0734560564160347
train/reconstruction_weighted,22050.0,0.08538206666707993
train/reconstruction_weighted,22100.0,0.07380464673042297
train/reconstruction_weighted,22150.0,0.07400865107774734
train/reconstruction_weighted,22200.0,0.07081320136785507
train/reconstruction_weighted,22250.0,0.07834852486848831
train/reconstruction_weighted,22300.0,0.07595991343259811
train/reconstruction_weighted,22350.0,0.07649965584278107
train/reconstruction_weighted,22400.0,0.07353678345680237
train/reconstruction_weighted,22450.0,0.08147624135017395
train/reconstruction_weighted,22500.0,0.07922728359699249
train/reconstruction_weighted,22550.0,0.07235479354858398
train/reconstruction_weighted,22600.0,0.08690033107995987
train/reconstruction_weighted,22650.0,0.07864457368850708
train/reconstruction_weighted,22700.0,0.0818537026643753
train/reconstruction_weighted,22750.0,0.07892927527427673
train/reconstruction_weighted,22800.0,0.08477416634559631
train/reconstruction_weighted,22850.0,0.07372990250587463
train/reconstruction_weighted,22900.0,0.07255537807941437
train/reconstruction_weighted,22950.0,0.07478325068950653
train/reconstruction_weighted,23000.0,0.07664062827825546
train/reconstruction_weighted,23050.0,0.06523708999156952
train/reconstruction_weighted,23100.0,0.07321500778198242
train/reconstruction_weighted,23150.0,0.07489794492721558
train/reconstruction_weighted,23200.0,0.08020340651273727
train/reconstruction_weighted,23250.0,0.07015237957239151
train/reconstruction_weighted,23300.0,0.07261151075363159
train/reconstruction_weighted,23350.0,0.07553203403949738
train/reconstruction_weighted,23400.0,0.07663971930742264
train/reconstruction_weighted,23450.0,0.0851193517446518
train/reconstruction_weighted,23500.0,0.06972761452198029
train/reconstruction_weighted,23550.0,0.06816967576742172
train/reconstruction_weighted,23600.0,0.07059413194656372
train/reconstruction_weighted,23650.0,0.06605786085128784
train/reconstruction_weighted,23700.0,0.07599790394306183
train/reconstruction_weighted,23750.0,0.07315327227115631
train/reconstruction_weighted,23800.0,0.07259437441825867
train/reconstruction_weighted,23850.0,0.07682156562805176
train/reconstruction_weighted,23900.0,0.07095488160848618
train/reconstruction_weighted,23950.0,0.0717545747756958
train/reconstruction_weighted,24000.0,0.06783345341682434
train/reconstruction_weighted,24050.0,0.07412779331207275
train/reconstruction_weighted,24100.0,0.07600607722997665
train/reconstruction_weighted,24150.0,0.07114022970199585
train/reconstruction_weighted,24200.0,0.08305026590824127
train/reconstruction_weighted,24250.0,0.07019267976284027
train/reconstruction_weighted,24300.0,0.07864005863666534
train/reconstruction_weighted,24350.0,0.07015550136566162
train/reconstruction_weighted,24400.0,0.07730072736740112
train/reconstruction_weighted,24450.0,0.0757056176662445
train/reconstruction_weighted,24500.0,0.0690133199095726
train/reconstruction_weighted,24550.0,0.08073613047599792
train/reconstruction_weighted,24600.0,0.07780075818300247
train/reconstruction_weighted,24650.0,0.06669595092535019
train/reconstruction_weighted,24700.0,0.08140683174133301
train/reconstruction_weighted,24750.0,0.0842999815940857
train/reconstruction_weighted,24800.0,0.07654165476560593
train/reconstruction_weighted,24850.0,0.07486020028591156
train/reconstruction_weighted,24900.0,0.07683409750461578
train/reconstruction_weighted,24950.0,0.0746256411075592
train/reconstruction_weighted,25000.0,0.0733882412314415
train/reconstruction_weighted,25050.0,0.07342091202735901
train/reconstruction_weighted,25100.0,0.06922262907028198
train/reconstruction_weighted,25150.0,0.06759647279977798
train/reconstruction_weighted,25200.0,0.08170989155769348
train/reconstruction_weighted,25250.0,0.06822803616523743
train/reconstruction_weighted,25300.0,0.07211261242628098
train/reconstruction_weighted,25350.0,0.0751846581697464
train/reconstruction_weighted,25400.0,0.07643952965736389
train/reconstruction_weighted,25450.0,0.08322547376155853
train/reconstruction_weighted,25500.0,0.08054015040397644
train/reconstruction_weighted,25550.0,0.08185382932424545
train/reconstruction_weighted,25600.0,0.07459968328475952
train/reconstruction_weighted,25650.0,0.07155241072177887
train/reconstruction_weighted,25700.0,0.07945078611373901
train/reconstruction_weighted,25750.0,0.06716430187225342
train/reconstruction_weighted,25800.0,0.08051268011331558
train/reconstruction_weighted,25850.0,0.07148586213588715
train/reconstruction_weighted,25900.0,0.07641033828258514
train/reconstruction_weighted,25950.0,0.07931167632341385
train/reconstruction_weighted,26000.0,0.07469924539327621
train/reconstruction_weighted,26050.0,0.07003889977931976
train/reconstruction_weighted,26100.0,0.0825415700674057
train/reconstruction_weighted,26150.0,0.08139025419950485
train/reconstruction_weighted,26200.0,0.07429845631122589
train/reconstruction_weighted,26250.0,0.07720568776130676
train/reconstruction_weighted,26300.0,0.07693466544151306
train/reconstruction_weighted,26350.0,0.06456105411052704
train/reconstruction_weighted,26400.0,0.07583895325660706
train/reconstruction_weighted,26450.0,0.0801229476928711
train/reconstruction_weighted,26500.0,0.07469727098941803
train/reconstruction_weighted,26550.0,0.07904274761676788
train/reconstruction_weighted,26600.0,0.07101702690124512
train/reconstruction_weighted,26650.0,0.06952665001153946
train/reconstruction_weighted,26700.0,0.0794176459312439
train/reconstruction_weighted,26750.0,0.08989923447370529
train/reconstruction_weighted,26800.0,0.0769912451505661
train/reconstruction_weighted,26850.0,0.08076123893260956
train/reconstruction_weighted,26900.0,0.07006219029426575
train/reconstruction_weighted,26950.0,0.07509385049343109
train/reconstruction_weighted,27000.0,0.06729365140199661
train/reconstruction_weighted,27050.0,0.07441037148237228
train/reconstruction_weighted,27100.0,0.07117560505867004
train/reconstruction_weighted,27150.0,0.07621084153652191
train/reconstruction_weighted,27200.0,0.07719592750072479
train/reconstruction_weighted,27250.0,0.07467803359031677
train/reconstruction_weighted,27300.0,0.07668409496545792
train/reconstruction_weighted,27350.0,0.07336460798978806
train/reconstruction_weighted,27400.0,0.07062239944934845
train/reconstruction_weighted,27450.0,0.0734996497631073
train/reconstruction_weighted,27500.0,0.07694770395755768
train/reconstruction_weighted,27550.0,0.07319572567939758
train/reconstruction_weighted,27600.0,0.07933016121387482
train/reconstruction_weighted,27650.0,0.07576030492782593
train/reconstruction_weighted,27700.0,0.06610377132892609
train/reconstruction_weighted,27750.0,0.07262576371431351
train/reconstruction_weighted,27800.0,0.07237139344215393
train/reconstruction_weighted,27850.0,0.07769612967967987
train/reconstruction_weighted,27900.0,0.07513490319252014
train/reconstruction_weighted,27950.0,0.07510927319526672
train/reconstruction_weighted,28000.0,0.0703444555401802
train/reconstruction_weighted,28050.0,0.07189984619617462
train/reconstruction_weighted,28100.0,0.0683896541595459
train/reconstruction_weighted,28150.0,0.07633757591247559
train/reconstruction_weighted,28200.0,0.07488714903593063
train/reconstruction_weighted,28250.0,0.07707826048135757
train/reconstruction_weighted,28300.0,0.06949558854103088
train/reconstruction_weighted,28350.0,0.07445570081472397
train/reconstruction_weighted,28400.0,0.07282668352127075
train/reconstruction_weighted,28450.0,0.07040539383888245
train/reconstruction_weighted,28500.0,0.07084733247756958
train/reconstruction_weighted,28550.0,0.07381197810173035
train/reconstruction_weighted,28600.0,0.06573464721441269
train/reconstruction_weighted,28650.0,0.0705183893442154
train/reconstruction_weighted,28700.0,0.07915320992469788
train/reconstruction_weighted,28750.0,0.07606016099452972
train/reconstruction_weighted,28800.0,0.07422864437103271
train/reconstruction_weighted,28850.0,0.07184623926877975
train/reconstruction_weighted,28900.0,0.0773007795214653
train/reconstruction_weighted,28950.0,0.0691387876868248
train/reconstruction_weighted,29000.0,0.07047680020332336
train/reconstruction_weighted,29050.0,0.08186092227697372
train/reconstruction_weighted,29100.0,0.07483645528554916
train/reconstruction_weighted,29150.0,0.08494918048381805
train/reconstruction_weighted,29200.0,0.06875914335250854
train/reconstruction_weighted,29250.0,0.06790490448474884
train/reconstruction_weighted,29300.0,0.06838428974151611
train/reconstruction_weighted,29350.0,0.08300819993019104
train/reconstruction_weighted,29400.0,0.07387147843837738
train/reconstruction_weighted,29450.0,0.07321242988109589
train/reconstruction_weighted,29500.0,0.07054087519645691
train/reconstruction_weighted,29550.0,0.07622446119785309
train/reconstruction_weighted,29600.0,0.07245981693267822
train/reconstruction_weighted,29650.0,0.07053214311599731
train/reconstruction_weighted,29700.0,0.07501199096441269
train/reconstruction_weighted,29750.0,0.07223492860794067
train/reconstruction_weighted,29800.0,0.07191970944404602
train/reconstruction_weighted,29850.0,0.07248745113611221
train/reconstruction_weighted,29900.0,0.07394791394472122
train/reconstruction_weighted,29950.0,0.07163956761360168
train/reconstruction_weighted,30000.0,0.06602705270051956
train/reconstruction_weighted,30050.0,0.07603540271520615
train/reconstruction_weighted,30100.0,0.07868802547454834
train/reconstruction_weighted,30150.0,0.0734417587518692
train/reconstruction_weighted,30200.0,0.07402274012565613
train/reconstruction_weighted,30250.0,0.07823407649993896
train/reconstruction_weighted,30300.0,0.07853138446807861
train/reconstruction_weighted,30350.0,0.08277337998151779
train/reconstruction_weighted,30400.0,0.07669664919376373
train/reconstruction_weighted,30450.0,0.0788983404636383
train/reconstruction_weighted,30500.0,0.07299439609050751
train/reconstruction_weighted,30550.0,0.08100884407758713
train/reconstruction_weighted,30600.0,0.08140137046575546
train/reconstruction_weighted,30650.0,0.07622719556093216
train/reconstruction_weighted,30700.0,0.07199081778526306
train/reconstruction_weighted,30750.0,0.0736956000328064
train/reconstruction_weighted,30800.0,0.06826792657375336
train/reconstruction_weighted,30850.0,0.08425380289554596
train/reconstruction_weighted,30900.0,0.072182796895504
train/reconstruction_weighted,30950.0,0.07549051940441132
train/reconstruction_weighted,31000.0,0.07873614877462387
train/reconstruction_weighted,31050.0,0.06616342812776566
train/reconstruction_weighted,31100.0,0.07827062904834747
train/reconstruction_weighted,31150.0,0.077373206615448
train/reconstruction_weighted,31200.0,0.07273784279823303
train/reconstruction_weighted,31250.0,0.08407372981309891
train/reconstruction_weighted,31300.0,0.06629566103219986
train/reconstruction_weighted,31350.0,0.08034342527389526
train/reconstruction_weighted,31400.0,0.07443059235811234
train/reconstruction_weighted,31450.0,0.07120830565690994
train/reconstruction_weighted,31500.0,0.07512824237346649
train/reconstruction_weighted,31550.0,0.06862609088420868
train/reconstruction_weighted,31600.0,0.06813228875398636
train/reconstruction_weighted,31650.0,0.07216838002204895
train/reconstruction_weighted,31700.0,0.08143845945596695
train/reconstruction_weighted,31750.0,0.07832581549882889
train/reconstruction_weighted,31800.0,0.07222872227430344
train/reconstruction_weighted,31850.0,0.08156292140483856
train/reconstruction_weighted,31900.0,0.06988301128149033
train/reconstruction_weighted,31950.0,0.07909402251243591
train/reconstruction_weighted,32000.0,0.0749204009771347
train/reconstruction_weighted,32050.0,0.07296010851860046
train/reconstruction_weighted,32100.0,0.07650382071733475
train/reconstruction_weighted,32150.0,0.07226160168647766
train/reconstruction_weighted,32200.0,0.08107895404100418
train/reconstruction_weighted,32250.0,0.06588777899742126
train/reconstruction_weighted,32300.0,0.07647708058357239
train/reconstruction_weighted,32350.0,0.08381269872188568
train/reconstruction_weighted,32400.0,0.07726173847913742
train/reconstruction_weighted,32450.0,0.08204524219036102
train/reconstruction_weighted,32500.0,0.07260024547576904
train/reconstruction_weighted,32550.0,0.072357177734375
train/reconstruction_weighted,32600.0,0.07373591512441635
train/reconstruction_weighted,32650.0,0.069263756275177
train/reconstruction_weighted,32700.0,0.0701403021812439
train/reconstruction_weighted,32750.0,0.08244587481021881
train/reconstruction_weighted,32800.0,0.07216323912143707
train/reconstruction_weighted,32850.0,0.08012298494577408
train/reconstruction_weighted,32900.0,0.06729225814342499
train/reconstruction_weighted,32950.0,0.06790546327829361
train/reconstruction_weighted,33000.0,0.07316145300865173
train/reconstruction_weighted,33050.0,0.0812700018286705
train/reconstruction_weighted,33100.0,0.07864285260438919
train/reconstruction_weighted,33150.0,0.06750812381505966
train/reconstruction_weighted,33200.0,0.07844732701778412
train/reconstruction_weighted,33250.0,0.07694278657436371
train/reconstruction_weighted,33300.0,0.07427097111940384
train/reconstruction_weighted,33350.0,0.0791584849357605
train/reconstruction_weighted,33400.0,0.07814020663499832
train/reconstruction_weighted,33450.0,0.07624277472496033
train/reconstruction_weighted,33500.0,0.07478007674217224
train/reconstruction_weighted,33550.0,0.0835890993475914
train/reconstruction_weighted,33600.0,0.08571862429380417
train/reconstruction_weighted,33650.0,0.08257308602333069
train/reconstruction_weighted,33700.0,0.07285098731517792
train/reconstruction_weighted,33750.0,0.07167180627584457
train/reconstruction_weighted,33800.0,0.07996940612792969
train/reconstruction_weighted,33850.0,0.07362336665391922
train/reconstruction_weighted,33900.0,0.07053090631961823
train/reconstruction_weighted,33950.0,0.06667967140674591
train/reconstruction_weighted,34000.0,0.07615083456039429
train/reconstruction_weighted,34050.0,0.07096504420042038
train/reconstruction_weighted,34100.0,0.07465329021215439
train/reconstruction_weighted,34150.0,0.07995948195457458
train/reconstruction_weighted,34200.0,0.06956683844327927
train/reconstruction_weighted,34250.0,0.06645556539297104
train/reconstruction_weighted,34300.0,0.08462636172771454
train/reconstruction_weighted,34350.0,0.07488726079463959
train/reconstruction_weighted,34400.0,0.07714635133743286
train/reconstruction_weighted,34450.0,0.07744427025318146
train/reconstruction_weighted,34500.0,0.07064370810985565
train/reconstruction_weighted,34550.0,0.07117167115211487
train/reconstruction_weighted,34600.0,0.0813339501619339
train/reconstruction_weighted,34650.0,0.07638062536716461
train/reconstruction_weighted,34700.0,0.07342255115509033
train/reconstruction_weighted,34750.0,0.08789058029651642
train/reconstruction_weighted,34800.0,0.07376226782798767
train/reconstruction_weighted,34850.0,0.07883623242378235
train/reconstruction_weighted,34900.0,0.07607205212116241
train/reconstruction_weighted,34950.0,0.07503090798854828
train/reconstruction_weighted,35000.0,0.07168149948120117
train/reconstruction_weighted,35050.0,0.08163991570472717
train/reconstruction_weighted,35100.0,0.07384340465068817
train/reconstruction_weighted,35150.0,0.07057558745145798
train/reconstruction_weighted,35200.0,0.07093200087547302
train/reconstruction_weighted,35250.0,0.07763504981994629
train/reconstruction_weighted,35300.0,0.06895556300878525
train/reconstruction_weighted,35350.0,0.0763002261519432
train/reconstruction_weighted,35400.0,0.06571188569068909
train/reconstruction_weighted,35450.0,0.06505640596151352
train/reconstruction_weighted,35500.0,0.0781245082616806
train/reconstruction_weighted,35550.0,0.07708784937858582
train/reconstruction_weighted,35600.0,0.07627701014280319
train/reconstruction_weighted,35650.0,0.06791581213474274
train/reconstruction_weighted,35700.0,0.0775863453745842
train/reconstruction_weighted,35750.0,0.07305707037448883
train/reconstruction_weighted,35800.0,0.07306244224309921
train/reconstruction_weighted,35850.0,0.08014167845249176
train/reconstruction_weighted,35900.0,0.07624317705631256
train/reconstruction_weighted,35950.0,0.07602151483297348
train/reconstruction_weighted,36000.0,0.07465849816799164
train/reconstruction_weighted,36050.0,0.06996755301952362
train/reconstruction_weighted,36100.0,0.07352668046951294
train/reconstruction_weighted,36150.0,0.06490210443735123
train/reconstruction_weighted,36200.0,0.06900990009307861
train/reconstruction_weighted,36250.0,0.08204494416713715
train/reconstruction_weighted,36300.0,0.0806770771741867
train/reconstruction_weighted,36350.0,0.0853305384516716
train/reconstruction_weighted,36400.0,0.08833035826683044
train/reconstruction_weighted,36450.0,0.07145220786333084
train/reconstruction_weighted,36500.0,0.0731591135263443
train/reconstruction_weighted,36550.0,0.07594083249568939
train/reconstruction_weighted,36600.0,0.06917735934257507
train/reconstruction_weighted,36650.0,0.07403019070625305
train/reconstruction_weighted,36700.0,0.07505163550376892
train/reconstruction_weighted,36750.0,0.07326152920722961
train/reconstruction_weighted,36800.0,0.07640619575977325
train/reconstruction_weighted,36850.0,0.07185916602611542
train/reconstruction_weighted,36900.0,0.07244741171598434
train/reconstruction_weighted,36950.0,0.08290626108646393
train/reconstruction_weighted,37000.0,0.07784871011972427
train/reconstruction_weighted,37050.0,0.07687756419181824
train/reconstruction_weighted,37100.0,0.07770533114671707
train/reconstruction_weighted,37150.0,0.07048038393259048
train/reconstruction_weighted,37200.0,0.07812175154685974
train/reconstruction_weighted,37250.0,0.07473865896463394
train/reconstruction_weighted,37300.0,0.07728681713342667
train/reconstruction_weighted,37350.0,0.06703387945890427
train/reconstruction_weighted,37400.0,0.07153269648551941
train/reconstruction_weighted,37450.0,0.07129110395908356
train/reconstruction_weighted,37500.0,0.07651498168706894
train/reconstruction_weighted,37550.0,0.07080542296171188
train/reconstruction_weighted,37600.0,0.07825043797492981
train/reconstruction_weighted,37650.0,0.07078081369400024
train/reconstruction_weighted,37700.0,0.07152403146028519
train/reconstruction_weighted,37750.0,0.06741945445537567
train/reconstruction_weighted,37800.0,0.07565402239561081
train/reconstruction_weighted,37850.0,0.07215845584869385
train/reconstruction_weighted,37900.0,0.0742713212966919
train/reconstruction_weighted,37950.0,0.07686777412891388
train/reconstruction_weighted,38000.0,0.07393153011798859
train/reconstruction_weighted,38050.0,0.07165948301553726
train/reconstruction_weighted,38100.0,0.06528440862894058
train/reconstruction_weighted,38150.0,0.07191616296768188
train/reconstruction_weighted,38200.0,0.07059536874294281
train/reconstruction_weighted,38250.0,0.07974974811077118
train/reconstruction_weighted,38300.0,0.06778416037559509
train/reconstruction_weighted,38350.0,0.07513901591300964
train/reconstruction_weighted,38400.0,0.07259039580821991
train/reconstruction_weighted,38450.0,0.07460469752550125
train/reconstruction_weighted,38500.0,0.07164056599140167
train/reconstruction_weighted,38550.0,0.07797328382730484
train/reconstruction_weighted,38600.0,0.0787241980433464
train/reconstruction_weighted,38650.0,0.07825212180614471
train/reconstruction_weighted,38700.0,0.07839025557041168
train/reconstruction_weighted,38750.0,0.06388217210769653
train/reconstruction_weighted,38800.0,0.07486359775066376
train/reconstruction_weighted,38850.0,0.07168862223625183
train/reconstruction_weighted,38900.0,0.07064712047576904
train/reconstruction_weighted,38950.0,0.06985051929950714
train/reconstruction_weighted,39000.0,0.07719150930643082
train/reconstruction_weighted,39050.0,0.078174889087677
train/reconstruction_weighted,39100.0,0.07457123696804047
train/reconstruction_weighted,39150.0,0.06928239017724991
train/reconstruction_weighted,39200.0,0.07549187541007996
train/reconstruction_weighted,39250.0,0.07261697947978973
train/reconstruction_weighted,39300.0,0.07451089471578598
train/reconstruction_weighted,39350.0,0.07665782421827316
train/reconstruction_weighted,39400.0,0.071734219789505
train/reconstruction_weighted,39450.0,0.07915973663330078
train/reconstruction_weighted,39500.0,0.0787695124745369
train/reconstruction_weighted,39550.0,0.06848685443401337
train/reconstruction_weighted,39600.0,0.07385392487049103
train/reconstruction_weighted,39650.0,0.0723983496427536
train/reconstruction_weighted,39700.0,0.06961289048194885
train/reconstruction_weighted,39750.0,0.07782869040966034
train/reconstruction_weighted,39800.0,0.07613356411457062
train/reconstruction_weighted,39850.0,0.07168667763471603
train/reconstruction_weighted,39900.0,0.07565812021493912
train/reconstruction_weighted,39950.0,0.0807962641119957
train/reconstruction_weighted,40000.0,0.07148996740579605
train/reconstruction_weighted,40050.0,0.06752850860357285
train/reconstruction_weighted,40100.0,0.06618206202983856
train/reconstruction_weighted,40150.0,0.07579469680786133
train/reconstruction_weighted,40200.0,0.06894046068191528
train/reconstruction_weighted,40250.0,0.07491309195756912
train/reconstruction_weighted,40300.0,0.079636350274086
train/reconstruction_weighted,40350.0,0.07532114535570145
train/reconstruction_weighted,40400.0,0.07494086027145386
train/reconstruction_weighted,40450.0,0.07818622887134552
train/reconstruction_weighted,40500.0,0.08348681032657623
train/reconstruction_weighted,40550.0,0.07886593788862228
train/reconstruction_weighted,40600.0,0.07192867994308472
train/reconstruction_weighted,40650.0,0.08259754627943039
train/reconstruction_weighted,40700.0,0.07849337160587311
train/reconstruction_weighted,40750.0,0.07344798743724823
train/reconstruction_weighted,40800.0,0.07822927832603455
train/reconstruction_weighted,40850.0,0.07478130608797073
train/reconstruction_weighted,40900.0,0.07044145464897156
train/reconstruction_weighted,40950.0,0.07309621572494507
train/reconstruction_weighted,41000.0,0.07337255775928497
train/reconstruction_weighted,41050.0,0.07604214549064636
train/reconstruction_weighted,41100.0,0.0732988491654396
train/reconstruction_weighted,41150.0,0.06966733932495117
train/reconstruction_weighted,41200.0,0.07056756317615509
train/reconstruction_weighted,41250.0,0.07288375496864319
train/reconstruction_weighted,41300.0,0.07690529525279999
train/reconstruction_weighted,41350.0,0.06971053779125214
train/reconstruction_weighted,41400.0,0.072854183614254
train/reconstruction_weighted,41450.0,0.0691150575876236
train/reconstruction_weighted,41500.0,0.0758129432797432
train/reconstruction_weighted,41550.0,0.07531508058309555
train/reconstruction_weighted,41600.0,0.0813080444931984
train/reconstruction_weighted,41650.0,0.0792941078543663
train/reconstruction_weighted,41700.0,0.07359817624092102
train/reconstruction_weighted,41750.0,0.07331322133541107
train/reconstruction_weighted,41800.0,0.07566028833389282
train/reconstruction_weighted,41850.0,0.06865866482257843
train/reconstruction_weighted,41900.0,0.07043139636516571
train/reconstruction_weighted,41950.0,0.07542319595813751
train/reconstruction_weighted,42000.0,0.07217198610305786
train/reconstruction_weighted,42050.0,0.07053682208061218
train/reconstruction_weighted,42100.0,0.07770702242851257
train/reconstruction_weighted,42150.0,0.07679831981658936
train/reconstruction_weighted,42200.0,0.07544425129890442
train/reconstruction_weighted,42250.0,0.07449112832546234
train/reconstruction_weighted,42300.0,0.07326969504356384
train/reconstruction_weighted,42350.0,0.07791894674301147
train/reconstruction_weighted,42400.0,0.07489461451768875
train/reconstruction_weighted,42450.0,0.07191130518913269
train/reconstruction_weighted,42500.0,0.07377694547176361
train/reconstruction_weighted,42550.0,0.06938065588474274
train/reconstruction_weighted,42600.0,0.07566769421100616
train/reconstruction_weighted,42650.0,0.07129571586847305
train/reconstruction_weighted,42700.0,0.07475240528583527
train/reconstruction_weighted,42750.0,0.06662395596504211
train/reconstruction_weighted,42800.0,0.0710563063621521
train/reconstruction_weighted,42850.0,0.06440666317939758
train/reconstruction_weighted,42900.0,0.07141093909740448
train/reconstruction_weighted,42950.0,0.07454440742731094
train/reconstruction_weighted,43000.0,0.07776851207017899
train/reconstruction_weighted,43050.0,0.06981446593999863
train/reconstruction_weighted,43100.0,0.0676131621003151
train/reconstruction_weighted,43150.0,0.06739310920238495
train/reconstruction_weighted,43200.0,0.076209157705307
train/reconstruction_weighted,43250.0,0.07429742068052292
train/reconstruction_weighted,43300.0,0.07640870660543442
train/reconstruction_weighted,43350.0,0.060026444494724274
train/reconstruction_weighted,43400.0,0.0728071928024292
train/reconstruction_weighted,43450.0,0.08359301090240479
train/reconstruction_weighted,43500.0,0.0806502103805542
train/reconstruction_weighted,43550.0,0.07606954872608185
train/reconstruction_weighted,43600.0,0.07443486154079437
train/reconstruction_weighted,43650.0,0.07423054426908493
train/reconstruction_weighted,43700.0,0.0732068419456482
train/reconstruction_weighted,43750.0,0.07492315769195557
train/reconstruction_weighted,43800.0,0.07637673616409302
train/reconstruction_weighted,43850.0,0.0679006576538086
train/reconstruction_weighted,43900.0,0.08663440495729446
train/reconstruction_weighted,43950.0,0.07866217941045761
train/reconstruction_weighted,44000.0,0.07838843762874603
train/reconstruction_weighted,44050.0,0.06933523714542389
train/reconstruction_weighted,44100.0,0.07235027849674225
train/reconstruction_weighted,44150.0,0.07719303667545319
train/reconstruction_weighted,44200.0,0.0731569156050682
train/reconstruction_weighted,44250.0,0.07659995555877686
train/reconstruction_weighted,44300.0,0.0741521343588829
train/reconstruction_weighted,44350.0,0.07389352470636368
train/reconstruction_weighted,44400.0,0.07403889298439026
train/reconstruction_weighted,44450.0,0.07384678721427917
train/reconstruction_weighted,44500.0,0.07212609797716141
train/reconstruction_weighted,44550.0,0.08042165637016296
train/reconstruction_weighted,44600.0,0.0756034255027771
train/reconstruction_weighted,44650.0,0.07729548215866089
train/reconstruction_weighted,44700.0,0.07524292916059494
train/reconstruction_weighted,44750.0,0.07631279528141022
train/reconstruction_weighted,44800.0,0.07658335566520691
train/reconstruction_weighted,44850.0,0.07465939223766327
train/reconstruction_weighted,44900.0,0.0769839882850647
train/reconstruction_weighted,44950.0,0.07087254524230957
train/reconstruction_weighted,45000.0,0.07563410699367523
train/reconstruction_weighted,45050.0,0.0703468918800354
train/reconstruction_weighted,45100.0,0.08016663044691086
train/reconstruction_weighted,45150.0,0.0720485970377922
train/reconstruction_weighted,45200.0,0.08084502071142197
train/reconstruction_weighted,45250.0,0.072418212890625
train/reconstruction_weighted,45300.0,0.0604940690100193
train/reconstruction_weighted,45350.0,0.0752863734960556
train/reconstruction_weighted,45400.0,0.06613501906394958
train/reconstruction_weighted,45450.0,0.07401720434427261
train/reconstruction_weighted,45500.0,0.07635209709405899
train/reconstruction_weighted,45550.0,0.07038628309965134
train/reconstruction_weighted,45600.0,0.07592838257551193
train/reconstruction_weighted,45650.0,0.07659135013818741
train/reconstruction_weighted,45700.0,0.0826931893825531
train/reconstruction_weighted,45750.0,0.06636890769004822
train/reconstruction_weighted,45800.0,0.07020657509565353
train/reconstruction_weighted,45850.0,0.08281637728214264
train/reconstruction_weighted,45900.0,0.0716230571269989
train/reconstruction_weighted,45950.0,0.07228037714958191
train/reconstruction_weighted,46000.0,0.08015348017215729
train/reconstruction_weighted,46050.0,0.07630874216556549
train/reconstruction_weighted,46100.0,0.07851824164390564
train/reconstruction_weighted,46150.0,0.06403335183858871
train/reconstruction_weighted,46200.0,0.07609960436820984
train/reconstruction_weighted,46250.0,0.07710525393486023
train/reconstruction_weighted,46300.0,0.0663081705570221
train/reconstruction_weighted,46350.0,0.07438667118549347
train/reconstruction_weighted,46400.0,0.07862530648708344
train/reconstruction_weighted,46450.0,0.06651787459850311
train/reconstruction_weighted,46500.0,0.07389035820960999
train/reconstruction_weighted,46550.0,0.07713550329208374
train/reconstruction_weighted,46600.0,0.07314717769622803
train/reconstruction_weighted,46650.0,0.07777821272611618
train/reconstruction_weighted,46700.0,0.07174815237522125
train/reconstruction_weighted,46750.0,0.06163547933101654
train/reconstruction_weighted,46800.0,0.06936903297901154
train/reconstruction_weighted,46850.0,0.07441302388906479
train/reconstruction_weighted,46900.0,0.08538207411766052
train/reconstruction_weighted,46950.0,0.07435779273509979
train/reconstruction_weighted,47000.0,0.07900048792362213
train/reconstruction_weighted,47050.0,0.06797816604375839
train/reconstruction_weighted,47100.0,0.07545773684978485
train/reconstruction_weighted,47150.0,0.06469555199146271
train/reconstruction_weighted,47200.0,0.06812797486782074
train/reconstruction_weighted,47250.0,0.07920382916927338
train/reconstruction_weighted,47300.0,0.07118172198534012
train/reconstruction_weighted,47350.0,0.07241561263799667
train/reconstruction_weighted,47400.0,0.07372485101222992
train/reconstruction_weighted,47450.0,0.07344388961791992
train/reconstruction_weighted,47500.0,0.07470005750656128
train/reconstruction_weighted,47550.0,0.07573717087507248
train/reconstruction_weighted,47600.0,0.079196035861969
train/reconstruction_weighted,47650.0,0.0729709267616272
train/reconstruction_weighted,47700.0,0.07345730811357498
train/reconstruction_weighted,47750.0,0.07977334409952164
train/reconstruction_weighted,47800.0,0.06917497515678406
train/reconstruction_weighted,47850.0,0.0681435614824295
train/reconstruction_weighted,47900.0,0.06936047971248627
train/reconstruction_weighted,47950.0,0.06604860723018646
train/reconstruction_weighted,48000.0,0.07558251917362213
train/reconstruction_weighted,48050.0,0.06516235321760178
train/reconstruction_weighted,48100.0,0.07306960970163345
train/reconstruction_weighted,48150.0,0.07504884153604507
train/reconstruction_weighted,48200.0,0.07328826189041138
train/reconstruction_weighted,48250.0,0.07583975791931152
train/reconstruction_weighted,48300.0,0.06499357521533966
train/reconstruction_weighted,48350.0,0.07542672753334045
train/reconstruction_weighted,48400.0,0.07943041622638702
train/reconstruction_weighted,48450.0,0.07608909904956818
train/reconstruction_weighted,48500.0,0.0831577330827713
train/reconstruction_weighted,48550.0,0.07452905923128128
train/reconstruction_weighted,48600.0,0.07500946521759033
train/reconstruction_weighted,48650.0,0.06880974769592285
train/reconstruction_weighted,48700.0,0.06638740003108978
train/reconstruction_weighted,48750.0,0.07503113895654678
train/reconstruction_weighted,48800.0,0.08001615107059479
train/reconstruction_weighted,48850.0,0.0788872018456459
train/reconstruction_weighted,48900.0,0.08088414371013641
train/reconstruction_weighted,48950.0,0.07118159532546997
train/reconstruction_weighted,49000.0,0.08243991434574127
train/reconstruction_weighted,49050.0,0.07126417756080627
train/reconstruction_weighted,49100.0,0.07436166703701019
train/reconstruction_weighted,49150.0,0.06957293301820755
train/reconstruction_weighted,49200.0,0.06698902696371078
train/reconstruction_weighted,49250.0,0.07048456370830536
train/reconstruction_weighted,49300.0,0.0756419450044632
train/reconstruction_weighted,49350.0,0.07523632049560547
train/reconstruction_weighted,49400.0,0.07729648053646088
train/reconstruction_weighted,49450.0,0.07752756774425507
train/reconstruction_weighted,49500.0,0.07517483830451965
train/reconstruction_weighted,49550.0,0.0670672059059143
train/reconstruction_weighted,49600.0,0.07270511984825134
train/reconstruction_weighted,49650.0,0.07984896004199982
train/reconstruction_weighted,49700.0,0.06586836278438568
train/reconstruction_weighted,49750.0,0.08025174587965012
train/reconstruction_weighted,49800.0,0.07759566605091095
train/reconstruction_weighted,49850.0,0.0702616423368454
train/reconstruction_weighted,49900.0,0.07022728770971298
train/reconstruction_weighted,49950.0,0.07591047883033752
train/reconstruction_weighted,50000.0,0.07170984148979187
train/reconstruction_weighted,50050.0,0.06298061460256577
train/reconstruction_weighted,50100.0,0.07148231565952301
train/reconstruction_weighted,50150.0,0.0638342946767807
train/reconstruction_weighted,50200.0,0.0753079205751419
train/reconstruction_weighted,50250.0,0.07425449788570404
train/reconstruction_weighted,50300.0,0.0725921168923378
train/reconstruction_weighted,50350.0,0.07014799863100052
train/reconstruction_weighted,50400.0,0.0788160189986229
train/reconstruction_weighted,50450.0,0.07360947132110596
train/reconstruction_weighted,50500.0,0.07405611872673035
train/reconstruction_weighted,50550.0,0.07749126106500626
train/reconstruction_weighted,50600.0,0.0671481266617775
train/reconstruction_weighted,50650.0,0.07290809601545334
train/reconstruction_weighted,50700.0,0.07815992832183838
train/reconstruction_weighted,50750.0,0.07805788516998291
train/reconstruction_weighted,50800.0,0.07048743218183517
train/reconstruction_weighted,50850.0,0.07564093172550201
train/reconstruction_weighted,50900.0,0.06230099871754646
train/reconstruction_weighted,50950.0,0.07835354655981064
train/reconstruction_weighted,51000.0,0.07256446778774261
train/reconstruction_weighted,51050.0,0.06838632375001907
train/reconstruction_weighted,51100.0,0.0692264512181282
train/reconstruction_weighted,51150.0,0.07765675336122513
train/reconstruction_weighted,51200.0,0.06991617381572723
train/reconstruction_weighted,51250.0,0.07677653431892395
train/reconstruction_weighted,51300.0,0.07752449810504913
train/reconstruction_weighted,51350.0,0.08400256186723709
train/reconstruction_weighted,51400.0,0.07303188741207123
train/reconstruction_weighted,51450.0,0.07455436140298843
train/reconstruction_weighted,51500.0,0.07042016088962555
train/reconstruction_weighted,51550.0,0.07187428325414658
train/reconstruction_weighted,51600.0,0.07698649168014526
train/reconstruction_weighted,51650.0,0.07440868020057678
train/reconstruction_weighted,51700.0,0.060341935604810715
train/reconstruction_weighted,51750.0,0.07910073548555374
train/reconstruction_weighted,51800.0,0.06686472147703171
train/reconstruction_weighted,51850.0,0.06853087246417999
train/reconstruction_weighted,51900.0,0.07205645740032196
train/reconstruction_weighted,51950.0,0.06553580611944199
train/reconstruction_weighted,52000.0,0.0687977746129036
train/reconstruction_weighted,52050.0,0.06873932480812073
train/reconstruction_weighted,52100.0,0.07518810033798218
train/reconstruction_weighted,52150.0,0.06817462295293808
train/reconstruction_weighted,52200.0,0.07161540538072586
train/reconstruction_weighted,52250.0,0.07668832689523697
train/reconstruction_weighted,52300.0,0.07885214686393738
train/reconstruction_weighted,52350.0,0.07039415836334229
train/reconstruction_weighted,52400.0,0.07699451595544815
train/reconstruction_weighted,52450.0,0.0658881813287735
train/reconstruction_weighted,52500.0,0.07468535006046295
train/reconstruction_weighted,52550.0,0.062061380594968796
train/reconstruction_weighted,52600.0,0.07260395586490631
train/reconstruction_weighted,52650.0,0.06904572248458862
train/reconstruction_weighted,52700.0,0.08022592216730118
train/reconstruction_weighted,52750.0,0.06797624379396439
train/reconstruction_weighted,52800.0,0.07586462050676346
train/reconstruction_weighted,52850.0,0.07023804634809494
train/reconstruction_weighted,52900.0,0.0683019757270813
train/reconstruction_weighted,52950.0,0.06706223636865616
train/reconstruction_weighted,53000.0,0.0741073340177536
train/reconstruction_weighted,53050.0,0.0738397091627121
train/reconstruction_weighted,53100.0,0.06915123015642166
train/reconstruction_weighted,53150.0,0.07605278491973877
train/reconstruction_weighted,53200.0,0.07219092547893524
train/reconstruction_weighted,53250.0,0.08233990520238876
train/reconstruction_weighted,53300.0,0.06722813099622726
train/reconstruction_weighted,53350.0,0.07280442863702774
train/reconstruction_weighted,53400.0,0.07497130334377289
train/reconstruction_weighted,53450.0,0.07017917931079865
train/reconstruction_weighted,53500.0,0.07056882232427597
train/reconstruction_weighted,53550.0,0.07518131285905838
train/reconstruction_weighted,53600.0,0.07649368792772293
train/reconstruction_weighted,53650.0,0.07268702983856201
train/reconstruction_weighted,53700.0,0.07612794637680054
train/reconstruction_weighted,53750.0,0.06451741605997086
train/reconstruction_weighted,53800.0,0.07563188672065735
train/reconstruction_weighted,53850.0,0.07058392465114594
train/reconstruction_weighted,53900.0,0.07823032885789871
train/reconstruction_weighted,53950.0,0.07663056254386902
train/reconstruction_weighted,54000.0,0.06802570819854736
train/reconstruction_weighted,54050.0,0.07623777538537979
train/reconstruction_weighted,54100.0,0.07052326947450638
train/reconstruction_weighted,54150.0,0.07724017649888992
train/reconstruction_weighted,54200.0,0.07111114263534546
train/reconstruction_weighted,54250.0,0.07657429575920105
train/reconstruction_weighted,54300.0,0.07956197112798691
train/reconstruction_weighted,54350.0,0.07429812848567963
train/reconstruction_weighted,54400.0,0.07460761815309525
train/reconstruction_weighted,54450.0,0.0733122006058693
train/reconstruction_weighted,54500.0,0.07147031277418137
train/reconstruction_weighted,54550.0,0.07526209205389023
train/reconstruction_weighted,54600.0,0.07303906977176666
train/reconstruction_weighted,54650.0,0.07018657773733139
train/reconstruction_weighted,54700.0,0.07513382285833359
train/reconstruction_weighted,54750.0,0.07718944549560547
train/reconstruction_weighted,54800.0,0.07592212408781052
train/reconstruction_weighted,54850.0,0.07602420449256897
train/reconstruction_weighted,54900.0,0.07196688652038574
train/reconstruction_weighted,54950.0,0.06918264925479889
train/reconstruction_weighted,55000.0,0.07793616503477097
train/reconstruction_weighted,55050.0,0.0827270895242691
train/reconstruction_weighted,55100.0,0.0784834772348404
train/reconstruction_weighted,55150.0,0.07266953587532043
train/reconstruction_weighted,55200.0,0.07471182197332382
train/reconstruction_weighted,55250.0,0.06968285143375397
train/reconstruction_weighted,55300.0,0.07333359122276306
train/reconstruction_weighted,55350.0,0.0643184706568718
train/reconstruction_weighted,55400.0,0.07261931896209717
train/reconstruction_weighted,55450.0,0.07128474116325378
train/reconstruction_weighted,55500.0,0.06730826199054718
train/reconstruction_weighted,55550.0,0.07742197066545486
train/reconstruction_weighted,55600.0,0.07765696942806244
train/reconstruction_weighted,55650.0,0.07277709245681763
train/reconstruction_weighted,55700.0,0.07165835052728653
train/reconstruction_weighted,55750.0,0.07098773121833801
train/reconstruction_weighted,55800.0,0.08015528321266174
train/reconstruction_weighted,55850.0,0.07013266533613205
train/reconstruction_weighted,55900.0,0.08402922749519348
train/reconstruction_weighted,55950.0,0.06418593227863312
train/reconstruction_weighted,56000.0,0.0687006413936615
train/reconstruction_weighted,56050.0,0.07808485627174377
train/reconstruction_weighted,56100.0,0.07794642448425293
train/reconstruction_weighted,56150.0,0.07594199478626251
train/reconstruction_weighted,56200.0,0.07101209461688995
train/reconstruction_weighted,56250.0,0.07637657970190048
train/reconstruction_weighted,56300.0,0.07832556217908859
train/reconstruction_weighted,56350.0,0.06759529560804367
train/reconstruction_weighted,56400.0,0.0714757889509201
train/reconstruction_weighted,56450.0,0.07432398200035095
train/reconstruction_weighted,56500.0,0.0713927373290062
train/reconstruction_weighted,56550.0,0.08145122975111008
train/reconstruction_weighted,56600.0,0.08067259937524796
train/reconstruction_weighted,56650.0,0.07896362245082855
train/reconstruction_weighted,56700.0,0.07684502750635147
train/reconstruction_weighted,56750.0,0.07575377076864243
train/reconstruction_weighted,56800.0,0.06550686061382294
train/reconstruction_weighted,56850.0,0.06973356008529663
train/reconstruction_weighted,56900.0,0.08179259300231934
train/reconstruction_weighted,56950.0,0.06933505833148956
train/reconstruction_weighted,57000.0,0.08126424998044968
train/reconstruction_weighted,57050.0,0.06877831369638443
train/reconstruction_weighted,57100.0,0.07168972492218018
train/reconstruction_weighted,57150.0,0.06545285880565643
train/reconstruction_weighted,57200.0,0.07621270418167114
train/reconstruction_weighted,57250.0,0.07212583720684052
train/reconstruction_weighted,57300.0,0.07261653244495392
train/reconstruction_weighted,57350.0,0.07109706848859787
train/reconstruction_weighted,57400.0,0.07775810360908508
train/reconstruction_weighted,57450.0,0.07474179565906525
train/reconstruction_weighted,57500.0,0.07171459496021271
train/reconstruction_weighted,57550.0,0.06974450498819351
train/reconstruction_weighted,57600.0,0.07129773497581482
train/reconstruction_weighted,57650.0,0.07787954062223434
train/reconstruction_weighted,57700.0,0.079744853079319
train/reconstruction_weighted,57750.0,0.06800765544176102
train/reconstruction_weighted,57800.0,0.08165568858385086
train/reconstruction_weighted,57850.0,0.06855525076389313
train/reconstruction_weighted,57900.0,0.06852933019399643
train/reconstruction_weighted,57950.0,0.06880591809749603
train/reconstruction_weighted,58000.0,0.0697435662150383
train/reconstruction_weighted,58050.0,0.07722252607345581
train/reconstruction_weighted,58100.0,0.07433900237083435
train/reconstruction_weighted,58150.0,0.07325513660907745
train/reconstruction_weighted,58200.0,0.07455825060606003
train/reconstruction_weighted,58250.0,0.0736316442489624
train/reconstruction_weighted,58300.0,0.0673583373427391
train/reconstruction_weighted,58350.0,0.06856469810009003
train/reconstruction_weighted,58400.0,0.07988305389881134
train/reconstruction_weighted,58450.0,0.06746996194124222
train/reconstruction_weighted,58500.0,0.07375950366258621
train/reconstruction_weighted,58550.0,0.07219916582107544
train/reconstruction_weighted,58600.0,0.06809896975755692
train/reconstruction_weighted,58650.0,0.07543432712554932
train/reconstruction_weighted,58700.0,0.06757382303476334
train/reconstruction_weighted,58750.0,0.0772797092795372
train/reconstruction_weighted,58800.0,0.06723398715257645
train/reconstruction_weighted,58850.0,0.07671542465686798
train/reconstruction_weighted,58900.0,0.06844986975193024
train/reconstruction_weighted,58950.0,0.06439603120088577
train/reconstruction_weighted,59000.0,0.07162589579820633
train/reconstruction_weighted,59050.0,0.06746111810207367
train/reconstruction_weighted,59100.0,0.06767278909683228
train/reconstruction_weighted,59150.0,0.07223089039325714
train/reconstruction_weighted,59200.0,0.07396893203258514
train/reconstruction_weighted,59250.0,0.07485872507095337
train/reconstruction_weighted,59300.0,0.07609310746192932
train/reconstruction_weighted,59350.0,0.08482121676206589
train/reconstruction_weighted,59400.0,0.07346059381961823
train/reconstruction_weighted,59450.0,0.07766731083393097
train/reconstruction_weighted,59500.0,0.0761275365948677
train/reconstruction_weighted,59550.0,0.06990200281143188
train/reconstruction_weighted,59600.0,0.07168126851320267
train/reconstruction_weighted,59650.0,0.06352902948856354
train/reconstruction_weighted,59700.0,0.07275323569774628
train/reconstruction_weighted,59750.0,0.0757366344332695
train/reconstruction_weighted,59800.0,0.07164546847343445
train/reconstruction_weighted,59850.0,0.06845521181821823
train/reconstruction_weighted,59900.0,0.0735272690653801
train/reconstruction_weighted,59950.0,0.07050339877605438
train/reconstruction_weighted,60000.0,0.06972280889749527
train/reconstruction_weighted,60050.0,0.07421818375587463
train/reconstruction_weighted,60100.0,0.07407533377408981
train/reconstruction_weighted,60150.0,0.07211032509803772
train/reconstruction_weighted,60200.0,0.07219836115837097
train/reconstruction_weighted,60250.0,0.0684632733464241
train/reconstruction_weighted,60300.0,0.06419582664966583
train/reconstruction_weighted,60350.0,0.06665807962417603
train/reconstruction_weighted,60400.0,0.06686361879110336
train/reconstruction_weighted,60450.0,0.07878319919109344
train/reconstruction_weighted,60500.0,0.06841441988945007
train/reconstruction_weighted,60550.0,0.07117032259702682
train/reconstruction_weighted,60600.0,0.07624202966690063
train/reconstruction_weighted,60650.0,0.0786457508802414
train/reconstruction_weighted,60700.0,0.06835928559303284
train/reconstruction_weighted,60750.0,0.0730365663766861
train/reconstruction_weighted,60800.0,0.07594913244247437
train/reconstruction_weighted,60850.0,0.07585237920284271
train/reconstruction_weighted,60900.0,0.07609054446220398
train/reconstruction_weighted,60950.0,0.0680406466126442
train/reconstruction_weighted,61000.0,0.06623492389917374
train/reconstruction_weighted,61050.0,0.07392725348472595
train/reconstruction_weighted,61100.0,0.08372384309768677
train/reconstruction_weighted,61150.0,0.07253783941268921
train/reconstruction_weighted,61200.0,0.07508255541324615
train/reconstruction_weighted,61250.0,0.06972595304250717
train/reconstruction_weighted,61300.0,0.07861899584531784
train/reconstruction_weighted,61350.0,0.0654221922159195
train/reconstruction_weighted,61400.0,0.07555892318487167
train/reconstruction_weighted,61450.0,0.07585491240024567
train/reconstruction_weighted,61500.0,0.07924831658601761
train/reconstruction_weighted,61550.0,0.07150590419769287
train/reconstruction_weighted,61600.0,0.07442623376846313
train/reconstruction_weighted,61650.0,0.07560581713914871
train/reconstruction_weighted,61700.0,0.0747884213924408
train/reconstruction_weighted,61750.0,0.0708591565489769
train/reconstruction_weighted,61800.0,0.0754270851612091
train/reconstruction_weighted,61850.0,0.07561150938272476
train/reconstruction_weighted,61900.0,0.07660944759845734
train/reconstruction_weighted,61950.0,0.07666615396738052
train/reconstruction_weighted,62000.0,0.07363498955965042
train/reconstruction_weighted,62050.0,0.07667289674282074
train/reconstruction_weighted,62100.0,0.07798400521278381
train/reconstruction_weighted,62150.0,0.07241186499595642
train/reconstruction_weighted,62200.0,0.06977757066488266
train/reconstruction_weighted,62250.0,0.07434225082397461
train/reconstruction_weighted,62300.0,0.07047761231660843
train/reconstruction_weighted,62350.0,0.08396761119365692
train/reconstruction_weighted,62400.0,0.06616290658712387
train/reconstruction_weighted,62450.0,0.07224249839782715
train/reconstruction_weighted,62500.0,0.0817236602306366
train/reconstruction_weighted,62550.0,0.07843326032161713
train/reconstruction_weighted,62600.0,0.07187215983867645
train/reconstruction_weighted,62650.0,0.07547469437122345
train/reconstruction_weighted,62700.0,0.0759032666683197
train/reconstruction_weighted,62750.0,0.07843385636806488
train/reconstruction_weighted,62800.0,0.06624723970890045
train/reconstruction_weighted,62850.0,0.0687415823340416
train/reconstruction_weighted,62900.0,0.07039777934551239
train/reconstruction_weighted,62950.0,0.08131662756204605
train/reconstruction_weighted,63000.0,0.07628271728754044
train/reconstruction_weighted,63050.0,0.07386817038059235
train/reconstruction_weighted,63100.0,0.07139315456151962
train/reconstruction_weighted,63150.0,0.06624394655227661
train/reconstruction_weighted,63200.0,0.06752949208021164
train/reconstruction_weighted,63250.0,0.06190582364797592
train/reconstruction_weighted,63300.0,0.07262493669986725
train/reconstruction_weighted,63350.0,0.071754589676857
train/reconstruction_weighted,63400.0,0.07198992371559143
train/reconstruction_weighted,63450.0,0.07260286062955856
train/reconstruction_weighted,63500.0,0.07169649004936218
train/reconstruction_weighted,63550.0,0.07573279738426208
train/reconstruction_weighted,63600.0,0.07697336375713348
train/reconstruction_weighted,63650.0,0.0727996677160263
train/reconstruction_weighted,63700.0,0.06774519383907318
train/reconstruction_weighted,63750.0,0.07338973879814148
train/reconstruction_weighted,63800.0,0.0683145672082901
train/reconstruction_weighted,63850.0,0.07469252496957779
train/reconstruction_weighted,63900.0,0.07651212811470032
train/reconstruction_weighted,63950.0,0.08090364933013916
train/reconstruction_weighted,64000.0,0.0711851418018341
train/reconstruction_weighted,64050.0,0.07639181613922119
train/reconstruction_weighted,64100.0,0.07113917171955109
train/reconstruction_weighted,64150.0,0.07408469915390015
train/reconstruction_weighted,64200.0,0.06701622903347015
train/reconstruction_weighted,64250.0,0.07471802085638046
train/reconstruction_weighted,64300.0,0.07872241735458374
train/reconstruction_weighted,64350.0,0.06445851176977158
train/reconstruction_weighted,64400.0,0.07183213531970978
train/reconstruction_weighted,64450.0,0.07292699813842773
train/reconstruction_weighted,64500.0,0.07339999824762344
train/reconstruction_weighted,64550.0,0.06784363836050034
train/reconstruction_weighted,64600.0,0.07357189059257507
train/reconstruction_weighted,64650.0,0.06834663450717926
train/reconstruction_weighted,64700.0,0.06935764849185944
train/reconstruction_weighted,64750.0,0.06737631559371948
train/reconstruction_weighted,64800.0,0.06697317212820053
train/reconstruction_weighted,64850.0,0.07592446357011795
train/reconstruction_weighted,64900.0,0.07097421586513519
train/reconstruction_weighted,64950.0,0.07479985058307648
train/reconstruction_weighted,65000.0,0.07245369255542755
train/reconstruction_weighted,65050.0,0.0722212865948677
train/reconstruction_weighted,65100.0,0.0774674117565155
train/reconstruction_weighted,65150.0,0.07265045493841171
train/reconstruction_weighted,65200.0,0.07826073467731476
train/reconstruction_weighted,65250.0,0.07068534195423126
train/reconstruction_weighted,65300.0,0.0742146447300911
train/reconstruction_weighted,65350.0,0.06456023454666138
train/reconstruction_weighted,65400.0,0.07314503192901611
train/reconstruction_weighted,65450.0,0.07823379337787628
train/reconstruction_weighted,65500.0,0.06568950414657593
train/reconstruction_weighted,65550.0,0.07632046937942505
train/reconstruction_weighted,65600.0,0.0710509717464447
train/reconstruction_weighted,65650.0,0.07567271590232849
train/reconstruction_weighted,65700.0,0.07890553027391434
train/reconstruction_weighted,65750.0,0.06861874461174011
train/reconstruction_weighted,65800.0,0.07372124493122101
train/reconstruction_weighted,65850.0,0.07602893561124802
train/reconstruction_weighted,65900.0,0.0770699679851532
train/reconstruction_weighted,65950.0,0.07910103350877762
train/reconstruction_weighted,66000.0,0.06679713726043701
train/reconstruction_weighted,66050.0,0.06761632114648819
train/reconstruction_weighted,66100.0,0.07746603339910507
train/reconstruction_weighted,66150.0,0.07785774767398834
train/reconstruction_weighted,66200.0,0.06900180876255035
train/reconstruction_weighted,66250.0,0.07497140765190125
train/reconstruction_weighted,66300.0,0.07251183688640594
train/reconstruction_weighted,66350.0,0.07247250527143478
train/reconstruction_weighted,66400.0,0.07236162573099136
train/reconstruction_weighted,66450.0,0.07899311184883118
train/reconstruction_weighted,66500.0,0.0740913599729538
train/reconstruction_weighted,66550.0,0.07463293522596359
train/reconstruction_weighted,66600.0,0.07200098037719727
train/reconstruction_weighted,66650.0,0.07502014935016632
train/reconstruction_weighted,66700.0,0.06812259554862976
train/reconstruction_weighted,66750.0,0.07326452434062958
train/reconstruction_weighted,66800.0,0.07529298216104507
train/reconstruction_weighted,66850.0,0.06398665904998779
train/reconstruction_weighted,66900.0,0.07223823666572571
train/reconstruction_weighted,66950.0,0.07246550917625427
train/reconstruction_weighted,67000.0,0.07399514317512512
train/reconstruction_weighted,67050.0,0.07257469743490219
train/reconstruction_weighted,67100.0,0.07227083295583725
train/reconstruction_weighted,67150.0,0.07140906900167465
train/reconstruction_weighted,67200.0,0.07320249825716019
train/reconstruction_weighted,67250.0,0.08141520619392395
train/reconstruction_weighted,67300.0,0.07391920685768127
train/reconstruction_weighted,67350.0,0.07052622735500336
train/reconstruction_weighted,67400.0,0.06439707428216934
train/reconstruction_weighted,67450.0,0.06472736597061157
train/reconstruction_weighted,67500.0,0.07336479425430298
train/reconstruction_weighted,67550.0,0.07704509049654007
train/reconstruction_weighted,67600.0,0.07630430161952972
train/reconstruction_weighted,67650.0,0.07752443850040436
train/reconstruction_weighted,67700.0,0.07127555459737778
train/reconstruction_weighted,67750.0,0.07577789574861526
train/reconstruction_weighted,67800.0,0.0720701590180397
train/reconstruction_weighted,67850.0,0.07616619765758514
train/reconstruction_weighted,67900.0,0.07372035086154938
train/reconstruction_weighted,67950.0,0.06930919736623764
train/reconstruction_weighted,68000.0,0.07282477617263794
train/reconstruction_weighted,68050.0,0.07413423806428909
train/reconstruction_weighted,68100.0,0.07186149060726166
train/reconstruction_weighted,68150.0,0.07631023228168488
train/reconstruction_weighted,68200.0,0.06569897383451462
train/reconstruction_weighted,68250.0,0.07496368885040283
train/reconstruction_weighted,68300.0,0.07336917519569397
train/reconstruction_weighted,68350.0,0.07512299716472626
train/reconstruction_weighted,68400.0,0.07278595864772797
train/reconstruction_weighted,68450.0,0.06983482837677002
train/reconstruction_weighted,68500.0,0.06679167598485947
train/reconstruction_weighted,68550.0,0.07666373252868652
train/reconstruction_weighted,68600.0,0.06439483910799026
train/reconstruction_weighted,68650.0,0.07412133365869522
train/reconstruction_weighted,68700.0,0.07715748250484467
train/reconstruction_weighted,68750.0,0.06750088930130005
train/reconstruction_weighted,68800.0,0.07636427879333496
train/reconstruction_weighted,68850.0,0.0681791752576828
train/reconstruction_weighted,68900.0,0.06926330178976059
train/reconstruction_weighted,68950.0,0.07347789406776428
train/reconstruction_weighted,69000.0,0.06977663934230804
train/reconstruction_weighted,69050.0,0.07209816575050354
train/reconstruction_weighted,69100.0,0.07847343385219574
train/reconstruction_weighted,69150.0,0.06836343556642532
train/reconstruction_weighted,69200.0,0.07143790274858475
train/reconstruction_weighted,69250.0,0.06292473524808884
train/reconstruction_weighted,69300.0,0.07598304003477097
train/reconstruction_weighted,69350.0,0.07148011028766632
train/reconstruction_weighted,69400.0,0.0708964616060257
train/reconstruction_weighted,69450.0,0.07254055142402649
train/reconstruction_weighted,69500.0,0.07484478503465652
train/reconstruction_weighted,69550.0,0.08344332873821259
train/reconstruction_weighted,69600.0,0.06979450583457947
train/reconstruction_weighted,69650.0,0.08039344847202301
train/reconstruction_weighted,69700.0,0.07683143019676208
train/reconstruction_weighted,69750.0,0.07189613580703735
train/reconstruction_weighted,69800.0,0.06761415302753448
train/reconstruction_weighted,69850.0,0.07967749983072281
train/reconstruction_weighted,69900.0,0.07079078257083893
train/reconstruction_weighted,69950.0,0.07420166581869125
train/reconstruction_weighted,70000.0,0.08184148371219635
train/reconstruction_weighted,70050.0,0.06882400810718536
train/reconstruction_weighted,70100.0,0.0760035440325737
train/reconstruction_weighted,70150.0,0.07295795530080795
train/reconstruction_weighted,70200.0,0.06995779275894165
train/reconstruction_weighted,70250.0,0.07547561824321747
train/reconstruction_weighted,70300.0,0.07063881307840347
train/reconstruction_weighted,70350.0,0.07667849957942963
train/reconstruction_weighted,70400.0,0.07970878481864929
train/reconstruction_weighted,70450.0,0.07084370404481888
train/reconstruction_weighted,70500.0,0.07342469692230225
train/reconstruction_weighted,70550.0,0.07986520230770111
train/reconstruction_weighted,70600.0,0.06835569441318512
train/reconstruction_weighted,70650.0,0.07605753093957901
train/reconstruction_weighted,70700.0,0.07429803907871246
train/reconstruction_weighted,70750.0,0.07575468719005585
train/reconstruction_weighted,70800.0,0.06821639090776443
train/reconstruction_weighted,70850.0,0.06944739818572998
train/reconstruction_weighted,70900.0,0.07608788460493088
train/reconstruction_weighted,70950.0,0.08001356571912766
train/reconstruction_weighted,71000.0,0.07327380776405334
train/reconstruction_weighted,71050.0,0.06787434220314026
train/reconstruction_weighted,71100.0,0.07220415025949478
train/reconstruction_weighted,71150.0,0.07861408591270447
train/reconstruction_weighted,71200.0,0.07534734159708023
train/reconstruction_weighted,71250.0,0.06933833658695221
train/reconstruction_weighted,71300.0,0.061506614089012146
train/reconstruction_weighted,71350.0,0.06913591176271439
train/reconstruction_weighted,71400.0,0.06642074882984161
train/reconstruction_weighted,71450.0,0.07296611368656158
train/reconstruction_weighted,71500.0,0.06382016092538834
train/reconstruction_weighted,71550.0,0.07130677998065948
train/reconstruction_weighted,71600.0,0.0719074159860611
train/reconstruction_weighted,71650.0,0.06935231387615204
train/reconstruction_weighted,71700.0,0.07743576169013977
train/reconstruction_weighted,71750.0,0.07017618417739868
train/reconstruction_weighted,71800.0,0.07388146221637726
train/reconstruction_weighted,71850.0,0.06853426247835159
train/reconstruction_weighted,71900.0,0.06883411109447479
train/reconstruction_weighted,71950.0,0.07190237194299698
train/reconstruction_weighted,72000.0,0.07169574499130249
train/reconstruction_weighted,72050.0,0.07943485677242279
train/reconstruction_weighted,72100.0,0.07547543197870255
train/reconstruction_weighted,72150.0,0.06307431310415268
train/reconstruction_weighted,72200.0,0.06549534946680069
train/reconstruction_weighted,72250.0,0.07409417629241943
train/reconstruction_weighted,72300.0,0.07720161974430084
train/reconstruction_weighted,72350.0,0.07023853063583374
train/reconstruction_weighted,72400.0,0.07681813836097717
train/reconstruction_weighted,72450.0,0.07578667998313904
train/reconstruction_weighted,72500.0,0.07491642981767654
train/reconstruction_weighted,72550.0,0.06971665471792221
train/reconstruction_weighted,72600.0,0.08339141309261322
train/reconstruction_weighted,72650.0,0.06936933845281601
train/reconstruction_weighted,72700.0,0.08333277702331543
train/reconstruction_weighted,72750.0,0.07492096722126007
train/reconstruction_weighted,72800.0,0.0721479281783104
train/reconstruction_weighted,72850.0,0.07372540980577469
train/reconstruction_weighted,72900.0,0.07764644175767899
train/reconstruction_weighted,72950.0,0.0736716017127037
train/reconstruction_weighted,73000.0,0.07704928517341614
train/reconstruction_weighted,73050.0,0.07155705988407135
train/reconstruction_weighted,73100.0,0.0772993192076683
train/reconstruction_weighted,73150.0,0.0774201974272728
train/reconstruction_weighted,73200.0,0.08142844587564468
train/reconstruction_weighted,73250.0,0.07318815588951111
train/reconstruction_weighted,73300.0,0.07129110395908356
train/reconstruction_weighted,73350.0,0.06897978484630585
train/reconstruction_weighted,73400.0,0.07962298393249512
train/reconstruction_weighted,73450.0,0.06326907873153687
train/reconstruction_weighted,73500.0,0.06985865533351898
train/reconstruction_weighted,73550.0,0.07226364314556122
train/reconstruction_weighted,73600.0,0.06944627314805984
train/reconstruction_weighted,73650.0,0.0832243338227272
train/reconstruction_weighted,73700.0,0.07238531112670898
train/reconstruction_weighted,73750.0,0.07960676401853561
train/reconstruction_weighted,73800.0,0.07292348146438599
train/reconstruction_weighted,73850.0,0.07414064556360245
train/reconstruction_weighted,73900.0,0.07681754231452942
train/reconstruction_weighted,73950.0,0.07016924023628235
train/reconstruction_weighted,74000.0,0.0724412053823471
train/reconstruction_weighted,74050.0,0.07536021620035172
train/reconstruction_weighted,74100.0,0.07116210460662842
train/reconstruction_weighted,74150.0,0.06544741988182068
train/reconstruction_weighted,74200.0,0.06870465725660324
train/reconstruction_weighted,74250.0,0.07406096160411835
train/reconstruction_weighted,74300.0,0.06839004904031754
train/reconstruction_weighted,74350.0,0.07497715950012207
train/reconstruction_weighted,74400.0,0.0682886615395546
train/reconstruction_weighted,74450.0,0.06596048921346664
train/reconstruction_weighted,74500.0,0.07659732550382614
train/reconstruction_weighted,74550.0,0.07677154242992401
train/reconstruction_weighted,74600.0,0.0726313665509224
train/reconstruction_weighted,74650.0,0.07009134441614151
train/reconstruction_weighted,74700.0,0.06846979260444641
train/reconstruction_weighted,74750.0,0.06420496851205826
train/reconstruction_weighted,74800.0,0.0786370113492012
train/reconstruction_weighted,74850.0,0.07381308078765869
train/reconstruction_weighted,74900.0,0.06711354106664658
train/reconstruction_weighted,74950.0,0.06731890141963959
train/reconstruction_weighted,75000.0,0.07704690098762512
train/reconstruction_weighted,75050.0,0.0760771781206131
train/reconstruction_weighted,75100.0,0.061958227306604385
train/reconstruction_weighted,75150.0,0.07284373044967651
train/reconstruction_weighted,75200.0,0.0671364963054657
train/reconstruction_weighted,75250.0,0.06904944777488708
train/reconstruction_weighted,75300.0,0.07431545853614807
train/reconstruction_weighted,75350.0,0.0768846943974495
train/reconstruction_weighted,75400.0,0.0686720684170723
train/reconstruction_weighted,75450.0,0.07815388590097427
train/reconstruction_weighted,75500.0,0.06002568453550339
train/reconstruction_weighted,75550.0,0.07832087576389313
train/reconstruction_weighted,75600.0,0.07926386594772339
train/reconstruction_weighted,75650.0,0.07629090547561646
train/reconstruction_weighted,75700.0,0.07234464585781097
train/reconstruction_weighted,75750.0,0.07832186669111252
train/reconstruction_weighted,75800.0,0.07803457230329514
train/reconstruction_weighted,75850.0,0.0744938999414444
train/reconstruction_weighted,75900.0,0.07418931275606155
train/reconstruction_weighted,75950.0,0.07009602338075638
train/reconstruction_weighted,76000.0,0.07455064356327057
train/reconstruction_weighted,76050.0,0.0698029100894928
train/reconstruction_weighted,76100.0,0.07309586554765701
train/reconstruction_weighted,76150.0,0.07089948654174805
train/reconstruction_weighted,76200.0,0.07660454511642456
train/reconstruction_weighted,76250.0,0.08125634491443634
train/reconstruction_weighted,76300.0,0.07898729294538498
train/reconstruction_weighted,76350.0,0.07376350462436676
train/reconstruction_weighted,76400.0,0.06538978219032288
train/reconstruction_weighted,76450.0,0.07808737456798553
train/reconstruction_weighted,76500.0,0.08338627964258194
train/reconstruction_weighted,76550.0,0.07268849015235901
train/reconstruction_weighted,76600.0,0.06627819687128067
train/reconstruction_weighted,76650.0,0.07240651547908783
train/reconstruction_weighted,76700.0,0.06896571815013885
train/reconstruction_weighted,76750.0,0.07176124304533005
train/reconstruction_weighted,76800.0,0.07055889815092087
train/reconstruction_weighted,76850.0,0.06902337819337845
train/reconstruction_weighted,76900.0,0.06781800091266632
train/reconstruction_weighted,76950.0,0.08010838180780411
train/reconstruction_weighted,77000.0,0.06974782794713974
train/reconstruction_weighted,77050.0,0.07453719526529312
train/reconstruction_weighted,77100.0,0.06434382498264313
train/reconstruction_weighted,77150.0,0.07807948440313339
train/reconstruction_weighted,77200.0,0.07007282972335815
train/reconstruction_weighted,77250.0,0.06940369307994843
train/reconstruction_weighted,77300.0,0.0709058940410614
train/reconstruction_weighted,77350.0,0.07980527728796005
train/reconstruction_weighted,77400.0,0.07089520990848541
train/reconstruction_weighted,77450.0,0.07226360589265823
train/reconstruction_weighted,77500.0,0.06639966368675232
train/reconstruction_weighted,77550.0,0.0695909783244133
train/reconstruction_weighted,77600.0,0.07249085605144501
train/reconstruction_weighted,77650.0,0.06806410849094391
train/reconstruction_weighted,77700.0,0.0727563127875328
train/reconstruction_weighted,77750.0,0.07510387897491455
train/reconstruction_weighted,77800.0,0.0694502666592598
train/reconstruction_weighted,77850.0,0.07555697113275528
train/reconstruction_weighted,77900.0,0.0684439167380333
train/reconstruction_weighted,77950.0,0.07415828108787537
train/reconstruction_weighted,78000.0,0.0693264901638031
train/reconstruction_weighted,78050.0,0.07228085398674011
train/reconstruction_weighted,78100.0,0.07098859548568726
train/reconstruction_weighted,78150.0,0.07701990008354187
train/reconstruction_weighted,78200.0,0.07656283676624298
train/reconstruction_weighted,78250.0,0.07724182307720184
train/reconstruction_weighted,78300.0,0.07039456069469452
train/reconstruction_weighted,78350.0,0.06810829788446426
train/reconstruction_weighted,78400.0,0.07379477471113205
train/reconstruction_weighted,78450.0,0.06635214388370514
train/reconstruction_weighted,78500.0,0.07424651831388474
train/reconstruction_weighted,78550.0,0.06948637962341309
train/reconstruction_weighted,78600.0,0.0824420228600502
train/reconstruction_weighted,78650.0,0.06999024003744125
train/reconstruction_weighted,78700.0,0.07383789867162704
train/reconstruction_weighted,78750.0,0.06841055303812027
train/reconstruction_weighted,78800.0,0.06399691849946976
train/reconstruction_weighted,78850.0,0.08047914505004883
train/reconstruction_weighted,78900.0,0.0756533145904541
train/reconstruction_weighted,78950.0,0.07250537723302841
train/reconstruction_weighted,79000.0,0.06282171607017517
train/reconstruction_weighted,79050.0,0.06994354724884033
train/reconstruction_weighted,79100.0,0.06750288605690002
train/reconstruction_weighted,79150.0,0.06879474222660065
train/reconstruction_weighted,79200.0,0.07547582685947418
train/reconstruction_weighted,79250.0,0.06877566128969193
train/reconstruction_weighted,79300.0,0.07859882712364197
train/reconstruction_weighted,79350.0,0.07272742688655853
train/reconstruction_weighted,79400.0,0.07837249338626862
train/reconstruction_weighted,79450.0,0.07654398679733276
train/reconstruction_weighted,79500.0,0.07222073525190353
train/reconstruction_weighted,79550.0,0.0603475458920002
train/reconstruction_weighted,79600.0,0.07880839705467224
train/reconstruction_weighted,79650.0,0.08120494335889816
train/reconstruction_weighted,79700.0,0.06947256624698639
train/reconstruction_weighted,79750.0,0.07093110680580139
train/reconstruction_weighted,79800.0,0.06528235971927643
train/reconstruction_weighted,79850.0,0.07919085025787354
train/reconstruction_weighted,79900.0,0.07465173304080963
train/reconstruction_weighted,79950.0,0.06883347034454346
train/reconstruction_weighted,80000.0,0.07298310101032257
train/velocity_mse,1.0,0.0
train/velocity_mse,50.0,0.0
train/velocity_mse,100.0,0.0
train/velocity_mse,150.0,0.0
train/velocity_mse,200.0,0.0
train/velocity_mse,250.0,0.0
train/velocity_mse,300.0,0.0
train/velocity_mse,350.0,0.0
train/velocity_mse,400.0,0.0
train/velocity_mse,450.0,0.0
train/velocity_mse,500.0,0.0
train/velocity_mse,550.0,0.0
train/velocity_mse,600.0,0.0
train/velocity_mse,650.0,0.0
train/velocity_mse,700.0,0.0
train/velocity_mse,750.0,0.0
train/velocity_mse,800.0,0.0
train/velocity_mse,850.0,0.0
train/velocity_mse,900.0,0.0
train/velocity_mse,950.0,0.0
train/velocity_mse,1000.0,0.0
train/velocity_mse,1050.0,0.0
train/velocity_mse,1100.0,0.0
train/velocity_mse,1150.0,0.0
train/velocity_mse,1200.0,0.0
train/velocity_mse,1250.0,0.0
train/velocity_mse,1300.0,0.0
train/velocity_mse,1350.0,0.0
train/velocity_mse,1400.0,0.0
train/velocity_mse,1450.0,0.0
train/velocity_mse,1500.0,0.0
train/velocity_mse,1550.0,0.0
train/velocity_mse,1600.0,0.0
train/velocity_mse,1650.0,0.0
train/velocity_mse,1700.0,0.0
train/velocity_mse,1750.0,0.0
train/velocity_mse,1800.0,0.0
train/velocity_mse,1850.0,0.0
train/velocity_mse,1900.0,0.0
train/velocity_mse,1950.0,0.0
train/velocity_mse,2000.0,0.0
train/velocity_mse,2050.0,0.0
train/velocity_mse,2100.0,0.0
train/velocity_mse,2150.0,0.0
train/velocity_mse,2200.0,0.0
train/velocity_mse,2250.0,0.0
train/velocity_mse,2300.0,0.0
train/velocity_mse,2350.0,0.0
train/velocity_mse,2400.0,0.0
train/velocity_mse,2450.0,0.0
train/velocity_mse,2500.0,0.0
train/velocity_mse,2550.0,0.0
train/velocity_mse,2600.0,0.0
train/velocity_mse,2650.0,0.0
train/velocity_mse,2700.0,0.0
train/velocity_mse,2750.0,0.0
train/velocity_mse,2800.0,0.0
train/velocity_mse,2850.0,0.0
train/velocity_mse,2900.0,0.0
train/velocity_mse,2950.0,0.0
train/velocity_mse,3000.0,0.0
train/velocity_mse,3050.0,0.0
train/velocity_mse,3100.0,0.0
train/velocity_mse,3150.0,0.0
train/velocity_mse,3200.0,0.0
train/velocity_mse,3250.0,0.0
train/velocity_mse,3300.0,0.0
train/velocity_mse,3350.0,0.0
train/velocity_mse,3400.0,0.0
train/velocity_mse,3450.0,0.0
train/velocity_mse,3500.0,0.0
train/velocity_mse,3550.0,0.0
train/velocity_mse,3600.0,0.0
train/velocity_mse,3650.0,0.0
train/velocity_mse,3700.0,0.0
train/velocity_mse,3750.0,0.0
train/velocity_mse,3800.0,0.0
train/velocity_mse,3850.0,0.0
train/velocity_mse,3900.0,0.0
train/velocity_mse,3950.0,0.0
train/velocity_mse,4000.0,0.0
train/velocity_mse,4050.0,0.0
train/velocity_mse,4100.0,0.0
train/velocity_mse,4150.0,0.0
train/velocity_mse,4200.0,0.0
train/velocity_mse,4250.0,0.0
train/velocity_mse,4300.0,0.0
train/velocity_mse,4350.0,0.0
train/velocity_mse,4400.0,0.0
train/velocity_mse,4450.0,0.0
train/velocity_mse,4500.0,0.0
train/velocity_mse,4550.0,0.0
train/velocity_mse,4600.0,0.0
train/velocity_mse,4650.0,0.0
train/velocity_mse,4700.0,0.0
train/velocity_mse,4750.0,0.0
train/velocity_mse,4800.0,0.0
train/velocity_mse,4850.0,0.0
train/velocity_mse,4900.0,0.0
train/velocity_mse,4950.0,0.0
train/velocity_mse,5000.0,0.0
train/velocity_mse,5050.0,0.0
train/velocity_mse,5100.0,0.0
train/velocity_mse,5150.0,0.0
train/velocity_mse,5200.0,0.0
train/velocity_mse,5250.0,0.0
train/velocity_mse,5300.0,0.0
train/velocity_mse,5350.0,0.0
train/velocity_mse,5400.0,0.0
train/velocity_mse,5450.0,0.0
train/velocity_mse,5500.0,0.0
train/velocity_mse,5550.0,0.0
train/velocity_mse,5600.0,0.0
train/velocity_mse,5650.0,0.0
train/velocity_mse,5700.0,0.0
train/velocity_mse,5750.0,0.0
train/velocity_mse,5800.0,0.0
train/velocity_mse,5850.0,0.0
train/velocity_mse,5900.0,0.0
train/velocity_mse,5950.0,0.0
train/velocity_mse,6000.0,0.0
train/velocity_mse,6050.0,0.0
train/velocity_mse,6100.0,0.0
train/velocity_mse,6150.0,0.0
train/velocity_mse,6200.0,0.0
train/velocity_mse,6250.0,0.0
train/velocity_mse,6300.0,0.0
train/velocity_mse,6350.0,0.0
train/velocity_mse,6400.0,0.0
train/velocity_mse,6450.0,0.0
train/velocity_mse,6500.0,0.0
train/velocity_mse,6550.0,0.0
train/velocity_mse,6600.0,0.0
train/velocity_mse,6650.0,0.0
train/velocity_mse,6700.0,0.0
train/velocity_mse,6750.0,0.0
train/velocity_mse,6800.0,0.0
train/velocity_mse,6850.0,0.0
train/velocity_mse,6900.0,0.0
train/velocity_mse,6950.0,0.0
train/velocity_mse,7000.0,0.0
train/velocity_mse,7050.0,0.0
train/velocity_mse,7100.0,0.0
train/velocity_mse,7150.0,0.0
train/velocity_mse,7200.0,0.0
train/velocity_mse,7250.0,0.0
train/velocity_mse,7300.0,0.0
train/velocity_mse,7350.0,0.0
train/velocity_mse,7400.0,0.0
train/velocity_mse,7450.0,0.0
train/velocity_mse,7500.0,0.0
train/velocity_mse,7550.0,0.0
train/velocity_mse,7600.0,0.0
train/velocity_mse,7650.0,0.0
train/velocity_mse,7700.0,0.0
train/velocity_mse,7750.0,0.0
train/velocity_mse,7800.0,0.0
train/velocity_mse,7850.0,0.0
train/velocity_mse,7900.0,0.0
train/velocity_mse,7950.0,0.0
train/velocity_mse,8000.0,0.0
train/velocity_mse,8050.0,0.0
train/velocity_mse,8100.0,0.0
train/velocity_mse,8150.0,0.0
train/velocity_mse,8200.0,0.0
train/velocity_mse,8250.0,0.0
train/velocity_mse,8300.0,0.0
train/velocity_mse,8350.0,0.0
train/velocity_mse,8400.0,0.0
train/velocity_mse,8450.0,0.0
train/velocity_mse,8500.0,0.0
train/velocity_mse,8550.0,0.0
train/velocity_mse,8600.0,0.0
train/velocity_mse,8650.0,0.0
train/velocity_mse,8700.0,0.0
train/velocity_mse,8750.0,0.0
train/velocity_mse,8800.0,0.0
train/velocity_mse,8850.0,0.0
train/velocity_mse,8900.0,0.0
train/velocity_mse,8950.0,0.0
train/velocity_mse,9000.0,0.0
train/velocity_mse,9050.0,0.0
train/velocity_mse,9100.0,0.0
train/velocity_mse,9150.0,0.0
train/velocity_mse,9200.0,0.0
train/velocity_mse,9250.0,0.0
train/velocity_mse,9300.0,0.0
train/velocity_mse,9350.0,0.0
train/velocity_mse,9400.0,0.0
train/velocity_mse,9450.0,0.0
train/velocity_mse,9500.0,0.0
train/velocity_mse,9550.0,0.0
train/velocity_mse,9600.0,0.0
train/velocity_mse,9650.0,0.0
train/velocity_mse,9700.0,0.0
train/velocity_mse,9750.0,0.0
train/velocity_mse,9800.0,0.0
train/velocity_mse,9850.0,0.0
train/velocity_mse,9900.0,0.0
train/velocity_mse,9950.0,0.0
train/velocity_mse,10000.0,0.0
train/velocity_mse,10050.0,0.0
train/velocity_mse,10100.0,0.0
train/velocity_mse,10150.0,0.0
train/velocity_mse,10200.0,0.0
train/velocity_mse,10250.0,0.0
train/velocity_mse,10300.0,0.0
train/velocity_mse,10350.0,0.0
train/velocity_mse,10400.0,0.0
train/velocity_mse,10450.0,0.0
train/velocity_mse,10500.0,0.0
train/velocity_mse,10550.0,0.0
train/velocity_mse,10600.0,0.0
train/velocity_mse,10650.0,0.0
train/velocity_mse,10700.0,0.0
train/velocity_mse,10750.0,0.0
train/velocity_mse,10800.0,0.0
train/velocity_mse,10850.0,0.0
train/velocity_mse,10900.0,0.0
train/velocity_mse,10950.0,0.0
train/velocity_mse,11000.0,0.0
train/velocity_mse,11050.0,0.0
train/velocity_mse,11100.0,0.0
train/velocity_mse,11150.0,0.0
train/velocity_mse,11200.0,0.0
train/velocity_mse,11250.0,0.0
train/velocity_mse,11300.0,0.0
train/velocity_mse,11350.0,0.0
train/velocity_mse,11400.0,0.0
train/velocity_mse,11450.0,0.0
train/velocity_mse,11500.0,0.0
train/velocity_mse,11550.0,0.0
train/velocity_mse,11600.0,0.0
train/velocity_mse,11650.0,0.0
train/velocity_mse,11700.0,0.0
train/velocity_mse,11750.0,0.0
train/velocity_mse,11800.0,0.0
train/velocity_mse,11850.0,0.0
train/velocity_mse,11900.0,0.0
train/velocity_mse,11950.0,0.0
train/velocity_mse,12000.0,0.0
train/velocity_mse,12050.0,0.0
train/velocity_mse,12100.0,0.0
train/velocity_mse,12150.0,0.0
train/velocity_mse,12200.0,0.0
train/velocity_mse,12250.0,0.0
train/velocity_mse,12300.0,0.0
train/velocity_mse,12350.0,0.0
train/velocity_mse,12400.0,0.0
train/velocity_mse,12450.0,0.0
train/velocity_mse,12500.0,0.0
train/velocity_mse,12550.0,0.0
train/velocity_mse,12600.0,0.0
train/velocity_mse,12650.0,0.0
train/velocity_mse,12700.0,0.0
train/velocity_mse,12750.0,0.0
train/velocity_mse,12800.0,0.0
train/velocity_mse,12850.0,0.0
train/velocity_mse,12900.0,0.0
train/velocity_mse,12950.0,0.0
train/velocity_mse,13000.0,0.0
train/velocity_mse,13050.0,0.0
train/velocity_mse,13100.0,0.0
train/velocity_mse,13150.0,0.0
train/velocity_mse,13200.0,0.0
train/velocity_mse,13250.0,0.0
train/velocity_mse,13300.0,0.0
train/velocity_mse,13350.0,0.0
train/velocity_mse,13400.0,0.0
train/velocity_mse,13450.0,0.0
train/velocity_mse,13500.0,0.0
train/velocity_mse,13550.0,0.0
train/velocity_mse,13600.0,0.0
train/velocity_mse,13650.0,0.0
train/velocity_mse,13700.0,0.0
train/velocity_mse,13750.0,0.0
train/velocity_mse,13800.0,0.0
train/velocity_mse,13850.0,0.0
train/velocity_mse,13900.0,0.0
train/velocity_mse,13950.0,0.0
train/velocity_mse,14000.0,0.0
train/velocity_mse,14050.0,0.0
train/velocity_mse,14100.0,0.0
train/velocity_mse,14150.0,0.0
train/velocity_mse,14200.0,0.0
train/velocity_mse,14250.0,0.0
train/velocity_mse,14300.0,0.0
train/velocity_mse,14350.0,0.0
train/velocity_mse,14400.0,0.0
train/velocity_mse,14450.0,0.0
train/velocity_mse,14500.0,0.0
train/velocity_mse,14550.0,0.0
train/velocity_mse,14600.0,0.0
train/velocity_mse,14650.0,0.0
train/velocity_mse,14700.0,0.0
train/velocity_mse,14750.0,0.0
train/velocity_mse,14800.0,0.0
train/velocity_mse,14850.0,0.0
train/velocity_mse,14900.0,0.0
train/velocity_mse,14950.0,0.0
train/velocity_mse,15000.0,0.0
train/velocity_mse,15050.0,0.0
train/velocity_mse,15100.0,0.0
train/velocity_mse,15150.0,0.0
train/velocity_mse,15200.0,0.0
train/velocity_mse,15250.0,0.0
train/velocity_mse,15300.0,0.0
train/velocity_mse,15350.0,0.0
train/velocity_mse,15400.0,0.0
train/velocity_mse,15450.0,0.0
train/velocity_mse,15500.0,0.0
train/velocity_mse,15550.0,0.0
train/velocity_mse,15600.0,0.0
train/velocity_mse,15650.0,0.0
train/velocity_mse,15700.0,0.0
train/velocity_mse,15750.0,0.0
train/velocity_mse,15800.0,0.0
train/velocity_mse,15850.0,0.0
train/velocity_mse,15900.0,0.0
train/velocity_mse,15950.0,0.0
train/velocity_mse,16000.0,0.0
train/velocity_mse,16050.0,0.0
train/velocity_mse,16100.0,0.0
train/velocity_mse,16150.0,0.0
train/velocity_mse,16200.0,0.0
train/velocity_mse,16250.0,0.0
train/velocity_mse,16300.0,0.0
train/velocity_mse,16350.0,0.0
train/velocity_mse,16400.0,0.0
train/velocity_mse,16450.0,0.0
train/velocity_mse,16500.0,0.0
train/velocity_mse,16550.0,0.0
train/velocity_mse,16600.0,0.0
train/velocity_mse,16650.0,0.0
train/velocity_mse,16700.0,0.0
train/velocity_mse,16750.0,0.0
train/velocity_mse,16800.0,0.0
train/velocity_mse,16850.0,0.0
train/velocity_mse,16900.0,0.0
train/velocity_mse,16950.0,0.0
train/velocity_mse,17000.0,0.0
train/velocity_mse,17050.0,0.0
train/velocity_mse,17100.0,0.0
train/velocity_mse,17150.0,0.0
train/velocity_mse,17200.0,0.0
train/velocity_mse,17250.0,0.0
train/velocity_mse,17300.0,0.0
train/velocity_mse,17350.0,0.0
train/velocity_mse,17400.0,0.0
train/velocity_mse,17450.0,0.0
train/velocity_mse,17500.0,0.0
train/velocity_mse,17550.0,0.0
train/velocity_mse,17600.0,0.0
train/velocity_mse,17650.0,0.0
train/velocity_mse,17700.0,0.0
train/velocity_mse,17750.0,0.0
train/velocity_mse,17800.0,0.0
train/velocity_mse,17850.0,0.0
train/velocity_mse,17900.0,0.0
train/velocity_mse,17950.0,0.0
train/velocity_mse,18000.0,0.0
train/velocity_mse,18050.0,0.0
train/velocity_mse,18100.0,0.0
train/velocity_mse,18150.0,0.0
train/velocity_mse,18200.0,0.0
train/velocity_mse,18250.0,0.0
train/velocity_mse,18300.0,0.0
train/velocity_mse,18350.0,0.0
train/velocity_mse,18400.0,0.0
train/velocity_mse,18450.0,0.0
train/velocity_mse,18500.0,0.0
train/velocity_mse,18550.0,0.0
train/velocity_mse,18600.0,0.0
train/velocity_mse,18650.0,0.0
train/velocity_mse,18700.0,0.0
train/velocity_mse,18750.0,0.0
train/velocity_mse,18800.0,0.0
train/velocity_mse,18850.0,0.0
train/velocity_mse,18900.0,0.0
train/velocity_mse,18950.0,0.0
train/velocity_mse,19000.0,0.0
train/velocity_mse,19050.0,0.0
train/velocity_mse,19100.0,0.0
train/velocity_mse,19150.0,0.0
train/velocity_mse,19200.0,0.0
train/velocity_mse,19250.0,0.0
train/velocity_mse,19300.0,0.0
train/velocity_mse,19350.0,0.0
train/velocity_mse,19400.0,0.0
train/velocity_mse,19450.0,0.0
train/velocity_mse,19500.0,0.0
train/velocity_mse,19550.0,0.0
train/velocity_mse,19600.0,0.0
train/velocity_mse,19650.0,0.0
train/velocity_mse,19700.0,0.0
train/velocity_mse,19750.0,0.0
train/velocity_mse,19800.0,0.0
train/velocity_mse,19850.0,0.0
train/velocity_mse,19900.0,0.0
train/velocity_mse,19950.0,0.0
train/velocity_mse,20000.0,0.0
train/velocity_mse,20050.0,0.0
train/velocity_mse,20100.0,0.0
train/velocity_mse,20150.0,0.0
train/velocity_mse,20200.0,0.0
train/velocity_mse,20250.0,0.0
train/velocity_mse,20300.0,0.0
train/velocity_mse,20350.0,0.0
train/velocity_mse,20400.0,0.0
train/velocity_mse,20450.0,0.0
train/velocity_mse,20500.0,0.0
train/velocity_mse,20550.0,0.0
train/velocity_mse,20600.0,0.0
train/velocity_mse,20650.0,0.0
train/velocity_mse,20700.0,0.0
train/velocity_mse,20750.0,0.0
train/velocity_mse,20800.0,0.0
train/velocity_mse,20850.0,0.0
train/velocity_mse,20900.0,0.0
train/velocity_mse,20950.0,0.0
train/velocity_mse,21000.0,0.0
train/velocity_mse,21050.0,0.0
train/velocity_mse,21100.0,0.0
train/velocity_mse,21150.0,0.0
train/velocity_mse,21200.0,0.0
train/velocity_mse,21250.0,0.0
train/velocity_mse,21300.0,0.0
train/velocity_mse,21350.0,0.0
train/velocity_mse,21400.0,0.0
train/velocity_mse,21450.0,0.0
train/velocity_mse,21500.0,0.0
train/velocity_mse,21550.0,0.0
train/velocity_mse,21600.0,0.0
train/velocity_mse,21650.0,0.0
train/velocity_mse,21700.0,0.0
train/velocity_mse,21750.0,0.0
train/velocity_mse,21800.0,0.0
train/velocity_mse,21850.0,0.0
train/velocity_mse,21900.0,0.0
train/velocity_mse,21950.0,0.0
train/velocity_mse,22000.0,0.0
train/velocity_mse,22050.0,0.0
train/velocity_mse,22100.0,0.0
train/velocity_mse,22150.0,0.0
train/velocity_mse,22200.0,0.0
train/velocity_mse,22250.0,0.0
train/velocity_mse,22300.0,0.0
train/velocity_mse,22350.0,0.0
train/velocity_mse,22400.0,0.0
train/velocity_mse,22450.0,0.0
train/velocity_mse,22500.0,0.0
train/velocity_mse,22550.0,0.0
train/velocity_mse,22600.0,0.0
train/velocity_mse,22650.0,0.0
train/velocity_mse,22700.0,0.0
train/velocity_mse,22750.0,0.0
train/velocity_mse,22800.0,0.0
train/velocity_mse,22850.0,0.0
train/velocity_mse,22900.0,0.0
train/velocity_mse,22950.0,0.0
train/velocity_mse,23000.0,0.0
train/velocity_mse,23050.0,0.0
train/velocity_mse,23100.0,0.0
train/velocity_mse,23150.0,0.0
train/velocity_mse,23200.0,0.0
train/velocity_mse,23250.0,0.0
train/velocity_mse,23300.0,0.0
train/velocity_mse,23350.0,0.0
train/velocity_mse,23400.0,0.0
train/velocity_mse,23450.0,0.0
train/velocity_mse,23500.0,0.0
train/velocity_mse,23550.0,0.0
train/velocity_mse,23600.0,0.0
train/velocity_mse,23650.0,0.0
train/velocity_mse,23700.0,0.0
train/velocity_mse,23750.0,0.0
train/velocity_mse,23800.0,0.0
train/velocity_mse,23850.0,0.0
train/velocity_mse,23900.0,0.0
train/velocity_mse,23950.0,0.0
train/velocity_mse,24000.0,0.0
train/velocity_mse,24050.0,0.0
train/velocity_mse,24100.0,0.0
train/velocity_mse,24150.0,0.0
train/velocity_mse,24200.0,0.0
train/velocity_mse,24250.0,0.0
train/velocity_mse,24300.0,0.0
train/velocity_mse,24350.0,0.0
train/velocity_mse,24400.0,0.0
train/velocity_mse,24450.0,0.0
train/velocity_mse,24500.0,0.0
train/velocity_mse,24550.0,0.0
train/velocity_mse,24600.0,0.0
train/velocity_mse,24650.0,0.0
train/velocity_mse,24700.0,0.0
train/velocity_mse,24750.0,0.0
train/velocity_mse,24800.0,0.0
train/velocity_mse,24850.0,0.0
train/velocity_mse,24900.0,0.0
train/velocity_mse,24950.0,0.0
train/velocity_mse,25000.0,0.0
train/velocity_mse,25050.0,0.0
train/velocity_mse,25100.0,0.0
train/velocity_mse,25150.0,0.0
train/velocity_mse,25200.0,0.0
train/velocity_mse,25250.0,0.0
train/velocity_mse,25300.0,0.0
train/velocity_mse,25350.0,0.0
train/velocity_mse,25400.0,0.0
train/velocity_mse,25450.0,0.0
train/velocity_mse,25500.0,0.0
train/velocity_mse,25550.0,0.0
train/velocity_mse,25600.0,0.0
train/velocity_mse,25650.0,0.0
train/velocity_mse,25700.0,0.0
train/velocity_mse,25750.0,0.0
train/velocity_mse,25800.0,0.0
train/velocity_mse,25850.0,0.0
train/velocity_mse,25900.0,0.0
train/velocity_mse,25950.0,0.0
train/velocity_mse,26000.0,0.0
train/velocity_mse,26050.0,0.0
train/velocity_mse,26100.0,0.0
train/velocity_mse,26150.0,0.0
train/velocity_mse,26200.0,0.0
train/velocity_mse,26250.0,0.0
train/velocity_mse,26300.0,0.0
train/velocity_mse,26350.0,0.0
train/velocity_mse,26400.0,0.0
train/velocity_mse,26450.0,0.0
train/velocity_mse,26500.0,0.0
train/velocity_mse,26550.0,0.0
train/velocity_mse,26600.0,0.0
train/velocity_mse,26650.0,0.0
train/velocity_mse,26700.0,0.0
train/velocity_mse,26750.0,0.0
train/velocity_mse,26800.0,0.0
train/velocity_mse,26850.0,0.0
train/velocity_mse,26900.0,0.0
train/velocity_mse,26950.0,0.0
train/velocity_mse,27000.0,0.0
train/velocity_mse,27050.0,0.0
train/velocity_mse,27100.0,0.0
train/velocity_mse,27150.0,0.0
train/velocity_mse,27200.0,0.0
train/velocity_mse,27250.0,0.0
train/velocity_mse,27300.0,0.0
train/velocity_mse,27350.0,0.0
train/velocity_mse,27400.0,0.0
train/velocity_mse,27450.0,0.0
train/velocity_mse,27500.0,0.0
train/velocity_mse,27550.0,0.0
train/velocity_mse,27600.0,0.0
train/velocity_mse,27650.0,0.0
train/velocity_mse,27700.0,0.0
train/velocity_mse,27750.0,0.0
train/velocity_mse,27800.0,0.0
train/velocity_mse,27850.0,0.0
train/velocity_mse,27900.0,0.0
train/velocity_mse,27950.0,0.0
train/velocity_mse,28000.0,0.0
train/velocity_mse,28050.0,0.0
train/velocity_mse,28100.0,0.0
train/velocity_mse,28150.0,0.0
train/velocity_mse,28200.0,0.0
train/velocity_mse,28250.0,0.0
train/velocity_mse,28300.0,0.0
train/velocity_mse,28350.0,0.0
train/velocity_mse,28400.0,0.0
train/velocity_mse,28450.0,0.0
train/velocity_mse,28500.0,0.0
train/velocity_mse,28550.0,0.0
train/velocity_mse,28600.0,0.0
train/velocity_mse,28650.0,0.0
train/velocity_mse,28700.0,0.0
train/velocity_mse,28750.0,0.0
train/velocity_mse,28800.0,0.0
train/velocity_mse,28850.0,0.0
train/velocity_mse,28900.0,0.0
train/velocity_mse,28950.0,0.0
train/velocity_mse,29000.0,0.0
train/velocity_mse,29050.0,0.0
train/velocity_mse,29100.0,0.0
train/velocity_mse,29150.0,0.0
train/velocity_mse,29200.0,0.0
train/velocity_mse,29250.0,0.0
train/velocity_mse,29300.0,0.0
train/velocity_mse,29350.0,0.0
train/velocity_mse,29400.0,0.0
train/velocity_mse,29450.0,0.0
train/velocity_mse,29500.0,0.0
train/velocity_mse,29550.0,0.0
train/velocity_mse,29600.0,0.0
train/velocity_mse,29650.0,0.0
train/velocity_mse,29700.0,0.0
train/velocity_mse,29750.0,0.0
train/velocity_mse,29800.0,0.0
train/velocity_mse,29850.0,0.0
train/velocity_mse,29900.0,0.0
train/velocity_mse,29950.0,0.0
train/velocity_mse,30000.0,0.0
train/velocity_mse,30050.0,0.0
train/velocity_mse,30100.0,0.0
train/velocity_mse,30150.0,0.0
train/velocity_mse,30200.0,0.0
train/velocity_mse,30250.0,0.0
train/velocity_mse,30300.0,0.0
train/velocity_mse,30350.0,0.0
train/velocity_mse,30400.0,0.0
train/velocity_mse,30450.0,0.0
train/velocity_mse,30500.0,0.0
train/velocity_mse,30550.0,0.0
train/velocity_mse,30600.0,0.0
train/velocity_mse,30650.0,0.0
train/velocity_mse,30700.0,0.0
train/velocity_mse,30750.0,0.0
train/velocity_mse,30800.0,0.0
train/velocity_mse,30850.0,0.0
train/velocity_mse,30900.0,0.0
train/velocity_mse,30950.0,0.0
train/velocity_mse,31000.0,0.0
train/velocity_mse,31050.0,0.0
train/velocity_mse,31100.0,0.0
train/velocity_mse,31150.0,0.0
train/velocity_mse,31200.0,0.0
train/velocity_mse,31250.0,0.0
train/velocity_mse,31300.0,0.0
train/velocity_mse,31350.0,0.0
train/velocity_mse,31400.0,0.0
train/velocity_mse,31450.0,0.0
train/velocity_mse,31500.0,0.0
train/velocity_mse,31550.0,0.0
train/velocity_mse,31600.0,0.0
train/velocity_mse,31650.0,0.0
train/velocity_mse,31700.0,0.0
train/velocity_mse,31750.0,0.0
train/velocity_mse,31800.0,0.0
train/velocity_mse,31850.0,0.0
train/velocity_mse,31900.0,0.0
train/velocity_mse,31950.0,0.0
train/velocity_mse,32000.0,0.0
train/velocity_mse,32050.0,0.0
train/velocity_mse,32100.0,0.0
train/velocity_mse,32150.0,0.0
train/velocity_mse,32200.0,0.0
train/velocity_mse,32250.0,0.0
train/velocity_mse,32300.0,0.0
train/velocity_mse,32350.0,0.0
train/velocity_mse,32400.0,0.0
train/velocity_mse,32450.0,0.0
train/velocity_mse,32500.0,0.0
train/velocity_mse,32550.0,0.0
train/velocity_mse,32600.0,0.0
train/velocity_mse,32650.0,0.0
train/velocity_mse,32700.0,0.0
train/velocity_mse,32750.0,0.0
train/velocity_mse,32800.0,0.0
train/velocity_mse,32850.0,0.0
train/velocity_mse,32900.0,0.0
train/velocity_mse,32950.0,0.0
train/velocity_mse,33000.0,0.0
train/velocity_mse,33050.0,0.0
train/velocity_mse,33100.0,0.0
train/velocity_mse,33150.0,0.0
train/velocity_mse,33200.0,0.0
train/velocity_mse,33250.0,0.0
train/velocity_mse,33300.0,0.0
train/velocity_mse,33350.0,0.0
train/velocity_mse,33400.0,0.0
train/velocity_mse,33450.0,0.0
train/velocity_mse,33500.0,0.0
train/velocity_mse,33550.0,0.0
train/velocity_mse,33600.0,0.0
train/velocity_mse,33650.0,0.0
train/velocity_mse,33700.0,0.0
train/velocity_mse,33750.0,0.0
train/velocity_mse,33800.0,0.0
train/velocity_mse,33850.0,0.0
train/velocity_mse,33900.0,0.0
train/velocity_mse,33950.0,0.0
train/velocity_mse,34000.0,0.0
train/velocity_mse,34050.0,0.0
train/velocity_mse,34100.0,0.0
train/velocity_mse,34150.0,0.0
train/velocity_mse,34200.0,0.0
train/velocity_mse,34250.0,0.0
train/velocity_mse,34300.0,0.0
train/velocity_mse,34350.0,0.0
train/velocity_mse,34400.0,0.0
train/velocity_mse,34450.0,0.0
train/velocity_mse,34500.0,0.0
train/velocity_mse,34550.0,0.0
train/velocity_mse,34600.0,0.0
train/velocity_mse,34650.0,0.0
train/velocity_mse,34700.0,0.0
train/velocity_mse,34750.0,0.0
train/velocity_mse,34800.0,0.0
train/velocity_mse,34850.0,0.0
train/velocity_mse,34900.0,0.0
train/velocity_mse,34950.0,0.0
train/velocity_mse,35000.0,0.0
train/velocity_mse,35050.0,0.0
train/velocity_mse,35100.0,0.0
train/velocity_mse,35150.0,0.0
train/velocity_mse,35200.0,0.0
train/velocity_mse,35250.0,0.0
train/velocity_mse,35300.0,0.0
train/velocity_mse,35350.0,0.0
train/velocity_mse,35400.0,0.0
train/velocity_mse,35450.0,0.0
train/velocity_mse,35500.0,0.0
train/velocity_mse,35550.0,0.0
train/velocity_mse,35600.0,0.0
train/velocity_mse,35650.0,0.0
train/velocity_mse,35700.0,0.0
train/velocity_mse,35750.0,0.0
train/velocity_mse,35800.0,0.0
train/velocity_mse,35850.0,0.0
train/velocity_mse,35900.0,0.0
train/velocity_mse,35950.0,0.0
train/velocity_mse,36000.0,0.0
train/velocity_mse,36050.0,0.0
train/velocity_mse,36100.0,0.0
train/velocity_mse,36150.0,0.0
train/velocity_mse,36200.0,0.0
train/velocity_mse,36250.0,0.0
train/velocity_mse,36300.0,0.0
train/velocity_mse,36350.0,0.0
train/velocity_mse,36400.0,0.0
train/velocity_mse,36450.0,0.0
train/velocity_mse,36500.0,0.0
train/velocity_mse,36550.0,0.0
train/velocity_mse,36600.0,0.0
train/velocity_mse,36650.0,0.0
train/velocity_mse,36700.0,0.0
train/velocity_mse,36750.0,0.0
train/velocity_mse,36800.0,0.0
train/velocity_mse,36850.0,0.0
train/velocity_mse,36900.0,0.0
train/velocity_mse,36950.0,0.0
train/velocity_mse,37000.0,0.0
train/velocity_mse,37050.0,0.0
train/velocity_mse,37100.0,0.0
train/velocity_mse,37150.0,0.0
train/velocity_mse,37200.0,0.0
train/velocity_mse,37250.0,0.0
train/velocity_mse,37300.0,0.0
train/velocity_mse,37350.0,0.0
train/velocity_mse,37400.0,0.0
train/velocity_mse,37450.0,0.0
train/velocity_mse,37500.0,0.0
train/velocity_mse,37550.0,0.0
train/velocity_mse,37600.0,0.0
train/velocity_mse,37650.0,0.0
train/velocity_mse,37700.0,0.0
train/velocity_mse,37750.0,0.0
train/velocity_mse,37800.0,0.0
train/velocity_mse,37850.0,0.0
train/velocity_mse,37900.0,0.0
train/velocity_mse,37950.0,0.0
train/velocity_mse,38000.0,0.0
train/velocity_mse,38050.0,0.0
train/velocity_mse,38100.0,0.0
train/velocity_mse,38150.0,0.0
train/velocity_mse,38200.0,0.0
train/velocity_mse,38250.0,0.0
train/velocity_mse,38300.0,0.0
train/velocity_mse,38350.0,0.0
train/velocity_mse,38400.0,0.0
train/velocity_mse,38450.0,0.0
train/velocity_mse,38500.0,0.0
train/velocity_mse,38550.0,0.0
train/velocity_mse,38600.0,0.0
train/velocity_mse,38650.0,0.0
train/velocity_mse,38700.0,0.0
train/velocity_mse,38750.0,0.0
train/velocity_mse,38800.0,0.0
train/velocity_mse,38850.0,0.0
train/velocity_mse,38900.0,0.0
train/velocity_mse,38950.0,0.0
train/velocity_mse,39000.0,0.0
train/velocity_mse,39050.0,0.0
train/velocity_mse,39100.0,0.0
train/velocity_mse,39150.0,0.0
train/velocity_mse,39200.0,0.0
train/velocity_mse,39250.0,0.0
train/velocity_mse,39300.0,0.0
train/velocity_mse,39350.0,0.0
train/velocity_mse,39400.0,0.0
train/velocity_mse,39450.0,0.0
train/velocity_mse,39500.0,0.0
train/velocity_mse,39550.0,0.0
train/velocity_mse,39600.0,0.0
train/velocity_mse,39650.0,0.0
train/velocity_mse,39700.0,0.0
train/velocity_mse,39750.0,0.0
train/velocity_mse,39800.0,0.0
train/velocity_mse,39850.0,0.0
train/velocity_mse,39900.0,0.0
train/velocity_mse,39950.0,0.0
train/velocity_mse,40000.0,0.0
train/velocity_mse,40050.0,0.0
train/velocity_mse,40100.0,0.0
train/velocity_mse,40150.0,0.0
train/velocity_mse,40200.0,0.0
train/velocity_mse,40250.0,0.0
train/velocity_mse,40300.0,0.0
train/velocity_mse,40350.0,0.0
train/velocity_mse,40400.0,0.0
train/velocity_mse,40450.0,0.0
train/velocity_mse,40500.0,0.0
train/velocity_mse,40550.0,0.0
train/velocity_mse,40600.0,0.0
train/velocity_mse,40650.0,0.0
train/velocity_mse,40700.0,0.0
train/velocity_mse,40750.0,0.0
train/velocity_mse,40800.0,0.0
train/velocity_mse,40850.0,0.0
train/velocity_mse,40900.0,0.0
train/velocity_mse,40950.0,0.0
train/velocity_mse,41000.0,0.0
train/velocity_mse,41050.0,0.0
train/velocity_mse,41100.0,0.0
train/velocity_mse,41150.0,0.0
train/velocity_mse,41200.0,0.0
train/velocity_mse,41250.0,0.0
train/velocity_mse,41300.0,0.0
train/velocity_mse,41350.0,0.0
train/velocity_mse,41400.0,0.0
train/velocity_mse,41450.0,0.0
train/velocity_mse,41500.0,0.0
train/velocity_mse,41550.0,0.0
train/velocity_mse,41600.0,0.0
train/velocity_mse,41650.0,0.0
train/velocity_mse,41700.0,0.0
train/velocity_mse,41750.0,0.0
train/velocity_mse,41800.0,0.0
train/velocity_mse,41850.0,0.0
train/velocity_mse,41900.0,0.0
train/velocity_mse,41950.0,0.0
train/velocity_mse,42000.0,0.0
train/velocity_mse,42050.0,0.0
train/velocity_mse,42100.0,0.0
train/velocity_mse,42150.0,0.0
train/velocity_mse,42200.0,0.0
train/velocity_mse,42250.0,0.0
train/velocity_mse,42300.0,0.0
train/velocity_mse,42350.0,0.0
train/velocity_mse,42400.0,0.0
train/velocity_mse,42450.0,0.0
train/velocity_mse,42500.0,0.0
train/velocity_mse,42550.0,0.0
train/velocity_mse,42600.0,0.0
train/velocity_mse,42650.0,0.0
train/velocity_mse,42700.0,0.0
train/velocity_mse,42750.0,0.0
train/velocity_mse,42800.0,0.0
train/velocity_mse,42850.0,0.0
train/velocity_mse,42900.0,0.0
train/velocity_mse,42950.0,0.0
train/velocity_mse,43000.0,0.0
train/velocity_mse,43050.0,0.0
train/velocity_mse,43100.0,0.0
train/velocity_mse,43150.0,0.0
train/velocity_mse,43200.0,0.0
train/velocity_mse,43250.0,0.0
train/velocity_mse,43300.0,0.0
train/velocity_mse,43350.0,0.0
train/velocity_mse,43400.0,0.0
train/velocity_mse,43450.0,0.0
train/velocity_mse,43500.0,0.0
train/velocity_mse,43550.0,0.0
train/velocity_mse,43600.0,0.0
train/velocity_mse,43650.0,0.0
train/velocity_mse,43700.0,0.0
train/velocity_mse,43750.0,0.0
train/velocity_mse,43800.0,0.0
train/velocity_mse,43850.0,0.0
train/velocity_mse,43900.0,0.0
train/velocity_mse,43950.0,0.0
train/velocity_mse,44000.0,0.0
train/velocity_mse,44050.0,0.0
train/velocity_mse,44100.0,0.0
train/velocity_mse,44150.0,0.0
train/velocity_mse,44200.0,0.0
train/velocity_mse,44250.0,0.0
train/velocity_mse,44300.0,0.0
train/velocity_mse,44350.0,0.0
train/velocity_mse,44400.0,0.0
train/velocity_mse,44450.0,0.0
train/velocity_mse,44500.0,0.0
train/velocity_mse,44550.0,0.0
train/velocity_mse,44600.0,0.0
train/velocity_mse,44650.0,0.0
train/velocity_mse,44700.0,0.0
train/velocity_mse,44750.0,0.0
train/velocity_mse,44800.0,0.0
train/velocity_mse,44850.0,0.0
train/velocity_mse,44900.0,0.0
train/velocity_mse,44950.0,0.0
train/velocity_mse,45000.0,0.0
train/velocity_mse,45050.0,0.0
train/velocity_mse,45100.0,0.0
train/velocity_mse,45150.0,0.0
train/velocity_mse,45200.0,0.0
train/velocity_mse,45250.0,0.0
train/velocity_mse,45300.0,0.0
train/velocity_mse,45350.0,0.0
train/velocity_mse,45400.0,0.0
train/velocity_mse,45450.0,0.0
train/velocity_mse,45500.0,0.0
train/velocity_mse,45550.0,0.0
train/velocity_mse,45600.0,0.0
train/velocity_mse,45650.0,0.0
train/velocity_mse,45700.0,0.0
train/velocity_mse,45750.0,0.0
train/velocity_mse,45800.0,0.0
train/velocity_mse,45850.0,0.0
train/velocity_mse,45900.0,0.0
train/velocity_mse,45950.0,0.0
train/velocity_mse,46000.0,0.0
train/velocity_mse,46050.0,0.0
train/velocity_mse,46100.0,0.0
train/velocity_mse,46150.0,0.0
train/velocity_mse,46200.0,0.0
train/velocity_mse,46250.0,0.0
train/velocity_mse,46300.0,0.0
train/velocity_mse,46350.0,0.0
train/velocity_mse,46400.0,0.0
train/velocity_mse,46450.0,0.0
train/velocity_mse,46500.0,0.0
train/velocity_mse,46550.0,0.0
train/velocity_mse,46600.0,0.0
train/velocity_mse,46650.0,0.0
train/velocity_mse,46700.0,0.0
train/velocity_mse,46750.0,0.0
train/velocity_mse,46800.0,0.0
train/velocity_mse,46850.0,0.0
train/velocity_mse,46900.0,0.0
train/velocity_mse,46950.0,0.0
train/velocity_mse,47000.0,0.0
train/velocity_mse,47050.0,0.0
train/velocity_mse,47100.0,0.0
train/velocity_mse,47150.0,0.0
train/velocity_mse,47200.0,0.0
train/velocity_mse,47250.0,0.0
train/velocity_mse,47300.0,0.0
train/velocity_mse,47350.0,0.0
train/velocity_mse,47400.0,0.0
train/velocity_mse,47450.0,0.0
train/velocity_mse,47500.0,0.0
train/velocity_mse,47550.0,0.0
train/velocity_mse,47600.0,0.0
train/velocity_mse,47650.0,0.0
train/velocity_mse,47700.0,0.0
train/velocity_mse,47750.0,0.0
train/velocity_mse,47800.0,0.0
train/velocity_mse,47850.0,0.0
train/velocity_mse,47900.0,0.0
train/velocity_mse,47950.0,0.0
train/velocity_mse,48000.0,0.0
train/velocity_mse,48050.0,0.0
train/velocity_mse,48100.0,0.0
train/velocity_mse,48150.0,0.0
train/velocity_mse,48200.0,0.0
train/velocity_mse,48250.0,0.0
train/velocity_mse,48300.0,0.0
train/velocity_mse,48350.0,0.0
train/velocity_mse,48400.0,0.0
train/velocity_mse,48450.0,0.0
train/velocity_mse,48500.0,0.0
train/velocity_mse,48550.0,0.0
train/velocity_mse,48600.0,0.0
train/velocity_mse,48650.0,0.0
train/velocity_mse,48700.0,0.0
train/velocity_mse,48750.0,0.0
train/velocity_mse,48800.0,0.0
train/velocity_mse,48850.0,0.0
train/velocity_mse,48900.0,0.0
train/velocity_mse,48950.0,0.0
train/velocity_mse,49000.0,0.0
train/velocity_mse,49050.0,0.0
train/velocity_mse,49100.0,0.0
train/velocity_mse,49150.0,0.0
train/velocity_mse,49200.0,0.0
train/velocity_mse,49250.0,0.0
train/velocity_mse,49300.0,0.0
train/velocity_mse,49350.0,0.0
train/velocity_mse,49400.0,0.0
train/velocity_mse,49450.0,0.0
train/velocity_mse,49500.0,0.0
train/velocity_mse,49550.0,0.0
train/velocity_mse,49600.0,0.0
train/velocity_mse,49650.0,0.0
train/velocity_mse,49700.0,0.0
train/velocity_mse,49750.0,0.0
train/velocity_mse,49800.0,0.0
train/velocity_mse,49850.0,0.0
train/velocity_mse,49900.0,0.0
train/velocity_mse,49950.0,0.0
train/velocity_mse,50000.0,0.0
train/velocity_mse,50050.0,0.0
train/velocity_mse,50100.0,0.0
train/velocity_mse,50150.0,0.0
train/velocity_mse,50200.0,0.0
train/velocity_mse,50250.0,0.0
train/velocity_mse,50300.0,0.0
train/velocity_mse,50350.0,0.0
train/velocity_mse,50400.0,0.0
train/velocity_mse,50450.0,0.0
train/velocity_mse,50500.0,0.0
train/velocity_mse,50550.0,0.0
train/velocity_mse,50600.0,0.0
train/velocity_mse,50650.0,0.0
train/velocity_mse,50700.0,0.0
train/velocity_mse,50750.0,0.0
train/velocity_mse,50800.0,0.0
train/velocity_mse,50850.0,0.0
train/velocity_mse,50900.0,0.0
train/velocity_mse,50950.0,0.0
train/velocity_mse,51000.0,0.0
train/velocity_mse,51050.0,0.0
train/velocity_mse,51100.0,0.0
train/velocity_mse,51150.0,0.0
train/velocity_mse,51200.0,0.0
train/velocity_mse,51250.0,0.0
train/velocity_mse,51300.0,0.0
train/velocity_mse,51350.0,0.0
train/velocity_mse,51400.0,0.0
train/velocity_mse,51450.0,0.0
train/velocity_mse,51500.0,0.0
train/velocity_mse,51550.0,0.0
train/velocity_mse,51600.0,0.0
train/velocity_mse,51650.0,0.0
train/velocity_mse,51700.0,0.0
train/velocity_mse,51750.0,0.0
train/velocity_mse,51800.0,0.0
train/velocity_mse,51850.0,0.0
train/velocity_mse,51900.0,0.0
train/velocity_mse,51950.0,0.0
train/velocity_mse,52000.0,0.0
train/velocity_mse,52050.0,0.0
train/velocity_mse,52100.0,0.0
train/velocity_mse,52150.0,0.0
train/velocity_mse,52200.0,0.0
train/velocity_mse,52250.0,0.0
train/velocity_mse,52300.0,0.0
train/velocity_mse,52350.0,0.0
train/velocity_mse,52400.0,0.0
train/velocity_mse,52450.0,0.0
train/velocity_mse,52500.0,0.0
train/velocity_mse,52550.0,0.0
train/velocity_mse,52600.0,0.0
train/velocity_mse,52650.0,0.0
train/velocity_mse,52700.0,0.0
train/velocity_mse,52750.0,0.0
train/velocity_mse,52800.0,0.0
train/velocity_mse,52850.0,0.0
train/velocity_mse,52900.0,0.0
train/velocity_mse,52950.0,0.0
train/velocity_mse,53000.0,0.0
train/velocity_mse,53050.0,0.0
train/velocity_mse,53100.0,0.0
train/velocity_mse,53150.0,0.0
train/velocity_mse,53200.0,0.0
train/velocity_mse,53250.0,0.0
train/velocity_mse,53300.0,0.0
train/velocity_mse,53350.0,0.0
train/velocity_mse,53400.0,0.0
train/velocity_mse,53450.0,0.0
train/velocity_mse,53500.0,0.0
train/velocity_mse,53550.0,0.0
train/velocity_mse,53600.0,0.0
train/velocity_mse,53650.0,0.0
train/velocity_mse,53700.0,0.0
train/velocity_mse,53750.0,0.0
train/velocity_mse,53800.0,0.0
train/velocity_mse,53850.0,0.0
train/velocity_mse,53900.0,0.0
train/velocity_mse,53950.0,0.0
train/velocity_mse,54000.0,0.0
train/velocity_mse,54050.0,0.0
train/velocity_mse,54100.0,0.0
train/velocity_mse,54150.0,0.0
train/velocity_mse,54200.0,0.0
train/velocity_mse,54250.0,0.0
train/velocity_mse,54300.0,0.0
train/velocity_mse,54350.0,0.0
train/velocity_mse,54400.0,0.0
train/velocity_mse,54450.0,0.0
train/velocity_mse,54500.0,0.0
train/velocity_mse,54550.0,0.0
train/velocity_mse,54600.0,0.0
train/velocity_mse,54650.0,0.0
train/velocity_mse,54700.0,0.0
train/velocity_mse,54750.0,0.0
train/velocity_mse,54800.0,0.0
train/velocity_mse,54850.0,0.0
train/velocity_mse,54900.0,0.0
train/velocity_mse,54950.0,0.0
train/velocity_mse,55000.0,0.0
train/velocity_mse,55050.0,0.0
train/velocity_mse,55100.0,0.0
train/velocity_mse,55150.0,0.0
train/velocity_mse,55200.0,0.0
train/velocity_mse,55250.0,0.0
train/velocity_mse,55300.0,0.0
train/velocity_mse,55350.0,0.0
train/velocity_mse,55400.0,0.0
train/velocity_mse,55450.0,0.0
train/velocity_mse,55500.0,0.0
train/velocity_mse,55550.0,0.0
train/velocity_mse,55600.0,0.0
train/velocity_mse,55650.0,0.0
train/velocity_mse,55700.0,0.0
train/velocity_mse,55750.0,0.0
train/velocity_mse,55800.0,0.0
train/velocity_mse,55850.0,0.0
train/velocity_mse,55900.0,0.0
train/velocity_mse,55950.0,0.0
train/velocity_mse,56000.0,0.0
train/velocity_mse,56050.0,0.0
train/velocity_mse,56100.0,0.0
train/velocity_mse,56150.0,0.0
train/velocity_mse,56200.0,0.0
train/velocity_mse,56250.0,0.0
train/velocity_mse,56300.0,0.0
train/velocity_mse,56350.0,0.0
train/velocity_mse,56400.0,0.0
train/velocity_mse,56450.0,0.0
train/velocity_mse,56500.0,0.0
train/velocity_mse,56550.0,0.0
train/velocity_mse,56600.0,0.0
train/velocity_mse,56650.0,0.0
train/velocity_mse,56700.0,0.0
train/velocity_mse,56750.0,0.0
train/velocity_mse,56800.0,0.0
train/velocity_mse,56850.0,0.0
train/velocity_mse,56900.0,0.0
train/velocity_mse,56950.0,0.0
train/velocity_mse,57000.0,0.0
train/velocity_mse,57050.0,0.0
train/velocity_mse,57100.0,0.0
train/velocity_mse,57150.0,0.0
train/velocity_mse,57200.0,0.0
train/velocity_mse,57250.0,0.0
train/velocity_mse,57300.0,0.0
train/velocity_mse,57350.0,0.0
train/velocity_mse,57400.0,0.0
train/velocity_mse,57450.0,0.0
train/velocity_mse,57500.0,0.0
train/velocity_mse,57550.0,0.0
train/velocity_mse,57600.0,0.0
train/velocity_mse,57650.0,0.0
train/velocity_mse,57700.0,0.0
train/velocity_mse,57750.0,0.0
train/velocity_mse,57800.0,0.0
train/velocity_mse,57850.0,0.0
train/velocity_mse,57900.0,0.0
train/velocity_mse,57950.0,0.0
train/velocity_mse,58000.0,0.0
train/velocity_mse,58050.0,0.0
train/velocity_mse,58100.0,0.0
train/velocity_mse,58150.0,0.0
train/velocity_mse,58200.0,0.0
train/velocity_mse,58250.0,0.0
train/velocity_mse,58300.0,0.0
train/velocity_mse,58350.0,0.0
train/velocity_mse,58400.0,0.0
train/velocity_mse,58450.0,0.0
train/velocity_mse,58500.0,0.0
train/velocity_mse,58550.0,0.0
train/velocity_mse,58600.0,0.0
train/velocity_mse,58650.0,0.0
train/velocity_mse,58700.0,0.0
train/velocity_mse,58750.0,0.0
train/velocity_mse,58800.0,0.0
train/velocity_mse,58850.0,0.0
train/velocity_mse,58900.0,0.0
train/velocity_mse,58950.0,0.0
train/velocity_mse,59000.0,0.0
train/velocity_mse,59050.0,0.0
train/velocity_mse,59100.0,0.0
train/velocity_mse,59150.0,0.0
train/velocity_mse,59200.0,0.0
train/velocity_mse,59250.0,0.0
train/velocity_mse,59300.0,0.0
train/velocity_mse,59350.0,0.0
train/velocity_mse,59400.0,0.0
train/velocity_mse,59450.0,0.0
train/velocity_mse,59500.0,0.0
train/velocity_mse,59550.0,0.0
train/velocity_mse,59600.0,0.0
train/velocity_mse,59650.0,0.0
train/velocity_mse,59700.0,0.0
train/velocity_mse,59750.0,0.0
train/velocity_mse,59800.0,0.0
train/velocity_mse,59850.0,0.0
train/velocity_mse,59900.0,0.0
train/velocity_mse,59950.0,0.0
train/velocity_mse,60000.0,0.0
train/velocity_mse,60050.0,0.0
train/velocity_mse,60100.0,0.0
train/velocity_mse,60150.0,0.0
train/velocity_mse,60200.0,0.0
train/velocity_mse,60250.0,0.0
train/velocity_mse,60300.0,0.0
train/velocity_mse,60350.0,0.0
train/velocity_mse,60400.0,0.0
train/velocity_mse,60450.0,0.0
train/velocity_mse,60500.0,0.0
train/velocity_mse,60550.0,0.0
train/velocity_mse,60600.0,0.0
train/velocity_mse,60650.0,0.0
train/velocity_mse,60700.0,0.0
train/velocity_mse,60750.0,0.0
train/velocity_mse,60800.0,0.0
train/velocity_mse,60850.0,0.0
train/velocity_mse,60900.0,0.0
train/velocity_mse,60950.0,0.0
train/velocity_mse,61000.0,0.0
train/velocity_mse,61050.0,0.0
train/velocity_mse,61100.0,0.0
train/velocity_mse,61150.0,0.0
train/velocity_mse,61200.0,0.0
train/velocity_mse,61250.0,0.0
train/velocity_mse,61300.0,0.0
train/velocity_mse,61350.0,0.0
train/velocity_mse,61400.0,0.0
train/velocity_mse,61450.0,0.0
train/velocity_mse,61500.0,0.0
train/velocity_mse,61550.0,0.0
train/velocity_mse,61600.0,0.0
train/velocity_mse,61650.0,0.0
train/velocity_mse,61700.0,0.0
train/velocity_mse,61750.0,0.0
train/velocity_mse,61800.0,0.0
train/velocity_mse,61850.0,0.0
train/velocity_mse,61900.0,0.0
train/velocity_mse,61950.0,0.0
train/velocity_mse,62000.0,0.0
train/velocity_mse,62050.0,0.0
train/velocity_mse,62100.0,0.0
train/velocity_mse,62150.0,0.0
train/velocity_mse,62200.0,0.0
train/velocity_mse,62250.0,0.0
train/velocity_mse,62300.0,0.0
train/velocity_mse,62350.0,0.0
train/velocity_mse,62400.0,0.0
train/velocity_mse,62450.0,0.0
train/velocity_mse,62500.0,0.0
train/velocity_mse,62550.0,0.0
train/velocity_mse,62600.0,0.0
train/velocity_mse,62650.0,0.0
train/velocity_mse,62700.0,0.0
train/velocity_mse,62750.0,0.0
train/velocity_mse,62800.0,0.0
train/velocity_mse,62850.0,0.0
train/velocity_mse,62900.0,0.0
train/velocity_mse,62950.0,0.0
train/velocity_mse,63000.0,0.0
train/velocity_mse,63050.0,0.0
train/velocity_mse,63100.0,0.0
train/velocity_mse,63150.0,0.0
train/velocity_mse,63200.0,0.0
train/velocity_mse,63250.0,0.0
train/velocity_mse,63300.0,0.0
train/velocity_mse,63350.0,0.0
train/velocity_mse,63400.0,0.0
train/velocity_mse,63450.0,0.0
train/velocity_mse,63500.0,0.0
train/velocity_mse,63550.0,0.0
train/velocity_mse,63600.0,0.0
train/velocity_mse,63650.0,0.0
train/velocity_mse,63700.0,0.0
train/velocity_mse,63750.0,0.0
train/velocity_mse,63800.0,0.0
train/velocity_mse,63850.0,0.0
train/velocity_mse,63900.0,0.0
train/velocity_mse,63950.0,0.0
train/velocity_mse,64000.0,0.0
train/velocity_mse,64050.0,0.0
train/velocity_mse,64100.0,0.0
train/velocity_mse,64150.0,0.0
train/velocity_mse,64200.0,0.0
train/velocity_mse,64250.0,0.0
train/velocity_mse,64300.0,0.0
train/velocity_mse,64350.0,0.0
train/velocity_mse,64400.0,0.0
train/velocity_mse,64450.0,0.0
train/velocity_mse,64500.0,0.0
train/velocity_mse,64550.0,0.0
train/velocity_mse,64600.0,0.0
train/velocity_mse,64650.0,0.0
train/velocity_mse,64700.0,0.0
train/velocity_mse,64750.0,0.0
train/velocity_mse,64800.0,0.0
train/velocity_mse,64850.0,0.0
train/velocity_mse,64900.0,0.0
train/velocity_mse,64950.0,0.0
train/velocity_mse,65000.0,0.0
train/velocity_mse,65050.0,0.0
train/velocity_mse,65100.0,0.0
train/velocity_mse,65150.0,0.0
train/velocity_mse,65200.0,0.0
train/velocity_mse,65250.0,0.0
train/velocity_mse,65300.0,0.0
train/velocity_mse,65350.0,0.0
train/velocity_mse,65400.0,0.0
train/velocity_mse,65450.0,0.0
train/velocity_mse,65500.0,0.0
train/velocity_mse,65550.0,0.0
train/velocity_mse,65600.0,0.0
train/velocity_mse,65650.0,0.0
train/velocity_mse,65700.0,0.0
train/velocity_mse,65750.0,0.0
train/velocity_mse,65800.0,0.0
train/velocity_mse,65850.0,0.0
train/velocity_mse,65900.0,0.0
train/velocity_mse,65950.0,0.0
train/velocity_mse,66000.0,0.0
train/velocity_mse,66050.0,0.0
train/velocity_mse,66100.0,0.0
train/velocity_mse,66150.0,0.0
train/velocity_mse,66200.0,0.0
train/velocity_mse,66250.0,0.0
train/velocity_mse,66300.0,0.0
train/velocity_mse,66350.0,0.0
train/velocity_mse,66400.0,0.0
train/velocity_mse,66450.0,0.0
train/velocity_mse,66500.0,0.0
train/velocity_mse,66550.0,0.0
train/velocity_mse,66600.0,0.0
train/velocity_mse,66650.0,0.0
train/velocity_mse,66700.0,0.0
train/velocity_mse,66750.0,0.0
train/velocity_mse,66800.0,0.0
train/velocity_mse,66850.0,0.0
train/velocity_mse,66900.0,0.0
train/velocity_mse,66950.0,0.0
train/velocity_mse,67000.0,0.0
train/velocity_mse,67050.0,0.0
train/velocity_mse,67100.0,0.0
train/velocity_mse,67150.0,0.0
train/velocity_mse,67200.0,0.0
train/velocity_mse,67250.0,0.0
train/velocity_mse,67300.0,0.0
train/velocity_mse,67350.0,0.0
train/velocity_mse,67400.0,0.0
train/velocity_mse,67450.0,0.0
train/velocity_mse,67500.0,0.0
train/velocity_mse,67550.0,0.0
train/velocity_mse,67600.0,0.0
train/velocity_mse,67650.0,0.0
train/velocity_mse,67700.0,0.0
train/velocity_mse,67750.0,0.0
train/velocity_mse,67800.0,0.0
train/velocity_mse,67850.0,0.0
train/velocity_mse,67900.0,0.0
train/velocity_mse,67950.0,0.0
train/velocity_mse,68000.0,0.0
train/velocity_mse,68050.0,0.0
train/velocity_mse,68100.0,0.0
train/velocity_mse,68150.0,0.0
train/velocity_mse,68200.0,0.0
train/velocity_mse,68250.0,0.0
train/velocity_mse,68300.0,0.0
train/velocity_mse,68350.0,0.0
train/velocity_mse,68400.0,0.0
train/velocity_mse,68450.0,0.0
train/velocity_mse,68500.0,0.0
train/velocity_mse,68550.0,0.0
train/velocity_mse,68600.0,0.0
train/velocity_mse,68650.0,0.0
train/velocity_mse,68700.0,0.0
train/velocity_mse,68750.0,0.0
train/velocity_mse,68800.0,0.0
train/velocity_mse,68850.0,0.0
train/velocity_mse,68900.0,0.0
train/velocity_mse,68950.0,0.0
train/velocity_mse,69000.0,0.0
train/velocity_mse,69050.0,0.0
train/velocity_mse,69100.0,0.0
train/velocity_mse,69150.0,0.0
train/velocity_mse,69200.0,0.0
train/velocity_mse,69250.0,0.0
train/velocity_mse,69300.0,0.0
train/velocity_mse,69350.0,0.0
train/velocity_mse,69400.0,0.0
train/velocity_mse,69450.0,0.0
train/velocity_mse,69500.0,0.0
train/velocity_mse,69550.0,0.0
train/velocity_mse,69600.0,0.0
train/velocity_mse,69650.0,0.0
train/velocity_mse,69700.0,0.0
train/velocity_mse,69750.0,0.0
train/velocity_mse,69800.0,0.0
train/velocity_mse,69850.0,0.0
train/velocity_mse,69900.0,0.0
train/velocity_mse,69950.0,0.0
train/velocity_mse,70000.0,0.0
train/velocity_mse,70050.0,0.0
train/velocity_mse,70100.0,0.0
train/velocity_mse,70150.0,0.0
train/velocity_mse,70200.0,0.0
train/velocity_mse,70250.0,0.0
train/velocity_mse,70300.0,0.0
train/velocity_mse,70350.0,0.0
train/velocity_mse,70400.0,0.0
train/velocity_mse,70450.0,0.0
train/velocity_mse,70500.0,0.0
train/velocity_mse,70550.0,0.0
train/velocity_mse,70600.0,0.0
train/velocity_mse,70650.0,0.0
train/velocity_mse,70700.0,0.0
train/velocity_mse,70750.0,0.0
train/velocity_mse,70800.0,0.0
train/velocity_mse,70850.0,0.0
train/velocity_mse,70900.0,0.0
train/velocity_mse,70950.0,0.0
train/velocity_mse,71000.0,0.0
train/velocity_mse,71050.0,0.0
train/velocity_mse,71100.0,0.0
train/velocity_mse,71150.0,0.0
train/velocity_mse,71200.0,0.0
train/velocity_mse,71250.0,0.0
train/velocity_mse,71300.0,0.0
train/velocity_mse,71350.0,0.0
train/velocity_mse,71400.0,0.0
train/velocity_mse,71450.0,0.0
train/velocity_mse,71500.0,0.0
train/velocity_mse,71550.0,0.0
train/velocity_mse,71600.0,0.0
train/velocity_mse,71650.0,0.0
train/velocity_mse,71700.0,0.0
train/velocity_mse,71750.0,0.0
train/velocity_mse,71800.0,0.0
train/velocity_mse,71850.0,0.0
train/velocity_mse,71900.0,0.0
train/velocity_mse,71950.0,0.0
train/velocity_mse,72000.0,0.0
train/velocity_mse,72050.0,0.0
train/velocity_mse,72100.0,0.0
train/velocity_mse,72150.0,0.0
train/velocity_mse,72200.0,0.0
train/velocity_mse,72250.0,0.0
train/velocity_mse,72300.0,0.0
train/velocity_mse,72350.0,0.0
train/velocity_mse,72400.0,0.0
train/velocity_mse,72450.0,0.0
train/velocity_mse,72500.0,0.0
train/velocity_mse,72550.0,0.0
train/velocity_mse,72600.0,0.0
train/velocity_mse,72650.0,0.0
train/velocity_mse,72700.0,0.0
train/velocity_mse,72750.0,0.0
train/velocity_mse,72800.0,0.0
train/velocity_mse,72850.0,0.0
train/velocity_mse,72900.0,0.0
train/velocity_mse,72950.0,0.0
train/velocity_mse,73000.0,0.0
train/velocity_mse,73050.0,0.0
train/velocity_mse,73100.0,0.0
train/velocity_mse,73150.0,0.0
train/velocity_mse,73200.0,0.0
train/velocity_mse,73250.0,0.0
train/velocity_mse,73300.0,0.0
train/velocity_mse,73350.0,0.0
train/velocity_mse,73400.0,0.0
train/velocity_mse,73450.0,0.0
train/velocity_mse,73500.0,0.0
train/velocity_mse,73550.0,0.0
train/velocity_mse,73600.0,0.0
train/velocity_mse,73650.0,0.0
train/velocity_mse,73700.0,0.0
train/velocity_mse,73750.0,0.0
train/velocity_mse,73800.0,0.0
train/velocity_mse,73850.0,0.0
train/velocity_mse,73900.0,0.0
train/velocity_mse,73950.0,0.0
train/velocity_mse,74000.0,0.0
train/velocity_mse,74050.0,0.0
train/velocity_mse,74100.0,0.0
train/velocity_mse,74150.0,0.0
train/velocity_mse,74200.0,0.0
train/velocity_mse,74250.0,0.0
train/velocity_mse,74300.0,0.0
train/velocity_mse,74350.0,0.0
train/velocity_mse,74400.0,0.0
train/velocity_mse,74450.0,0.0
train/velocity_mse,74500.0,0.0
train/velocity_mse,74550.0,0.0
train/velocity_mse,74600.0,0.0
train/velocity_mse,74650.0,0.0
train/velocity_mse,74700.0,0.0
train/velocity_mse,74750.0,0.0
train/velocity_mse,74800.0,0.0
train/velocity_mse,74850.0,0.0
train/velocity_mse,74900.0,0.0
train/velocity_mse,74950.0,0.0
train/velocity_mse,75000.0,0.0
train/velocity_mse,75050.0,0.0
train/velocity_mse,75100.0,0.0
train/velocity_mse,75150.0,0.0
train/velocity_mse,75200.0,0.0
train/velocity_mse,75250.0,0.0
train/velocity_mse,75300.0,0.0
train/velocity_mse,75350.0,0.0
train/velocity_mse,75400.0,0.0
train/velocity_mse,75450.0,0.0
train/velocity_mse,75500.0,0.0
train/velocity_mse,75550.0,0.0
train/velocity_mse,75600.0,0.0
train/velocity_mse,75650.0,0.0
train/velocity_mse,75700.0,0.0
train/velocity_mse,75750.0,0.0
train/velocity_mse,75800.0,0.0
train/velocity_mse,75850.0,0.0
train/velocity_mse,75900.0,0.0
train/velocity_mse,75950.0,0.0
train/velocity_mse,76000.0,0.0
train/velocity_mse,76050.0,0.0
train/velocity_mse,76100.0,0.0
train/velocity_mse,76150.0,0.0
train/velocity_mse,76200.0,0.0
train/velocity_mse,76250.0,0.0
train/velocity_mse,76300.0,0.0
train/velocity_mse,76350.0,0.0
train/velocity_mse,76400.0,0.0
train/velocity_mse,76450.0,0.0
train/velocity_mse,76500.0,0.0
train/velocity_mse,76550.0,0.0
train/velocity_mse,76600.0,0.0
train/velocity_mse,76650.0,0.0
train/velocity_mse,76700.0,0.0
train/velocity_mse,76750.0,0.0
train/velocity_mse,76800.0,0.0
train/velocity_mse,76850.0,0.0
train/velocity_mse,76900.0,0.0
train/velocity_mse,76950.0,0.0
train/velocity_mse,77000.0,0.0
train/velocity_mse,77050.0,0.0
train/velocity_mse,77100.0,0.0
train/velocity_mse,77150.0,0.0
train/velocity_mse,77200.0,0.0
train/velocity_mse,77250.0,0.0
train/velocity_mse,77300.0,0.0
train/velocity_mse,77350.0,0.0
train/velocity_mse,77400.0,0.0
train/velocity_mse,77450.0,0.0
train/velocity_mse,77500.0,0.0
train/velocity_mse,77550.0,0.0
train/velocity_mse,77600.0,0.0
train/velocity_mse,77650.0,0.0
train/velocity_mse,77700.0,0.0
train/velocity_mse,77750.0,0.0
train/velocity_mse,77800.0,0.0
train/velocity_mse,77850.0,0.0
train/velocity_mse,77900.0,0.0
train/velocity_mse,77950.0,0.0
train/velocity_mse,78000.0,0.0
train/velocity_mse,78050.0,0.0
train/velocity_mse,78100.0,0.0
train/velocity_mse,78150.0,0.0
train/velocity_mse,78200.0,0.0
train/velocity_mse,78250.0,0.0
train/velocity_mse,78300.0,0.0
train/velocity_mse,78350.0,0.0
train/velocity_mse,78400.0,0.0
train/velocity_mse,78450.0,0.0
train/velocity_mse,78500.0,0.0
train/velocity_mse,78550.0,0.0
train/velocity_mse,78600.0,0.0
train/velocity_mse,78650.0,0.0
train/velocity_mse,78700.0,0.0
train/velocity_mse,78750.0,0.0
train/velocity_mse,78800.0,0.0
train/velocity_mse,78850.0,0.0
train/velocity_mse,78900.0,0.0
train/velocity_mse,78950.0,0.0
train/velocity_mse,79000.0,0.0
train/velocity_mse,79050.0,0.0
train/velocity_mse,79100.0,0.0
train/velocity_mse,79150.0,0.0
train/velocity_mse,79200.0,0.0
train/velocity_mse,79250.0,0.0
train/velocity_mse,79300.0,0.0
train/velocity_mse,79350.0,0.0
train/velocity_mse,79400.0,0.0
train/velocity_mse,79450.0,0.0
train/velocity_mse,79500.0,0.0
train/velocity_mse,79550.0,0.0
train/velocity_mse,79600.0,0.0
train/velocity_mse,79650.0,0.0
train/velocity_mse,79700.0,0.0
train/velocity_mse,79750.0,0.0
train/velocity_mse,79800.0,0.0
train/velocity_mse,79850.0,0.0
train/velocity_mse,79900.0,0.0
train/velocity_mse,79950.0,0.0
train/velocity_mse,80000.0,0.0
val/delta_e76,10000.0,6.434444904327393
val/delta_e76,20000.0,6.603139877319336
val/delta_e76,30000.0,6.3120598793029785
val/delta_e76,40000.0,6.258920669555664
val/delta_e76,50000.0,6.2173004150390625
val/delta_e76,60000.0,6.282540321350098
val/delta_e76,70000.0,6.2561821937561035
val/delta_e76,80000.0,6.256664752960205
val/loss,10000.0,0.06389737874269485
val/loss,20000.0,0.06411439925432205
val/loss,30000.0,0.06260544061660767
val/loss,40000.0,0.06203577294945717
val/loss,50000.0,0.06172169744968414
val/loss,60000.0,0.06232793629169464
val/loss,70000.0,0.06238787993788719
val/loss,80000.0,0.0622766874730587
val/lpips,10000.0,0.23472271859645844
val/lpips,20000.0,0.22996456921100616
val/lpips,30000.0,0.22022078931331635
val/lpips,40000.0,0.21708153188228607
val/lpips,50000.0,0.21514779329299927
val/lpips,60000.0,0.21360023319721222
val/lpips,70000.0,0.2142959088087082
val/lpips,80000.0,0.21345478296279907
val/mae,10000.0,0.05217272415757179
val/mae,20000.0,0.0523199625313282
val/mae,30000.0,0.05112207308411598
val/mae,40000.0,0.05068473517894745
val/mae,50000.0,0.05043068155646324
val/mae,60000.0,0.050904903560876846
val/mae,70000.0,0.05094991251826286
val/mae,80000.0,0.050855714827775955
val/psnr,10000.0,22.977821350097656
val/psnr,20000.0,22.924072265625
val/psnr,30000.0,23.08656883239746
val/psnr,40000.0,23.184282302856445
val/psnr,50000.0,23.194202423095703
val/psnr,60000.0,23.15108299255371
val/psnr,70000.0,23.12060546875
val/psnr,80000.0,23.126888275146484
val/ssim,10000.0,0.5479859709739685
val/ssim,20000.0,0.5569983124732971
val/ssim,30000.0,0.5587251782417297
val/ssim,40000.0,0.5590800642967224
val/ssim,50000.0,0.5614703893661499
val/ssim,60000.0,0.5619351267814636
val/ssim,70000.0,0.5585572719573975
val/ssim,80000.0,0.5612584352493286
val/total_objective,10000.0,0.07563351094722748
val/total_objective,20000.0,0.0756126269698143
val/total_objective,30000.0,0.07361647486686707
val/total_objective,40000.0,0.07288984954357147
val/total_objective,50000.0,0.07247909158468246
val/total_objective,60000.0,0.07300794869661331
val/total_objective,70000.0,0.0731026753783226
val/total_objective,80000.0,0.07294942438602448
train/l1_priming,1.0,0.0
train/l1_priming,50.0,0.0
train/l1_priming,100.0,0.0
train/l1_priming,150.0,0.0
train/l1_priming,200.0,0.0
train/l1_priming,250.0,0.0
train/l1_priming,300.0,0.0
train/l1_priming,350.0,0.0
train/l1_priming,400.0,0.0
train/l1_priming,450.0,0.0
train/l1_priming,500.0,0.0
train/l1_priming,550.0,0.0
train/l1_priming,600.0,0.0
train/l1_priming,650.0,0.0
train/l1_priming,700.0,0.0
train/l1_priming,750.0,0.0
train/l1_priming,800.0,0.0
train/l1_priming,850.0,0.0
train/l1_priming,900.0,0.0
train/l1_priming,950.0,0.0
train/l1_priming,1000.0,0.0
train/l1_priming,1050.0,0.0
train/l1_priming,1100.0,0.0
train/l1_priming,1150.0,0.0
train/l1_priming,1200.0,0.0
train/l1_priming,1250.0,0.0
train/l1_priming,1300.0,0.0
train/l1_priming,1350.0,0.0
train/l1_priming,1400.0,0.0
train/l1_priming,1450.0,0.0
train/l1_priming,1500.0,0.0
train/l1_priming,1550.0,0.0
train/l1_priming,1600.0,0.0
train/l1_priming,1650.0,0.0
train/l1_priming,1700.0,0.0
train/l1_priming,1750.0,0.0
train/l1_priming,1800.0,0.0
train/l1_priming,1850.0,0.0
train/l1_priming,1900.0,0.0
train/l1_priming,1950.0,0.0
train/l1_priming,2000.0,0.0
train/l1_priming,2050.0,0.0
train/l1_priming,2100.0,0.0
train/l1_priming,2150.0,0.0
train/l1_priming,2200.0,0.0
train/l1_priming,2250.0,0.0
train/l1_priming,2300.0,0.0
train/l1_priming,2350.0,0.0
train/l1_priming,2400.0,0.0
train/l1_priming,2450.0,0.0
train/l1_priming,2500.0,0.0
train/l1_priming,2550.0,0.0
train/l1_priming,2600.0,0.0
train/l1_priming,2650.0,0.0
train/l1_priming,2700.0,0.0
train/l1_priming,2750.0,0.0
train/l1_priming,2800.0,0.0
train/l1_priming,2850.0,0.0
train/l1_priming,2900.0,0.0
train/l1_priming,2950.0,0.0
train/l1_priming,3000.0,0.0
train/l1_priming,3050.0,0.0
train/l1_priming,3100.0,0.0
train/l1_priming,3150.0,0.0
train/l1_priming,3200.0,0.0
train/l1_priming,3250.0,0.0
train/l1_priming,3300.0,0.0
train/l1_priming,3350.0,0.0
train/l1_priming,3400.0,0.0
train/l1_priming,3450.0,0.0
train/l1_priming,3500.0,0.0
train/l1_priming,3550.0,0.0
train/l1_priming,3600.0,0.0
train/l1_priming,3650.0,0.0
train/l1_priming,3700.0,0.0
train/l1_priming,3750.0,0.0
train/l1_priming,3800.0,0.0
train/l1_priming,3850.0,0.0
train/l1_priming,3900.0,0.0
train/l1_priming,3950.0,0.0
train/l1_priming,4000.0,0.0
train/l1_priming,4050.0,0.0
train/l1_priming,4100.0,0.0
train/l1_priming,4150.0,0.0
train/l1_priming,4200.0,0.0
train/l1_priming,4250.0,0.0
train/l1_priming,4300.0,0.0
train/l1_priming,4350.0,0.0
train/l1_priming,4400.0,0.0
train/l1_priming,4450.0,0.0
train/l1_priming,4500.0,0.0
train/l1_priming,4550.0,0.0
train/l1_priming,4600.0,0.0
train/l1_priming,4650.0,0.0
train/l1_priming,4700.0,0.0
train/l1_priming,4750.0,0.0
train/l1_priming,4800.0,0.0
train/l1_priming,4850.0,0.0
train/l1_priming,4900.0,0.0
train/l1_priming,4950.0,0.0
train/l1_priming,5000.0,0.0
train/l1_priming,5050.0,0.0
train/l1_priming,5100.0,0.0
train/l1_priming,5150.0,0.0
train/l1_priming,5200.0,0.0
train/l1_priming,5250.0,0.0
train/l1_priming,5300.0,0.0
train/l1_priming,5350.0,0.0
train/l1_priming,5400.0,0.0
train/l1_priming,5450.0,0.0
train/l1_priming,5500.0,0.0
train/l1_priming,5550.0,0.0
train/l1_priming,5600.0,0.0
train/l1_priming,5650.0,0.0
train/l1_priming,5700.0,0.0
train/l1_priming,5750.0,0.0
train/l1_priming,5800.0,0.0
train/l1_priming,5850.0,0.0
train/l1_priming,5900.0,0.0
train/l1_priming,5950.0,0.0
train/l1_priming,6000.0,0.0
train/l1_priming,6050.0,0.0
train/l1_priming,6100.0,0.0
train/l1_priming,6150.0,0.0
train/l1_priming,6200.0,0.0
train/l1_priming,6250.0,0.0
train/l1_priming,6300.0,0.0
train/l1_priming,6350.0,0.0
train/l1_priming,6400.0,0.0
train/l1_priming,6450.0,0.0
train/l1_priming,6500.0,0.0
train/l1_priming,6550.0,0.0
train/l1_priming,6600.0,0.0
train/l1_priming,6650.0,0.0
train/l1_priming,6700.0,0.0
train/l1_priming,6750.0,0.0
train/l1_priming,6800.0,0.0
train/l1_priming,6850.0,0.0
train/l1_priming,6900.0,0.0
train/l1_priming,6950.0,0.0
train/l1_priming,7000.0,0.0
train/l1_priming,7050.0,0.0
train/l1_priming,7100.0,0.0
train/l1_priming,7150.0,0.0
train/l1_priming,7200.0,0.0
train/l1_priming,7250.0,0.0
train/l1_priming,7300.0,0.0
train/l1_priming,7350.0,0.0
train/l1_priming,7400.0,0.0
train/l1_priming,7450.0,0.0
train/l1_priming,7500.0,0.0
train/l1_priming,7550.0,0.0
train/l1_priming,7600.0,0.0
train/l1_priming,7650.0,0.0
train/l1_priming,7700.0,0.0
train/l1_priming,7750.0,0.0
train/l1_priming,7800.0,0.0
train/l1_priming,7850.0,0.0
train/l1_priming,7900.0,0.0
train/l1_priming,7950.0,0.0
train/l1_priming,8000.0,0.0
train/l1_priming,8050.0,0.0
train/l1_priming,8100.0,0.0
train/l1_priming,8150.0,0.0
train/l1_priming,8200.0,0.0
train/l1_priming,8250.0,0.0
train/l1_priming,8300.0,0.0
train/l1_priming,8350.0,0.0
train/l1_priming,8400.0,0.0
train/l1_priming,8450.0,0.0
train/l1_priming,8500.0,0.0
train/l1_priming,8550.0,0.0
train/l1_priming,8600.0,0.0
train/l1_priming,8650.0,0.0
train/l1_priming,8700.0,0.0
train/l1_priming,8750.0,0.0
train/l1_priming,8800.0,0.0
train/l1_priming,8850.0,0.0
train/l1_priming,8900.0,0.0
train/l1_priming,8950.0,0.0
train/l1_priming,9000.0,0.0
train/l1_priming,9050.0,0.0
train/l1_priming,9100.0,0.0
train/l1_priming,9150.0,0.0
train/l1_priming,9200.0,0.0
train/l1_priming,9250.0,0.0
train/l1_priming,9300.0,0.0
train/l1_priming,9350.0,0.0
train/l1_priming,9400.0,0.0
train/l1_priming,9450.0,0.0
train/l1_priming,9500.0,0.0
train/l1_priming,9550.0,0.0
train/l1_priming,9600.0,0.0
train/l1_priming,9650.0,0.0
train/l1_priming,9700.0,0.0
train/l1_priming,9750.0,0.0
train/l1_priming,9800.0,0.0
train/l1_priming,9850.0,0.0
train/l1_priming,9900.0,0.0
train/l1_priming,9950.0,0.0
train/l1_priming,10000.0,0.0
train/l1_priming,10050.0,0.0
train/l1_priming,10100.0,0.0
train/l1_priming,10150.0,0.0
train/l1_priming,10200.0,0.0
train/l1_priming,10250.0,0.0
train/l1_priming,10300.0,0.0
train/l1_priming,10350.0,0.0
train/l1_priming,10400.0,0.0
train/l1_priming,10450.0,0.0
train/l1_priming,10500.0,0.0
train/l1_priming,10550.0,0.0
train/l1_priming,10600.0,0.0
train/l1_priming,10650.0,0.0
train/l1_priming,10700.0,0.0
train/l1_priming,10750.0,0.0
train/l1_priming,10800.0,0.0
train/l1_priming,10850.0,0.0
train/l1_priming,10900.0,0.0
train/l1_priming,10950.0,0.0
train/l1_priming,11000.0,0.0
train/l1_priming,11050.0,0.0
train/l1_priming,11100.0,0.0
train/l1_priming,11150.0,0.0
train/l1_priming,11200.0,0.0
train/l1_priming,11250.0,0.0
train/l1_priming,11300.0,0.0
train/l1_priming,11350.0,0.0
train/l1_priming,11400.0,0.0
train/l1_priming,11450.0,0.0
train/l1_priming,11500.0,0.0
train/l1_priming,11550.0,0.0
train/l1_priming,11600.0,0.0
train/l1_priming,11650.0,0.0
train/l1_priming,11700.0,0.0
train/l1_priming,11750.0,0.0
train/l1_priming,11800.0,0.0
train/l1_priming,11850.0,0.0
train/l1_priming,11900.0,0.0
train/l1_priming,11950.0,0.0
train/l1_priming,12000.0,0.0
train/l1_priming,12050.0,0.0
train/l1_priming,12100.0,0.0
train/l1_priming,12150.0,0.0
train/l1_priming,12200.0,0.0
train/l1_priming,12250.0,0.0
train/l1_priming,12300.0,0.0
train/l1_priming,12350.0,0.0
train/l1_priming,12400.0,0.0
train/l1_priming,12450.0,0.0
train/l1_priming,12500.0,0.0
train/l1_priming,12550.0,0.0
train/l1_priming,12600.0,0.0
train/l1_priming,12650.0,0.0
train/l1_priming,12700.0,0.0
train/l1_priming,12750.0,0.0
train/l1_priming,12800.0,0.0
train/l1_priming,12850.0,0.0
train/l1_priming,12900.0,0.0
train/l1_priming,12950.0,0.0
train/l1_priming,13000.0,0.0
train/l1_priming,13050.0,0.0
train/l1_priming,13100.0,0.0
train/l1_priming,13150.0,0.0
train/l1_priming,13200.0,0.0
train/l1_priming,13250.0,0.0
train/l1_priming,13300.0,0.0
train/l1_priming,13350.0,0.0
train/l1_priming,13400.0,0.0
train/l1_priming,13450.0,0.0
train/l1_priming,13500.0,0.0
train/l1_priming,13550.0,0.0
train/l1_priming,13600.0,0.0
train/l1_priming,13650.0,0.0
train/l1_priming,13700.0,0.0
train/l1_priming,13750.0,0.0
train/l1_priming,13800.0,0.0
train/l1_priming,13850.0,0.0
train/l1_priming,13900.0,0.0
train/l1_priming,13950.0,0.0
train/l1_priming,14000.0,0.0
train/l1_priming,14050.0,0.0
train/l1_priming,14100.0,0.0
train/l1_priming,14150.0,0.0
train/l1_priming,14200.0,0.0
train/l1_priming,14250.0,0.0
train/l1_priming,14300.0,0.0
train/l1_priming,14350.0,0.0
train/l1_priming,14400.0,0.0
train/l1_priming,14450.0,0.0
train/l1_priming,14500.0,0.0
train/l1_priming,14550.0,0.0
train/l1_priming,14600.0,0.0
train/l1_priming,14650.0,0.0
train/l1_priming,14700.0,0.0
train/l1_priming,14750.0,0.0
train/l1_priming,14800.0,0.0
train/l1_priming,14850.0,0.0
train/l1_priming,14900.0,0.0
train/l1_priming,14950.0,0.0
train/l1_priming,15000.0,0.0
train/l1_priming,15050.0,0.0
train/l1_priming,15100.0,0.0
train/l1_priming,15150.0,0.0
train/l1_priming,15200.0,0.0
train/l1_priming,15250.0,0.0
train/l1_priming,15300.0,0.0
train/l1_priming,15350.0,0.0
train/l1_priming,15400.0,0.0
train/l1_priming,15450.0,0.0
train/l1_priming,15500.0,0.0
train/l1_priming,15550.0,0.0
train/l1_priming,15600.0,0.0
train/l1_priming,15650.0,0.0
train/l1_priming,15700.0,0.0
train/l1_priming,15750.0,0.0
train/l1_priming,15800.0,0.0
train/l1_priming,15850.0,0.0
train/l1_priming,15900.0,0.0
train/l1_priming,15950.0,0.0
train/l1_priming,16000.0,0.0
train/l1_priming,16050.0,0.0
train/l1_priming,16100.0,0.0
train/l1_priming,16150.0,0.0
train/l1_priming,16200.0,0.0
train/l1_priming,16250.0,0.0
train/l1_priming,16300.0,0.0
train/l1_priming,16350.0,0.0
train/l1_priming,16400.0,0.0
train/l1_priming,16450.0,0.0
train/l1_priming,16500.0,0.0
train/l1_priming,16550.0,0.0
train/l1_priming,16600.0,0.0
train/l1_priming,16650.0,0.0
train/l1_priming,16700.0,0.0
train/l1_priming,16750.0,0.0
train/l1_priming,16800.0,0.0
train/l1_priming,16850.0,0.0
train/l1_priming,16900.0,0.0
train/l1_priming,16950.0,0.0
train/l1_priming,17000.0,0.0
train/l1_priming,17050.0,0.0
train/l1_priming,17100.0,0.0
train/l1_priming,17150.0,0.0
train/l1_priming,17200.0,0.0
train/l1_priming,17250.0,0.0
train/l1_priming,17300.0,0.0
train/l1_priming,17350.0,0.0
train/l1_priming,17400.0,0.0
train/l1_priming,17450.0,0.0
train/l1_priming,17500.0,0.0
train/l1_priming,17550.0,0.0
train/l1_priming,17600.0,0.0
train/l1_priming,17650.0,0.0
train/l1_priming,17700.0,0.0
train/l1_priming,17750.0,0.0
train/l1_priming,17800.0,0.0
train/l1_priming,17850.0,0.0
train/l1_priming,17900.0,0.0
train/l1_priming,17950.0,0.0
train/l1_priming,18000.0,0.0
train/l1_priming,18050.0,0.0
train/l1_priming,18100.0,0.0
train/l1_priming,18150.0,0.0
train/l1_priming,18200.0,0.0
train/l1_priming,18250.0,0.0
train/l1_priming,18300.0,0.0
train/l1_priming,18350.0,0.0
train/l1_priming,18400.0,0.0
train/l1_priming,18450.0,0.0
train/l1_priming,18500.0,0.0
train/l1_priming,18550.0,0.0
train/l1_priming,18600.0,0.0
train/l1_priming,18650.0,0.0
train/l1_priming,18700.0,0.0
train/l1_priming,18750.0,0.0
train/l1_priming,18800.0,0.0
train/l1_priming,18850.0,0.0
train/l1_priming,18900.0,0.0
train/l1_priming,18950.0,0.0
train/l1_priming,19000.0,0.0
train/l1_priming,19050.0,0.0
train/l1_priming,19100.0,0.0
train/l1_priming,19150.0,0.0
train/l1_priming,19200.0,0.0
train/l1_priming,19250.0,0.0
train/l1_priming,19300.0,0.0
train/l1_priming,19350.0,0.0
train/l1_priming,19400.0,0.0
train/l1_priming,19450.0,0.0
train/l1_priming,19500.0,0.0
train/l1_priming,19550.0,0.0
train/l1_priming,19600.0,0.0
train/l1_priming,19650.0,0.0
train/l1_priming,19700.0,0.0
train/l1_priming,19750.0,0.0
train/l1_priming,19800.0,0.0
train/l1_priming,19850.0,0.0
train/l1_priming,19900.0,0.0
train/l1_priming,19950.0,0.0
train/l1_priming,20000.0,0.0
train/l1_priming,20050.0,0.0
train/l1_priming,20100.0,0.0
train/l1_priming,20150.0,0.0
train/l1_priming,20200.0,0.0
train/l1_priming,20250.0,0.0
train/l1_priming,20300.0,0.0
train/l1_priming,20350.0,0.0
train/l1_priming,20400.0,0.0
train/l1_priming,20450.0,0.0
train/l1_priming,20500.0,0.0
train/l1_priming,20550.0,0.0
train/l1_priming,20600.0,0.0
train/l1_priming,20650.0,0.0
train/l1_priming,20700.0,0.0
train/l1_priming,20750.0,0.0
train/l1_priming,20800.0,0.0
train/l1_priming,20850.0,0.0
train/l1_priming,20900.0,0.0
train/l1_priming,20950.0,0.0
train/l1_priming,21000.0,0.0
train/l1_priming,21050.0,0.0
train/l1_priming,21100.0,0.0
train/l1_priming,21150.0,0.0
train/l1_priming,21200.0,0.0
train/l1_priming,21250.0,0.0
train/l1_priming,21300.0,0.0
train/l1_priming,21350.0,0.0
train/l1_priming,21400.0,0.0
train/l1_priming,21450.0,0.0
train/l1_priming,21500.0,0.0
train/l1_priming,21550.0,0.0
train/l1_priming,21600.0,0.0
train/l1_priming,21650.0,0.0
train/l1_priming,21700.0,0.0
train/l1_priming,21750.0,0.0
train/l1_priming,21800.0,0.0
train/l1_priming,21850.0,0.0
train/l1_priming,21900.0,0.0
train/l1_priming,21950.0,0.0
train/l1_priming,22000.0,0.0
train/l1_priming,22050.0,0.0
train/l1_priming,22100.0,0.0
train/l1_priming,22150.0,0.0
train/l1_priming,22200.0,0.0
train/l1_priming,22250.0,0.0
train/l1_priming,22300.0,0.0
train/l1_priming,22350.0,0.0
train/l1_priming,22400.0,0.0
train/l1_priming,22450.0,0.0
train/l1_priming,22500.0,0.0
train/l1_priming,22550.0,0.0
train/l1_priming,22600.0,0.0
train/l1_priming,22650.0,0.0
train/l1_priming,22700.0,0.0
train/l1_priming,22750.0,0.0
train/l1_priming,22800.0,0.0
train/l1_priming,22850.0,0.0
train/l1_priming,22900.0,0.0
train/l1_priming,22950.0,0.0
train/l1_priming,23000.0,0.0
train/l1_priming,23050.0,0.0
train/l1_priming,23100.0,0.0
train/l1_priming,23150.0,0.0
train/l1_priming,23200.0,0.0
train/l1_priming,23250.0,0.0
train/l1_priming,23300.0,0.0
train/l1_priming,23350.0,0.0
train/l1_priming,23400.0,0.0
train/l1_priming,23450.0,0.0
train/l1_priming,23500.0,0.0
train/l1_priming,23550.0,0.0
train/l1_priming,23600.0,0.0
train/l1_priming,23650.0,0.0
train/l1_priming,23700.0,0.0
train/l1_priming,23750.0,0.0
train/l1_priming,23800.0,0.0
train/l1_priming,23850.0,0.0
train/l1_priming,23900.0,0.0
train/l1_priming,23950.0,0.0
train/l1_priming,24000.0,0.0
train/l1_priming,24050.0,0.0
train/l1_priming,24100.0,0.0
train/l1_priming,24150.0,0.0
train/l1_priming,24200.0,0.0
train/l1_priming,24250.0,0.0
train/l1_priming,24300.0,0.0
train/l1_priming,24350.0,0.0
train/l1_priming,24400.0,0.0
train/l1_priming,24450.0,0.0
train/l1_priming,24500.0,0.0
train/l1_priming,24550.0,0.0
train/l1_priming,24600.0,0.0
train/l1_priming,24650.0,0.0
train/l1_priming,24700.0,0.0
train/l1_priming,24750.0,0.0
train/l1_priming,24800.0,0.0
train/l1_priming,24850.0,0.0
train/l1_priming,24900.0,0.0
train/l1_priming,24950.0,0.0
train/l1_priming,25000.0,0.0
train/l1_priming,25050.0,0.0
train/l1_priming,25100.0,0.0
train/l1_priming,25150.0,0.0
train/l1_priming,25200.0,0.0
train/l1_priming,25250.0,0.0
train/l1_priming,25300.0,0.0
train/l1_priming,25350.0,0.0
train/l1_priming,25400.0,0.0
train/l1_priming,25450.0,0.0
train/l1_priming,25500.0,0.0
train/l1_priming,25550.0,0.0
train/l1_priming,25600.0,0.0
train/l1_priming,25650.0,0.0
train/l1_priming,25700.0,0.0
train/l1_priming,25750.0,0.0
train/l1_priming,25800.0,0.0
train/l1_priming,25850.0,0.0
train/l1_priming,25900.0,0.0
train/l1_priming,25950.0,0.0
train/l1_priming,26000.0,0.0
train/l1_priming,26050.0,0.0
train/l1_priming,26100.0,0.0
train/l1_priming,26150.0,0.0
train/l1_priming,26200.0,0.0
train/l1_priming,26250.0,0.0
train/l1_priming,26300.0,0.0
train/l1_priming,26350.0,0.0
train/l1_priming,26400.0,0.0
train/l1_priming,26450.0,0.0
train/l1_priming,26500.0,0.0
train/l1_priming,26550.0,0.0
train/l1_priming,26600.0,0.0
train/l1_priming,26650.0,0.0
train/l1_priming,26700.0,0.0
train/l1_priming,26750.0,0.0
train/l1_priming,26800.0,0.0
train/l1_priming,26850.0,0.0
train/l1_priming,26900.0,0.0
train/l1_priming,26950.0,0.0
train/l1_priming,27000.0,0.0
train/l1_priming,27050.0,0.0
train/l1_priming,27100.0,0.0
train/l1_priming,27150.0,0.0
train/l1_priming,27200.0,0.0
train/l1_priming,27250.0,0.0
train/l1_priming,27300.0,0.0
train/l1_priming,27350.0,0.0
train/l1_priming,27400.0,0.0
train/l1_priming,27450.0,0.0
train/l1_priming,27500.0,0.0
train/l1_priming,27550.0,0.0
train/l1_priming,27600.0,0.0
train/l1_priming,27650.0,0.0
train/l1_priming,27700.0,0.0
train/l1_priming,27750.0,0.0
train/l1_priming,27800.0,0.0
train/l1_priming,27850.0,0.0
train/l1_priming,27900.0,0.0
train/l1_priming,27950.0,0.0
train/l1_priming,28000.0,0.0
train/l1_priming,28050.0,0.0
train/l1_priming,28100.0,0.0
train/l1_priming,28150.0,0.0
train/l1_priming,28200.0,0.0
train/l1_priming,28250.0,0.0
train/l1_priming,28300.0,0.0
train/l1_priming,28350.0,0.0
train/l1_priming,28400.0,0.0
train/l1_priming,28450.0,0.0
train/l1_priming,28500.0,0.0
train/l1_priming,28550.0,0.0
train/l1_priming,28600.0,0.0
train/l1_priming,28650.0,0.0
train/l1_priming,28700.0,0.0
train/l1_priming,28750.0,0.0
train/l1_priming,28800.0,0.0
train/l1_priming,28850.0,0.0
train/l1_priming,28900.0,0.0
train/l1_priming,28950.0,0.0
train/l1_priming,29000.0,0.0
train/l1_priming,29050.0,0.0
train/l1_priming,29100.0,0.0
train/l1_priming,29150.0,0.0
train/l1_priming,29200.0,0.0
train/l1_priming,29250.0,0.0
train/l1_priming,29300.0,0.0
train/l1_priming,29350.0,0.0
train/l1_priming,29400.0,0.0
train/l1_priming,29450.0,0.0
train/l1_priming,29500.0,0.0
train/l1_priming,29550.0,0.0
train/l1_priming,29600.0,0.0
train/l1_priming,29650.0,0.0
train/l1_priming,29700.0,0.0
train/l1_priming,29750.0,0.0
train/l1_priming,29800.0,0.0
train/l1_priming,29850.0,0.0
train/l1_priming,29900.0,0.0
train/l1_priming,29950.0,0.0
train/l1_priming,30000.0,0.0
train/l1_priming,30050.0,0.0
train/l1_priming,30100.0,0.0
train/l1_priming,30150.0,0.0
train/l1_priming,30200.0,0.0
train/l1_priming,30250.0,0.0
train/l1_priming,30300.0,0.0
train/l1_priming,30350.0,0.0
train/l1_priming,30400.0,0.0
train/l1_priming,30450.0,0.0
train/l1_priming,30500.0,0.0
train/l1_priming,30550.0,0.0
train/l1_priming,30600.0,0.0
train/l1_priming,30650.0,0.0
train/l1_priming,30700.0,0.0
train/l1_priming,30750.0,0.0
train/l1_priming,30800.0,0.0
train/l1_priming,30850.0,0.0
train/l1_priming,30900.0,0.0
train/l1_priming,30950.0,0.0
train/l1_priming,31000.0,0.0
train/l1_priming,31050.0,0.0
train/l1_priming,31100.0,0.0
train/l1_priming,31150.0,0.0
train/l1_priming,31200.0,0.0
train/l1_priming,31250.0,0.0
train/l1_priming,31300.0,0.0
train/l1_priming,31350.0,0.0
train/l1_priming,31400.0,0.0
train/l1_priming,31450.0,0.0
train/l1_priming,31500.0,0.0
train/l1_priming,31550.0,0.0
train/l1_priming,31600.0,0.0
train/l1_priming,31650.0,0.0
train/l1_priming,31700.0,0.0
train/l1_priming,31750.0,0.0
train/l1_priming,31800.0,0.0
train/l1_priming,31850.0,0.0
train/l1_priming,31900.0,0.0
train/l1_priming,31950.0,0.0
train/l1_priming,32000.0,0.0
train/l1_priming,32050.0,0.0
train/l1_priming,32100.0,0.0
train/l1_priming,32150.0,0.0
train/l1_priming,32200.0,0.0
train/l1_priming,32250.0,0.0
train/l1_priming,32300.0,0.0
train/l1_priming,32350.0,0.0
train/l1_priming,32400.0,0.0
train/l1_priming,32450.0,0.0
train/l1_priming,32500.0,0.0
train/l1_priming,32550.0,0.0
train/l1_priming,32600.0,0.0
train/l1_priming,32650.0,0.0
train/l1_priming,32700.0,0.0
train/l1_priming,32750.0,0.0
train/l1_priming,32800.0,0.0
train/l1_priming,32850.0,0.0
train/l1_priming,32900.0,0.0
train/l1_priming,32950.0,0.0
train/l1_priming,33000.0,0.0
train/l1_priming,33050.0,0.0
train/l1_priming,33100.0,0.0
train/l1_priming,33150.0,0.0
train/l1_priming,33200.0,0.0
train/l1_priming,33250.0,0.0
train/l1_priming,33300.0,0.0
train/l1_priming,33350.0,0.0
train/l1_priming,33400.0,0.0
train/l1_priming,33450.0,0.0
train/l1_priming,33500.0,0.0
train/l1_priming,33550.0,0.0
train/l1_priming,33600.0,0.0
train/l1_priming,33650.0,0.0
train/l1_priming,33700.0,0.0
train/l1_priming,33750.0,0.0
train/l1_priming,33800.0,0.0
train/l1_priming,33850.0,0.0
train/l1_priming,33900.0,0.0
train/l1_priming,33950.0,0.0
train/l1_priming,34000.0,0.0
train/l1_priming,34050.0,0.0
train/l1_priming,34100.0,0.0
train/l1_priming,34150.0,0.0
train/l1_priming,34200.0,0.0
train/l1_priming,34250.0,0.0
train/l1_priming,34300.0,0.0
train/l1_priming,34350.0,0.0
train/l1_priming,34400.0,0.0
train/l1_priming,34450.0,0.0
train/l1_priming,34500.0,0.0
train/l1_priming,34550.0,0.0
train/l1_priming,34600.0,0.0
train/l1_priming,34650.0,0.0
train/l1_priming,34700.0,0.0
train/l1_priming,34750.0,0.0
train/l1_priming,34800.0,0.0
train/l1_priming,34850.0,0.0
train/l1_priming,34900.0,0.0
train/l1_priming,34950.0,0.0
train/l1_priming,35000.0,0.0
train/l1_priming,35050.0,0.0
train/l1_priming,35100.0,0.0
train/l1_priming,35150.0,0.0
train/l1_priming,35200.0,0.0
train/l1_priming,35250.0,0.0
train/l1_priming,35300.0,0.0
train/l1_priming,35350.0,0.0
train/l1_priming,35400.0,0.0
train/l1_priming,35450.0,0.0
train/l1_priming,35500.0,0.0
train/l1_priming,35550.0,0.0
train/l1_priming,35600.0,0.0
train/l1_priming,35650.0,0.0
train/l1_priming,35700.0,0.0
train/l1_priming,35750.0,0.0
train/l1_priming,35800.0,0.0
train/l1_priming,35850.0,0.0
train/l1_priming,35900.0,0.0
train/l1_priming,35950.0,0.0
train/l1_priming,36000.0,0.0
train/l1_priming,36050.0,0.0
train/l1_priming,36100.0,0.0
train/l1_priming,36150.0,0.0
train/l1_priming,36200.0,0.0
train/l1_priming,36250.0,0.0
train/l1_priming,36300.0,0.0
train/l1_priming,36350.0,0.0
train/l1_priming,36400.0,0.0
train/l1_priming,36450.0,0.0
train/l1_priming,36500.0,0.0
train/l1_priming,36550.0,0.0
train/l1_priming,36600.0,0.0
train/l1_priming,36650.0,0.0
train/l1_priming,36700.0,0.0
train/l1_priming,36750.0,0.0
train/l1_priming,36800.0,0.0
train/l1_priming,36850.0,0.0
train/l1_priming,36900.0,0.0
train/l1_priming,36950.0,0.0
train/l1_priming,37000.0,0.0
train/l1_priming,37050.0,0.0
train/l1_priming,37100.0,0.0
train/l1_priming,37150.0,0.0
train/l1_priming,37200.0,0.0
train/l1_priming,37250.0,0.0
train/l1_priming,37300.0,0.0
train/l1_priming,37350.0,0.0
train/l1_priming,37400.0,0.0
train/l1_priming,37450.0,0.0
train/l1_priming,37500.0,0.0
train/l1_priming,37550.0,0.0
train/l1_priming,37600.0,0.0
train/l1_priming,37650.0,0.0
train/l1_priming,37700.0,0.0
train/l1_priming,37750.0,0.0
train/l1_priming,37800.0,0.0
train/l1_priming,37850.0,0.0
train/l1_priming,37900.0,0.0
train/l1_priming,37950.0,0.0
train/l1_priming,38000.0,0.0
train/l1_priming,38050.0,0.0
train/l1_priming,38100.0,0.0
train/l1_priming,38150.0,0.0
train/l1_priming,38200.0,0.0
train/l1_priming,38250.0,0.0
train/l1_priming,38300.0,0.0
train/l1_priming,38350.0,0.0
train/l1_priming,38400.0,0.0
train/l1_priming,38450.0,0.0
train/l1_priming,38500.0,0.0
train/l1_priming,38550.0,0.0
train/l1_priming,38600.0,0.0
train/l1_priming,38650.0,0.0
train/l1_priming,38700.0,0.0
train/l1_priming,38750.0,0.0
train/l1_priming,38800.0,0.0
train/l1_priming,38850.0,0.0
train/l1_priming,38900.0,0.0
train/l1_priming,38950.0,0.0
train/l1_priming,39000.0,0.0
train/l1_priming,39050.0,0.0
train/l1_priming,39100.0,0.0
train/l1_priming,39150.0,0.0
train/l1_priming,39200.0,0.0
train/l1_priming,39250.0,0.0
train/l1_priming,39300.0,0.0
train/l1_priming,39350.0,0.0
train/l1_priming,39400.0,0.0
train/l1_priming,39450.0,0.0
train/l1_priming,39500.0,0.0
train/l1_priming,39550.0,0.0
train/l1_priming,39600.0,0.0
train/l1_priming,39650.0,0.0
train/l1_priming,39700.0,0.0
train/l1_priming,39750.0,0.0
train/l1_priming,39800.0,0.0
train/l1_priming,39850.0,0.0
train/l1_priming,39900.0,0.0
train/l1_priming,39950.0,0.0
train/l1_priming,40000.0,0.0
train/l1_priming,40050.0,0.0
train/l1_priming,40100.0,0.0
train/l1_priming,40150.0,0.0
train/l1_priming,40200.0,0.0
train/l1_priming,40250.0,0.0
train/l1_priming,40300.0,0.0
train/l1_priming,40350.0,0.0
train/l1_priming,40400.0,0.0
train/l1_priming,40450.0,0.0
train/l1_priming,40500.0,0.0
train/l1_priming,40550.0,0.0
train/l1_priming,40600.0,0.0
train/l1_priming,40650.0,0.0
train/l1_priming,40700.0,0.0
train/l1_priming,40750.0,0.0
train/l1_priming,40800.0,0.0
train/l1_priming,40850.0,0.0
train/l1_priming,40900.0,0.0
train/l1_priming,40950.0,0.0
train/l1_priming,41000.0,0.0
train/l1_priming,41050.0,0.0
train/l1_priming,41100.0,0.0
train/l1_priming,41150.0,0.0
train/l1_priming,41200.0,0.0
train/l1_priming,41250.0,0.0
train/l1_priming,41300.0,0.0
train/l1_priming,41350.0,0.0
train/l1_priming,41400.0,0.0
train/l1_priming,41450.0,0.0
train/l1_priming,41500.0,0.0
train/l1_priming,41550.0,0.0
train/l1_priming,41600.0,0.0
train/l1_priming,41650.0,0.0
train/l1_priming,41700.0,0.0
train/l1_priming,41750.0,0.0
train/l1_priming,41800.0,0.0
train/l1_priming,41850.0,0.0
train/l1_priming,41900.0,0.0
train/l1_priming,41950.0,0.0
train/l1_priming,42000.0,0.0
train/l1_priming,42050.0,0.0
train/l1_priming,42100.0,0.0
train/l1_priming,42150.0,0.0
train/l1_priming,42200.0,0.0
train/l1_priming,42250.0,0.0
train/l1_priming,42300.0,0.0
train/l1_priming,42350.0,0.0
train/l1_priming,42400.0,0.0
train/l1_priming,42450.0,0.0
train/l1_priming,42500.0,0.0
train/l1_priming,42550.0,0.0
train/l1_priming,42600.0,0.0
train/l1_priming,42650.0,0.0
train/l1_priming,42700.0,0.0
train/l1_priming,42750.0,0.0
train/l1_priming,42800.0,0.0
train/l1_priming,42850.0,0.0
train/l1_priming,42900.0,0.0
train/l1_priming,42950.0,0.0
train/l1_priming,43000.0,0.0
train/l1_priming,43050.0,0.0
train/l1_priming,43100.0,0.0
train/l1_priming,43150.0,0.0
train/l1_priming,43200.0,0.0
train/l1_priming,43250.0,0.0
train/l1_priming,43300.0,0.0
train/l1_priming,43350.0,0.0
train/l1_priming,43400.0,0.0
train/l1_priming,43450.0,0.0
train/l1_priming,43500.0,0.0
train/l1_priming,43550.0,0.0
train/l1_priming,43600.0,0.0
train/l1_priming,43650.0,0.0
train/l1_priming,43700.0,0.0
train/l1_priming,43750.0,0.0
train/l1_priming,43800.0,0.0
train/l1_priming,43850.0,0.0
train/l1_priming,43900.0,0.0
train/l1_priming,43950.0,0.0
train/l1_priming,44000.0,0.0
train/l1_priming,44050.0,0.0
train/l1_priming,44100.0,0.0
train/l1_priming,44150.0,0.0
train/l1_priming,44200.0,0.0
train/l1_priming,44250.0,0.0
train/l1_priming,44300.0,0.0
train/l1_priming,44350.0,0.0
train/l1_priming,44400.0,0.0
train/l1_priming,44450.0,0.0
train/l1_priming,44500.0,0.0
train/l1_priming,44550.0,0.0
train/l1_priming,44600.0,0.0
train/l1_priming,44650.0,0.0
train/l1_priming,44700.0,0.0
train/l1_priming,44750.0,0.0
train/l1_priming,44800.0,0.0
train/l1_priming,44850.0,0.0
train/l1_priming,44900.0,0.0
train/l1_priming,44950.0,0.0
train/l1_priming,45000.0,0.0
train/l1_priming,45050.0,0.0
train/l1_priming,45100.0,0.0
train/l1_priming,45150.0,0.0
train/l1_priming,45200.0,0.0
train/l1_priming,45250.0,0.0
train/l1_priming,45300.0,0.0
train/l1_priming,45350.0,0.0
train/l1_priming,45400.0,0.0
train/l1_priming,45450.0,0.0
train/l1_priming,45500.0,0.0
train/l1_priming,45550.0,0.0
train/l1_priming,45600.0,0.0
train/l1_priming,45650.0,0.0
train/l1_priming,45700.0,0.0
train/l1_priming,45750.0,0.0
train/l1_priming,45800.0,0.0
train/l1_priming,45850.0,0.0
train/l1_priming,45900.0,0.0
train/l1_priming,45950.0,0.0
train/l1_priming,46000.0,0.0
train/l1_priming,46050.0,0.0
train/l1_priming,46100.0,0.0
train/l1_priming,46150.0,0.0
train/l1_priming,46200.0,0.0
train/l1_priming,46250.0,0.0
train/l1_priming,46300.0,0.0
train/l1_priming,46350.0,0.0
train/l1_priming,46400.0,0.0
train/l1_priming,46450.0,0.0
train/l1_priming,46500.0,0.0
train/l1_priming,46550.0,0.0
train/l1_priming,46600.0,0.0
train/l1_priming,46650.0,0.0
train/l1_priming,46700.0,0.0
train/l1_priming,46750.0,0.0
train/l1_priming,46800.0,0.0
train/l1_priming,46850.0,0.0
train/l1_priming,46900.0,0.0
train/l1_priming,46950.0,0.0
train/l1_priming,47000.0,0.0
train/l1_priming,47050.0,0.0
train/l1_priming,47100.0,0.0
train/l1_priming,47150.0,0.0
train/l1_priming,47200.0,0.0
train/l1_priming,47250.0,0.0
train/l1_priming,47300.0,0.0
train/l1_priming,47350.0,0.0
train/l1_priming,47400.0,0.0
train/l1_priming,47450.0,0.0
train/l1_priming,47500.0,0.0
train/l1_priming,47550.0,0.0
train/l1_priming,47600.0,0.0
train/l1_priming,47650.0,0.0
train/l1_priming,47700.0,0.0
train/l1_priming,47750.0,0.0
train/l1_priming,47800.0,0.0
train/l1_priming,47850.0,0.0
train/l1_priming,47900.0,0.0
train/l1_priming,47950.0,0.0
train/l1_priming,48000.0,0.0
train/l1_priming,48050.0,0.0
train/l1_priming,48100.0,0.0
train/l1_priming,48150.0,0.0
train/l1_priming,48200.0,0.0
train/l1_priming,48250.0,0.0
train/l1_priming,48300.0,0.0
train/l1_priming,48350.0,0.0
train/l1_priming,48400.0,0.0
train/l1_priming,48450.0,0.0
train/l1_priming,48500.0,0.0
train/l1_priming,48550.0,0.0
train/l1_priming,48600.0,0.0
train/l1_priming,48650.0,0.0
train/l1_priming,48700.0,0.0
train/l1_priming,48750.0,0.0
train/l1_priming,48800.0,0.0
train/l1_priming,48850.0,0.0
train/l1_priming,48900.0,0.0
train/l1_priming,48950.0,0.0
train/l1_priming,49000.0,0.0
train/l1_priming,49050.0,0.0
train/l1_priming,49100.0,0.0
train/l1_priming,49150.0,0.0
train/l1_priming,49200.0,0.0
train/l1_priming,49250.0,0.0
train/l1_priming,49300.0,0.0
train/l1_priming,49350.0,0.0
train/l1_priming,49400.0,0.0
train/l1_priming,49450.0,0.0
train/l1_priming,49500.0,0.0
train/l1_priming,49550.0,0.0
train/l1_priming,49600.0,0.0
train/l1_priming,49650.0,0.0
train/l1_priming,49700.0,0.0
train/l1_priming,49750.0,0.0
train/l1_priming,49800.0,0.0
train/l1_priming,49850.0,0.0
train/l1_priming,49900.0,0.0
train/l1_priming,49950.0,0.0
train/l1_priming,50000.0,0.0
train/l1_priming,50050.0,0.0
train/l1_priming,50100.0,0.0
train/l1_priming,50150.0,0.0
train/l1_priming,50200.0,0.0
train/l1_priming,50250.0,0.0
train/l1_priming,50300.0,0.0
train/l1_priming,50350.0,0.0
train/l1_priming,50400.0,0.0
train/l1_priming,50450.0,0.0
train/l1_priming,50500.0,0.0
train/l1_priming,50550.0,0.0
train/l1_priming,50600.0,0.0
train/l1_priming,50650.0,0.0
train/l1_priming,50700.0,0.0
train/l1_priming,50750.0,0.0
train/l1_priming,50800.0,0.0
train/l1_priming,50850.0,0.0
train/l1_priming,50900.0,0.0
train/l1_priming,50950.0,0.0
train/l1_priming,51000.0,0.0
train/l1_priming,51050.0,0.0
train/l1_priming,51100.0,0.0
train/l1_priming,51150.0,0.0
train/l1_priming,51200.0,0.0
train/l1_priming,51250.0,0.0
train/l1_priming,51300.0,0.0
train/l1_priming,51350.0,0.0
train/l1_priming,51400.0,0.0
train/l1_priming,51450.0,0.0
train/l1_priming,51500.0,0.0
train/l1_priming,51550.0,0.0
train/l1_priming,51600.0,0.0
train/l1_priming,51650.0,0.0
train/l1_priming,51700.0,0.0
train/l1_priming,51750.0,0.0
train/l1_priming,51800.0,0.0
train/l1_priming,51850.0,0.0
train/l1_priming,51900.0,0.0
train/l1_priming,51950.0,0.0
train/l1_priming,52000.0,0.0
train/l1_priming,52050.0,0.0
train/l1_priming,52100.0,0.0
train/l1_priming,52150.0,0.0
train/l1_priming,52200.0,0.0
train/l1_priming,52250.0,0.0
train/l1_priming,52300.0,0.0
train/l1_priming,52350.0,0.0
train/l1_priming,52400.0,0.0
train/l1_priming,52450.0,0.0
train/l1_priming,52500.0,0.0
train/l1_priming,52550.0,0.0
train/l1_priming,52600.0,0.0
train/l1_priming,52650.0,0.0
train/l1_priming,52700.0,0.0
train/l1_priming,52750.0,0.0
train/l1_priming,52800.0,0.0
train/l1_priming,52850.0,0.0
train/l1_priming,52900.0,0.0
train/l1_priming,52950.0,0.0
train/l1_priming,53000.0,0.0
train/l1_priming,53050.0,0.0
train/l1_priming,53100.0,0.0
train/l1_priming,53150.0,0.0
train/l1_priming,53200.0,0.0
train/l1_priming,53250.0,0.0
train/l1_priming,53300.0,0.0
train/l1_priming,53350.0,0.0
train/l1_priming,53400.0,0.0
train/l1_priming,53450.0,0.0
train/l1_priming,53500.0,0.0
train/l1_priming,53550.0,0.0
train/l1_priming,53600.0,0.0
train/l1_priming,53650.0,0.0
train/l1_priming,53700.0,0.0
train/l1_priming,53750.0,0.0
train/l1_priming,53800.0,0.0
train/l1_priming,53850.0,0.0
train/l1_priming,53900.0,0.0
train/l1_priming,53950.0,0.0
train/l1_priming,54000.0,0.0
train/l1_priming,54050.0,0.0
train/l1_priming,54100.0,0.0
train/l1_priming,54150.0,0.0
train/l1_priming,54200.0,0.0
train/l1_priming,54250.0,0.0
train/l1_priming,54300.0,0.0
train/l1_priming,54350.0,0.0
train/l1_priming,54400.0,0.0
train/l1_priming,54450.0,0.0
train/l1_priming,54500.0,0.0
train/l1_priming,54550.0,0.0
train/l1_priming,54600.0,0.0
train/l1_priming,54650.0,0.0
train/l1_priming,54700.0,0.0
train/l1_priming,54750.0,0.0
train/l1_priming,54800.0,0.0
train/l1_priming,54850.0,0.0
train/l1_priming,54900.0,0.0
train/l1_priming,54950.0,0.0
train/l1_priming,55000.0,0.0
train/l1_priming,55050.0,0.0
train/l1_priming,55100.0,0.0
train/l1_priming,55150.0,0.0
train/l1_priming,55200.0,0.0
train/l1_priming,55250.0,0.0
train/l1_priming,55300.0,0.0
train/l1_priming,55350.0,0.0
train/l1_priming,55400.0,0.0
train/l1_priming,55450.0,0.0
train/l1_priming,55500.0,0.0
train/l1_priming,55550.0,0.0
train/l1_priming,55600.0,0.0
train/l1_priming,55650.0,0.0
train/l1_priming,55700.0,0.0
train/l1_priming,55750.0,0.0
train/l1_priming,55800.0,0.0
train/l1_priming,55850.0,0.0
train/l1_priming,55900.0,0.0
train/l1_priming,55950.0,0.0
train/l1_priming,56000.0,0.0
train/l1_priming,56050.0,0.0
train/l1_priming,56100.0,0.0
train/l1_priming,56150.0,0.0
train/l1_priming,56200.0,0.0
train/l1_priming,56250.0,0.0
train/l1_priming,56300.0,0.0
train/l1_priming,56350.0,0.0
train/l1_priming,56400.0,0.0
train/l1_priming,56450.0,0.0
train/l1_priming,56500.0,0.0
train/l1_priming,56550.0,0.0
train/l1_priming,56600.0,0.0
train/l1_priming,56650.0,0.0
train/l1_priming,56700.0,0.0
train/l1_priming,56750.0,0.0
train/l1_priming,56800.0,0.0
train/l1_priming,56850.0,0.0
train/l1_priming,56900.0,0.0
train/l1_priming,56950.0,0.0
train/l1_priming,57000.0,0.0
train/l1_priming,57050.0,0.0
train/l1_priming,57100.0,0.0
train/l1_priming,57150.0,0.0
train/l1_priming,57200.0,0.0
train/l1_priming,57250.0,0.0
train/l1_priming,57300.0,0.0
train/l1_priming,57350.0,0.0
train/l1_priming,57400.0,0.0
train/l1_priming,57450.0,0.0
train/l1_priming,57500.0,0.0
train/l1_priming,57550.0,0.0
train/l1_priming,57600.0,0.0
train/l1_priming,57650.0,0.0
train/l1_priming,57700.0,0.0
train/l1_priming,57750.0,0.0
train/l1_priming,57800.0,0.0
train/l1_priming,57850.0,0.0
train/l1_priming,57900.0,0.0
train/l1_priming,57950.0,0.0
train/l1_priming,58000.0,0.0
train/l1_priming,58050.0,0.0
train/l1_priming,58100.0,0.0
train/l1_priming,58150.0,0.0
train/l1_priming,58200.0,0.0
train/l1_priming,58250.0,0.0
train/l1_priming,58300.0,0.0
train/l1_priming,58350.0,0.0
train/l1_priming,58400.0,0.0
train/l1_priming,58450.0,0.0
train/l1_priming,58500.0,0.0
train/l1_priming,58550.0,0.0
train/l1_priming,58600.0,0.0
train/l1_priming,58650.0,0.0
train/l1_priming,58700.0,0.0
train/l1_priming,58750.0,0.0
train/l1_priming,58800.0,0.0
train/l1_priming,58850.0,0.0
train/l1_priming,58900.0,0.0
train/l1_priming,58950.0,0.0
train/l1_priming,59000.0,0.0
train/l1_priming,59050.0,0.0
train/l1_priming,59100.0,0.0
train/l1_priming,59150.0,0.0
train/l1_priming,59200.0,0.0
train/l1_priming,59250.0,0.0
train/l1_priming,59300.0,0.0
train/l1_priming,59350.0,0.0
train/l1_priming,59400.0,0.0
train/l1_priming,59450.0,0.0
train/l1_priming,59500.0,0.0
train/l1_priming,59550.0,0.0
train/l1_priming,59600.0,0.0
train/l1_priming,59650.0,0.0
train/l1_priming,59700.0,0.0
train/l1_priming,59750.0,0.0
train/l1_priming,59800.0,0.0
train/l1_priming,59850.0,0.0
train/l1_priming,59900.0,0.0
train/l1_priming,59950.0,0.0
train/l1_priming,60000.0,0.0
train/l1_priming,60050.0,0.0
train/l1_priming,60100.0,0.0
train/l1_priming,60150.0,0.0
train/l1_priming,60200.0,0.0
train/l1_priming,60250.0,0.0
train/l1_priming,60300.0,0.0
train/l1_priming,60350.0,0.0
train/l1_priming,60400.0,0.0
train/l1_priming,60450.0,0.0
train/l1_priming,60500.0,0.0
train/l1_priming,60550.0,0.0
train/l1_priming,60600.0,0.0
train/l1_priming,60650.0,0.0
train/l1_priming,60700.0,0.0
train/l1_priming,60750.0,0.0
train/l1_priming,60800.0,0.0
train/l1_priming,60850.0,0.0
train/l1_priming,60900.0,0.0
train/l1_priming,60950.0,0.0
train/l1_priming,61000.0,0.0
train/l1_priming,61050.0,0.0
train/l1_priming,61100.0,0.0
train/l1_priming,61150.0,0.0
train/l1_priming,61200.0,0.0
train/l1_priming,61250.0,0.0
train/l1_priming,61300.0,0.0
train/l1_priming,61350.0,0.0
train/l1_priming,61400.0,0.0
train/l1_priming,61450.0,0.0
train/l1_priming,61500.0,0.0
train/l1_priming,61550.0,0.0
train/l1_priming,61600.0,0.0
train/l1_priming,61650.0,0.0
train/l1_priming,61700.0,0.0
train/l1_priming,61750.0,0.0
train/l1_priming,61800.0,0.0
train/l1_priming,61850.0,0.0
train/l1_priming,61900.0,0.0
train/l1_priming,61950.0,0.0
train/l1_priming,62000.0,0.0
train/l1_priming,62050.0,0.0
train/l1_priming,62100.0,0.0
train/l1_priming,62150.0,0.0
train/l1_priming,62200.0,0.0
train/l1_priming,62250.0,0.0
train/l1_priming,62300.0,0.0
train/l1_priming,62350.0,0.0
train/l1_priming,62400.0,0.0
train/l1_priming,62450.0,0.0
train/l1_priming,62500.0,0.0
train/l1_priming,62550.0,0.0
train/l1_priming,62600.0,0.0
train/l1_priming,62650.0,0.0
train/l1_priming,62700.0,0.0
train/l1_priming,62750.0,0.0
train/l1_priming,62800.0,0.0
train/l1_priming,62850.0,0.0
train/l1_priming,62900.0,0.0
train/l1_priming,62950.0,0.0
train/l1_priming,63000.0,0.0
train/l1_priming,63050.0,0.0
train/l1_priming,63100.0,0.0
train/l1_priming,63150.0,0.0
train/l1_priming,63200.0,0.0
train/l1_priming,63250.0,0.0
train/l1_priming,63300.0,0.0
train/l1_priming,63350.0,0.0
train/l1_priming,63400.0,0.0
train/l1_priming,63450.0,0.0
train/l1_priming,63500.0,0.0
train/l1_priming,63550.0,0.0
train/l1_priming,63600.0,0.0
train/l1_priming,63650.0,0.0
train/l1_priming,63700.0,0.0
train/l1_priming,63750.0,0.0
train/l1_priming,63800.0,0.0
train/l1_priming,63850.0,0.0
train/l1_priming,63900.0,0.0
train/l1_priming,63950.0,0.0
train/l1_priming,64000.0,0.0
train/l1_priming,64050.0,0.0
train/l1_priming,64100.0,0.0
train/l1_priming,64150.0,0.0
train/l1_priming,64200.0,0.0
train/l1_priming,64250.0,0.0
train/l1_priming,64300.0,0.0
train/l1_priming,64350.0,0.0
train/l1_priming,64400.0,0.0
train/l1_priming,64450.0,0.0
train/l1_priming,64500.0,0.0
train/l1_priming,64550.0,0.0
train/l1_priming,64600.0,0.0
train/l1_priming,64650.0,0.0
train/l1_priming,64700.0,0.0
train/l1_priming,64750.0,0.0
train/l1_priming,64800.0,0.0
train/l1_priming,64850.0,0.0
train/l1_priming,64900.0,0.0
train/l1_priming,64950.0,0.0
train/l1_priming,65000.0,0.0
train/l1_priming,65050.0,0.0
train/l1_priming,65100.0,0.0
train/l1_priming,65150.0,0.0
train/l1_priming,65200.0,0.0
train/l1_priming,65250.0,0.0
train/l1_priming,65300.0,0.0
train/l1_priming,65350.0,0.0
train/l1_priming,65400.0,0.0
train/l1_priming,65450.0,0.0
train/l1_priming,65500.0,0.0
train/l1_priming,65550.0,0.0
train/l1_priming,65600.0,0.0
train/l1_priming,65650.0,0.0
train/l1_priming,65700.0,0.0
train/l1_priming,65750.0,0.0
train/l1_priming,65800.0,0.0
train/l1_priming,65850.0,0.0
train/l1_priming,65900.0,0.0
train/l1_priming,65950.0,0.0
train/l1_priming,66000.0,0.0
train/l1_priming,66050.0,0.0
train/l1_priming,66100.0,0.0
train/l1_priming,66150.0,0.0
train/l1_priming,66200.0,0.0
train/l1_priming,66250.0,0.0
train/l1_priming,66300.0,0.0
train/l1_priming,66350.0,0.0
train/l1_priming,66400.0,0.0
train/l1_priming,66450.0,0.0
train/l1_priming,66500.0,0.0
train/l1_priming,66550.0,0.0
train/l1_priming,66600.0,0.0
train/l1_priming,66650.0,0.0
train/l1_priming,66700.0,0.0
train/l1_priming,66750.0,0.0
train/l1_priming,66800.0,0.0
train/l1_priming,66850.0,0.0
train/l1_priming,66900.0,0.0
train/l1_priming,66950.0,0.0
train/l1_priming,67000.0,0.0
train/l1_priming,67050.0,0.0
train/l1_priming,67100.0,0.0
train/l1_priming,67150.0,0.0
train/l1_priming,67200.0,0.0
train/l1_priming,67250.0,0.0
train/l1_priming,67300.0,0.0
train/l1_priming,67350.0,0.0
train/l1_priming,67400.0,0.0
train/l1_priming,67450.0,0.0
train/l1_priming,67500.0,0.0
train/l1_priming,67550.0,0.0
train/l1_priming,67600.0,0.0
train/l1_priming,67650.0,0.0
train/l1_priming,67700.0,0.0
train/l1_priming,67750.0,0.0
train/l1_priming,67800.0,0.0
train/l1_priming,67850.0,0.0
train/l1_priming,67900.0,0.0
train/l1_priming,67950.0,0.0
train/l1_priming,68000.0,0.0
train/l1_priming,68050.0,0.0
train/l1_priming,68100.0,0.0
train/l1_priming,68150.0,0.0
train/l1_priming,68200.0,0.0
train/l1_priming,68250.0,0.0
train/l1_priming,68300.0,0.0
train/l1_priming,68350.0,0.0
train/l1_priming,68400.0,0.0
train/l1_priming,68450.0,0.0
train/l1_priming,68500.0,0.0
train/l1_priming,68550.0,0.0
train/l1_priming,68600.0,0.0
train/l1_priming,68650.0,0.0
train/l1_priming,68700.0,0.0
train/l1_priming,68750.0,0.0
train/l1_priming,68800.0,0.0
train/l1_priming,68850.0,0.0
train/l1_priming,68900.0,0.0
train/l1_priming,68950.0,0.0
train/l1_priming,69000.0,0.0
train/l1_priming,69050.0,0.0
train/l1_priming,69100.0,0.0
train/l1_priming,69150.0,0.0
train/l1_priming,69200.0,0.0
train/l1_priming,69250.0,0.0
train/l1_priming,69300.0,0.0
train/l1_priming,69350.0,0.0
train/l1_priming,69400.0,0.0
train/l1_priming,69450.0,0.0
train/l1_priming,69500.0,0.0
train/l1_priming,69550.0,0.0
train/l1_priming,69600.0,0.0
train/l1_priming,69650.0,0.0
train/l1_priming,69700.0,0.0
train/l1_priming,69750.0,0.0
train/l1_priming,69800.0,0.0
train/l1_priming,69850.0,0.0
train/l1_priming,69900.0,0.0
train/l1_priming,69950.0,0.0
train/l1_priming,70000.0,0.0
train/l1_priming,70050.0,0.0
train/l1_priming,70100.0,0.0
train/l1_priming,70150.0,0.0
train/l1_priming,70200.0,0.0
train/l1_priming,70250.0,0.0
train/l1_priming,70300.0,0.0
train/l1_priming,70350.0,0.0
train/l1_priming,70400.0,0.0
train/l1_priming,70450.0,0.0
train/l1_priming,70500.0,0.0
train/l1_priming,70550.0,0.0
train/l1_priming,70600.0,0.0
train/l1_priming,70650.0,0.0
train/l1_priming,70700.0,0.0
train/l1_priming,70750.0,0.0
train/l1_priming,70800.0,0.0
train/l1_priming,70850.0,0.0
train/l1_priming,70900.0,0.0
train/l1_priming,70950.0,0.0
train/l1_priming,71000.0,0.0
train/l1_priming,71050.0,0.0
train/l1_priming,71100.0,0.0
train/l1_priming,71150.0,0.0
train/l1_priming,71200.0,0.0
train/l1_priming,71250.0,0.0
train/l1_priming,71300.0,0.0
train/l1_priming,71350.0,0.0
train/l1_priming,71400.0,0.0
train/l1_priming,71450.0,0.0
train/l1_priming,71500.0,0.0
train/l1_priming,71550.0,0.0
train/l1_priming,71600.0,0.0
train/l1_priming,71650.0,0.0
train/l1_priming,71700.0,0.0
train/l1_priming,71750.0,0.0
train/l1_priming,71800.0,0.0
train/l1_priming,71850.0,0.0
train/l1_priming,71900.0,0.0
train/l1_priming,71950.0,0.0
train/l1_priming,72000.0,0.0
train/l1_priming,72050.0,0.0
train/l1_priming,72100.0,0.0
train/l1_priming,72150.0,0.0
train/l1_priming,72200.0,0.0
train/l1_priming,72250.0,0.0
train/l1_priming,72300.0,0.0
train/l1_priming,72350.0,0.0
train/l1_priming,72400.0,0.0
train/l1_priming,72450.0,0.0
train/l1_priming,72500.0,0.0
train/l1_priming,72550.0,0.0
train/l1_priming,72600.0,0.0
train/l1_priming,72650.0,0.0
train/l1_priming,72700.0,0.0
train/l1_priming,72750.0,0.0
train/l1_priming,72800.0,0.0
train/l1_priming,72850.0,0.0
train/l1_priming,72900.0,0.0
train/l1_priming,72950.0,0.0
train/l1_priming,73000.0,0.0
train/l1_priming,73050.0,0.0
train/l1_priming,73100.0,0.0
train/l1_priming,73150.0,0.0
train/l1_priming,73200.0,0.0
train/l1_priming,73250.0,0.0
train/l1_priming,73300.0,0.0
train/l1_priming,73350.0,0.0
train/l1_priming,73400.0,0.0
train/l1_priming,73450.0,0.0
train/l1_priming,73500.0,0.0
train/l1_priming,73550.0,0.0
train/l1_priming,73600.0,0.0
train/l1_priming,73650.0,0.0
train/l1_priming,73700.0,0.0
train/l1_priming,73750.0,0.0
train/l1_priming,73800.0,0.0
train/l1_priming,73850.0,0.0
train/l1_priming,73900.0,0.0
train/l1_priming,73950.0,0.0
train/l1_priming,74000.0,0.0
train/l1_priming,74050.0,0.0
train/l1_priming,74100.0,0.0
train/l1_priming,74150.0,0.0
train/l1_priming,74200.0,0.0
train/l1_priming,74250.0,0.0
train/l1_priming,74300.0,0.0
train/l1_priming,74350.0,0.0
train/l1_priming,74400.0,0.0
train/l1_priming,74450.0,0.0
train/l1_priming,74500.0,0.0
train/l1_priming,74550.0,0.0
train/l1_priming,74600.0,0.0
train/l1_priming,74650.0,0.0
train/l1_priming,74700.0,0.0
train/l1_priming,74750.0,0.0
train/l1_priming,74800.0,0.0
train/l1_priming,74850.0,0.0
train/l1_priming,74900.0,0.0
train/l1_priming,74950.0,0.0
train/l1_priming,75000.0,0.0
train/l1_priming,75050.0,0.0
train/l1_priming,75100.0,0.0
train/l1_priming,75150.0,0.0
train/l1_priming,75200.0,0.0
train/l1_priming,75250.0,0.0
train/l1_priming,75300.0,0.0
train/l1_priming,75350.0,0.0
train/l1_priming,75400.0,0.0
train/l1_priming,75450.0,0.0
train/l1_priming,75500.0,0.0
train/l1_priming,75550.0,0.0
train/l1_priming,75600.0,0.0
train/l1_priming,75650.0,0.0
train/l1_priming,75700.0,0.0
train/l1_priming,75750.0,0.0
train/l1_priming,75800.0,0.0
train/l1_priming,75850.0,0.0
train/l1_priming,75900.0,0.0
train/l1_priming,75950.0,0.0
train/l1_priming,76000.0,0.0
train/l1_priming,76050.0,0.0
train/l1_priming,76100.0,0.0
train/l1_priming,76150.0,0.0
train/l1_priming,76200.0,0.0
train/l1_priming,76250.0,0.0
train/l1_priming,76300.0,0.0
train/l1_priming,76350.0,0.0
train/l1_priming,76400.0,0.0
train/l1_priming,76450.0,0.0
train/l1_priming,76500.0,0.0
train/l1_priming,76550.0,0.0
train/l1_priming,76600.0,0.0
train/l1_priming,76650.0,0.0
train/l1_priming,76700.0,0.0
train/l1_priming,76750.0,0.0
train/l1_priming,76800.0,0.0
train/l1_priming,76850.0,0.0
train/l1_priming,76900.0,0.0
train/l1_priming,76950.0,0.0
train/l1_priming,77000.0,0.0
train/l1_priming,77050.0,0.0
train/l1_priming,77100.0,0.0
train/l1_priming,77150.0,0.0
train/l1_priming,77200.0,0.0
train/l1_priming,77250.0,0.0
train/l1_priming,77300.0,0.0
train/l1_priming,77350.0,0.0
train/l1_priming,77400.0,0.0
train/l1_priming,77450.0,0.0
train/l1_priming,77500.0,0.0
train/l1_priming,77550.0,0.0
train/l1_priming,77600.0,0.0
train/l1_priming,77650.0,0.0
train/l1_priming,77700.0,0.0
train/l1_priming,77750.0,0.0
train/l1_priming,77800.0,0.0
train/l1_priming,77850.0,0.0
train/l1_priming,77900.0,0.0
train/l1_priming,77950.0,0.0
train/l1_priming,78000.0,0.0
train/l1_priming,78050.0,0.0
train/l1_priming,78100.0,0.0
train/l1_priming,78150.0,0.0
train/l1_priming,78200.0,0.0
train/l1_priming,78250.0,0.0
train/l1_priming,78300.0,0.0
train/l1_priming,78350.0,0.0
train/l1_priming,78400.0,0.0
train/l1_priming,78450.0,0.0
train/l1_priming,78500.0,0.0
train/l1_priming,78550.0,0.0
train/l1_priming,78600.0,0.0
train/l1_priming,78650.0,0.0
train/l1_priming,78700.0,0.0
train/l1_priming,78750.0,0.0
train/l1_priming,78800.0,0.0
train/l1_priming,78850.0,0.0
train/l1_priming,78900.0,0.0
train/l1_priming,78950.0,0.0
train/l1_priming,79000.0,0.0
train/l1_priming,79050.0,0.0
train/l1_priming,79100.0,0.0
train/l1_priming,79150.0,0.0
train/l1_priming,79200.0,0.0
train/l1_priming,79250.0,0.0
train/l1_priming,79300.0,0.0
train/l1_priming,79350.0,0.0
train/l1_priming,79400.0,0.0
train/l1_priming,79450.0,0.0
train/l1_priming,79500.0,0.0
train/l1_priming,79550.0,0.0
train/l1_priming,79600.0,0.0
train/l1_priming,79650.0,0.0
train/l1_priming,79700.0,0.0
train/l1_priming,79750.0,0.0
train/l1_priming,79800.0,0.0
train/l1_priming,79850.0,0.0
train/l1_priming,79900.0,0.0
train/l1_priming,79950.0,0.0
train/l1_priming,80000.0,0.0
train/learning_rate,1.0,2.0000000233721948e-07
train/learning_rate,50.0,9.999999747378752e-06
train/learning_rate,100.0,1.9999999494757503e-05
train/learning_rate,150.0,2.9999999242136255e-05
train/learning_rate,200.0,3.9999998989515007e-05
train/learning_rate,250.0,4.999999873689376e-05
train/learning_rate,300.0,5.999999848427251e-05
train/learning_rate,350.0,7.000000186963007e-05
train/learning_rate,400.0,7.999999797903001e-05
train/learning_rate,450.0,9.000000136438757e-05
train/learning_rate,500.0,9.999999747378752e-05
train/learning_rate,550.0,9.999991016229615e-05
train/learning_rate,600.0,9.999963367590681e-05
train/learning_rate,650.0,9.999917529057711e-05
train/learning_rate,700.0,9.999852773034945e-05
train/learning_rate,750.0,9.999769827118143e-05
train/learning_rate,800.0,9.999668691307306e-05
train/learning_rate,850.0,9.999548638006672e-05
train/learning_rate,900.0,9.999409667216241e-05
train/learning_rate,950.0,9.999252506531775e-05
train/learning_rate,1000.0,9.999076428357512e-05
train/learning_rate,1050.0,9.998882160289213e-05
train/learning_rate,1100.0,9.998669702326879e-05
train/learning_rate,1150.0,9.998437599278986e-05
train/learning_rate,1200.0,9.99818803393282e-05
train/learning_rate,1250.0,9.997919551096857e-05
train/learning_rate,1300.0,9.997632878366858e-05
train/learning_rate,1350.0,9.997327288147062e-05
train/learning_rate,1400.0,9.99700278043747e-05
train/learning_rate,1450.0,9.996660082833841e-05
train/learning_rate,1500.0,9.996299195336178e-05
train/learning_rate,1550.0,9.995919390348718e-05
train/learning_rate,1600.0,9.995521395467222e-05
train/learning_rate,1650.0,9.995104483095929e-05
train/learning_rate,1700.0,9.994669380830601e-05
train/learning_rate,1750.0,9.994215361075476e-05
train/learning_rate,1800.0,9.993743151426315e-05
train/learning_rate,1850.0,9.993252024287358e-05
train/learning_rate,1900.0,9.992742707254365e-05
train/learning_rate,1950.0,9.992215200327337e-05
train/learning_rate,2000.0,9.991668775910512e-05
train/learning_rate,2050.0,9.991104161599651e-05
train/learning_rate,2100.0,9.990520629798993e-05
train/learning_rate,2150.0,9.9899189081043e-05
train/learning_rate,2200.0,9.98929826891981e-05
train/learning_rate,2250.0,9.988659439841285e-05
train/learning_rate,2300.0,9.988001693272963e-05
train/learning_rate,2350.0,9.987325756810606e-05
train/learning_rate,2400.0,9.986631630454212e-05
train/learning_rate,2450.0,9.985918586608022e-05
train/learning_rate,2500.0,9.985187352867797e-05
train/learning_rate,2550.0,9.984437929233536e-05
train/learning_rate,2600.0,9.983669588109478e-05
train/learning_rate,2650.0,9.982882329495624e-05
train/learning_rate,2700.0,9.982076880987734e-05
train/learning_rate,2750.0,9.981253242585808e-05
train/learning_rate,2800.0,9.980411414289847e-05
train/learning_rate,2850.0,9.979550668504089e-05
train/learning_rate,2900.0,9.978671005228534e-05
train/learning_rate,2950.0,9.977773879654706e-05
train/learning_rate,3000.0,9.97685783659108e-05
train/learning_rate,3050.0,9.975922876037657e-05
train/learning_rate,3100.0,9.974969725590199e-05
train/learning_rate,3150.0,9.973998385248706e-05
train/learning_rate,3200.0,9.973008855013177e-05
train/learning_rate,3250.0,9.972000407287851e-05
train/learning_rate,3300.0,9.97097376966849e-05
train/learning_rate,3350.0,9.969928214559332e-05
train/learning_rate,3400.0,9.9688651971519e-05
train/learning_rate,3450.0,9.967782534658909e-05
train/learning_rate,3500.0,9.966682409867644e-05
train/learning_rate,3550.0,9.965563367586583e-05
train/learning_rate,3600.0,9.964426135411486e-05
train/learning_rate,3650.0,9.963270713342354e-05
train/learning_rate,3700.0,9.962096373783424e-05
train/learning_rate,3750.0,9.96090384433046e-05
train/learning_rate,3800.0,9.95969312498346e-05
train/learning_rate,3850.0,9.958464215742424e-05
train/learning_rate,3900.0,9.957216389011592e-05
train/learning_rate,3950.0,9.955950372386724e-05
train/learning_rate,4000.0,9.95466616586782e-05
train/learning_rate,4050.0,9.95336304185912e-05
train/learning_rate,4100.0,9.952041727956384e-05
train/learning_rate,4150.0,9.950702224159613e-05
train/learning_rate,4200.0,9.949344530468807e-05
train/learning_rate,4250.0,9.947968646883965e-05
train/learning_rate,4300.0,9.946573845809326e-05
train/learning_rate,4350.0,9.945161582436413e-05
train/learning_rate,4400.0,9.943730401573703e-05
train/learning_rate,4450.0,9.942280303221196e-05
train/learning_rate,4500.0,9.940812742570415e-05
train/learning_rate,4550.0,9.939326992025599e-05
train/learning_rate,4600.0,9.937822323990986e-05
train/learning_rate,4650.0,9.936299466062337e-05
train/learning_rate,4700.0,9.934758418239653e-05
train/learning_rate,4750.0,9.933199180522934e-05
train/learning_rate,4800.0,9.931621752912179e-05
train/learning_rate,4850.0,9.930025407811627e-05
train/learning_rate,4900.0,9.928411600412801e-05
train/learning_rate,4950.0,9.926778875524178e-05
train/learning_rate,5000.0,9.925128688337281e-05
train/learning_rate,5050.0,9.923459583660588e-05
train/learning_rate,5100.0,9.921772289089859e-05
train/learning_rate,5150.0,9.920066804625094e-05
train/learning_rate,5200.0,9.918343130266294e-05
train/learning_rate,5250.0,9.916601266013458e-05
train/learning_rate,5300.0,9.914841211866587e-05
train/learning_rate,5350.0,9.913062967825681e-05
train/learning_rate,5400.0,9.911266533890739e-05
train/learning_rate,5450.0,9.909451910061762e-05
train/learning_rate,5500.0,9.907619096338749e-05
train/learning_rate,5550.0,9.9057680927217e-05
train/learning_rate,5600.0,9.903898899210617e-05
train/learning_rate,5650.0,9.902011515805498e-05
train/learning_rate,5700.0,9.900105942506343e-05
train/learning_rate,5750.0,9.898182179313153e-05
train/learning_rate,5800.0,9.896240226225927e-05
train/learning_rate,5850.0,9.894280083244666e-05
train/learning_rate,5900.0,9.89230175036937e-05
train/learning_rate,5950.0,9.8903059551958e-05
train/learning_rate,6000.0,9.888291242532432e-05
train/learning_rate,6050.0,9.88625906757079e-05
train/learning_rate,6100.0,9.884207975119352e-05
train/learning_rate,6150.0,9.88213942036964e-05
train/learning_rate,6200.0,9.880052675725892e-05
train/learning_rate,6250.0,9.877947741188109e-05
train/learning_rate,6300.0,9.875825344352052e-05
train/learning_rate,6350.0,9.873684030026197e-05
train/learning_rate,6400.0,9.871525253402069e-05
train/learning_rate,6450.0,9.869348286883906e-05
train/learning_rate,6500.0,9.867153130471706e-05
train/learning_rate,6550.0,9.864939784165472e-05
train/learning_rate,6600.0,9.862708975560963e-05
train/learning_rate,6650.0,9.860459249466658e-05
train/learning_rate,6700.0,9.858192061074078e-05
train/learning_rate,6750.0,9.855907410383224e-05
train/learning_rate,6800.0,9.853603842202574e-05
train/learning_rate,6850.0,9.85128281172365e-05
train/learning_rate,6900.0,9.848944318946451e-05
train/learning_rate,6950.0,9.846586908679456e-05
train/learning_rate,7000.0,9.844212036114186e-05
train/learning_rate,7050.0,9.841818973654881e-05
train/learning_rate,7100.0,9.839408448897302e-05
train/learning_rate,7150.0,9.836979734245688e-05
train/learning_rate,7200.0,9.834532829700038e-05
train/learning_rate,7250.0,9.832068462856114e-05
train/learning_rate,7300.0,9.829585906118155e-05
train/learning_rate,7350.0,9.827085887081921e-05
train/learning_rate,7400.0,9.824567678151652e-05
train/learning_rate,7450.0,9.822031279327348e-05
train/learning_rate,7500.0,9.81947741820477e-05
train/learning_rate,7550.0,9.816906094783917e-05
train/learning_rate,7600.0,9.814316581469029e-05
train/learning_rate,7650.0,9.811708878260106e-05
train/learning_rate,7700.0,9.809083712752908e-05
train/learning_rate,7750.0,9.806441084947437e-05
train/learning_rate,7800.0,9.80378026724793e-05
train/learning_rate,7850.0,9.801101987250149e-05
train/learning_rate,7900.0,9.798405517358333e-05
train/learning_rate,7950.0,9.795691585168242e-05
train/learning_rate,8000.0,9.792959463084117e-05
train/learning_rate,8050.0,9.790209878701717e-05
train/learning_rate,8100.0,9.787442832021043e-05
train/learning_rate,8150.0,9.784657595446333e-05
train/learning_rate,8200.0,9.78185489657335e-05
train/learning_rate,8250.0,9.779034735402092e-05
train/learning_rate,8300.0,9.7761963843368e-05
train/learning_rate,8350.0,9.773340570973232e-05
train/learning_rate,8400.0,9.770467295311391e-05
train/learning_rate,8450.0,9.767576557351276e-05
train/learning_rate,8500.0,9.764667629497126e-05
train/learning_rate,8550.0,9.761741239344701e-05
train/learning_rate,8600.0,9.758797386894003e-05
train/learning_rate,8650.0,9.75583607214503e-05
train/learning_rate,8700.0,9.752857295097783e-05
train/learning_rate,8750.0,9.749860328156501e-05
train/learning_rate,8800.0,9.746845898916945e-05
train/learning_rate,8850.0,9.743814007379115e-05
train/learning_rate,8900.0,9.74076465354301e-05
train/learning_rate,8950.0,9.737697837408632e-05
train/learning_rate,9000.0,9.73461355897598e-05
train/learning_rate,9050.0,9.731511818245053e-05
train/learning_rate,9100.0,9.728392615215853e-05
train/learning_rate,9150.0,9.725255222292617e-05
train/learning_rate,9200.0,9.722101094666868e-05
train/learning_rate,9250.0,9.718929504742846e-05
train/learning_rate,9300.0,9.715739724924788e-05
train/learning_rate,9350.0,9.712533210404217e-05
train/learning_rate,9400.0,9.709309233585373e-05
train/learning_rate,9450.0,9.706067794468254e-05
train/learning_rate,9500.0,9.702808893052861e-05
train/learning_rate,9550.0,9.699532529339194e-05
train/learning_rate,9600.0,9.696238703327253e-05
train/learning_rate,9650.0,9.692927415017039e-05
train/learning_rate,9700.0,9.689599392004311e-05
train/learning_rate,9750.0,9.68625390669331e-05
train/learning_rate,9800.0,9.682890959084034e-05
train/learning_rate,9850.0,9.679510549176484e-05
train/learning_rate,9900.0,9.676112676970661e-05
train/learning_rate,9950.0,9.672698070062324e-05
train/learning_rate,10000.0,9.669265273259953e-05
train/learning_rate,10050.0,9.66581646935083e-05
train/learning_rate,10100.0,9.662349475547671e-05
train/learning_rate,10150.0,9.658865747042e-05
train/learning_rate,10200.0,9.655364556238055e-05
train/learning_rate,10250.0,9.651845903135836e-05
train/learning_rate,10300.0,9.648310515331104e-05
train/learning_rate,10350.0,9.64475839282386e-05
train/learning_rate,10400.0,9.64118808042258e-05
train/learning_rate,10450.0,9.637601033318788e-05
train/learning_rate,10500.0,9.633997251512483e-05
train/learning_rate,10550.0,9.630376007407904e-05
train/learning_rate,10600.0,9.626738028600812e-05
train/learning_rate,10650.0,9.623082587495446e-05
train/learning_rate,10700.0,9.619409684091806e-05
train/learning_rate,10750.0,9.615720045985654e-05
train/learning_rate,10800.0,9.612013673176989e-05
train/learning_rate,10850.0,9.60828983807005e-05
train/learning_rate,10900.0,9.604549268260598e-05
train/learning_rate,10950.0,9.600791963748634e-05
train/learning_rate,11000.0,9.597017196938396e-05
train/learning_rate,11050.0,9.593225695425645e-05
train/learning_rate,11100.0,9.589417459210381e-05
train/learning_rate,11150.0,9.585591760696843e-05
train/learning_rate,11200.0,9.581749327480793e-05
train/learning_rate,11250.0,9.57789015956223e-05
train/learning_rate,11300.0,9.574014256941155e-05
train/learning_rate,11350.0,9.570120892021805e-05
train/learning_rate,11400.0,9.566210792399943e-05
train/learning_rate,11450.0,9.562283958075568e-05
train/learning_rate,11500.0,9.55834038904868e-05
train/learning_rate,11550.0,9.55438008531928e-05
train/learning_rate,11600.0,9.550403046887368e-05
train/learning_rate,11650.0,9.546408546157181e-05
train/learning_rate,11700.0,9.542398038320243e-05
train/learning_rate,11750.0,9.538370068185031e-05
train/learning_rate,11800.0,9.534326090943068e-05
train/learning_rate,11850.0,9.530265378998592e-05
train/learning_rate,11900.0,9.526187204755843e-05
train/learning_rate,11950.0,9.522093023406342e-05
train/learning_rate,12000.0,9.517982107354328e-05
train/learning_rate,12050.0,9.51385372900404e-05
train/learning_rate,12100.0,9.509709343547001e-05
train/learning_rate,12150.0,9.50554822338745e-05
train/learning_rate,12200.0,9.501371096121147e-05
train/learning_rate,12250.0,9.49717650655657e-05
train/learning_rate,12300.0,9.492965909885243e-05
train/learning_rate,12350.0,9.488738578511402e-05
train/learning_rate,12400.0,9.484494512435049e-05
train/learning_rate,12450.0,9.480233711656183e-05
train/learning_rate,12500.0,9.475956903770566e-05
train/learning_rate,12550.0,9.471663361182436e-05
train/learning_rate,12600.0,9.467353083891794e-05
train/learning_rate,12650.0,9.4630267994944e-05
train/learning_rate,12700.0,9.458683780394495e-05
train/learning_rate,12750.0,9.454324754187837e-05
train/learning_rate,12800.0,9.449948993278667e-05
train/learning_rate,12850.0,9.445557225262746e-05
train/learning_rate,12900.0,9.441147994948551e-05
train/learning_rate,12950.0,9.436723485123366e-05
train/learning_rate,13000.0,9.432282240595669e-05
train/learning_rate,13050.0,9.42782498896122e-05
train/learning_rate,13100.0,9.423351002624258e-05
train/learning_rate,13150.0,9.418861009180546e-05
train/learning_rate,13200.0,9.41435428103432e-05
train/learning_rate,13250.0,9.409831545781344e-05
train/learning_rate,13300.0,9.405292803421617e-05
train/learning_rate,13350.0,9.400737326359376e-05
train/learning_rate,13400.0,9.396165842190385e-05
train/learning_rate,13450.0,9.391578350914642e-05
train/learning_rate,13500.0,9.386974852532148e-05
train/learning_rate,13550.0,9.382355347042903e-05
train/learning_rate,13600.0,9.377719106851146e-05
train/learning_rate,13650.0,9.373066859552637e-05
train/learning_rate,13700.0,9.368398605147377e-05
train/learning_rate,13750.0,9.363714343635365e-05
train/learning_rate,13800.0,9.359014075016603e-05
train/learning_rate,13850.0,9.354297799291089e-05
train/learning_rate,13900.0,9.349565516458824e-05
train/learning_rate,13950.0,9.344817226519808e-05
train/learning_rate,14000.0,9.340052929474041e-05
train/learning_rate,14050.0,9.335271897725761e-05
train/learning_rate,14100.0,9.330475586466491e-05
train/learning_rate,14150.0,9.325663995696232e-05
train/learning_rate,14200.0,9.32083567022346e-05
train/learning_rate,14250.0,9.315991337643936e-05
train/learning_rate,14300.0,9.311131725553423e-05
train/learning_rate,14350.0,9.306256106356159e-05
train/learning_rate,14400.0,9.301364480052143e-05
train/learning_rate,14450.0,9.296456846641377e-05
train/learning_rate,14500.0,9.29153393371962e-05
train/learning_rate,14550.0,9.286594286095351e-05
train/learning_rate,14600.0,9.281640086555853e-05
train/learning_rate,14650.0,9.276669152313843e-05
train/learning_rate,14700.0,9.271682938560843e-05
train/learning_rate,14750.0,9.266681445296854e-05
train/learning_rate,14800.0,9.261663944926113e-05
train/learning_rate,14850.0,9.256630437448621e-05
train/learning_rate,14900.0,9.251581650460139e-05
train/learning_rate,14950.0,9.246516856364906e-05
train/learning_rate,15000.0,9.241436782758683e-05
train/learning_rate,15050.0,9.23634142964147e-05
train/learning_rate,15100.0,9.231230069417506e-05
train/learning_rate,15150.0,9.226102702086791e-05
train/learning_rate,15200.0,9.220960782840848e-05
train/learning_rate,15250.0,9.215802856488153e-05
train/learning_rate,15300.0,9.210629650624469e-05
train/learning_rate,15350.0,9.205440437654033e-05
train/learning_rate,15400.0,9.200236672768369e-05
train/learning_rate,15450.0,9.195016900775954e-05
train/learning_rate,15500.0,9.189781849272549e-05
train/learning_rate,15550.0,9.184531518258154e-05
train/learning_rate,15600.0,9.17926590773277e-05
train/learning_rate,15650.0,9.173984290100634e-05
train/learning_rate,15700.0,9.16868812055327e-05
train/learning_rate,15750.0,9.163376671494916e-05
train/learning_rate,15800.0,9.158049215329811e-05
train/learning_rate,15850.0,9.152707207249478e-05
train/learning_rate,15900.0,9.147349192062393e-05
train/learning_rate,15950.0,9.14197662496008e-05
train/learning_rate,16000.0,9.136588778346777e-05
train/learning_rate,16050.0,9.131185652222484e-05
train/learning_rate,16100.0,9.125767246587202e-05
train/learning_rate,16150.0,9.120334289036691e-05
train/learning_rate,16200.0,9.114885324379429e-05
train/learning_rate,16250.0,9.109421807806939e-05
train/learning_rate,16300.0,9.10394373931922e-05
train/learning_rate,16350.0,9.09844966372475e-05
train/learning_rate,16400.0,9.092941036215052e-05
train/learning_rate,16450.0,9.087417129194364e-05
train/learning_rate,16500.0,9.081878670258448e-05
train/learning_rate,16550.0,9.076324931811541e-05
train/learning_rate,16600.0,9.070756641449407e-05
train/learning_rate,16650.0,9.065173071576282e-05
train/learning_rate,16700.0,9.059574222192168e-05
train/learning_rate,16750.0,9.053961548488587e-05
train/learning_rate,16800.0,9.048332867678255e-05
train/learning_rate,16850.0,9.042690362548456e-05
train/learning_rate,16900.0,9.037032577907667e-05
train/learning_rate,16950.0,9.031359513755888e-05
train/learning_rate,17000.0,9.025672625284642e-05
train/learning_rate,17050.0,9.019970457302406e-05
train/learning_rate,17100.0,9.014253737404943e-05
train/learning_rate,17150.0,9.00852246559225e-05
train/learning_rate,17200.0,9.002775914268568e-05
train/learning_rate,17250.0,8.997015538625419e-05
train/learning_rate,17300.0,8.99123988347128e-05
train/learning_rate,17350.0,8.985449676401913e-05
train/learning_rate,17400.0,8.979644917417318e-05
train/learning_rate,17450.0,8.973826334113255e-05
train/learning_rate,17500.0,8.967992471298203e-05
train/learning_rate,17550.0,8.962144056567922e-05
train/learning_rate,17600.0,8.956281817518175e-05
train/learning_rate,17650.0,8.950404298957437e-05
train/learning_rate,17700.0,8.944512956077233e-05
train/learning_rate,17750.0,8.938606333686039e-05
train/learning_rate,17800.0,8.932685886975378e-05
train/learning_rate,17850.0,8.92675161594525e-05
train/learning_rate,17900.0,8.920802065404132e-05
train/learning_rate,17950.0,8.914838690543547e-05
train/learning_rate,18000.0,8.908860763767734e-05
train/learning_rate,18050.0,8.902869012672454e-05
train/learning_rate,18100.0,8.896862709661946e-05
train/learning_rate,18150.0,8.890841854736209e-05
train/learning_rate,18200.0,8.884807175491005e-05
train/learning_rate,18250.0,8.878757944330573e-05
train/learning_rate,18300.0,8.872694888850674e-05
train/learning_rate,18350.0,8.866617281455547e-05
train/learning_rate,18400.0,8.860525849740952e-05
train/learning_rate,18450.0,8.854420593706891e-05
train/learning_rate,18500.0,8.848300785757601e-05
train/learning_rate,18550.0,8.842167153488845e-05
train/learning_rate,18600.0,8.836019696900621e-05
train/learning_rate,18650.0,8.829857688397169e-05
train/learning_rate,18700.0,8.823682583170012e-05
train/learning_rate,18750.0,8.817492926027626e-05
train/learning_rate,18800.0,8.811289444565773e-05
train/learning_rate,18850.0,8.805071411188692e-05
train/learning_rate,18900.0,8.798840281087905e-05
train/learning_rate,18950.0,8.792595326667652e-05
train/learning_rate,19000.0,8.786336547927931e-05
train/learning_rate,19050.0,8.780063217272982e-05
train/learning_rate,19100.0,8.773776789894328e-05
train/learning_rate,19150.0,8.767476538196206e-05
train/learning_rate,19200.0,8.761162462178618e-05
train/learning_rate,19250.0,8.754834561841562e-05
train/learning_rate,19300.0,8.748493564780802e-05
train/learning_rate,19350.0,8.742138015804812e-05
train/learning_rate,19400.0,8.735769370105118e-05
train/learning_rate,19450.0,8.729386900085956e-05
train/learning_rate,19500.0,8.722991333343089e-05
train/learning_rate,19550.0,8.716581942280754e-05
train/learning_rate,19600.0,8.710158726898953e-05
train/learning_rate,19650.0,8.703722414793447e-05
train/learning_rate,19700.0,8.697272278368473e-05
train/learning_rate,19750.0,8.690808317624032e-05
train/learning_rate,19800.0,8.684331987751648e-05
train/learning_rate,19850.0,8.677841105964035e-05
train/learning_rate,19900.0,8.671337855048478e-05
train/learning_rate,19950.0,8.664820779813454e-05
train/learning_rate,20000.0,8.658289880258963e-05
train/learning_rate,20050.0,8.651746611576527e-05
train/learning_rate,20100.0,8.645189518574625e-05
train/learning_rate,20150.0,8.638619328849018e-05
train/learning_rate,20200.0,8.632036042399704e-05
train/learning_rate,20250.0,8.625438931630924e-05
train/learning_rate,20300.0,8.6188294517342e-05
train/learning_rate,20350.0,8.612206147518009e-05
train/learning_rate,20400.0,8.605570474173874e-05
train/learning_rate,20450.0,8.598920976510271e-05
train/learning_rate,20500.0,8.592258382122964e-05
train/learning_rate,20550.0,8.585583418607712e-05
train/learning_rate,20600.0,8.578895358368754e-05
train/learning_rate,20650.0,8.57219347381033e-05
train/learning_rate,20700.0,8.565479220123962e-05
train/learning_rate,20750.0,8.558751869713888e-05
train/learning_rate,20800.0,8.55201215017587e-05
train/learning_rate,20850.0,8.545258606318384e-05
train/learning_rate,20900.0,8.538492693332955e-05
train/learning_rate,20950.0,8.531714411219582e-05
train/learning_rate,21000.0,8.524922304786742e-05
train/learning_rate,21050.0,8.518117829225957e-05
train/learning_rate,21100.0,8.511300984537229e-05
train/learning_rate,21150.0,8.504471043124795e-05
train/learning_rate,21200.0,8.497628732584417e-05
train/learning_rate,21250.0,8.490773325320333e-05
train/learning_rate,21300.0,8.483905548928306e-05
train/learning_rate,21350.0,8.477024675812572e-05
train/learning_rate,21400.0,8.470131433568895e-05
train/learning_rate,21450.0,8.463225822197273e-05
train/learning_rate,21500.0,8.456307841697708e-05
train/learning_rate,21550.0,8.449376764474437e-05
train/learning_rate,21600.0,8.442434045718983e-05
train/learning_rate,21650.0,8.435478230239823e-05
train/learning_rate,21700.0,8.42851004563272e-05
train/learning_rate,21750.0,8.421529491897672e-05
train/learning_rate,21800.0,8.414536569034681e-05
train/learning_rate,21850.0,8.407531277043745e-05
train/learning_rate,21900.0,8.400513615924865e-05
train/learning_rate,21950.0,8.393483585678041e-05
train/learning_rate,22000.0,8.386441186303273e-05
train/learning_rate,22050.0,8.379387145396322e-05
train/learning_rate,22100.0,8.372320007765666e-05
train/learning_rate,22150.0,8.365241228602827e-05
train/learning_rate,22200.0,8.358150080312043e-05
train/learning_rate,22250.0,8.351047290489078e-05
train/learning_rate,22300.0,8.343932131538168e-05
train/learning_rate,22350.0,8.336804603459314e-05
train/learning_rate,22400.0,8.329665433848277e-05
train/learning_rate,22450.0,8.322513895109296e-05
train/learning_rate,22500.0,8.315350714838132e-05
train/learning_rate,22550.0,8.308175165439025e-05
train/learning_rate,22600.0,8.300987974507734e-05
train/learning_rate,22650.0,8.2937884144485e-05
train/learning_rate,22700.0,8.286577212857082e-05
train/learning_rate,22750.0,8.279354369733483e-05
train/learning_rate,22800.0,8.2721198850777e-05
train/learning_rate,22850.0,8.264873031293973e-05
train/learning_rate,22900.0,8.257614535978064e-05
train/learning_rate,22950.0,8.250345126725733e-05
train/learning_rate,23000.0,8.243063348345459e-05
train/learning_rate,23050.0,8.23576920083724e-05
train/learning_rate,23100.0,8.2284641393926e-05
train/learning_rate,23150.0,8.221147436415777e-05
train/learning_rate,23200.0,8.213819091906771e-05
train/learning_rate,23250.0,8.206479105865583e-05
train/learning_rate,23300.0,8.199127478292212e-05
train/learning_rate,23350.0,8.19176493678242e-05
train/learning_rate,23400.0,8.184390026144683e-05
train/learning_rate,23450.0,8.177004201570526e-05
train/learning_rate,23500.0,8.169606735464185e-05
train/learning_rate,23550.0,8.162198355421424e-05
train/learning_rate,23600.0,8.15477833384648e-05
train/learning_rate,23650.0,8.147346670739353e-05
train/learning_rate,23700.0,8.139904093695804e-05
train/learning_rate,23750.0,8.132449875120074e-05
train/learning_rate,23800.0,8.124984742607921e-05
train/learning_rate,23850.0,8.117507968563586e-05
train/learning_rate,23900.0,8.11002028058283e-05
train/learning_rate,23950.0,8.102521678665653e-05
train/learning_rate,24000.0,8.095011435216293e-05
train/learning_rate,24050.0,8.087490277830511e-05
train/learning_rate,24100.0,8.079958206508309e-05
train/learning_rate,24150.0,8.072414493653923e-05
train/learning_rate,24200.0,8.064860594458878e-05
train/learning_rate,24250.0,8.05729505373165e-05
train/learning_rate,24300.0,8.049719326663762e-05
train/learning_rate,24350.0,8.042131958063692e-05
train/learning_rate,24400.0,8.0345336755272e-05
train/learning_rate,24450.0,8.026924479054287e-05
train/learning_rate,24500.0,8.019305096240714e-05
train/learning_rate,24550.0,8.01167479949072e-05
train/learning_rate,24600.0,8.004032861208543e-05
train/learning_rate,24650.0,7.996380736585706e-05
train/learning_rate,24700.0,7.98871842562221e-05
train/learning_rate,24750.0,7.98104447312653e-05
train/learning_rate,24800.0,7.973360334290192e-05
train/learning_rate,24850.0,7.965665281517431e-05
train/learning_rate,24900.0,7.957960042404011e-05
train/learning_rate,24950.0,7.95024388935417e-05
train/learning_rate,25000.0,7.942517549963668e-05
train/learning_rate,25050.0,7.934780296636745e-05
train/learning_rate,25100.0,7.927032856969163e-05
train/learning_rate,25150.0,7.91927523096092e-05
train/learning_rate,25200.0,7.911506691016257e-05
train/learning_rate,25250.0,7.903727964730933e-05
train/learning_rate,25300.0,7.895938324509189e-05
train/learning_rate,25350.0,7.888139225542545e-05
train/learning_rate,25400.0,7.880329212639481e-05
train/learning_rate,25450.0,7.872509013395756e-05
train/learning_rate,25500.0,7.864679355407134e-05
train/learning_rate,25550.0,7.85683878348209e-05
train/learning_rate,25600.0,7.848988025216386e-05
train/learning_rate,25650.0,7.841127080610022e-05
train/learning_rate,25700.0,7.833255949662998e-05
train/learning_rate,25750.0,7.825375359971076e-05
train/learning_rate,25800.0,7.817483856342733e-05
train/learning_rate,25850.0,7.809582893969491e-05
train/learning_rate,25900.0,7.80167174525559e-05
train/learning_rate,25950.0,7.793750410201028e-05
train/learning_rate,26000.0,7.785819616401568e-05
train/learning_rate,26050.0,7.777878636261448e-05
train/learning_rate,26100.0,7.76992819737643e-05
train/learning_rate,26150.0,7.761967572150752e-05
train/learning_rate,26200.0,7.753997488180175e-05
train/learning_rate,26250.0,7.746017217868939e-05
train/learning_rate,26300.0,7.738026761217043e-05
train/learning_rate,26350.0,7.73002757341601e-05
train/learning_rate,26400.0,7.722018199274316e-05
train/learning_rate,26450.0,7.713999366387725e-05
train/learning_rate,26500.0,7.705970347160473e-05
train/learning_rate,26550.0,7.697932596784085e-05
train/learning_rate,26600.0,7.689884660067037e-05
train/learning_rate,26650.0,7.68182726460509e-05
train/learning_rate,26700.0,7.673760410398245e-05
train/learning_rate,26750.0,7.665684097446501e-05
train/learning_rate,26800.0,7.65759905334562e-05
train/learning_rate,26850.0,7.64950382290408e-05
train/learning_rate,26900.0,7.641399133717641e-05
train/learning_rate,26950.0,7.633285713382065e-05
train/learning_rate,27000.0,7.625162834301591e-05
train/learning_rate,27050.0,7.617030496476218e-05
train/learning_rate,27100.0,7.608888699905947e-05
train/learning_rate,27150.0,7.600738172186539e-05
train/learning_rate,27200.0,7.592578185722232e-05
train/learning_rate,27250.0,7.584408740513027e-05
train/learning_rate,27300.0,7.576230564154685e-05
train/learning_rate,27350.0,7.568043656647205e-05
train/learning_rate,27400.0,7.559847290394828e-05
train/learning_rate,27450.0,7.551641465397552e-05
train/learning_rate,27500.0,7.5434276368469e-05
train/learning_rate,27550.0,7.53520434955135e-05
train/learning_rate,27600.0,7.526971603510901e-05
train/learning_rate,27650.0,7.518730853917077e-05
train/learning_rate,27700.0,7.510480645578355e-05
train/learning_rate,27750.0,7.502221706090495e-05
train/learning_rate,27800.0,7.49395476304926e-05
train/learning_rate,27850.0,7.485678361263126e-05
train/learning_rate,27900.0,7.477393228327855e-05
train/learning_rate,27950.0,7.469099364243448e-05
train/learning_rate,28000.0,7.460796769009903e-05
train/learning_rate,28050.0,7.452485442627221e-05
train/learning_rate,28100.0,7.444166112691164e-05
train/learning_rate,28150.0,7.43583805160597e-05
train/learning_rate,28200.0,7.427501259371638e-05
train/learning_rate,28250.0,7.41915573598817e-05
train/learning_rate,28300.0,7.410802209051326e-05
train/learning_rate,28350.0,7.402439950965345e-05
train/learning_rate,28400.0,7.394069689325988e-05
train/learning_rate,28450.0,7.385690696537495e-05
train/learning_rate,28500.0,7.377302972599864e-05
train/learning_rate,28550.0,7.368907972704619e-05
train/learning_rate,28600.0,7.360503514064476e-05
train/learning_rate,28650.0,7.352091779466718e-05
train/learning_rate,28700.0,7.343671313719824e-05
train/learning_rate,28750.0,7.335242844419554e-05
train/learning_rate,28800.0,7.326806371565908e-05
train/learning_rate,28850.0,7.318361895158887e-05
train/learning_rate,28900.0,7.309908687602729e-05
train/learning_rate,28950.0,7.301448204088956e-05
train/learning_rate,29000.0,7.292978989426047e-05
train/learning_rate,29050.0,7.284502498805523e-05
train/learning_rate,29100.0,7.276017277035862e-05
train/learning_rate,29150.0,7.267524779308587e-05
train/learning_rate,29200.0,7.259024278027937e-05
train/learning_rate,29250.0,7.250515773193911e-05
train/learning_rate,29300.0,7.24199999240227e-05
train/learning_rate,29350.0,7.233475480461493e-05
train/learning_rate,29400.0,7.224944420158863e-05
train/learning_rate,29450.0,7.216404628707096e-05
train/learning_rate,29500.0,7.207857561297715e-05
train/learning_rate,29550.0,7.199302490334958e-05
train/learning_rate,29600.0,7.190740143414587e-05
train/learning_rate,29650.0,7.182170520536602e-05
train/learning_rate,29700.0,7.173592894105241e-05
train/learning_rate,29750.0,7.165007991716266e-05
train/learning_rate,29800.0,7.156415813369676e-05
train/learning_rate,29850.0,7.147815631469712e-05
train/learning_rate,29900.0,7.139208173612133e-05
train/learning_rate,29950.0,7.13059343979694e-05
train/learning_rate,30000.0,7.121971430024132e-05
train/learning_rate,30050.0,7.11334214429371e-05
train/learning_rate,30100.0,7.104705582605675e-05
train/learning_rate,30150.0,7.096061744960025e-05
train/learning_rate,30200.0,7.087410631356761e-05
train/learning_rate,30250.0,7.078752241795883e-05
train/learning_rate,30300.0,7.070087303873152e-05
train/learning_rate,30350.0,7.061414362397045e-05
train/learning_rate,30400.0,7.052734872559085e-05
train/learning_rate,30450.0,7.044048834359273e-05
train/learning_rate,30500.0,7.035354792606086e-05
train/learning_rate,30550.0,7.026654202491045e-05
train/learning_rate,30600.0,7.017947064014152e-05
train/learning_rate,30650.0,7.009232649579644e-05
train/learning_rate,30700.0,7.000510959187523e-05
train/learning_rate,30750.0,6.99178344802931e-05
train/learning_rate,30800.0,6.983047933317721e-05
train/learning_rate,30850.0,6.974306597840041e-05
train/learning_rate,30900.0,6.965557986404747e-05
train/learning_rate,30950.0,6.9568028266076e-05
train/learning_rate,31000.0,6.9480411184486e-05
train/learning_rate,31050.0,6.939272861927748e-05
train/learning_rate,31100.0,6.930498057045043e-05
train/learning_rate,31150.0,6.921716703800485e-05
train/learning_rate,31200.0,6.912928074598312e-05
train/learning_rate,31250.0,6.904133624630049e-05
train/learning_rate,31300.0,6.895332626299933e-05
train/learning_rate,31350.0,6.886525079607964e-05
train/learning_rate,31400.0,6.877711712149903e-05
train/learning_rate,31450.0,6.868891068734229e-05
train/learning_rate,31500.0,6.860064604552463e-05
train/learning_rate,31550.0,6.851231592008844e-05
train/learning_rate,31600.0,6.842392758699134e-05
train/learning_rate,31650.0,6.833547377027571e-05
train/learning_rate,31700.0,6.824696174589917e-05
train/learning_rate,31750.0,6.81583842379041e-05
train/learning_rate,31800.0,6.806974852224812e-05
train/learning_rate,31850.0,6.798105459893122e-05
train/learning_rate,31900.0,6.78922951919958e-05
train/learning_rate,31950.0,6.780347757739946e-05
train/learning_rate,32000.0,6.77145944791846e-05
train/learning_rate,32050.0,6.762566044926643e-05
train/learning_rate,32100.0,6.753666093572974e-05
train/learning_rate,32150.0,6.744761049048975e-05
train/learning_rate,32200.0,6.735849456163123e-05
train/learning_rate,32250.0,6.72693204251118e-05
train/learning_rate,32300.0,6.718009535688907e-05
train/learning_rate,32350.0,6.709080480504781e-05
train/learning_rate,32400.0,6.700146332150325e-05
train/learning_rate,32450.0,6.691206363029778e-05
train/learning_rate,32500.0,6.68226057314314e-05
train/learning_rate,32550.0,6.673309690086171e-05
train/learning_rate,32600.0,6.66435225866735e-05
train/learning_rate,32650.0,6.65539046167396e-05
train/learning_rate,32700.0,6.646422116318718e-05
train/learning_rate,32750.0,6.637449405388907e-05
train/learning_rate,32800.0,6.628470873693004e-05
train/learning_rate,32850.0,6.61948652123101e-05
train/learning_rate,32900.0,6.610497075598687e-05
train/learning_rate,32950.0,6.601502536796033e-05
train/learning_rate,33000.0,6.592502177227288e-05
train/learning_rate,33050.0,6.583497452083975e-05
train/learning_rate,33100.0,6.57448690617457e-05
train/learning_rate,33150.0,6.565471267094836e-05
train/learning_rate,33200.0,6.556450534844771e-05
train/learning_rate,33250.0,6.547424709424376e-05
train/learning_rate,33300.0,6.538393790833652e-05
train/learning_rate,33350.0,6.529357779072598e-05
train/learning_rate,33400.0,6.520316674141213e-05
train/learning_rate,33450.0,6.51127120363526e-05
train/learning_rate,33500.0,6.502219912363216e-05
train/learning_rate,33550.0,6.493164255516604e-05
train/learning_rate,33600.0,6.484103505499661e-05
train/learning_rate,33650.0,6.47503838990815e-05
train/learning_rate,33700.0,6.465968181146309e-05
train/learning_rate,33750.0,6.456893606809899e-05
train/learning_rate,33800.0,6.44781393930316e-05
train/learning_rate,33850.0,6.438729906221852e-05
train/learning_rate,33900.0,6.429640779970214e-05
train/learning_rate,33950.0,6.420547288144007e-05
train/learning_rate,34000.0,6.411448703147471e-05
train/learning_rate,34050.0,6.402346480172127e-05
train/learning_rate,34100.0,6.393239164026454e-05
train/learning_rate,34150.0,6.384127482306212e-05
train/learning_rate,34200.0,6.375011435011402e-05
train/learning_rate,34250.0,6.365891022142023e-05
train/learning_rate,34300.0,6.356766243698075e-05
train/learning_rate,34350.0,6.34763709967956e-05
train/learning_rate,34400.0,6.338503590086475e-05
train/learning_rate,34450.0,6.329366442514583e-05
train/learning_rate,34500.0,6.320224201772362e-05
train/learning_rate,34550.0,6.311078323051333e-05
train/learning_rate,34600.0,6.301928078755736e-05
train/learning_rate,34650.0,6.292774196481332e-05
train/learning_rate,34700.0,6.28361594863236e-05
train/learning_rate,34750.0,6.274453335208818e-05
train/learning_rate,34800.0,6.26528708380647e-05
train/learning_rate,34850.0,6.256116466829553e-05
train/learning_rate,34900.0,6.24694221187383e-05
train/learning_rate,34950.0,6.237764318939298e-05
train/learning_rate,35000.0,6.228582060430199e-05
train/learning_rate,35050.0,6.219396163942292e-05
train/learning_rate,35100.0,6.210206629475579e-05
train/learning_rate,35150.0,6.201013457030058e-05
train/learning_rate,35200.0,6.191815919009969e-05
train/learning_rate,35250.0,6.182615470606834e-05
train/learning_rate,35300.0,6.173411384224892e-05
train/learning_rate,35350.0,6.164202932268381e-05
train/learning_rate,35400.0,6.154991569928825e-05
train/learning_rate,35450.0,6.145776569610462e-05
train/learning_rate,35500.0,6.136557931313291e-05
train/learning_rate,35550.0,6.127335655037314e-05
train/learning_rate,35600.0,6.11811046837829e-05
train/learning_rate,35650.0,6.10888164374046e-05
train/learning_rate,35700.0,6.099649181123823e-05
train/learning_rate,35750.0,6.090413444326259e-05
train/learning_rate,35800.0,6.08117479714565e-05
train/learning_rate,35850.0,6.071932511986233e-05
train/learning_rate,35900.0,6.062687316443771e-05
train/learning_rate,35950.0,6.0534388467203826e-05
train/learning_rate,36000.0,6.0441874666139483e-05
train/learning_rate,36050.0,6.034932448528707e-05
train/learning_rate,36100.0,6.025674883858301e-05
train/learning_rate,36150.0,6.016414045006968e-05
train/learning_rate,36200.0,6.00715029577259e-05
train/learning_rate,36250.0,5.997883636155166e-05
train/learning_rate,36300.0,5.988614066154696e-05
train/learning_rate,36350.0,5.9793412219733e-05
train/learning_rate,36400.0,5.970065831206739e-05
train/learning_rate,36450.0,5.960787893855013e-05
train/learning_rate,36500.0,5.9515066823223606e-05
train/learning_rate,36550.0,5.942223288002424e-05
train/learning_rate,36600.0,5.932936619501561e-05
train/learning_rate,36650.0,5.9236477682134137e-05
train/learning_rate,36700.0,5.914356006542221e-05
train/learning_rate,36750.0,5.905061698285863e-05
train/learning_rate,36800.0,5.89576484344434e-05
train/learning_rate,36850.0,5.886465442017652e-05
train/learning_rate,36900.0,5.877163494005799e-05
train/learning_rate,36950.0,5.867859363206662e-05
train/learning_rate,37000.0,5.8585523220244795e-05
train/learning_rate,37050.0,5.849243461852893e-05
train/learning_rate,37100.0,5.839932055096142e-05
train/learning_rate,37150.0,5.830618101754226e-05
train/learning_rate,37200.0,5.821302329422906e-05
train/learning_rate,37250.0,5.811984010506421e-05
train/learning_rate,37300.0,5.8026635088026524e-05
train/learning_rate,37350.0,5.793340824311599e-05
train/learning_rate,37400.0,5.7840163208311424e-05
train/learning_rate,37450.0,5.7746892707655206e-05
train/learning_rate,37500.0,5.7653604017104954e-05
train/learning_rate,37550.0,5.7560297136660665e-05
train/learning_rate,37600.0,5.7466968428343534e-05
train/learning_rate,37650.0,5.737362153013237e-05
train/learning_rate,37700.0,5.728025280404836e-05
train/learning_rate,37750.0,5.718686952604912e-05
train/learning_rate,37800.0,5.709346442017704e-05
train/learning_rate,37850.0,5.7000044762389734e-05
train/learning_rate,37900.0,5.6906603276729584e-05
train/learning_rate,37950.0,5.6813147239154205e-05
train/learning_rate,38000.0,5.671967301168479e-05
train/learning_rate,38050.0,5.662618423230015e-05
train/learning_rate,38100.0,5.6532680901000276e-05
train/learning_rate,38150.0,5.643915574182756e-05
train/learning_rate,38200.0,5.634561966871843e-05
train/learning_rate,38250.0,5.6252069043694064e-05
train/learning_rate,38300.0,5.6158500228775665e-05
train/learning_rate,38350.0,5.6064920499920845e-05
train/learning_rate,38400.0,5.5971326219150797e-05
train/learning_rate,38450.0,5.587771738646552e-05
train/learning_rate,38500.0,5.578409763984382e-05
train/learning_rate,38550.0,5.5690463341306895e-05
train/learning_rate,38600.0,5.559681449085474e-05
train/learning_rate,38650.0,5.5503154726466164e-05
train/learning_rate,38700.0,5.5409484048141167e-05
train/learning_rate,38750.0,5.531580245587975e-05
train/learning_rate,38800.0,5.522210994968191e-05
train/learning_rate,38850.0,5.512840652954765e-05
train/learning_rate,38900.0,5.5034692195476964e-05
train/learning_rate,38950.0,5.494097058544867e-05
train/learning_rate,39000.0,5.484723442350514e-05
train/learning_rate,39050.0,5.475349462358281e-05
train/learning_rate,39100.0,5.465974390972406e-05
train/learning_rate,39150.0,5.456598228192888e-05
train/learning_rate,39200.0,5.447221337817609e-05
train/learning_rate,39250.0,5.43784408364445e-05
train/learning_rate,39300.0,5.428465738077648e-05
train/learning_rate,39350.0,5.419086664915085e-05
train/learning_rate,39400.0,5.40970686415676e-05
train/learning_rate,39450.0,5.400326699600555e-05
train/learning_rate,39500.0,5.390945807448588e-05
train/learning_rate,39550.0,5.381564551498741e-05
train/learning_rate,39600.0,5.372182567953132e-05
train/learning_rate,39650.0,5.3628002206096426e-05
train/learning_rate,39700.0,5.353417509468272e-05
train/learning_rate,39750.0,5.344034070731141e-05
train/learning_rate,39800.0,5.334650631994009e-05
train/learning_rate,39850.0,5.325266465661116e-05
train/learning_rate,39900.0,5.315882299328223e-05
train/learning_rate,39950.0,5.306497769197449e-05
train/learning_rate,40000.0,5.297113239066675e-05
train/learning_rate,40050.0,5.287728345138021e-05
train/learning_rate,40100.0,5.278343451209366e-05
train/learning_rate,40150.0,5.268958193482831e-05
train/learning_rate,40200.0,5.259572935756296e-05
train/learning_rate,40250.0,5.250187678029761e-05
train/learning_rate,40300.0,5.2408024203032255e-05
train/learning_rate,40350.0,5.23141716257669e-05
train/learning_rate,40400.0,5.222031904850155e-05
train/learning_rate,40450.0,5.2126470109215006e-05
train/learning_rate,40500.0,5.203262116992846e-05
train/learning_rate,40550.0,5.1938775868620723e-05
train/learning_rate,40600.0,5.1844930567312986e-05
train/learning_rate,40650.0,5.1751088903984055e-05
train/learning_rate,40700.0,5.1657247240655124e-05
train/learning_rate,40750.0,5.156341285328381e-05
train/learning_rate,40800.0,5.146957846591249e-05
train/learning_rate,40850.0,5.137575135449879e-05
train/learning_rate,40900.0,5.1281927881063893e-05
train/learning_rate,40950.0,5.1188108045607805e-05
train/learning_rate,41000.0,5.1094291848130524e-05
train/learning_rate,41050.0,5.100048292661086e-05
train/learning_rate,41100.0,5.0906681281048805e-05
train/learning_rate,41150.0,5.081288327346556e-05
train/learning_rate,41200.0,5.0719096179818735e-05
train/learning_rate,41250.0,5.062531272415072e-05
train/learning_rate,41300.0,5.0531536544440314e-05
train/learning_rate,41350.0,5.0437767640687525e-05
train/learning_rate,41400.0,5.034400965087116e-05
train/learning_rate,41450.0,5.02502552990336e-05
train/learning_rate,41500.0,5.015651186113246e-05
train/learning_rate,41550.0,5.006277933716774e-05
train/learning_rate,41600.0,4.9969054089160636e-05
train/learning_rate,41650.0,4.9875339755089954e-05
train/learning_rate,41700.0,4.978163633495569e-05
train/learning_rate,41750.0,4.968794382875785e-05
train/learning_rate,41800.0,4.9594262236496434e-05
train/learning_rate,41850.0,4.9500591558171436e-05
train/learning_rate,41900.0,4.940693179378286e-05
train/learning_rate,41950.0,4.9313282943330705e-05
train/learning_rate,42000.0,4.921964864479378e-05
train/learning_rate,42050.0,4.9126025260193273e-05
train/learning_rate,42100.0,4.9032416427507997e-05
train/learning_rate,42150.0,4.893882214673795e-05
train/learning_rate,42200.0,4.884524241788313e-05
train/learning_rate,42250.0,4.875167360296473e-05
train/learning_rate,42300.0,4.8658122977940366e-05
train/learning_rate,42350.0,4.8564583266852424e-05
train/learning_rate,42400.0,4.847106174565852e-05
train/learning_rate,42450.0,4.837755477637984e-05
train/learning_rate,42500.0,4.8284065996995196e-05
train/learning_rate,42550.0,4.819059176952578e-05
train/learning_rate,42600.0,4.8097132093971595e-05
train/learning_rate,42650.0,4.800369424629025e-05
train/learning_rate,42700.0,4.7910270950524136e-05
train/learning_rate,42750.0,4.781686584465206e-05
train/learning_rate,42800.0,4.772348256665282e-05
train/learning_rate,42850.0,4.763011384056881e-05
train/learning_rate,42900.0,4.753676330437884e-05
train/learning_rate,42950.0,4.7443434596061707e-05
train/learning_rate,43000.0,4.735012771561742e-05
train/learning_rate,43050.0,4.725683538708836e-05
train/learning_rate,43100.0,4.716356852441095e-05
train/learning_rate,43150.0,4.707031985162757e-05
train/learning_rate,43200.0,4.697709300671704e-05
train/learning_rate,43250.0,4.688388798967935e-05
train/learning_rate,43300.0,4.6790704800514504e-05
train/learning_rate,43350.0,4.66975434392225e-05
train/learning_rate,43400.0,4.660440390580334e-05
train/learning_rate,43450.0,4.6511289838235825e-05
train/learning_rate,43500.0,4.6418197598541155e-05
train/learning_rate,43550.0,4.6325130824698135e-05
train/learning_rate,43600.0,4.623208587872796e-05
train/learning_rate,43650.0,4.613906639860943e-05
train/learning_rate,43700.0,4.604607238434255e-05
train/learning_rate,43750.0,4.595310383592732e-05
train/learning_rate,43800.0,4.5860157115384936e-05
train/learning_rate,43850.0,4.576723949867301e-05
train/learning_rate,43900.0,4.567434734781273e-05
train/learning_rate,43950.0,4.5581484300782904e-05
train/learning_rate,44000.0,4.5488643081625924e-05
train/learning_rate,44050.0,4.539583460427821e-05
train/learning_rate,44100.0,4.530305159278214e-05
train/learning_rate,44150.0,4.521029404713772e-05
train/learning_rate,44200.0,4.511756924330257e-05
train/learning_rate,44250.0,4.5024869905319065e-05
train/learning_rate,44300.0,4.4932203309144825e-05
train/learning_rate,44350.0,4.483956581680104e-05
train/learning_rate,44400.0,4.474695379030891e-05
train/learning_rate,44450.0,4.465437450562604e-05
train/learning_rate,44500.0,4.456182796275243e-05
train/learning_rate,44550.0,4.446931052370928e-05
train/learning_rate,44600.0,4.43768258264754e-05
train/learning_rate,44650.0,4.428437023307197e-05
train/learning_rate,44700.0,4.41919473814778e-05
train/learning_rate,44750.0,4.409956090967171e-05
train/learning_rate,44800.0,4.400720354169607e-05
train/learning_rate,44850.0,4.39148789155297e-05
train/learning_rate,44900.0,4.382258703117259e-05
train/learning_rate,44950.0,4.373033152660355e-05
train/learning_rate,45000.0,4.3638108763843775e-05
train/learning_rate,45050.0,4.354592238087207e-05
train/learning_rate,45100.0,4.345377237768844e-05
train/learning_rate,45150.0,4.336165511631407e-05
train/learning_rate,45200.0,4.326957059674896e-05
train/learning_rate,45250.0,4.3177526094950736e-05
train/learning_rate,45300.0,4.308551797294058e-05
train/learning_rate,45350.0,4.2993546230718493e-05
train/learning_rate,45400.0,4.290161086828448e-05
train/learning_rate,45450.0,4.2809711885638535e-05
train/learning_rate,45500.0,4.271785292075947e-05
train/learning_rate,45550.0,4.2626030335668474e-05
train/learning_rate,45600.0,4.253424776834436e-05
train/learning_rate,45650.0,4.244250158080831e-05
train/learning_rate,45700.0,4.235079904901795e-05
train/learning_rate,45750.0,4.225913289701566e-05
train/learning_rate,45800.0,4.216750676278025e-05
train/learning_rate,45850.0,4.207592428429052e-05
train/learning_rate,45900.0,4.1984378185588866e-05
train/learning_rate,45950.0,4.1892875742632896e-05
train/learning_rate,46000.0,4.18014133174438e-05
train/learning_rate,46050.0,4.1709994548000395e-05
train/learning_rate,46100.0,4.1618615796323866e-05
train/learning_rate,46150.0,4.152728070039302e-05
train/learning_rate,46200.0,4.1435985622229055e-05
train/learning_rate,46250.0,4.134473783778958e-05
train/learning_rate,46300.0,4.1253530071116984e-05
train/learning_rate,46350.0,4.116236959816888e-05
train/learning_rate,46400.0,4.107125278096646e-05
train/learning_rate,46450.0,4.098017961950973e-05
train/learning_rate,46500.0,4.088915011379868e-05
train/learning_rate,46550.0,4.079816790181212e-05
train/learning_rate,46600.0,4.070722934557125e-05
train/learning_rate,46650.0,4.061633808305487e-05
train/learning_rate,46700.0,4.052549411426298e-05
train/learning_rate,46750.0,4.043469743919559e-05
train/learning_rate,46800.0,4.034394441987388e-05
train/learning_rate,46850.0,4.025324233225547e-05
train/learning_rate,46900.0,4.016258753836155e-05
train/learning_rate,46950.0,4.007198003819212e-05
train/learning_rate,47000.0,3.998141983174719e-05
train/learning_rate,47050.0,3.9890910557005554e-05
train/learning_rate,47100.0,3.980044857598841e-05
train/learning_rate,47150.0,3.971003752667457e-05
train/learning_rate,47200.0,3.9619677409064025e-05
train/learning_rate,47250.0,3.952936458517797e-05
train/learning_rate,47300.0,3.943910633097403e-05
train/learning_rate,47350.0,3.9348895370494574e-05
train/learning_rate,47400.0,3.925873897969723e-05
train/learning_rate,47450.0,3.916862988262437e-05
train/learning_rate,47500.0,3.907857899321243e-05
train/learning_rate,47550.0,3.898857539752498e-05
train/learning_rate,47600.0,3.889862637151964e-05
train/learning_rate,47650.0,3.88087282772176e-05
train/learning_rate,47700.0,3.871888839057647e-05
train/learning_rate,47750.0,3.8629099435638636e-05
train/learning_rate,47800.0,3.853936505038291e-05
train/learning_rate,47850.0,3.8449685234809294e-05
train/learning_rate,47900.0,3.836005998891778e-05
train/learning_rate,47950.0,3.827048931270838e-05
train/learning_rate,48000.0,3.818097320618108e-05
train/learning_rate,48050.0,3.8091515307314694e-05
train/learning_rate,48100.0,3.8002111978130415e-05
train/learning_rate,48150.0,3.791276685660705e-05
train/learning_rate,48200.0,3.782347630476579e-05
train/learning_rate,48250.0,3.773424759856425e-05
train/learning_rate,48300.0,3.764507346204482e-05
train/learning_rate,48350.0,3.75559575331863e-05
train/learning_rate,48400.0,3.7466899811988696e-05
train/learning_rate,48450.0,3.7377900298452005e-05
train/learning_rate,48500.0,3.7288958992576227e-05
train/learning_rate,48550.0,3.720007953234017e-05
train/learning_rate,48600.0,3.7111258279765025e-05
train/learning_rate,48650.0,3.70224988728296e-05
train/learning_rate,48700.0,3.693379767355509e-05
train/learning_rate,48750.0,3.68451583199203e-05
train/learning_rate,48800.0,3.675658081192523e-05
train/learning_rate,48850.0,3.666806151159108e-05
train/learning_rate,48900.0,3.657960769487545e-05
train/learning_rate,48950.0,3.649121572379954e-05
train/learning_rate,49000.0,3.6402885598363355e-05
train/learning_rate,49050.0,3.631461731856689e-05
train/learning_rate,49100.0,3.622641088441014e-05
train/learning_rate,49150.0,3.6138269933871925e-05
train/learning_rate,49200.0,3.6050194466952235e-05
train/learning_rate,49250.0,3.5962180845672265e-05
train/learning_rate,49300.0,3.587423270801082e-05
train/learning_rate,49350.0,3.578635005396791e-05
train/learning_rate,49400.0,3.569853288354352e-05
train/learning_rate,49450.0,3.561078119673766e-05
train/learning_rate,49500.0,3.552309499355033e-05
train/learning_rate,49550.0,3.5435474273981526e-05
train/learning_rate,49600.0,3.534791903803125e-05
train/learning_rate,49650.0,3.526043292367831e-05
train/learning_rate,49700.0,3.5173012292943895e-05
train/learning_rate,49750.0,3.5085660783806816e-05
train/learning_rate,49800.0,3.499837839626707e-05
train/learning_rate,49850.0,3.4911161492345855e-05
train/learning_rate,49900.0,3.482401371002197e-05
train/learning_rate,49950.0,3.473693868727423e-05
train/learning_rate,50000.0,3.464992914814502e-05
train/learning_rate,50050.0,3.456299236859195e-05
train/learning_rate,50100.0,3.4476121072657406e-05
train/learning_rate,50150.0,3.4389322536299005e-05
train/learning_rate,50200.0,3.4302596759516746e-05
train/learning_rate,50250.0,3.421594010433182e-05
train/learning_rate,50300.0,3.412935257074423e-05
train/learning_rate,50350.0,3.404284143471159e-05
train/learning_rate,50400.0,3.3956399420276284e-05
train/learning_rate,50450.0,3.387003016541712e-05
train/learning_rate,50500.0,3.37837336701341e-05
train/learning_rate,50550.0,3.369750993442722e-05
train/learning_rate,50600.0,3.361135895829648e-05
train/learning_rate,50650.0,3.352528437972069e-05
train/learning_rate,50700.0,3.343928256072104e-05
train/learning_rate,50750.0,3.3353353501297534e-05
train/learning_rate,50800.0,3.3267500839428976e-05
train/learning_rate,50850.0,3.318172457511537e-05
train/learning_rate,50900.0,3.30960210703779e-05
train/learning_rate,50950.0,3.3010393963195384e-05
train/learning_rate,51000.0,3.2924843253567815e-05
train/learning_rate,51050.0,3.2839368941495195e-05
train/learning_rate,51100.0,3.275397466495633e-05
train/learning_rate,51150.0,3.266865314799361e-05
train/learning_rate,51200.0,3.258341166656464e-05
train/learning_rate,51250.0,3.2498246582690626e-05
train/learning_rate,51300.0,3.241315789637156e-05
train/learning_rate,51350.0,3.2328149245586246e-05
train/learning_rate,51400.0,3.224322063033469e-05
train/learning_rate,51450.0,3.215836841263808e-05
train/learning_rate,51500.0,3.207359623047523e-05
train/learning_rate,51550.0,3.1988907721824944e-05
train/learning_rate,51600.0,3.1904295610729605e-05
train/learning_rate,51650.0,3.181976353516802e-05
train/learning_rate,51700.0,3.1735311495140195e-05
train/learning_rate,51750.0,3.165094312862493e-05
train/learning_rate,51800.0,3.156665479764342e-05
train/learning_rate,51850.0,3.148245014017448e-05
train/learning_rate,51900.0,3.139832551823929e-05
train/learning_rate,51950.0,3.1314284569816664e-05
train/learning_rate,52000.0,3.1230323656927794e-05
train/learning_rate,52050.0,3.1146450055530295e-05
train/learning_rate,52100.0,3.106265648966655e-05
train/learning_rate,52150.0,3.097894659731537e-05
train/learning_rate,52200.0,3.0895320378476754e-05
train/learning_rate,52250.0,3.081178147112951e-05
train/learning_rate,52300.0,3.072832623729482e-05
train/learning_rate,52350.0,3.06449546769727e-05
train/learning_rate,52400.0,3.056167042814195e-05
train/learning_rate,52450.0,3.047846803383436e-05
train/learning_rate,52500.0,3.0395354770007543e-05
train/learning_rate,52550.0,3.0312326998682693e-05
train/learning_rate,52600.0,3.0229386538849212e-05
train/learning_rate,52650.0,3.01465315715177e-05
train/learning_rate,52700.0,3.0063763915677555e-05
train/learning_rate,52750.0,2.9981085390318185e-05
train/learning_rate,52800.0,2.9898494176450185e-05
train/learning_rate,52850.0,2.9815990274073556e-05
train/learning_rate,52900.0,2.97335755021777e-05
train/learning_rate,52950.0,2.965124986076262e-05
train/learning_rate,53000.0,2.956901334982831e-05
train/learning_rate,53050.0,2.948686778836418e-05
train/learning_rate,53100.0,2.940480953839142e-05
train/learning_rate,53150.0,2.9322842237888835e-05
train/learning_rate,53200.0,2.924096588685643e-05
train/learning_rate,53250.0,2.91591804852942e-05
train/learning_rate,53300.0,2.907748603320215e-05
train/learning_rate,53350.0,2.8995882530580275e-05
train/learning_rate,53400.0,2.891437179641798e-05
train/learning_rate,53450.0,2.8832952011725865e-05
train/learning_rate,53500.0,2.875162499549333e-05
train/learning_rate,53550.0,2.8670390747720376e-05
train/learning_rate,53600.0,2.8589251087396406e-05
train/learning_rate,53650.0,2.8508202376542613e-05
train/learning_rate,53700.0,2.8427248253137805e-05
train/learning_rate,53750.0,2.834638871718198e-05
train/learning_rate,53800.0,2.8265621949685737e-05
train/learning_rate,53850.0,2.8184951588627882e-05
train/learning_rate,53900.0,2.8104373996029608e-05
train/learning_rate,53950.0,2.802389280986972e-05
train/learning_rate,54000.0,2.7943508030148223e-05
train/learning_rate,54050.0,2.786321783787571e-05
train/learning_rate,54100.0,2.7783024052041583e-05
train/learning_rate,54150.0,2.7702928491635248e-05
train/learning_rate,54200.0,2.7622927518677898e-05
train/learning_rate,54250.0,2.754302477114834e-05
train/learning_rate,54300.0,2.7463218430057168e-05
train/learning_rate,54350.0,2.738351031439379e-05
train/learning_rate,54400.0,2.73039004241582e-05
train/learning_rate,54450.0,2.7224388759350404e-05
train/learning_rate,54500.0,2.7144977138959803e-05
train/learning_rate,54550.0,2.7065663743996993e-05
train/learning_rate,54600.0,2.6986448574461974e-05
train/learning_rate,54650.0,2.690733344934415e-05
train/learning_rate,54700.0,2.6828318368643522e-05
train/learning_rate,54750.0,2.674940333236009e-05
train/learning_rate,54800.0,2.6670590159483254e-05
train/learning_rate,54850.0,2.659187521203421e-05
train/learning_rate,54900.0,2.651326394698117e-05
train/learning_rate,54950.0,2.6434752726345323e-05
train/learning_rate,55000.0,2.6356343369116075e-05
train/learning_rate,55050.0,2.627803769428283e-05
train/learning_rate,55100.0,2.619983206386678e-05
train/learning_rate,55150.0,2.612173011584673e-05
train/learning_rate,55200.0,2.6043731850222684e-05
train/learning_rate,55250.0,2.5965835448005237e-05
train/learning_rate,55300.0,2.588804272818379e-05
train/learning_rate,55350.0,2.581035550974775e-05
train/learning_rate,55400.0,2.5732771973707713e-05
train/learning_rate,55450.0,2.5655292120063677e-05
train/learning_rate,55500.0,2.5577915948815644e-05
train/learning_rate,55550.0,2.550064709794242e-05
train/learning_rate,55600.0,2.54234837484546e-05
train/learning_rate,55650.0,2.5346424081362784e-05
train/learning_rate,55700.0,2.5269471734645776e-05
train/learning_rate,55750.0,2.5192624889314175e-05
train/learning_rate,55800.0,2.5115885364357382e-05
train/learning_rate,55850.0,2.50392531597754e-05
train/learning_rate,55900.0,2.4962728275568224e-05
train/learning_rate,55950.0,2.488631071173586e-05
train/learning_rate,56000.0,2.4810000468278304e-05
train/learning_rate,56050.0,2.4733797545195557e-05
train/learning_rate,56100.0,2.4657703761477023e-05
train/learning_rate,56150.0,2.4581719117122702e-05
train/learning_rate,56200.0,2.4505843612132594e-05
train/learning_rate,56250.0,2.44300772465067e-05
train/learning_rate,56300.0,2.4354420020245016e-05
train/learning_rate,56350.0,2.4278871933347546e-05
train/learning_rate,56400.0,2.4203434804803692e-05
train/learning_rate,56450.0,2.4128108634613454e-05
train/learning_rate,56500.0,2.4052893422776833e-05
train/learning_rate,56550.0,2.3977787350304425e-05
train/learning_rate,56600.0,2.3902794055175036e-05
train/learning_rate,56650.0,2.3827911718399264e-05
train/learning_rate,56700.0,2.375314215896651e-05
train/learning_rate,56750.0,2.367848537687678e-05
train/learning_rate,56800.0,2.3603939553140663e-05
train/learning_rate,56850.0,2.352950832573697e-05
train/learning_rate,56900.0,2.3455188056686893e-05
train/learning_rate,56950.0,2.338098238396924e-05
train/learning_rate,57000.0,2.330689130758401e-05
train/learning_rate,57050.0,2.32329130085418e-05
train/learning_rate,57100.0,2.3159049305832013e-05
train/learning_rate,57150.0,2.3085298380465247e-05
train/learning_rate,57200.0,2.3011663870420307e-05
train/learning_rate,57250.0,2.2938145775697194e-05
train/learning_rate,57300.0,2.28647404583171e-05
train/learning_rate,57350.0,2.279145337524824e-05
train/learning_rate,57400.0,2.27182808885118e-05
train/learning_rate,57450.0,2.2645224817097187e-05
train/learning_rate,57500.0,2.2572285161004402e-05
train/learning_rate,57550.0,2.2499461920233443e-05
train/learning_rate,57600.0,2.2426756913773715e-05
train/learning_rate,57650.0,2.2354168322635815e-05
train/learning_rate,57700.0,2.2281697965809144e-05
train/learning_rate,57750.0,2.2209345843293704e-05
train/learning_rate,57800.0,2.2137111955089495e-05
train/learning_rate,57850.0,2.2064996301196516e-05
train/learning_rate,57900.0,2.1992998881614767e-05
train/learning_rate,57950.0,2.1921121515333652e-05
train/learning_rate,58000.0,2.184936238336377e-05
train/learning_rate,58050.0,2.177772330469452e-05
train/learning_rate,58100.0,2.1706206098315306e-05
train/learning_rate,58150.0,2.1634807126247324e-05
train/learning_rate,58200.0,2.1563528207479976e-05
train/learning_rate,58250.0,2.1492371161002666e-05
train/learning_rate,58300.0,2.142133416782599e-05
train/learning_rate,58350.0,2.1350420865928754e-05
train/learning_rate,58400.0,2.1279627617332153e-05
train/learning_rate,58450.0,2.120895624102559e-05
train/learning_rate,58500.0,2.1138406737009063e-05
train/learning_rate,58550.0,2.1067979105282575e-05
train/learning_rate,58600.0,2.0997675164835528e-05
train/learning_rate,58650.0,2.0927493096678518e-05
train/learning_rate,58700.0,2.0857436538790353e-05
train/learning_rate,58750.0,2.0787501853192225e-05
train/learning_rate,58800.0,2.071769085887354e-05
train/learning_rate,58850.0,2.0648005374823697e-05
train/learning_rate,58900.0,2.0578441763063893e-05
train/learning_rate,58950.0,2.0509005480562337e-05
train/learning_rate,59000.0,2.0439692889340222e-05
train/learning_rate,59050.0,2.037050580838695e-05
train/learning_rate,59100.0,2.0301442418713123e-05
train/learning_rate,59150.0,2.0232506358297542e-05
train/learning_rate,59200.0,2.0163695808150806e-05
train/learning_rate,59250.0,2.0095012587262318e-05
train/learning_rate,59300.0,2.0026454876642674e-05
train/learning_rate,59350.0,1.995802449528128e-05
train/learning_rate,59400.0,1.988971962418873e-05
train/learning_rate,59450.0,1.982154390134383e-05
train/learning_rate,59500.0,1.9753493688767776e-05
train/learning_rate,59550.0,1.9685572624439374e-05
train/learning_rate,59600.0,1.9617780708358623e-05
train/learning_rate,59650.0,1.955011612153612e-05
train/learning_rate,59700.0,1.948258068296127e-05
train/learning_rate,59750.0,1.9415172573644668e-05
train/learning_rate,59800.0,1.934789543156512e-05
train/learning_rate,59850.0,1.9280747437733226e-05
train/learning_rate,59900.0,1.9213728592148982e-05
train/learning_rate,59950.0,1.914683889481239e-05
train/learning_rate,60000.0,1.9080080164712854e-05
train/learning_rate,60050.0,1.9013452401850373e-05
train/learning_rate,60100.0,1.8946955606224947e-05
train/learning_rate,60150.0,1.8880587958847173e-05
train/learning_rate,60200.0,1.8814353097695857e-05
train/learning_rate,60250.0,1.8748249203781597e-05
train/learning_rate,60300.0,1.8682278096093796e-05
train/learning_rate,60350.0,1.861643795564305e-05
train/learning_rate,60400.0,1.8550730601418763e-05
train/learning_rate,60450.0,1.8485154214431532e-05
train/learning_rate,60500.0,1.8419712432660162e-05
train/learning_rate,60550.0,1.8354403437115252e-05
train/learning_rate,60600.0,1.82892272277968e-05
train/learning_rate,60650.0,1.822418562369421e-05
train/learning_rate,60700.0,1.815927680581808e-05
train/learning_rate,60750.0,1.8094502593157813e-05
train/learning_rate,60800.0,1.8029861166724004e-05
train/learning_rate,60850.0,1.796535616449546e-05
train/learning_rate,60900.0,1.790098576748278e-05
train/learning_rate,60950.0,1.783674997568596e-05
train/learning_rate,61000.0,1.7772648789105006e-05
train/learning_rate,61050.0,1.7708684026729316e-05
train/learning_rate,61100.0,1.764485568855889e-05
train/learning_rate,61150.0,1.758116195560433e-05
train/learning_rate,61200.0,1.7517606465844437e-05
train/learning_rate,61250.0,1.7454185581300408e-05
train/learning_rate,61300.0,1.7390902939951047e-05
train/learning_rate,61350.0,1.7327756722806953e-05
train/learning_rate,61400.0,1.7264748748857528e-05
train/learning_rate,61450.0,1.720187719911337e-05
train/learning_rate,61500.0,1.713914389256388e-05
train/learning_rate,61550.0,1.707654882920906e-05
train/learning_rate,61600.0,1.7014090190059505e-05
train/learning_rate,61650.0,1.6951771613094024e-05
train/learning_rate,61700.0,1.6889593098312616e-05
train/learning_rate,61750.0,1.6827551007736474e-05
train/learning_rate,61800.0,1.676565079833381e-05
train/learning_rate,61850.0,1.6703888832125813e-05
train/learning_rate,61900.0,1.6642265109112486e-05
train/learning_rate,61950.0,1.6580783267272636e-05
train/learning_rate,62000.0,1.651944148761686e-05
train/learning_rate,62050.0,1.6458239770145155e-05
train/learning_rate,62100.0,1.6397178114857525e-05
train/learning_rate,62150.0,1.633625834074337e-05
train/learning_rate,62200.0,1.6275480447802693e-05
train/learning_rate,62250.0,1.6214842617046088e-05
train/learning_rate,62300.0,1.615434666746296e-05
train/learning_rate,62350.0,1.609399259905331e-05
train/learning_rate,62400.0,1.6033782230806537e-05
train/learning_rate,62450.0,1.597371192474384e-05
train/learning_rate,62500.0,1.591378531884402e-05
train/learning_rate,62550.0,1.5854002413107082e-05
train/learning_rate,62600.0,1.579436138854362e-05
train/learning_rate,62650.0,1.573486406414304e-05
train/learning_rate,62700.0,1.5675508620915934e-05
train/learning_rate,62750.0,1.5616298696841113e-05
train/learning_rate,62800.0,1.5557232472929172e-05
train/learning_rate,62850.0,1.5498311768169515e-05
train/learning_rate,62900.0,1.5439532944583334e-05
train/learning_rate,62950.0,1.538090145913884e-05
train/learning_rate,63000.0,1.5322411854867823e-05
train/learning_rate,63050.0,1.5264069588738494e-05
train/learning_rate,63100.0,1.5205871932266746e-05
train/learning_rate,63150.0,1.5147820704441983e-05
train/learning_rate,63200.0,1.5089914086274803e-05
train/learning_rate,63250.0,1.503215480624931e-05
train/learning_rate,63300.0,1.49745410453761e-05
train/learning_rate,63350.0,1.4917073713149875e-05
train/learning_rate,63400.0,1.4859752809570637e-05
train/learning_rate,63450.0,1.4802579244133085e-05
train/learning_rate,63500.0,1.474555301683722e-05
train/learning_rate,63550.0,1.4688674127683043e-05
train/learning_rate,63600.0,1.4631942576670554e-05
train/learning_rate,63650.0,1.4575359273294453e-05
train/learning_rate,63700.0,1.4518923308060039e-05
train/learning_rate,63750.0,1.4462636499956716e-05
train/learning_rate,63800.0,1.4406497939489782e-05
train/learning_rate,63850.0,1.4350507626659237e-05
train/learning_rate,63900.0,1.4294666470959783e-05
train/learning_rate,63950.0,1.4238974472391419e-05
train/learning_rate,64000.0,1.4183432540448848e-05
train/learning_rate,64050.0,1.4128038856142666e-05
train/learning_rate,64100.0,1.4072796147956979e-05
train/learning_rate,64150.0,1.4017702596902382e-05
train/learning_rate,64200.0,1.3962760021968279e-05
train/learning_rate,64250.0,1.3907967513659969e-05
train/learning_rate,64300.0,1.3853325981472153e-05
train/learning_rate,64350.0,1.379883451591013e-05
train/learning_rate,64400.0,1.3744494935963303e-05
train/learning_rate,64450.0,1.369030633213697e-05
train/learning_rate,64500.0,1.3636269613925833e-05
train/learning_rate,64550.0,1.358238387183519e-05
train/learning_rate,64600.0,1.3528650924854446e-05
train/learning_rate,64650.0,1.3475069863488898e-05
train/learning_rate,64700.0,1.3421640687738545e-05
train/learning_rate,64750.0,1.336836430709809e-05
train/learning_rate,64800.0,1.3315240721567534e-05
train/learning_rate,64850.0,1.3262269931146875e-05
train/learning_rate,64900.0,1.3209452845330816e-05
train/learning_rate,64950.0,1.3156788554624654e-05
train/learning_rate,65000.0,1.3104278878017794e-05
train/learning_rate,65050.0,1.3051921996520832e-05
train/learning_rate,65100.0,1.2999719729123171e-05
train/learning_rate,65150.0,1.294767116633011e-05
train/learning_rate,65200.0,1.289577721763635e-05
train/learning_rate,65250.0,1.2844037883041892e-05
train/learning_rate,65300.0,1.2792453162546735e-05
train/learning_rate,65350.0,1.2741023965645581e-05
train/learning_rate,65400.0,1.2689749382843729e-05
train/learning_rate,65450.0,1.263863032363588e-05
train/learning_rate,65500.0,1.2587666788022034e-05
train/learning_rate,65550.0,1.2536859685496893e-05
train/learning_rate,65600.0,1.2486208106565755e-05
train/learning_rate,65650.0,1.2435712960723322e-05
train/learning_rate,65700.0,1.2385374247969594e-05
train/learning_rate,65750.0,1.233519196830457e-05
train/learning_rate,65800.0,1.2285166121728253e-05
train/learning_rate,65850.0,1.2235297617735341e-05
train/learning_rate,65900.0,1.2185586456325836e-05
train/learning_rate,65950.0,1.2136032637499738e-05
train/learning_rate,66000.0,1.2086637070751749e-05
train/learning_rate,66050.0,1.2037397937092464e-05
train/learning_rate,66100.0,1.198831796500599e-05
train/learning_rate,66150.0,1.1939395335502923e-05
train/learning_rate,66200.0,1.1890630958077963e-05
train/learning_rate,66250.0,1.1842025742225815e-05
train/learning_rate,66300.0,1.1793578778451774e-05
train/learning_rate,66350.0,1.1745290976250544e-05
train/learning_rate,66400.0,1.1697162335622124e-05
train/learning_rate,66450.0,1.1649192856566515e-05
train/learning_rate,66500.0,1.1601383448578417e-05
train/learning_rate,66550.0,1.1553732292668428e-05
train/learning_rate,66600.0,1.1506242117320653e-05
train/learning_rate,66650.0,1.145891201304039e-05
train/learning_rate,66700.0,1.1411741979827639e-05
train/learning_rate,66750.0,1.13647320176824e-05
train/learning_rate,66800.0,1.1317883036099374e-05
train/learning_rate,66850.0,1.1271194125583861e-05
train/learning_rate,66900.0,1.1224667105125263e-05
train/learning_rate,66950.0,1.1178300155734178e-05
train/learning_rate,67000.0,1.1132095096400008e-05
train/learning_rate,67050.0,1.1086051927122753e-05
train/learning_rate,67100.0,1.1040169738407712e-05
train/learning_rate,67150.0,1.0994450349244289e-05
train/learning_rate,67200.0,1.094889194064308e-05
train/learning_rate,67250.0,1.0903496331593487e-05
train/learning_rate,67300.0,1.0858263522095513e-05
train/learning_rate,67350.0,1.0813192602654453e-05
train/learning_rate,67400.0,1.0768284482765011e-05
train/learning_rate,67450.0,1.0723539162427187e-05
train/learning_rate,67500.0,1.0678957551135682e-05
train/learning_rate,67550.0,1.0634538739395794e-05
train/learning_rate,67600.0,1.0590283636702225e-05
train/learning_rate,67650.0,1.0546191333560273e-05
train/learning_rate,67700.0,1.0502263648959342e-05
train/learning_rate,67750.0,1.0458499673404731e-05
train/learning_rate,67800.0,1.041490031639114e-05
train/learning_rate,67850.0,1.0371464668423869e-05
train/learning_rate,67900.0,1.0328193638997618e-05
train/learning_rate,67950.0,1.0285087228112388e-05
train/learning_rate,68000.0,1.024214543576818e-05
train/learning_rate,68050.0,1.0199368261964992e-05
train/learning_rate,68100.0,1.0156757525692228e-05
train/learning_rate,68150.0,1.0114311407960486e-05
train/learning_rate,68200.0,1.0072029908769764e-05
train/learning_rate,68250.0,1.0029914847109467e-05
train/learning_rate,68300.0,9.987966222979594e-06
train/learning_rate,68350.0,9.946182217390742e-06
train/learning_rate,68400.0,9.904565558827017e-06
train/learning_rate,68450.0,9.863114428299014e-06
train/learning_rate,68500.0,9.821829735301435e-06
train/learning_rate,68550.0,9.780712389328983e-06
train/learning_rate,68600.0,9.739761480886955e-06
train/learning_rate,68650.0,9.698977009975351e-06
train/learning_rate,68700.0,9.658359886088874e-06
train/learning_rate,68750.0,9.617910109227523e-06
train/learning_rate,68800.0,9.577627679391298e-06
train/learning_rate,68850.0,9.537513506074902e-06
train/learning_rate,68900.0,9.49756577028893e-06
train/learning_rate,68950.0,9.457787200517487e-06
train/learning_rate,69000.0,9.41817597777117e-06
train/learning_rate,69050.0,9.378733011544682e-06
train/learning_rate,69100.0,9.339458301838022e-06
train/learning_rate,69150.0,9.30035184865119e-06
train/learning_rate,69200.0,9.261414561478887e-06
train/learning_rate,69250.0,9.222645530826412e-06
train/learning_rate,69300.0,9.184046575683169e-06
train/learning_rate,69350.0,9.145615877059754e-06
train/learning_rate,69400.0,9.107354344450869e-06
train/learning_rate,69450.0,9.069261977856513e-06
train/learning_rate,69500.0,9.031339686771389e-06
train/learning_rate,69550.0,8.993587471195497e-06
train/learning_rate,69600.0,8.956004421634134e-06
train/learning_rate,69650.0,8.918591447582003e-06
train/learning_rate,69700.0,8.881348549039103e-06
train/learning_rate,69750.0,8.844276635500137e-06
train/learning_rate,69800.0,8.8073738879757e-06
train/learning_rate,69850.0,8.770643034949899e-06
train/learning_rate,69900.0,8.734082257433329e-06
train/learning_rate,69950.0,8.697692464920692e-06
train/learning_rate,70000.0,8.661473657411989e-06
train/learning_rate,70050.0,8.625425834907219e-06
train/learning_rate,70100.0,8.589548997406382e-06
train/learning_rate,70150.0,8.55384405440418e-06
train/learning_rate,70200.0,8.518311005900614e-06
train/learning_rate,70250.0,8.48294894240098e-06
train/learning_rate,70300.0,8.447759682894684e-06
train/learning_rate,70350.0,8.412741408392321e-06
train/learning_rate,70400.0,8.377895937883295e-06
train/learning_rate,70450.0,8.343222361872904e-06
train/learning_rate,70500.0,8.308720680361148e-06
train/learning_rate,70550.0,8.274391802842729e-06
train/learning_rate,70600.0,8.240235729317646e-06
train/learning_rate,70650.0,8.206253369280603e-06
train/learning_rate,70700.0,8.172442903742194e-06
train/learning_rate,70750.0,8.138805242197122e-06
train/learning_rate,70800.0,8.10534129414009e-06
train/learning_rate,70850.0,8.072051059571095e-06
train/learning_rate,70900.0,8.038933628995437e-06
train/learning_rate,70950.0,8.005989911907818e-06
train/learning_rate,71000.0,7.973219908308238e-06
train/learning_rate,71050.0,7.940623618196696e-06
train/learning_rate,71100.0,7.908201041573193e-06
train/learning_rate,71150.0,7.87595308793243e-06
train/learning_rate,71200.0,7.843878847779706e-06
train/learning_rate,71250.0,7.811980140104424e-06
train/learning_rate,71300.0,7.780254236422479e-06
train/learning_rate,71350.0,7.748703865217976e-06
train/learning_rate,71400.0,7.717328116996214e-06
train/learning_rate,71450.0,7.686126991757192e-06
train/learning_rate,71500.0,7.655101398995612e-06
train/learning_rate,71550.0,7.6242499744694214e-06
train/learning_rate,71600.0,7.593574537168024e-06
train/learning_rate,71650.0,7.563073722849367e-06
train/learning_rate,71700.0,7.532748895755503e-06
train/learning_rate,71750.0,7.502599601139082e-06
train/learning_rate,71800.0,7.472625384252751e-06
train/learning_rate,71850.0,7.442827609338565e-06
train/learning_rate,71900.0,7.4132053669018205e-06
train/learning_rate,71950.0,7.383759111689869e-06
train/learning_rate,72000.0,7.354489298450062e-06
train/learning_rate,72050.0,7.325395472435048e-06
train/learning_rate,72100.0,7.296478088392178e-06
train/learning_rate,72150.0,7.267737146321451e-06
train/learning_rate,72200.0,7.23917310097022e-06
train/learning_rate,72250.0,7.210785497591132e-06
train/learning_rate,72300.0,7.182574336184189e-06
train/learning_rate,72350.0,7.154540526244091e-06
train/learning_rate,72400.0,7.126683613023488e-06
train/learning_rate,72450.0,7.0990040512697306e-06
train/learning_rate,72500.0,7.071501386235468e-06
train/learning_rate,72550.0,7.044176527415402e-06
train/learning_rate,72600.0,7.017028565314831e-06
train/learning_rate,72650.0,6.990058409428457e-06
train/learning_rate,72700.0,6.963266059756279e-06
train/learning_rate,72750.0,6.936651516298298e-06
train/learning_rate,72800.0,6.910214779054513e-06
train/learning_rate,72850.0,6.883955848024925e-06
train/learning_rate,72900.0,6.857875177956885e-06
train/learning_rate,72950.0,6.831972314103041e-06
train/learning_rate,73000.0,6.806248165958095e-06
train/learning_rate,73050.0,6.780702278774697e-06
train/learning_rate,73100.0,6.755335107300198e-06
train/learning_rate,73150.0,6.7301461967872456e-06
train/learning_rate,73200.0,6.705136001983192e-06
train/learning_rate,73250.0,6.6803045228880364e-06
train/learning_rate,73300.0,6.65565221424913e-06
train/learning_rate,73350.0,6.631178621319123e-06
train/learning_rate,73400.0,6.606884198845364e-06
train/learning_rate,73450.0,6.582768946827855e-06
train/learning_rate,73500.0,6.558832865266595e-06
train/learning_rate,73550.0,6.535076408908935e-06
train/learning_rate,73600.0,6.511499123007525e-06
train/learning_rate,73650.0,6.488101462309714e-06
train/learning_rate,73700.0,6.464883426815504e-06
train/learning_rate,73750.0,6.441845016524894e-06
train/learning_rate,73800.0,6.418986686185235e-06
train/learning_rate,73850.0,6.396307981049176e-06
train/learning_rate,73900.0,6.3738093558640685e-06
train/learning_rate,73950.0,6.351490810629912e-06
train/learning_rate,74000.0,6.329352345346706e-06
train/learning_rate,74050.0,6.307394414761802e-06
train/learning_rate,74100.0,6.285616564127849e-06
train/learning_rate,74150.0,6.2640192481921986e-06
train/learning_rate,74200.0,6.24260246695485e-06
train/learning_rate,74250.0,6.221366220415803e-06
train/learning_rate,74300.0,6.200310508575058e-06
train/learning_rate,74350.0,6.1794353314326145e-06
train/learning_rate,74400.0,6.158741598483175e-06
train/learning_rate,74450.0,6.1382284002320375e-06
train/learning_rate,74500.0,6.117896191426553e-06
train/learning_rate,74550.0,6.097744972066721e-06
train/learning_rate,74600.0,6.077775196899893e-06
train/learning_rate,74650.0,6.057986411178717e-06
train/learning_rate,74700.0,6.038379069650546e-06
train/learning_rate,74750.0,6.018953172315378e-06
train/learning_rate,74800.0,5.9997087191732135e-06
train/learning_rate,74850.0,5.980645710224053e-06
train/learning_rate,74900.0,5.961764600215247e-06
train/learning_rate,74950.0,5.943064934399445e-06
train/learning_rate,75000.0,5.924546712776646e-06
train/learning_rate,75050.0,5.906210844841553e-06
train/learning_rate,75100.0,5.8880564210994635e-06
train/learning_rate,75150.0,5.8700843510450795e-06
train/learning_rate,75200.0,5.85229417993105e-06
train/learning_rate,75250.0,5.834685907757375e-06
train/learning_rate,75300.0,5.817259989271406e-06
train/learning_rate,75350.0,5.800016424473142e-06
train/learning_rate,75400.0,5.782955213362584e-06
train/learning_rate,75450.0,5.76607590119238e-06
train/learning_rate,75500.0,5.749379397457233e-06
train/learning_rate,75550.0,5.732865702157142e-06
train/learning_rate,75600.0,5.716534360544756e-06
train/learning_rate,75650.0,5.700385372620076e-06
train/learning_rate,75700.0,5.684419193130452e-06
train/learning_rate,75750.0,5.668635822075885e-06
train/learning_rate,75800.0,5.653035714203725e-06
train/learning_rate,75850.0,5.63761796001927e-06
train/learning_rate,75900.0,5.6223834690172225e-06
train/learning_rate,75950.0,5.6073317864502314e-06
train/learning_rate,76000.0,5.592462912318297e-06
train/learning_rate,76050.0,5.57777775611612e-06
train/learning_rate,76100.0,5.563275408349e-06
train/learning_rate,76150.0,5.548956323764287e-06
train/learning_rate,76200.0,5.534820502361981e-06
train/learning_rate,76250.0,5.520868398889434e-06
train/learning_rate,76300.0,5.507099103851942e-06
train/learning_rate,76350.0,5.49351398149156e-06
train/learning_rate,76400.0,5.480111667566234e-06
train/learning_rate,76450.0,5.466893526318017e-06
train/learning_rate,76500.0,5.453858648252208e-06
train/learning_rate,76550.0,5.441007488116156e-06
train/learning_rate,76600.0,5.428340045909863e-06
train/learning_rate,76650.0,5.415856321633328e-06
train/learning_rate,76700.0,5.403556315286551e-06
train/learning_rate,76750.0,5.391440481616883e-06
train/learning_rate,76800.0,5.379508365876973e-06
train/learning_rate,76850.0,5.367759968066821e-06
train/learning_rate,76900.0,5.356196197681129e-06
train/learning_rate,76950.0,5.344816145225195e-06
train/learning_rate,77000.0,5.33361981069902e-06
train/learning_rate,77050.0,5.322608103597304e-06
train/learning_rate,77100.0,5.311780569172697e-06
train/learning_rate,77150.0,5.3011372074251994e-06
train/learning_rate,77200.0,5.290678018354811e-06
train/learning_rate,77250.0,5.280403001961531e-06
train/learning_rate,77300.0,5.2703121582453605e-06
train/learning_rate,77350.0,5.260406396701001e-06
train/learning_rate,77400.0,5.250684353086399e-06
train/learning_rate,77450.0,5.241147391643608e-06
train/learning_rate,77500.0,5.231794602877926e-06
train/learning_rate,77550.0,5.222625986789353e-06
train/learning_rate,77600.0,5.213642452872591e-06
train/learning_rate,77650.0,5.204843546380289e-06
train/learning_rate,77700.0,5.196228812565096e-06
train/learning_rate,77750.0,5.187799160921713e-06
train/learning_rate,77800.0,5.179554136702791e-06
train/learning_rate,77850.0,5.171493739908328e-06
train/learning_rate,77900.0,5.1636184252856765e-06
train/learning_rate,77950.0,5.155927283340134e-06
train/learning_rate,78000.0,5.148421678313753e-06
train/learning_rate,78050.0,5.1411007007118315e-06
train/learning_rate,78100.0,5.13396435053437e-06
train/learning_rate,78150.0,5.12701308252872e-06
train/learning_rate,78200.0,5.12024689669488e-06
train/learning_rate,78250.0,5.1136653382855e-06
train/learning_rate,78300.0,5.107268862047931e-06
train/learning_rate,78350.0,5.101057467982173e-06
train/learning_rate,78400.0,5.0950311560882255e-06
train/learning_rate,78450.0,5.089189926366089e-06
train/learning_rate,78500.0,5.083533778815763e-06
train/learning_rate,78550.0,5.078063168184599e-06
train/learning_rate,78600.0,5.072777184977895e-06
train/learning_rate,78650.0,5.067676283943001e-06
train/learning_rate,78700.0,5.062760919827269e-06
train/learning_rate,78750.0,5.0580301831359975e-06
train/learning_rate,78800.0,5.053484983363887e-06
train/learning_rate,78850.0,5.049125320510939e-06
train/learning_rate,78900.0,5.044950739829801e-06
train/learning_rate,78950.0,5.040961241320474e-06
train/learning_rate,79000.0,5.037156824982958e-06
train/learning_rate,79050.0,5.0335379455646034e-06
train/learning_rate,79100.0,5.030104603065411e-06
train/learning_rate,79150.0,5.026856342738029e-06
train/learning_rate,79200.0,5.023793619329808e-06
train/learning_rate,79250.0,5.020915978093399e-06
train/learning_rate,79300.0,5.018223873776151e-06
train/learning_rate,79350.0,5.015716851630714e-06
train/learning_rate,79400.0,5.013395366404438e-06
train/learning_rate,79450.0,5.011259418097325e-06
train/learning_rate,79500.0,5.009308551962022e-06
train/learning_rate,79550.0,5.007543677493231e-06
train/learning_rate,79600.0,5.005963430448901e-06
train/learning_rate,79650.0,5.004569175071083e-06
train/learning_rate,79700.0,5.003360001865076e-06
train/learning_rate,79750.0,5.0023363655782305e-06
train/learning_rate,79800.0,5.001498266210547e-06
train/learning_rate,79850.0,5.000845703762025e-06
train/learning_rate,79900.0,5.000378223485313e-06
train/learning_rate,79950.0,5.000096280127764e-06
train/learning_rate,80000.0,4.999999873689376e-06
train/gradient_norm_before_clip,1.0,2.0339434146881104
train/gradient_norm_before_clip,50.0,1.2821720838546753
train/gradient_norm_before_clip,100.0,0.4314648509025574
train/gradient_norm_before_clip,150.0,0.35013547539711
train/gradient_norm_before_clip,200.0,0.3398604691028595
train/gradient_norm_before_clip,250.0,0.42776229977607727
train/gradient_norm_before_clip,300.0,0.31108567118644714
train/gradient_norm_before_clip,350.0,0.2864951491355896
train/gradient_norm_before_clip,400.0,0.32898184657096863
train/gradient_norm_before_clip,450.0,0.24948513507843018
train/gradient_norm_before_clip,500.0,0.3308814465999603
train/gradient_norm_before_clip,550.0,0.1879078596830368
train/gradient_norm_before_clip,600.0,0.2191176563501358
train/gradient_norm_before_clip,650.0,0.5732669830322266
train/gradient_norm_before_clip,700.0,0.44208699464797974
train/gradient_norm_before_clip,750.0,0.2138327956199646
train/gradient_norm_before_clip,800.0,0.24858035147190094
train/gradient_norm_before_clip,850.0,0.2265680432319641
train/gradient_norm_before_clip,900.0,0.3804411292076111
train/gradient_norm_before_clip,950.0,0.5641880035400391
train/gradient_norm_before_clip,1000.0,0.2127971649169922
train/gradient_norm_before_clip,1050.0,0.2047601342201233
train/gradient_norm_before_clip,1100.0,0.3506375849246979
train/gradient_norm_before_clip,1150.0,0.2392265498638153
train/gradient_norm_before_clip,1200.0,0.20931796729564667
train/gradient_norm_before_clip,1250.0,0.16101036965847015
train/gradient_norm_before_clip,1300.0,1.1620522737503052
train/gradient_norm_before_clip,1350.0,0.7060365080833435
train/gradient_norm_before_clip,1400.0,0.20092128217220306
train/gradient_norm_before_clip,1450.0,0.13991892337799072
train/gradient_norm_before_clip,1500.0,0.5557010769844055
train/gradient_norm_before_clip,1550.0,0.2727176547050476
train/gradient_norm_before_clip,1600.0,0.1950797140598297
train/gradient_norm_before_clip,1650.0,0.12698768079280853
train/gradient_norm_before_clip,1700.0,1.1301857233047485
train/gradient_norm_before_clip,1750.0,0.1600308120250702
train/gradient_norm_before_clip,1800.0,0.4304887354373932
train/gradient_norm_before_clip,1850.0,0.6564878821372986
train/gradient_norm_before_clip,1900.0,0.30030134320259094
train/gradient_norm_before_clip,1950.0,0.21689648926258087
train/gradient_norm_before_clip,2000.0,0.19349715113639832
train/gradient_norm_before_clip,2050.0,0.18517844378948212
train/gradient_norm_before_clip,2100.0,0.16203805804252625
train/gradient_norm_before_clip,2150.0,0.2296970933675766
train/gradient_norm_before_clip,2200.0,0.46904823184013367
train/gradient_norm_before_clip,2250.0,0.2376844882965088
train/gradient_norm_before_clip,2300.0,0.14659154415130615
train/gradient_norm_before_clip,2350.0,0.2582850754261017
train/gradient_norm_before_clip,2400.0,0.5282307267189026
train/gradient_norm_before_clip,2450.0,0.26444777846336365
train/gradient_norm_before_clip,2500.0,0.12912891805171967
train/gradient_norm_before_clip,2550.0,0.27781999111175537
train/gradient_norm_before_clip,2600.0,0.2680458426475525
train/gradient_norm_before_clip,2650.0,0.14585022628307343
train/gradient_norm_before_clip,2700.0,0.1648443192243576
train/gradient_norm_before_clip,2750.0,0.16345945000648499
train/gradient_norm_before_clip,2800.0,0.12234710156917572
train/gradient_norm_before_clip,2850.0,0.21479934453964233
train/gradient_norm_before_clip,2900.0,0.24042613804340363
train/gradient_norm_before_clip,2950.0,0.46534743905067444
train/gradient_norm_before_clip,3000.0,0.2728119492530823
train/gradient_norm_before_clip,3050.0,0.31196287274360657
train/gradient_norm_before_clip,3100.0,0.30225303769111633
train/gradient_norm_before_clip,3150.0,0.25133034586906433
train/gradient_norm_before_clip,3200.0,0.11619646847248077
train/gradient_norm_before_clip,3250.0,0.20073121786117554
train/gradient_norm_before_clip,3300.0,0.11185847967863083
train/gradient_norm_before_clip,3350.0,0.31766584515571594
train/gradient_norm_before_clip,3400.0,0.14371134340763092
train/gradient_norm_before_clip,3450.0,0.24211424589157104
train/gradient_norm_before_clip,3500.0,0.24893148243427277
train/gradient_norm_before_clip,3550.0,0.5823884606361389
train/gradient_norm_before_clip,3600.0,0.5576536655426025
train/gradient_norm_before_clip,3650.0,0.2210891842842102
train/gradient_norm_before_clip,3700.0,0.6697024703025818
train/gradient_norm_before_clip,3750.0,0.2071637362241745
train/gradient_norm_before_clip,3800.0,0.2431470900774002
train/gradient_norm_before_clip,3850.0,0.39817535877227783
train/gradient_norm_before_clip,3900.0,0.5659372806549072
train/gradient_norm_before_clip,3950.0,0.16192030906677246
train/gradient_norm_before_clip,4000.0,0.21002592146396637
train/gradient_norm_before_clip,4050.0,0.3086981475353241
train/gradient_norm_before_clip,4100.0,0.2773095369338989
train/gradient_norm_before_clip,4150.0,0.204332634806633
train/gradient_norm_before_clip,4200.0,0.20780636370182037
train/gradient_norm_before_clip,4250.0,0.1743350327014923
train/gradient_norm_before_clip,4300.0,0.2489635944366455
train/gradient_norm_before_clip,4350.0,0.3664964735507965
train/gradient_norm_before_clip,4400.0,0.166972354054451
train/gradient_norm_before_clip,4450.0,0.24337871372699738
train/gradient_norm_before_clip,4500.0,0.17026443779468536
train/gradient_norm_before_clip,4550.0,0.23396363854408264
train/gradient_norm_before_clip,4600.0,0.13916583359241486
train/gradient_norm_before_clip,4650.0,0.685306191444397
train/gradient_norm_before_clip,4700.0,0.11559002846479416
train/gradient_norm_before_clip,4750.0,0.2479213923215866
train/gradient_norm_before_clip,4800.0,0.3062911033630371
train/gradient_norm_before_clip,4850.0,0.2406700700521469
train/gradient_norm_before_clip,4900.0,0.4493553340435028
train/gradient_norm_before_clip,4950.0,0.25079551339149475
train/gradient_norm_before_clip,5000.0,0.27593156695365906
train/gradient_norm_before_clip,5050.0,0.31315430998802185
train/gradient_norm_before_clip,5100.0,0.2610258460044861
train/gradient_norm_before_clip,5150.0,0.4519622325897217
train/gradient_norm_before_clip,5200.0,0.32109910249710083
train/gradient_norm_before_clip,5250.0,0.1615799218416214
train/gradient_norm_before_clip,5300.0,0.18884354829788208
train/gradient_norm_before_clip,5350.0,0.2357148975133896
train/gradient_norm_before_clip,5400.0,0.25776752829551697
train/gradient_norm_before_clip,5450.0,0.18648190796375275
train/gradient_norm_before_clip,5500.0,0.21937081217765808
train/gradient_norm_before_clip,5550.0,0.17410127818584442
train/gradient_norm_before_clip,5600.0,0.20125199854373932
train/gradient_norm_before_clip,5650.0,0.1325792521238327
train/gradient_norm_before_clip,5700.0,0.2177209109067917
train/gradient_norm_before_clip,5750.0,0.3727346956729889
train/gradient_norm_before_clip,5800.0,0.19536636769771576
train/gradient_norm_before_clip,5850.0,0.137408047914505
train/gradient_norm_before_clip,5900.0,0.3358939588069916
train/gradient_norm_before_clip,5950.0,0.40419304370880127
train/gradient_norm_before_clip,6000.0,0.26232433319091797
train/gradient_norm_before_clip,6050.0,0.18867328763008118
train/gradient_norm_before_clip,6100.0,0.13047540187835693
train/gradient_norm_before_clip,6150.0,0.2547495365142822
train/gradient_norm_before_clip,6200.0,0.16604658961296082
train/gradient_norm_before_clip,6250.0,0.15088558197021484
train/gradient_norm_before_clip,6300.0,0.26462322473526
train/gradient_norm_before_clip,6350.0,0.16817717254161835
train/gradient_norm_before_clip,6400.0,0.23309661448001862
train/gradient_norm_before_clip,6450.0,0.23166656494140625
train/gradient_norm_before_clip,6500.0,0.20200444757938385
train/gradient_norm_before_clip,6550.0,0.13587015867233276
train/gradient_norm_before_clip,6600.0,0.15775533020496368
train/gradient_norm_before_clip,6650.0,0.2065928727388382
train/gradient_norm_before_clip,6700.0,0.14397834241390228
train/gradient_norm_before_clip,6750.0,0.28767305612564087
train/gradient_norm_before_clip,6800.0,0.36818692088127136
train/gradient_norm_before_clip,6850.0,0.2972533106803894
train/gradient_norm_before_clip,6900.0,0.5364983677864075
train/gradient_norm_before_clip,6950.0,0.15457463264465332
train/gradient_norm_before_clip,7000.0,0.21384325623512268
train/gradient_norm_before_clip,7050.0,0.20327845215797424
train/gradient_norm_before_clip,7100.0,0.2068377137184143
train/gradient_norm_before_clip,7150.0,0.3228258490562439
train/gradient_norm_before_clip,7200.0,0.11705996096134186
train/gradient_norm_before_clip,7250.0,0.24011841416358948
train/gradient_norm_before_clip,7300.0,0.18673382699489594
train/gradient_norm_before_clip,7350.0,0.3040200471878052
train/gradient_norm_before_clip,7400.0,0.1168646290898323
train/gradient_norm_before_clip,7450.0,0.13845039904117584
train/gradient_norm_before_clip,7500.0,0.40133216977119446
train/gradient_norm_before_clip,7550.0,0.16617222130298615
train/gradient_norm_before_clip,7600.0,0.2751505374908447
train/gradient_norm_before_clip,7650.0,0.20244024693965912
train/gradient_norm_before_clip,7700.0,0.28770712018013
train/gradient_norm_before_clip,7750.0,0.12860076129436493
train/gradient_norm_before_clip,7800.0,0.19104105234146118
train/gradient_norm_before_clip,7850.0,0.24581700563430786
train/gradient_norm_before_clip,7900.0,0.3109128475189209
train/gradient_norm_before_clip,7950.0,0.1642817109823227
train/gradient_norm_before_clip,8000.0,1.8535943031311035
train/gradient_norm_before_clip,8050.0,0.2835395634174347
train/gradient_norm_before_clip,8100.0,0.173018679022789
train/gradient_norm_before_clip,8150.0,0.22140087187290192
train/gradient_norm_before_clip,8200.0,0.4290894567966461
train/gradient_norm_before_clip,8250.0,0.33365365862846375
train/gradient_norm_before_clip,8300.0,0.15507498383522034
train/gradient_norm_before_clip,8350.0,0.17302477359771729
train/gradient_norm_before_clip,8400.0,0.08093951642513275
train/gradient_norm_before_clip,8450.0,0.11645577102899551
train/gradient_norm_before_clip,8500.0,0.17039050161838531
train/gradient_norm_before_clip,8550.0,0.14414633810520172
train/gradient_norm_before_clip,8600.0,0.36779552698135376
train/gradient_norm_before_clip,8650.0,0.18091271817684174
train/gradient_norm_before_clip,8700.0,0.1246923878788948
train/gradient_norm_before_clip,8750.0,0.20431849360466003
train/gradient_norm_before_clip,8800.0,0.40616071224212646
train/gradient_norm_before_clip,8850.0,0.1986623853445053
train/gradient_norm_before_clip,8900.0,0.12667129933834076
train/gradient_norm_before_clip,8950.0,0.15127427875995636
train/gradient_norm_before_clip,9000.0,0.12074615061283112
train/gradient_norm_before_clip,9050.0,0.33938664197921753
train/gradient_norm_before_clip,9100.0,0.3411644995212555
train/gradient_norm_before_clip,9150.0,0.18544799089431763
train/gradient_norm_before_clip,9200.0,0.19233757257461548
train/gradient_norm_before_clip,9250.0,0.2124093621969223
train/gradient_norm_before_clip,9300.0,0.31514593958854675
train/gradient_norm_before_clip,9350.0,0.13922570645809174
train/gradient_norm_before_clip,9400.0,0.17170393466949463
train/gradient_norm_before_clip,9450.0,0.16579501330852509
train/gradient_norm_before_clip,9500.0,0.17924846708774567
train/gradient_norm_before_clip,9550.0,0.1379045993089676
train/gradient_norm_before_clip,9600.0,0.16263991594314575
train/gradient_norm_before_clip,9650.0,0.06982744485139847
train/gradient_norm_before_clip,9700.0,0.24246463179588318
train/gradient_norm_before_clip,9750.0,0.22050268948078156
train/gradient_norm_before_clip,9800.0,0.06880111247301102
train/gradient_norm_before_clip,9850.0,0.202590212225914
train/gradient_norm_before_clip,9900.0,0.15576982498168945
train/gradient_norm_before_clip,9950.0,0.15645666420459747
train/gradient_norm_before_clip,10000.0,0.07781798392534256
train/gradient_norm_before_clip,10050.0,0.13716115057468414
train/gradient_norm_before_clip,10100.0,0.1493377834558487
train/gradient_norm_before_clip,10150.0,0.23306886851787567
train/gradient_norm_before_clip,10200.0,0.42542576789855957
train/gradient_norm_before_clip,10250.0,0.27217867970466614
train/gradient_norm_before_clip,10300.0,0.12912912666797638
train/gradient_norm_before_clip,10350.0,0.10591565817594528
train/gradient_norm_before_clip,10400.0,0.1232423260807991
train/gradient_norm_before_clip,10450.0,0.122214175760746
train/gradient_norm_before_clip,10500.0,0.20178471505641937
train/gradient_norm_before_clip,10550.0,0.1412661373615265
train/gradient_norm_before_clip,10600.0,0.18381841480731964
train/gradient_norm_before_clip,10650.0,0.21834665536880493
train/gradient_norm_before_clip,10700.0,0.19587989151477814
train/gradient_norm_before_clip,10750.0,0.8936048150062561
train/gradient_norm_before_clip,10800.0,0.14503167569637299
train/gradient_norm_before_clip,10850.0,0.09145067632198334
train/gradient_norm_before_clip,10900.0,0.13684013485908508
train/gradient_norm_before_clip,10950.0,0.3006131052970886
train/gradient_norm_before_clip,11000.0,0.13296188414096832
train/gradient_norm_before_clip,11050.0,0.12137899547815323
train/gradient_norm_before_clip,11100.0,0.1259835660457611
train/gradient_norm_before_clip,11150.0,0.37482136487960815
train/gradient_norm_before_clip,11200.0,0.14996373653411865
train/gradient_norm_before_clip,11250.0,0.1288146674633026
train/gradient_norm_before_clip,11300.0,0.10557951778173447
train/gradient_norm_before_clip,11350.0,0.1452532410621643
train/gradient_norm_before_clip,11400.0,0.08942795544862747
train/gradient_norm_before_clip,11450.0,0.17431840300559998
train/gradient_norm_before_clip,11500.0,0.22546271979808807
train/gradient_norm_before_clip,11550.0,0.1661650538444519
train/gradient_norm_before_clip,11600.0,0.20780612528324127
train/gradient_norm_before_clip,11650.0,0.20508304238319397
train/gradient_norm_before_clip,11700.0,3.8541460037231445
train/gradient_norm_before_clip,11750.0,0.1824268400669098
train/gradient_norm_before_clip,11800.0,0.16133694350719452
train/gradient_norm_before_clip,11850.0,0.20472057163715363
train/gradient_norm_before_clip,11900.0,0.20207126438617706
train/gradient_norm_before_clip,11950.0,0.09837190806865692
train/gradient_norm_before_clip,12000.0,0.17389944195747375
train/gradient_norm_before_clip,12050.0,0.13151022791862488
train/gradient_norm_before_clip,12100.0,0.08746042847633362
train/gradient_norm_before_clip,12150.0,0.1159934401512146
train/gradient_norm_before_clip,12200.0,0.207097589969635
train/gradient_norm_before_clip,12250.0,0.2135237753391266
train/gradient_norm_before_clip,12300.0,0.21203656494617462
train/gradient_norm_before_clip,12350.0,0.09015156328678131
train/gradient_norm_before_clip,12400.0,0.24482274055480957
train/gradient_norm_before_clip,12450.0,0.19835306704044342
train/gradient_norm_before_clip,12500.0,0.31260621547698975
train/gradient_norm_before_clip,12550.0,0.1125020906329155
train/gradient_norm_before_clip,12600.0,0.18102838099002838
train/gradient_norm_before_clip,12650.0,0.20226550102233887
train/gradient_norm_before_clip,12700.0,0.17423872649669647
train/gradient_norm_before_clip,12750.0,0.09729313850402832
train/gradient_norm_before_clip,12800.0,0.07386793196201324
train/gradient_norm_before_clip,12850.0,0.13032503426074982
train/gradient_norm_before_clip,12900.0,0.12852579355239868
train/gradient_norm_before_clip,12950.0,0.05839335173368454
train/gradient_norm_before_clip,13000.0,1.1763279438018799
train/gradient_norm_before_clip,13050.0,0.07281532883644104
train/gradient_norm_before_clip,13100.0,0.15946710109710693
train/gradient_norm_before_clip,13150.0,0.11407298594713211
train/gradient_norm_before_clip,13200.0,0.24312104284763336
train/gradient_norm_before_clip,13250.0,0.15978366136550903
train/gradient_norm_before_clip,13300.0,0.12907296419143677
train/gradient_norm_before_clip,13350.0,0.11688777804374695
train/gradient_norm_before_clip,13400.0,0.1003633588552475
train/gradient_norm_before_clip,13450.0,0.23367543518543243
train/gradient_norm_before_clip,13500.0,0.23123829066753387
train/gradient_norm_before_clip,13550.0,0.27277079224586487
train/gradient_norm_before_clip,13600.0,0.19095441699028015
train/gradient_norm_before_clip,13650.0,0.17069804668426514
train/gradient_norm_before_clip,13700.0,0.08063933998346329
train/gradient_norm_before_clip,13750.0,0.19481267035007477
train/gradient_norm_before_clip,13800.0,0.07519125938415527
train/gradient_norm_before_clip,13850.0,0.07995240390300751
train/gradient_norm_before_clip,13900.0,0.14220699667930603
train/gradient_norm_before_clip,13950.0,0.09284070879220963
train/gradient_norm_before_clip,14000.0,0.10796918720006943
train/gradient_norm_before_clip,14050.0,0.09663015604019165
train/gradient_norm_before_clip,14100.0,0.28423598408699036
train/gradient_norm_before_clip,14150.0,0.16227716207504272
train/gradient_norm_before_clip,14200.0,0.21183621883392334
train/gradient_norm_before_clip,14250.0,0.07533593475818634
train/gradient_norm_before_clip,14300.0,0.19269540905952454
train/gradient_norm_before_clip,14350.0,0.25987252593040466
train/gradient_norm_before_clip,14400.0,0.10884283483028412
train/gradient_norm_before_clip,14450.0,0.082769975066185
train/gradient_norm_before_clip,14500.0,0.26195499300956726
train/gradient_norm_before_clip,14550.0,0.1987142711877823
train/gradient_norm_before_clip,14600.0,0.13677391409873962
train/gradient_norm_before_clip,14650.0,0.10573006421327591
train/gradient_norm_before_clip,14700.0,0.15669947862625122
train/gradient_norm_before_clip,14750.0,0.1264626532793045
train/gradient_norm_before_clip,14800.0,0.2581269145011902
train/gradient_norm_before_clip,14850.0,0.1555357277393341
train/gradient_norm_before_clip,14900.0,0.11561169475317001
train/gradient_norm_before_clip,14950.0,0.11989913880825043
train/gradient_norm_before_clip,15000.0,0.19539982080459595
train/gradient_norm_before_clip,15050.0,0.21962440013885498
train/gradient_norm_before_clip,15100.0,0.138482466340065
train/gradient_norm_before_clip,15150.0,0.06729815155267715
train/gradient_norm_before_clip,15200.0,0.12271726131439209
train/gradient_norm_before_clip,15250.0,0.13098900020122528
train/gradient_norm_before_clip,15300.0,0.0840008333325386
train/gradient_norm_before_clip,15350.0,0.1419386863708496
train/gradient_norm_before_clip,15400.0,0.10989640653133392
train/gradient_norm_before_clip,15450.0,0.1979387104511261
train/gradient_norm_before_clip,15500.0,0.06911725550889969
train/gradient_norm_before_clip,15550.0,0.10388501733541489
train/gradient_norm_before_clip,15600.0,0.12095274031162262
train/gradient_norm_before_clip,15650.0,0.12889324128627777
train/gradient_norm_before_clip,15700.0,0.17562200129032135
train/gradient_norm_before_clip,15750.0,0.11418946832418442
train/gradient_norm_before_clip,15800.0,0.18330195546150208
train/gradient_norm_before_clip,15850.0,0.15396100282669067
train/gradient_norm_before_clip,15900.0,0.12703359127044678
train/gradient_norm_before_clip,15950.0,0.4883241057395935
train/gradient_norm_before_clip,16000.0,0.08425538241863251
train/gradient_norm_before_clip,16050.0,0.3302079737186432
train/gradient_norm_before_clip,16100.0,0.24425460398197174
train/gradient_norm_before_clip,16150.0,0.23827485740184784
train/gradient_norm_before_clip,16200.0,0.0928625836968422
train/gradient_norm_before_clip,16250.0,0.17015023529529572
train/gradient_norm_before_clip,16300.0,0.1536095291376114
train/gradient_norm_before_clip,16350.0,0.11787107586860657
train/gradient_norm_before_clip,16400.0,0.1908523291349411
train/gradient_norm_before_clip,16450.0,0.08101186156272888
train/gradient_norm_before_clip,16500.0,0.08312458544969559
train/gradient_norm_before_clip,16550.0,0.16380849480628967
train/gradient_norm_before_clip,16600.0,0.16940689086914062
train/gradient_norm_before_clip,16650.0,0.1488158106803894
train/gradient_norm_before_clip,16700.0,0.08128571510314941
train/gradient_norm_before_clip,16750.0,0.08212142437696457
train/gradient_norm_before_clip,16800.0,0.08926471322774887
train/gradient_norm_before_clip,16850.0,0.11759554594755173
train/gradient_norm_before_clip,16900.0,0.17147952318191528
train/gradient_norm_before_clip,16950.0,0.12790320813655853
train/gradient_norm_before_clip,17000.0,0.11605733633041382
train/gradient_norm_before_clip,17050.0,0.16787229478359222
train/gradient_norm_before_clip,17100.0,0.11380735039710999
train/gradient_norm_before_clip,17150.0,0.12776891887187958
train/gradient_norm_before_clip,17200.0,0.09849949181079865
train/gradient_norm_before_clip,17250.0,0.06080104038119316
train/gradient_norm_before_clip,17300.0,0.10032505542039871
train/gradient_norm_before_clip,17350.0,0.11362403631210327
train/gradient_norm_before_clip,17400.0,0.08856455981731415
train/gradient_norm_before_clip,17450.0,0.14288192987442017
train/gradient_norm_before_clip,17500.0,0.08400051295757294
train/gradient_norm_before_clip,17550.0,0.08744063973426819
train/gradient_norm_before_clip,17600.0,0.1289685219526291
train/gradient_norm_before_clip,17650.0,0.26024767756462097
train/gradient_norm_before_clip,17700.0,0.09830478578805923
train/gradient_norm_before_clip,17750.0,0.19220764935016632
train/gradient_norm_before_clip,17800.0,0.11647564172744751
train/gradient_norm_before_clip,17850.0,0.12100963294506073
train/gradient_norm_before_clip,17900.0,0.1429729461669922
train/gradient_norm_before_clip,17950.0,0.1358739584684372
train/gradient_norm_before_clip,18000.0,0.4036827087402344
train/gradient_norm_before_clip,18050.0,0.1155599057674408
train/gradient_norm_before_clip,18100.0,0.13560429215431213
train/gradient_norm_before_clip,18150.0,0.1719701737165451
train/gradient_norm_before_clip,18200.0,0.759195864200592
train/gradient_norm_before_clip,18250.0,0.06846796721220016
train/gradient_norm_before_clip,18300.0,0.10009436309337616
train/gradient_norm_before_clip,18350.0,0.20962586998939514
train/gradient_norm_before_clip,18400.0,0.11524107307195663
train/gradient_norm_before_clip,18450.0,0.1234346255660057
train/gradient_norm_before_clip,18500.0,0.14426974952220917
train/gradient_norm_before_clip,18550.0,0.19253812730312347
train/gradient_norm_before_clip,18600.0,0.12382470071315765
train/gradient_norm_before_clip,18650.0,0.06765922904014587
train/gradient_norm_before_clip,18700.0,0.25031208992004395
train/gradient_norm_before_clip,18750.0,0.10530073195695877
train/gradient_norm_before_clip,18800.0,0.1959279328584671
train/gradient_norm_before_clip,18850.0,0.12498370558023453
train/gradient_norm_before_clip,18900.0,0.2003115713596344
train/gradient_norm_before_clip,18950.0,0.12923657894134521
train/gradient_norm_before_clip,19000.0,0.19168752431869507
train/gradient_norm_before_clip,19050.0,0.11272165924310684
train/gradient_norm_before_clip,19100.0,0.13014815747737885
train/gradient_norm_before_clip,19150.0,0.19044630229473114
train/gradient_norm_before_clip,19200.0,0.12610867619514465
train/gradient_norm_before_clip,19250.0,0.1009969562292099
train/gradient_norm_before_clip,19300.0,0.22135713696479797
train/gradient_norm_before_clip,19350.0,0.167562797665596
train/gradient_norm_before_clip,19400.0,0.07492221146821976
train/gradient_norm_before_clip,19450.0,0.19132229685783386
train/gradient_norm_before_clip,19500.0,0.1473674774169922
train/gradient_norm_before_clip,19550.0,0.11622828245162964
train/gradient_norm_before_clip,19600.0,0.20298655331134796
train/gradient_norm_before_clip,19650.0,0.21826091408729553
train/gradient_norm_before_clip,19700.0,0.08643143624067307
train/gradient_norm_before_clip,19750.0,0.157723531126976
train/gradient_norm_before_clip,19800.0,0.4574817717075348
train/gradient_norm_before_clip,19850.0,0.11147978156805038
train/gradient_norm_before_clip,19900.0,0.06555952876806259
train/gradient_norm_before_clip,19950.0,0.1360798180103302
train/gradient_norm_before_clip,20000.0,0.09269946813583374
train/gradient_norm_before_clip,20050.0,0.1841028332710266
train/gradient_norm_before_clip,20100.0,0.11201662570238113
train/gradient_norm_before_clip,20150.0,0.15847380459308624
train/gradient_norm_before_clip,20200.0,0.19472180306911469
train/gradient_norm_before_clip,20250.0,0.22959142923355103
train/gradient_norm_before_clip,20300.0,0.14121615886688232
train/gradient_norm_before_clip,20350.0,0.1724873185157776
train/gradient_norm_before_clip,20400.0,0.10492325574159622
train/gradient_norm_before_clip,20450.0,0.12286227196455002
train/gradient_norm_before_clip,20500.0,0.13632085919380188
train/gradient_norm_before_clip,20550.0,0.09974661469459534
train/gradient_norm_before_clip,20600.0,0.14650499820709229
train/gradient_norm_before_clip,20650.0,0.09720251709222794
train/gradient_norm_before_clip,20700.0,0.17085319757461548
train/gradient_norm_before_clip,20750.0,0.14229613542556763
train/gradient_norm_before_clip,20800.0,0.09368179738521576
train/gradient_norm_before_clip,20850.0,0.16705374419689178
train/gradient_norm_before_clip,20900.0,0.13831210136413574
train/gradient_norm_before_clip,20950.0,0.23292706906795502
train/gradient_norm_before_clip,21000.0,0.10486911237239838
train/gradient_norm_before_clip,21050.0,0.15909329056739807
train/gradient_norm_before_clip,21100.0,0.083774134516716
train/gradient_norm_before_clip,21150.0,0.11850456893444061
train/gradient_norm_before_clip,21200.0,0.25461262464523315
train/gradient_norm_before_clip,21250.0,0.08444497734308243
train/gradient_norm_before_clip,21300.0,0.08496509492397308
train/gradient_norm_before_clip,21350.0,0.0863499864935875
train/gradient_norm_before_clip,21400.0,0.1196092888712883
train/gradient_norm_before_clip,21450.0,0.13987907767295837
train/gradient_norm_before_clip,21500.0,0.1726265847682953
train/gradient_norm_before_clip,21550.0,0.09567481279373169
train/gradient_norm_before_clip,21600.0,0.12367072701454163
train/gradient_norm_before_clip,21650.0,0.07740604877471924
train/gradient_norm_before_clip,21700.0,0.17325781285762787
train/gradient_norm_before_clip,21750.0,0.08779177069664001
train/gradient_norm_before_clip,21800.0,0.21347349882125854
train/gradient_norm_before_clip,21850.0,0.08510811626911163
train/gradient_norm_before_clip,21900.0,0.06823504716157913
train/gradient_norm_before_clip,21950.0,0.11979612708091736
train/gradient_norm_before_clip,22000.0,0.09924467653036118
train/gradient_norm_before_clip,22050.0,0.2047320306301117
train/gradient_norm_before_clip,22100.0,0.20379573106765747
train/gradient_norm_before_clip,22150.0,0.06636258214712143
train/gradient_norm_before_clip,22200.0,0.2667602598667145
train/gradient_norm_before_clip,22250.0,0.20319141447544098
train/gradient_norm_before_clip,22300.0,0.2788124978542328
train/gradient_norm_before_clip,22350.0,0.09412354975938797
train/gradient_norm_before_clip,22400.0,0.11531941592693329
train/gradient_norm_before_clip,22450.0,0.06759822368621826
train/gradient_norm_before_clip,22500.0,0.38567376136779785
train/gradient_norm_before_clip,22550.0,0.17262713611125946
train/gradient_norm_before_clip,22600.0,0.12819021940231323
train/gradient_norm_before_clip,22650.0,0.2710520625114441
train/gradient_norm_before_clip,22700.0,0.07564055919647217
train/gradient_norm_before_clip,22750.0,0.08559507876634598
train/gradient_norm_before_clip,22800.0,0.25467178225517273
train/gradient_norm_before_clip,22850.0,0.10213779658079147
train/gradient_norm_before_clip,22900.0,0.19713443517684937
train/gradient_norm_before_clip,22950.0,0.09847754240036011
train/gradient_norm_before_clip,23000.0,0.11961409449577332
train/gradient_norm_before_clip,23050.0,0.19566072523593903
train/gradient_norm_before_clip,23100.0,0.10216493159532547
train/gradient_norm_before_clip,23150.0,0.0712491124868393
train/gradient_norm_before_clip,23200.0,0.08473846316337585
train/gradient_norm_before_clip,23250.0,0.10717793554067612
train/gradient_norm_before_clip,23300.0,0.05951543152332306
train/gradient_norm_before_clip,23350.0,0.1204296201467514
train/gradient_norm_before_clip,23400.0,0.11950008571147919
train/gradient_norm_before_clip,23450.0,0.11343872547149658
train/gradient_norm_before_clip,23500.0,0.23060618340969086
train/gradient_norm_before_clip,23550.0,0.07703761756420135
train/gradient_norm_before_clip,23600.0,0.11706885695457458
train/gradient_norm_before_clip,23650.0,0.21781474351882935
train/gradient_norm_before_clip,23700.0,0.13537241518497467
train/gradient_norm_before_clip,23750.0,0.20362383127212524
train/gradient_norm_before_clip,23800.0,0.16437660157680511
train/gradient_norm_before_clip,23850.0,0.1076718345284462
train/gradient_norm_before_clip,23900.0,0.2503786087036133
train/gradient_norm_before_clip,23950.0,0.168677419424057
train/gradient_norm_before_clip,24000.0,0.12349478900432587
train/gradient_norm_before_clip,24050.0,0.09854103624820709
train/gradient_norm_before_clip,24100.0,0.09123975038528442
train/gradient_norm_before_clip,24150.0,0.13450926542282104
train/gradient_norm_before_clip,24200.0,1.6679635047912598
train/gradient_norm_before_clip,24250.0,0.24988625943660736
train/gradient_norm_before_clip,24300.0,0.22293682396411896
train/gradient_norm_before_clip,24350.0,0.12437954545021057
train/gradient_norm_before_clip,24400.0,0.10670124739408493
train/gradient_norm_before_clip,24450.0,0.18823254108428955
train/gradient_norm_before_clip,24500.0,0.07584919780492783
train/gradient_norm_before_clip,24550.0,0.1367904245853424
train/gradient_norm_before_clip,24600.0,0.19699688255786896
train/gradient_norm_before_clip,24650.0,0.08752548694610596
train/gradient_norm_before_clip,24700.0,0.14769704639911652
train/gradient_norm_before_clip,24750.0,0.1710100919008255
train/gradient_norm_before_clip,24800.0,0.1514604240655899
train/gradient_norm_before_clip,24850.0,0.2187320739030838
train/gradient_norm_before_clip,24900.0,0.27220654487609863
train/gradient_norm_before_clip,24950.0,0.13496114313602448
train/gradient_norm_before_clip,25000.0,0.2416229248046875
train/gradient_norm_before_clip,25050.0,0.2510510981082916
train/gradient_norm_before_clip,25100.0,0.06216986104846001
train/gradient_norm_before_clip,25150.0,0.07915844023227692
train/gradient_norm_before_clip,25200.0,0.11446505039930344
train/gradient_norm_before_clip,25250.0,0.10348152369260788
train/gradient_norm_before_clip,25300.0,0.09870851784944534
train/gradient_norm_before_clip,25350.0,0.09250900894403458
train/gradient_norm_before_clip,25400.0,0.14163707196712494
train/gradient_norm_before_clip,25450.0,0.1265537440776825
train/gradient_norm_before_clip,25500.0,0.13692210614681244
train/gradient_norm_before_clip,25550.0,0.2184920758008957
train/gradient_norm_before_clip,25600.0,0.12624520063400269
train/gradient_norm_before_clip,25650.0,0.11495278775691986
train/gradient_norm_before_clip,25700.0,0.0981757715344429
train/gradient_norm_before_clip,25750.0,0.14758265018463135
train/gradient_norm_before_clip,25800.0,0.1925046443939209
train/gradient_norm_before_clip,25850.0,0.08489023149013519
train/gradient_norm_before_clip,25900.0,0.11716020852327347
train/gradient_norm_before_clip,25950.0,0.2906723916530609
train/gradient_norm_before_clip,26000.0,0.11559309810400009
train/gradient_norm_before_clip,26050.0,0.0934111624956131
train/gradient_norm_before_clip,26100.0,0.16696354746818542
train/gradient_norm_before_clip,26150.0,0.1086508259177208
train/gradient_norm_before_clip,26200.0,0.09948806464672089
train/gradient_norm_before_clip,26250.0,0.0962892472743988
train/gradient_norm_before_clip,26300.0,0.19436128437519073
train/gradient_norm_before_clip,26350.0,0.13629156351089478
train/gradient_norm_before_clip,26400.0,0.17044168710708618
train/gradient_norm_before_clip,26450.0,0.11596129834651947
train/gradient_norm_before_clip,26500.0,0.06639273464679718
train/gradient_norm_before_clip,26550.0,0.14075236022472382
train/gradient_norm_before_clip,26600.0,0.07480993866920471
train/gradient_norm_before_clip,26650.0,0.06329841166734695
train/gradient_norm_before_clip,26700.0,0.17674413323402405
train/gradient_norm_before_clip,26750.0,0.07402544468641281
train/gradient_norm_before_clip,26800.0,0.09155882894992828
train/gradient_norm_before_clip,26850.0,0.21214056015014648
train/gradient_norm_before_clip,26900.0,0.17142195999622345
train/gradient_norm_before_clip,26950.0,0.200978085398674
train/gradient_norm_before_clip,27000.0,0.08942428976297379
train/gradient_norm_before_clip,27050.0,0.14187635481357574
train/gradient_norm_before_clip,27100.0,0.0759192556142807
train/gradient_norm_before_clip,27150.0,0.30209529399871826
train/gradient_norm_before_clip,27200.0,0.09704408049583435
train/gradient_norm_before_clip,27250.0,0.11135099828243256
train/gradient_norm_before_clip,27300.0,0.10293026268482208
train/gradient_norm_before_clip,27350.0,0.10939136147499084
train/gradient_norm_before_clip,27400.0,0.8929813504219055
train/gradient_norm_before_clip,27450.0,0.0801389291882515
train/gradient_norm_before_clip,27500.0,0.2215924859046936
train/gradient_norm_before_clip,27550.0,0.20670118927955627
train/gradient_norm_before_clip,27600.0,0.13132046163082123
train/gradient_norm_before_clip,27650.0,0.14640356600284576
train/gradient_norm_before_clip,27700.0,0.17626160383224487
train/gradient_norm_before_clip,27750.0,0.2306567132472992
train/gradient_norm_before_clip,27800.0,0.12636737525463104
train/gradient_norm_before_clip,27850.0,0.3101828396320343
train/gradient_norm_before_clip,27900.0,0.1707611382007599
train/gradient_norm_before_clip,27950.0,0.15700243413448334
train/gradient_norm_before_clip,28000.0,0.11308076977729797
train/gradient_norm_before_clip,28050.0,0.06118820607662201
train/gradient_norm_before_clip,28100.0,0.06882721930742264
train/gradient_norm_before_clip,28150.0,0.08727419376373291
train/gradient_norm_before_clip,28200.0,0.14992088079452515
train/gradient_norm_before_clip,28250.0,0.09250139445066452
train/gradient_norm_before_clip,28300.0,0.2774468660354614
train/gradient_norm_before_clip,28350.0,0.15309415757656097
train/gradient_norm_before_clip,28400.0,0.10166876763105392
train/gradient_norm_before_clip,28450.0,0.15004131197929382
train/gradient_norm_before_clip,28500.0,0.07130562514066696
train/gradient_norm_before_clip,28550.0,0.1254778951406479
train/gradient_norm_before_clip,28600.0,0.11367498338222504
train/gradient_norm_before_clip,28650.0,0.1431230902671814
train/gradient_norm_before_clip,28700.0,0.06920963525772095
train/gradient_norm_before_clip,28750.0,0.09082413464784622
train/gradient_norm_before_clip,28800.0,0.13195551931858063
train/gradient_norm_before_clip,28850.0,0.21064098179340363
train/gradient_norm_before_clip,28900.0,0.1441560536623001
train/gradient_norm_before_clip,28950.0,0.16441738605499268
train/gradient_norm_before_clip,29000.0,0.09277956932783127
train/gradient_norm_before_clip,29050.0,0.09754686057567596
train/gradient_norm_before_clip,29100.0,0.17722144722938538
train/gradient_norm_before_clip,29150.0,0.23439344763755798
train/gradient_norm_before_clip,29200.0,0.12454699724912643
train/gradient_norm_before_clip,29250.0,0.15048858523368835
train/gradient_norm_before_clip,29300.0,0.10887182503938675
train/gradient_norm_before_clip,29350.0,0.14299120008945465
train/gradient_norm_before_clip,29400.0,0.07175930589437485
train/gradient_norm_before_clip,29450.0,0.28583699464797974
train/gradient_norm_before_clip,29500.0,0.28955337405204773
train/gradient_norm_before_clip,29550.0,0.3734075129032135
train/gradient_norm_before_clip,29600.0,0.09611354768276215
train/gradient_norm_before_clip,29650.0,0.21171095967292786
train/gradient_norm_before_clip,29700.0,0.2136097401380539
train/gradient_norm_before_clip,29750.0,0.07203838229179382
train/gradient_norm_before_clip,29800.0,0.11063608527183533
train/gradient_norm_before_clip,29850.0,0.1358267366886139
train/gradient_norm_before_clip,29900.0,0.13972367346286774
train/gradient_norm_before_clip,29950.0,0.15176494419574738
train/gradient_norm_before_clip,30000.0,0.10165603458881378
train/gradient_norm_before_clip,30050.0,0.11142566800117493
train/gradient_norm_before_clip,30100.0,0.10588469356298447
train/gradient_norm_before_clip,30150.0,0.08172959834337234
train/gradient_norm_before_clip,30200.0,0.09478752315044403
train/gradient_norm_before_clip,30250.0,0.1225685402750969
train/gradient_norm_before_clip,30300.0,0.18051274120807648
train/gradient_norm_before_clip,30350.0,0.2075124979019165
train/gradient_norm_before_clip,30400.0,0.17128697037696838
train/gradient_norm_before_clip,30450.0,0.08338798582553864
train/gradient_norm_before_clip,30500.0,0.11469878256320953
train/gradient_norm_before_clip,30550.0,0.1748911291360855
train/gradient_norm_before_clip,30600.0,0.09621791541576385
train/gradient_norm_before_clip,30650.0,0.08260323107242584
train/gradient_norm_before_clip,30700.0,0.150083526968956
train/gradient_norm_before_clip,30750.0,0.06294958293437958
train/gradient_norm_before_clip,30800.0,0.11156504601240158
train/gradient_norm_before_clip,30850.0,0.09350845217704773
train/gradient_norm_before_clip,30900.0,0.09065854549407959
train/gradient_norm_before_clip,30950.0,0.0916389599442482
train/gradient_norm_before_clip,31000.0,0.08114419132471085
train/gradient_norm_before_clip,31050.0,0.14333489537239075
train/gradient_norm_before_clip,31100.0,0.10333586484193802
train/gradient_norm_before_clip,31150.0,0.1129886582493782
train/gradient_norm_before_clip,31200.0,0.13005244731903076
train/gradient_norm_before_clip,31250.0,0.18116866052150726
train/gradient_norm_before_clip,31300.0,0.07570771872997284
train/gradient_norm_before_clip,31350.0,0.11737080663442612
train/gradient_norm_before_clip,31400.0,0.062328826636075974
train/gradient_norm_before_clip,31450.0,0.07551593333482742
train/gradient_norm_before_clip,31500.0,0.10005363821983337
train/gradient_norm_before_clip,31550.0,0.2094128280878067
train/gradient_norm_before_clip,31600.0,0.3064285218715668
train/gradient_norm_before_clip,31650.0,0.23433396220207214
train/gradient_norm_before_clip,31700.0,0.14319825172424316
train/gradient_norm_before_clip,31750.0,0.13534487783908844
train/gradient_norm_before_clip,31800.0,0.18624751269817352
train/gradient_norm_before_clip,31850.0,0.11977827548980713
train/gradient_norm_before_clip,31900.0,0.0805949941277504
train/gradient_norm_before_clip,31950.0,0.07201984524726868
train/gradient_norm_before_clip,32000.0,0.12481518089771271
train/gradient_norm_before_clip,32050.0,0.14505374431610107
train/gradient_norm_before_clip,32100.0,0.28335413336753845
train/gradient_norm_before_clip,32150.0,0.09154240787029266
train/gradient_norm_before_clip,32200.0,0.1636149138212204
train/gradient_norm_before_clip,32250.0,0.08886636793613434
train/gradient_norm_before_clip,32300.0,0.14428329467773438
train/gradient_norm_before_clip,32350.0,0.10536569356918335
train/gradient_norm_before_clip,32400.0,0.25305867195129395
train/gradient_norm_before_clip,32450.0,0.07506860792636871
train/gradient_norm_before_clip,32500.0,0.16161970794200897
train/gradient_norm_before_clip,32550.0,0.11737969517707825
train/gradient_norm_before_clip,32600.0,0.1080745980143547
train/gradient_norm_before_clip,32650.0,0.07747820764780045
train/gradient_norm_before_clip,32700.0,0.06795159727334976
train/gradient_norm_before_clip,32750.0,0.23082537949085236
train/gradient_norm_before_clip,32800.0,0.26631924510002136
train/gradient_norm_before_clip,32850.0,0.08056926727294922
train/gradient_norm_before_clip,32900.0,0.07385165989398956
train/gradient_norm_before_clip,32950.0,0.10261847823858261
train/gradient_norm_before_clip,33000.0,0.13897402584552765
train/gradient_norm_before_clip,33050.0,0.11007890105247498
train/gradient_norm_before_clip,33100.0,0.0937228724360466
train/gradient_norm_before_clip,33150.0,0.08525760471820831
train/gradient_norm_before_clip,33200.0,0.20241779088974
train/gradient_norm_before_clip,33250.0,0.08413561433553696
train/gradient_norm_before_clip,33300.0,0.1251499056816101
train/gradient_norm_before_clip,33350.0,0.1039472222328186
train/gradient_norm_before_clip,33400.0,0.13051043450832367
train/gradient_norm_before_clip,33450.0,0.13985908031463623
train/gradient_norm_before_clip,33500.0,0.06626006215810776
train/gradient_norm_before_clip,33550.0,0.10188161581754684
train/gradient_norm_before_clip,33600.0,0.11493021249771118
train/gradient_norm_before_clip,33650.0,0.08117068558931351
train/gradient_norm_before_clip,33700.0,0.134273961186409
train/gradient_norm_before_clip,33750.0,0.0796869546175003
train/gradient_norm_before_clip,33800.0,0.07727891206741333
train/gradient_norm_before_clip,33850.0,0.18047596514225006
train/gradient_norm_before_clip,33900.0,0.0806564912199974
train/gradient_norm_before_clip,33950.0,0.14933855831623077
train/gradient_norm_before_clip,34000.0,0.09732436388731003
train/gradient_norm_before_clip,34050.0,0.14011043310165405
train/gradient_norm_before_clip,34100.0,0.15517540276050568
train/gradient_norm_before_clip,34150.0,0.07104521244764328
train/gradient_norm_before_clip,34200.0,0.09565089643001556
train/gradient_norm_before_clip,34250.0,0.08180505037307739
train/gradient_norm_before_clip,34300.0,0.3491821885108948
train/gradient_norm_before_clip,34350.0,0.11348821967840195
train/gradient_norm_before_clip,34400.0,0.08164335042238235
train/gradient_norm_before_clip,34450.0,0.05938911437988281
train/gradient_norm_before_clip,34500.0,0.1693187803030014
train/gradient_norm_before_clip,34550.0,0.09806538373231888
train/gradient_norm_before_clip,34600.0,0.11319641768932343
train/gradient_norm_before_clip,34650.0,0.08766476064920425
train/gradient_norm_before_clip,34700.0,0.10101298242807388
train/gradient_norm_before_clip,34750.0,1.0553429126739502
train/gradient_norm_before_clip,34800.0,0.08471934497356415
train/gradient_norm_before_clip,34850.0,0.11662871390581131
train/gradient_norm_before_clip,34900.0,0.15546679496765137
train/gradient_norm_before_clip,34950.0,0.16683973371982574
train/gradient_norm_before_clip,35000.0,0.10425718128681183
train/gradient_norm_before_clip,35050.0,0.11265801638364792
train/gradient_norm_before_clip,35100.0,0.06303365528583527
train/gradient_norm_before_clip,35150.0,0.13076482713222504
train/gradient_norm_before_clip,35200.0,0.10538528114557266
train/gradient_norm_before_clip,35250.0,0.07374518364667892
train/gradient_norm_before_clip,35300.0,0.11584112048149109
train/gradient_norm_before_clip,35350.0,0.10877757519483566
train/gradient_norm_before_clip,35400.0,0.2520991861820221
train/gradient_norm_before_clip,35450.0,0.11642952263355255
train/gradient_norm_before_clip,35500.0,0.09958931058645248
train/gradient_norm_before_clip,35550.0,0.14501459896564484
train/gradient_norm_before_clip,35600.0,0.08004911988973618
train/gradient_norm_before_clip,35650.0,0.15832793712615967
train/gradient_norm_before_clip,35700.0,0.09606588631868362
train/gradient_norm_before_clip,35750.0,0.11230140924453735
train/gradient_norm_before_clip,35800.0,0.11165796965360641
train/gradient_norm_before_clip,35850.0,0.29788410663604736
train/gradient_norm_before_clip,35900.0,0.08749116957187653
train/gradient_norm_before_clip,35950.0,0.1463710218667984
train/gradient_norm_before_clip,36000.0,0.12593668699264526
train/gradient_norm_before_clip,36050.0,0.12428450584411621
train/gradient_norm_before_clip,36100.0,0.13912181556224823
train/gradient_norm_before_clip,36150.0,0.0877421572804451
train/gradient_norm_before_clip,36200.0,0.08182195574045181
train/gradient_norm_before_clip,36250.0,0.15705294907093048
train/gradient_norm_before_clip,36300.0,0.1170351654291153
train/gradient_norm_before_clip,36350.0,0.11036160588264465
train/gradient_norm_before_clip,36400.0,0.11264324188232422
train/gradient_norm_before_clip,36450.0,0.10275744646787643
train/gradient_norm_before_clip,36500.0,0.22055436670780182
train/gradient_norm_before_clip,36550.0,0.12847955524921417
train/gradient_norm_before_clip,36600.0,0.2171735316514969
train/gradient_norm_before_clip,36650.0,0.10068050026893616
train/gradient_norm_before_clip,36700.0,0.21455729007720947
train/gradient_norm_before_clip,36750.0,0.08521904796361923
train/gradient_norm_before_clip,36800.0,0.07629146426916122
train/gradient_norm_before_clip,36850.0,0.12181366235017776
train/gradient_norm_before_clip,36900.0,0.11913740634918213
train/gradient_norm_before_clip,36950.0,0.14441005885601044
train/gradient_norm_before_clip,37000.0,0.08181426674127579
train/gradient_norm_before_clip,37050.0,0.1084781140089035
train/gradient_norm_before_clip,37100.0,0.11894510686397552
train/gradient_norm_before_clip,37150.0,0.10962112247943878
train/gradient_norm_before_clip,37200.0,0.0616312138736248
train/gradient_norm_before_clip,37250.0,0.13848461210727692
train/gradient_norm_before_clip,37300.0,0.08142480999231339
train/gradient_norm_before_clip,37350.0,0.13542689383029938
train/gradient_norm_before_clip,37400.0,0.09464389830827713
train/gradient_norm_before_clip,37450.0,0.06279595196247101
train/gradient_norm_before_clip,37500.0,0.09912605583667755
train/gradient_norm_before_clip,37550.0,0.10328176617622375
train/gradient_norm_before_clip,37600.0,0.12005632370710373
train/gradient_norm_before_clip,37650.0,0.05951669067144394
train/gradient_norm_before_clip,37700.0,0.057916510850191116
train/gradient_norm_before_clip,37750.0,0.12376990169286728
train/gradient_norm_before_clip,37800.0,0.07817414402961731
train/gradient_norm_before_clip,37850.0,0.21798305213451385
train/gradient_norm_before_clip,37900.0,0.1838686168193817
train/gradient_norm_before_clip,37950.0,0.07242312282323837
train/gradient_norm_before_clip,38000.0,0.06483301520347595
train/gradient_norm_before_clip,38050.0,0.13749459385871887
train/gradient_norm_before_clip,38100.0,0.0941900685429573
train/gradient_norm_before_clip,38150.0,0.13859985768795013
train/gradient_norm_before_clip,38200.0,0.12345359474420547
train/gradient_norm_before_clip,38250.0,0.1679905652999878
train/gradient_norm_before_clip,38300.0,0.0892108902335167
train/gradient_norm_before_clip,38350.0,0.20949742197990417
train/gradient_norm_before_clip,38400.0,0.1844780296087265
train/gradient_norm_before_clip,38450.0,0.12290149927139282
train/gradient_norm_before_clip,38500.0,0.11302941292524338
train/gradient_norm_before_clip,38550.0,0.14684753119945526
train/gradient_norm_before_clip,38600.0,0.3442575931549072
train/gradient_norm_before_clip,38650.0,0.1233624666929245
train/gradient_norm_before_clip,38700.0,0.09887903183698654
train/gradient_norm_before_clip,38750.0,0.11560779809951782
train/gradient_norm_before_clip,38800.0,0.21211910247802734
train/gradient_norm_before_clip,38850.0,0.1203916072845459
train/gradient_norm_before_clip,38900.0,0.14774467051029205
train/gradient_norm_before_clip,38950.0,0.07003740966320038
train/gradient_norm_before_clip,39000.0,0.482433557510376
train/gradient_norm_before_clip,39050.0,0.38435181975364685
train/gradient_norm_before_clip,39100.0,0.141167551279068
train/gradient_norm_before_clip,39150.0,0.1230156272649765
train/gradient_norm_before_clip,39200.0,0.17462100088596344
train/gradient_norm_before_clip,39250.0,0.2634194791316986
train/gradient_norm_before_clip,39300.0,0.09333042055368423
train/gradient_norm_before_clip,39350.0,0.0732317641377449
train/gradient_norm_before_clip,39400.0,0.06523379683494568
train/gradient_norm_before_clip,39450.0,0.15425802767276764
train/gradient_norm_before_clip,39500.0,0.1611936092376709
train/gradient_norm_before_clip,39550.0,0.1688174456357956
train/gradient_norm_before_clip,39600.0,0.11644356697797775
train/gradient_norm_before_clip,39650.0,0.09833695739507675
train/gradient_norm_before_clip,39700.0,0.1562747061252594
train/gradient_norm_before_clip,39750.0,0.16608871519565582
train/gradient_norm_before_clip,39800.0,0.12547667324543
train/gradient_norm_before_clip,39850.0,0.09553154557943344
train/gradient_norm_before_clip,39900.0,0.06694772094488144
train/gradient_norm_before_clip,39950.0,0.09776614606380463
train/gradient_norm_before_clip,40000.0,0.09179987758398056
train/gradient_norm_before_clip,40050.0,0.16359373927116394
train/gradient_norm_before_clip,40100.0,0.17085517942905426
train/gradient_norm_before_clip,40150.0,0.06537801772356033
train/gradient_norm_before_clip,40200.0,0.058273714035749435
train/gradient_norm_before_clip,40250.0,0.1031675860285759
train/gradient_norm_before_clip,40300.0,0.1337277591228485
train/gradient_norm_before_clip,40350.0,0.10031597316265106
train/gradient_norm_before_clip,40400.0,0.05927020683884621
train/gradient_norm_before_clip,40450.0,0.14953365921974182
train/gradient_norm_before_clip,40500.0,0.0679178386926651
train/gradient_norm_before_clip,40550.0,0.1724136620759964
train/gradient_norm_before_clip,40600.0,0.10391218960285187
train/gradient_norm_before_clip,40650.0,0.1400672197341919
train/gradient_norm_before_clip,40700.0,0.1304457187652588
train/gradient_norm_before_clip,40750.0,0.10730934143066406
train/gradient_norm_before_clip,40800.0,0.06745357066392899
train/gradient_norm_before_clip,40850.0,0.14308719336986542
train/gradient_norm_before_clip,40900.0,0.144415020942688
train/gradient_norm_before_clip,40950.0,0.12649056315422058
train/gradient_norm_before_clip,41000.0,0.09964015334844589
train/gradient_norm_before_clip,41050.0,0.09055351465940475
train/gradient_norm_before_clip,41100.0,0.4892440736293793
train/gradient_norm_before_clip,41150.0,0.060510292649269104
train/gradient_norm_before_clip,41200.0,0.12959879636764526
train/gradient_norm_before_clip,41250.0,0.076872318983078
train/gradient_norm_before_clip,41300.0,0.10968641936779022
train/gradient_norm_before_clip,41350.0,0.09451890736818314
train/gradient_norm_before_clip,41400.0,0.08057622611522675
train/gradient_norm_before_clip,41450.0,0.08527513593435287
train/gradient_norm_before_clip,41500.0,0.0862623006105423
train/gradient_norm_before_clip,41550.0,0.10233056545257568
train/gradient_norm_before_clip,41600.0,0.08752220124006271
train/gradient_norm_before_clip,41650.0,0.07131247222423553
train/gradient_norm_before_clip,41700.0,0.08212779462337494
train/gradient_norm_before_clip,41750.0,0.06970188766717911
train/gradient_norm_before_clip,41800.0,0.15779747068881989
train/gradient_norm_before_clip,41850.0,0.088149294257164
train/gradient_norm_before_clip,41900.0,0.13967202603816986
train/gradient_norm_before_clip,41950.0,0.08838115632534027
train/gradient_norm_before_clip,42000.0,0.08606966584920883
train/gradient_norm_before_clip,42050.0,0.08677706867456436
train/gradient_norm_before_clip,42100.0,0.13967135548591614
train/gradient_norm_before_clip,42150.0,0.14429548382759094
train/gradient_norm_before_clip,42200.0,0.1547907292842865
train/gradient_norm_before_clip,42250.0,0.1451413482427597
train/gradient_norm_before_clip,42300.0,0.15460844337940216
train/gradient_norm_before_clip,42350.0,0.13263073563575745
train/gradient_norm_before_clip,42400.0,0.1561465710401535
train/gradient_norm_before_clip,42450.0,0.11155276000499725
train/gradient_norm_before_clip,42500.0,0.09487568587064743
train/gradient_norm_before_clip,42550.0,0.1256418526172638
train/gradient_norm_before_clip,42600.0,0.10028118640184402
train/gradient_norm_before_clip,42650.0,0.11908263713121414
train/gradient_norm_before_clip,42700.0,0.14640772342681885
train/gradient_norm_before_clip,42750.0,0.06593901664018631
train/gradient_norm_before_clip,42800.0,0.12464793771505356
train/gradient_norm_before_clip,42850.0,0.06678435951471329
train/gradient_norm_before_clip,42900.0,0.18201367557048798
train/gradient_norm_before_clip,42950.0,0.17726661264896393
train/gradient_norm_before_clip,43000.0,0.17435455322265625
train/gradient_norm_before_clip,43050.0,0.22495882213115692
train/gradient_norm_before_clip,43100.0,0.11152105033397675
train/gradient_norm_before_clip,43150.0,0.06694759428501129
train/gradient_norm_before_clip,43200.0,0.1074148416519165
train/gradient_norm_before_clip,43250.0,0.17097237706184387
train/gradient_norm_before_clip,43300.0,0.09496336430311203
train/gradient_norm_before_clip,43350.0,0.0973278358578682
train/gradient_norm_before_clip,43400.0,0.08950773626565933
train/gradient_norm_before_clip,43450.0,0.2733888626098633
train/gradient_norm_before_clip,43500.0,0.07305162400007248
train/gradient_norm_before_clip,43550.0,0.1515636146068573
train/gradient_norm_before_clip,43600.0,0.09976962208747864
train/gradient_norm_before_clip,43650.0,0.20691415667533875
train/gradient_norm_before_clip,43700.0,0.09907013922929764
train/gradient_norm_before_clip,43750.0,0.1021856889128685
train/gradient_norm_before_clip,43800.0,0.13431453704833984
train/gradient_norm_before_clip,43850.0,0.10718080401420593
train/gradient_norm_before_clip,43900.0,0.07962484657764435
train/gradient_norm_before_clip,43950.0,0.13003294169902802
train/gradient_norm_before_clip,44000.0,0.14117035269737244
train/gradient_norm_before_clip,44050.0,0.07246775925159454
train/gradient_norm_before_clip,44100.0,0.38764017820358276
train/gradient_norm_before_clip,44150.0,0.1315389722585678
train/gradient_norm_before_clip,44200.0,0.10053187608718872
train/gradient_norm_before_clip,44250.0,0.07361533492803574
train/gradient_norm_before_clip,44300.0,0.12659628689289093
train/gradient_norm_before_clip,44350.0,0.07951048761606216
train/gradient_norm_before_clip,44400.0,0.1598888635635376
train/gradient_norm_before_clip,44450.0,0.06709682941436768
train/gradient_norm_before_clip,44500.0,0.09144383668899536
train/gradient_norm_before_clip,44550.0,0.10330130159854889
train/gradient_norm_before_clip,44600.0,0.18904288113117218
train/gradient_norm_before_clip,44650.0,0.12385804206132889
train/gradient_norm_before_clip,44700.0,0.15329471230506897
train/gradient_norm_before_clip,44750.0,0.10326846688985825
train/gradient_norm_before_clip,44800.0,0.09300966560840607
train/gradient_norm_before_clip,44850.0,0.10020296275615692
train/gradient_norm_before_clip,44900.0,0.09994437545537949
train/gradient_norm_before_clip,44950.0,0.1682068407535553
train/gradient_norm_before_clip,45000.0,0.1583581566810608
train/gradient_norm_before_clip,45050.0,0.10301970690488815
train/gradient_norm_before_clip,45100.0,0.10175228118896484
train/gradient_norm_before_clip,45150.0,0.15780916810035706
train/gradient_norm_before_clip,45200.0,0.14043645560741425
train/gradient_norm_before_clip,45250.0,0.14473244547843933
train/gradient_norm_before_clip,45300.0,0.14177079498767853
train/gradient_norm_before_clip,45350.0,0.08588210493326187
train/gradient_norm_before_clip,45400.0,0.17339292168617249
train/gradient_norm_before_clip,45450.0,0.11143014580011368
train/gradient_norm_before_clip,45500.0,0.09633371978998184
train/gradient_norm_before_clip,45550.0,0.1365170031785965
train/gradient_norm_before_clip,45600.0,0.1170077919960022
train/gradient_norm_before_clip,45650.0,0.19979530572891235
train/gradient_norm_before_clip,45700.0,0.12104480713605881
train/gradient_norm_before_clip,45750.0,0.07446717470884323
train/gradient_norm_before_clip,45800.0,0.08946221321821213
train/gradient_norm_before_clip,45850.0,0.14721977710723877
train/gradient_norm_before_clip,45900.0,0.16703391075134277
train/gradient_norm_before_clip,45950.0,0.11257714033126831
train/gradient_norm_before_clip,46000.0,0.06361022591590881
train/gradient_norm_before_clip,46050.0,0.3997907042503357
train/gradient_norm_before_clip,46100.0,0.09483139216899872
train/gradient_norm_before_clip,46150.0,0.11177589744329453
train/gradient_norm_before_clip,46200.0,0.06738021224737167
train/gradient_norm_before_clip,46250.0,0.11645441502332687
train/gradient_norm_before_clip,46300.0,0.15586841106414795
train/gradient_norm_before_clip,46350.0,0.09598127007484436
train/gradient_norm_before_clip,46400.0,0.3540852963924408
train/gradient_norm_before_clip,46450.0,0.08618532121181488
train/gradient_norm_before_clip,46500.0,0.11645753681659698
train/gradient_norm_before_clip,46550.0,0.14381426572799683
train/gradient_norm_before_clip,46600.0,0.23380623757839203
train/gradient_norm_before_clip,46650.0,0.16069196164608002
train/gradient_norm_before_clip,46700.0,0.16657160222530365
train/gradient_norm_before_clip,46750.0,0.13965891301631927
train/gradient_norm_before_clip,46800.0,0.07789710909128189
train/gradient_norm_before_clip,46850.0,0.08146930485963821
train/gradient_norm_before_clip,46900.0,0.15807773172855377
train/gradient_norm_before_clip,46950.0,0.21800874173641205
train/gradient_norm_before_clip,47000.0,0.18470463156700134
train/gradient_norm_before_clip,47050.0,0.08420073240995407
train/gradient_norm_before_clip,47100.0,0.08266931027173996
train/gradient_norm_before_clip,47150.0,0.09368918091058731
train/gradient_norm_before_clip,47200.0,0.07802427560091019
train/gradient_norm_before_clip,47250.0,0.1102341040968895
train/gradient_norm_before_clip,47300.0,0.12627458572387695
train/gradient_norm_before_clip,47350.0,0.06730078160762787
train/gradient_norm_before_clip,47400.0,0.09395498782396317
train/gradient_norm_before_clip,47450.0,0.09199648350477219
train/gradient_norm_before_clip,47500.0,0.0930185616016388
train/gradient_norm_before_clip,47550.0,0.082842156291008
train/gradient_norm_before_clip,47600.0,0.1318606734275818
train/gradient_norm_before_clip,47650.0,0.07500585913658142
train/gradient_norm_before_clip,47700.0,0.18724490702152252
train/gradient_norm_before_clip,47750.0,0.14690044522285461
train/gradient_norm_before_clip,47800.0,0.08022245764732361
train/gradient_norm_before_clip,47850.0,0.08747148513793945
train/gradient_norm_before_clip,47900.0,0.09350143373012543
train/gradient_norm_before_clip,47950.0,0.10006175935268402
train/gradient_norm_before_clip,48000.0,0.09552185237407684
train/gradient_norm_before_clip,48050.0,0.08291982114315033
train/gradient_norm_before_clip,48100.0,0.2184598445892334
train/gradient_norm_before_clip,48150.0,0.1727241724729538
train/gradient_norm_before_clip,48200.0,0.11456196755170822
train/gradient_norm_before_clip,48250.0,0.14139556884765625
train/gradient_norm_before_clip,48300.0,0.17512710392475128
train/gradient_norm_before_clip,48350.0,0.09846128523349762
train/gradient_norm_before_clip,48400.0,0.11964152008295059
train/gradient_norm_before_clip,48450.0,0.10457130521535873
train/gradient_norm_before_clip,48500.0,0.09726127237081528
train/gradient_norm_before_clip,48550.0,0.04924686253070831
train/gradient_norm_before_clip,48600.0,0.09513300657272339
train/gradient_norm_before_clip,48650.0,0.07396387308835983
train/gradient_norm_before_clip,48700.0,0.13772304356098175
train/gradient_norm_before_clip,48750.0,0.09927646070718765
train/gradient_norm_before_clip,48800.0,0.12352341413497925
train/gradient_norm_before_clip,48850.0,0.13290396332740784
train/gradient_norm_before_clip,48900.0,0.19480957090854645
train/gradient_norm_before_clip,48950.0,0.1426476538181305
train/gradient_norm_before_clip,49000.0,0.10744831711053848
train/gradient_norm_before_clip,49050.0,0.11795240640640259
train/gradient_norm_before_clip,49100.0,0.06124165654182434
train/gradient_norm_before_clip,49150.0,0.11468444019556046
train/gradient_norm_before_clip,49200.0,0.10976710170507431
train/gradient_norm_before_clip,49250.0,0.20235396921634674
train/gradient_norm_before_clip,49300.0,0.13102521002292633
train/gradient_norm_before_clip,49350.0,0.0768200159072876
train/gradient_norm_before_clip,49400.0,0.17714451253414154
train/gradient_norm_before_clip,49450.0,0.13472378253936768
train/gradient_norm_before_clip,49500.0,0.187841534614563
train/gradient_norm_before_clip,49550.0,0.1133871078491211
train/gradient_norm_before_clip,49600.0,0.0920809879899025
train/gradient_norm_before_clip,49650.0,0.30586329102516174
train/gradient_norm_before_clip,49700.0,0.11377884447574615
train/gradient_norm_before_clip,49750.0,0.1610007882118225
train/gradient_norm_before_clip,49800.0,0.14876802265644073
train/gradient_norm_before_clip,49850.0,0.24388353526592255
train/gradient_norm_before_clip,49900.0,0.12555500864982605
train/gradient_norm_before_clip,49950.0,0.09184399992227554
train/gradient_norm_before_clip,50000.0,0.06706961244344711
train/gradient_norm_before_clip,50050.0,0.14977280795574188
train/gradient_norm_before_clip,50100.0,0.0801253467798233
train/gradient_norm_before_clip,50150.0,0.09743372350931168
train/gradient_norm_before_clip,50200.0,0.1614418476819992
train/gradient_norm_before_clip,50250.0,0.2352241724729538
train/gradient_norm_before_clip,50300.0,0.10090012103319168
train/gradient_norm_before_clip,50350.0,0.07967153936624527
train/gradient_norm_before_clip,50400.0,0.08417725563049316
train/gradient_norm_before_clip,50450.0,0.08248903602361679
train/gradient_norm_before_clip,50500.0,0.092488132417202
train/gradient_norm_before_clip,50550.0,0.1383398473262787
train/gradient_norm_before_clip,50600.0,0.1686968356370926
train/gradient_norm_before_clip,50650.0,0.10304605960845947
train/gradient_norm_before_clip,50700.0,0.09393521398305893
train/gradient_norm_before_clip,50750.0,0.10067586600780487
train/gradient_norm_before_clip,50800.0,0.10187356919050217
train/gradient_norm_before_clip,50850.0,0.14179924130439758
train/gradient_norm_before_clip,50900.0,0.30916377902030945
train/gradient_norm_before_clip,50950.0,0.05703163892030716
train/gradient_norm_before_clip,51000.0,0.11096656322479248
train/gradient_norm_before_clip,51050.0,0.14225175976753235
train/gradient_norm_before_clip,51100.0,0.12514111399650574
train/gradient_norm_before_clip,51150.0,0.1323632448911667
train/gradient_norm_before_clip,51200.0,0.12822040915489197
train/gradient_norm_before_clip,51250.0,0.12069782614707947
train/gradient_norm_before_clip,51300.0,0.17012694478034973
train/gradient_norm_before_clip,51350.0,0.08118926733732224
train/gradient_norm_before_clip,51400.0,0.18270181119441986
train/gradient_norm_before_clip,51450.0,0.050386179238557816
train/gradient_norm_before_clip,51500.0,0.15520140528678894
train/gradient_norm_before_clip,51550.0,0.09953754395246506
train/gradient_norm_before_clip,51600.0,0.16441434621810913
train/gradient_norm_before_clip,51650.0,0.11320897191762924
train/gradient_norm_before_clip,51700.0,0.08092015981674194
train/gradient_norm_before_clip,51750.0,0.0836011990904808
train/gradient_norm_before_clip,51800.0,0.14828717708587646
train/gradient_norm_before_clip,51850.0,0.1696084439754486
train/gradient_norm_before_clip,51900.0,0.1625862568616867
train/gradient_norm_before_clip,51950.0,0.10692068189382553
train/gradient_norm_before_clip,52000.0,0.08360578864812851
train/gradient_norm_before_clip,52050.0,0.1688556671142578
train/gradient_norm_before_clip,52100.0,0.10560832917690277
train/gradient_norm_before_clip,52150.0,0.07102809101343155
train/gradient_norm_before_clip,52200.0,0.23692302405834198
train/gradient_norm_before_clip,52250.0,0.2005912959575653
train/gradient_norm_before_clip,52300.0,0.1883983314037323
train/gradient_norm_before_clip,52350.0,0.12500740587711334
train/gradient_norm_before_clip,52400.0,0.1210610643029213
train/gradient_norm_before_clip,52450.0,0.06740383803844452
train/gradient_norm_before_clip,52500.0,0.13888415694236755
train/gradient_norm_before_clip,52550.0,0.08456309884786606
train/gradient_norm_before_clip,52600.0,0.1872330904006958
train/gradient_norm_before_clip,52650.0,0.08283397555351257
train/gradient_norm_before_clip,52700.0,0.08220934867858887
train/gradient_norm_before_clip,52750.0,0.09817186743021011
train/gradient_norm_before_clip,52800.0,0.09904202818870544
train/gradient_norm_before_clip,52850.0,0.1761651486158371
train/gradient_norm_before_clip,52900.0,0.17496652901172638
train/gradient_norm_before_clip,52950.0,0.0918775200843811
train/gradient_norm_before_clip,53000.0,0.1832088977098465
train/gradient_norm_before_clip,53050.0,0.15683609247207642
train/gradient_norm_before_clip,53100.0,0.1723765879869461
train/gradient_norm_before_clip,53150.0,0.08610489964485168
train/gradient_norm_before_clip,53200.0,0.07004568725824356
train/gradient_norm_before_clip,53250.0,0.20703934133052826
train/gradient_norm_before_clip,53300.0,0.10843554884195328
train/gradient_norm_before_clip,53350.0,0.08424176275730133
train/gradient_norm_before_clip,53400.0,0.12389819324016571
train/gradient_norm_before_clip,53450.0,0.13866819441318512
train/gradient_norm_before_clip,53500.0,0.07024171203374863
train/gradient_norm_before_clip,53550.0,0.08031797409057617
train/gradient_norm_before_clip,53600.0,0.12604472041130066
train/gradient_norm_before_clip,53650.0,0.11601250618696213
train/gradient_norm_before_clip,53700.0,0.10543202608823776
train/gradient_norm_before_clip,53750.0,0.15048854053020477
train/gradient_norm_before_clip,53800.0,0.14660514891147614
train/gradient_norm_before_clip,53850.0,0.16066813468933105
train/gradient_norm_before_clip,53900.0,0.09214957803487778
train/gradient_norm_before_clip,53950.0,0.1371777504682541
train/gradient_norm_before_clip,54000.0,0.0997004508972168
train/gradient_norm_before_clip,54050.0,0.16225972771644592
train/gradient_norm_before_clip,54100.0,0.13602973520755768
train/gradient_norm_before_clip,54150.0,0.08107267320156097
train/gradient_norm_before_clip,54200.0,0.07817785441875458
train/gradient_norm_before_clip,54250.0,0.08440776914358139
train/gradient_norm_before_clip,54300.0,0.0868259146809578
train/gradient_norm_before_clip,54350.0,0.11074695736169815
train/gradient_norm_before_clip,54400.0,0.1203894093632698
train/gradient_norm_before_clip,54450.0,0.09817485511302948
train/gradient_norm_before_clip,54500.0,0.10121700167655945
train/gradient_norm_before_clip,54550.0,0.09716897457838058
train/gradient_norm_before_clip,54600.0,0.14265641570091248
train/gradient_norm_before_clip,54650.0,0.14433765411376953
train/gradient_norm_before_clip,54700.0,0.07581191509962082
train/gradient_norm_before_clip,54750.0,0.16520586609840393
train/gradient_norm_before_clip,54800.0,0.07751917093992233
train/gradient_norm_before_clip,54850.0,0.08630631119012833
train/gradient_norm_before_clip,54900.0,0.17003466188907623
train/gradient_norm_before_clip,54950.0,0.06494183093309402
train/gradient_norm_before_clip,55000.0,0.1097596138715744
train/gradient_norm_before_clip,55050.0,0.13457925617694855
train/gradient_norm_before_clip,55100.0,0.08820933103561401
train/gradient_norm_before_clip,55150.0,0.14209572970867157
train/gradient_norm_before_clip,55200.0,0.13708893954753876
train/gradient_norm_before_clip,55250.0,0.07230210304260254
train/gradient_norm_before_clip,55300.0,0.09398958086967468
train/gradient_norm_before_clip,55350.0,0.07663533836603165
train/gradient_norm_before_clip,55400.0,0.21207892894744873
train/gradient_norm_before_clip,55450.0,0.07596594095230103
train/gradient_norm_before_clip,55500.0,0.09715108573436737
train/gradient_norm_before_clip,55550.0,0.09155908972024918
train/gradient_norm_before_clip,55600.0,0.09341487288475037
train/gradient_norm_before_clip,55650.0,0.12159451097249985
train/gradient_norm_before_clip,55700.0,0.1261765956878662
train/gradient_norm_before_clip,55750.0,0.08993784338235855
train/gradient_norm_before_clip,55800.0,0.08671291172504425
train/gradient_norm_before_clip,55850.0,0.1652529090642929
train/gradient_norm_before_clip,55900.0,0.08065678179264069
train/gradient_norm_before_clip,55950.0,0.19760330021381378
train/gradient_norm_before_clip,56000.0,0.06736981123685837
train/gradient_norm_before_clip,56050.0,0.09035200625658035
train/gradient_norm_before_clip,56100.0,0.17541761696338654
train/gradient_norm_before_clip,56150.0,0.08489643037319183
train/gradient_norm_before_clip,56200.0,0.1257214993238449
train/gradient_norm_before_clip,56250.0,0.06546635925769806
train/gradient_norm_before_clip,56300.0,0.3343341648578644
train/gradient_norm_before_clip,56350.0,0.13578017055988312
train/gradient_norm_before_clip,56400.0,0.13966895639896393
train/gradient_norm_before_clip,56450.0,0.14762739837169647
train/gradient_norm_before_clip,56500.0,0.10243787616491318
train/gradient_norm_before_clip,56550.0,0.1059928610920906
train/gradient_norm_before_clip,56600.0,0.19013439118862152
train/gradient_norm_before_clip,56650.0,0.15115725994110107
train/gradient_norm_before_clip,56700.0,0.08101765066385269
train/gradient_norm_before_clip,56750.0,0.10913987457752228
train/gradient_norm_before_clip,56800.0,0.12521019577980042
train/gradient_norm_before_clip,56850.0,0.11845684796571732
train/gradient_norm_before_clip,56900.0,0.09671062976121902
train/gradient_norm_before_clip,56950.0,0.1923772096633911
train/gradient_norm_before_clip,57000.0,0.10732295364141464
train/gradient_norm_before_clip,57050.0,0.1112150102853775
train/gradient_norm_before_clip,57100.0,0.08047673106193542
train/gradient_norm_before_clip,57150.0,0.05353580415248871
train/gradient_norm_before_clip,57200.0,0.06804712861776352
train/gradient_norm_before_clip,57250.0,0.12483669817447662
train/gradient_norm_before_clip,57300.0,0.12702786922454834
train/gradient_norm_before_clip,57350.0,0.06841383129358292
train/gradient_norm_before_clip,57400.0,0.09537161886692047
train/gradient_norm_before_clip,57450.0,0.09635540097951889
train/gradient_norm_before_clip,57500.0,0.11183781176805496
train/gradient_norm_before_clip,57550.0,0.14282011985778809
train/gradient_norm_before_clip,57600.0,0.1390460878610611
train/gradient_norm_before_clip,57650.0,0.16514521837234497
train/gradient_norm_before_clip,57700.0,0.1091209277510643
train/gradient_norm_before_clip,57750.0,0.13953252136707306
train/gradient_norm_before_clip,57800.0,0.10552465170621872
train/gradient_norm_before_clip,57850.0,0.12296874821186066
train/gradient_norm_before_clip,57900.0,0.21605370938777924
train/gradient_norm_before_clip,57950.0,0.08355104923248291
train/gradient_norm_before_clip,58000.0,0.10482563078403473
train/gradient_norm_before_clip,58050.0,0.15704409778118134
train/gradient_norm_before_clip,58100.0,0.11599605530500412
train/gradient_norm_before_clip,58150.0,0.11719009280204773
train/gradient_norm_before_clip,58200.0,0.11283273994922638
train/gradient_norm_before_clip,58250.0,0.12536005675792694
train/gradient_norm_before_clip,58300.0,0.158122718334198
train/gradient_norm_before_clip,58350.0,0.21354100108146667
train/gradient_norm_before_clip,58400.0,0.17641828954219818
train/gradient_norm_before_clip,58450.0,0.07700254768133163
train/gradient_norm_before_clip,58500.0,0.11360284686088562
train/gradient_norm_before_clip,58550.0,0.07369325309991837
train/gradient_norm_before_clip,58600.0,0.10341369360685349
train/gradient_norm_before_clip,58650.0,0.11061979085206985
train/gradient_norm_before_clip,58700.0,0.15489381551742554
train/gradient_norm_before_clip,58750.0,0.1652803122997284
train/gradient_norm_before_clip,58800.0,0.08356045931577682
train/gradient_norm_before_clip,58850.0,0.16689148545265198
train/gradient_norm_before_clip,58900.0,0.1336010843515396
train/gradient_norm_before_clip,58950.0,0.22567759454250336
train/gradient_norm_before_clip,59000.0,0.11579366773366928
train/gradient_norm_before_clip,59050.0,0.06730838119983673
train/gradient_norm_before_clip,59100.0,0.1430772989988327
train/gradient_norm_before_clip,59150.0,0.10395041108131409
train/gradient_norm_before_clip,59200.0,0.09300625324249268
train/gradient_norm_before_clip,59250.0,0.08218494802713394
train/gradient_norm_before_clip,59300.0,0.13821615278720856
train/gradient_norm_before_clip,59350.0,0.10447317361831665
train/gradient_norm_before_clip,59400.0,0.13893835246562958
train/gradient_norm_before_clip,59450.0,0.11375601589679718
train/gradient_norm_before_clip,59500.0,0.07585681974887848
train/gradient_norm_before_clip,59550.0,0.08959793299436569
train/gradient_norm_before_clip,59600.0,0.06680527329444885
train/gradient_norm_before_clip,59650.0,0.15539155900478363
train/gradient_norm_before_clip,59700.0,0.147683247923851
train/gradient_norm_before_clip,59750.0,0.12757740914821625
train/gradient_norm_before_clip,59800.0,0.17492318153381348
train/gradient_norm_before_clip,59850.0,0.09402761608362198
train/gradient_norm_before_clip,59900.0,0.14277125895023346
train/gradient_norm_before_clip,59950.0,0.06627953052520752
train/gradient_norm_before_clip,60000.0,0.06293787807226181
train/gradient_norm_before_clip,60050.0,0.0812426209449768
train/gradient_norm_before_clip,60100.0,0.12797024846076965
train/gradient_norm_before_clip,60150.0,0.1984046846628189
train/gradient_norm_before_clip,60200.0,0.0666784718632698
train/gradient_norm_before_clip,60250.0,0.11658089607954025
train/gradient_norm_before_clip,60300.0,0.09700670093297958
train/gradient_norm_before_clip,60350.0,0.0721178650856018
train/gradient_norm_before_clip,60400.0,0.12718820571899414
train/gradient_norm_before_clip,60450.0,0.12059058994054794
train/gradient_norm_before_clip,60500.0,0.045845210552215576
train/gradient_norm_before_clip,60550.0,0.12453363090753555
train/gradient_norm_before_clip,60600.0,0.10702233016490936
train/gradient_norm_before_clip,60650.0,0.08165288716554642
train/gradient_norm_before_clip,60700.0,0.09542328119277954
train/gradient_norm_before_clip,60750.0,0.09639748185873032
train/gradient_norm_before_clip,60800.0,0.11586902290582657
train/gradient_norm_before_clip,60850.0,0.07240047305822372
train/gradient_norm_before_clip,60900.0,0.18385805189609528
train/gradient_norm_before_clip,60950.0,0.06656049191951752
train/gradient_norm_before_clip,61000.0,0.1217033788561821
train/gradient_norm_before_clip,61050.0,0.10806374996900558
train/gradient_norm_before_clip,61100.0,0.14430612325668335
train/gradient_norm_before_clip,61150.0,0.15237319469451904
train/gradient_norm_before_clip,61200.0,0.10928133130073547
train/gradient_norm_before_clip,61250.0,0.09954022616147995
train/gradient_norm_before_clip,61300.0,0.05752652511000633
train/gradient_norm_before_clip,61350.0,0.1376018524169922
train/gradient_norm_before_clip,61400.0,0.08185604214668274
train/gradient_norm_before_clip,61450.0,0.15940254926681519
train/gradient_norm_before_clip,61500.0,0.2253241389989853
train/gradient_norm_before_clip,61550.0,0.15316757559776306
train/gradient_norm_before_clip,61600.0,0.34980839490890503
train/gradient_norm_before_clip,61650.0,0.11071412265300751
train/gradient_norm_before_clip,61700.0,0.11253541707992554
train/gradient_norm_before_clip,61750.0,0.07887224107980728
train/gradient_norm_before_clip,61800.0,0.14962033927440643
train/gradient_norm_before_clip,61850.0,0.11974877119064331
train/gradient_norm_before_clip,61900.0,0.06895877420902252
train/gradient_norm_before_clip,61950.0,0.12187027931213379
train/gradient_norm_before_clip,62000.0,0.2691303491592407
train/gradient_norm_before_clip,62050.0,0.1005219966173172
train/gradient_norm_before_clip,62100.0,0.3552725315093994
train/gradient_norm_before_clip,62150.0,0.08748290687799454
train/gradient_norm_before_clip,62200.0,0.08716548979282379
train/gradient_norm_before_clip,62250.0,0.10743257403373718
train/gradient_norm_before_clip,62300.0,0.06550119072198868
train/gradient_norm_before_clip,62350.0,0.1670524924993515
train/gradient_norm_before_clip,62400.0,0.07953935861587524
train/gradient_norm_before_clip,62450.0,0.0824643075466156
train/gradient_norm_before_clip,62500.0,0.09977981448173523
train/gradient_norm_before_clip,62550.0,0.12653088569641113
train/gradient_norm_before_clip,62600.0,0.08367593586444855
train/gradient_norm_before_clip,62650.0,0.05779574438929558
train/gradient_norm_before_clip,62700.0,0.16091293096542358
train/gradient_norm_before_clip,62750.0,0.17027918994426727
train/gradient_norm_before_clip,62800.0,0.07543745636940002
train/gradient_norm_before_clip,62850.0,0.13370829820632935
train/gradient_norm_before_clip,62900.0,0.09189020842313766
train/gradient_norm_before_clip,62950.0,0.09731094539165497
train/gradient_norm_before_clip,63000.0,0.270242840051651
train/gradient_norm_before_clip,63050.0,0.13179659843444824
train/gradient_norm_before_clip,63100.0,0.08132775127887726
train/gradient_norm_before_clip,63150.0,0.16317780315876007
train/gradient_norm_before_clip,63200.0,0.10227963328361511
train/gradient_norm_before_clip,63250.0,0.08545030653476715
train/gradient_norm_before_clip,63300.0,0.09964952617883682
train/gradient_norm_before_clip,63350.0,0.07366921752691269
train/gradient_norm_before_clip,63400.0,0.16357022523880005
train/gradient_norm_before_clip,63450.0,0.23291607201099396
train/gradient_norm_before_clip,63500.0,0.17181231081485748
train/gradient_norm_before_clip,63550.0,0.09075505286455154
train/gradient_norm_before_clip,63600.0,0.15874849259853363
train/gradient_norm_before_clip,63650.0,0.08006490021944046
train/gradient_norm_before_clip,63700.0,0.0837419331073761
train/gradient_norm_before_clip,63750.0,0.10104547441005707
train/gradient_norm_before_clip,63800.0,0.24005581438541412
train/gradient_norm_before_clip,63850.0,0.09807638078927994
train/gradient_norm_before_clip,63900.0,0.11551694571971893
train/gradient_norm_before_clip,63950.0,0.12979261577129364
train/gradient_norm_before_clip,64000.0,0.09458412975072861
train/gradient_norm_before_clip,64050.0,0.22733023762702942
train/gradient_norm_before_clip,64100.0,0.14151252806186676
train/gradient_norm_before_clip,64150.0,0.12605451047420502
train/gradient_norm_before_clip,64200.0,0.14267487823963165
train/gradient_norm_before_clip,64250.0,0.05815768614411354
train/gradient_norm_before_clip,64300.0,0.1620614230632782
train/gradient_norm_before_clip,64350.0,0.11715589463710785
train/gradient_norm_before_clip,64400.0,0.08839226514101028
train/gradient_norm_before_clip,64450.0,0.27060168981552124
train/gradient_norm_before_clip,64500.0,0.07650226354598999
train/gradient_norm_before_clip,64550.0,0.1813795566558838
train/gradient_norm_before_clip,64600.0,0.12497144937515259
train/gradient_norm_before_clip,64650.0,0.12932685017585754
train/gradient_norm_before_clip,64700.0,0.09727852791547775
train/gradient_norm_before_clip,64750.0,0.09765956550836563
train/gradient_norm_before_clip,64800.0,0.10002584010362625
train/gradient_norm_before_clip,64850.0,0.11289262026548386
train/gradient_norm_before_clip,64900.0,0.06928472965955734
train/gradient_norm_before_clip,64950.0,0.14094558358192444
train/gradient_norm_before_clip,65000.0,0.10401241481304169
train/gradient_norm_before_clip,65050.0,0.1065976619720459
train/gradient_norm_before_clip,65100.0,0.17693927884101868
train/gradient_norm_before_clip,65150.0,0.18626469373703003
train/gradient_norm_before_clip,65200.0,0.13662125170230865
train/gradient_norm_before_clip,65250.0,0.04753989726305008
train/gradient_norm_before_clip,65300.0,0.14410492777824402
train/gradient_norm_before_clip,65350.0,0.15291863679885864
train/gradient_norm_before_clip,65400.0,0.12414315342903137
train/gradient_norm_before_clip,65450.0,0.1668386161327362
train/gradient_norm_before_clip,65500.0,0.0829237550497055
train/gradient_norm_before_clip,65550.0,0.09182257205247879
train/gradient_norm_before_clip,65600.0,0.20752228796482086
train/gradient_norm_before_clip,65650.0,0.09268663078546524
train/gradient_norm_before_clip,65700.0,0.187599778175354
train/gradient_norm_before_clip,65750.0,0.08084283769130707
train/gradient_norm_before_clip,65800.0,0.17535439133644104
train/gradient_norm_before_clip,65850.0,0.12675443291664124
train/gradient_norm_before_clip,65900.0,0.12620161473751068
train/gradient_norm_before_clip,65950.0,0.13735665380954742
train/gradient_norm_before_clip,66000.0,0.1305122971534729
train/gradient_norm_before_clip,66050.0,0.07936187833547592
train/gradient_norm_before_clip,66100.0,0.13762883841991425
train/gradient_norm_before_clip,66150.0,0.0881224200129509
train/gradient_norm_before_clip,66200.0,0.10514219105243683
train/gradient_norm_before_clip,66250.0,0.09910076856613159
train/gradient_norm_before_clip,66300.0,0.09290622174739838
train/gradient_norm_before_clip,66350.0,0.06371947377920151
train/gradient_norm_before_clip,66400.0,0.16377109289169312
train/gradient_norm_before_clip,66450.0,0.07164890319108963
train/gradient_norm_before_clip,66500.0,0.09322171658277512
train/gradient_norm_before_clip,66550.0,0.1992134004831314
train/gradient_norm_before_clip,66600.0,0.09900939464569092
train/gradient_norm_before_clip,66650.0,0.1183084025979042
train/gradient_norm_before_clip,66700.0,0.20628800988197327
train/gradient_norm_before_clip,66750.0,0.13217023015022278
train/gradient_norm_before_clip,66800.0,0.11747104674577713
train/gradient_norm_before_clip,66850.0,0.13976019620895386
train/gradient_norm_before_clip,66900.0,0.08303163945674896
train/gradient_norm_before_clip,66950.0,0.12466184794902802
train/gradient_norm_before_clip,67000.0,0.23139140009880066
train/gradient_norm_before_clip,67050.0,0.17532426118850708
train/gradient_norm_before_clip,67100.0,0.11847476661205292
train/gradient_norm_before_clip,67150.0,0.12094449996948242
train/gradient_norm_before_clip,67200.0,0.11938239634037018
train/gradient_norm_before_clip,67250.0,0.08714901655912399
train/gradient_norm_before_clip,67300.0,0.1408737152814865
train/gradient_norm_before_clip,67350.0,0.061919040977954865
train/gradient_norm_before_clip,67400.0,0.09416397660970688
train/gradient_norm_before_clip,67450.0,0.13570302724838257
train/gradient_norm_before_clip,67500.0,0.10694271326065063
train/gradient_norm_before_clip,67550.0,0.05305381864309311
train/gradient_norm_before_clip,67600.0,0.10007328540086746
train/gradient_norm_before_clip,67650.0,0.09594646841287613
train/gradient_norm_before_clip,67700.0,0.08577114343643188
train/gradient_norm_before_clip,67750.0,0.2606216073036194
train/gradient_norm_before_clip,67800.0,0.13181068003177643
train/gradient_norm_before_clip,67850.0,0.13370759785175323
train/gradient_norm_before_clip,67900.0,0.0931166559457779
train/gradient_norm_before_clip,67950.0,0.09431006759405136
train/gradient_norm_before_clip,68000.0,0.05601968616247177
train/gradient_norm_before_clip,68050.0,0.13402362167835236
train/gradient_norm_before_clip,68100.0,0.164140984416008
train/gradient_norm_before_clip,68150.0,0.10618552565574646
train/gradient_norm_before_clip,68200.0,0.18220865726470947
train/gradient_norm_before_clip,68250.0,0.07810337096452713
train/gradient_norm_before_clip,68300.0,0.11384860426187515
train/gradient_norm_before_clip,68350.0,0.08989942818880081
train/gradient_norm_before_clip,68400.0,0.10726785659790039
train/gradient_norm_before_clip,68450.0,0.08579397946596146
train/gradient_norm_before_clip,68500.0,0.09718156605958939
train/gradient_norm_before_clip,68550.0,0.08987122774124146
train/gradient_norm_before_clip,68600.0,0.07383691519498825
train/gradient_norm_before_clip,68650.0,0.15583740174770355
train/gradient_norm_before_clip,68700.0,0.09340691566467285
train/gradient_norm_before_clip,68750.0,0.12422070652246475
train/gradient_norm_before_clip,68800.0,0.05934341251850128
train/gradient_norm_before_clip,68850.0,0.10561522841453552
train/gradient_norm_before_clip,68900.0,0.11717133969068527
train/gradient_norm_before_clip,68950.0,0.08701510727405548
train/gradient_norm_before_clip,69000.0,0.07977259904146194
train/gradient_norm_before_clip,69050.0,0.12147947400808334
train/gradient_norm_before_clip,69100.0,0.09959928691387177
train/gradient_norm_before_clip,69150.0,0.059246379882097244
train/gradient_norm_before_clip,69200.0,0.12627041339874268
train/gradient_norm_before_clip,69250.0,0.06742245703935623
train/gradient_norm_before_clip,69300.0,0.11929915845394135
train/gradient_norm_before_clip,69350.0,0.0813477635383606
train/gradient_norm_before_clip,69400.0,0.15530435740947723
train/gradient_norm_before_clip,69450.0,0.06434259563684464
train/gradient_norm_before_clip,69500.0,0.11133730411529541
train/gradient_norm_before_clip,69550.0,0.08227860182523727
train/gradient_norm_before_clip,69600.0,0.09281501173973083
train/gradient_norm_before_clip,69650.0,0.14821699261665344
train/gradient_norm_before_clip,69700.0,0.1358005404472351
train/gradient_norm_before_clip,69750.0,0.08999469876289368
train/gradient_norm_before_clip,69800.0,0.17695246636867523
train/gradient_norm_before_clip,69850.0,0.12171003967523575
train/gradient_norm_before_clip,69900.0,0.11359349638223648
train/gradient_norm_before_clip,69950.0,0.12934432923793793
train/gradient_norm_before_clip,70000.0,0.13341563940048218
train/gradient_norm_before_clip,70050.0,0.10102031379938126
train/gradient_norm_before_clip,70100.0,0.13083498179912567
train/gradient_norm_before_clip,70150.0,0.11816348135471344
train/gradient_norm_before_clip,70200.0,0.06712909042835236
train/gradient_norm_before_clip,70250.0,0.0663851872086525
train/gradient_norm_before_clip,70300.0,0.09061329066753387
train/gradient_norm_before_clip,70350.0,0.13623662292957306
train/gradient_norm_before_clip,70400.0,0.11124448478221893
train/gradient_norm_before_clip,70450.0,0.09944518655538559
train/gradient_norm_before_clip,70500.0,0.07319364696741104
train/gradient_norm_before_clip,70550.0,0.09503559023141861
train/gradient_norm_before_clip,70600.0,0.09403639286756516
train/gradient_norm_before_clip,70650.0,0.1225169226527214
train/gradient_norm_before_clip,70700.0,0.20172111690044403
train/gradient_norm_before_clip,70750.0,0.12359926849603653
train/gradient_norm_before_clip,70800.0,0.17784762382507324
train/gradient_norm_before_clip,70850.0,0.0979270488023758
train/gradient_norm_before_clip,70900.0,0.09944804757833481
train/gradient_norm_before_clip,70950.0,0.12567314505577087
train/gradient_norm_before_clip,71000.0,0.15009286999702454
train/gradient_norm_before_clip,71050.0,0.15784519910812378
train/gradient_norm_before_clip,71100.0,0.10557042807340622
train/gradient_norm_before_clip,71150.0,0.12744298577308655
train/gradient_norm_before_clip,71200.0,0.12021524459123611
train/gradient_norm_before_clip,71250.0,0.12442510575056076
train/gradient_norm_before_clip,71300.0,0.10079130530357361
train/gradient_norm_before_clip,71350.0,0.18422546982765198
train/gradient_norm_before_clip,71400.0,0.08493731915950775
train/gradient_norm_before_clip,71450.0,0.08269371092319489
train/gradient_norm_before_clip,71500.0,0.08390048891305923
train/gradient_norm_before_clip,71550.0,0.07369335740804672
train/gradient_norm_before_clip,71600.0,0.13889481127262115
train/gradient_norm_before_clip,71650.0,0.11658676713705063
train/gradient_norm_before_clip,71700.0,0.13540785014629364
train/gradient_norm_before_clip,71750.0,0.36055105924606323
train/gradient_norm_before_clip,71800.0,0.07089953869581223
train/gradient_norm_before_clip,71850.0,0.0808514952659607
train/gradient_norm_before_clip,71900.0,0.09307891875505447
train/gradient_norm_before_clip,71950.0,0.07717196643352509
train/gradient_norm_before_clip,72000.0,0.11327533423900604
train/gradient_norm_before_clip,72050.0,0.1450188010931015
train/gradient_norm_before_clip,72100.0,0.11531186103820801
train/gradient_norm_before_clip,72150.0,0.15535609424114227
train/gradient_norm_before_clip,72200.0,0.15244551002979279
train/gradient_norm_before_clip,72250.0,0.08132197707891464
train/gradient_norm_before_clip,72300.0,0.30805671215057373
train/gradient_norm_before_clip,72350.0,0.16679751873016357
train/gradient_norm_before_clip,72400.0,0.08951513469219208
train/gradient_norm_before_clip,72450.0,0.18057112395763397
train/gradient_norm_before_clip,72500.0,0.09564579278230667
train/gradient_norm_before_clip,72550.0,0.1977492868900299
train/gradient_norm_before_clip,72600.0,0.07080291956663132
train/gradient_norm_before_clip,72650.0,0.09668056666851044
train/gradient_norm_before_clip,72700.0,0.0929664820432663
train/gradient_norm_before_clip,72750.0,0.09083959460258484
train/gradient_norm_before_clip,72800.0,0.1027921810746193
train/gradient_norm_before_clip,72850.0,0.10484550893306732
train/gradient_norm_before_clip,72900.0,0.11295926570892334
train/gradient_norm_before_clip,72950.0,0.06870119273662567
train/gradient_norm_before_clip,73000.0,0.12363375723361969
train/gradient_norm_before_clip,73050.0,0.07768372446298599
train/gradient_norm_before_clip,73100.0,0.16739687323570251
train/gradient_norm_before_clip,73150.0,0.08608131855726242
train/gradient_norm_before_clip,73200.0,0.08208157122135162
train/gradient_norm_before_clip,73250.0,0.11178425699472427
train/gradient_norm_before_clip,73300.0,0.07040014863014221
train/gradient_norm_before_clip,73350.0,0.14778505265712738
train/gradient_norm_before_clip,73400.0,0.1162262037396431
train/gradient_norm_before_clip,73450.0,0.11496160179376602
train/gradient_norm_before_clip,73500.0,0.23412197828292847
train/gradient_norm_before_clip,73550.0,0.11289414763450623
train/gradient_norm_before_clip,73600.0,0.12749965488910675
train/gradient_norm_before_clip,73650.0,0.06367809325456619
train/gradient_norm_before_clip,73700.0,0.07222963124513626
train/gradient_norm_before_clip,73750.0,0.1556808352470398
train/gradient_norm_before_clip,73800.0,0.10188516974449158
train/gradient_norm_before_clip,73850.0,0.11367993801832199
train/gradient_norm_before_clip,73900.0,0.10526714473962784
train/gradient_norm_before_clip,73950.0,0.07727345824241638
train/gradient_norm_before_clip,74000.0,0.08580011874437332
train/gradient_norm_before_clip,74050.0,0.2088385671377182
train/gradient_norm_before_clip,74100.0,0.11997319757938385
train/gradient_norm_before_clip,74150.0,0.15710541605949402
train/gradient_norm_before_clip,74200.0,0.09896684437990189
train/gradient_norm_before_clip,74250.0,0.1451447606086731
train/gradient_norm_before_clip,74300.0,0.1410313844680786
train/gradient_norm_before_clip,74350.0,0.12229535728693008
train/gradient_norm_before_clip,74400.0,0.16951709985733032
train/gradient_norm_before_clip,74450.0,0.1378023326396942
train/gradient_norm_before_clip,74500.0,0.10997725278139114
train/gradient_norm_before_clip,74550.0,0.1300097405910492
train/gradient_norm_before_clip,74600.0,0.09149045497179031
train/gradient_norm_before_clip,74650.0,0.23065364360809326
train/gradient_norm_before_clip,74700.0,0.10313808917999268
train/gradient_norm_before_clip,74750.0,0.1382114291191101
train/gradient_norm_before_clip,74800.0,0.1273738592863083
train/gradient_norm_before_clip,74850.0,0.12627309560775757
train/gradient_norm_before_clip,74900.0,0.14182446897029877
train/gradient_norm_before_clip,74950.0,0.1250089704990387
train/gradient_norm_before_clip,75000.0,0.11584511399269104
train/gradient_norm_before_clip,75050.0,0.13210812211036682
train/gradient_norm_before_clip,75100.0,0.07565688341856003
train/gradient_norm_before_clip,75150.0,0.17891071736812592
train/gradient_norm_before_clip,75200.0,0.12042725831270218
train/gradient_norm_before_clip,75250.0,0.20205745100975037
train/gradient_norm_before_clip,75300.0,0.08729066699743271
train/gradient_norm_before_clip,75350.0,0.0987609475851059
train/gradient_norm_before_clip,75400.0,0.07879970222711563
train/gradient_norm_before_clip,75450.0,0.12329445779323578
train/gradient_norm_before_clip,75500.0,0.13379107415676117
train/gradient_norm_before_clip,75550.0,0.14088109135627747
train/gradient_norm_before_clip,75600.0,0.10872610658407211
train/gradient_norm_before_clip,75650.0,0.1415863037109375
train/gradient_norm_before_clip,75700.0,0.09505292028188705
train/gradient_norm_before_clip,75750.0,0.07177785784006119
train/gradient_norm_before_clip,75800.0,0.10146791487932205
train/gradient_norm_before_clip,75850.0,0.14475853741168976
train/gradient_norm_before_clip,75900.0,0.0613710843026638
train/gradient_norm_before_clip,75950.0,0.10179074853658676
train/gradient_norm_before_clip,76000.0,0.11775989830493927
train/gradient_norm_before_clip,76050.0,0.05777652561664581
train/gradient_norm_before_clip,76100.0,0.1524585783481598
train/gradient_norm_before_clip,76150.0,0.30810582637786865
train/gradient_norm_before_clip,76200.0,0.06929830461740494
train/gradient_norm_before_clip,76250.0,0.12538477778434753
train/gradient_norm_before_clip,76300.0,0.07976245880126953
train/gradient_norm_before_clip,76350.0,0.06967125833034515
train/gradient_norm_before_clip,76400.0,0.09098140895366669
train/gradient_norm_before_clip,76450.0,0.12131307274103165
train/gradient_norm_before_clip,76500.0,0.2088911384344101
train/gradient_norm_before_clip,76550.0,0.13076697289943695
train/gradient_norm_before_clip,76600.0,0.09141404181718826
train/gradient_norm_before_clip,76650.0,0.11641176789999008
train/gradient_norm_before_clip,76700.0,0.05871662497520447
train/gradient_norm_before_clip,76750.0,0.10939109325408936
train/gradient_norm_before_clip,76800.0,0.13327302038669586
train/gradient_norm_before_clip,76850.0,0.07364684343338013
train/gradient_norm_before_clip,76900.0,0.1472054272890091
train/gradient_norm_before_clip,76950.0,0.12436264753341675
train/gradient_norm_before_clip,77000.0,0.12570305168628693
train/gradient_norm_before_clip,77050.0,0.19079574942588806
train/gradient_norm_before_clip,77100.0,0.1434997022151947
train/gradient_norm_before_clip,77150.0,0.15198522806167603
train/gradient_norm_before_clip,77200.0,0.12131328135728836
train/gradient_norm_before_clip,77250.0,0.12870202958583832
train/gradient_norm_before_clip,77300.0,0.1043044850230217
train/gradient_norm_before_clip,77350.0,0.11876750737428665
train/gradient_norm_before_clip,77400.0,0.10247326642274857
train/gradient_norm_before_clip,77450.0,0.0940568745136261
train/gradient_norm_before_clip,77500.0,0.08938401937484741
train/gradient_norm_before_clip,77550.0,0.1115976944565773
train/gradient_norm_before_clip,77600.0,0.0863715261220932
train/gradient_norm_before_clip,77650.0,0.0648530051112175
train/gradient_norm_before_clip,77700.0,0.16173769533634186
train/gradient_norm_before_clip,77750.0,0.07415997236967087
train/gradient_norm_before_clip,77800.0,0.11971153318881989
train/gradient_norm_before_clip,77850.0,0.14106221497058868
train/gradient_norm_before_clip,77900.0,0.13584573566913605
train/gradient_norm_before_clip,77950.0,0.09230763465166092
train/gradient_norm_before_clip,78000.0,0.06858468055725098
train/gradient_norm_before_clip,78050.0,0.06914366036653519
train/gradient_norm_before_clip,78100.0,0.10614118725061417
train/gradient_norm_before_clip,78150.0,0.12142534554004669
train/gradient_norm_before_clip,78200.0,0.07946311682462692
train/gradient_norm_before_clip,78250.0,0.10906226187944412
train/gradient_norm_before_clip,78300.0,0.12220077961683273
train/gradient_norm_before_clip,78350.0,0.2632869482040405
train/gradient_norm_before_clip,78400.0,0.15071621537208557
train/gradient_norm_before_clip,78450.0,0.09044351428747177
train/gradient_norm_before_clip,78500.0,0.167561337351799
train/gradient_norm_before_clip,78550.0,0.2101636677980423
train/gradient_norm_before_clip,78600.0,0.28930824995040894
train/gradient_norm_before_clip,78650.0,0.10451702773571014
train/gradient_norm_before_clip,78700.0,0.1268140971660614
train/gradient_norm_before_clip,78750.0,0.09813260287046432
train/gradient_norm_before_clip,78800.0,0.10571742057800293
train/gradient_norm_before_clip,78850.0,0.18081334233283997
train/gradient_norm_before_clip,78900.0,0.11716815829277039
train/gradient_norm_before_clip,78950.0,0.117125503718853
train/gradient_norm_before_clip,79000.0,0.11308059841394424
train/gradient_norm_before_clip,79050.0,0.12403051555156708
train/gradient_norm_before_clip,79100.0,0.06368659436702728
train/gradient_norm_before_clip,79150.0,0.15793685615062714
train/gradient_norm_before_clip,79200.0,0.23801575601100922
train/gradient_norm_before_clip,79250.0,0.09986548870801926
train/gradient_norm_before_clip,79300.0,0.19065837562084198
train/gradient_norm_before_clip,79350.0,0.13547185063362122
train/gradient_norm_before_clip,79400.0,0.16659486293792725
train/gradient_norm_before_clip,79450.0,0.09417161345481873
train/gradient_norm_before_clip,79500.0,0.09553544968366623
train/gradient_norm_before_clip,79550.0,0.06203040853142738
train/gradient_norm_before_clip,79600.0,0.11443374305963516
train/gradient_norm_before_clip,79650.0,0.0917065441608429
train/gradient_norm_before_clip,79700.0,0.09620296955108643
train/gradient_norm_before_clip,79750.0,0.1251598298549652
train/gradient_norm_before_clip,79800.0,0.1954902857542038
train/gradient_norm_before_clip,79850.0,0.1485365778207779
train/gradient_norm_before_clip,79900.0,0.08823911845684052
train/gradient_norm_before_clip,79950.0,0.1770283281803131
train/gradient_norm_before_clip,80000.0,0.10257447510957718
train_interval/charbonnier,10000.0,0.06720709055662155
train_interval/charbonnier,20000.0,0.06195604056119919
train_interval/charbonnier,30000.0,0.061188679188489914
train_interval/charbonnier,40000.0,0.06072070449590683
train_interval/charbonnier,50000.0,0.060401998460292816
train_interval/charbonnier,60000.0,0.06001446396112442
train_interval/charbonnier,70000.0,0.05980480834841728
train_interval/charbonnier,80000.0,0.05963687226176262
train_interval/l1,10000.0,0.0671459287405014
train_interval/l1,20000.0,0.06187846511602402
train_interval/l1,30000.0,0.061108868569135666
train_interval/l1,40000.0,0.06063967943191528
train_interval/l1,50000.0,0.06031963601708412
train_interval/l1,60000.0,0.05993077903985977
train_interval/l1,70000.0,0.05972043797373772
train_interval/l1,80000.0,0.05955168604850769
train_interval/loss,10000.0,0.09574807435274124
train_interval/loss,20000.0,0.08792100101709366
train_interval/loss,30000.0,0.08665584027767181
train_interval/loss,40000.0,0.08587529510259628
train_interval/loss,50000.0,0.08533322066068649
train_interval/loss,60000.0,0.08473088592290878
train_interval/loss,70000.0,0.0843961238861084
train_interval/loss,80000.0,0.08414426445960999
train_interval/lpips,10000.0,0.2662537097930908
train_interval/lpips,20000.0,0.24181972444057465
train_interval/lpips,30000.0,0.23594436049461365
train_interval/lpips,40000.0,0.23222233355045319
train_interval/lpips,50000.0,0.22953452169895172
train_interval/lpips,60000.0,0.22728872299194336
train_interval/lpips,70000.0,0.2259591668844223
train_interval/lpips,80000.0,0.22518548369407654
train_interval/lpips_weighted,10000.0,0.013312685303390026
train_interval/lpips_weighted,20000.0,0.012090986594557762
train_interval/lpips_weighted,30000.0,0.011797218583524227
train_interval/lpips_weighted,40000.0,0.01161111705005169
train_interval/lpips_weighted,50000.0,0.011476726271212101
train_interval/lpips_weighted,60000.0,0.011364436708390713
train_interval/lpips_weighted,70000.0,0.01129795890301466
train_interval/lpips_weighted,80000.0,0.011259274557232857
train_interval/multiscale,10000.0,0.06103550270199776
train_interval/multiscale,20000.0,0.05565103515982628
train_interval/multiscale,30000.0,0.054839394986629486
train_interval/multiscale,40000.0,0.05433593690395355
train_interval/multiscale,50000.0,0.053982701152563095
train_interval/multiscale,60000.0,0.05357532575726509
train_interval/multiscale,70000.0,0.05334218591451645
train_interval/multiscale,80000.0,0.0531628355383873
train_interval/reconstruction,10000.0,0.08243538439273834
train_interval/reconstruction,20000.0,0.07583001255989075
train_interval/reconstruction,30000.0,0.07485862076282501
train_interval/reconstruction,40000.0,0.07426417618989944
train_interval/reconstruction,50000.0,0.07385649532079697
train_interval/reconstruction,60000.0,0.07336645573377609
train_interval/reconstruction,70000.0,0.07309816777706146
train_interval/reconstruction,80000.0,0.07288498431444168
train_interval/reconstruction_weighted,10000.0,0.08243538439273834
train_interval/reconstruction_weighted,20000.0,0.07583001255989075
train_interval/reconstruction_weighted,30000.0,0.07485862076282501
train_interval/reconstruction_weighted,40000.0,0.07426417618989944
train_interval/reconstruction_weighted,50000.0,0.07385649532079697
train_interval/reconstruction_weighted,60000.0,0.07336645573377609
train_interval/reconstruction_weighted,70000.0,0.07309816777706146
train_interval/reconstruction_weighted,80000.0,0.07288498431444168
train_interval/velocity_mse,10000.0,0.0
train_interval/velocity_mse,20000.0,0.0
train_interval/velocity_mse,30000.0,0.0
train_interval/velocity_mse,40000.0,0.0
train_interval/velocity_mse,50000.0,0.0
train_interval/velocity_mse,60000.0,0.0
train_interval/velocity_mse,70000.0,0.0
train_interval/velocity_mse,80000.0,0.0
system/train_images_per_second,10000.0,841.8338012695312
system/train_images_per_second,20000.0,886.364501953125
system/train_images_per_second,30000.0,885.578125
system/train_images_per_second,40000.0,879.8406982421875
system/train_images_per_second,50000.0,883.654052734375
system/train_images_per_second,60000.0,885.1854858398438
system/train_images_per_second,70000.0,879.7156372070312
system/train_images_per_second,80000.0,880.3705444335938
system/validation_seconds,10000.0,11.978753089904785
system/validation_seconds,20000.0,7.957129955291748
system/validation_seconds,30000.0,8.038761138916016
system/validation_seconds,40000.0,8.009261131286621
system/validation_seconds,50000.0,7.885288715362549
system/validation_seconds,60000.0,7.914370536804199
system/validation_seconds,70000.0,7.9333977699279785
system/validation_seconds,80000.0,7.9177751541137695
system/sampler_epoch,10000.0,1.0
system/sampler_epoch,20000.0,2.0
system/sampler_epoch,30000.0,3.0
system/sampler_epoch,40000.0,4.0
system/sampler_epoch,50000.0,5.0
system/sampler_epoch,60000.0,6.0
system/sampler_epoch,70000.0,7.0
system/sampler_epoch,80000.0,8.0
system/training_tiles_seen,10000.0,320000.0
system/training_tiles_seen,20000.0,640000.0
system/training_tiles_seen,30000.0,960000.0
system/training_tiles_seen,40000.0,1280000.0
system/training_tiles_seen,50000.0,1600000.0
system/training_tiles_seen,60000.0,1920000.0
system/training_tiles_seen,70000.0,2240000.0
system/training_tiles_seen,80000.0,2560000.0
system/peak_memory_gb_max_all_gpus,10000.0,3.0242953300476074
system/peak_memory_gb_max_all_gpus,20000.0,3.0578458309173584
system/peak_memory_gb_max_all_gpus,30000.0,3.0578458309173584
system/peak_memory_gb_max_all_gpus,40000.0,3.0578458309173584
system/peak_memory_gb_max_all_gpus,50000.0,3.0578458309173584
system/peak_memory_gb_max_all_gpus,60000.0,3.0578458309173584
system/peak_memory_gb_max_all_gpus,70000.0,3.0578458309173584
system/peak_memory_gb_max_all_gpus,80000.0,3.0578458309173584
