tag,step_or_epoch,value
train/l1,1.0,0.34758269786834717
train/l1,50.0,0.23963725566864014
train/l1,100.0,0.10235530138015747
train/l1,150.0,0.07939950376749039
train/l1,200.0,0.06430444866418839
train/l1,250.0,0.0625467449426651
train/l1,300.0,0.05620191991329193
train/l1,350.0,0.057622913271188736
train/l1,400.0,0.06083276495337486
train/l1,450.0,0.05688641220331192
train/l1,500.0,0.05445970594882965
train/l1,550.0,0.05788389593362808
train/l1,600.0,0.05064868554472923
train/l1,650.0,0.05958200991153717
train/l1,700.0,0.04761260002851486
train/l1,750.0,0.0549989715218544
train/l1,800.0,0.054023291915655136
train/l1,850.0,0.05920279771089554
train/l1,900.0,0.05309354513883591
train/l1,950.0,0.05525202676653862
train/l1,1000.0,0.05858226865530014
train/l1,1050.0,0.05508089065551758
train/l1,1100.0,0.05277081951498985
train/l1,1150.0,0.05131518468260765
train/l1,1200.0,0.048992086201906204
train/l1,1250.0,0.05041014775633812
train/l1,1300.0,0.057143423706293106
train/l1,1350.0,0.058132220059633255
train/l1,1400.0,0.059651631861925125
train/l1,1450.0,0.04817810282111168
train/l1,1500.0,0.05069711059331894
train/l1,1550.0,0.05305438116192818
train/l1,1600.0,0.04895886778831482
train/l1,1650.0,0.04775569215416908
train/l1,1700.0,0.04902549088001251
train/l1,1750.0,0.050675682723522186
train/l1,1800.0,0.05672287568449974
train/l1,1850.0,0.06271760165691376
train/l1,1900.0,0.052293628454208374
train/l1,1950.0,0.05175924301147461
train/l1,2000.0,0.04815547913312912
train/l1,2050.0,0.05252784863114357
train/l1,2100.0,0.050844937562942505
train/l1,2150.0,0.051614269614219666
train/l1,2200.0,0.05492747575044632
train/l1,2250.0,0.04959826171398163
train/l1,2300.0,0.049379028379917145
train/l1,2350.0,0.05393039435148239
train/l1,2400.0,0.05184813588857651
train/l1,2450.0,0.04950825870037079
train/l1,2500.0,0.057949282228946686
train/l1,2550.0,0.051722653210163116
train/l1,2600.0,0.0501633882522583
train/l1,2650.0,0.047193415462970734
train/l1,2700.0,0.050961412489414215
train/l1,2750.0,0.056119583547115326
train/l1,2800.0,0.05184217914938927
train/l1,2850.0,0.052622705698013306
train/l1,2900.0,0.056024521589279175
train/l1,2950.0,0.058101341128349304
train/l1,3000.0,0.05337389558553696
train/l1,3050.0,0.05049735680222511
train/l1,3100.0,0.053706396371126175
train/l1,3150.0,0.04944472387433052
train/l1,3200.0,0.04761229082942009
train/l1,3250.0,0.04701467603445053
train/l1,3300.0,0.05817057564854622
train/l1,3350.0,0.045140549540519714
train/l1,3400.0,0.04709211736917496
train/l1,3450.0,0.05002385750412941
train/l1,3500.0,0.04786968231201172
train/l1,3550.0,0.053626108914613724
train/l1,3600.0,0.050281159579753876
train/l1,3650.0,0.0470123328268528
train/l1,3700.0,0.04711102694272995
train/l1,3750.0,0.046564776450395584
train/l1,3800.0,0.05074891448020935
train/l1,3850.0,0.05098148435354233
train/l1,3900.0,0.05005211755633354
train/l1,3950.0,0.053270354866981506
train/l1,4000.0,0.05436330288648605
train/l1,4050.0,0.05503993108868599
train/l1,4100.0,0.04950670897960663
train/l1,4150.0,0.06024833768606186
train/l1,4200.0,0.05244798585772514
train/l1,4250.0,0.049536556005477905
train/l1,4300.0,0.04980633035302162
train/l1,4350.0,0.049814239144325256
train/l1,4400.0,0.048875294625759125
train/l1,4450.0,0.05129273235797882
train/l1,4500.0,0.046673890203237534
train/l1,4550.0,0.045731112360954285
train/l1,4600.0,0.05377965793013573
train/l1,4650.0,0.05116351321339607
train/l1,4700.0,0.047695450484752655
train/l1,4750.0,0.04676501825451851
train/l1,4800.0,0.04760850593447685
train/l1,4850.0,0.05362395942211151
train/l1,4900.0,0.05196377635002136
train/l1,4950.0,0.051531657576560974
train/l1,5000.0,0.05061856284737587
train/l1,5050.0,0.051466476172208786
train/l1,5100.0,0.05393718183040619
train/l1,5150.0,0.050621241331100464
train/l1,5200.0,0.053485479205846786
train/l1,5250.0,0.04948342591524124
train/l1,5300.0,0.055662475526332855
train/l1,5350.0,0.053635306656360626
train/l1,5400.0,0.0450516939163208
train/l1,5450.0,0.0499262697994709
train/l1,5500.0,0.04762573167681694
train/l1,5550.0,0.05273955687880516
train/l1,5600.0,0.04637843370437622
train/l1,5650.0,0.04277985543012619
train/l1,5700.0,0.04910384491086006
train/l1,5750.0,0.05218502879142761
train/l1,5800.0,0.05244715139269829
train/l1,5850.0,0.04638400673866272
train/l1,5900.0,0.04990672320127487
train/l1,5950.0,0.05664270371198654
train/l1,6000.0,0.044098157435655594
train/l1,6050.0,0.04355098307132721
train/l1,6100.0,0.046232689172029495
train/l1,6150.0,0.0493461936712265
train/l1,6200.0,0.05382037162780762
train/l1,6250.0,0.048788245767354965
train/l1,6300.0,0.054127298295497894
train/l1,6350.0,0.04880736768245697
train/l1,6400.0,0.04355195537209511
train/l1,6450.0,0.0490950271487236
train/l1,6500.0,0.047144293785095215
train/l1,6550.0,0.048336248844861984
train/l1,6600.0,0.04238547012209892
train/l1,6650.0,0.04483204334974289
train/l1,6700.0,0.051014192402362823
train/l1,6750.0,0.056174829602241516
train/l1,6800.0,0.06077205017209053
train/l1,6850.0,0.047916337847709656
train/l1,6900.0,0.052113063633441925
train/l1,6950.0,0.045258309692144394
train/l1,7000.0,0.04918089881539345
train/l1,7050.0,0.04635138809680939
train/l1,7100.0,0.048364751040935516
train/l1,7150.0,0.046460315585136414
train/l1,7200.0,0.04738654941320419
train/l1,7250.0,0.050349365919828415
train/l1,7300.0,0.04976097494363785
train/l1,7350.0,0.049591079354286194
train/l1,7400.0,0.0428711362183094
train/l1,7450.0,0.04973604530096054
train/l1,7500.0,0.04645881801843643
train/l1,7550.0,0.049979742616415024
train/l1,7600.0,0.05554353818297386
train/l1,7650.0,0.04312945902347565
train/l1,7700.0,0.051040537655353546
train/l1,7750.0,0.04836518317461014
train/l1,7800.0,0.05156693980097771
train/l1,7850.0,0.050559043884277344
train/l1,7900.0,0.05003990978002548
train/l1,7950.0,0.04846823960542679
train/l1,8000.0,0.05140082910656929
train/l1,8050.0,0.04683899134397507
train/l1,8100.0,0.05147053673863411
train/l1,8150.0,0.05721165984869003
train/l1,8200.0,0.04813748225569725
train/l1,8250.0,0.05195598676800728
train/l1,8300.0,0.04831856116652489
train/l1,8350.0,0.05315815657377243
train/l1,8400.0,0.05105677619576454
train/l1,8450.0,0.047557082027196884
train/l1,8500.0,0.047780055552721024
train/l1,8550.0,0.049434591084718704
train/l1,8600.0,0.045460376888513565
train/l1,8650.0,0.0493035651743412
train/l1,8700.0,0.05017680674791336
train/l1,8750.0,0.047771841287612915
train/l1,8800.0,0.04633120447397232
train/l1,8850.0,0.05259113013744354
train/l1,8900.0,0.04824680835008621
train/l1,8950.0,0.04897553473711014
train/l1,9000.0,0.04885835573077202
train/l1,9050.0,0.04643357917666435
train/l1,9100.0,0.05336088687181473
train/l1,9150.0,0.05657327547669411
train/l1,9200.0,0.04683694988489151
train/l1,9250.0,0.05173987150192261
train/l1,9300.0,0.05067174881696701
train/l1,9350.0,0.046825993806123734
train/l1,9400.0,0.045687559992074966
train/l1,9450.0,0.04844631254673004
train/l1,9500.0,0.049754586070775986
train/l1,9550.0,0.05286190286278725
train/l1,9600.0,0.043893035501241684
train/l1,9650.0,0.04517368599772453
train/l1,9700.0,0.0462753027677536
train/l1,9750.0,0.047476768493652344
train/l1,9800.0,0.049494609236717224
train/l1,9850.0,0.049166321754455566
train/l1,9900.0,0.04693375900387764
train/l1,9950.0,0.04869864881038666
train/l1,10000.0,0.048901479691267014
train/l1,10050.0,0.04889463633298874
train/l1,10100.0,0.0477425642311573
train/l1,10150.0,0.04955781623721123
train/l1,10200.0,0.05140502750873566
train/l1,10250.0,0.04981476441025734
train/l1,10300.0,0.044849202036857605
train/l1,10350.0,0.0509912446141243
train/l1,10400.0,0.049740567803382874
train/l1,10450.0,0.04773610085248947
train/l1,10500.0,0.0461515374481678
train/l1,10550.0,0.04649874567985535
train/l1,10600.0,0.04397556930780411
train/l1,10650.0,0.04961994290351868
train/l1,10700.0,0.04737722873687744
train/l1,10750.0,0.054012443870306015
train/l1,10800.0,0.04779309779405594
train/l1,10850.0,0.045302409678697586
train/l1,10900.0,0.04989377036690712
train/l1,10950.0,0.04423827305436134
train/l1,11000.0,0.04233347997069359
train/l1,11050.0,0.05181696265935898
train/l1,11100.0,0.05176602303981781
train/l1,11150.0,0.047637082636356354
train/l1,11200.0,0.04418306425213814
train/l1,11250.0,0.05084426328539848
train/l1,11300.0,0.04606691375374794
train/l1,11350.0,0.042971208691596985
train/l1,11400.0,0.050162173807621
train/l1,11450.0,0.0467386394739151
train/l1,11500.0,0.04548688977956772
train/l1,11550.0,0.0514225997030735
train/l1,11600.0,0.05058503895998001
train/l1,11650.0,0.046357426792383194
train/l1,11700.0,0.04602784290909767
train/l1,11750.0,0.04828641191124916
train/l1,11800.0,0.048802439123392105
train/l1,11850.0,0.043869681656360626
train/l1,11900.0,0.04552524536848068
train/l1,11950.0,0.04586814343929291
train/l1,12000.0,0.04642783850431442
train/l1,12050.0,0.04561049863696098
train/l1,12100.0,0.04475144296884537
train/l1,12150.0,0.046290867030620575
train/l1,12200.0,0.04814612865447998
train/l1,12250.0,0.04698862135410309
train/l1,12300.0,0.0454048216342926
train/l1,12350.0,0.04790119826793671
train/l1,12400.0,0.046191733330488205
train/l1,12450.0,0.04773325100541115
train/l1,12500.0,0.047940973192453384
train/l1,12550.0,0.049119409173727036
train/l1,12600.0,0.046756137162446976
train/l1,12650.0,0.04819445312023163
train/l1,12700.0,0.04257675260305405
train/l1,12750.0,0.0482855848968029
train/l1,12800.0,0.04845568537712097
train/l1,12850.0,0.04661935567855835
train/l1,12900.0,0.04445629194378853
train/l1,12950.0,0.045706454664468765
train/l1,13000.0,0.04275905340909958
train/l1,13050.0,0.05196145176887512
train/l1,13100.0,0.04896010458469391
train/l1,13150.0,0.04575471580028534
train/l1,13200.0,0.05529268831014633
train/l1,13250.0,0.049280885607004166
train/l1,13300.0,0.04897954314947128
train/l1,13350.0,0.048231080174446106
train/l1,13400.0,0.050870414823293686
train/l1,13450.0,0.04445284977555275
train/l1,13500.0,0.04898803308606148
train/l1,13550.0,0.05145866796374321
train/l1,13600.0,0.05012200027704239
train/l1,13650.0,0.046426210552453995
train/l1,13700.0,0.04345192015171051
train/l1,13750.0,0.048517968505620956
train/l1,13800.0,0.04304738715291023
train/l1,13850.0,0.04845228046178818
train/l1,13900.0,0.04635588079690933
train/l1,13950.0,0.04605550318956375
train/l1,14000.0,0.05032581463456154
train/l1,14050.0,0.04461531341075897
train/l1,14100.0,0.050940513610839844
train/l1,14150.0,0.04777468740940094
train/l1,14200.0,0.049524325877428055
train/l1,14250.0,0.04498698189854622
train/l1,14300.0,0.047928035259246826
train/l1,14350.0,0.03913991525769234
train/l1,14400.0,0.042847890406847
train/l1,14450.0,0.04724251478910446
train/l1,14500.0,0.0502760224044323
train/l1,14550.0,0.04761499911546707
train/l1,14600.0,0.04702553525567055
train/l1,14650.0,0.050412148237228394
train/l1,14700.0,0.044760506600141525
train/l1,14750.0,0.04590120539069176
train/l1,14800.0,0.04982731491327286
train/l1,14850.0,0.04748845100402832
train/l1,14900.0,0.04627906531095505
train/l1,14950.0,0.0537264458835125
train/l1,15000.0,0.04388733208179474
train/l1,15050.0,0.0445040725171566
train/l1,15100.0,0.049442969262599945
train/l1,15150.0,0.045792292803525925
train/l1,15200.0,0.04541025683283806
train/l1,15250.0,0.04327678307890892
train/l1,15300.0,0.04826939105987549
train/l1,15350.0,0.04688909277319908
train/l1,15400.0,0.048915475606918335
train/l1,15450.0,0.04707217589020729
train/l1,15500.0,0.045214246958494186
train/l1,15550.0,0.04822884127497673
train/l1,15600.0,0.05103723332285881
train/l1,15650.0,0.04597941413521767
train/l1,15700.0,0.0439225509762764
train/l1,15750.0,0.04610263556241989
train/l1,15800.0,0.04775252938270569
train/l1,15850.0,0.046849507838487625
train/l1,15900.0,0.04530904442071915
train/l1,15950.0,0.0453726202249527
train/l1,16000.0,0.042584992945194244
train/l1,16050.0,0.05114319175481796
train/l1,16100.0,0.04814758151769638
train/l1,16150.0,0.045260049402713776
train/l1,16200.0,0.042758096009492874
train/l1,16250.0,0.047124363481998444
train/l1,16300.0,0.045916661620140076
train/l1,16350.0,0.04417029395699501
train/l1,16400.0,0.049077872186899185
train/l1,16450.0,0.04429469257593155
train/l1,16500.0,0.046198222786188126
train/l1,16550.0,0.04832502827048302
train/l1,16600.0,0.049623437225818634
train/l1,16650.0,0.05264350399374962
train/l1,16700.0,0.046626560389995575
train/l1,16750.0,0.048096030950546265
train/l1,16800.0,0.04598309099674225
train/l1,16850.0,0.04454321786761284
train/l1,16900.0,0.048255570232868195
train/l1,16950.0,0.04817282408475876
train/l1,17000.0,0.04704595357179642
train/l1,17050.0,0.04832850769162178
train/l1,17100.0,0.04470682144165039
train/l1,17150.0,0.043406326323747635
train/l1,17200.0,0.048713698983192444
train/l1,17250.0,0.052238959819078445
train/l1,17300.0,0.04469723999500275
train/l1,17350.0,0.046796463429927826
train/l1,17400.0,0.04533357173204422
train/l1,17450.0,0.04488784447312355
train/l1,17500.0,0.045402515679597855
train/l1,17550.0,0.04839383810758591
train/l1,17600.0,0.04481058195233345
train/l1,17650.0,0.05160808190703392
train/l1,17700.0,0.04077572003006935
train/l1,17750.0,0.047085005789995193
train/l1,17800.0,0.050099391490221024
train/l1,17850.0,0.042829159647226334
train/l1,17900.0,0.046889908611774445
train/l1,17950.0,0.04624323546886444
train/l1,18000.0,0.048410285264253616
train/l1,18050.0,0.04959886893630028
train/l1,18100.0,0.04671066626906395
train/l1,18150.0,0.04345123842358589
train/l1,18200.0,0.045008182525634766
train/l1,18250.0,0.046179622411727905
train/l1,18300.0,0.042499881237745285
train/l1,18350.0,0.047813452780246735
train/l1,18400.0,0.043040066957473755
train/l1,18450.0,0.04988866671919823
train/l1,18500.0,0.048078980296850204
train/l1,18550.0,0.04604515805840492
train/l1,18600.0,0.048781875520944595
train/l1,18650.0,0.048803918063640594
train/l1,18700.0,0.05323035269975662
train/l1,18750.0,0.046184755861759186
train/l1,18800.0,0.04505158215761185
train/l1,18850.0,0.04692107439041138
train/l1,18900.0,0.05076519772410393
train/l1,18950.0,0.042127761989831924
train/l1,19000.0,0.047428250312805176
train/l1,19050.0,0.04874422401189804
train/l1,19100.0,0.044861990958452225
train/l1,19150.0,0.045219823718070984
train/l1,19200.0,0.05082031339406967
train/l1,19250.0,0.04177900403738022
train/l1,19300.0,0.042747773230075836
train/l1,19350.0,0.04338471591472626
train/l1,19400.0,0.0450562946498394
train/l1,19450.0,0.04521480202674866
train/l1,19500.0,0.04772249609231949
train/l1,19550.0,0.04659409821033478
train/l1,19600.0,0.04522640258073807
train/l1,19650.0,0.04982077702879906
train/l1,19700.0,0.0461236946284771
train/l1,19750.0,0.04720090329647064
train/l1,19800.0,0.048519447445869446
train/l1,19850.0,0.05066433176398277
train/l1,19900.0,0.04389933496713638
train/l1,19950.0,0.04925061762332916
train/l1,20000.0,0.0469650998711586
train/l1,20050.0,0.04894139990210533
train/l1,20100.0,0.04904937371611595
train/l1,20150.0,0.044032566249370575
train/l1,20200.0,0.04359044134616852
train/l1,20250.0,0.04554625600576401
train/l1,20300.0,0.0477081835269928
train/l1,20350.0,0.047220468521118164
train/l1,20400.0,0.04796602576971054
train/l1,20450.0,0.045070305466651917
train/l1,20500.0,0.04786527156829834
train/l1,20550.0,0.0463869571685791
train/l1,20600.0,0.04450145363807678
train/l1,20650.0,0.04860210046172142
train/l1,20700.0,0.04821661859750748
train/l1,20750.0,0.04850002005696297
train/l1,20800.0,0.047745052725076675
train/l1,20850.0,0.049962207674980164
train/l1,20900.0,0.04683755338191986
train/l1,20950.0,0.04670829698443413
train/l1,21000.0,0.04513515532016754
train/l1,21050.0,0.04609042406082153
train/l1,21100.0,0.04119820147752762
train/l1,21150.0,0.04472942650318146
train/l1,21200.0,0.04897194355726242
train/l1,21250.0,0.043386515229940414
train/l1,21300.0,0.047210030257701874
train/l1,21350.0,0.043397530913352966
train/l1,21400.0,0.043014269322156906
train/l1,21450.0,0.0465230792760849
train/l1,21500.0,0.0480642132461071
train/l1,21550.0,0.04148607701063156
train/l1,21600.0,0.044948577880859375
train/l1,21650.0,0.04268600046634674
train/l1,21700.0,0.04072906821966171
train/l1,21750.0,0.04662802442908287
train/l1,21800.0,0.04786106199026108
train/l1,21850.0,0.04357476904988289
train/l1,21900.0,0.04666527733206749
train/l1,21950.0,0.04532649368047714
train/l1,22000.0,0.04227619245648384
train/l1,22050.0,0.04893717169761658
train/l1,22100.0,0.04537925869226456
train/l1,22150.0,0.04376134276390076
train/l1,22200.0,0.04443497210741043
train/l1,22250.0,0.046644456684589386
train/l1,22300.0,0.04513120651245117
train/l1,22350.0,0.048030655831098557
train/l1,22400.0,0.04461701214313507
train/l1,22450.0,0.046665750443935394
train/l1,22500.0,0.04719148203730583
train/l1,22550.0,0.047918904572725296
train/l1,22600.0,0.04990612715482712
train/l1,22650.0,0.04607437178492546
train/l1,22700.0,0.05028931424021721
train/l1,22750.0,0.045874208211898804
train/l1,22800.0,0.0516926534473896
train/l1,22850.0,0.04654432460665703
train/l1,22900.0,0.047987036406993866
train/l1,22950.0,0.04060913249850273
train/l1,23000.0,0.0485239252448082
train/l1,23050.0,0.0414162278175354
train/l1,23100.0,0.048534031957387924
train/l1,23150.0,0.04671003669500351
train/l1,23200.0,0.046388644725084305
train/l1,23250.0,0.046878084540367126
train/l1,23300.0,0.04353043809533119
train/l1,23350.0,0.04888644441962242
train/l1,23400.0,0.045782286673784256
train/l1,23450.0,0.04756646603345871
train/l1,23500.0,0.04243796318769455
train/l1,23550.0,0.04305022209882736
train/l1,23600.0,0.04440484941005707
train/l1,23650.0,0.03992636874318123
train/l1,23700.0,0.04334259405732155
train/l1,23750.0,0.04519527405500412
train/l1,23800.0,0.04930093139410019
train/l1,23850.0,0.04621550440788269
train/l1,23900.0,0.04349865764379501
train/l1,23950.0,0.04667343199253082
train/l1,24000.0,0.044453371316194534
train/l1,24050.0,0.0464327298104763
train/l1,24100.0,0.04679631441831589
train/l1,24150.0,0.041985783725976944
train/l1,24200.0,0.04808127507567406
train/l1,24250.0,0.04468570277094841
train/l1,24300.0,0.04251702129840851
train/l1,24350.0,0.0404139906167984
train/l1,24400.0,0.04504279047250748
train/l1,24450.0,0.045366376638412476
train/l1,24500.0,0.042085353285074234
train/l1,24550.0,0.05204181745648384
train/l1,24600.0,0.048027269542217255
train/l1,24650.0,0.040462903678417206
train/l1,24700.0,0.051518913358449936
train/l1,24750.0,0.047421202063560486
train/l1,24800.0,0.0419914685189724
train/l1,24850.0,0.04517246410250664
train/l1,24900.0,0.04524364694952965
train/l1,24950.0,0.044395796954631805
train/l1,25000.0,0.04356982931494713
train/l1,25050.0,0.04706580191850662
train/l1,25100.0,0.03977653756737709
train/l1,25150.0,0.039999306201934814
train/l1,25200.0,0.04932953417301178
train/l1,25250.0,0.040901415050029755
train/l1,25300.0,0.04271547496318817
train/l1,25350.0,0.04780815541744232
train/l1,25400.0,0.047004152089357376
train/l1,25450.0,0.05214669927954674
train/l1,25500.0,0.05130679905414581
train/l1,25550.0,0.04695305600762367
train/l1,25600.0,0.04789714887738228
train/l1,25650.0,0.043656446039676666
train/l1,25700.0,0.04707060009241104
train/l1,25750.0,0.04049301892518997
train/l1,25800.0,0.04548431187868118
train/l1,25850.0,0.043222684413194656
train/l1,25900.0,0.04877043142914772
train/l1,25950.0,0.04478007182478905
train/l1,26000.0,0.04398365318775177
train/l1,26050.0,0.041949618607759476
train/l1,26100.0,0.045214831829071045
train/l1,26150.0,0.04661884903907776
train/l1,26200.0,0.04245734214782715
train/l1,26250.0,0.044727060943841934
train/l1,26300.0,0.04958257079124451
train/l1,26350.0,0.043687041848897934
train/l1,26400.0,0.04521792009472847
train/l1,26450.0,0.0519629642367363
train/l1,26500.0,0.04451681673526764
train/l1,26550.0,0.04944637417793274
train/l1,26600.0,0.04172474890947342
train/l1,26650.0,0.04357996582984924
train/l1,26700.0,0.04905485361814499
train/l1,26750.0,0.050068311393260956
train/l1,26800.0,0.04723259434103966
train/l1,26850.0,0.048118606209754944
train/l1,26900.0,0.04485084488987923
train/l1,26950.0,0.0451468862593174
train/l1,27000.0,0.03825870156288147
train/l1,27050.0,0.04661281779408455
train/l1,27100.0,0.04098773002624512
train/l1,27150.0,0.04389561712741852
train/l1,27200.0,0.04766452684998512
train/l1,27250.0,0.045492831617593765
train/l1,27300.0,0.04601101577281952
train/l1,27350.0,0.047002412378787994
train/l1,27400.0,0.04424913600087166
train/l1,27450.0,0.04309101402759552
train/l1,27500.0,0.04750947654247284
train/l1,27550.0,0.04337027668952942
train/l1,27600.0,0.04678010568022728
train/l1,27650.0,0.04284478724002838
train/l1,27700.0,0.04170120507478714
train/l1,27750.0,0.04207906499505043
train/l1,27800.0,0.0451379269361496
train/l1,27850.0,0.04526183754205704
train/l1,27900.0,0.04404088109731674
train/l1,27950.0,0.044659752398729324
train/l1,28000.0,0.043095048516988754
train/l1,28050.0,0.04326001554727554
train/l1,28100.0,0.042770855128765106
train/l1,28150.0,0.044719595462083817
train/l1,28200.0,0.04552561417222023
train/l1,28250.0,0.04337161406874657
train/l1,28300.0,0.044611793011426926
train/l1,28350.0,0.040749043226242065
train/l1,28400.0,0.043838806450366974
train/l1,28450.0,0.043108657002449036
train/l1,28500.0,0.04289036616683006
train/l1,28550.0,0.04423677921295166
train/l1,28600.0,0.04475468769669533
train/l1,28650.0,0.04233037680387497
train/l1,28700.0,0.04423420876264572
train/l1,28750.0,0.043330367654561996
train/l1,28800.0,0.046355023980140686
train/l1,28850.0,0.04741712659597397
train/l1,28900.0,0.047554850578308105
train/l1,28950.0,0.044112272560596466
train/l1,29000.0,0.0411752425134182
train/l1,29050.0,0.04637734964489937
train/l1,29100.0,0.04251337796449661
train/l1,29150.0,0.050097763538360596
train/l1,29200.0,0.0433795340359211
train/l1,29250.0,0.04567420110106468
train/l1,29300.0,0.04410359263420105
train/l1,29350.0,0.04613962024450302
train/l1,29400.0,0.04603686183691025
train/l1,29450.0,0.04456034302711487
train/l1,29500.0,0.042653243988752365
train/l1,29550.0,0.04539713263511658
train/l1,29600.0,0.045609891414642334
train/l1,29650.0,0.04252348095178604
train/l1,29700.0,0.045243579894304276
train/l1,29750.0,0.042806632816791534
train/l1,29800.0,0.04429912939667702
train/l1,29850.0,0.045912858098745346
train/l1,29900.0,0.04283367469906807
train/l1,29950.0,0.04371855780482292
train/l1,30000.0,0.04238186776638031
train/l1,30050.0,0.04234334081411362
train/l1,30100.0,0.04701607674360275
train/l1,30150.0,0.04356815665960312
train/l1,30200.0,0.04842585325241089
train/l1,30250.0,0.04432737082242966
train/l1,30300.0,0.04636631906032562
train/l1,30350.0,0.054531071335077286
train/l1,30400.0,0.04427722096443176
train/l1,30450.0,0.047202348709106445
train/l1,30500.0,0.04394509643316269
train/l1,30550.0,0.05021136999130249
train/l1,30600.0,0.04417053237557411
train/l1,30650.0,0.04486655816435814
train/l1,30700.0,0.043951161205768585
train/l1,30750.0,0.04605633765459061
train/l1,30800.0,0.03990050405263901
train/l1,30850.0,0.050567951053380966
train/l1,30900.0,0.04465978592634201
train/l1,30950.0,0.04790730029344559
train/l1,31000.0,0.04373294115066528
train/l1,31050.0,0.042337216436862946
train/l1,31100.0,0.04728192090988159
train/l1,31150.0,0.0459379218518734
train/l1,31200.0,0.04417714849114418
train/l1,31250.0,0.04800693318247795
train/l1,31300.0,0.04212931543588638
train/l1,31350.0,0.05108879506587982
train/l1,31400.0,0.04595678299665451
train/l1,31450.0,0.042226314544677734
train/l1,31500.0,0.045037925243377686
train/l1,31550.0,0.04699958115816116
train/l1,31600.0,0.04415115714073181
train/l1,31650.0,0.0414123497903347
train/l1,31700.0,0.04434147849678993
train/l1,31750.0,0.04448499530553818
train/l1,31800.0,0.04526807367801666
train/l1,31850.0,0.04857565462589264
train/l1,31900.0,0.04779888316988945
train/l1,31950.0,0.04616107791662216
train/l1,32000.0,0.045151226222515106
train/l1,32050.0,0.04607407748699188
train/l1,32100.0,0.050000376999378204
train/l1,32150.0,0.0414847694337368
train/l1,32200.0,0.04212956503033638
train/l1,32250.0,0.040916621685028076
train/l1,32300.0,0.046995021402835846
train/l1,32350.0,0.04686431586742401
train/l1,32400.0,0.04626324772834778
train/l1,32450.0,0.04722375422716141
train/l1,32500.0,0.042531684041023254
train/l1,32550.0,0.04519229754805565
train/l1,32600.0,0.04241050407290459
train/l1,32650.0,0.043529212474823
train/l1,32700.0,0.04345041513442993
train/l1,32750.0,0.050763800740242004
train/l1,32800.0,0.044604163616895676
train/l1,32850.0,0.04770543798804283
train/l1,32900.0,0.04289485141634941
train/l1,32950.0,0.04093518853187561
train/l1,33000.0,0.04267134889960289
train/l1,33050.0,0.04625999927520752
train/l1,33100.0,0.04544549435377121
train/l1,33150.0,0.04271814227104187
train/l1,33200.0,0.046010203659534454
train/l1,33250.0,0.04536672309041023
train/l1,33300.0,0.044758476316928864
train/l1,33350.0,0.04647783190011978
train/l1,33400.0,0.04387994855642319
train/l1,33450.0,0.0462399460375309
train/l1,33500.0,0.0457073412835598
train/l1,33550.0,0.04441649466753006
train/l1,33600.0,0.04501492530107498
train/l1,33650.0,0.04819942265748978
train/l1,33700.0,0.0425414964556694
train/l1,33750.0,0.04228035360574722
train/l1,33800.0,0.04637321084737778
train/l1,33850.0,0.042512230575084686
train/l1,33900.0,0.042975783348083496
train/l1,33950.0,0.03940902277827263
train/l1,34000.0,0.0452413484454155
train/l1,34050.0,0.044158510863780975
train/l1,34100.0,0.04255734756588936
train/l1,34150.0,0.04689434915781021
train/l1,34200.0,0.04373636096715927
train/l1,34250.0,0.041255269199609756
train/l1,34300.0,0.0488048791885376
train/l1,34350.0,0.043416716158390045
train/l1,34400.0,0.045149557292461395
train/l1,34450.0,0.042660392820835114
train/l1,34500.0,0.047382988035678864
train/l1,34550.0,0.04763611778616905
train/l1,34600.0,0.04958980530500412
train/l1,34650.0,0.04484867304563522
train/l1,34700.0,0.0427202470600605
train/l1,34750.0,0.04981190338730812
train/l1,34800.0,0.04613041877746582
train/l1,34850.0,0.04508064687252045
train/l1,34900.0,0.04631595313549042
train/l1,34950.0,0.04170624911785126
train/l1,35000.0,0.04117068275809288
train/l1,35050.0,0.050560787320137024
train/l1,35100.0,0.04321461543440819
train/l1,35150.0,0.04347863420844078
train/l1,35200.0,0.043408431112766266
train/l1,35250.0,0.045110054314136505
train/l1,35300.0,0.042191311717033386
train/l1,35350.0,0.044808611273765564
train/l1,35400.0,0.04204561561346054
train/l1,35450.0,0.03961910307407379
train/l1,35500.0,0.04480767250061035
train/l1,35550.0,0.04531272500753403
train/l1,35600.0,0.04361603409051895
train/l1,35650.0,0.04234273359179497
train/l1,35700.0,0.04154796153306961
train/l1,35750.0,0.044617291539907455
train/l1,35800.0,0.04274676740169525
train/l1,35850.0,0.04853057116270065
train/l1,35900.0,0.04629162326455116
train/l1,35950.0,0.04554729908704758
train/l1,36000.0,0.043955616652965546
train/l1,36050.0,0.04385826736688614
train/l1,36100.0,0.04385273531079292
train/l1,36150.0,0.040384441614151
train/l1,36200.0,0.0399051234126091
train/l1,36250.0,0.04605977609753609
train/l1,36300.0,0.04814101755619049
train/l1,36350.0,0.04961952194571495
train/l1,36400.0,0.047774314880371094
train/l1,36450.0,0.04249270260334015
train/l1,36500.0,0.042306553572416306
train/l1,36550.0,0.04825136810541153
train/l1,36600.0,0.04096328839659691
train/l1,36650.0,0.04485965520143509
train/l1,36700.0,0.04678363725543022
train/l1,36750.0,0.043927598744630814
train/l1,36800.0,0.04604668915271759
train/l1,36850.0,0.040063537657260895
train/l1,36900.0,0.04349556565284729
train/l1,36950.0,0.05022483319044113
train/l1,37000.0,0.04100333899259567
train/l1,37050.0,0.04169299453496933
train/l1,37100.0,0.04720940440893173
train/l1,37150.0,0.04504391551017761
train/l1,37200.0,0.04784205183386803
train/l1,37250.0,0.04518955945968628
train/l1,37300.0,0.04451173171401024
train/l1,37350.0,0.04161487892270088
train/l1,37400.0,0.0411943718791008
train/l1,37450.0,0.04355304688215256
train/l1,37500.0,0.04074590280652046
train/l1,37550.0,0.041477471590042114
train/l1,37600.0,0.04543737322092056
train/l1,37650.0,0.042543746531009674
train/l1,37700.0,0.038358189165592194
train/l1,37750.0,0.04323560744524002
train/l1,37800.0,0.04391101375222206
train/l1,37850.0,0.045348115265369415
train/l1,37900.0,0.044592514634132385
train/l1,37950.0,0.04534786567091942
train/l1,38000.0,0.042098768055438995
train/l1,38050.0,0.042769186198711395
train/l1,38100.0,0.043389856815338135
train/l1,38150.0,0.04349318519234657
train/l1,38200.0,0.04028722271323204
train/l1,38250.0,0.0468008778989315
train/l1,38300.0,0.04122239723801613
train/l1,38350.0,0.04790032282471657
train/l1,38400.0,0.041797492653131485
train/l1,38450.0,0.044339507818222046
train/l1,38500.0,0.04281492531299591
train/l1,38550.0,0.04874971881508827
train/l1,38600.0,0.0471356026828289
train/l1,38650.0,0.045407362282276154
train/l1,38700.0,0.0454275906085968
train/l1,38750.0,0.041347846388816833
train/l1,38800.0,0.04549344629049301
train/l1,38850.0,0.042489856481552124
train/l1,38900.0,0.042403075844049454
train/l1,38950.0,0.041056178510189056
train/l1,39000.0,0.04887670651078224
train/l1,39050.0,0.0421953946352005
train/l1,39100.0,0.0442676842212677
train/l1,39150.0,0.04295755922794342
train/l1,39200.0,0.04398084059357643
train/l1,39250.0,0.040843673050403595
train/l1,39300.0,0.04807296022772789
train/l1,39350.0,0.046131689101457596
train/l1,39400.0,0.043427642434835434
train/l1,39450.0,0.04723517596721649
train/l1,39500.0,0.045219309628009796
train/l1,39550.0,0.042072370648384094
train/l1,39600.0,0.042526815086603165
train/l1,39650.0,0.04338458180427551
train/l1,39700.0,0.03960573673248291
train/l1,39750.0,0.04987087845802307
train/l1,39800.0,0.04267415404319763
train/l1,39850.0,0.03948347270488739
train/l1,39900.0,0.045329924672842026
train/l1,39950.0,0.045091934502124786
train/l1,40000.0,0.04550328478217125
train/l1,40050.0,0.03851122781634331
train/l1,40100.0,0.039860986173152924
train/l1,40150.0,0.0444699227809906
train/l1,40200.0,0.04169052839279175
train/l1,40250.0,0.04763262718915939
train/l1,40300.0,0.04428277909755707
train/l1,40350.0,0.04418957605957985
train/l1,40400.0,0.04056829586625099
train/l1,40450.0,0.046179525554180145
train/l1,40500.0,0.04587002843618393
train/l1,40550.0,0.04313276708126068
train/l1,40600.0,0.04326537251472473
train/l1,40650.0,0.05156158655881882
train/l1,40700.0,0.04670729115605354
train/l1,40750.0,0.04374257102608681
train/l1,40800.0,0.049023766070604324
train/l1,40850.0,0.044586654752492905
train/l1,40900.0,0.04055801033973694
train/l1,40950.0,0.04237813502550125
train/l1,41000.0,0.04088776558637619
train/l1,41050.0,0.04354879632592201
train/l1,41100.0,0.04411818087100983
train/l1,41150.0,0.03917586803436279
train/l1,41200.0,0.041732579469680786
train/l1,41250.0,0.04156121239066124
train/l1,41300.0,0.041565246880054474
train/l1,41350.0,0.041524410247802734
train/l1,41400.0,0.045565973967313766
train/l1,41450.0,0.04335129261016846
train/l1,41500.0,0.045861102640628815
train/l1,41550.0,0.04483843594789505
train/l1,41600.0,0.04614552855491638
train/l1,41650.0,0.04332086071372032
train/l1,41700.0,0.04269282519817352
train/l1,41750.0,0.04353601485490799
train/l1,41800.0,0.048350658267736435
train/l1,41850.0,0.04091799631714821
train/l1,41900.0,0.04133734479546547
train/l1,41950.0,0.04731453210115433
train/l1,42000.0,0.04395824670791626
train/l1,42050.0,0.044601842761039734
train/l1,42100.0,0.04580071195960045
train/l1,42150.0,0.04523252695798874
train/l1,42200.0,0.04462367296218872
train/l1,42250.0,0.044657282531261444
train/l1,42300.0,0.043639495968818665
train/l1,42350.0,0.04728599637746811
train/l1,42400.0,0.04267502203583717
train/l1,42450.0,0.04247346147894859
train/l1,42500.0,0.04295578598976135
train/l1,42550.0,0.04057363048195839
train/l1,42600.0,0.046126075088977814
train/l1,42650.0,0.04093961790204048
train/l1,42700.0,0.045478641986846924
train/l1,42750.0,0.03976255655288696
train/l1,42800.0,0.04012409225106239
train/l1,42850.0,0.038855426013469696
train/l1,42900.0,0.044008251279592514
train/l1,42950.0,0.043313167989254
train/l1,43000.0,0.04325420781970024
train/l1,43050.0,0.04530905932188034
train/l1,43100.0,0.041787441819906235
train/l1,43150.0,0.04094807058572769
train/l1,43200.0,0.04740660637617111
train/l1,43250.0,0.04535365104675293
train/l1,43300.0,0.04655320197343826
train/l1,43350.0,0.03984951972961426
train/l1,43400.0,0.04586372151970863
train/l1,43450.0,0.047269389033317566
train/l1,43500.0,0.048565082252025604
train/l1,43550.0,0.044393256306648254
train/l1,43600.0,0.044839199632406235
train/l1,43650.0,0.04712305963039398
train/l1,43700.0,0.04369375854730606
train/l1,43750.0,0.04517120495438576
train/l1,43800.0,0.04261763021349907
train/l1,43850.0,0.0410858690738678
train/l1,43900.0,0.05017784237861633
train/l1,43950.0,0.05057023465633392
train/l1,44000.0,0.04463714733719826
train/l1,44050.0,0.042840488255023956
train/l1,44100.0,0.04430770128965378
train/l1,44150.0,0.046144213527441025
train/l1,44200.0,0.04443961754441261
train/l1,44250.0,0.04176793619990349
train/l1,44300.0,0.04335320368409157
train/l1,44350.0,0.04173523187637329
train/l1,44400.0,0.04480075091123581
train/l1,44450.0,0.0433923713862896
train/l1,44500.0,0.04248075932264328
train/l1,44550.0,0.04661962389945984
train/l1,44600.0,0.04722534120082855
train/l1,44650.0,0.04659779369831085
train/l1,44700.0,0.04402510076761246
train/l1,44750.0,0.045557908713817596
train/l1,44800.0,0.04583485424518585
train/l1,44850.0,0.04313737899065018
train/l1,44900.0,0.0492253452539444
train/l1,44950.0,0.04172799363732338
train/l1,45000.0,0.04500550404191017
train/l1,45050.0,0.044569652527570724
train/l1,45100.0,0.046305008232593536
train/l1,45150.0,0.042024094611406326
train/l1,45200.0,0.047880448400974274
train/l1,45250.0,0.044408898800611496
train/l1,45300.0,0.036242201924324036
train/l1,45350.0,0.04525911808013916
train/l1,45400.0,0.04060177505016327
train/l1,45450.0,0.046573519706726074
train/l1,45500.0,0.045681945979595184
train/l1,45550.0,0.04143602401018143
train/l1,45600.0,0.043055787682533264
train/l1,45650.0,0.047613441944122314
train/l1,45700.0,0.04346863552927971
train/l1,45750.0,0.038396723568439484
train/l1,45800.0,0.040426161140203476
train/l1,45850.0,0.0461411252617836
train/l1,45900.0,0.0437016487121582
train/l1,45950.0,0.04141968488693237
train/l1,46000.0,0.05002386122941971
train/l1,46050.0,0.041469112038612366
train/l1,46100.0,0.04733644425868988
train/l1,46150.0,0.04033748060464859
train/l1,46200.0,0.045836545526981354
train/l1,46250.0,0.04713517054915428
train/l1,46300.0,0.03909413143992424
train/l1,46350.0,0.04830154776573181
train/l1,46400.0,0.04804002493619919
train/l1,46450.0,0.039819180965423584
train/l1,46500.0,0.043543536216020584
train/l1,46550.0,0.044183399528265
train/l1,46600.0,0.04419860988855362
train/l1,46650.0,0.04584082216024399
train/l1,46700.0,0.04293174296617508
train/l1,46750.0,0.041314274072647095
train/l1,46800.0,0.04140734300017357
train/l1,46850.0,0.04486558586359024
train/l1,46900.0,0.050830405205488205
train/l1,46950.0,0.042556218802928925
train/l1,47000.0,0.04712492600083351
train/l1,47050.0,0.0427565723657608
train/l1,47100.0,0.04669773578643799
train/l1,47150.0,0.04175092279911041
train/l1,47200.0,0.03868916258215904
train/l1,47250.0,0.049766503274440765
train/l1,47300.0,0.04546066373586655
train/l1,47350.0,0.04112979769706726
train/l1,47400.0,0.04343028366565704
train/l1,47450.0,0.04580523818731308
train/l1,47500.0,0.04498381167650223
train/l1,47550.0,0.04484501853585243
train/l1,47600.0,0.04998740553855896
train/l1,47650.0,0.04313333332538605
train/l1,47700.0,0.04442249611020088
train/l1,47750.0,0.04933421313762665
train/l1,47800.0,0.041715726256370544
train/l1,47850.0,0.042672716081142426
train/l1,47900.0,0.03983685374259949
train/l1,47950.0,0.04144613444805145
train/l1,48000.0,0.043973494321107864
train/l1,48050.0,0.0369817279279232
train/l1,48100.0,0.040086254477500916
train/l1,48150.0,0.04571128264069557
train/l1,48200.0,0.04202422872185707
train/l1,48250.0,0.045463379472494125
train/l1,48300.0,0.04164406657218933
train/l1,48350.0,0.04254325479269028
train/l1,48400.0,0.04343997687101364
train/l1,48450.0,0.04365195706486702
train/l1,48500.0,0.04745502769947052
train/l1,48550.0,0.04524409770965576
train/l1,48600.0,0.04312383010983467
train/l1,48650.0,0.03836140036582947
train/l1,48700.0,0.03944631293416023
train/l1,48750.0,0.04488895460963249
train/l1,48800.0,0.045499786734580994
train/l1,48850.0,0.04404866695404053
train/l1,48900.0,0.04999348521232605
train/l1,48950.0,0.04545418545603752
train/l1,49000.0,0.04732880741357803
train/l1,49050.0,0.047468848526477814
train/l1,49100.0,0.044741351157426834
train/l1,49150.0,0.04092927649617195
train/l1,49200.0,0.04088275879621506
train/l1,49250.0,0.04075043275952339
train/l1,49300.0,0.04689595103263855
train/l1,49350.0,0.045174892991781235
train/l1,49400.0,0.04574715346097946
train/l1,49450.0,0.04387117177248001
train/l1,49500.0,0.044005896896123886
train/l1,49550.0,0.041771113872528076
train/l1,49600.0,0.041216835379600525
train/l1,49650.0,0.044008709490299225
train/l1,49700.0,0.04024067521095276
train/l1,49750.0,0.048674263060092926
train/l1,49800.0,0.04671669006347656
train/l1,49850.0,0.04186476022005081
train/l1,49900.0,0.039604250341653824
train/l1,49950.0,0.046228159219026566
train/l1,50000.0,0.04158562049269676
train/l1,50050.0,0.04195166751742363
train/l1,50100.0,0.04031434655189514
train/l1,50150.0,0.04044889286160469
train/l1,50200.0,0.045472852885723114
train/l1,50250.0,0.04448486492037773
train/l1,50300.0,0.0442626029253006
train/l1,50350.0,0.042205605655908585
train/l1,50400.0,0.050772253423929214
train/l1,50450.0,0.04168729484081268
train/l1,50500.0,0.04220360890030861
train/l1,50550.0,0.0460551418364048
train/l1,50600.0,0.04188860207796097
train/l1,50650.0,0.04582589119672775
train/l1,50700.0,0.044277045875787735
train/l1,50750.0,0.044972941279411316
train/l1,50800.0,0.04415434971451759
train/l1,50850.0,0.04593539983034134
train/l1,50900.0,0.03947902098298073
train/l1,50950.0,0.0454259030520916
train/l1,51000.0,0.0406385213136673
train/l1,51050.0,0.04257986694574356
train/l1,51100.0,0.040982261300086975
train/l1,51150.0,0.04354654252529144
train/l1,51200.0,0.04344772920012474
train/l1,51250.0,0.04611293226480484
train/l1,51300.0,0.04586581140756607
train/l1,51350.0,0.04771385341882706
train/l1,51400.0,0.04450403153896332
train/l1,51450.0,0.04357951134443283
train/l1,51500.0,0.044265538454055786
train/l1,51550.0,0.04593262821435928
train/l1,51600.0,0.045257605612277985
train/l1,51650.0,0.043649449944496155
train/l1,51700.0,0.03812212869524956
train/l1,51750.0,0.047281697392463684
train/l1,51800.0,0.04176328703761101
train/l1,51850.0,0.04193434864282608
train/l1,51900.0,0.04597930610179901
train/l1,51950.0,0.0376412533223629
train/l1,52000.0,0.041190482676029205
train/l1,52050.0,0.04009844735264778
train/l1,52100.0,0.04542730748653412
train/l1,52150.0,0.04117067903280258
train/l1,52200.0,0.04094621166586876
train/l1,52250.0,0.04612528532743454
train/l1,52300.0,0.04425462707877159
train/l1,52350.0,0.04606333374977112
train/l1,52400.0,0.04418144375085831
train/l1,52450.0,0.04362093657255173
train/l1,52500.0,0.04589366912841797
train/l1,52550.0,0.03868158906698227
train/l1,52600.0,0.04305411875247955
train/l1,52650.0,0.04232977703213692
train/l1,52700.0,0.04853026196360588
train/l1,52750.0,0.04106764867901802
train/l1,52800.0,0.04509841278195381
train/l1,52850.0,0.042184699326753616
train/l1,52900.0,0.04022888094186783
train/l1,52950.0,0.03940911218523979
train/l1,53000.0,0.0420478880405426
train/l1,53050.0,0.044352367520332336
train/l1,53100.0,0.04590047523379326
train/l1,53150.0,0.046201229095458984
train/l1,53200.0,0.045607373118400574
train/l1,53250.0,0.04835548624396324
train/l1,53300.0,0.04075223207473755
train/l1,53350.0,0.04019784927368164
train/l1,53400.0,0.04661737382411957
train/l1,53450.0,0.03866855800151825
train/l1,53500.0,0.04371385648846626
train/l1,53550.0,0.04400534927845001
train/l1,53600.0,0.044003624469041824
train/l1,53650.0,0.043544404208660126
train/l1,53700.0,0.04470284655690193
train/l1,53750.0,0.040751807391643524
train/l1,53800.0,0.04306851327419281
train/l1,53850.0,0.04408342391252518
train/l1,53900.0,0.05267751216888428
train/l1,53950.0,0.04662857949733734
train/l1,54000.0,0.04244054853916168
train/l1,54050.0,0.04663240164518356
train/l1,54100.0,0.04296724498271942
train/l1,54150.0,0.04785064235329628
train/l1,54200.0,0.04138494282960892
train/l1,54250.0,0.04675453528761864
train/l1,54300.0,0.045031607151031494
train/l1,54350.0,0.04332667216658592
train/l1,54400.0,0.042389530688524246
train/l1,54450.0,0.044252753257751465
train/l1,54500.0,0.041134510189294815
train/l1,54550.0,0.04435007646679878
train/l1,54600.0,0.04047778993844986
train/l1,54650.0,0.044494420289993286
train/l1,54700.0,0.04535222798585892
train/l1,54750.0,0.04865118861198425
train/l1,54800.0,0.045864399522542953
train/l1,54850.0,0.04363551363348961
train/l1,54900.0,0.044911596924066544
train/l1,54950.0,0.040696725249290466
train/l1,55000.0,0.04475253075361252
train/l1,55050.0,0.04800938814878464
train/l1,55100.0,0.04922842979431152
train/l1,55150.0,0.045840658247470856
train/l1,55200.0,0.04282481223344803
train/l1,55250.0,0.041277285665273666
train/l1,55300.0,0.043462783098220825
train/l1,55350.0,0.03892305865883827
train/l1,55400.0,0.04408348351716995
train/l1,55450.0,0.042176101356744766
train/l1,55500.0,0.0428965799510479
train/l1,55550.0,0.04694634675979614
train/l1,55600.0,0.04473450779914856
train/l1,55650.0,0.04837537556886673
train/l1,55700.0,0.0429086834192276
train/l1,55750.0,0.04342200979590416
train/l1,55800.0,0.046668775379657745
train/l1,55850.0,0.04367830976843834
train/l1,55900.0,0.0444842167198658
train/l1,55950.0,0.041432276368141174
train/l1,56000.0,0.04230456054210663
train/l1,56050.0,0.04643803462386131
train/l1,56100.0,0.04361158236861229
train/l1,56150.0,0.04480254650115967
train/l1,56200.0,0.04305145889520645
train/l1,56250.0,0.043970152735710144
train/l1,56300.0,0.04768726974725723
train/l1,56350.0,0.04250010848045349
train/l1,56400.0,0.04201133921742439
train/l1,56450.0,0.04358294978737831
train/l1,56500.0,0.04394309222698212
train/l1,56550.0,0.044888805598020554
train/l1,56600.0,0.04639149457216263
train/l1,56650.0,0.04374822974205017
train/l1,56700.0,0.04168836027383804
train/l1,56750.0,0.04360296577215195
train/l1,56800.0,0.03974110633134842
train/l1,56850.0,0.04084637761116028
train/l1,56900.0,0.04672478511929512
train/l1,56950.0,0.039573997259140015
train/l1,57000.0,0.05019860342144966
train/l1,57050.0,0.0420890673995018
train/l1,57100.0,0.04326147213578224
train/l1,57150.0,0.0391022153198719
train/l1,57200.0,0.044255778193473816
train/l1,57250.0,0.04407990351319313
train/l1,57300.0,0.04376065358519554
train/l1,57350.0,0.043999940156936646
train/l1,57400.0,0.047495901584625244
train/l1,57450.0,0.0471353717148304
train/l1,57500.0,0.04393984377384186
train/l1,57550.0,0.04351949691772461
train/l1,57600.0,0.0465540774166584
train/l1,57650.0,0.043617282062768936
train/l1,57700.0,0.04619439318776131
train/l1,57750.0,0.0416465662419796
train/l1,57800.0,0.04368659108877182
train/l1,57850.0,0.0391741618514061
train/l1,57900.0,0.04561246931552887
train/l1,57950.0,0.04056159779429436
train/l1,58000.0,0.04174577072262764
train/l1,58050.0,0.04509212076663971
train/l1,58100.0,0.042749013751745224
train/l1,58150.0,0.0453779399394989
train/l1,58200.0,0.047133151441812515
train/l1,58250.0,0.050450876355171204
train/l1,58300.0,0.04221038892865181
train/l1,58350.0,0.04501935839653015
train/l1,58400.0,0.04888052120804787
train/l1,58450.0,0.04142257198691368
train/l1,58500.0,0.04265010356903076
train/l1,58550.0,0.04526137560606003
train/l1,58600.0,0.04335172846913338
train/l1,58650.0,0.04140184074640274
train/l1,58700.0,0.04161114618182182
train/l1,58750.0,0.044967278838157654
train/l1,58800.0,0.040701501071453094
train/l1,58850.0,0.045745301991701126
train/l1,58900.0,0.03782171383500099
train/l1,58950.0,0.04132384806871414
train/l1,59000.0,0.0423692986369133
train/l1,59050.0,0.04253954812884331
train/l1,59100.0,0.04126189649105072
train/l1,59150.0,0.040100812911987305
train/l1,59200.0,0.046041958034038544
train/l1,59250.0,0.04526115953922272
train/l1,59300.0,0.04697899892926216
train/l1,59350.0,0.045542944222688675
train/l1,59400.0,0.042489562183618546
train/l1,59450.0,0.04565735161304474
train/l1,59500.0,0.04538779705762863
train/l1,59550.0,0.04080033302307129
train/l1,59600.0,0.04280400276184082
train/l1,59650.0,0.03892049938440323
train/l1,59700.0,0.04263744130730629
train/l1,59750.0,0.04157836735248566
train/l1,59800.0,0.04176164045929909
train/l1,59850.0,0.041009269654750824
train/l1,59900.0,0.0428568571805954
train/l1,59950.0,0.041770078241825104
train/l1,60000.0,0.042574308812618256
train/l1,60050.0,0.045158542692661285
train/l1,60100.0,0.04117720201611519
train/l1,60150.0,0.046231698244810104
train/l1,60200.0,0.046048711985349655
train/l1,60250.0,0.04081819951534271
train/l1,60300.0,0.03934032842516899
train/l1,60350.0,0.04200393706560135
train/l1,60400.0,0.04325268790125847
train/l1,60450.0,0.04905732348561287
train/l1,60500.0,0.038267578929662704
train/l1,60550.0,0.04093986004590988
train/l1,60600.0,0.05091454088687897
train/l1,60650.0,0.044815387576818466
train/l1,60700.0,0.04372907429933548
train/l1,60750.0,0.047471195459365845
train/l1,60800.0,0.044776830822229385
train/l1,60850.0,0.04698788747191429
train/l1,60900.0,0.04614202305674553
train/l1,60950.0,0.04329613223671913
train/l1,61000.0,0.04208696261048317
train/l1,61050.0,0.044279128313064575
train/l1,61100.0,0.051100436598062515
train/l1,61150.0,0.04394640401005745
train/l1,61200.0,0.04647045582532883
train/l1,61250.0,0.039967555552721024
train/l1,61300.0,0.04765263944864273
train/l1,61350.0,0.0434214323759079
train/l1,61400.0,0.04445992037653923
train/l1,61450.0,0.04723925516009331
train/l1,61500.0,0.045345745980739594
train/l1,61550.0,0.04568765312433243
train/l1,61600.0,0.04874512180685997
train/l1,61650.0,0.044955551624298096
train/l1,61700.0,0.04660951718688011
train/l1,61750.0,0.042868055403232574
train/l1,61800.0,0.047008976340293884
train/l1,61850.0,0.042949020862579346
train/l1,61900.0,0.04804542660713196
train/l1,61950.0,0.048299819231033325
train/l1,62000.0,0.04571441188454628
train/l1,62050.0,0.04724305123090744
train/l1,62100.0,0.047497764229774475
train/l1,62150.0,0.0428207665681839
train/l1,62200.0,0.043674834072589874
train/l1,62250.0,0.04773480072617531
train/l1,62300.0,0.04493645206093788
train/l1,62350.0,0.05028792470693588
train/l1,62400.0,0.04210183396935463
train/l1,62450.0,0.045388851314783096
train/l1,62500.0,0.04647710919380188
train/l1,62550.0,0.048090897500514984
train/l1,62600.0,0.04517953097820282
train/l1,62650.0,0.044234588742256165
train/l1,62700.0,0.04399450495839119
train/l1,62750.0,0.04948653280735016
train/l1,62800.0,0.04019280523061752
train/l1,62850.0,0.046141766011714935
train/l1,62900.0,0.04452504217624664
train/l1,62950.0,0.048897579312324524
train/l1,63000.0,0.04678710922598839
train/l1,63050.0,0.04373661056160927
train/l1,63100.0,0.04586814343929291
train/l1,63150.0,0.041082486510276794
train/l1,63200.0,0.04300777241587639
train/l1,63250.0,0.038623977452516556
train/l1,63300.0,0.0451367124915123
train/l1,63350.0,0.043047111481428146
train/l1,63400.0,0.045203257352113724
train/l1,63450.0,0.04508168622851372
train/l1,63500.0,0.043823279440402985
train/l1,63550.0,0.04725859686732292
train/l1,63600.0,0.04648623988032341
train/l1,63650.0,0.04321954399347305
train/l1,63700.0,0.04174356907606125
train/l1,63750.0,0.04558258131146431
train/l1,63800.0,0.043372731655836105
train/l1,63850.0,0.0452958382666111
train/l1,63900.0,0.04702211916446686
train/l1,63950.0,0.044169627130031586
train/l1,64000.0,0.043152179569005966
train/l1,64050.0,0.0458201989531517
train/l1,64100.0,0.045266490429639816
train/l1,64150.0,0.042182084172964096
train/l1,64200.0,0.04064934328198433
train/l1,64250.0,0.045093096792697906
train/l1,64300.0,0.04608263075351715
train/l1,64350.0,0.044565778225660324
train/l1,64400.0,0.045839063823223114
train/l1,64450.0,0.04644712060689926
train/l1,64500.0,0.04711998626589775
train/l1,64550.0,0.04166296124458313
train/l1,64600.0,0.04386318475008011
train/l1,64650.0,0.041635267436504364
train/l1,64700.0,0.04015110433101654
train/l1,64750.0,0.043400149792432785
train/l1,64800.0,0.04361432418227196
train/l1,64850.0,0.044400982558727264
train/l1,64900.0,0.04672227054834366
train/l1,64950.0,0.04563039913773537
train/l1,65000.0,0.04591209813952446
train/l1,65050.0,0.04294837266206741
train/l1,65100.0,0.0478985570371151
train/l1,65150.0,0.04715181887149811
train/l1,65200.0,0.04672680050134659
train/l1,65250.0,0.04338756203651428
train/l1,65300.0,0.04374966770410538
train/l1,65350.0,0.04205683618783951
train/l1,65400.0,0.04683457687497139
train/l1,65450.0,0.04866528511047363
train/l1,65500.0,0.04017365351319313
train/l1,65550.0,0.04862372949719429
train/l1,65600.0,0.04536417871713638
train/l1,65650.0,0.044922322034835815
train/l1,65700.0,0.04839956387877464
train/l1,65750.0,0.04167475178837776
train/l1,65800.0,0.04654984921216965
train/l1,65850.0,0.0454414039850235
train/l1,65900.0,0.04769758880138397
train/l1,65950.0,0.04720278084278107
train/l1,66000.0,0.04233108460903168
train/l1,66050.0,0.040108200162649155
train/l1,66100.0,0.04868803173303604
train/l1,66150.0,0.04345228150486946
train/l1,66200.0,0.040233779698610306
train/l1,66250.0,0.0455874502658844
train/l1,66300.0,0.04508057236671448
train/l1,66350.0,0.041896283626556396
train/l1,66400.0,0.04681617021560669
train/l1,66450.0,0.049604881554841995
train/l1,66500.0,0.04562125727534294
train/l1,66550.0,0.04649357125163078
train/l1,66600.0,0.0429072380065918
train/l1,66650.0,0.044501710683107376
train/l1,66700.0,0.045499641448259354
train/l1,66750.0,0.04634518176317215
train/l1,66800.0,0.05026104673743248
train/l1,66850.0,0.04150119051337242
train/l1,66900.0,0.04514577239751816
train/l1,66950.0,0.04320140182971954
train/l1,67000.0,0.04324006661772728
train/l1,67050.0,0.04483470693230629
train/l1,67100.0,0.04143954813480377
train/l1,67150.0,0.04649665579199791
train/l1,67200.0,0.044145263731479645
train/l1,67250.0,0.04742671921849251
train/l1,67300.0,0.04782234877347946
train/l1,67350.0,0.042572423815727234
train/l1,67400.0,0.0422702357172966
train/l1,67450.0,0.04131483659148216
train/l1,67500.0,0.044403672218322754
train/l1,67550.0,0.04647776484489441
train/l1,67600.0,0.04602149873971939
train/l1,67650.0,0.04578615352511406
train/l1,67700.0,0.041458260267972946
train/l1,67750.0,0.045101456344127655
train/l1,67800.0,0.04270140081644058
train/l1,67850.0,0.04499024897813797
train/l1,67900.0,0.044646214693784714
train/l1,67950.0,0.04418438673019409
train/l1,68000.0,0.04358340799808502
train/l1,68050.0,0.04464823007583618
train/l1,68100.0,0.04425116255879402
train/l1,68150.0,0.04400097578763962
train/l1,68200.0,0.04438253492116928
train/l1,68250.0,0.04380052536725998
train/l1,68300.0,0.04495086893439293
train/l1,68350.0,0.04431646317243576
train/l1,68400.0,0.04487620294094086
train/l1,68450.0,0.04460399970412254
train/l1,68500.0,0.04472766071557999
train/l1,68550.0,0.046340420842170715
train/l1,68600.0,0.039036933332681656
train/l1,68650.0,0.04335618391633034
train/l1,68700.0,0.043728962540626526
train/l1,68750.0,0.04215680807828903
train/l1,68800.0,0.04379187151789665
train/l1,68850.0,0.04091448336839676
train/l1,68900.0,0.04292341321706772
train/l1,68950.0,0.04365730285644531
train/l1,69000.0,0.041782982647418976
train/l1,69050.0,0.04556790739297867
train/l1,69100.0,0.04658713564276695
train/l1,69150.0,0.04225613921880722
train/l1,69200.0,0.04501033201813698
train/l1,69250.0,0.039007335901260376
train/l1,69300.0,0.04853511229157448
train/l1,69350.0,0.04711190611124039
train/l1,69400.0,0.0447518415749073
train/l1,69450.0,0.04657849296927452
train/l1,69500.0,0.04703472554683685
train/l1,69550.0,0.048184797167778015
train/l1,69600.0,0.04057234153151512
train/l1,69650.0,0.04682111367583275
train/l1,69700.0,0.04976300895214081
train/l1,69750.0,0.04544064402580261
train/l1,69800.0,0.04310230910778046
train/l1,69850.0,0.048416316509246826
train/l1,69900.0,0.04499009996652603
train/l1,69950.0,0.046826619654893875
train/l1,70000.0,0.04743535816669464
train/l1,70050.0,0.04297241196036339
train/l1,70100.0,0.045631349086761475
train/l1,70150.0,0.04538947716355324
train/l1,70200.0,0.04535827413201332
train/l1,70250.0,0.04293148219585419
train/l1,70300.0,0.04171918332576752
train/l1,70350.0,0.044578440487384796
train/l1,70400.0,0.046962663531303406
train/l1,70450.0,0.04417042434215546
train/l1,70500.0,0.04669030383229256
train/l1,70550.0,0.04648194834589958
train/l1,70600.0,0.03953130170702934
train/l1,70650.0,0.04711397364735603
train/l1,70700.0,0.045908987522125244
train/l1,70750.0,0.04731166362762451
train/l1,70800.0,0.043799180537462234
train/l1,70850.0,0.0439688041806221
train/l1,70900.0,0.04592617228627205
train/l1,70950.0,0.0450785830616951
train/l1,71000.0,0.04639548808336258
train/l1,71050.0,0.04578941687941551
train/l1,71100.0,0.04245500639081001
train/l1,71150.0,0.04885012283921242
train/l1,71200.0,0.04570809751749039
train/l1,71250.0,0.04216707497835159
train/l1,71300.0,0.040554843842983246
train/l1,71350.0,0.045499563217163086
train/l1,71400.0,0.046324100345373154
train/l1,71450.0,0.04427800700068474
train/l1,71500.0,0.0399872362613678
train/l1,71550.0,0.044297121465206146
train/l1,71600.0,0.04755575954914093
train/l1,71650.0,0.04134470224380493
train/l1,71700.0,0.042292263358831406
train/l1,71750.0,0.04527853801846504
train/l1,71800.0,0.04587871581315994
train/l1,71850.0,0.04309599846601486
train/l1,71900.0,0.042139459401369095
train/l1,71950.0,0.04307785630226135
train/l1,72000.0,0.04412686452269554
train/l1,72050.0,0.04409259557723999
train/l1,72100.0,0.043982043862342834
train/l1,72150.0,0.03856314718723297
train/l1,72200.0,0.038790393620729446
train/l1,72250.0,0.04238544777035713
train/l1,72300.0,0.04486153647303581
train/l1,72350.0,0.04445020109415054
train/l1,72400.0,0.04675305634737015
train/l1,72450.0,0.04508361965417862
train/l1,72500.0,0.04522271826863289
train/l1,72550.0,0.04036106914281845
train/l1,72600.0,0.04920375719666481
train/l1,72650.0,0.04615335166454315
train/l1,72700.0,0.04637906700372696
train/l1,72750.0,0.04534251615405083
train/l1,72800.0,0.040184102952480316
train/l1,72850.0,0.04597243666648865
train/l1,72900.0,0.04443782567977905
train/l1,72950.0,0.046064961701631546
train/l1,73000.0,0.043807413429021835
train/l1,73050.0,0.045509252697229385
train/l1,73100.0,0.04659157991409302
train/l1,73150.0,0.04642178863286972
train/l1,73200.0,0.047843366861343384
train/l1,73250.0,0.044122278690338135
train/l1,73300.0,0.04523155093193054
train/l1,73350.0,0.042119819670915604
train/l1,73400.0,0.04665650799870491
train/l1,73450.0,0.039576925337314606
train/l1,73500.0,0.04388047754764557
train/l1,73550.0,0.042762599885463715
train/l1,73600.0,0.04282282292842865
train/l1,73650.0,0.04823786020278931
train/l1,73700.0,0.04224513843655586
train/l1,73750.0,0.0457034669816494
train/l1,73800.0,0.046905625611543655
train/l1,73850.0,0.04564027115702629
train/l1,73900.0,0.043380044400691986
train/l1,73950.0,0.04418725520372391
train/l1,74000.0,0.04562351107597351
train/l1,74050.0,0.044052980840206146
train/l1,74100.0,0.043490368872880936
train/l1,74150.0,0.04080380126833916
train/l1,74200.0,0.041444070637226105
train/l1,74250.0,0.04561739042401314
train/l1,74300.0,0.041423678398132324
train/l1,74350.0,0.049530260264873505
train/l1,74400.0,0.04081956669688225
train/l1,74450.0,0.04271216318011284
train/l1,74500.0,0.046206582337617874
train/l1,74550.0,0.04531519487500191
train/l1,74600.0,0.04489714652299881
train/l1,74650.0,0.04300485551357269
train/l1,74700.0,0.04243344068527222
train/l1,74750.0,0.040844812989234924
train/l1,74800.0,0.04832928627729416
train/l1,74850.0,0.04487299174070358
train/l1,74900.0,0.042380936443805695
train/l1,74950.0,0.04504478722810745
train/l1,75000.0,0.04627729579806328
train/l1,75050.0,0.045468758791685104
train/l1,75100.0,0.03789792209863663
train/l1,75150.0,0.04733418673276901
train/l1,75200.0,0.042452968657016754
train/l1,75250.0,0.045765768736600876
train/l1,75300.0,0.04582279920578003
train/l1,75350.0,0.04505911469459534
train/l1,75400.0,0.04267427697777748
train/l1,75450.0,0.05047926306724548
train/l1,75500.0,0.038369521498680115
train/l1,75550.0,0.04431432485580444
train/l1,75600.0,0.050919532775878906
train/l1,75650.0,0.048251159489154816
train/l1,75700.0,0.041438788175582886
train/l1,75750.0,0.0455266572535038
train/l1,75800.0,0.046989936381578445
train/l1,75850.0,0.04471321403980255
train/l1,75900.0,0.04428715258836746
train/l1,75950.0,0.04467320814728737
train/l1,76000.0,0.04574095085263252
train/l1,76050.0,0.042407888919115067
train/l1,76100.0,0.04355219006538391
train/l1,76150.0,0.042697347700595856
train/l1,76200.0,0.04332462698221207
train/l1,76250.0,0.04813898354768753
train/l1,76300.0,0.046277616173028946
train/l1,76350.0,0.04510189965367317
train/l1,76400.0,0.04052765294909477
train/l1,76450.0,0.04686448350548744
train/l1,76500.0,0.047815583646297455
train/l1,76550.0,0.045128580182790756
train/l1,76600.0,0.04195664823055267
train/l1,76650.0,0.04597046971321106
train/l1,76700.0,0.04162433743476868
train/l1,76750.0,0.042189523577690125
train/l1,76800.0,0.044358786195516586
train/l1,76850.0,0.043512944132089615
train/l1,76900.0,0.04016046226024628
train/l1,76950.0,0.04604949802160263
train/l1,77000.0,0.04232895374298096
train/l1,77050.0,0.049497704952955246
train/l1,77100.0,0.03862295299768448
train/l1,77150.0,0.042859286069869995
train/l1,77200.0,0.043145306408405304
train/l1,77250.0,0.041942622512578964
train/l1,77300.0,0.04337717965245247
train/l1,77350.0,0.04551210626959801
train/l1,77400.0,0.04125462472438812
train/l1,77450.0,0.044143177568912506
train/l1,77500.0,0.04085778817534447
train/l1,77550.0,0.0407290980219841
train/l1,77600.0,0.04587560147047043
train/l1,77650.0,0.04123741015791893
train/l1,77700.0,0.044573526829481125
train/l1,77750.0,0.04537880793213844
train/l1,77800.0,0.04650486260652542
train/l1,77850.0,0.043392475694417953
train/l1,77900.0,0.04395819455385208
train/l1,77950.0,0.04889124631881714
train/l1,78000.0,0.04231689125299454
train/l1,78050.0,0.04387909919023514
train/l1,78100.0,0.042042456567287445
train/l1,78150.0,0.048240356147289276
train/l1,78200.0,0.047341279685497284
train/l1,78250.0,0.04545746371150017
train/l1,78300.0,0.04273959621787071
train/l1,78350.0,0.0415898859500885
train/l1,78400.0,0.043030522763729095
train/l1,78450.0,0.04084481671452522
train/l1,78500.0,0.04625866562128067
train/l1,78550.0,0.043061621487140656
train/l1,78600.0,0.04780670255422592
train/l1,78650.0,0.045181892812252045
train/l1,78700.0,0.041675202548503876
train/l1,78750.0,0.04377543926239014
train/l1,78800.0,0.04104745388031006
train/l1,78850.0,0.04728236421942711
train/l1,78900.0,0.04705546796321869
train/l1,78950.0,0.042740900069475174
train/l1,79000.0,0.038506921380758286
train/l1,79050.0,0.04430257901549339
train/l1,79100.0,0.04074687510728836
train/l1,79150.0,0.042973004281520844
train/l1,79200.0,0.04270721226930618
train/l1,79250.0,0.03971489146351814
train/l1,79300.0,0.046450719237327576
train/l1,79350.0,0.047414667904376984
train/l1,79400.0,0.04455132037401199
train/l1,79450.0,0.04695693403482437
train/l1,79500.0,0.04265189915895462
train/l1,79550.0,0.0354292206466198
train/l1,79600.0,0.043376605957746506
train/l1,79650.0,0.047255150973796844
train/l1,79700.0,0.04046260938048363
train/l1,79750.0,0.043751057237386703
train/l1,79800.0,0.04112108051776886
train/l1,79850.0,0.049370937049388885
train/l1,79900.0,0.04615437611937523
train/l1,79950.0,0.041751690208911896
train/l1,80000.0,0.044524773955345154
train/loss,1.0,0.34758269786834717
train/loss,50.0,0.23963725566864014
train/loss,100.0,0.10235530138015747
train/loss,150.0,0.07939950376749039
train/loss,200.0,0.06430444866418839
train/loss,250.0,0.0625467449426651
train/loss,300.0,0.05620191991329193
train/loss,350.0,0.057622913271188736
train/loss,400.0,0.06083276495337486
train/loss,450.0,0.05688641220331192
train/loss,500.0,0.05445970594882965
train/loss,550.0,0.05788389593362808
train/loss,600.0,0.05064868554472923
train/loss,650.0,0.05958200991153717
train/loss,700.0,0.04761260002851486
train/loss,750.0,0.0549989715218544
train/loss,800.0,0.054023291915655136
train/loss,850.0,0.05920279771089554
train/loss,900.0,0.05309354513883591
train/loss,950.0,0.05525202676653862
train/loss,1000.0,0.05858226865530014
train/loss,1050.0,0.05508089065551758
train/loss,1100.0,0.05277081951498985
train/loss,1150.0,0.05131518468260765
train/loss,1200.0,0.048992086201906204
train/loss,1250.0,0.05041014775633812
train/loss,1300.0,0.057143423706293106
train/loss,1350.0,0.058132220059633255
train/loss,1400.0,0.059651631861925125
train/loss,1450.0,0.04817810282111168
train/loss,1500.0,0.05069711059331894
train/loss,1550.0,0.05305438116192818
train/loss,1600.0,0.04895886778831482
train/loss,1650.0,0.04775569215416908
train/loss,1700.0,0.04902549088001251
train/loss,1750.0,0.050675682723522186
train/loss,1800.0,0.05672287568449974
train/loss,1850.0,0.06271760165691376
train/loss,1900.0,0.052293628454208374
train/loss,1950.0,0.05175924301147461
train/loss,2000.0,0.04815547913312912
train/loss,2050.0,0.05252784863114357
train/loss,2100.0,0.050844937562942505
train/loss,2150.0,0.051614269614219666
train/loss,2200.0,0.05492747575044632
train/loss,2250.0,0.04959826171398163
train/loss,2300.0,0.049379028379917145
train/loss,2350.0,0.05393039435148239
train/loss,2400.0,0.05184813588857651
train/loss,2450.0,0.04950825870037079
train/loss,2500.0,0.057949282228946686
train/loss,2550.0,0.051722653210163116
train/loss,2600.0,0.0501633882522583
train/loss,2650.0,0.047193415462970734
train/loss,2700.0,0.050961412489414215
train/loss,2750.0,0.056119583547115326
train/loss,2800.0,0.05184217914938927
train/loss,2850.0,0.052622705698013306
train/loss,2900.0,0.056024521589279175
train/loss,2950.0,0.058101341128349304
train/loss,3000.0,0.05337389558553696
train/loss,3050.0,0.05049735680222511
train/loss,3100.0,0.053706396371126175
train/loss,3150.0,0.04944472387433052
train/loss,3200.0,0.04761229082942009
train/loss,3250.0,0.04701467603445053
train/loss,3300.0,0.05817057564854622
train/loss,3350.0,0.045140549540519714
train/loss,3400.0,0.04709211736917496
train/loss,3450.0,0.05002385750412941
train/loss,3500.0,0.04786968231201172
train/loss,3550.0,0.053626108914613724
train/loss,3600.0,0.050281159579753876
train/loss,3650.0,0.0470123328268528
train/loss,3700.0,0.04711102694272995
train/loss,3750.0,0.046564776450395584
train/loss,3800.0,0.05074891448020935
train/loss,3850.0,0.05098148435354233
train/loss,3900.0,0.05005211755633354
train/loss,3950.0,0.053270354866981506
train/loss,4000.0,0.05436330288648605
train/loss,4050.0,0.05503993108868599
train/loss,4100.0,0.04950670897960663
train/loss,4150.0,0.06024833768606186
train/loss,4200.0,0.05244798585772514
train/loss,4250.0,0.049536556005477905
train/loss,4300.0,0.04980633035302162
train/loss,4350.0,0.049814239144325256
train/loss,4400.0,0.048875294625759125
train/loss,4450.0,0.05129273235797882
train/loss,4500.0,0.046673890203237534
train/loss,4550.0,0.045731112360954285
train/loss,4600.0,0.05377965793013573
train/loss,4650.0,0.05116351321339607
train/loss,4700.0,0.047695450484752655
train/loss,4750.0,0.04676501825451851
train/loss,4800.0,0.04760850593447685
train/loss,4850.0,0.05362395942211151
train/loss,4900.0,0.05196377635002136
train/loss,4950.0,0.051531657576560974
train/loss,5000.0,0.05061856284737587
train/loss,5050.0,0.051466476172208786
train/loss,5100.0,0.05393718183040619
train/loss,5150.0,0.050621241331100464
train/loss,5200.0,0.053485479205846786
train/loss,5250.0,0.04948342591524124
train/loss,5300.0,0.055662475526332855
train/loss,5350.0,0.053635306656360626
train/loss,5400.0,0.0450516939163208
train/loss,5450.0,0.0499262697994709
train/loss,5500.0,0.04762573167681694
train/loss,5550.0,0.05273955687880516
train/loss,5600.0,0.04637843370437622
train/loss,5650.0,0.04277985543012619
train/loss,5700.0,0.04910384491086006
train/loss,5750.0,0.05218502879142761
train/loss,5800.0,0.05244715139269829
train/loss,5850.0,0.04638400673866272
train/loss,5900.0,0.04990672320127487
train/loss,5950.0,0.05664270371198654
train/loss,6000.0,0.044098157435655594
train/loss,6050.0,0.04355098307132721
train/loss,6100.0,0.046232689172029495
train/loss,6150.0,0.0493461936712265
train/loss,6200.0,0.05382037162780762
train/loss,6250.0,0.048788245767354965
train/loss,6300.0,0.054127298295497894
train/loss,6350.0,0.04880736768245697
train/loss,6400.0,0.04355195537209511
train/loss,6450.0,0.0490950271487236
train/loss,6500.0,0.047144293785095215
train/loss,6550.0,0.048336248844861984
train/loss,6600.0,0.04238547012209892
train/loss,6650.0,0.04483204334974289
train/loss,6700.0,0.051014192402362823
train/loss,6750.0,0.056174829602241516
train/loss,6800.0,0.06077205017209053
train/loss,6850.0,0.047916337847709656
train/loss,6900.0,0.052113063633441925
train/loss,6950.0,0.045258309692144394
train/loss,7000.0,0.04918089881539345
train/loss,7050.0,0.04635138809680939
train/loss,7100.0,0.048364751040935516
train/loss,7150.0,0.046460315585136414
train/loss,7200.0,0.04738654941320419
train/loss,7250.0,0.050349365919828415
train/loss,7300.0,0.04976097494363785
train/loss,7350.0,0.049591079354286194
train/loss,7400.0,0.0428711362183094
train/loss,7450.0,0.04973604530096054
train/loss,7500.0,0.04645881801843643
train/loss,7550.0,0.049979742616415024
train/loss,7600.0,0.05554353818297386
train/loss,7650.0,0.04312945902347565
train/loss,7700.0,0.051040537655353546
train/loss,7750.0,0.04836518317461014
train/loss,7800.0,0.05156693980097771
train/loss,7850.0,0.050559043884277344
train/loss,7900.0,0.05003990978002548
train/loss,7950.0,0.04846823960542679
train/loss,8000.0,0.05140082910656929
train/loss,8050.0,0.04683899134397507
train/loss,8100.0,0.05147053673863411
train/loss,8150.0,0.05721165984869003
train/loss,8200.0,0.04813748225569725
train/loss,8250.0,0.05195598676800728
train/loss,8300.0,0.04831856116652489
train/loss,8350.0,0.05315815657377243
train/loss,8400.0,0.05105677619576454
train/loss,8450.0,0.047557082027196884
train/loss,8500.0,0.047780055552721024
train/loss,8550.0,0.049434591084718704
train/loss,8600.0,0.045460376888513565
train/loss,8650.0,0.0493035651743412
train/loss,8700.0,0.05017680674791336
train/loss,8750.0,0.047771841287612915
train/loss,8800.0,0.04633120447397232
train/loss,8850.0,0.05259113013744354
train/loss,8900.0,0.04824680835008621
train/loss,8950.0,0.04897553473711014
train/loss,9000.0,0.04885835573077202
train/loss,9050.0,0.04643357917666435
train/loss,9100.0,0.05336088687181473
train/loss,9150.0,0.05657327547669411
train/loss,9200.0,0.04683694988489151
train/loss,9250.0,0.05173987150192261
train/loss,9300.0,0.05067174881696701
train/loss,9350.0,0.046825993806123734
train/loss,9400.0,0.045687559992074966
train/loss,9450.0,0.04844631254673004
train/loss,9500.0,0.049754586070775986
train/loss,9550.0,0.05286190286278725
train/loss,9600.0,0.043893035501241684
train/loss,9650.0,0.04517368599772453
train/loss,9700.0,0.0462753027677536
train/loss,9750.0,0.047476768493652344
train/loss,9800.0,0.049494609236717224
train/loss,9850.0,0.049166321754455566
train/loss,9900.0,0.04693375900387764
train/loss,9950.0,0.04869864881038666
train/loss,10000.0,0.048901479691267014
train/loss,10050.0,0.04889463633298874
train/loss,10100.0,0.0477425642311573
train/loss,10150.0,0.04955781623721123
train/loss,10200.0,0.05140502750873566
train/loss,10250.0,0.04981476441025734
train/loss,10300.0,0.044849202036857605
train/loss,10350.0,0.0509912446141243
train/loss,10400.0,0.049740567803382874
train/loss,10450.0,0.04773610085248947
train/loss,10500.0,0.0461515374481678
train/loss,10550.0,0.04649874567985535
train/loss,10600.0,0.04397556930780411
train/loss,10650.0,0.04961994290351868
train/loss,10700.0,0.04737722873687744
train/loss,10750.0,0.054012443870306015
train/loss,10800.0,0.04779309779405594
train/loss,10850.0,0.045302409678697586
train/loss,10900.0,0.04989377036690712
train/loss,10950.0,0.04423827305436134
train/loss,11000.0,0.04233347997069359
train/loss,11050.0,0.05181696265935898
train/loss,11100.0,0.05176602303981781
train/loss,11150.0,0.047637082636356354
train/loss,11200.0,0.04418306425213814
train/loss,11250.0,0.05084426328539848
train/loss,11300.0,0.04606691375374794
train/loss,11350.0,0.042971208691596985
train/loss,11400.0,0.050162173807621
train/loss,11450.0,0.0467386394739151
train/loss,11500.0,0.04548688977956772
train/loss,11550.0,0.0514225997030735
train/loss,11600.0,0.05058503895998001
train/loss,11650.0,0.046357426792383194
train/loss,11700.0,0.04602784290909767
train/loss,11750.0,0.04828641191124916
train/loss,11800.0,0.048802439123392105
train/loss,11850.0,0.043869681656360626
train/loss,11900.0,0.04552524536848068
train/loss,11950.0,0.04586814343929291
train/loss,12000.0,0.04642783850431442
train/loss,12050.0,0.04561049863696098
train/loss,12100.0,0.04475144296884537
train/loss,12150.0,0.046290867030620575
train/loss,12200.0,0.04814612865447998
train/loss,12250.0,0.04698862135410309
train/loss,12300.0,0.0454048216342926
train/loss,12350.0,0.04790119826793671
train/loss,12400.0,0.046191733330488205
train/loss,12450.0,0.04773325100541115
train/loss,12500.0,0.047940973192453384
train/loss,12550.0,0.049119409173727036
train/loss,12600.0,0.046756137162446976
train/loss,12650.0,0.04819445312023163
train/loss,12700.0,0.04257675260305405
train/loss,12750.0,0.0482855848968029
train/loss,12800.0,0.04845568537712097
train/loss,12850.0,0.04661935567855835
train/loss,12900.0,0.04445629194378853
train/loss,12950.0,0.045706454664468765
train/loss,13000.0,0.04275905340909958
train/loss,13050.0,0.05196145176887512
train/loss,13100.0,0.04896010458469391
train/loss,13150.0,0.04575471580028534
train/loss,13200.0,0.05529268831014633
train/loss,13250.0,0.049280885607004166
train/loss,13300.0,0.04897954314947128
train/loss,13350.0,0.048231080174446106
train/loss,13400.0,0.050870414823293686
train/loss,13450.0,0.04445284977555275
train/loss,13500.0,0.04898803308606148
train/loss,13550.0,0.05145866796374321
train/loss,13600.0,0.05012200027704239
train/loss,13650.0,0.046426210552453995
train/loss,13700.0,0.04345192015171051
train/loss,13750.0,0.048517968505620956
train/loss,13800.0,0.04304738715291023
train/loss,13850.0,0.04845228046178818
train/loss,13900.0,0.04635588079690933
train/loss,13950.0,0.04605550318956375
train/loss,14000.0,0.05032581463456154
train/loss,14050.0,0.04461531341075897
train/loss,14100.0,0.050940513610839844
train/loss,14150.0,0.04777468740940094
train/loss,14200.0,0.049524325877428055
train/loss,14250.0,0.04498698189854622
train/loss,14300.0,0.047928035259246826
train/loss,14350.0,0.03913991525769234
train/loss,14400.0,0.042847890406847
train/loss,14450.0,0.04724251478910446
train/loss,14500.0,0.0502760224044323
train/loss,14550.0,0.04761499911546707
train/loss,14600.0,0.04702553525567055
train/loss,14650.0,0.050412148237228394
train/loss,14700.0,0.044760506600141525
train/loss,14750.0,0.04590120539069176
train/loss,14800.0,0.04982731491327286
train/loss,14850.0,0.04748845100402832
train/loss,14900.0,0.04627906531095505
train/loss,14950.0,0.0537264458835125
train/loss,15000.0,0.04388733208179474
train/loss,15050.0,0.0445040725171566
train/loss,15100.0,0.049442969262599945
train/loss,15150.0,0.045792292803525925
train/loss,15200.0,0.04541025683283806
train/loss,15250.0,0.04327678307890892
train/loss,15300.0,0.04826939105987549
train/loss,15350.0,0.04688909277319908
train/loss,15400.0,0.048915475606918335
train/loss,15450.0,0.04707217589020729
train/loss,15500.0,0.045214246958494186
train/loss,15550.0,0.04822884127497673
train/loss,15600.0,0.05103723332285881
train/loss,15650.0,0.04597941413521767
train/loss,15700.0,0.0439225509762764
train/loss,15750.0,0.04610263556241989
train/loss,15800.0,0.04775252938270569
train/loss,15850.0,0.046849507838487625
train/loss,15900.0,0.04530904442071915
train/loss,15950.0,0.0453726202249527
train/loss,16000.0,0.042584992945194244
train/loss,16050.0,0.05114319175481796
train/loss,16100.0,0.04814758151769638
train/loss,16150.0,0.045260049402713776
train/loss,16200.0,0.042758096009492874
train/loss,16250.0,0.047124363481998444
train/loss,16300.0,0.045916661620140076
train/loss,16350.0,0.04417029395699501
train/loss,16400.0,0.049077872186899185
train/loss,16450.0,0.04429469257593155
train/loss,16500.0,0.046198222786188126
train/loss,16550.0,0.04832502827048302
train/loss,16600.0,0.049623437225818634
train/loss,16650.0,0.05264350399374962
train/loss,16700.0,0.046626560389995575
train/loss,16750.0,0.048096030950546265
train/loss,16800.0,0.04598309099674225
train/loss,16850.0,0.04454321786761284
train/loss,16900.0,0.048255570232868195
train/loss,16950.0,0.04817282408475876
train/loss,17000.0,0.04704595357179642
train/loss,17050.0,0.04832850769162178
train/loss,17100.0,0.04470682144165039
train/loss,17150.0,0.043406326323747635
train/loss,17200.0,0.048713698983192444
train/loss,17250.0,0.052238959819078445
train/loss,17300.0,0.04469723999500275
train/loss,17350.0,0.046796463429927826
train/loss,17400.0,0.04533357173204422
train/loss,17450.0,0.04488784447312355
train/loss,17500.0,0.045402515679597855
train/loss,17550.0,0.04839383810758591
train/loss,17600.0,0.04481058195233345
train/loss,17650.0,0.05160808190703392
train/loss,17700.0,0.04077572003006935
train/loss,17750.0,0.047085005789995193
train/loss,17800.0,0.050099391490221024
train/loss,17850.0,0.042829159647226334
train/loss,17900.0,0.046889908611774445
train/loss,17950.0,0.04624323546886444
train/loss,18000.0,0.048410285264253616
train/loss,18050.0,0.04959886893630028
train/loss,18100.0,0.04671066626906395
train/loss,18150.0,0.04345123842358589
train/loss,18200.0,0.045008182525634766
train/loss,18250.0,0.046179622411727905
train/loss,18300.0,0.042499881237745285
train/loss,18350.0,0.047813452780246735
train/loss,18400.0,0.043040066957473755
train/loss,18450.0,0.04988866671919823
train/loss,18500.0,0.048078980296850204
train/loss,18550.0,0.04604515805840492
train/loss,18600.0,0.048781875520944595
train/loss,18650.0,0.048803918063640594
train/loss,18700.0,0.05323035269975662
train/loss,18750.0,0.046184755861759186
train/loss,18800.0,0.04505158215761185
train/loss,18850.0,0.04692107439041138
train/loss,18900.0,0.05076519772410393
train/loss,18950.0,0.042127761989831924
train/loss,19000.0,0.047428250312805176
train/loss,19050.0,0.04874422401189804
train/loss,19100.0,0.044861990958452225
train/loss,19150.0,0.045219823718070984
train/loss,19200.0,0.05082031339406967
train/loss,19250.0,0.04177900403738022
train/loss,19300.0,0.042747773230075836
train/loss,19350.0,0.04338471591472626
train/loss,19400.0,0.0450562946498394
train/loss,19450.0,0.04521480202674866
train/loss,19500.0,0.04772249609231949
train/loss,19550.0,0.04659409821033478
train/loss,19600.0,0.04522640258073807
train/loss,19650.0,0.04982077702879906
train/loss,19700.0,0.0461236946284771
train/loss,19750.0,0.04720090329647064
train/loss,19800.0,0.048519447445869446
train/loss,19850.0,0.05066433176398277
train/loss,19900.0,0.04389933496713638
train/loss,19950.0,0.04925061762332916
train/loss,20000.0,0.0469650998711586
train/loss,20050.0,0.04894139990210533
train/loss,20100.0,0.04904937371611595
train/loss,20150.0,0.044032566249370575
train/loss,20200.0,0.04359044134616852
train/loss,20250.0,0.04554625600576401
train/loss,20300.0,0.0477081835269928
train/loss,20350.0,0.047220468521118164
train/loss,20400.0,0.04796602576971054
train/loss,20450.0,0.045070305466651917
train/loss,20500.0,0.04786527156829834
train/loss,20550.0,0.0463869571685791
train/loss,20600.0,0.04450145363807678
train/loss,20650.0,0.04860210046172142
train/loss,20700.0,0.04821661859750748
train/loss,20750.0,0.04850002005696297
train/loss,20800.0,0.047745052725076675
train/loss,20850.0,0.049962207674980164
train/loss,20900.0,0.04683755338191986
train/loss,20950.0,0.04670829698443413
train/loss,21000.0,0.04513515532016754
train/loss,21050.0,0.04609042406082153
train/loss,21100.0,0.04119820147752762
train/loss,21150.0,0.04472942650318146
train/loss,21200.0,0.04897194355726242
train/loss,21250.0,0.043386515229940414
train/loss,21300.0,0.047210030257701874
train/loss,21350.0,0.043397530913352966
train/loss,21400.0,0.043014269322156906
train/loss,21450.0,0.0465230792760849
train/loss,21500.0,0.0480642132461071
train/loss,21550.0,0.04148607701063156
train/loss,21600.0,0.044948577880859375
train/loss,21650.0,0.04268600046634674
train/loss,21700.0,0.04072906821966171
train/loss,21750.0,0.04662802442908287
train/loss,21800.0,0.04786106199026108
train/loss,21850.0,0.04357476904988289
train/loss,21900.0,0.04666527733206749
train/loss,21950.0,0.04532649368047714
train/loss,22000.0,0.04227619245648384
train/loss,22050.0,0.04893717169761658
train/loss,22100.0,0.04537925869226456
train/loss,22150.0,0.04376134276390076
train/loss,22200.0,0.04443497210741043
train/loss,22250.0,0.046644456684589386
train/loss,22300.0,0.04513120651245117
train/loss,22350.0,0.048030655831098557
train/loss,22400.0,0.04461701214313507
train/loss,22450.0,0.046665750443935394
train/loss,22500.0,0.04719148203730583
train/loss,22550.0,0.047918904572725296
train/loss,22600.0,0.04990612715482712
train/loss,22650.0,0.04607437178492546
train/loss,22700.0,0.05028931424021721
train/loss,22750.0,0.045874208211898804
train/loss,22800.0,0.0516926534473896
train/loss,22850.0,0.04654432460665703
train/loss,22900.0,0.047987036406993866
train/loss,22950.0,0.04060913249850273
train/loss,23000.0,0.0485239252448082
train/loss,23050.0,0.0414162278175354
train/loss,23100.0,0.048534031957387924
train/loss,23150.0,0.04671003669500351
train/loss,23200.0,0.046388644725084305
train/loss,23250.0,0.046878084540367126
train/loss,23300.0,0.04353043809533119
train/loss,23350.0,0.04888644441962242
train/loss,23400.0,0.045782286673784256
train/loss,23450.0,0.04756646603345871
train/loss,23500.0,0.04243796318769455
train/loss,23550.0,0.04305022209882736
train/loss,23600.0,0.04440484941005707
train/loss,23650.0,0.03992636874318123
train/loss,23700.0,0.04334259405732155
train/loss,23750.0,0.04519527405500412
train/loss,23800.0,0.04930093139410019
train/loss,23850.0,0.04621550440788269
train/loss,23900.0,0.04349865764379501
train/loss,23950.0,0.04667343199253082
train/loss,24000.0,0.044453371316194534
train/loss,24050.0,0.0464327298104763
train/loss,24100.0,0.04679631441831589
train/loss,24150.0,0.041985783725976944
train/loss,24200.0,0.04808127507567406
train/loss,24250.0,0.04468570277094841
train/loss,24300.0,0.04251702129840851
train/loss,24350.0,0.0404139906167984
train/loss,24400.0,0.04504279047250748
train/loss,24450.0,0.045366376638412476
train/loss,24500.0,0.042085353285074234
train/loss,24550.0,0.05204181745648384
train/loss,24600.0,0.048027269542217255
train/loss,24650.0,0.040462903678417206
train/loss,24700.0,0.051518913358449936
train/loss,24750.0,0.047421202063560486
train/loss,24800.0,0.0419914685189724
train/loss,24850.0,0.04517246410250664
train/loss,24900.0,0.04524364694952965
train/loss,24950.0,0.044395796954631805
train/loss,25000.0,0.04356982931494713
train/loss,25050.0,0.04706580191850662
train/loss,25100.0,0.03977653756737709
train/loss,25150.0,0.039999306201934814
train/loss,25200.0,0.04932953417301178
train/loss,25250.0,0.040901415050029755
train/loss,25300.0,0.04271547496318817
train/loss,25350.0,0.04780815541744232
train/loss,25400.0,0.047004152089357376
train/loss,25450.0,0.05214669927954674
train/loss,25500.0,0.05130679905414581
train/loss,25550.0,0.04695305600762367
train/loss,25600.0,0.04789714887738228
train/loss,25650.0,0.043656446039676666
train/loss,25700.0,0.04707060009241104
train/loss,25750.0,0.04049301892518997
train/loss,25800.0,0.04548431187868118
train/loss,25850.0,0.043222684413194656
train/loss,25900.0,0.04877043142914772
train/loss,25950.0,0.04478007182478905
train/loss,26000.0,0.04398365318775177
train/loss,26050.0,0.041949618607759476
train/loss,26100.0,0.045214831829071045
train/loss,26150.0,0.04661884903907776
train/loss,26200.0,0.04245734214782715
train/loss,26250.0,0.044727060943841934
train/loss,26300.0,0.04958257079124451
train/loss,26350.0,0.043687041848897934
train/loss,26400.0,0.04521792009472847
train/loss,26450.0,0.0519629642367363
train/loss,26500.0,0.04451681673526764
train/loss,26550.0,0.04944637417793274
train/loss,26600.0,0.04172474890947342
train/loss,26650.0,0.04357996582984924
train/loss,26700.0,0.04905485361814499
train/loss,26750.0,0.050068311393260956
train/loss,26800.0,0.04723259434103966
train/loss,26850.0,0.048118606209754944
train/loss,26900.0,0.04485084488987923
train/loss,26950.0,0.0451468862593174
train/loss,27000.0,0.03825870156288147
train/loss,27050.0,0.04661281779408455
train/loss,27100.0,0.04098773002624512
train/loss,27150.0,0.04389561712741852
train/loss,27200.0,0.04766452684998512
train/loss,27250.0,0.045492831617593765
train/loss,27300.0,0.04601101577281952
train/loss,27350.0,0.047002412378787994
train/loss,27400.0,0.04424913600087166
train/loss,27450.0,0.04309101402759552
train/loss,27500.0,0.04750947654247284
train/loss,27550.0,0.04337027668952942
train/loss,27600.0,0.04678010568022728
train/loss,27650.0,0.04284478724002838
train/loss,27700.0,0.04170120507478714
train/loss,27750.0,0.04207906499505043
train/loss,27800.0,0.0451379269361496
train/loss,27850.0,0.04526183754205704
train/loss,27900.0,0.04404088109731674
train/loss,27950.0,0.044659752398729324
train/loss,28000.0,0.043095048516988754
train/loss,28050.0,0.04326001554727554
train/loss,28100.0,0.042770855128765106
train/loss,28150.0,0.044719595462083817
train/loss,28200.0,0.04552561417222023
train/loss,28250.0,0.04337161406874657
train/loss,28300.0,0.044611793011426926
train/loss,28350.0,0.040749043226242065
train/loss,28400.0,0.043838806450366974
train/loss,28450.0,0.043108657002449036
train/loss,28500.0,0.04289036616683006
train/loss,28550.0,0.04423677921295166
train/loss,28600.0,0.04475468769669533
train/loss,28650.0,0.04233037680387497
train/loss,28700.0,0.04423420876264572
train/loss,28750.0,0.043330367654561996
train/loss,28800.0,0.046355023980140686
train/loss,28850.0,0.04741712659597397
train/loss,28900.0,0.047554850578308105
train/loss,28950.0,0.044112272560596466
train/loss,29000.0,0.0411752425134182
train/loss,29050.0,0.04637734964489937
train/loss,29100.0,0.04251337796449661
train/loss,29150.0,0.050097763538360596
train/loss,29200.0,0.0433795340359211
train/loss,29250.0,0.04567420110106468
train/loss,29300.0,0.04410359263420105
train/loss,29350.0,0.04613962024450302
train/loss,29400.0,0.04603686183691025
train/loss,29450.0,0.04456034302711487
train/loss,29500.0,0.042653243988752365
train/loss,29550.0,0.04539713263511658
train/loss,29600.0,0.045609891414642334
train/loss,29650.0,0.04252348095178604
train/loss,29700.0,0.045243579894304276
train/loss,29750.0,0.042806632816791534
train/loss,29800.0,0.04429912939667702
train/loss,29850.0,0.045912858098745346
train/loss,29900.0,0.04283367469906807
train/loss,29950.0,0.04371855780482292
train/loss,30000.0,0.04238186776638031
train/loss,30050.0,0.04234334081411362
train/loss,30100.0,0.04701607674360275
train/loss,30150.0,0.04356815665960312
train/loss,30200.0,0.04842585325241089
train/loss,30250.0,0.04432737082242966
train/loss,30300.0,0.04636631906032562
train/loss,30350.0,0.054531071335077286
train/loss,30400.0,0.04427722096443176
train/loss,30450.0,0.047202348709106445
train/loss,30500.0,0.04394509643316269
train/loss,30550.0,0.05021136999130249
train/loss,30600.0,0.04417053237557411
train/loss,30650.0,0.04486655816435814
train/loss,30700.0,0.043951161205768585
train/loss,30750.0,0.04605633765459061
train/loss,30800.0,0.03990050405263901
train/loss,30850.0,0.050567951053380966
train/loss,30900.0,0.04465978592634201
train/loss,30950.0,0.04790730029344559
train/loss,31000.0,0.04373294115066528
train/loss,31050.0,0.042337216436862946
train/loss,31100.0,0.04728192090988159
train/loss,31150.0,0.0459379218518734
train/loss,31200.0,0.04417714849114418
train/loss,31250.0,0.04800693318247795
train/loss,31300.0,0.04212931543588638
train/loss,31350.0,0.05108879506587982
train/loss,31400.0,0.04595678299665451
train/loss,31450.0,0.042226314544677734
train/loss,31500.0,0.045037925243377686
train/loss,31550.0,0.04699958115816116
train/loss,31600.0,0.04415115714073181
train/loss,31650.0,0.0414123497903347
train/loss,31700.0,0.04434147849678993
train/loss,31750.0,0.04448499530553818
train/loss,31800.0,0.04526807367801666
train/loss,31850.0,0.04857565462589264
train/loss,31900.0,0.04779888316988945
train/loss,31950.0,0.04616107791662216
train/loss,32000.0,0.045151226222515106
train/loss,32050.0,0.04607407748699188
train/loss,32100.0,0.050000376999378204
train/loss,32150.0,0.0414847694337368
train/loss,32200.0,0.04212956503033638
train/loss,32250.0,0.040916621685028076
train/loss,32300.0,0.046995021402835846
train/loss,32350.0,0.04686431586742401
train/loss,32400.0,0.04626324772834778
train/loss,32450.0,0.04722375422716141
train/loss,32500.0,0.042531684041023254
train/loss,32550.0,0.04519229754805565
train/loss,32600.0,0.04241050407290459
train/loss,32650.0,0.043529212474823
train/loss,32700.0,0.04345041513442993
train/loss,32750.0,0.050763800740242004
train/loss,32800.0,0.044604163616895676
train/loss,32850.0,0.04770543798804283
train/loss,32900.0,0.04289485141634941
train/loss,32950.0,0.04093518853187561
train/loss,33000.0,0.04267134889960289
train/loss,33050.0,0.04625999927520752
train/loss,33100.0,0.04544549435377121
train/loss,33150.0,0.04271814227104187
train/loss,33200.0,0.046010203659534454
train/loss,33250.0,0.04536672309041023
train/loss,33300.0,0.044758476316928864
train/loss,33350.0,0.04647783190011978
train/loss,33400.0,0.04387994855642319
train/loss,33450.0,0.0462399460375309
train/loss,33500.0,0.0457073412835598
train/loss,33550.0,0.04441649466753006
train/loss,33600.0,0.04501492530107498
train/loss,33650.0,0.04819942265748978
train/loss,33700.0,0.0425414964556694
train/loss,33750.0,0.04228035360574722
train/loss,33800.0,0.04637321084737778
train/loss,33850.0,0.042512230575084686
train/loss,33900.0,0.042975783348083496
train/loss,33950.0,0.03940902277827263
train/loss,34000.0,0.0452413484454155
train/loss,34050.0,0.044158510863780975
train/loss,34100.0,0.04255734756588936
train/loss,34150.0,0.04689434915781021
train/loss,34200.0,0.04373636096715927
train/loss,34250.0,0.041255269199609756
train/loss,34300.0,0.0488048791885376
train/loss,34350.0,0.043416716158390045
train/loss,34400.0,0.045149557292461395
train/loss,34450.0,0.042660392820835114
train/loss,34500.0,0.047382988035678864
train/loss,34550.0,0.04763611778616905
train/loss,34600.0,0.04958980530500412
train/loss,34650.0,0.04484867304563522
train/loss,34700.0,0.0427202470600605
train/loss,34750.0,0.04981190338730812
train/loss,34800.0,0.04613041877746582
train/loss,34850.0,0.04508064687252045
train/loss,34900.0,0.04631595313549042
train/loss,34950.0,0.04170624911785126
train/loss,35000.0,0.04117068275809288
train/loss,35050.0,0.050560787320137024
train/loss,35100.0,0.04321461543440819
train/loss,35150.0,0.04347863420844078
train/loss,35200.0,0.043408431112766266
train/loss,35250.0,0.045110054314136505
train/loss,35300.0,0.042191311717033386
train/loss,35350.0,0.044808611273765564
train/loss,35400.0,0.04204561561346054
train/loss,35450.0,0.03961910307407379
train/loss,35500.0,0.04480767250061035
train/loss,35550.0,0.04531272500753403
train/loss,35600.0,0.04361603409051895
train/loss,35650.0,0.04234273359179497
train/loss,35700.0,0.04154796153306961
train/loss,35750.0,0.044617291539907455
train/loss,35800.0,0.04274676740169525
train/loss,35850.0,0.04853057116270065
train/loss,35900.0,0.04629162326455116
train/loss,35950.0,0.04554729908704758
train/loss,36000.0,0.043955616652965546
train/loss,36050.0,0.04385826736688614
train/loss,36100.0,0.04385273531079292
train/loss,36150.0,0.040384441614151
train/loss,36200.0,0.0399051234126091
train/loss,36250.0,0.04605977609753609
train/loss,36300.0,0.04814101755619049
train/loss,36350.0,0.04961952194571495
train/loss,36400.0,0.047774314880371094
train/loss,36450.0,0.04249270260334015
train/loss,36500.0,0.042306553572416306
train/loss,36550.0,0.04825136810541153
train/loss,36600.0,0.04096328839659691
train/loss,36650.0,0.04485965520143509
train/loss,36700.0,0.04678363725543022
train/loss,36750.0,0.043927598744630814
train/loss,36800.0,0.04604668915271759
train/loss,36850.0,0.040063537657260895
train/loss,36900.0,0.04349556565284729
train/loss,36950.0,0.05022483319044113
train/loss,37000.0,0.04100333899259567
train/loss,37050.0,0.04169299453496933
train/loss,37100.0,0.04720940440893173
train/loss,37150.0,0.04504391551017761
train/loss,37200.0,0.04784205183386803
train/loss,37250.0,0.04518955945968628
train/loss,37300.0,0.04451173171401024
train/loss,37350.0,0.04161487892270088
train/loss,37400.0,0.0411943718791008
train/loss,37450.0,0.04355304688215256
train/loss,37500.0,0.04074590280652046
train/loss,37550.0,0.041477471590042114
train/loss,37600.0,0.04543737322092056
train/loss,37650.0,0.042543746531009674
train/loss,37700.0,0.038358189165592194
train/loss,37750.0,0.04323560744524002
train/loss,37800.0,0.04391101375222206
train/loss,37850.0,0.045348115265369415
train/loss,37900.0,0.044592514634132385
train/loss,37950.0,0.04534786567091942
train/loss,38000.0,0.042098768055438995
train/loss,38050.0,0.042769186198711395
train/loss,38100.0,0.043389856815338135
train/loss,38150.0,0.04349318519234657
train/loss,38200.0,0.04028722271323204
train/loss,38250.0,0.0468008778989315
train/loss,38300.0,0.04122239723801613
train/loss,38350.0,0.04790032282471657
train/loss,38400.0,0.041797492653131485
train/loss,38450.0,0.044339507818222046
train/loss,38500.0,0.04281492531299591
train/loss,38550.0,0.04874971881508827
train/loss,38600.0,0.0471356026828289
train/loss,38650.0,0.045407362282276154
train/loss,38700.0,0.0454275906085968
train/loss,38750.0,0.041347846388816833
train/loss,38800.0,0.04549344629049301
train/loss,38850.0,0.042489856481552124
train/loss,38900.0,0.042403075844049454
train/loss,38950.0,0.041056178510189056
train/loss,39000.0,0.04887670651078224
train/loss,39050.0,0.0421953946352005
train/loss,39100.0,0.0442676842212677
train/loss,39150.0,0.04295755922794342
train/loss,39200.0,0.04398084059357643
train/loss,39250.0,0.040843673050403595
train/loss,39300.0,0.04807296022772789
train/loss,39350.0,0.046131689101457596
train/loss,39400.0,0.043427642434835434
train/loss,39450.0,0.04723517596721649
train/loss,39500.0,0.045219309628009796
train/loss,39550.0,0.042072370648384094
train/loss,39600.0,0.042526815086603165
train/loss,39650.0,0.04338458180427551
train/loss,39700.0,0.03960573673248291
train/loss,39750.0,0.04987087845802307
train/loss,39800.0,0.04267415404319763
train/loss,39850.0,0.03948347270488739
train/loss,39900.0,0.045329924672842026
train/loss,39950.0,0.045091934502124786
train/loss,40000.0,0.04550328478217125
train/loss,40050.0,0.03851122781634331
train/loss,40100.0,0.039860986173152924
train/loss,40150.0,0.0444699227809906
train/loss,40200.0,0.04169052839279175
train/loss,40250.0,0.04763262718915939
train/loss,40300.0,0.04428277909755707
train/loss,40350.0,0.04418957605957985
train/loss,40400.0,0.04056829586625099
train/loss,40450.0,0.046179525554180145
train/loss,40500.0,0.04587002843618393
train/loss,40550.0,0.04313276708126068
train/loss,40600.0,0.04326537251472473
train/loss,40650.0,0.05156158655881882
train/loss,40700.0,0.04670729115605354
train/loss,40750.0,0.04374257102608681
train/loss,40800.0,0.049023766070604324
train/loss,40850.0,0.044586654752492905
train/loss,40900.0,0.04055801033973694
train/loss,40950.0,0.04237813502550125
train/loss,41000.0,0.04088776558637619
train/loss,41050.0,0.04354879632592201
train/loss,41100.0,0.04411818087100983
train/loss,41150.0,0.03917586803436279
train/loss,41200.0,0.041732579469680786
train/loss,41250.0,0.04156121239066124
train/loss,41300.0,0.041565246880054474
train/loss,41350.0,0.041524410247802734
train/loss,41400.0,0.045565973967313766
train/loss,41450.0,0.04335129261016846
train/loss,41500.0,0.045861102640628815
train/loss,41550.0,0.04483843594789505
train/loss,41600.0,0.04614552855491638
train/loss,41650.0,0.04332086071372032
train/loss,41700.0,0.04269282519817352
train/loss,41750.0,0.04353601485490799
train/loss,41800.0,0.048350658267736435
train/loss,41850.0,0.04091799631714821
train/loss,41900.0,0.04133734479546547
train/loss,41950.0,0.04731453210115433
train/loss,42000.0,0.04395824670791626
train/loss,42050.0,0.044601842761039734
train/loss,42100.0,0.04580071195960045
train/loss,42150.0,0.04523252695798874
train/loss,42200.0,0.04462367296218872
train/loss,42250.0,0.044657282531261444
train/loss,42300.0,0.043639495968818665
train/loss,42350.0,0.04728599637746811
train/loss,42400.0,0.04267502203583717
train/loss,42450.0,0.04247346147894859
train/loss,42500.0,0.04295578598976135
train/loss,42550.0,0.04057363048195839
train/loss,42600.0,0.046126075088977814
train/loss,42650.0,0.04093961790204048
train/loss,42700.0,0.045478641986846924
train/loss,42750.0,0.03976255655288696
train/loss,42800.0,0.04012409225106239
train/loss,42850.0,0.038855426013469696
train/loss,42900.0,0.044008251279592514
train/loss,42950.0,0.043313167989254
train/loss,43000.0,0.04325420781970024
train/loss,43050.0,0.04530905932188034
train/loss,43100.0,0.041787441819906235
train/loss,43150.0,0.04094807058572769
train/loss,43200.0,0.04740660637617111
train/loss,43250.0,0.04535365104675293
train/loss,43300.0,0.04655320197343826
train/loss,43350.0,0.03984951972961426
train/loss,43400.0,0.04586372151970863
train/loss,43450.0,0.047269389033317566
train/loss,43500.0,0.048565082252025604
train/loss,43550.0,0.044393256306648254
train/loss,43600.0,0.044839199632406235
train/loss,43650.0,0.04712305963039398
train/loss,43700.0,0.04369375854730606
train/loss,43750.0,0.04517120495438576
train/loss,43800.0,0.04261763021349907
train/loss,43850.0,0.0410858690738678
train/loss,43900.0,0.05017784237861633
train/loss,43950.0,0.05057023465633392
train/loss,44000.0,0.04463714733719826
train/loss,44050.0,0.042840488255023956
train/loss,44100.0,0.04430770128965378
train/loss,44150.0,0.046144213527441025
train/loss,44200.0,0.04443961754441261
train/loss,44250.0,0.04176793619990349
train/loss,44300.0,0.04335320368409157
train/loss,44350.0,0.04173523187637329
train/loss,44400.0,0.04480075091123581
train/loss,44450.0,0.0433923713862896
train/loss,44500.0,0.04248075932264328
train/loss,44550.0,0.04661962389945984
train/loss,44600.0,0.04722534120082855
train/loss,44650.0,0.04659779369831085
train/loss,44700.0,0.04402510076761246
train/loss,44750.0,0.045557908713817596
train/loss,44800.0,0.04583485424518585
train/loss,44850.0,0.04313737899065018
train/loss,44900.0,0.0492253452539444
train/loss,44950.0,0.04172799363732338
train/loss,45000.0,0.04500550404191017
train/loss,45050.0,0.044569652527570724
train/loss,45100.0,0.046305008232593536
train/loss,45150.0,0.042024094611406326
train/loss,45200.0,0.047880448400974274
train/loss,45250.0,0.044408898800611496
train/loss,45300.0,0.036242201924324036
train/loss,45350.0,0.04525911808013916
train/loss,45400.0,0.04060177505016327
train/loss,45450.0,0.046573519706726074
train/loss,45500.0,0.045681945979595184
train/loss,45550.0,0.04143602401018143
train/loss,45600.0,0.043055787682533264
train/loss,45650.0,0.047613441944122314
train/loss,45700.0,0.04346863552927971
train/loss,45750.0,0.038396723568439484
train/loss,45800.0,0.040426161140203476
train/loss,45850.0,0.0461411252617836
train/loss,45900.0,0.0437016487121582
train/loss,45950.0,0.04141968488693237
train/loss,46000.0,0.05002386122941971
train/loss,46050.0,0.041469112038612366
train/loss,46100.0,0.04733644425868988
train/loss,46150.0,0.04033748060464859
train/loss,46200.0,0.045836545526981354
train/loss,46250.0,0.04713517054915428
train/loss,46300.0,0.03909413143992424
train/loss,46350.0,0.04830154776573181
train/loss,46400.0,0.04804002493619919
train/loss,46450.0,0.039819180965423584
train/loss,46500.0,0.043543536216020584
train/loss,46550.0,0.044183399528265
train/loss,46600.0,0.04419860988855362
train/loss,46650.0,0.04584082216024399
train/loss,46700.0,0.04293174296617508
train/loss,46750.0,0.041314274072647095
train/loss,46800.0,0.04140734300017357
train/loss,46850.0,0.04486558586359024
train/loss,46900.0,0.050830405205488205
train/loss,46950.0,0.042556218802928925
train/loss,47000.0,0.04712492600083351
train/loss,47050.0,0.0427565723657608
train/loss,47100.0,0.04669773578643799
train/loss,47150.0,0.04175092279911041
train/loss,47200.0,0.03868916258215904
train/loss,47250.0,0.049766503274440765
train/loss,47300.0,0.04546066373586655
train/loss,47350.0,0.04112979769706726
train/loss,47400.0,0.04343028366565704
train/loss,47450.0,0.04580523818731308
train/loss,47500.0,0.04498381167650223
train/loss,47550.0,0.04484501853585243
train/loss,47600.0,0.04998740553855896
train/loss,47650.0,0.04313333332538605
train/loss,47700.0,0.04442249611020088
train/loss,47750.0,0.04933421313762665
train/loss,47800.0,0.041715726256370544
train/loss,47850.0,0.042672716081142426
train/loss,47900.0,0.03983685374259949
train/loss,47950.0,0.04144613444805145
train/loss,48000.0,0.043973494321107864
train/loss,48050.0,0.0369817279279232
train/loss,48100.0,0.040086254477500916
train/loss,48150.0,0.04571128264069557
train/loss,48200.0,0.04202422872185707
train/loss,48250.0,0.045463379472494125
train/loss,48300.0,0.04164406657218933
train/loss,48350.0,0.04254325479269028
train/loss,48400.0,0.04343997687101364
train/loss,48450.0,0.04365195706486702
train/loss,48500.0,0.04745502769947052
train/loss,48550.0,0.04524409770965576
train/loss,48600.0,0.04312383010983467
train/loss,48650.0,0.03836140036582947
train/loss,48700.0,0.03944631293416023
train/loss,48750.0,0.04488895460963249
train/loss,48800.0,0.045499786734580994
train/loss,48850.0,0.04404866695404053
train/loss,48900.0,0.04999348521232605
train/loss,48950.0,0.04545418545603752
train/loss,49000.0,0.04732880741357803
train/loss,49050.0,0.047468848526477814
train/loss,49100.0,0.044741351157426834
train/loss,49150.0,0.04092927649617195
train/loss,49200.0,0.04088275879621506
train/loss,49250.0,0.04075043275952339
train/loss,49300.0,0.04689595103263855
train/loss,49350.0,0.045174892991781235
train/loss,49400.0,0.04574715346097946
train/loss,49450.0,0.04387117177248001
train/loss,49500.0,0.044005896896123886
train/loss,49550.0,0.041771113872528076
train/loss,49600.0,0.041216835379600525
train/loss,49650.0,0.044008709490299225
train/loss,49700.0,0.04024067521095276
train/loss,49750.0,0.048674263060092926
train/loss,49800.0,0.04671669006347656
train/loss,49850.0,0.04186476022005081
train/loss,49900.0,0.039604250341653824
train/loss,49950.0,0.046228159219026566
train/loss,50000.0,0.04158562049269676
train/loss,50050.0,0.04195166751742363
train/loss,50100.0,0.04031434655189514
train/loss,50150.0,0.04044889286160469
train/loss,50200.0,0.045472852885723114
train/loss,50250.0,0.04448486492037773
train/loss,50300.0,0.0442626029253006
train/loss,50350.0,0.042205605655908585
train/loss,50400.0,0.050772253423929214
train/loss,50450.0,0.04168729484081268
train/loss,50500.0,0.04220360890030861
train/loss,50550.0,0.0460551418364048
train/loss,50600.0,0.04188860207796097
train/loss,50650.0,0.04582589119672775
train/loss,50700.0,0.044277045875787735
train/loss,50750.0,0.044972941279411316
train/loss,50800.0,0.04415434971451759
train/loss,50850.0,0.04593539983034134
train/loss,50900.0,0.03947902098298073
train/loss,50950.0,0.0454259030520916
train/loss,51000.0,0.0406385213136673
train/loss,51050.0,0.04257986694574356
train/loss,51100.0,0.040982261300086975
train/loss,51150.0,0.04354654252529144
train/loss,51200.0,0.04344772920012474
train/loss,51250.0,0.04611293226480484
train/loss,51300.0,0.04586581140756607
train/loss,51350.0,0.04771385341882706
train/loss,51400.0,0.04450403153896332
train/loss,51450.0,0.04357951134443283
train/loss,51500.0,0.044265538454055786
train/loss,51550.0,0.04593262821435928
train/loss,51600.0,0.045257605612277985
train/loss,51650.0,0.043649449944496155
train/loss,51700.0,0.03812212869524956
train/loss,51750.0,0.047281697392463684
train/loss,51800.0,0.04176328703761101
train/loss,51850.0,0.04193434864282608
train/loss,51900.0,0.04597930610179901
train/loss,51950.0,0.0376412533223629
train/loss,52000.0,0.041190482676029205
train/loss,52050.0,0.04009844735264778
train/loss,52100.0,0.04542730748653412
train/loss,52150.0,0.04117067903280258
train/loss,52200.0,0.04094621166586876
train/loss,52250.0,0.04612528532743454
train/loss,52300.0,0.04425462707877159
train/loss,52350.0,0.04606333374977112
train/loss,52400.0,0.04418144375085831
train/loss,52450.0,0.04362093657255173
train/loss,52500.0,0.04589366912841797
train/loss,52550.0,0.03868158906698227
train/loss,52600.0,0.04305411875247955
train/loss,52650.0,0.04232977703213692
train/loss,52700.0,0.04853026196360588
train/loss,52750.0,0.04106764867901802
train/loss,52800.0,0.04509841278195381
train/loss,52850.0,0.042184699326753616
train/loss,52900.0,0.04022888094186783
train/loss,52950.0,0.03940911218523979
train/loss,53000.0,0.0420478880405426
train/loss,53050.0,0.044352367520332336
train/loss,53100.0,0.04590047523379326
train/loss,53150.0,0.046201229095458984
train/loss,53200.0,0.045607373118400574
train/loss,53250.0,0.04835548624396324
train/loss,53300.0,0.04075223207473755
train/loss,53350.0,0.04019784927368164
train/loss,53400.0,0.04661737382411957
train/loss,53450.0,0.03866855800151825
train/loss,53500.0,0.04371385648846626
train/loss,53550.0,0.04400534927845001
train/loss,53600.0,0.044003624469041824
train/loss,53650.0,0.043544404208660126
train/loss,53700.0,0.04470284655690193
train/loss,53750.0,0.040751807391643524
train/loss,53800.0,0.04306851327419281
train/loss,53850.0,0.04408342391252518
train/loss,53900.0,0.05267751216888428
train/loss,53950.0,0.04662857949733734
train/loss,54000.0,0.04244054853916168
train/loss,54050.0,0.04663240164518356
train/loss,54100.0,0.04296724498271942
train/loss,54150.0,0.04785064235329628
train/loss,54200.0,0.04138494282960892
train/loss,54250.0,0.04675453528761864
train/loss,54300.0,0.045031607151031494
train/loss,54350.0,0.04332667216658592
train/loss,54400.0,0.042389530688524246
train/loss,54450.0,0.044252753257751465
train/loss,54500.0,0.041134510189294815
train/loss,54550.0,0.04435007646679878
train/loss,54600.0,0.04047778993844986
train/loss,54650.0,0.044494420289993286
train/loss,54700.0,0.04535222798585892
train/loss,54750.0,0.04865118861198425
train/loss,54800.0,0.045864399522542953
train/loss,54850.0,0.04363551363348961
train/loss,54900.0,0.044911596924066544
train/loss,54950.0,0.040696725249290466
train/loss,55000.0,0.04475253075361252
train/loss,55050.0,0.04800938814878464
train/loss,55100.0,0.04922842979431152
train/loss,55150.0,0.045840658247470856
train/loss,55200.0,0.04282481223344803
train/loss,55250.0,0.041277285665273666
train/loss,55300.0,0.043462783098220825
train/loss,55350.0,0.03892305865883827
train/loss,55400.0,0.04408348351716995
train/loss,55450.0,0.042176101356744766
train/loss,55500.0,0.0428965799510479
train/loss,55550.0,0.04694634675979614
train/loss,55600.0,0.04473450779914856
train/loss,55650.0,0.04837537556886673
train/loss,55700.0,0.0429086834192276
train/loss,55750.0,0.04342200979590416
train/loss,55800.0,0.046668775379657745
train/loss,55850.0,0.04367830976843834
train/loss,55900.0,0.0444842167198658
train/loss,55950.0,0.041432276368141174
train/loss,56000.0,0.04230456054210663
train/loss,56050.0,0.04643803462386131
train/loss,56100.0,0.04361158236861229
train/loss,56150.0,0.04480254650115967
train/loss,56200.0,0.04305145889520645
train/loss,56250.0,0.043970152735710144
train/loss,56300.0,0.04768726974725723
train/loss,56350.0,0.04250010848045349
train/loss,56400.0,0.04201133921742439
train/loss,56450.0,0.04358294978737831
train/loss,56500.0,0.04394309222698212
train/loss,56550.0,0.044888805598020554
train/loss,56600.0,0.04639149457216263
train/loss,56650.0,0.04374822974205017
train/loss,56700.0,0.04168836027383804
train/loss,56750.0,0.04360296577215195
train/loss,56800.0,0.03974110633134842
train/loss,56850.0,0.04084637761116028
train/loss,56900.0,0.04672478511929512
train/loss,56950.0,0.039573997259140015
train/loss,57000.0,0.05019860342144966
train/loss,57050.0,0.0420890673995018
train/loss,57100.0,0.04326147213578224
train/loss,57150.0,0.0391022153198719
train/loss,57200.0,0.044255778193473816
train/loss,57250.0,0.04407990351319313
train/loss,57300.0,0.04376065358519554
train/loss,57350.0,0.043999940156936646
train/loss,57400.0,0.047495901584625244
train/loss,57450.0,0.0471353717148304
train/loss,57500.0,0.04393984377384186
train/loss,57550.0,0.04351949691772461
train/loss,57600.0,0.0465540774166584
train/loss,57650.0,0.043617282062768936
train/loss,57700.0,0.04619439318776131
train/loss,57750.0,0.0416465662419796
train/loss,57800.0,0.04368659108877182
train/loss,57850.0,0.0391741618514061
train/loss,57900.0,0.04561246931552887
train/loss,57950.0,0.04056159779429436
train/loss,58000.0,0.04174577072262764
train/loss,58050.0,0.04509212076663971
train/loss,58100.0,0.042749013751745224
train/loss,58150.0,0.0453779399394989
train/loss,58200.0,0.047133151441812515
train/loss,58250.0,0.050450876355171204
train/loss,58300.0,0.04221038892865181
train/loss,58350.0,0.04501935839653015
train/loss,58400.0,0.04888052120804787
train/loss,58450.0,0.04142257198691368
train/loss,58500.0,0.04265010356903076
train/loss,58550.0,0.04526137560606003
train/loss,58600.0,0.04335172846913338
train/loss,58650.0,0.04140184074640274
train/loss,58700.0,0.04161114618182182
train/loss,58750.0,0.044967278838157654
train/loss,58800.0,0.040701501071453094
train/loss,58850.0,0.045745301991701126
train/loss,58900.0,0.03782171383500099
train/loss,58950.0,0.04132384806871414
train/loss,59000.0,0.0423692986369133
train/loss,59050.0,0.04253954812884331
train/loss,59100.0,0.04126189649105072
train/loss,59150.0,0.040100812911987305
train/loss,59200.0,0.046041958034038544
train/loss,59250.0,0.04526115953922272
train/loss,59300.0,0.04697899892926216
train/loss,59350.0,0.045542944222688675
train/loss,59400.0,0.042489562183618546
train/loss,59450.0,0.04565735161304474
train/loss,59500.0,0.04538779705762863
train/loss,59550.0,0.04080033302307129
train/loss,59600.0,0.04280400276184082
train/loss,59650.0,0.03892049938440323
train/loss,59700.0,0.04263744130730629
train/loss,59750.0,0.04157836735248566
train/loss,59800.0,0.04176164045929909
train/loss,59850.0,0.041009269654750824
train/loss,59900.0,0.0428568571805954
train/loss,59950.0,0.041770078241825104
train/loss,60000.0,0.042574308812618256
train/loss,60050.0,0.07017412781715393
train/loss,60100.0,0.06096363812685013
train/loss,60150.0,0.06735736131668091
train/loss,60200.0,0.06772449612617493
train/loss,60250.0,0.059293217957019806
train/loss,60300.0,0.05718894675374031
train/loss,60350.0,0.060977254062891006
train/loss,60400.0,0.0634806826710701
train/loss,60450.0,0.07096690684556961
train/loss,60500.0,0.05585741251707077
train/loss,60550.0,0.058810457587242126
train/loss,60600.0,0.07344682514667511
train/loss,60650.0,0.06384380161762238
train/loss,60700.0,0.062196262180805206
train/loss,60750.0,0.0681869238615036
train/loss,60800.0,0.06398102641105652
train/loss,60850.0,0.06789802759885788
train/loss,60900.0,0.06693959981203079
train/loss,60950.0,0.062842458486557
train/loss,61000.0,0.06068616732954979
train/loss,61050.0,0.0631442666053772
train/loss,61100.0,0.07232873886823654
train/loss,61150.0,0.06323060393333435
train/loss,61200.0,0.06635861098766327
train/loss,61250.0,0.05687074363231659
train/loss,61300.0,0.06795142590999603
train/loss,61350.0,0.06303686648607254
train/loss,61400.0,0.06377542018890381
train/loss,61450.0,0.06751762330532074
train/loss,61500.0,0.06447719037532806
train/loss,61550.0,0.06512821465730667
train/loss,61600.0,0.06974414736032486
train/loss,61650.0,0.06447148323059082
train/loss,61700.0,0.06718334555625916
train/loss,61750.0,0.06116948276758194
train/loss,61800.0,0.06695269048213959
train/loss,61850.0,0.06235971301794052
train/loss,61900.0,0.06893535703420639
train/loss,61950.0,0.0684935450553894
train/loss,62000.0,0.06534017622470856
train/loss,62050.0,0.06827399879693985
train/loss,62100.0,0.06837683916091919
train/loss,62150.0,0.06138887256383896
train/loss,62200.0,0.0633254200220108
train/loss,62250.0,0.06810227036476135
train/loss,62300.0,0.06473451107740402
train/loss,62350.0,0.07066584378480911
train/loss,62400.0,0.0612880140542984
train/loss,62450.0,0.06513504683971405
train/loss,62500.0,0.06553211063146591
train/loss,62550.0,0.06850362569093704
train/loss,62600.0,0.06421130150556564
train/loss,62650.0,0.06372612714767456
train/loss,62700.0,0.06286289542913437
train/loss,62750.0,0.07032566517591476
train/loss,62800.0,0.05727652087807655
train/loss,62850.0,0.06642560660839081
train/loss,62900.0,0.06381929665803909
train/loss,62950.0,0.06970447301864624
train/loss,63000.0,0.06749342381954193
train/loss,63050.0,0.06266459822654724
train/loss,63100.0,0.0659303367137909
train/loss,63150.0,0.05927417427301407
train/loss,63200.0,0.06215374171733856
train/loss,63250.0,0.05632786825299263
train/loss,63300.0,0.06413599848747253
train/loss,63350.0,0.06104279309511185
train/loss,63400.0,0.06493613123893738
train/loss,63450.0,0.06447373330593109
train/loss,63500.0,0.06312762200832367
train/loss,63550.0,0.06671139597892761
train/loss,63600.0,0.06643523275852203
train/loss,63650.0,0.061738818883895874
train/loss,63700.0,0.059842973947525024
train/loss,63750.0,0.06462621688842773
train/loss,63800.0,0.0627766102552414
train/loss,63850.0,0.06407448649406433
train/loss,63900.0,0.06652188301086426
train/loss,63950.0,0.062365300953388214
train/loss,64000.0,0.06183162331581116
train/loss,64050.0,0.06528135389089584
train/loss,64100.0,0.06544500589370728
train/loss,64150.0,0.05959143117070198
train/loss,64200.0,0.05823995918035507
train/loss,64250.0,0.06465695798397064
train/loss,64300.0,0.06597979366779327
train/loss,64350.0,0.06327679753303528
train/loss,64400.0,0.06610910594463348
train/loss,64450.0,0.06679368764162064
train/loss,64500.0,0.06688914448022842
train/loss,64550.0,0.05945245549082756
train/loss,64600.0,0.06301255524158478
train/loss,64650.0,0.06035197153687477
train/loss,64700.0,0.0577290840446949
train/loss,64750.0,0.061237938702106476
train/loss,64800.0,0.06308445334434509
train/loss,64850.0,0.06328956037759781
train/loss,64900.0,0.06608261913061142
train/loss,64950.0,0.06560331583023071
train/loss,65000.0,0.06621240824460983
train/loss,65050.0,0.06147804856300354
train/loss,65100.0,0.06882176548242569
train/loss,65150.0,0.06811632961034775
train/loss,65200.0,0.06597774475812912
train/loss,65250.0,0.06194823980331421
train/loss,65300.0,0.06231307610869408
train/loss,65350.0,0.06017431616783142
train/loss,65400.0,0.0677049309015274
train/loss,65450.0,0.06939269602298737
train/loss,65500.0,0.05740353837609291
train/loss,65550.0,0.06881394982337952
train/loss,65600.0,0.0648963525891304
train/loss,65650.0,0.06384710967540741
train/loss,65700.0,0.06927279382944107
train/loss,65750.0,0.06045762822031975
train/loss,65800.0,0.06627388298511505
train/loss,65850.0,0.06500991433858871
train/loss,65900.0,0.06810742616653442
train/loss,65950.0,0.06675948202610016
train/loss,66000.0,0.06061258912086487
train/loss,66050.0,0.0574047714471817
train/loss,66100.0,0.06852385401725769
train/loss,66150.0,0.06176787242293358
train/loss,66200.0,0.05757753551006317
train/loss,66250.0,0.0648513212800026
train/loss,66300.0,0.06389982998371124
train/loss,66350.0,0.05987441912293434
train/loss,66400.0,0.06634741276502609
train/loss,66450.0,0.06984952092170715
train/loss,66500.0,0.06483852863311768
train/loss,66550.0,0.06557580828666687
train/loss,66600.0,0.06090366095304489
train/loss,66650.0,0.06285146623849869
train/loss,66700.0,0.06474235653877258
train/loss,66750.0,0.0655592605471611
train/loss,66800.0,0.07140809297561646
train/loss,66850.0,0.05939548835158348
train/loss,66900.0,0.06381183862686157
train/loss,66950.0,0.062205951660871506
train/loss,67000.0,0.06193586438894272
train/loss,67050.0,0.06423255801200867
train/loss,67100.0,0.0591571070253849
train/loss,67150.0,0.06625603139400482
train/loss,67200.0,0.06343759596347809
train/loss,67250.0,0.06696835160255432
train/loss,67300.0,0.06754948198795319
train/loss,67350.0,0.06036467105150223
train/loss,67400.0,0.061327140778303146
train/loss,67450.0,0.059629496186971664
train/loss,67500.0,0.06332868337631226
train/loss,67550.0,0.06526730954647064
train/loss,67600.0,0.06565575301647186
train/loss,67650.0,0.06484396755695343
train/loss,67700.0,0.059104688465595245
train/loss,67750.0,0.06399111449718475
train/loss,67800.0,0.061328619718551636
train/loss,67850.0,0.06372924149036407
train/loss,67900.0,0.06347347050905228
train/loss,67950.0,0.06309264898300171
train/loss,68000.0,0.062380217015743256
train/loss,68050.0,0.06355176120996475
train/loss,68100.0,0.06285259872674942
train/loss,68150.0,0.06238218769431114
train/loss,68200.0,0.0638287141919136
train/loss,68250.0,0.06189900264143944
train/loss,68300.0,0.06417656689882278
train/loss,68350.0,0.0626268982887268
train/loss,68400.0,0.06420733779668808
train/loss,68450.0,0.06325087696313858
train/loss,68500.0,0.06386835128068924
train/loss,68550.0,0.06523019820451736
train/loss,68600.0,0.056163184344768524
train/loss,68650.0,0.06158243492245674
train/loss,68700.0,0.06180036813020706
train/loss,68750.0,0.06024567037820816
train/loss,68800.0,0.061926983296871185
train/loss,68850.0,0.05798454210162163
train/loss,68900.0,0.061794646084308624
train/loss,68950.0,0.06218555569648743
train/loss,69000.0,0.05958486348390579
train/loss,69050.0,0.06483857333660126
train/loss,69100.0,0.06581015884876251
train/loss,69150.0,0.06065262109041214
train/loss,69200.0,0.06402547657489777
train/loss,69250.0,0.05574917048215866
train/loss,69300.0,0.06927677989006042
train/loss,69350.0,0.0670255720615387
train/loss,69400.0,0.06405855715274811
train/loss,69450.0,0.06731241941452026
train/loss,69500.0,0.0667421966791153
train/loss,69550.0,0.06860198080539703
train/loss,69600.0,0.05821475386619568
train/loss,69650.0,0.06598277390003204
train/loss,69700.0,0.07109875977039337
train/loss,69750.0,0.06490913778543472
train/loss,69800.0,0.061279963701963425
train/loss,69850.0,0.06880369782447815
train/loss,69900.0,0.06418128311634064
train/loss,69950.0,0.06661254167556763
train/loss,70000.0,0.06701885163784027
train/loss,70050.0,0.06155605986714363
train/loss,70100.0,0.06417468935251236
train/loss,70150.0,0.0655055046081543
train/loss,70200.0,0.06468953937292099
train/loss,70250.0,0.06130557507276535
train/loss,70300.0,0.059506580233573914
train/loss,70350.0,0.06352240592241287
train/loss,70400.0,0.06659640371799469
train/loss,70450.0,0.06322528421878815
train/loss,70500.0,0.06666834652423859
train/loss,70550.0,0.06593769043684006
train/loss,70600.0,0.05669226869940758
train/loss,70650.0,0.06683918833732605
train/loss,70700.0,0.06529167294502258
train/loss,70750.0,0.06730839610099792
train/loss,70800.0,0.06298110634088516
train/loss,70850.0,0.06211557239294052
train/loss,70900.0,0.06628020852804184
train/loss,70950.0,0.06367504596710205
train/loss,71000.0,0.06679116934537888
train/loss,71050.0,0.06544920802116394
train/loss,71100.0,0.06118113175034523
train/loss,71150.0,0.068987175822258
train/loss,71200.0,0.06458069384098053
train/loss,71250.0,0.05985087901353836
train/loss,71300.0,0.05727895349264145
train/loss,71350.0,0.06456410884857178
train/loss,71400.0,0.06607333570718765
train/loss,71450.0,0.06298699975013733
train/loss,71500.0,0.05696725472807884
train/loss,71550.0,0.06230345368385315
train/loss,71600.0,0.06773427873849869
train/loss,71650.0,0.05849556624889374
train/loss,71700.0,0.05939381197094917
train/loss,71750.0,0.06482631713151932
train/loss,71800.0,0.06519318372011185
train/loss,71850.0,0.061769478023052216
train/loss,71900.0,0.060314785689115524
train/loss,71950.0,0.061352089047431946
train/loss,72000.0,0.06213286891579628
train/loss,72050.0,0.06291275471448898
train/loss,72100.0,0.061797283589839935
train/loss,72150.0,0.05507110431790352
train/loss,72200.0,0.05543457716703415
train/loss,72250.0,0.060170531272888184
train/loss,72300.0,0.06402440369129181
train/loss,72350.0,0.06372565776109695
train/loss,72400.0,0.06661540269851685
train/loss,72450.0,0.06433805078268051
train/loss,72500.0,0.06434720009565353
train/loss,72550.0,0.0577089861035347
train/loss,72600.0,0.06910355389118195
train/loss,72650.0,0.06596207618713379
train/loss,72700.0,0.06545568257570267
train/loss,72750.0,0.06353458762168884
train/loss,72800.0,0.057560257613658905
train/loss,72850.0,0.06572400033473969
train/loss,72900.0,0.06362350285053253
train/loss,72950.0,0.0662975162267685
train/loss,73000.0,0.06147278472781181
train/loss,73050.0,0.06506630778312683
train/loss,73100.0,0.06626755744218826
train/loss,73150.0,0.0663747489452362
train/loss,73200.0,0.06789898127317429
train/loss,73250.0,0.061863724142313004
train/loss,73300.0,0.06419084221124649
train/loss,73350.0,0.060864146798849106
train/loss,73400.0,0.06621868163347244
train/loss,73450.0,0.0567995086312294
train/loss,73500.0,0.06282027810811996
train/loss,73550.0,0.0613546296954155
train/loss,73600.0,0.06115911900997162
train/loss,73650.0,0.06805584579706192
train/loss,73700.0,0.05971480906009674
train/loss,73750.0,0.06471724063158035
train/loss,73800.0,0.06652246415615082
train/loss,73850.0,0.06479158997535706
train/loss,73900.0,0.0612064003944397
train/loss,73950.0,0.06314210593700409
train/loss,74000.0,0.06463035196065903
train/loss,74050.0,0.06219205632805824
train/loss,74100.0,0.06193070858716965
train/loss,74150.0,0.05882006138563156
train/loss,74200.0,0.06033322960138321
train/loss,74250.0,0.06518276035785675
train/loss,74300.0,0.059330035001039505
train/loss,74350.0,0.06994883716106415
train/loss,74400.0,0.05813145637512207
train/loss,74450.0,0.06126080080866814
train/loss,74500.0,0.06656980514526367
train/loss,74550.0,0.06472820043563843
train/loss,74600.0,0.06339570879936218
train/loss,74650.0,0.06076744198799133
train/loss,74700.0,0.061131551861763
train/loss,74750.0,0.05833503603935242
train/loss,74800.0,0.06927111744880676
train/loss,74850.0,0.06371323764324188
train/loss,74900.0,0.06113296002149582
train/loss,74950.0,0.0637679398059845
train/loss,75000.0,0.06596381962299347
train/loss,75050.0,0.06464983522891998
train/loss,75100.0,0.05434013158082962
train/loss,75150.0,0.06792338192462921
train/loss,75200.0,0.060434337705373764
train/loss,75250.0,0.0656057745218277
train/loss,75300.0,0.06450748443603516
train/loss,75350.0,0.06473628431558609
train/loss,75400.0,0.06076152250170708
train/loss,75450.0,0.07202500104904175
train/loss,75500.0,0.05524028465151787
train/loss,75550.0,0.06230363994836807
train/loss,75600.0,0.07145286351442337
train/loss,75650.0,0.0686965063214302
train/loss,75700.0,0.05954744294285774
train/loss,75750.0,0.06449886411428452
train/loss,75800.0,0.06631237268447876
train/loss,75850.0,0.06362558901309967
train/loss,75900.0,0.06257126480340958
train/loss,75950.0,0.06349241733551025
train/loss,76000.0,0.06428909301757812
train/loss,76050.0,0.061096154153347015
train/loss,76100.0,0.0618397481739521
train/loss,76150.0,0.060882121324539185
train/loss,76200.0,0.062181733548641205
train/loss,76250.0,0.067905955016613
train/loss,76300.0,0.06617078185081482
train/loss,76350.0,0.06435144692659378
train/loss,76400.0,0.05839293822646141
train/loss,76450.0,0.06630465388298035
train/loss,76500.0,0.06713293492794037
train/loss,76550.0,0.06472621858119965
train/loss,76600.0,0.05991438776254654
train/loss,76650.0,0.06546749174594879
train/loss,76700.0,0.05976027250289917
train/loss,76750.0,0.05997547507286072
train/loss,76800.0,0.06373022496700287
train/loss,76850.0,0.06149005889892578
train/loss,76900.0,0.05805376172065735
train/loss,76950.0,0.06531425565481186
train/loss,77000.0,0.06052891165018082
train/loss,77050.0,0.0705358013510704
train/loss,77100.0,0.05536801740527153
train/loss,77150.0,0.06049293652176857
train/loss,77200.0,0.06132981926202774
train/loss,77250.0,0.06035028398036957
train/loss,77300.0,0.062203746289014816
train/loss,77350.0,0.06494960933923721
train/loss,77400.0,0.058856621384620667
train/loss,77450.0,0.06260883063077927
train/loss,77500.0,0.05877438187599182
train/loss,77550.0,0.05854513496160507
train/loss,77600.0,0.0647508054971695
train/loss,77650.0,0.05920537933707237
train/loss,77700.0,0.0636684000492096
train/loss,77750.0,0.0643145740032196
train/loss,77800.0,0.06631939858198166
train/loss,77850.0,0.06151079386472702
train/loss,77900.0,0.06273966282606125
train/loss,77950.0,0.06962873786687851
train/loss,78000.0,0.060349803417921066
train/loss,78050.0,0.06241129711270332
train/loss,78100.0,0.06032724678516388
train/loss,78150.0,0.0684468150138855
train/loss,78200.0,0.06685087829828262
train/loss,78250.0,0.06463642418384552
train/loss,78300.0,0.06064517796039581
train/loss,78350.0,0.05961139500141144
train/loss,78400.0,0.06137590855360031
train/loss,78450.0,0.058824483305215836
train/loss,78500.0,0.06586244702339172
train/loss,78550.0,0.061648525297641754
train/loss,78600.0,0.06782764941453934
train/loss,78650.0,0.06373069435358047
train/loss,78700.0,0.058932118117809296
train/loss,78750.0,0.06239553168416023
train/loss,78800.0,0.05898068845272064
train/loss,78850.0,0.06725271791219711
train/loss,78900.0,0.06600484997034073
train/loss,78950.0,0.061098650097846985
train/loss,79000.0,0.0551660992205143
train/loss,79050.0,0.06260934472084045
train/loss,79100.0,0.05829903855919838
train/loss,79150.0,0.061901915818452835
train/loss,79200.0,0.06072605028748512
train/loss,79250.0,0.056714873760938644
train/loss,79300.0,0.0661679357290268
train/loss,79350.0,0.06902556121349335
train/loss,79400.0,0.06271231919527054
train/loss,79450.0,0.06703323870897293
train/loss,79500.0,0.06058691442012787
train/loss,79550.0,0.051132239401340485
train/loss,79600.0,0.06167413666844368
train/loss,79650.0,0.06741521507501602
train/loss,79700.0,0.057633306831121445
train/loss,79750.0,0.0620274543762207
train/loss,79800.0,0.0577753446996212
train/loss,79850.0,0.0709138959646225
train/loss,79900.0,0.06581070274114609
train/loss,79950.0,0.05984693765640259
train/loss,80000.0,0.06315367668867111
train/lpips,1.0,0.0
train/lpips,50.0,0.0
train/lpips,100.0,0.0
train/lpips,150.0,0.0
train/lpips,200.0,0.0
train/lpips,250.0,0.0
train/lpips,300.0,0.0
train/lpips,350.0,0.0
train/lpips,400.0,0.0
train/lpips,450.0,0.0
train/lpips,500.0,0.0
train/lpips,550.0,0.0
train/lpips,600.0,0.0
train/lpips,650.0,0.0
train/lpips,700.0,0.0
train/lpips,750.0,0.0
train/lpips,800.0,0.0
train/lpips,850.0,0.0
train/lpips,900.0,0.0
train/lpips,950.0,0.0
train/lpips,1000.0,0.0
train/lpips,1050.0,0.0
train/lpips,1100.0,0.0
train/lpips,1150.0,0.0
train/lpips,1200.0,0.0
train/lpips,1250.0,0.0
train/lpips,1300.0,0.0
train/lpips,1350.0,0.0
train/lpips,1400.0,0.0
train/lpips,1450.0,0.0
train/lpips,1500.0,0.0
train/lpips,1550.0,0.0
train/lpips,1600.0,0.0
train/lpips,1650.0,0.0
train/lpips,1700.0,0.0
train/lpips,1750.0,0.0
train/lpips,1800.0,0.0
train/lpips,1850.0,0.0
train/lpips,1900.0,0.0
train/lpips,1950.0,0.0
train/lpips,2000.0,0.0
train/lpips,2050.0,0.0
train/lpips,2100.0,0.0
train/lpips,2150.0,0.0
train/lpips,2200.0,0.0
train/lpips,2250.0,0.0
train/lpips,2300.0,0.0
train/lpips,2350.0,0.0
train/lpips,2400.0,0.0
train/lpips,2450.0,0.0
train/lpips,2500.0,0.0
train/lpips,2550.0,0.0
train/lpips,2600.0,0.0
train/lpips,2650.0,0.0
train/lpips,2700.0,0.0
train/lpips,2750.0,0.0
train/lpips,2800.0,0.0
train/lpips,2850.0,0.0
train/lpips,2900.0,0.0
train/lpips,2950.0,0.0
train/lpips,3000.0,0.0
train/lpips,3050.0,0.0
train/lpips,3100.0,0.0
train/lpips,3150.0,0.0
train/lpips,3200.0,0.0
train/lpips,3250.0,0.0
train/lpips,3300.0,0.0
train/lpips,3350.0,0.0
train/lpips,3400.0,0.0
train/lpips,3450.0,0.0
train/lpips,3500.0,0.0
train/lpips,3550.0,0.0
train/lpips,3600.0,0.0
train/lpips,3650.0,0.0
train/lpips,3700.0,0.0
train/lpips,3750.0,0.0
train/lpips,3800.0,0.0
train/lpips,3850.0,0.0
train/lpips,3900.0,0.0
train/lpips,3950.0,0.0
train/lpips,4000.0,0.0
train/lpips,4050.0,0.0
train/lpips,4100.0,0.0
train/lpips,4150.0,0.0
train/lpips,4200.0,0.0
train/lpips,4250.0,0.0
train/lpips,4300.0,0.0
train/lpips,4350.0,0.0
train/lpips,4400.0,0.0
train/lpips,4450.0,0.0
train/lpips,4500.0,0.0
train/lpips,4550.0,0.0
train/lpips,4600.0,0.0
train/lpips,4650.0,0.0
train/lpips,4700.0,0.0
train/lpips,4750.0,0.0
train/lpips,4800.0,0.0
train/lpips,4850.0,0.0
train/lpips,4900.0,0.0
train/lpips,4950.0,0.0
train/lpips,5000.0,0.0
train/lpips,5050.0,0.0
train/lpips,5100.0,0.0
train/lpips,5150.0,0.0
train/lpips,5200.0,0.0
train/lpips,5250.0,0.0
train/lpips,5300.0,0.0
train/lpips,5350.0,0.0
train/lpips,5400.0,0.0
train/lpips,5450.0,0.0
train/lpips,5500.0,0.0
train/lpips,5550.0,0.0
train/lpips,5600.0,0.0
train/lpips,5650.0,0.0
train/lpips,5700.0,0.0
train/lpips,5750.0,0.0
train/lpips,5800.0,0.0
train/lpips,5850.0,0.0
train/lpips,5900.0,0.0
train/lpips,5950.0,0.0
train/lpips,6000.0,0.0
train/lpips,6050.0,0.0
train/lpips,6100.0,0.0
train/lpips,6150.0,0.0
train/lpips,6200.0,0.0
train/lpips,6250.0,0.0
train/lpips,6300.0,0.0
train/lpips,6350.0,0.0
train/lpips,6400.0,0.0
train/lpips,6450.0,0.0
train/lpips,6500.0,0.0
train/lpips,6550.0,0.0
train/lpips,6600.0,0.0
train/lpips,6650.0,0.0
train/lpips,6700.0,0.0
train/lpips,6750.0,0.0
train/lpips,6800.0,0.0
train/lpips,6850.0,0.0
train/lpips,6900.0,0.0
train/lpips,6950.0,0.0
train/lpips,7000.0,0.0
train/lpips,7050.0,0.0
train/lpips,7100.0,0.0
train/lpips,7150.0,0.0
train/lpips,7200.0,0.0
train/lpips,7250.0,0.0
train/lpips,7300.0,0.0
train/lpips,7350.0,0.0
train/lpips,7400.0,0.0
train/lpips,7450.0,0.0
train/lpips,7500.0,0.0
train/lpips,7550.0,0.0
train/lpips,7600.0,0.0
train/lpips,7650.0,0.0
train/lpips,7700.0,0.0
train/lpips,7750.0,0.0
train/lpips,7800.0,0.0
train/lpips,7850.0,0.0
train/lpips,7900.0,0.0
train/lpips,7950.0,0.0
train/lpips,8000.0,0.0
train/lpips,8050.0,0.0
train/lpips,8100.0,0.0
train/lpips,8150.0,0.0
train/lpips,8200.0,0.0
train/lpips,8250.0,0.0
train/lpips,8300.0,0.0
train/lpips,8350.0,0.0
train/lpips,8400.0,0.0
train/lpips,8450.0,0.0
train/lpips,8500.0,0.0
train/lpips,8550.0,0.0
train/lpips,8600.0,0.0
train/lpips,8650.0,0.0
train/lpips,8700.0,0.0
train/lpips,8750.0,0.0
train/lpips,8800.0,0.0
train/lpips,8850.0,0.0
train/lpips,8900.0,0.0
train/lpips,8950.0,0.0
train/lpips,9000.0,0.0
train/lpips,9050.0,0.0
train/lpips,9100.0,0.0
train/lpips,9150.0,0.0
train/lpips,9200.0,0.0
train/lpips,9250.0,0.0
train/lpips,9300.0,0.0
train/lpips,9350.0,0.0
train/lpips,9400.0,0.0
train/lpips,9450.0,0.0
train/lpips,9500.0,0.0
train/lpips,9550.0,0.0
train/lpips,9600.0,0.0
train/lpips,9650.0,0.0
train/lpips,9700.0,0.0
train/lpips,9750.0,0.0
train/lpips,9800.0,0.0
train/lpips,9850.0,0.0
train/lpips,9900.0,0.0
train/lpips,9950.0,0.0
train/lpips,10000.0,0.0
train/lpips,10050.0,0.0
train/lpips,10100.0,0.0
train/lpips,10150.0,0.0
train/lpips,10200.0,0.0
train/lpips,10250.0,0.0
train/lpips,10300.0,0.0
train/lpips,10350.0,0.0
train/lpips,10400.0,0.0
train/lpips,10450.0,0.0
train/lpips,10500.0,0.0
train/lpips,10550.0,0.0
train/lpips,10600.0,0.0
train/lpips,10650.0,0.0
train/lpips,10700.0,0.0
train/lpips,10750.0,0.0
train/lpips,10800.0,0.0
train/lpips,10850.0,0.0
train/lpips,10900.0,0.0
train/lpips,10950.0,0.0
train/lpips,11000.0,0.0
train/lpips,11050.0,0.0
train/lpips,11100.0,0.0
train/lpips,11150.0,0.0
train/lpips,11200.0,0.0
train/lpips,11250.0,0.0
train/lpips,11300.0,0.0
train/lpips,11350.0,0.0
train/lpips,11400.0,0.0
train/lpips,11450.0,0.0
train/lpips,11500.0,0.0
train/lpips,11550.0,0.0
train/lpips,11600.0,0.0
train/lpips,11650.0,0.0
train/lpips,11700.0,0.0
train/lpips,11750.0,0.0
train/lpips,11800.0,0.0
train/lpips,11850.0,0.0
train/lpips,11900.0,0.0
train/lpips,11950.0,0.0
train/lpips,12000.0,0.0
train/lpips,12050.0,0.0
train/lpips,12100.0,0.0
train/lpips,12150.0,0.0
train/lpips,12200.0,0.0
train/lpips,12250.0,0.0
train/lpips,12300.0,0.0
train/lpips,12350.0,0.0
train/lpips,12400.0,0.0
train/lpips,12450.0,0.0
train/lpips,12500.0,0.0
train/lpips,12550.0,0.0
train/lpips,12600.0,0.0
train/lpips,12650.0,0.0
train/lpips,12700.0,0.0
train/lpips,12750.0,0.0
train/lpips,12800.0,0.0
train/lpips,12850.0,0.0
train/lpips,12900.0,0.0
train/lpips,12950.0,0.0
train/lpips,13000.0,0.0
train/lpips,13050.0,0.0
train/lpips,13100.0,0.0
train/lpips,13150.0,0.0
train/lpips,13200.0,0.0
train/lpips,13250.0,0.0
train/lpips,13300.0,0.0
train/lpips,13350.0,0.0
train/lpips,13400.0,0.0
train/lpips,13450.0,0.0
train/lpips,13500.0,0.0
train/lpips,13550.0,0.0
train/lpips,13600.0,0.0
train/lpips,13650.0,0.0
train/lpips,13700.0,0.0
train/lpips,13750.0,0.0
train/lpips,13800.0,0.0
train/lpips,13850.0,0.0
train/lpips,13900.0,0.0
train/lpips,13950.0,0.0
train/lpips,14000.0,0.0
train/lpips,14050.0,0.0
train/lpips,14100.0,0.0
train/lpips,14150.0,0.0
train/lpips,14200.0,0.0
train/lpips,14250.0,0.0
train/lpips,14300.0,0.0
train/lpips,14350.0,0.0
train/lpips,14400.0,0.0
train/lpips,14450.0,0.0
train/lpips,14500.0,0.0
train/lpips,14550.0,0.0
train/lpips,14600.0,0.0
train/lpips,14650.0,0.0
train/lpips,14700.0,0.0
train/lpips,14750.0,0.0
train/lpips,14800.0,0.0
train/lpips,14850.0,0.0
train/lpips,14900.0,0.0
train/lpips,14950.0,0.0
train/lpips,15000.0,0.0
train/lpips,15050.0,0.0
train/lpips,15100.0,0.0
train/lpips,15150.0,0.0
train/lpips,15200.0,0.0
train/lpips,15250.0,0.0
train/lpips,15300.0,0.0
train/lpips,15350.0,0.0
train/lpips,15400.0,0.0
train/lpips,15450.0,0.0
train/lpips,15500.0,0.0
train/lpips,15550.0,0.0
train/lpips,15600.0,0.0
train/lpips,15650.0,0.0
train/lpips,15700.0,0.0
train/lpips,15750.0,0.0
train/lpips,15800.0,0.0
train/lpips,15850.0,0.0
train/lpips,15900.0,0.0
train/lpips,15950.0,0.0
train/lpips,16000.0,0.0
train/lpips,16050.0,0.0
train/lpips,16100.0,0.0
train/lpips,16150.0,0.0
train/lpips,16200.0,0.0
train/lpips,16250.0,0.0
train/lpips,16300.0,0.0
train/lpips,16350.0,0.0
train/lpips,16400.0,0.0
train/lpips,16450.0,0.0
train/lpips,16500.0,0.0
train/lpips,16550.0,0.0
train/lpips,16600.0,0.0
train/lpips,16650.0,0.0
train/lpips,16700.0,0.0
train/lpips,16750.0,0.0
train/lpips,16800.0,0.0
train/lpips,16850.0,0.0
train/lpips,16900.0,0.0
train/lpips,16950.0,0.0
train/lpips,17000.0,0.0
train/lpips,17050.0,0.0
train/lpips,17100.0,0.0
train/lpips,17150.0,0.0
train/lpips,17200.0,0.0
train/lpips,17250.0,0.0
train/lpips,17300.0,0.0
train/lpips,17350.0,0.0
train/lpips,17400.0,0.0
train/lpips,17450.0,0.0
train/lpips,17500.0,0.0
train/lpips,17550.0,0.0
train/lpips,17600.0,0.0
train/lpips,17650.0,0.0
train/lpips,17700.0,0.0
train/lpips,17750.0,0.0
train/lpips,17800.0,0.0
train/lpips,17850.0,0.0
train/lpips,17900.0,0.0
train/lpips,17950.0,0.0
train/lpips,18000.0,0.0
train/lpips,18050.0,0.0
train/lpips,18100.0,0.0
train/lpips,18150.0,0.0
train/lpips,18200.0,0.0
train/lpips,18250.0,0.0
train/lpips,18300.0,0.0
train/lpips,18350.0,0.0
train/lpips,18400.0,0.0
train/lpips,18450.0,0.0
train/lpips,18500.0,0.0
train/lpips,18550.0,0.0
train/lpips,18600.0,0.0
train/lpips,18650.0,0.0
train/lpips,18700.0,0.0
train/lpips,18750.0,0.0
train/lpips,18800.0,0.0
train/lpips,18850.0,0.0
train/lpips,18900.0,0.0
train/lpips,18950.0,0.0
train/lpips,19000.0,0.0
train/lpips,19050.0,0.0
train/lpips,19100.0,0.0
train/lpips,19150.0,0.0
train/lpips,19200.0,0.0
train/lpips,19250.0,0.0
train/lpips,19300.0,0.0
train/lpips,19350.0,0.0
train/lpips,19400.0,0.0
train/lpips,19450.0,0.0
train/lpips,19500.0,0.0
train/lpips,19550.0,0.0
train/lpips,19600.0,0.0
train/lpips,19650.0,0.0
train/lpips,19700.0,0.0
train/lpips,19750.0,0.0
train/lpips,19800.0,0.0
train/lpips,19850.0,0.0
train/lpips,19900.0,0.0
train/lpips,19950.0,0.0
train/lpips,20000.0,0.0
train/lpips,20050.0,0.0
train/lpips,20100.0,0.0
train/lpips,20150.0,0.0
train/lpips,20200.0,0.0
train/lpips,20250.0,0.0
train/lpips,20300.0,0.0
train/lpips,20350.0,0.0
train/lpips,20400.0,0.0
train/lpips,20450.0,0.0
train/lpips,20500.0,0.0
train/lpips,20550.0,0.0
train/lpips,20600.0,0.0
train/lpips,20650.0,0.0
train/lpips,20700.0,0.0
train/lpips,20750.0,0.0
train/lpips,20800.0,0.0
train/lpips,20850.0,0.0
train/lpips,20900.0,0.0
train/lpips,20950.0,0.0
train/lpips,21000.0,0.0
train/lpips,21050.0,0.0
train/lpips,21100.0,0.0
train/lpips,21150.0,0.0
train/lpips,21200.0,0.0
train/lpips,21250.0,0.0
train/lpips,21300.0,0.0
train/lpips,21350.0,0.0
train/lpips,21400.0,0.0
train/lpips,21450.0,0.0
train/lpips,21500.0,0.0
train/lpips,21550.0,0.0
train/lpips,21600.0,0.0
train/lpips,21650.0,0.0
train/lpips,21700.0,0.0
train/lpips,21750.0,0.0
train/lpips,21800.0,0.0
train/lpips,21850.0,0.0
train/lpips,21900.0,0.0
train/lpips,21950.0,0.0
train/lpips,22000.0,0.0
train/lpips,22050.0,0.0
train/lpips,22100.0,0.0
train/lpips,22150.0,0.0
train/lpips,22200.0,0.0
train/lpips,22250.0,0.0
train/lpips,22300.0,0.0
train/lpips,22350.0,0.0
train/lpips,22400.0,0.0
train/lpips,22450.0,0.0
train/lpips,22500.0,0.0
train/lpips,22550.0,0.0
train/lpips,22600.0,0.0
train/lpips,22650.0,0.0
train/lpips,22700.0,0.0
train/lpips,22750.0,0.0
train/lpips,22800.0,0.0
train/lpips,22850.0,0.0
train/lpips,22900.0,0.0
train/lpips,22950.0,0.0
train/lpips,23000.0,0.0
train/lpips,23050.0,0.0
train/lpips,23100.0,0.0
train/lpips,23150.0,0.0
train/lpips,23200.0,0.0
train/lpips,23250.0,0.0
train/lpips,23300.0,0.0
train/lpips,23350.0,0.0
train/lpips,23400.0,0.0
train/lpips,23450.0,0.0
train/lpips,23500.0,0.0
train/lpips,23550.0,0.0
train/lpips,23600.0,0.0
train/lpips,23650.0,0.0
train/lpips,23700.0,0.0
train/lpips,23750.0,0.0
train/lpips,23800.0,0.0
train/lpips,23850.0,0.0
train/lpips,23900.0,0.0
train/lpips,23950.0,0.0
train/lpips,24000.0,0.0
train/lpips,24050.0,0.0
train/lpips,24100.0,0.0
train/lpips,24150.0,0.0
train/lpips,24200.0,0.0
train/lpips,24250.0,0.0
train/lpips,24300.0,0.0
train/lpips,24350.0,0.0
train/lpips,24400.0,0.0
train/lpips,24450.0,0.0
train/lpips,24500.0,0.0
train/lpips,24550.0,0.0
train/lpips,24600.0,0.0
train/lpips,24650.0,0.0
train/lpips,24700.0,0.0
train/lpips,24750.0,0.0
train/lpips,24800.0,0.0
train/lpips,24850.0,0.0
train/lpips,24900.0,0.0
train/lpips,24950.0,0.0
train/lpips,25000.0,0.0
train/lpips,25050.0,0.0
train/lpips,25100.0,0.0
train/lpips,25150.0,0.0
train/lpips,25200.0,0.0
train/lpips,25250.0,0.0
train/lpips,25300.0,0.0
train/lpips,25350.0,0.0
train/lpips,25400.0,0.0
train/lpips,25450.0,0.0
train/lpips,25500.0,0.0
train/lpips,25550.0,0.0
train/lpips,25600.0,0.0
train/lpips,25650.0,0.0
train/lpips,25700.0,0.0
train/lpips,25750.0,0.0
train/lpips,25800.0,0.0
train/lpips,25850.0,0.0
train/lpips,25900.0,0.0
train/lpips,25950.0,0.0
train/lpips,26000.0,0.0
train/lpips,26050.0,0.0
train/lpips,26100.0,0.0
train/lpips,26150.0,0.0
train/lpips,26200.0,0.0
train/lpips,26250.0,0.0
train/lpips,26300.0,0.0
train/lpips,26350.0,0.0
train/lpips,26400.0,0.0
train/lpips,26450.0,0.0
train/lpips,26500.0,0.0
train/lpips,26550.0,0.0
train/lpips,26600.0,0.0
train/lpips,26650.0,0.0
train/lpips,26700.0,0.0
train/lpips,26750.0,0.0
train/lpips,26800.0,0.0
train/lpips,26850.0,0.0
train/lpips,26900.0,0.0
train/lpips,26950.0,0.0
train/lpips,27000.0,0.0
train/lpips,27050.0,0.0
train/lpips,27100.0,0.0
train/lpips,27150.0,0.0
train/lpips,27200.0,0.0
train/lpips,27250.0,0.0
train/lpips,27300.0,0.0
train/lpips,27350.0,0.0
train/lpips,27400.0,0.0
train/lpips,27450.0,0.0
train/lpips,27500.0,0.0
train/lpips,27550.0,0.0
train/lpips,27600.0,0.0
train/lpips,27650.0,0.0
train/lpips,27700.0,0.0
train/lpips,27750.0,0.0
train/lpips,27800.0,0.0
train/lpips,27850.0,0.0
train/lpips,27900.0,0.0
train/lpips,27950.0,0.0
train/lpips,28000.0,0.0
train/lpips,28050.0,0.0
train/lpips,28100.0,0.0
train/lpips,28150.0,0.0
train/lpips,28200.0,0.0
train/lpips,28250.0,0.0
train/lpips,28300.0,0.0
train/lpips,28350.0,0.0
train/lpips,28400.0,0.0
train/lpips,28450.0,0.0
train/lpips,28500.0,0.0
train/lpips,28550.0,0.0
train/lpips,28600.0,0.0
train/lpips,28650.0,0.0
train/lpips,28700.0,0.0
train/lpips,28750.0,0.0
train/lpips,28800.0,0.0
train/lpips,28850.0,0.0
train/lpips,28900.0,0.0
train/lpips,28950.0,0.0
train/lpips,29000.0,0.0
train/lpips,29050.0,0.0
train/lpips,29100.0,0.0
train/lpips,29150.0,0.0
train/lpips,29200.0,0.0
train/lpips,29250.0,0.0
train/lpips,29300.0,0.0
train/lpips,29350.0,0.0
train/lpips,29400.0,0.0
train/lpips,29450.0,0.0
train/lpips,29500.0,0.0
train/lpips,29550.0,0.0
train/lpips,29600.0,0.0
train/lpips,29650.0,0.0
train/lpips,29700.0,0.0
train/lpips,29750.0,0.0
train/lpips,29800.0,0.0
train/lpips,29850.0,0.0
train/lpips,29900.0,0.0
train/lpips,29950.0,0.0
train/lpips,30000.0,0.0
train/lpips,30050.0,0.0
train/lpips,30100.0,0.0
train/lpips,30150.0,0.0
train/lpips,30200.0,0.0
train/lpips,30250.0,0.0
train/lpips,30300.0,0.0
train/lpips,30350.0,0.0
train/lpips,30400.0,0.0
train/lpips,30450.0,0.0
train/lpips,30500.0,0.0
train/lpips,30550.0,0.0
train/lpips,30600.0,0.0
train/lpips,30650.0,0.0
train/lpips,30700.0,0.0
train/lpips,30750.0,0.0
train/lpips,30800.0,0.0
train/lpips,30850.0,0.0
train/lpips,30900.0,0.0
train/lpips,30950.0,0.0
train/lpips,31000.0,0.0
train/lpips,31050.0,0.0
train/lpips,31100.0,0.0
train/lpips,31150.0,0.0
train/lpips,31200.0,0.0
train/lpips,31250.0,0.0
train/lpips,31300.0,0.0
train/lpips,31350.0,0.0
train/lpips,31400.0,0.0
train/lpips,31450.0,0.0
train/lpips,31500.0,0.0
train/lpips,31550.0,0.0
train/lpips,31600.0,0.0
train/lpips,31650.0,0.0
train/lpips,31700.0,0.0
train/lpips,31750.0,0.0
train/lpips,31800.0,0.0
train/lpips,31850.0,0.0
train/lpips,31900.0,0.0
train/lpips,31950.0,0.0
train/lpips,32000.0,0.0
train/lpips,32050.0,0.0
train/lpips,32100.0,0.0
train/lpips,32150.0,0.0
train/lpips,32200.0,0.0
train/lpips,32250.0,0.0
train/lpips,32300.0,0.0
train/lpips,32350.0,0.0
train/lpips,32400.0,0.0
train/lpips,32450.0,0.0
train/lpips,32500.0,0.0
train/lpips,32550.0,0.0
train/lpips,32600.0,0.0
train/lpips,32650.0,0.0
train/lpips,32700.0,0.0
train/lpips,32750.0,0.0
train/lpips,32800.0,0.0
train/lpips,32850.0,0.0
train/lpips,32900.0,0.0
train/lpips,32950.0,0.0
train/lpips,33000.0,0.0
train/lpips,33050.0,0.0
train/lpips,33100.0,0.0
train/lpips,33150.0,0.0
train/lpips,33200.0,0.0
train/lpips,33250.0,0.0
train/lpips,33300.0,0.0
train/lpips,33350.0,0.0
train/lpips,33400.0,0.0
train/lpips,33450.0,0.0
train/lpips,33500.0,0.0
train/lpips,33550.0,0.0
train/lpips,33600.0,0.0
train/lpips,33650.0,0.0
train/lpips,33700.0,0.0
train/lpips,33750.0,0.0
train/lpips,33800.0,0.0
train/lpips,33850.0,0.0
train/lpips,33900.0,0.0
train/lpips,33950.0,0.0
train/lpips,34000.0,0.0
train/lpips,34050.0,0.0
train/lpips,34100.0,0.0
train/lpips,34150.0,0.0
train/lpips,34200.0,0.0
train/lpips,34250.0,0.0
train/lpips,34300.0,0.0
train/lpips,34350.0,0.0
train/lpips,34400.0,0.0
train/lpips,34450.0,0.0
train/lpips,34500.0,0.0
train/lpips,34550.0,0.0
train/lpips,34600.0,0.0
train/lpips,34650.0,0.0
train/lpips,34700.0,0.0
train/lpips,34750.0,0.0
train/lpips,34800.0,0.0
train/lpips,34850.0,0.0
train/lpips,34900.0,0.0
train/lpips,34950.0,0.0
train/lpips,35000.0,0.0
train/lpips,35050.0,0.0
train/lpips,35100.0,0.0
train/lpips,35150.0,0.0
train/lpips,35200.0,0.0
train/lpips,35250.0,0.0
train/lpips,35300.0,0.0
train/lpips,35350.0,0.0
train/lpips,35400.0,0.0
train/lpips,35450.0,0.0
train/lpips,35500.0,0.0
train/lpips,35550.0,0.0
train/lpips,35600.0,0.0
train/lpips,35650.0,0.0
train/lpips,35700.0,0.0
train/lpips,35750.0,0.0
train/lpips,35800.0,0.0
train/lpips,35850.0,0.0
train/lpips,35900.0,0.0
train/lpips,35950.0,0.0
train/lpips,36000.0,0.0
train/lpips,36050.0,0.0
train/lpips,36100.0,0.0
train/lpips,36150.0,0.0
train/lpips,36200.0,0.0
train/lpips,36250.0,0.0
train/lpips,36300.0,0.0
train/lpips,36350.0,0.0
train/lpips,36400.0,0.0
train/lpips,36450.0,0.0
train/lpips,36500.0,0.0
train/lpips,36550.0,0.0
train/lpips,36600.0,0.0
train/lpips,36650.0,0.0
train/lpips,36700.0,0.0
train/lpips,36750.0,0.0
train/lpips,36800.0,0.0
train/lpips,36850.0,0.0
train/lpips,36900.0,0.0
train/lpips,36950.0,0.0
train/lpips,37000.0,0.0
train/lpips,37050.0,0.0
train/lpips,37100.0,0.0
train/lpips,37150.0,0.0
train/lpips,37200.0,0.0
train/lpips,37250.0,0.0
train/lpips,37300.0,0.0
train/lpips,37350.0,0.0
train/lpips,37400.0,0.0
train/lpips,37450.0,0.0
train/lpips,37500.0,0.0
train/lpips,37550.0,0.0
train/lpips,37600.0,0.0
train/lpips,37650.0,0.0
train/lpips,37700.0,0.0
train/lpips,37750.0,0.0
train/lpips,37800.0,0.0
train/lpips,37850.0,0.0
train/lpips,37900.0,0.0
train/lpips,37950.0,0.0
train/lpips,38000.0,0.0
train/lpips,38050.0,0.0
train/lpips,38100.0,0.0
train/lpips,38150.0,0.0
train/lpips,38200.0,0.0
train/lpips,38250.0,0.0
train/lpips,38300.0,0.0
train/lpips,38350.0,0.0
train/lpips,38400.0,0.0
train/lpips,38450.0,0.0
train/lpips,38500.0,0.0
train/lpips,38550.0,0.0
train/lpips,38600.0,0.0
train/lpips,38650.0,0.0
train/lpips,38700.0,0.0
train/lpips,38750.0,0.0
train/lpips,38800.0,0.0
train/lpips,38850.0,0.0
train/lpips,38900.0,0.0
train/lpips,38950.0,0.0
train/lpips,39000.0,0.0
train/lpips,39050.0,0.0
train/lpips,39100.0,0.0
train/lpips,39150.0,0.0
train/lpips,39200.0,0.0
train/lpips,39250.0,0.0
train/lpips,39300.0,0.0
train/lpips,39350.0,0.0
train/lpips,39400.0,0.0
train/lpips,39450.0,0.0
train/lpips,39500.0,0.0
train/lpips,39550.0,0.0
train/lpips,39600.0,0.0
train/lpips,39650.0,0.0
train/lpips,39700.0,0.0
train/lpips,39750.0,0.0
train/lpips,39800.0,0.0
train/lpips,39850.0,0.0
train/lpips,39900.0,0.0
train/lpips,39950.0,0.0
train/lpips,40000.0,0.0
train/lpips,40050.0,0.0
train/lpips,40100.0,0.0
train/lpips,40150.0,0.0
train/lpips,40200.0,0.0
train/lpips,40250.0,0.0
train/lpips,40300.0,0.0
train/lpips,40350.0,0.0
train/lpips,40400.0,0.0
train/lpips,40450.0,0.0
train/lpips,40500.0,0.0
train/lpips,40550.0,0.0
train/lpips,40600.0,0.0
train/lpips,40650.0,0.0
train/lpips,40700.0,0.0
train/lpips,40750.0,0.0
train/lpips,40800.0,0.0
train/lpips,40850.0,0.0
train/lpips,40900.0,0.0
train/lpips,40950.0,0.0
train/lpips,41000.0,0.0
train/lpips,41050.0,0.0
train/lpips,41100.0,0.0
train/lpips,41150.0,0.0
train/lpips,41200.0,0.0
train/lpips,41250.0,0.0
train/lpips,41300.0,0.0
train/lpips,41350.0,0.0
train/lpips,41400.0,0.0
train/lpips,41450.0,0.0
train/lpips,41500.0,0.0
train/lpips,41550.0,0.0
train/lpips,41600.0,0.0
train/lpips,41650.0,0.0
train/lpips,41700.0,0.0
train/lpips,41750.0,0.0
train/lpips,41800.0,0.0
train/lpips,41850.0,0.0
train/lpips,41900.0,0.0
train/lpips,41950.0,0.0
train/lpips,42000.0,0.0
train/lpips,42050.0,0.0
train/lpips,42100.0,0.0
train/lpips,42150.0,0.0
train/lpips,42200.0,0.0
train/lpips,42250.0,0.0
train/lpips,42300.0,0.0
train/lpips,42350.0,0.0
train/lpips,42400.0,0.0
train/lpips,42450.0,0.0
train/lpips,42500.0,0.0
train/lpips,42550.0,0.0
train/lpips,42600.0,0.0
train/lpips,42650.0,0.0
train/lpips,42700.0,0.0
train/lpips,42750.0,0.0
train/lpips,42800.0,0.0
train/lpips,42850.0,0.0
train/lpips,42900.0,0.0
train/lpips,42950.0,0.0
train/lpips,43000.0,0.0
train/lpips,43050.0,0.0
train/lpips,43100.0,0.0
train/lpips,43150.0,0.0
train/lpips,43200.0,0.0
train/lpips,43250.0,0.0
train/lpips,43300.0,0.0
train/lpips,43350.0,0.0
train/lpips,43400.0,0.0
train/lpips,43450.0,0.0
train/lpips,43500.0,0.0
train/lpips,43550.0,0.0
train/lpips,43600.0,0.0
train/lpips,43650.0,0.0
train/lpips,43700.0,0.0
train/lpips,43750.0,0.0
train/lpips,43800.0,0.0
train/lpips,43850.0,0.0
train/lpips,43900.0,0.0
train/lpips,43950.0,0.0
train/lpips,44000.0,0.0
train/lpips,44050.0,0.0
train/lpips,44100.0,0.0
train/lpips,44150.0,0.0
train/lpips,44200.0,0.0
train/lpips,44250.0,0.0
train/lpips,44300.0,0.0
train/lpips,44350.0,0.0
train/lpips,44400.0,0.0
train/lpips,44450.0,0.0
train/lpips,44500.0,0.0
train/lpips,44550.0,0.0
train/lpips,44600.0,0.0
train/lpips,44650.0,0.0
train/lpips,44700.0,0.0
train/lpips,44750.0,0.0
train/lpips,44800.0,0.0
train/lpips,44850.0,0.0
train/lpips,44900.0,0.0
train/lpips,44950.0,0.0
train/lpips,45000.0,0.0
train/lpips,45050.0,0.0
train/lpips,45100.0,0.0
train/lpips,45150.0,0.0
train/lpips,45200.0,0.0
train/lpips,45250.0,0.0
train/lpips,45300.0,0.0
train/lpips,45350.0,0.0
train/lpips,45400.0,0.0
train/lpips,45450.0,0.0
train/lpips,45500.0,0.0
train/lpips,45550.0,0.0
train/lpips,45600.0,0.0
train/lpips,45650.0,0.0
train/lpips,45700.0,0.0
train/lpips,45750.0,0.0
train/lpips,45800.0,0.0
train/lpips,45850.0,0.0
train/lpips,45900.0,0.0
train/lpips,45950.0,0.0
train/lpips,46000.0,0.0
train/lpips,46050.0,0.0
train/lpips,46100.0,0.0
train/lpips,46150.0,0.0
train/lpips,46200.0,0.0
train/lpips,46250.0,0.0
train/lpips,46300.0,0.0
train/lpips,46350.0,0.0
train/lpips,46400.0,0.0
train/lpips,46450.0,0.0
train/lpips,46500.0,0.0
train/lpips,46550.0,0.0
train/lpips,46600.0,0.0
train/lpips,46650.0,0.0
train/lpips,46700.0,0.0
train/lpips,46750.0,0.0
train/lpips,46800.0,0.0
train/lpips,46850.0,0.0
train/lpips,46900.0,0.0
train/lpips,46950.0,0.0
train/lpips,47000.0,0.0
train/lpips,47050.0,0.0
train/lpips,47100.0,0.0
train/lpips,47150.0,0.0
train/lpips,47200.0,0.0
train/lpips,47250.0,0.0
train/lpips,47300.0,0.0
train/lpips,47350.0,0.0
train/lpips,47400.0,0.0
train/lpips,47450.0,0.0
train/lpips,47500.0,0.0
train/lpips,47550.0,0.0
train/lpips,47600.0,0.0
train/lpips,47650.0,0.0
train/lpips,47700.0,0.0
train/lpips,47750.0,0.0
train/lpips,47800.0,0.0
train/lpips,47850.0,0.0
train/lpips,47900.0,0.0
train/lpips,47950.0,0.0
train/lpips,48000.0,0.0
train/lpips,48050.0,0.0
train/lpips,48100.0,0.0
train/lpips,48150.0,0.0
train/lpips,48200.0,0.0
train/lpips,48250.0,0.0
train/lpips,48300.0,0.0
train/lpips,48350.0,0.0
train/lpips,48400.0,0.0
train/lpips,48450.0,0.0
train/lpips,48500.0,0.0
train/lpips,48550.0,0.0
train/lpips,48600.0,0.0
train/lpips,48650.0,0.0
train/lpips,48700.0,0.0
train/lpips,48750.0,0.0
train/lpips,48800.0,0.0
train/lpips,48850.0,0.0
train/lpips,48900.0,0.0
train/lpips,48950.0,0.0
train/lpips,49000.0,0.0
train/lpips,49050.0,0.0
train/lpips,49100.0,0.0
train/lpips,49150.0,0.0
train/lpips,49200.0,0.0
train/lpips,49250.0,0.0
train/lpips,49300.0,0.0
train/lpips,49350.0,0.0
train/lpips,49400.0,0.0
train/lpips,49450.0,0.0
train/lpips,49500.0,0.0
train/lpips,49550.0,0.0
train/lpips,49600.0,0.0
train/lpips,49650.0,0.0
train/lpips,49700.0,0.0
train/lpips,49750.0,0.0
train/lpips,49800.0,0.0
train/lpips,49850.0,0.0
train/lpips,49900.0,0.0
train/lpips,49950.0,0.0
train/lpips,50000.0,0.0
train/lpips,50050.0,0.0
train/lpips,50100.0,0.0
train/lpips,50150.0,0.0
train/lpips,50200.0,0.0
train/lpips,50250.0,0.0
train/lpips,50300.0,0.0
train/lpips,50350.0,0.0
train/lpips,50400.0,0.0
train/lpips,50450.0,0.0
train/lpips,50500.0,0.0
train/lpips,50550.0,0.0
train/lpips,50600.0,0.0
train/lpips,50650.0,0.0
train/lpips,50700.0,0.0
train/lpips,50750.0,0.0
train/lpips,50800.0,0.0
train/lpips,50850.0,0.0
train/lpips,50900.0,0.0
train/lpips,50950.0,0.0
train/lpips,51000.0,0.0
train/lpips,51050.0,0.0
train/lpips,51100.0,0.0
train/lpips,51150.0,0.0
train/lpips,51200.0,0.0
train/lpips,51250.0,0.0
train/lpips,51300.0,0.0
train/lpips,51350.0,0.0
train/lpips,51400.0,0.0
train/lpips,51450.0,0.0
train/lpips,51500.0,0.0
train/lpips,51550.0,0.0
train/lpips,51600.0,0.0
train/lpips,51650.0,0.0
train/lpips,51700.0,0.0
train/lpips,51750.0,0.0
train/lpips,51800.0,0.0
train/lpips,51850.0,0.0
train/lpips,51900.0,0.0
train/lpips,51950.0,0.0
train/lpips,52000.0,0.0
train/lpips,52050.0,0.0
train/lpips,52100.0,0.0
train/lpips,52150.0,0.0
train/lpips,52200.0,0.0
train/lpips,52250.0,0.0
train/lpips,52300.0,0.0
train/lpips,52350.0,0.0
train/lpips,52400.0,0.0
train/lpips,52450.0,0.0
train/lpips,52500.0,0.0
train/lpips,52550.0,0.0
train/lpips,52600.0,0.0
train/lpips,52650.0,0.0
train/lpips,52700.0,0.0
train/lpips,52750.0,0.0
train/lpips,52800.0,0.0
train/lpips,52850.0,0.0
train/lpips,52900.0,0.0
train/lpips,52950.0,0.0
train/lpips,53000.0,0.0
train/lpips,53050.0,0.0
train/lpips,53100.0,0.0
train/lpips,53150.0,0.0
train/lpips,53200.0,0.0
train/lpips,53250.0,0.0
train/lpips,53300.0,0.0
train/lpips,53350.0,0.0
train/lpips,53400.0,0.0
train/lpips,53450.0,0.0
train/lpips,53500.0,0.0
train/lpips,53550.0,0.0
train/lpips,53600.0,0.0
train/lpips,53650.0,0.0
train/lpips,53700.0,0.0
train/lpips,53750.0,0.0
train/lpips,53800.0,0.0
train/lpips,53850.0,0.0
train/lpips,53900.0,0.0
train/lpips,53950.0,0.0
train/lpips,54000.0,0.0
train/lpips,54050.0,0.0
train/lpips,54100.0,0.0
train/lpips,54150.0,0.0
train/lpips,54200.0,0.0
train/lpips,54250.0,0.0
train/lpips,54300.0,0.0
train/lpips,54350.0,0.0
train/lpips,54400.0,0.0
train/lpips,54450.0,0.0
train/lpips,54500.0,0.0
train/lpips,54550.0,0.0
train/lpips,54600.0,0.0
train/lpips,54650.0,0.0
train/lpips,54700.0,0.0
train/lpips,54750.0,0.0
train/lpips,54800.0,0.0
train/lpips,54850.0,0.0
train/lpips,54900.0,0.0
train/lpips,54950.0,0.0
train/lpips,55000.0,0.0
train/lpips,55050.0,0.0
train/lpips,55100.0,0.0
train/lpips,55150.0,0.0
train/lpips,55200.0,0.0
train/lpips,55250.0,0.0
train/lpips,55300.0,0.0
train/lpips,55350.0,0.0
train/lpips,55400.0,0.0
train/lpips,55450.0,0.0
train/lpips,55500.0,0.0
train/lpips,55550.0,0.0
train/lpips,55600.0,0.0
train/lpips,55650.0,0.0
train/lpips,55700.0,0.0
train/lpips,55750.0,0.0
train/lpips,55800.0,0.0
train/lpips,55850.0,0.0
train/lpips,55900.0,0.0
train/lpips,55950.0,0.0
train/lpips,56000.0,0.0
train/lpips,56050.0,0.0
train/lpips,56100.0,0.0
train/lpips,56150.0,0.0
train/lpips,56200.0,0.0
train/lpips,56250.0,0.0
train/lpips,56300.0,0.0
train/lpips,56350.0,0.0
train/lpips,56400.0,0.0
train/lpips,56450.0,0.0
train/lpips,56500.0,0.0
train/lpips,56550.0,0.0
train/lpips,56600.0,0.0
train/lpips,56650.0,0.0
train/lpips,56700.0,0.0
train/lpips,56750.0,0.0
train/lpips,56800.0,0.0
train/lpips,56850.0,0.0
train/lpips,56900.0,0.0
train/lpips,56950.0,0.0
train/lpips,57000.0,0.0
train/lpips,57050.0,0.0
train/lpips,57100.0,0.0
train/lpips,57150.0,0.0
train/lpips,57200.0,0.0
train/lpips,57250.0,0.0
train/lpips,57300.0,0.0
train/lpips,57350.0,0.0
train/lpips,57400.0,0.0
train/lpips,57450.0,0.0
train/lpips,57500.0,0.0
train/lpips,57550.0,0.0
train/lpips,57600.0,0.0
train/lpips,57650.0,0.0
train/lpips,57700.0,0.0
train/lpips,57750.0,0.0
train/lpips,57800.0,0.0
train/lpips,57850.0,0.0
train/lpips,57900.0,0.0
train/lpips,57950.0,0.0
train/lpips,58000.0,0.0
train/lpips,58050.0,0.0
train/lpips,58100.0,0.0
train/lpips,58150.0,0.0
train/lpips,58200.0,0.0
train/lpips,58250.0,0.0
train/lpips,58300.0,0.0
train/lpips,58350.0,0.0
train/lpips,58400.0,0.0
train/lpips,58450.0,0.0
train/lpips,58500.0,0.0
train/lpips,58550.0,0.0
train/lpips,58600.0,0.0
train/lpips,58650.0,0.0
train/lpips,58700.0,0.0
train/lpips,58750.0,0.0
train/lpips,58800.0,0.0
train/lpips,58850.0,0.0
train/lpips,58900.0,0.0
train/lpips,58950.0,0.0
train/lpips,59000.0,0.0
train/lpips,59050.0,0.0
train/lpips,59100.0,0.0
train/lpips,59150.0,0.0
train/lpips,59200.0,0.0
train/lpips,59250.0,0.0
train/lpips,59300.0,0.0
train/lpips,59350.0,0.0
train/lpips,59400.0,0.0
train/lpips,59450.0,0.0
train/lpips,59500.0,0.0
train/lpips,59550.0,0.0
train/lpips,59600.0,0.0
train/lpips,59650.0,0.0
train/lpips,59700.0,0.0
train/lpips,59750.0,0.0
train/lpips,59800.0,0.0
train/lpips,59850.0,0.0
train/lpips,59900.0,0.0
train/lpips,59950.0,0.0
train/lpips,60000.0,0.0
train/lpips,60050.0,0.307372123003006
train/lpips,60100.0,0.2223270833492279
train/lpips,60150.0,0.229343980550766
train/lpips,60200.0,0.2388986498117447
train/lpips,60250.0,0.19448845088481903
train/lpips,60300.0,0.1898500621318817
train/lpips,60350.0,0.2028563767671585
train/lpips,60400.0,0.2184632271528244
train/lpips,60450.0,0.22856983542442322
train/lpips,60500.0,0.18949979543685913
train/lpips,60550.0,0.18598797917366028
train/lpips,60600.0,0.22760668396949768
train/lpips,60650.0,0.1894117295742035
train/lpips,60700.0,0.18555700778961182
train/lpips,60750.0,0.21460691094398499
train/lpips,60800.0,0.19268886744976044
train/lpips,60850.0,0.21405822038650513
train/lpips,60900.0,0.21734683215618134
train/lpips,60950.0,0.2050860971212387
train/lpips,61000.0,0.195020854473114
train/lpips,61050.0,0.19170838594436646
train/lpips,61100.0,0.2084795981645584
train/lpips,61150.0,0.19735406339168549
train/lpips,61200.0,0.20061330497264862
train/lpips,61250.0,0.17169076204299927
train/lpips,61300.0,0.20275837182998657
train/lpips,61350.0,0.20661760866641998
train/lpips,61400.0,0.1969979703426361
train/lpips,61450.0,0.20285752415657043
train/lpips,61500.0,0.19173289835453033
train/lpips,61550.0,0.19447283446788788
train/lpips,61600.0,0.20916932821273804
train/lpips,61650.0,0.20058289170265198
train/lpips,61700.0,0.2101355642080307
train/lpips,61750.0,0.1857532560825348
train/lpips,61800.0,0.1990731954574585
train/lpips,61850.0,0.204226553440094
train/lpips,61900.0,0.21378561854362488
train/lpips,61950.0,0.20095068216323853
train/lpips,62000.0,0.1996709704399109
train/lpips,62050.0,0.21870334446430206
train/lpips,62100.0,0.2117701917886734
train/lpips,62150.0,0.19014239311218262
train/lpips,62200.0,0.20640645921230316
train/lpips,62250.0,0.20325112342834473
train/lpips,62300.0,0.20555973052978516
train/lpips,62350.0,0.1953623741865158
train/lpips,62400.0,0.20162147283554077
train/lpips,62450.0,0.204114630818367
train/lpips,62500.0,0.18441227078437805
train/lpips,62550.0,0.20393921434879303
train/lpips,62600.0,0.18937493860721588
train/lpips,62650.0,0.20311328768730164
train/lpips,62700.0,0.18941529095172882
train/lpips,62750.0,0.20715461671352386
train/lpips,62800.0,0.1721772849559784
train/lpips,62850.0,0.20695112645626068
train/lpips,62900.0,0.20018908381462097
train/lpips,62950.0,0.20528236031532288
train/lpips,63000.0,0.21312734484672546
train/lpips,63050.0,0.19424697756767273
train/lpips,63100.0,0.20549333095550537
train/lpips,63150.0,0.18826228380203247
train/lpips,63200.0,0.20013491809368134
train/lpips,63250.0,0.18905848264694214
train/lpips,63300.0,0.18980886042118073
train/lpips,63350.0,0.17962762713432312
train/lpips,63400.0,0.19948643445968628
train/lpips,63450.0,0.1952788233757019
train/lpips,63500.0,0.195964515209198
train/lpips,63550.0,0.18925762176513672
train/lpips,63600.0,0.19904182851314545
train/lpips,63650.0,0.18595987558364868
train/lpips,63700.0,0.1852373629808426
train/lpips,63750.0,0.18876312673091888
train/lpips,63800.0,0.2009323239326477
train/lpips,63850.0,0.1836683452129364
train/lpips,63900.0,0.19382058084011078
train/lpips,63950.0,0.1778319776058197
train/lpips,64000.0,0.19113865494728088
train/lpips,64050.0,0.1911303848028183
train/lpips,64100.0,0.20709703862667084
train/lpips,64150.0,0.17093542218208313
train/lpips,64200.0,0.1804651916027069
train/lpips,64250.0,0.2013731300830841
train/lpips,64300.0,0.20176348090171814
train/lpips,64350.0,0.18346604704856873
train/lpips,64400.0,0.21215024590492249
train/lpips,64450.0,0.2063644826412201
train/lpips,64500.0,0.1942242681980133
train/lpips,64550.0,0.17943622171878815
train/lpips,64600.0,0.19749173521995544
train/lpips,64650.0,0.19560077786445618
train/lpips,64700.0,0.1811070740222931
train/lpips,64750.0,0.1780136227607727
train/lpips,64800.0,0.20283618569374084
train/lpips,64850.0,0.185312420129776
train/lpips,64900.0,0.18953436613082886
train/lpips,64950.0,0.20646561682224274
train/lpips,65000.0,0.20987847447395325
train/lpips,65050.0,0.18985767662525177
train/lpips,65100.0,0.213059201836586
train/lpips,65150.0,0.21406108140945435
train/lpips,65200.0,0.18793553113937378
train/lpips,65250.0,0.19021083414554596
train/lpips,65300.0,0.18467651307582855
train/lpips,65350.0,0.1864548623561859
train/lpips,65400.0,0.2157452404499054
train/lpips,65450.0,0.20536969602108002
train/lpips,65500.0,0.17662319540977478
train/lpips,65550.0,0.19645431637763977
train/lpips,65600.0,0.19749502837657928
train/lpips,65650.0,0.19012048840522766
train/lpips,65700.0,0.21162638068199158
train/lpips,65750.0,0.19579076766967773
train/lpips,65800.0,0.19673559069633484
train/lpips,65850.0,0.19876442849636078
train/lpips,65900.0,0.20506133139133453
train/lpips,65950.0,0.18969795107841492
train/lpips,66000.0,0.18416135013103485
train/lpips,66050.0,0.1761786788702011
train/lpips,66100.0,0.19108492136001587
train/lpips,66150.0,0.18248260021209717
train/lpips,66200.0,0.1770746111869812
train/lpips,66250.0,0.1920011043548584
train/lpips,66300.0,0.18198953568935394
train/lpips,66350.0,0.17984238266944885
train/lpips,66400.0,0.19414590299129486
train/lpips,66450.0,0.18946614861488342
train/lpips,66500.0,0.1926233172416687
train/lpips,66550.0,0.18551956117153168
train/lpips,66600.0,0.17959846556186676
train/lpips,66650.0,0.1797845959663391
train/lpips,66700.0,0.18974857032299042
train/lpips,66750.0,0.18804486095905304
train/lpips,66800.0,0.2101496458053589
train/lpips,66850.0,0.18422284722328186
train/lpips,66900.0,0.1836695820093155
train/lpips,66950.0,0.19622260332107544
train/lpips,67000.0,0.1900579035282135
train/lpips,67050.0,0.1967492252588272
train/lpips,67100.0,0.17971459031105042
train/lpips,67150.0,0.20076364278793335
train/lpips,67200.0,0.19633743166923523
train/lpips,67250.0,0.18743807077407837
train/lpips,67300.0,0.1942644715309143
train/lpips,67350.0,0.17799928784370422
train/lpips,67400.0,0.19805485010147095
train/lpips,67450.0,0.19100630283355713
train/lpips,67500.0,0.18946096301078796
train/lpips,67550.0,0.1808101385831833
train/lpips,67600.0,0.1964731514453888
train/lpips,67650.0,0.1870071291923523
train/lpips,67700.0,0.1777556836605072
train/lpips,67750.0,0.18648919463157654
train/lpips,67800.0,0.18914543092250824
train/lpips,67850.0,0.18516264855861664
train/lpips,67900.0,0.18936780095100403
train/lpips,67950.0,0.1881638914346695
train/lpips,68000.0,0.19201768934726715
train/lpips,68050.0,0.18649449944496155
train/lpips,68100.0,0.1846858263015747
train/lpips,68150.0,0.18210068345069885
train/lpips,68200.0,0.19775614142417908
train/lpips,68250.0,0.17917974293231964
train/lpips,68300.0,0.1932077705860138
train/lpips,68350.0,0.18015047907829285
train/lpips,68400.0,0.19721634685993195
train/lpips,68450.0,0.18436431884765625
train/lpips,68500.0,0.1932944655418396
train/lpips,68550.0,0.18519645929336548
train/lpips,68600.0,0.17738781869411469
train/lpips,68650.0,0.17935076355934143
train/lpips,68700.0,0.17537690699100494
train/lpips,68750.0,0.1857059895992279
train/lpips,68800.0,0.18104711174964905
train/lpips,68850.0,0.1704808473587036
train/lpips,68900.0,0.19379425048828125
train/lpips,68950.0,0.18652963638305664
train/lpips,69000.0,0.17866218090057373
train/lpips,69050.0,0.1924431025981903
train/lpips,69100.0,0.19053782522678375
train/lpips,69150.0,0.18814939260482788
train/lpips,69200.0,0.1886577010154724
train/lpips,69250.0,0.17107854783535004
train/lpips,69300.0,0.20797814428806305
train/lpips,69350.0,0.1999725103378296
train/lpips,69400.0,0.19786620140075684
train/lpips,69450.0,0.2159668207168579
train/lpips,69500.0,0.197587251663208
train/lpips,69550.0,0.20336762070655823
train/lpips,69600.0,0.18348881602287292
train/lpips,69650.0,0.18414276838302612
train/lpips,69700.0,0.2157636284828186
train/lpips,69750.0,0.1958227902650833
train/lpips,69800.0,0.17951950430870056
train/lpips,69850.0,0.1996147632598877
train/lpips,69900.0,0.193882554769516
train/lpips,69950.0,0.19651353359222412
train/lpips,70000.0,0.1907995045185089
train/lpips,70050.0,0.1885817050933838
train/lpips,70100.0,0.1792582869529724
train/lpips,70150.0,0.20885834097862244
train/lpips,70200.0,0.19201424717903137
train/lpips,70250.0,0.1847638487815857
train/lpips,70300.0,0.17730505764484406
train/lpips,70350.0,0.18922531604766846
train/lpips,70400.0,0.19318439066410065
train/lpips,70450.0,0.19348040223121643
train/lpips,70500.0,0.19820749759674072
train/lpips,70550.0,0.1914052665233612
train/lpips,70600.0,0.1737864762544632
train/lpips,70650.0,0.18982896208763123
train/lpips,70700.0,0.1928403526544571
train/lpips,70750.0,0.19968150556087494
train/lpips,70800.0,0.19361203908920288
train/lpips,70850.0,0.1812584102153778
train/lpips,70900.0,0.2071203589439392
train/lpips,70950.0,0.1824021339416504
train/lpips,71000.0,0.21033766865730286
train/lpips,71050.0,0.19847017526626587
train/lpips,71100.0,0.19379587471485138
train/lpips,71150.0,0.19537362456321716
train/lpips,71200.0,0.18531560897827148
train/lpips,71250.0,0.17715510725975037
train/lpips,71300.0,0.1627684086561203
train/lpips,71350.0,0.18722981214523315
train/lpips,71400.0,0.19849495589733124
train/lpips,71450.0,0.18818271160125732
train/lpips,71500.0,0.17525039613246918
train/lpips,71550.0,0.17610959708690643
train/lpips,71600.0,0.20319420099258423
train/lpips,71650.0,0.16992279887199402
train/lpips,71700.0,0.1665412038564682
train/lpips,71750.0,0.19530794024467468
train/lpips,71800.0,0.1915973424911499
train/lpips,71850.0,0.18800848722457886
train/lpips,71900.0,0.18386879563331604
train/lpips,71950.0,0.18528297543525696
train/lpips,72000.0,0.17423954606056213
train/lpips,72050.0,0.188703715801239
train/lpips,72100.0,0.17349869012832642
train/lpips,72150.0,0.1701221764087677
train/lpips,72200.0,0.1700955480337143
train/lpips,72250.0,0.17724904417991638
train/lpips,72300.0,0.19224464893341064
train/lpips,72350.0,0.19486591219902039
train/lpips,72400.0,0.19904744625091553
train/lpips,72450.0,0.19190025329589844
train/lpips,72500.0,0.18962591886520386
train/lpips,72550.0,0.17841394245624542
train/lpips,72600.0,0.18860064446926117
train/lpips,72650.0,0.20103326439857483
train/lpips,72700.0,0.18717102706432343
train/lpips,72750.0,0.17436912655830383
train/lpips,72800.0,0.17800423502922058
train/lpips,72850.0,0.1967964619398117
train/lpips,72900.0,0.19332540035247803
train/lpips,72950.0,0.2044612169265747
train/lpips,73000.0,0.17230170965194702
train/lpips,73050.0,0.19447097182273865
train/lpips,73100.0,0.19384640455245972
train/lpips,73150.0,0.20250220596790314
train/lpips,73200.0,0.19732001423835754
train/lpips,73250.0,0.17282149195671082
train/lpips,73300.0,0.18931502103805542
train/lpips,73350.0,0.1971243917942047
train/lpips,73400.0,0.19302332401275635
train/lpips,73450.0,0.17711351811885834
train/lpips,73500.0,0.19204266369342804
train/lpips,73550.0,0.18898527324199677
train/lpips,73600.0,0.1836804449558258
train/lpips,73650.0,0.1941368281841278
train/lpips,73700.0,0.17389513552188873
train/lpips,73750.0,0.18949195742607117
train/lpips,73800.0,0.19093982875347137
train/lpips,73850.0,0.1932201087474823
train/lpips,73900.0,0.17760799825191498
train/lpips,73950.0,0.19289815425872803
train/lpips,74000.0,0.1868561953306198
train/lpips,74050.0,0.18109676241874695
train/lpips,74100.0,0.18530717492103577
train/lpips,74150.0,0.18766847252845764
train/lpips,74200.0,0.2010839730501175
train/lpips,74250.0,0.1961405724287033
train/lpips,74300.0,0.18532219529151917
train/lpips,74350.0,0.19699892401695251
train/lpips,74400.0,0.17340627312660217
train/lpips,74450.0,0.1931850165128708
train/lpips,74500.0,0.20812129974365234
train/lpips,74550.0,0.19622725248336792
train/lpips,74600.0,0.182185098528862
train/lpips,74650.0,0.16990287601947784
train/lpips,74700.0,0.19032073020935059
train/lpips,74750.0,0.1788637340068817
train/lpips,74800.0,0.20849260687828064
train/lpips,74850.0,0.19022957980632782
train/lpips,74900.0,0.1948445737361908
train/lpips,74950.0,0.1837356835603714
train/lpips,75000.0,0.19784419238567352
train/lpips,75050.0,0.19060057401657104
train/lpips,75100.0,0.1689012348651886
train/lpips,75150.0,0.20631025731563568
train/lpips,75200.0,0.1808183491230011
train/lpips,75250.0,0.19877678155899048
train/lpips,75300.0,0.18257632851600647
train/lpips,75350.0,0.19916245341300964
train/lpips,75400.0,0.18062569200992584
train/lpips,75450.0,0.21668030321598053
train/lpips,75500.0,0.17443187534809113
train/lpips,75550.0,0.17489346861839294
train/lpips,75600.0,0.19290059804916382
train/lpips,75650.0,0.20345644652843475
train/lpips,75700.0,0.18823222815990448
train/lpips,75750.0,0.18609529733657837
train/lpips,75800.0,0.19136455655097961
train/lpips,75850.0,0.19004219770431519
train/lpips,75900.0,0.17837795615196228
train/lpips,75950.0,0.18697606027126312
train/lpips,76000.0,0.18127870559692383
train/lpips,76050.0,0.1917518675327301
train/lpips,76100.0,0.18323618173599243
train/lpips,76150.0,0.18295304477214813
train/lpips,76200.0,0.19626954197883606
train/lpips,76250.0,0.19125869870185852
train/lpips,76300.0,0.20098638534545898
train/lpips,76350.0,0.19365262985229492
train/lpips,76400.0,0.1862853467464447
train/lpips,76450.0,0.1915975660085678
train/lpips,76500.0,0.18384569883346558
train/lpips,76550.0,0.2001028060913086
train/lpips,76600.0,0.1822403371334076
train/lpips,76650.0,0.19505752623081207
train/lpips,76700.0,0.18555980920791626
train/lpips,76750.0,0.17884524166584015
train/lpips,76800.0,0.19641900062561035
train/lpips,76850.0,0.17922437191009521
train/lpips,76900.0,0.18724556267261505
train/lpips,76950.0,0.18785759806632996
train/lpips,77000.0,0.1869952380657196
train/lpips,77050.0,0.21097609400749207
train/lpips,77100.0,0.16742871701717377
train/lpips,77150.0,0.17192140221595764
train/lpips,77200.0,0.18365171551704407
train/lpips,77250.0,0.1902419626712799
train/lpips,77300.0,0.19139328598976135
train/lpips,77350.0,0.19427774846553802
train/lpips,77400.0,0.17809420824050903
train/lpips,77450.0,0.18324606120586395
train/lpips,77500.0,0.18282902240753174
train/lpips,77550.0,0.1817658543586731
train/lpips,77600.0,0.18601569533348083
train/lpips,77650.0,0.18662729859352112
train/lpips,77700.0,0.19167488813400269
train/lpips,77750.0,0.18961909413337708
train/lpips,77800.0,0.19885389506816864
train/lpips,77850.0,0.18014633655548096
train/lpips,77900.0,0.19053417444229126
train/lpips,77950.0,0.20356182754039764
train/lpips,78000.0,0.18048842251300812
train/lpips,78050.0,0.1855192631483078
train/lpips,78100.0,0.1861644983291626
train/lpips,78150.0,0.19584999978542328
train/lpips,78200.0,0.19135113060474396
train/lpips,78250.0,0.1898646354675293
train/lpips,78300.0,0.1774156391620636
train/lpips,78350.0,0.18477387726306915
train/lpips,78400.0,0.18448396027088165
train/lpips,78450.0,0.1852310299873352
train/lpips,78500.0,0.19294539093971252
train/lpips,78550.0,0.18981146812438965
train/lpips,78600.0,0.19663526117801666
train/lpips,78650.0,0.17972156405448914
train/lpips,78700.0,0.17043140530586243
train/lpips,78750.0,0.18470221757888794
train/lpips,78800.0,0.1838303953409195
train/lpips,78850.0,0.1983015537261963
train/lpips,78900.0,0.18239466845989227
train/lpips,78950.0,0.18414686620235443
train/lpips,79000.0,0.1700012981891632
train/lpips,79050.0,0.17955370247364044
train/lpips,79100.0,0.17892876267433167
train/lpips,79150.0,0.195988729596138
train/lpips,79200.0,0.17808854579925537
train/lpips,79250.0,0.17350812256336212
train/lpips,79300.0,0.1974179446697235
train/lpips,79350.0,0.22554954886436462
train/lpips,79400.0,0.1772647649049759
train/lpips,79450.0,0.20346222817897797
train/lpips,79500.0,0.18041087687015533
train/lpips,79550.0,0.16510145366191864
train/lpips,79600.0,0.18348285555839539
train/lpips,79650.0,0.1999375969171524
train/lpips,79700.0,0.17556142807006836
train/lpips,79750.0,0.18091344833374023
train/lpips,79800.0,0.1632978916168213
train/lpips,79850.0,0.21825528144836426
train/lpips,79900.0,0.1977875679731369
train/lpips,79950.0,0.18461735546588898
train/lpips,80000.0,0.18564197421073914
train/lpips_weighted,1.0,0.0
train/lpips_weighted,50.0,0.0
train/lpips_weighted,100.0,0.0
train/lpips_weighted,150.0,0.0
train/lpips_weighted,200.0,0.0
train/lpips_weighted,250.0,0.0
train/lpips_weighted,300.0,0.0
train/lpips_weighted,350.0,0.0
train/lpips_weighted,400.0,0.0
train/lpips_weighted,450.0,0.0
train/lpips_weighted,500.0,0.0
train/lpips_weighted,550.0,0.0
train/lpips_weighted,600.0,0.0
train/lpips_weighted,650.0,0.0
train/lpips_weighted,700.0,0.0
train/lpips_weighted,750.0,0.0
train/lpips_weighted,800.0,0.0
train/lpips_weighted,850.0,0.0
train/lpips_weighted,900.0,0.0
train/lpips_weighted,950.0,0.0
train/lpips_weighted,1000.0,0.0
train/lpips_weighted,1050.0,0.0
train/lpips_weighted,1100.0,0.0
train/lpips_weighted,1150.0,0.0
train/lpips_weighted,1200.0,0.0
train/lpips_weighted,1250.0,0.0
train/lpips_weighted,1300.0,0.0
train/lpips_weighted,1350.0,0.0
train/lpips_weighted,1400.0,0.0
train/lpips_weighted,1450.0,0.0
train/lpips_weighted,1500.0,0.0
train/lpips_weighted,1550.0,0.0
train/lpips_weighted,1600.0,0.0
train/lpips_weighted,1650.0,0.0
train/lpips_weighted,1700.0,0.0
train/lpips_weighted,1750.0,0.0
train/lpips_weighted,1800.0,0.0
train/lpips_weighted,1850.0,0.0
train/lpips_weighted,1900.0,0.0
train/lpips_weighted,1950.0,0.0
train/lpips_weighted,2000.0,0.0
train/lpips_weighted,2050.0,0.0
train/lpips_weighted,2100.0,0.0
train/lpips_weighted,2150.0,0.0
train/lpips_weighted,2200.0,0.0
train/lpips_weighted,2250.0,0.0
train/lpips_weighted,2300.0,0.0
train/lpips_weighted,2350.0,0.0
train/lpips_weighted,2400.0,0.0
train/lpips_weighted,2450.0,0.0
train/lpips_weighted,2500.0,0.0
train/lpips_weighted,2550.0,0.0
train/lpips_weighted,2600.0,0.0
train/lpips_weighted,2650.0,0.0
train/lpips_weighted,2700.0,0.0
train/lpips_weighted,2750.0,0.0
train/lpips_weighted,2800.0,0.0
train/lpips_weighted,2850.0,0.0
train/lpips_weighted,2900.0,0.0
train/lpips_weighted,2950.0,0.0
train/lpips_weighted,3000.0,0.0
train/lpips_weighted,3050.0,0.0
train/lpips_weighted,3100.0,0.0
train/lpips_weighted,3150.0,0.0
train/lpips_weighted,3200.0,0.0
train/lpips_weighted,3250.0,0.0
train/lpips_weighted,3300.0,0.0
train/lpips_weighted,3350.0,0.0
train/lpips_weighted,3400.0,0.0
train/lpips_weighted,3450.0,0.0
train/lpips_weighted,3500.0,0.0
train/lpips_weighted,3550.0,0.0
train/lpips_weighted,3600.0,0.0
train/lpips_weighted,3650.0,0.0
train/lpips_weighted,3700.0,0.0
train/lpips_weighted,3750.0,0.0
train/lpips_weighted,3800.0,0.0
train/lpips_weighted,3850.0,0.0
train/lpips_weighted,3900.0,0.0
train/lpips_weighted,3950.0,0.0
train/lpips_weighted,4000.0,0.0
train/lpips_weighted,4050.0,0.0
train/lpips_weighted,4100.0,0.0
train/lpips_weighted,4150.0,0.0
train/lpips_weighted,4200.0,0.0
train/lpips_weighted,4250.0,0.0
train/lpips_weighted,4300.0,0.0
train/lpips_weighted,4350.0,0.0
train/lpips_weighted,4400.0,0.0
train/lpips_weighted,4450.0,0.0
train/lpips_weighted,4500.0,0.0
train/lpips_weighted,4550.0,0.0
train/lpips_weighted,4600.0,0.0
train/lpips_weighted,4650.0,0.0
train/lpips_weighted,4700.0,0.0
train/lpips_weighted,4750.0,0.0
train/lpips_weighted,4800.0,0.0
train/lpips_weighted,4850.0,0.0
train/lpips_weighted,4900.0,0.0
train/lpips_weighted,4950.0,0.0
train/lpips_weighted,5000.0,0.0
train/lpips_weighted,5050.0,0.0
train/lpips_weighted,5100.0,0.0
train/lpips_weighted,5150.0,0.0
train/lpips_weighted,5200.0,0.0
train/lpips_weighted,5250.0,0.0
train/lpips_weighted,5300.0,0.0
train/lpips_weighted,5350.0,0.0
train/lpips_weighted,5400.0,0.0
train/lpips_weighted,5450.0,0.0
train/lpips_weighted,5500.0,0.0
train/lpips_weighted,5550.0,0.0
train/lpips_weighted,5600.0,0.0
train/lpips_weighted,5650.0,0.0
train/lpips_weighted,5700.0,0.0
train/lpips_weighted,5750.0,0.0
train/lpips_weighted,5800.0,0.0
train/lpips_weighted,5850.0,0.0
train/lpips_weighted,5900.0,0.0
train/lpips_weighted,5950.0,0.0
train/lpips_weighted,6000.0,0.0
train/lpips_weighted,6050.0,0.0
train/lpips_weighted,6100.0,0.0
train/lpips_weighted,6150.0,0.0
train/lpips_weighted,6200.0,0.0
train/lpips_weighted,6250.0,0.0
train/lpips_weighted,6300.0,0.0
train/lpips_weighted,6350.0,0.0
train/lpips_weighted,6400.0,0.0
train/lpips_weighted,6450.0,0.0
train/lpips_weighted,6500.0,0.0
train/lpips_weighted,6550.0,0.0
train/lpips_weighted,6600.0,0.0
train/lpips_weighted,6650.0,0.0
train/lpips_weighted,6700.0,0.0
train/lpips_weighted,6750.0,0.0
train/lpips_weighted,6800.0,0.0
train/lpips_weighted,6850.0,0.0
train/lpips_weighted,6900.0,0.0
train/lpips_weighted,6950.0,0.0
train/lpips_weighted,7000.0,0.0
train/lpips_weighted,7050.0,0.0
train/lpips_weighted,7100.0,0.0
train/lpips_weighted,7150.0,0.0
train/lpips_weighted,7200.0,0.0
train/lpips_weighted,7250.0,0.0
train/lpips_weighted,7300.0,0.0
train/lpips_weighted,7350.0,0.0
train/lpips_weighted,7400.0,0.0
train/lpips_weighted,7450.0,0.0
train/lpips_weighted,7500.0,0.0
train/lpips_weighted,7550.0,0.0
train/lpips_weighted,7600.0,0.0
train/lpips_weighted,7650.0,0.0
train/lpips_weighted,7700.0,0.0
train/lpips_weighted,7750.0,0.0
train/lpips_weighted,7800.0,0.0
train/lpips_weighted,7850.0,0.0
train/lpips_weighted,7900.0,0.0
train/lpips_weighted,7950.0,0.0
train/lpips_weighted,8000.0,0.0
train/lpips_weighted,8050.0,0.0
train/lpips_weighted,8100.0,0.0
train/lpips_weighted,8150.0,0.0
train/lpips_weighted,8200.0,0.0
train/lpips_weighted,8250.0,0.0
train/lpips_weighted,8300.0,0.0
train/lpips_weighted,8350.0,0.0
train/lpips_weighted,8400.0,0.0
train/lpips_weighted,8450.0,0.0
train/lpips_weighted,8500.0,0.0
train/lpips_weighted,8550.0,0.0
train/lpips_weighted,8600.0,0.0
train/lpips_weighted,8650.0,0.0
train/lpips_weighted,8700.0,0.0
train/lpips_weighted,8750.0,0.0
train/lpips_weighted,8800.0,0.0
train/lpips_weighted,8850.0,0.0
train/lpips_weighted,8900.0,0.0
train/lpips_weighted,8950.0,0.0
train/lpips_weighted,9000.0,0.0
train/lpips_weighted,9050.0,0.0
train/lpips_weighted,9100.0,0.0
train/lpips_weighted,9150.0,0.0
train/lpips_weighted,9200.0,0.0
train/lpips_weighted,9250.0,0.0
train/lpips_weighted,9300.0,0.0
train/lpips_weighted,9350.0,0.0
train/lpips_weighted,9400.0,0.0
train/lpips_weighted,9450.0,0.0
train/lpips_weighted,9500.0,0.0
train/lpips_weighted,9550.0,0.0
train/lpips_weighted,9600.0,0.0
train/lpips_weighted,9650.0,0.0
train/lpips_weighted,9700.0,0.0
train/lpips_weighted,9750.0,0.0
train/lpips_weighted,9800.0,0.0
train/lpips_weighted,9850.0,0.0
train/lpips_weighted,9900.0,0.0
train/lpips_weighted,9950.0,0.0
train/lpips_weighted,10000.0,0.0
train/lpips_weighted,10050.0,0.0
train/lpips_weighted,10100.0,0.0
train/lpips_weighted,10150.0,0.0
train/lpips_weighted,10200.0,0.0
train/lpips_weighted,10250.0,0.0
train/lpips_weighted,10300.0,0.0
train/lpips_weighted,10350.0,0.0
train/lpips_weighted,10400.0,0.0
train/lpips_weighted,10450.0,0.0
train/lpips_weighted,10500.0,0.0
train/lpips_weighted,10550.0,0.0
train/lpips_weighted,10600.0,0.0
train/lpips_weighted,10650.0,0.0
train/lpips_weighted,10700.0,0.0
train/lpips_weighted,10750.0,0.0
train/lpips_weighted,10800.0,0.0
train/lpips_weighted,10850.0,0.0
train/lpips_weighted,10900.0,0.0
train/lpips_weighted,10950.0,0.0
train/lpips_weighted,11000.0,0.0
train/lpips_weighted,11050.0,0.0
train/lpips_weighted,11100.0,0.0
train/lpips_weighted,11150.0,0.0
train/lpips_weighted,11200.0,0.0
train/lpips_weighted,11250.0,0.0
train/lpips_weighted,11300.0,0.0
train/lpips_weighted,11350.0,0.0
train/lpips_weighted,11400.0,0.0
train/lpips_weighted,11450.0,0.0
train/lpips_weighted,11500.0,0.0
train/lpips_weighted,11550.0,0.0
train/lpips_weighted,11600.0,0.0
train/lpips_weighted,11650.0,0.0
train/lpips_weighted,11700.0,0.0
train/lpips_weighted,11750.0,0.0
train/lpips_weighted,11800.0,0.0
train/lpips_weighted,11850.0,0.0
train/lpips_weighted,11900.0,0.0
train/lpips_weighted,11950.0,0.0
train/lpips_weighted,12000.0,0.0
train/lpips_weighted,12050.0,0.0
train/lpips_weighted,12100.0,0.0
train/lpips_weighted,12150.0,0.0
train/lpips_weighted,12200.0,0.0
train/lpips_weighted,12250.0,0.0
train/lpips_weighted,12300.0,0.0
train/lpips_weighted,12350.0,0.0
train/lpips_weighted,12400.0,0.0
train/lpips_weighted,12450.0,0.0
train/lpips_weighted,12500.0,0.0
train/lpips_weighted,12550.0,0.0
train/lpips_weighted,12600.0,0.0
train/lpips_weighted,12650.0,0.0
train/lpips_weighted,12700.0,0.0
train/lpips_weighted,12750.0,0.0
train/lpips_weighted,12800.0,0.0
train/lpips_weighted,12850.0,0.0
train/lpips_weighted,12900.0,0.0
train/lpips_weighted,12950.0,0.0
train/lpips_weighted,13000.0,0.0
train/lpips_weighted,13050.0,0.0
train/lpips_weighted,13100.0,0.0
train/lpips_weighted,13150.0,0.0
train/lpips_weighted,13200.0,0.0
train/lpips_weighted,13250.0,0.0
train/lpips_weighted,13300.0,0.0
train/lpips_weighted,13350.0,0.0
train/lpips_weighted,13400.0,0.0
train/lpips_weighted,13450.0,0.0
train/lpips_weighted,13500.0,0.0
train/lpips_weighted,13550.0,0.0
train/lpips_weighted,13600.0,0.0
train/lpips_weighted,13650.0,0.0
train/lpips_weighted,13700.0,0.0
train/lpips_weighted,13750.0,0.0
train/lpips_weighted,13800.0,0.0
train/lpips_weighted,13850.0,0.0
train/lpips_weighted,13900.0,0.0
train/lpips_weighted,13950.0,0.0
train/lpips_weighted,14000.0,0.0
train/lpips_weighted,14050.0,0.0
train/lpips_weighted,14100.0,0.0
train/lpips_weighted,14150.0,0.0
train/lpips_weighted,14200.0,0.0
train/lpips_weighted,14250.0,0.0
train/lpips_weighted,14300.0,0.0
train/lpips_weighted,14350.0,0.0
train/lpips_weighted,14400.0,0.0
train/lpips_weighted,14450.0,0.0
train/lpips_weighted,14500.0,0.0
train/lpips_weighted,14550.0,0.0
train/lpips_weighted,14600.0,0.0
train/lpips_weighted,14650.0,0.0
train/lpips_weighted,14700.0,0.0
train/lpips_weighted,14750.0,0.0
train/lpips_weighted,14800.0,0.0
train/lpips_weighted,14850.0,0.0
train/lpips_weighted,14900.0,0.0
train/lpips_weighted,14950.0,0.0
train/lpips_weighted,15000.0,0.0
train/lpips_weighted,15050.0,0.0
train/lpips_weighted,15100.0,0.0
train/lpips_weighted,15150.0,0.0
train/lpips_weighted,15200.0,0.0
train/lpips_weighted,15250.0,0.0
train/lpips_weighted,15300.0,0.0
train/lpips_weighted,15350.0,0.0
train/lpips_weighted,15400.0,0.0
train/lpips_weighted,15450.0,0.0
train/lpips_weighted,15500.0,0.0
train/lpips_weighted,15550.0,0.0
train/lpips_weighted,15600.0,0.0
train/lpips_weighted,15650.0,0.0
train/lpips_weighted,15700.0,0.0
train/lpips_weighted,15750.0,0.0
train/lpips_weighted,15800.0,0.0
train/lpips_weighted,15850.0,0.0
train/lpips_weighted,15900.0,0.0
train/lpips_weighted,15950.0,0.0
train/lpips_weighted,16000.0,0.0
train/lpips_weighted,16050.0,0.0
train/lpips_weighted,16100.0,0.0
train/lpips_weighted,16150.0,0.0
train/lpips_weighted,16200.0,0.0
train/lpips_weighted,16250.0,0.0
train/lpips_weighted,16300.0,0.0
train/lpips_weighted,16350.0,0.0
train/lpips_weighted,16400.0,0.0
train/lpips_weighted,16450.0,0.0
train/lpips_weighted,16500.0,0.0
train/lpips_weighted,16550.0,0.0
train/lpips_weighted,16600.0,0.0
train/lpips_weighted,16650.0,0.0
train/lpips_weighted,16700.0,0.0
train/lpips_weighted,16750.0,0.0
train/lpips_weighted,16800.0,0.0
train/lpips_weighted,16850.0,0.0
train/lpips_weighted,16900.0,0.0
train/lpips_weighted,16950.0,0.0
train/lpips_weighted,17000.0,0.0
train/lpips_weighted,17050.0,0.0
train/lpips_weighted,17100.0,0.0
train/lpips_weighted,17150.0,0.0
train/lpips_weighted,17200.0,0.0
train/lpips_weighted,17250.0,0.0
train/lpips_weighted,17300.0,0.0
train/lpips_weighted,17350.0,0.0
train/lpips_weighted,17400.0,0.0
train/lpips_weighted,17450.0,0.0
train/lpips_weighted,17500.0,0.0
train/lpips_weighted,17550.0,0.0
train/lpips_weighted,17600.0,0.0
train/lpips_weighted,17650.0,0.0
train/lpips_weighted,17700.0,0.0
train/lpips_weighted,17750.0,0.0
train/lpips_weighted,17800.0,0.0
train/lpips_weighted,17850.0,0.0
train/lpips_weighted,17900.0,0.0
train/lpips_weighted,17950.0,0.0
train/lpips_weighted,18000.0,0.0
train/lpips_weighted,18050.0,0.0
train/lpips_weighted,18100.0,0.0
train/lpips_weighted,18150.0,0.0
train/lpips_weighted,18200.0,0.0
train/lpips_weighted,18250.0,0.0
train/lpips_weighted,18300.0,0.0
train/lpips_weighted,18350.0,0.0
train/lpips_weighted,18400.0,0.0
train/lpips_weighted,18450.0,0.0
train/lpips_weighted,18500.0,0.0
train/lpips_weighted,18550.0,0.0
train/lpips_weighted,18600.0,0.0
train/lpips_weighted,18650.0,0.0
train/lpips_weighted,18700.0,0.0
train/lpips_weighted,18750.0,0.0
train/lpips_weighted,18800.0,0.0
train/lpips_weighted,18850.0,0.0
train/lpips_weighted,18900.0,0.0
train/lpips_weighted,18950.0,0.0
train/lpips_weighted,19000.0,0.0
train/lpips_weighted,19050.0,0.0
train/lpips_weighted,19100.0,0.0
train/lpips_weighted,19150.0,0.0
train/lpips_weighted,19200.0,0.0
train/lpips_weighted,19250.0,0.0
train/lpips_weighted,19300.0,0.0
train/lpips_weighted,19350.0,0.0
train/lpips_weighted,19400.0,0.0
train/lpips_weighted,19450.0,0.0
train/lpips_weighted,19500.0,0.0
train/lpips_weighted,19550.0,0.0
train/lpips_weighted,19600.0,0.0
train/lpips_weighted,19650.0,0.0
train/lpips_weighted,19700.0,0.0
train/lpips_weighted,19750.0,0.0
train/lpips_weighted,19800.0,0.0
train/lpips_weighted,19850.0,0.0
train/lpips_weighted,19900.0,0.0
train/lpips_weighted,19950.0,0.0
train/lpips_weighted,20000.0,0.0
train/lpips_weighted,20050.0,0.0
train/lpips_weighted,20100.0,0.0
train/lpips_weighted,20150.0,0.0
train/lpips_weighted,20200.0,0.0
train/lpips_weighted,20250.0,0.0
train/lpips_weighted,20300.0,0.0
train/lpips_weighted,20350.0,0.0
train/lpips_weighted,20400.0,0.0
train/lpips_weighted,20450.0,0.0
train/lpips_weighted,20500.0,0.0
train/lpips_weighted,20550.0,0.0
train/lpips_weighted,20600.0,0.0
train/lpips_weighted,20650.0,0.0
train/lpips_weighted,20700.0,0.0
train/lpips_weighted,20750.0,0.0
train/lpips_weighted,20800.0,0.0
train/lpips_weighted,20850.0,0.0
train/lpips_weighted,20900.0,0.0
train/lpips_weighted,20950.0,0.0
train/lpips_weighted,21000.0,0.0
train/lpips_weighted,21050.0,0.0
train/lpips_weighted,21100.0,0.0
train/lpips_weighted,21150.0,0.0
train/lpips_weighted,21200.0,0.0
train/lpips_weighted,21250.0,0.0
train/lpips_weighted,21300.0,0.0
train/lpips_weighted,21350.0,0.0
train/lpips_weighted,21400.0,0.0
train/lpips_weighted,21450.0,0.0
train/lpips_weighted,21500.0,0.0
train/lpips_weighted,21550.0,0.0
train/lpips_weighted,21600.0,0.0
train/lpips_weighted,21650.0,0.0
train/lpips_weighted,21700.0,0.0
train/lpips_weighted,21750.0,0.0
train/lpips_weighted,21800.0,0.0
train/lpips_weighted,21850.0,0.0
train/lpips_weighted,21900.0,0.0
train/lpips_weighted,21950.0,0.0
train/lpips_weighted,22000.0,0.0
train/lpips_weighted,22050.0,0.0
train/lpips_weighted,22100.0,0.0
train/lpips_weighted,22150.0,0.0
train/lpips_weighted,22200.0,0.0
train/lpips_weighted,22250.0,0.0
train/lpips_weighted,22300.0,0.0
train/lpips_weighted,22350.0,0.0
train/lpips_weighted,22400.0,0.0
train/lpips_weighted,22450.0,0.0
train/lpips_weighted,22500.0,0.0
train/lpips_weighted,22550.0,0.0
train/lpips_weighted,22600.0,0.0
train/lpips_weighted,22650.0,0.0
train/lpips_weighted,22700.0,0.0
train/lpips_weighted,22750.0,0.0
train/lpips_weighted,22800.0,0.0
train/lpips_weighted,22850.0,0.0
train/lpips_weighted,22900.0,0.0
train/lpips_weighted,22950.0,0.0
train/lpips_weighted,23000.0,0.0
train/lpips_weighted,23050.0,0.0
train/lpips_weighted,23100.0,0.0
train/lpips_weighted,23150.0,0.0
train/lpips_weighted,23200.0,0.0
train/lpips_weighted,23250.0,0.0
train/lpips_weighted,23300.0,0.0
train/lpips_weighted,23350.0,0.0
train/lpips_weighted,23400.0,0.0
train/lpips_weighted,23450.0,0.0
train/lpips_weighted,23500.0,0.0
train/lpips_weighted,23550.0,0.0
train/lpips_weighted,23600.0,0.0
train/lpips_weighted,23650.0,0.0
train/lpips_weighted,23700.0,0.0
train/lpips_weighted,23750.0,0.0
train/lpips_weighted,23800.0,0.0
train/lpips_weighted,23850.0,0.0
train/lpips_weighted,23900.0,0.0
train/lpips_weighted,23950.0,0.0
train/lpips_weighted,24000.0,0.0
train/lpips_weighted,24050.0,0.0
train/lpips_weighted,24100.0,0.0
train/lpips_weighted,24150.0,0.0
train/lpips_weighted,24200.0,0.0
train/lpips_weighted,24250.0,0.0
train/lpips_weighted,24300.0,0.0
train/lpips_weighted,24350.0,0.0
train/lpips_weighted,24400.0,0.0
train/lpips_weighted,24450.0,0.0
train/lpips_weighted,24500.0,0.0
train/lpips_weighted,24550.0,0.0
train/lpips_weighted,24600.0,0.0
train/lpips_weighted,24650.0,0.0
train/lpips_weighted,24700.0,0.0
train/lpips_weighted,24750.0,0.0
train/lpips_weighted,24800.0,0.0
train/lpips_weighted,24850.0,0.0
train/lpips_weighted,24900.0,0.0
train/lpips_weighted,24950.0,0.0
train/lpips_weighted,25000.0,0.0
train/lpips_weighted,25050.0,0.0
train/lpips_weighted,25100.0,0.0
train/lpips_weighted,25150.0,0.0
train/lpips_weighted,25200.0,0.0
train/lpips_weighted,25250.0,0.0
train/lpips_weighted,25300.0,0.0
train/lpips_weighted,25350.0,0.0
train/lpips_weighted,25400.0,0.0
train/lpips_weighted,25450.0,0.0
train/lpips_weighted,25500.0,0.0
train/lpips_weighted,25550.0,0.0
train/lpips_weighted,25600.0,0.0
train/lpips_weighted,25650.0,0.0
train/lpips_weighted,25700.0,0.0
train/lpips_weighted,25750.0,0.0
train/lpips_weighted,25800.0,0.0
train/lpips_weighted,25850.0,0.0
train/lpips_weighted,25900.0,0.0
train/lpips_weighted,25950.0,0.0
train/lpips_weighted,26000.0,0.0
train/lpips_weighted,26050.0,0.0
train/lpips_weighted,26100.0,0.0
train/lpips_weighted,26150.0,0.0
train/lpips_weighted,26200.0,0.0
train/lpips_weighted,26250.0,0.0
train/lpips_weighted,26300.0,0.0
train/lpips_weighted,26350.0,0.0
train/lpips_weighted,26400.0,0.0
train/lpips_weighted,26450.0,0.0
train/lpips_weighted,26500.0,0.0
train/lpips_weighted,26550.0,0.0
train/lpips_weighted,26600.0,0.0
train/lpips_weighted,26650.0,0.0
train/lpips_weighted,26700.0,0.0
train/lpips_weighted,26750.0,0.0
train/lpips_weighted,26800.0,0.0
train/lpips_weighted,26850.0,0.0
train/lpips_weighted,26900.0,0.0
train/lpips_weighted,26950.0,0.0
train/lpips_weighted,27000.0,0.0
train/lpips_weighted,27050.0,0.0
train/lpips_weighted,27100.0,0.0
train/lpips_weighted,27150.0,0.0
train/lpips_weighted,27200.0,0.0
train/lpips_weighted,27250.0,0.0
train/lpips_weighted,27300.0,0.0
train/lpips_weighted,27350.0,0.0
train/lpips_weighted,27400.0,0.0
train/lpips_weighted,27450.0,0.0
train/lpips_weighted,27500.0,0.0
train/lpips_weighted,27550.0,0.0
train/lpips_weighted,27600.0,0.0
train/lpips_weighted,27650.0,0.0
train/lpips_weighted,27700.0,0.0
train/lpips_weighted,27750.0,0.0
train/lpips_weighted,27800.0,0.0
train/lpips_weighted,27850.0,0.0
train/lpips_weighted,27900.0,0.0
train/lpips_weighted,27950.0,0.0
train/lpips_weighted,28000.0,0.0
train/lpips_weighted,28050.0,0.0
train/lpips_weighted,28100.0,0.0
train/lpips_weighted,28150.0,0.0
train/lpips_weighted,28200.0,0.0
train/lpips_weighted,28250.0,0.0
train/lpips_weighted,28300.0,0.0
train/lpips_weighted,28350.0,0.0
train/lpips_weighted,28400.0,0.0
train/lpips_weighted,28450.0,0.0
train/lpips_weighted,28500.0,0.0
train/lpips_weighted,28550.0,0.0
train/lpips_weighted,28600.0,0.0
train/lpips_weighted,28650.0,0.0
train/lpips_weighted,28700.0,0.0
train/lpips_weighted,28750.0,0.0
train/lpips_weighted,28800.0,0.0
train/lpips_weighted,28850.0,0.0
train/lpips_weighted,28900.0,0.0
train/lpips_weighted,28950.0,0.0
train/lpips_weighted,29000.0,0.0
train/lpips_weighted,29050.0,0.0
train/lpips_weighted,29100.0,0.0
train/lpips_weighted,29150.0,0.0
train/lpips_weighted,29200.0,0.0
train/lpips_weighted,29250.0,0.0
train/lpips_weighted,29300.0,0.0
train/lpips_weighted,29350.0,0.0
train/lpips_weighted,29400.0,0.0
train/lpips_weighted,29450.0,0.0
train/lpips_weighted,29500.0,0.0
train/lpips_weighted,29550.0,0.0
train/lpips_weighted,29600.0,0.0
train/lpips_weighted,29650.0,0.0
train/lpips_weighted,29700.0,0.0
train/lpips_weighted,29750.0,0.0
train/lpips_weighted,29800.0,0.0
train/lpips_weighted,29850.0,0.0
train/lpips_weighted,29900.0,0.0
train/lpips_weighted,29950.0,0.0
train/lpips_weighted,30000.0,0.0
train/lpips_weighted,30050.0,0.0
train/lpips_weighted,30100.0,0.0
train/lpips_weighted,30150.0,0.0
train/lpips_weighted,30200.0,0.0
train/lpips_weighted,30250.0,0.0
train/lpips_weighted,30300.0,0.0
train/lpips_weighted,30350.0,0.0
train/lpips_weighted,30400.0,0.0
train/lpips_weighted,30450.0,0.0
train/lpips_weighted,30500.0,0.0
train/lpips_weighted,30550.0,0.0
train/lpips_weighted,30600.0,0.0
train/lpips_weighted,30650.0,0.0
train/lpips_weighted,30700.0,0.0
train/lpips_weighted,30750.0,0.0
train/lpips_weighted,30800.0,0.0
train/lpips_weighted,30850.0,0.0
train/lpips_weighted,30900.0,0.0
train/lpips_weighted,30950.0,0.0
train/lpips_weighted,31000.0,0.0
train/lpips_weighted,31050.0,0.0
train/lpips_weighted,31100.0,0.0
train/lpips_weighted,31150.0,0.0
train/lpips_weighted,31200.0,0.0
train/lpips_weighted,31250.0,0.0
train/lpips_weighted,31300.0,0.0
train/lpips_weighted,31350.0,0.0
train/lpips_weighted,31400.0,0.0
train/lpips_weighted,31450.0,0.0
train/lpips_weighted,31500.0,0.0
train/lpips_weighted,31550.0,0.0
train/lpips_weighted,31600.0,0.0
train/lpips_weighted,31650.0,0.0
train/lpips_weighted,31700.0,0.0
train/lpips_weighted,31750.0,0.0
train/lpips_weighted,31800.0,0.0
train/lpips_weighted,31850.0,0.0
train/lpips_weighted,31900.0,0.0
train/lpips_weighted,31950.0,0.0
train/lpips_weighted,32000.0,0.0
train/lpips_weighted,32050.0,0.0
train/lpips_weighted,32100.0,0.0
train/lpips_weighted,32150.0,0.0
train/lpips_weighted,32200.0,0.0
train/lpips_weighted,32250.0,0.0
train/lpips_weighted,32300.0,0.0
train/lpips_weighted,32350.0,0.0
train/lpips_weighted,32400.0,0.0
train/lpips_weighted,32450.0,0.0
train/lpips_weighted,32500.0,0.0
train/lpips_weighted,32550.0,0.0
train/lpips_weighted,32600.0,0.0
train/lpips_weighted,32650.0,0.0
train/lpips_weighted,32700.0,0.0
train/lpips_weighted,32750.0,0.0
train/lpips_weighted,32800.0,0.0
train/lpips_weighted,32850.0,0.0
train/lpips_weighted,32900.0,0.0
train/lpips_weighted,32950.0,0.0
train/lpips_weighted,33000.0,0.0
train/lpips_weighted,33050.0,0.0
train/lpips_weighted,33100.0,0.0
train/lpips_weighted,33150.0,0.0
train/lpips_weighted,33200.0,0.0
train/lpips_weighted,33250.0,0.0
train/lpips_weighted,33300.0,0.0
train/lpips_weighted,33350.0,0.0
train/lpips_weighted,33400.0,0.0
train/lpips_weighted,33450.0,0.0
train/lpips_weighted,33500.0,0.0
train/lpips_weighted,33550.0,0.0
train/lpips_weighted,33600.0,0.0
train/lpips_weighted,33650.0,0.0
train/lpips_weighted,33700.0,0.0
train/lpips_weighted,33750.0,0.0
train/lpips_weighted,33800.0,0.0
train/lpips_weighted,33850.0,0.0
train/lpips_weighted,33900.0,0.0
train/lpips_weighted,33950.0,0.0
train/lpips_weighted,34000.0,0.0
train/lpips_weighted,34050.0,0.0
train/lpips_weighted,34100.0,0.0
train/lpips_weighted,34150.0,0.0
train/lpips_weighted,34200.0,0.0
train/lpips_weighted,34250.0,0.0
train/lpips_weighted,34300.0,0.0
train/lpips_weighted,34350.0,0.0
train/lpips_weighted,34400.0,0.0
train/lpips_weighted,34450.0,0.0
train/lpips_weighted,34500.0,0.0
train/lpips_weighted,34550.0,0.0
train/lpips_weighted,34600.0,0.0
train/lpips_weighted,34650.0,0.0
train/lpips_weighted,34700.0,0.0
train/lpips_weighted,34750.0,0.0
train/lpips_weighted,34800.0,0.0
train/lpips_weighted,34850.0,0.0
train/lpips_weighted,34900.0,0.0
train/lpips_weighted,34950.0,0.0
train/lpips_weighted,35000.0,0.0
train/lpips_weighted,35050.0,0.0
train/lpips_weighted,35100.0,0.0
train/lpips_weighted,35150.0,0.0
train/lpips_weighted,35200.0,0.0
train/lpips_weighted,35250.0,0.0
train/lpips_weighted,35300.0,0.0
train/lpips_weighted,35350.0,0.0
train/lpips_weighted,35400.0,0.0
train/lpips_weighted,35450.0,0.0
train/lpips_weighted,35500.0,0.0
train/lpips_weighted,35550.0,0.0
train/lpips_weighted,35600.0,0.0
train/lpips_weighted,35650.0,0.0
train/lpips_weighted,35700.0,0.0
train/lpips_weighted,35750.0,0.0
train/lpips_weighted,35800.0,0.0
train/lpips_weighted,35850.0,0.0
train/lpips_weighted,35900.0,0.0
train/lpips_weighted,35950.0,0.0
train/lpips_weighted,36000.0,0.0
train/lpips_weighted,36050.0,0.0
train/lpips_weighted,36100.0,0.0
train/lpips_weighted,36150.0,0.0
train/lpips_weighted,36200.0,0.0
train/lpips_weighted,36250.0,0.0
train/lpips_weighted,36300.0,0.0
train/lpips_weighted,36350.0,0.0
train/lpips_weighted,36400.0,0.0
train/lpips_weighted,36450.0,0.0
train/lpips_weighted,36500.0,0.0
train/lpips_weighted,36550.0,0.0
train/lpips_weighted,36600.0,0.0
train/lpips_weighted,36650.0,0.0
train/lpips_weighted,36700.0,0.0
train/lpips_weighted,36750.0,0.0
train/lpips_weighted,36800.0,0.0
train/lpips_weighted,36850.0,0.0
train/lpips_weighted,36900.0,0.0
train/lpips_weighted,36950.0,0.0
train/lpips_weighted,37000.0,0.0
train/lpips_weighted,37050.0,0.0
train/lpips_weighted,37100.0,0.0
train/lpips_weighted,37150.0,0.0
train/lpips_weighted,37200.0,0.0
train/lpips_weighted,37250.0,0.0
train/lpips_weighted,37300.0,0.0
train/lpips_weighted,37350.0,0.0
train/lpips_weighted,37400.0,0.0
train/lpips_weighted,37450.0,0.0
train/lpips_weighted,37500.0,0.0
train/lpips_weighted,37550.0,0.0
train/lpips_weighted,37600.0,0.0
train/lpips_weighted,37650.0,0.0
train/lpips_weighted,37700.0,0.0
train/lpips_weighted,37750.0,0.0
train/lpips_weighted,37800.0,0.0
train/lpips_weighted,37850.0,0.0
train/lpips_weighted,37900.0,0.0
train/lpips_weighted,37950.0,0.0
train/lpips_weighted,38000.0,0.0
train/lpips_weighted,38050.0,0.0
train/lpips_weighted,38100.0,0.0
train/lpips_weighted,38150.0,0.0
train/lpips_weighted,38200.0,0.0
train/lpips_weighted,38250.0,0.0
train/lpips_weighted,38300.0,0.0
train/lpips_weighted,38350.0,0.0
train/lpips_weighted,38400.0,0.0
train/lpips_weighted,38450.0,0.0
train/lpips_weighted,38500.0,0.0
train/lpips_weighted,38550.0,0.0
train/lpips_weighted,38600.0,0.0
train/lpips_weighted,38650.0,0.0
train/lpips_weighted,38700.0,0.0
train/lpips_weighted,38750.0,0.0
train/lpips_weighted,38800.0,0.0
train/lpips_weighted,38850.0,0.0
train/lpips_weighted,38900.0,0.0
train/lpips_weighted,38950.0,0.0
train/lpips_weighted,39000.0,0.0
train/lpips_weighted,39050.0,0.0
train/lpips_weighted,39100.0,0.0
train/lpips_weighted,39150.0,0.0
train/lpips_weighted,39200.0,0.0
train/lpips_weighted,39250.0,0.0
train/lpips_weighted,39300.0,0.0
train/lpips_weighted,39350.0,0.0
train/lpips_weighted,39400.0,0.0
train/lpips_weighted,39450.0,0.0
train/lpips_weighted,39500.0,0.0
train/lpips_weighted,39550.0,0.0
train/lpips_weighted,39600.0,0.0
train/lpips_weighted,39650.0,0.0
train/lpips_weighted,39700.0,0.0
train/lpips_weighted,39750.0,0.0
train/lpips_weighted,39800.0,0.0
train/lpips_weighted,39850.0,0.0
train/lpips_weighted,39900.0,0.0
train/lpips_weighted,39950.0,0.0
train/lpips_weighted,40000.0,0.0
train/lpips_weighted,40050.0,0.0
train/lpips_weighted,40100.0,0.0
train/lpips_weighted,40150.0,0.0
train/lpips_weighted,40200.0,0.0
train/lpips_weighted,40250.0,0.0
train/lpips_weighted,40300.0,0.0
train/lpips_weighted,40350.0,0.0
train/lpips_weighted,40400.0,0.0
train/lpips_weighted,40450.0,0.0
train/lpips_weighted,40500.0,0.0
train/lpips_weighted,40550.0,0.0
train/lpips_weighted,40600.0,0.0
train/lpips_weighted,40650.0,0.0
train/lpips_weighted,40700.0,0.0
train/lpips_weighted,40750.0,0.0
train/lpips_weighted,40800.0,0.0
train/lpips_weighted,40850.0,0.0
train/lpips_weighted,40900.0,0.0
train/lpips_weighted,40950.0,0.0
train/lpips_weighted,41000.0,0.0
train/lpips_weighted,41050.0,0.0
train/lpips_weighted,41100.0,0.0
train/lpips_weighted,41150.0,0.0
train/lpips_weighted,41200.0,0.0
train/lpips_weighted,41250.0,0.0
train/lpips_weighted,41300.0,0.0
train/lpips_weighted,41350.0,0.0
train/lpips_weighted,41400.0,0.0
train/lpips_weighted,41450.0,0.0
train/lpips_weighted,41500.0,0.0
train/lpips_weighted,41550.0,0.0
train/lpips_weighted,41600.0,0.0
train/lpips_weighted,41650.0,0.0
train/lpips_weighted,41700.0,0.0
train/lpips_weighted,41750.0,0.0
train/lpips_weighted,41800.0,0.0
train/lpips_weighted,41850.0,0.0
train/lpips_weighted,41900.0,0.0
train/lpips_weighted,41950.0,0.0
train/lpips_weighted,42000.0,0.0
train/lpips_weighted,42050.0,0.0
train/lpips_weighted,42100.0,0.0
train/lpips_weighted,42150.0,0.0
train/lpips_weighted,42200.0,0.0
train/lpips_weighted,42250.0,0.0
train/lpips_weighted,42300.0,0.0
train/lpips_weighted,42350.0,0.0
train/lpips_weighted,42400.0,0.0
train/lpips_weighted,42450.0,0.0
train/lpips_weighted,42500.0,0.0
train/lpips_weighted,42550.0,0.0
train/lpips_weighted,42600.0,0.0
train/lpips_weighted,42650.0,0.0
train/lpips_weighted,42700.0,0.0
train/lpips_weighted,42750.0,0.0
train/lpips_weighted,42800.0,0.0
train/lpips_weighted,42850.0,0.0
train/lpips_weighted,42900.0,0.0
train/lpips_weighted,42950.0,0.0
train/lpips_weighted,43000.0,0.0
train/lpips_weighted,43050.0,0.0
train/lpips_weighted,43100.0,0.0
train/lpips_weighted,43150.0,0.0
train/lpips_weighted,43200.0,0.0
train/lpips_weighted,43250.0,0.0
train/lpips_weighted,43300.0,0.0
train/lpips_weighted,43350.0,0.0
train/lpips_weighted,43400.0,0.0
train/lpips_weighted,43450.0,0.0
train/lpips_weighted,43500.0,0.0
train/lpips_weighted,43550.0,0.0
train/lpips_weighted,43600.0,0.0
train/lpips_weighted,43650.0,0.0
train/lpips_weighted,43700.0,0.0
train/lpips_weighted,43750.0,0.0
train/lpips_weighted,43800.0,0.0
train/lpips_weighted,43850.0,0.0
train/lpips_weighted,43900.0,0.0
train/lpips_weighted,43950.0,0.0
train/lpips_weighted,44000.0,0.0
train/lpips_weighted,44050.0,0.0
train/lpips_weighted,44100.0,0.0
train/lpips_weighted,44150.0,0.0
train/lpips_weighted,44200.0,0.0
train/lpips_weighted,44250.0,0.0
train/lpips_weighted,44300.0,0.0
train/lpips_weighted,44350.0,0.0
train/lpips_weighted,44400.0,0.0
train/lpips_weighted,44450.0,0.0
train/lpips_weighted,44500.0,0.0
train/lpips_weighted,44550.0,0.0
train/lpips_weighted,44600.0,0.0
train/lpips_weighted,44650.0,0.0
train/lpips_weighted,44700.0,0.0
train/lpips_weighted,44750.0,0.0
train/lpips_weighted,44800.0,0.0
train/lpips_weighted,44850.0,0.0
train/lpips_weighted,44900.0,0.0
train/lpips_weighted,44950.0,0.0
train/lpips_weighted,45000.0,0.0
train/lpips_weighted,45050.0,0.0
train/lpips_weighted,45100.0,0.0
train/lpips_weighted,45150.0,0.0
train/lpips_weighted,45200.0,0.0
train/lpips_weighted,45250.0,0.0
train/lpips_weighted,45300.0,0.0
train/lpips_weighted,45350.0,0.0
train/lpips_weighted,45400.0,0.0
train/lpips_weighted,45450.0,0.0
train/lpips_weighted,45500.0,0.0
train/lpips_weighted,45550.0,0.0
train/lpips_weighted,45600.0,0.0
train/lpips_weighted,45650.0,0.0
train/lpips_weighted,45700.0,0.0
train/lpips_weighted,45750.0,0.0
train/lpips_weighted,45800.0,0.0
train/lpips_weighted,45850.0,0.0
train/lpips_weighted,45900.0,0.0
train/lpips_weighted,45950.0,0.0
train/lpips_weighted,46000.0,0.0
train/lpips_weighted,46050.0,0.0
train/lpips_weighted,46100.0,0.0
train/lpips_weighted,46150.0,0.0
train/lpips_weighted,46200.0,0.0
train/lpips_weighted,46250.0,0.0
train/lpips_weighted,46300.0,0.0
train/lpips_weighted,46350.0,0.0
train/lpips_weighted,46400.0,0.0
train/lpips_weighted,46450.0,0.0
train/lpips_weighted,46500.0,0.0
train/lpips_weighted,46550.0,0.0
train/lpips_weighted,46600.0,0.0
train/lpips_weighted,46650.0,0.0
train/lpips_weighted,46700.0,0.0
train/lpips_weighted,46750.0,0.0
train/lpips_weighted,46800.0,0.0
train/lpips_weighted,46850.0,0.0
train/lpips_weighted,46900.0,0.0
train/lpips_weighted,46950.0,0.0
train/lpips_weighted,47000.0,0.0
train/lpips_weighted,47050.0,0.0
train/lpips_weighted,47100.0,0.0
train/lpips_weighted,47150.0,0.0
train/lpips_weighted,47200.0,0.0
train/lpips_weighted,47250.0,0.0
train/lpips_weighted,47300.0,0.0
train/lpips_weighted,47350.0,0.0
train/lpips_weighted,47400.0,0.0
train/lpips_weighted,47450.0,0.0
train/lpips_weighted,47500.0,0.0
train/lpips_weighted,47550.0,0.0
train/lpips_weighted,47600.0,0.0
train/lpips_weighted,47650.0,0.0
train/lpips_weighted,47700.0,0.0
train/lpips_weighted,47750.0,0.0
train/lpips_weighted,47800.0,0.0
train/lpips_weighted,47850.0,0.0
train/lpips_weighted,47900.0,0.0
train/lpips_weighted,47950.0,0.0
train/lpips_weighted,48000.0,0.0
train/lpips_weighted,48050.0,0.0
train/lpips_weighted,48100.0,0.0
train/lpips_weighted,48150.0,0.0
train/lpips_weighted,48200.0,0.0
train/lpips_weighted,48250.0,0.0
train/lpips_weighted,48300.0,0.0
train/lpips_weighted,48350.0,0.0
train/lpips_weighted,48400.0,0.0
train/lpips_weighted,48450.0,0.0
train/lpips_weighted,48500.0,0.0
train/lpips_weighted,48550.0,0.0
train/lpips_weighted,48600.0,0.0
train/lpips_weighted,48650.0,0.0
train/lpips_weighted,48700.0,0.0
train/lpips_weighted,48750.0,0.0
train/lpips_weighted,48800.0,0.0
train/lpips_weighted,48850.0,0.0
train/lpips_weighted,48900.0,0.0
train/lpips_weighted,48950.0,0.0
train/lpips_weighted,49000.0,0.0
train/lpips_weighted,49050.0,0.0
train/lpips_weighted,49100.0,0.0
train/lpips_weighted,49150.0,0.0
train/lpips_weighted,49200.0,0.0
train/lpips_weighted,49250.0,0.0
train/lpips_weighted,49300.0,0.0
train/lpips_weighted,49350.0,0.0
train/lpips_weighted,49400.0,0.0
train/lpips_weighted,49450.0,0.0
train/lpips_weighted,49500.0,0.0
train/lpips_weighted,49550.0,0.0
train/lpips_weighted,49600.0,0.0
train/lpips_weighted,49650.0,0.0
train/lpips_weighted,49700.0,0.0
train/lpips_weighted,49750.0,0.0
train/lpips_weighted,49800.0,0.0
train/lpips_weighted,49850.0,0.0
train/lpips_weighted,49900.0,0.0
train/lpips_weighted,49950.0,0.0
train/lpips_weighted,50000.0,0.0
train/lpips_weighted,50050.0,0.0
train/lpips_weighted,50100.0,0.0
train/lpips_weighted,50150.0,0.0
train/lpips_weighted,50200.0,0.0
train/lpips_weighted,50250.0,0.0
train/lpips_weighted,50300.0,0.0
train/lpips_weighted,50350.0,0.0
train/lpips_weighted,50400.0,0.0
train/lpips_weighted,50450.0,0.0
train/lpips_weighted,50500.0,0.0
train/lpips_weighted,50550.0,0.0
train/lpips_weighted,50600.0,0.0
train/lpips_weighted,50650.0,0.0
train/lpips_weighted,50700.0,0.0
train/lpips_weighted,50750.0,0.0
train/lpips_weighted,50800.0,0.0
train/lpips_weighted,50850.0,0.0
train/lpips_weighted,50900.0,0.0
train/lpips_weighted,50950.0,0.0
train/lpips_weighted,51000.0,0.0
train/lpips_weighted,51050.0,0.0
train/lpips_weighted,51100.0,0.0
train/lpips_weighted,51150.0,0.0
train/lpips_weighted,51200.0,0.0
train/lpips_weighted,51250.0,0.0
train/lpips_weighted,51300.0,0.0
train/lpips_weighted,51350.0,0.0
train/lpips_weighted,51400.0,0.0
train/lpips_weighted,51450.0,0.0
train/lpips_weighted,51500.0,0.0
train/lpips_weighted,51550.0,0.0
train/lpips_weighted,51600.0,0.0
train/lpips_weighted,51650.0,0.0
train/lpips_weighted,51700.0,0.0
train/lpips_weighted,51750.0,0.0
train/lpips_weighted,51800.0,0.0
train/lpips_weighted,51850.0,0.0
train/lpips_weighted,51900.0,0.0
train/lpips_weighted,51950.0,0.0
train/lpips_weighted,52000.0,0.0
train/lpips_weighted,52050.0,0.0
train/lpips_weighted,52100.0,0.0
train/lpips_weighted,52150.0,0.0
train/lpips_weighted,52200.0,0.0
train/lpips_weighted,52250.0,0.0
train/lpips_weighted,52300.0,0.0
train/lpips_weighted,52350.0,0.0
train/lpips_weighted,52400.0,0.0
train/lpips_weighted,52450.0,0.0
train/lpips_weighted,52500.0,0.0
train/lpips_weighted,52550.0,0.0
train/lpips_weighted,52600.0,0.0
train/lpips_weighted,52650.0,0.0
train/lpips_weighted,52700.0,0.0
train/lpips_weighted,52750.0,0.0
train/lpips_weighted,52800.0,0.0
train/lpips_weighted,52850.0,0.0
train/lpips_weighted,52900.0,0.0
train/lpips_weighted,52950.0,0.0
train/lpips_weighted,53000.0,0.0
train/lpips_weighted,53050.0,0.0
train/lpips_weighted,53100.0,0.0
train/lpips_weighted,53150.0,0.0
train/lpips_weighted,53200.0,0.0
train/lpips_weighted,53250.0,0.0
train/lpips_weighted,53300.0,0.0
train/lpips_weighted,53350.0,0.0
train/lpips_weighted,53400.0,0.0
train/lpips_weighted,53450.0,0.0
train/lpips_weighted,53500.0,0.0
train/lpips_weighted,53550.0,0.0
train/lpips_weighted,53600.0,0.0
train/lpips_weighted,53650.0,0.0
train/lpips_weighted,53700.0,0.0
train/lpips_weighted,53750.0,0.0
train/lpips_weighted,53800.0,0.0
train/lpips_weighted,53850.0,0.0
train/lpips_weighted,53900.0,0.0
train/lpips_weighted,53950.0,0.0
train/lpips_weighted,54000.0,0.0
train/lpips_weighted,54050.0,0.0
train/lpips_weighted,54100.0,0.0
train/lpips_weighted,54150.0,0.0
train/lpips_weighted,54200.0,0.0
train/lpips_weighted,54250.0,0.0
train/lpips_weighted,54300.0,0.0
train/lpips_weighted,54350.0,0.0
train/lpips_weighted,54400.0,0.0
train/lpips_weighted,54450.0,0.0
train/lpips_weighted,54500.0,0.0
train/lpips_weighted,54550.0,0.0
train/lpips_weighted,54600.0,0.0
train/lpips_weighted,54650.0,0.0
train/lpips_weighted,54700.0,0.0
train/lpips_weighted,54750.0,0.0
train/lpips_weighted,54800.0,0.0
train/lpips_weighted,54850.0,0.0
train/lpips_weighted,54900.0,0.0
train/lpips_weighted,54950.0,0.0
train/lpips_weighted,55000.0,0.0
train/lpips_weighted,55050.0,0.0
train/lpips_weighted,55100.0,0.0
train/lpips_weighted,55150.0,0.0
train/lpips_weighted,55200.0,0.0
train/lpips_weighted,55250.0,0.0
train/lpips_weighted,55300.0,0.0
train/lpips_weighted,55350.0,0.0
train/lpips_weighted,55400.0,0.0
train/lpips_weighted,55450.0,0.0
train/lpips_weighted,55500.0,0.0
train/lpips_weighted,55550.0,0.0
train/lpips_weighted,55600.0,0.0
train/lpips_weighted,55650.0,0.0
train/lpips_weighted,55700.0,0.0
train/lpips_weighted,55750.0,0.0
train/lpips_weighted,55800.0,0.0
train/lpips_weighted,55850.0,0.0
train/lpips_weighted,55900.0,0.0
train/lpips_weighted,55950.0,0.0
train/lpips_weighted,56000.0,0.0
train/lpips_weighted,56050.0,0.0
train/lpips_weighted,56100.0,0.0
train/lpips_weighted,56150.0,0.0
train/lpips_weighted,56200.0,0.0
train/lpips_weighted,56250.0,0.0
train/lpips_weighted,56300.0,0.0
train/lpips_weighted,56350.0,0.0
train/lpips_weighted,56400.0,0.0
train/lpips_weighted,56450.0,0.0
train/lpips_weighted,56500.0,0.0
train/lpips_weighted,56550.0,0.0
train/lpips_weighted,56600.0,0.0
train/lpips_weighted,56650.0,0.0
train/lpips_weighted,56700.0,0.0
train/lpips_weighted,56750.0,0.0
train/lpips_weighted,56800.0,0.0
train/lpips_weighted,56850.0,0.0
train/lpips_weighted,56900.0,0.0
train/lpips_weighted,56950.0,0.0
train/lpips_weighted,57000.0,0.0
train/lpips_weighted,57050.0,0.0
train/lpips_weighted,57100.0,0.0
train/lpips_weighted,57150.0,0.0
train/lpips_weighted,57200.0,0.0
train/lpips_weighted,57250.0,0.0
train/lpips_weighted,57300.0,0.0
train/lpips_weighted,57350.0,0.0
train/lpips_weighted,57400.0,0.0
train/lpips_weighted,57450.0,0.0
train/lpips_weighted,57500.0,0.0
train/lpips_weighted,57550.0,0.0
train/lpips_weighted,57600.0,0.0
train/lpips_weighted,57650.0,0.0
train/lpips_weighted,57700.0,0.0
train/lpips_weighted,57750.0,0.0
train/lpips_weighted,57800.0,0.0
train/lpips_weighted,57850.0,0.0
train/lpips_weighted,57900.0,0.0
train/lpips_weighted,57950.0,0.0
train/lpips_weighted,58000.0,0.0
train/lpips_weighted,58050.0,0.0
train/lpips_weighted,58100.0,0.0
train/lpips_weighted,58150.0,0.0
train/lpips_weighted,58200.0,0.0
train/lpips_weighted,58250.0,0.0
train/lpips_weighted,58300.0,0.0
train/lpips_weighted,58350.0,0.0
train/lpips_weighted,58400.0,0.0
train/lpips_weighted,58450.0,0.0
train/lpips_weighted,58500.0,0.0
train/lpips_weighted,58550.0,0.0
train/lpips_weighted,58600.0,0.0
train/lpips_weighted,58650.0,0.0
train/lpips_weighted,58700.0,0.0
train/lpips_weighted,58750.0,0.0
train/lpips_weighted,58800.0,0.0
train/lpips_weighted,58850.0,0.0
train/lpips_weighted,58900.0,0.0
train/lpips_weighted,58950.0,0.0
train/lpips_weighted,59000.0,0.0
train/lpips_weighted,59050.0,0.0
train/lpips_weighted,59100.0,0.0
train/lpips_weighted,59150.0,0.0
train/lpips_weighted,59200.0,0.0
train/lpips_weighted,59250.0,0.0
train/lpips_weighted,59300.0,0.0
train/lpips_weighted,59350.0,0.0
train/lpips_weighted,59400.0,0.0
train/lpips_weighted,59450.0,0.0
train/lpips_weighted,59500.0,0.0
train/lpips_weighted,59550.0,0.0
train/lpips_weighted,59600.0,0.0
train/lpips_weighted,59650.0,0.0
train/lpips_weighted,59700.0,0.0
train/lpips_weighted,59750.0,0.0
train/lpips_weighted,59800.0,0.0
train/lpips_weighted,59850.0,0.0
train/lpips_weighted,59900.0,0.0
train/lpips_weighted,59950.0,0.0
train/lpips_weighted,60000.0,0.0
train/lpips_weighted,60050.0,0.015368605963885784
train/lpips_weighted,60100.0,0.011116353794932365
train/lpips_weighted,60150.0,0.01146719977259636
train/lpips_weighted,60200.0,0.011944932863116264
train/lpips_weighted,60250.0,0.009724422357976437
train/lpips_weighted,60300.0,0.009492503479123116
train/lpips_weighted,60350.0,0.01014281902462244
train/lpips_weighted,60400.0,0.01092316210269928
train/lpips_weighted,60450.0,0.01142849214375019
train/lpips_weighted,60500.0,0.009474989958107471
train/lpips_weighted,60550.0,0.009299399331212044
train/lpips_weighted,60600.0,0.011380334384739399
train/lpips_weighted,60650.0,0.009470587596297264
train/lpips_weighted,60700.0,0.00927785038948059
train/lpips_weighted,60750.0,0.010730345733463764
train/lpips_weighted,60800.0,0.009634443558752537
train/lpips_weighted,60850.0,0.010702910833060741
train/lpips_weighted,60900.0,0.010867342352867126
train/lpips_weighted,60950.0,0.010254304856061935
train/lpips_weighted,61000.0,0.00975104235112667
train/lpips_weighted,61050.0,0.009585419669747353
train/lpips_weighted,61100.0,0.01042398065328598
train/lpips_weighted,61150.0,0.009867703542113304
train/lpips_weighted,61200.0,0.010030665434896946
train/lpips_weighted,61250.0,0.008584538474678993
train/lpips_weighted,61300.0,0.010137919336557388
train/lpips_weighted,61350.0,0.01033088006079197
train/lpips_weighted,61400.0,0.009849898517131805
train/lpips_weighted,61450.0,0.010142875835299492
train/lpips_weighted,61500.0,0.009586645290255547
train/lpips_weighted,61550.0,0.009723641909658909
train/lpips_weighted,61600.0,0.010458466596901417
train/lpips_weighted,61650.0,0.010029144585132599
train/lpips_weighted,61700.0,0.01050677802413702
train/lpips_weighted,61750.0,0.00928766280412674
train/lpips_weighted,61800.0,0.00995365995913744
train/lpips_weighted,61850.0,0.01021132804453373
train/lpips_weighted,61900.0,0.010689281858503819
train/lpips_weighted,61950.0,0.010047534480690956
train/lpips_weighted,62000.0,0.009983548894524574
train/lpips_weighted,62050.0,0.010935167782008648
train/lpips_weighted,62100.0,0.0105885099619627
train/lpips_weighted,62150.0,0.00950711965560913
train/lpips_weighted,62200.0,0.010320323519408703
train/lpips_weighted,62250.0,0.010162556543946266
train/lpips_weighted,62300.0,0.010277986526489258
train/lpips_weighted,62350.0,0.00976811908185482
train/lpips_weighted,62400.0,0.010081074200570583
train/lpips_weighted,62450.0,0.010205731727182865
train/lpips_weighted,62500.0,0.009220613166689873
train/lpips_weighted,62550.0,0.010196960531175137
train/lpips_weighted,62600.0,0.009468747302889824
train/lpips_weighted,62650.0,0.010155664756894112
train/lpips_weighted,62700.0,0.009470764547586441
train/lpips_weighted,62750.0,0.010357731021940708
train/lpips_weighted,62800.0,0.008608863689005375
train/lpips_weighted,62850.0,0.010347556322813034
train/lpips_weighted,62900.0,0.010009454563260078
train/lpips_weighted,62950.0,0.010264117270708084
train/lpips_weighted,63000.0,0.010656367056071758
train/lpips_weighted,63050.0,0.009712348692119122
train/lpips_weighted,63100.0,0.010274667292833328
train/lpips_weighted,63150.0,0.009413113817572594
train/lpips_weighted,63200.0,0.010006746277213097
train/lpips_weighted,63250.0,0.009452924132347107
train/lpips_weighted,63300.0,0.009490443393588066
train/lpips_weighted,63350.0,0.008981381542980671
train/lpips_weighted,63400.0,0.009974322281777859
train/lpips_weighted,63450.0,0.009763941168785095
train/lpips_weighted,63500.0,0.009798225946724415
train/lpips_weighted,63550.0,0.009462881833314896
train/lpips_weighted,63600.0,0.009952091611921787
train/lpips_weighted,63650.0,0.009297993965446949
train/lpips_weighted,63700.0,0.00926186889410019
train/lpips_weighted,63750.0,0.009438157081604004
train/lpips_weighted,63800.0,0.010046616196632385
train/lpips_weighted,63850.0,0.00918341800570488
train/lpips_weighted,63900.0,0.009691028855741024
train/lpips_weighted,63950.0,0.008891599252820015
train/lpips_weighted,64000.0,0.009556932374835014
train/lpips_weighted,64050.0,0.009556518867611885
train/lpips_weighted,64100.0,0.010354852303862572
train/lpips_weighted,64150.0,0.008546771481633186
train/lpips_weighted,64200.0,0.00902325939387083
train/lpips_weighted,64250.0,0.010068656876683235
train/lpips_weighted,64300.0,0.010088173672556877
train/lpips_weighted,64350.0,0.009173301979899406
train/lpips_weighted,64400.0,0.010607512667775154
train/lpips_weighted,64450.0,0.01031822431832552
train/lpips_weighted,64500.0,0.009711213409900665
train/lpips_weighted,64550.0,0.008971811272203922
train/lpips_weighted,64600.0,0.009874587878584862
train/lpips_weighted,64650.0,0.009780039079487324
train/lpips_weighted,64700.0,0.009055353701114655
train/lpips_weighted,64750.0,0.008900681510567665
train/lpips_weighted,64800.0,0.010141809470951557
train/lpips_weighted,64850.0,0.009265621192753315
train/lpips_weighted,64900.0,0.009476718492805958
train/lpips_weighted,64950.0,0.010323281399905682
train/lpips_weighted,65000.0,0.010493923909962177
train/lpips_weighted,65050.0,0.009492883458733559
train/lpips_weighted,65100.0,0.010652960278093815
train/lpips_weighted,65150.0,0.010703054256737232
train/lpips_weighted,65200.0,0.009396776556968689
train/lpips_weighted,65250.0,0.009510542266070843
train/lpips_weighted,65300.0,0.009233825840055943
train/lpips_weighted,65350.0,0.00932274293154478
train/lpips_weighted,65400.0,0.010787262581288815
train/lpips_weighted,65450.0,0.01026848517358303
train/lpips_weighted,65500.0,0.008831160143017769
train/lpips_weighted,65550.0,0.009822716005146503
train/lpips_weighted,65600.0,0.009874751791357994
train/lpips_weighted,65650.0,0.009506024420261383
train/lpips_weighted,65700.0,0.010581319220364094
train/lpips_weighted,65750.0,0.009789538569748402
train/lpips_weighted,65800.0,0.009836779907345772
train/lpips_weighted,65850.0,0.009938221424818039
train/lpips_weighted,65900.0,0.010253067128360271
train/lpips_weighted,65950.0,0.009484897367656231
train/lpips_weighted,66000.0,0.009208068251609802
train/lpips_weighted,66050.0,0.00880893412977457
train/lpips_weighted,66100.0,0.009554246440529823
train/lpips_weighted,66150.0,0.009124130010604858
train/lpips_weighted,66200.0,0.008853730745613575
train/lpips_weighted,66250.0,0.009600055404007435
train/lpips_weighted,66300.0,0.009099476970732212
train/lpips_weighted,66350.0,0.008992118760943413
train/lpips_weighted,66400.0,0.009707295335829258
train/lpips_weighted,66450.0,0.009473307989537716
train/lpips_weighted,66500.0,0.00963116530328989
train/lpips_weighted,66550.0,0.009275978431105614
train/lpips_weighted,66600.0,0.008979923091828823
train/lpips_weighted,66650.0,0.008989229798316956
train/lpips_weighted,66700.0,0.009487428702414036
train/lpips_weighted,66750.0,0.009402243420481682
train/lpips_weighted,66800.0,0.010507483035326004
train/lpips_weighted,66850.0,0.009211142547428608
train/lpips_weighted,66900.0,0.009183479472994804
train/lpips_weighted,66950.0,0.009811130352318287
train/lpips_weighted,67000.0,0.009502895176410675
train/lpips_weighted,67050.0,0.00983746163547039
train/lpips_weighted,67100.0,0.00898572988808155
train/lpips_weighted,67150.0,0.010038182139396667
train/lpips_weighted,67200.0,0.009816871955990791
train/lpips_weighted,67250.0,0.009371903724968433
train/lpips_weighted,67300.0,0.00971322413533926
train/lpips_weighted,67350.0,0.008899964392185211
train/lpips_weighted,67400.0,0.009902742691338062
train/lpips_weighted,67450.0,0.009550314396619797
train/lpips_weighted,67500.0,0.009473048150539398
train/lpips_weighted,67550.0,0.00904050748795271
train/lpips_weighted,67600.0,0.00982365757226944
train/lpips_weighted,67650.0,0.009350357577204704
train/lpips_weighted,67700.0,0.00888778455555439
train/lpips_weighted,67750.0,0.009324459359049797
train/lpips_weighted,67800.0,0.009457271546125412
train/lpips_weighted,67850.0,0.009258132427930832
train/lpips_weighted,67900.0,0.009468389675021172
train/lpips_weighted,67950.0,0.009408194571733475
train/lpips_weighted,68000.0,0.009600884281098843
train/lpips_weighted,68050.0,0.009324724785983562
train/lpips_weighted,68100.0,0.00923429150134325
train/lpips_weighted,68150.0,0.009105034172534943
train/lpips_weighted,68200.0,0.009887807071208954
train/lpips_weighted,68250.0,0.008958986960351467
train/lpips_weighted,68300.0,0.00966038927435875
train/lpips_weighted,68350.0,0.009007523767650127
train/lpips_weighted,68400.0,0.009860817342996597
train/lpips_weighted,68450.0,0.009218215942382812
train/lpips_weighted,68500.0,0.00966472364962101
train/lpips_weighted,68550.0,0.009259822778403759
train/lpips_weighted,68600.0,0.008869390934705734
train/lpips_weighted,68650.0,0.008967538364231586
train/lpips_weighted,68700.0,0.008768845349550247
train/lpips_weighted,68750.0,0.00928530003875494
train/lpips_weighted,68800.0,0.009052355773746967
train/lpips_weighted,68850.0,0.008524042554199696
train/lpips_weighted,68900.0,0.009689711965620518
train/lpips_weighted,68950.0,0.009326482191681862
train/lpips_weighted,69000.0,0.008933109231293201
train/lpips_weighted,69050.0,0.00962215568870306
train/lpips_weighted,69100.0,0.009526891633868217
train/lpips_weighted,69150.0,0.009407470002770424
train/lpips_weighted,69200.0,0.00943288579583168
train/lpips_weighted,69250.0,0.008553927764296532
train/lpips_weighted,69300.0,0.010398907586932182
train/lpips_weighted,69350.0,0.009998626075685024
train/lpips_weighted,69400.0,0.009893310256302357
train/lpips_weighted,69450.0,0.010798340663313866
train/lpips_weighted,69500.0,0.009879362769424915
train/lpips_weighted,69550.0,0.010168381035327911
train/lpips_weighted,69600.0,0.009174440987408161
train/lpips_weighted,69650.0,0.009207138791680336
train/lpips_weighted,69700.0,0.01078818179666996
train/lpips_weighted,69750.0,0.009791139513254166
train/lpips_weighted,69800.0,0.008975975215435028
train/lpips_weighted,69850.0,0.009980738162994385
train/lpips_weighted,69900.0,0.00969412736594677
train/lpips_weighted,69950.0,0.009825676679611206
train/lpips_weighted,70000.0,0.009539974853396416
train/lpips_weighted,70050.0,0.00942908599972725
train/lpips_weighted,70100.0,0.00896291434764862
train/lpips_weighted,70150.0,0.010442917235195637
train/lpips_weighted,70200.0,0.009600712917745113
train/lpips_weighted,70250.0,0.00923819188028574
train/lpips_weighted,70300.0,0.008865253068506718
train/lpips_weighted,70350.0,0.009461266919970512
train/lpips_weighted,70400.0,0.009659219533205032
train/lpips_weighted,70450.0,0.009674020111560822
train/lpips_weighted,70500.0,0.009910374879837036
train/lpips_weighted,70550.0,0.00957026332616806
train/lpips_weighted,70600.0,0.008689324371516705
train/lpips_weighted,70650.0,0.009491448290646076
train/lpips_weighted,70700.0,0.009642018005251884
train/lpips_weighted,70750.0,0.009984075091779232
train/lpips_weighted,70800.0,0.009680602699518204
train/lpips_weighted,70850.0,0.009062920697033405
train/lpips_weighted,70900.0,0.01035601831972599
train/lpips_weighted,70950.0,0.00912010669708252
train/lpips_weighted,71000.0,0.010516882874071598
train/lpips_weighted,71050.0,0.009923508390784264
train/lpips_weighted,71100.0,0.009689793922007084
train/lpips_weighted,71150.0,0.009768681600689888
train/lpips_weighted,71200.0,0.009265780448913574
train/lpips_weighted,71250.0,0.008857755921781063
train/lpips_weighted,71300.0,0.00813842099159956
train/lpips_weighted,71350.0,0.009361490607261658
train/lpips_weighted,71400.0,0.009924747981131077
train/lpips_weighted,71450.0,0.009409136138856411
train/lpips_weighted,71500.0,0.008762519806623459
train/lpips_weighted,71550.0,0.008805479854345322
train/lpips_weighted,71600.0,0.010159710422158241
train/lpips_weighted,71650.0,0.008496139198541641
train/lpips_weighted,71700.0,0.008327060379087925
train/lpips_weighted,71750.0,0.00976539682596922
train/lpips_weighted,71800.0,0.009579867124557495
train/lpips_weighted,71850.0,0.009400424547493458
train/lpips_weighted,71900.0,0.009193439967930317
train/lpips_weighted,71950.0,0.009264149703085423
train/lpips_weighted,72000.0,0.008711976930499077
train/lpips_weighted,72050.0,0.00943518616259098
train/lpips_weighted,72100.0,0.00867493450641632
train/lpips_weighted,72150.0,0.0085061090067029
train/lpips_weighted,72200.0,0.0085047772154212
train/lpips_weighted,72250.0,0.008862452581524849
train/lpips_weighted,72300.0,0.009612232446670532
train/lpips_weighted,72350.0,0.00974329560995102
train/lpips_weighted,72400.0,0.009952371940016747
train/lpips_weighted,72450.0,0.009595012292265892
train/lpips_weighted,72500.0,0.009481295943260193
train/lpips_weighted,72550.0,0.008920697495341301
train/lpips_weighted,72600.0,0.009430032223463058
train/lpips_weighted,72650.0,0.010051663964986801
train/lpips_weighted,72700.0,0.009358551353216171
train/lpips_weighted,72750.0,0.008718456141650677
train/lpips_weighted,72800.0,0.008900212123990059
train/lpips_weighted,72850.0,0.009839823469519615
train/lpips_weighted,72900.0,0.009666270576417446
train/lpips_weighted,72950.0,0.010223060846328735
train/lpips_weighted,73000.0,0.008615085855126381
train/lpips_weighted,73050.0,0.009723548777401447
train/lpips_weighted,73100.0,0.009692320600152016
train/lpips_weighted,73150.0,0.010125109925866127
train/lpips_weighted,73200.0,0.009866001084446907
train/lpips_weighted,73250.0,0.0086410753428936
train/lpips_weighted,73300.0,0.009465751238167286
train/lpips_weighted,73350.0,0.00985621940344572
train/lpips_weighted,73400.0,0.009651166386902332
train/lpips_weighted,73450.0,0.008855676278471947
train/lpips_weighted,73500.0,0.009602133184671402
train/lpips_weighted,73550.0,0.009449264034628868
train/lpips_weighted,73600.0,0.009184022434055805
train/lpips_weighted,73650.0,0.00970684178173542
train/lpips_weighted,73700.0,0.008694756776094437
train/lpips_weighted,73750.0,0.009474597871303558
train/lpips_weighted,73800.0,0.009546991437673569
train/lpips_weighted,73850.0,0.009661005809903145
train/lpips_weighted,73900.0,0.008880400098860264
train/lpips_weighted,73950.0,0.009644907899200916
train/lpips_weighted,74000.0,0.00934281013906002
train/lpips_weighted,74050.0,0.009054837748408318
train/lpips_weighted,74100.0,0.009265359491109848
train/lpips_weighted,74150.0,0.009383423253893852
train/lpips_weighted,74200.0,0.010054199025034904
train/lpips_weighted,74250.0,0.00980702880769968
train/lpips_weighted,74300.0,0.009266110137104988
train/lpips_weighted,74350.0,0.009849946945905685
train/lpips_weighted,74400.0,0.008670313283801079
train/lpips_weighted,74450.0,0.00965925119817257
train/lpips_weighted,74500.0,0.010406065732240677
train/lpips_weighted,74550.0,0.00981136318296194
train/lpips_weighted,74600.0,0.0091092549264431
train/lpips_weighted,74650.0,0.008495143614709377
train/lpips_weighted,74700.0,0.0095160361379385
train/lpips_weighted,74750.0,0.008943187072873116
train/lpips_weighted,74800.0,0.010424630716443062
train/lpips_weighted,74850.0,0.009511479176580906
train/lpips_weighted,74900.0,0.00974222831428051
train/lpips_weighted,74950.0,0.009186784736812115
train/lpips_weighted,75000.0,0.009892209433019161
train/lpips_weighted,75050.0,0.009530029259622097
train/lpips_weighted,75100.0,0.00844506174325943
train/lpips_weighted,75150.0,0.010315513238310814
train/lpips_weighted,75200.0,0.009040918201208115
train/lpips_weighted,75250.0,0.009938839823007584
train/lpips_weighted,75300.0,0.009128816425800323
train/lpips_weighted,75350.0,0.009958122856914997
train/lpips_weighted,75400.0,0.009031284600496292
train/lpips_weighted,75450.0,0.010834014974534512
train/lpips_weighted,75500.0,0.008721593767404556
train/lpips_weighted,75550.0,0.008744673803448677
train/lpips_weighted,75600.0,0.009645029902458191
train/lpips_weighted,75650.0,0.010172822512686253
train/lpips_weighted,75700.0,0.009411610662937164
train/lpips_weighted,75750.0,0.009304765611886978
train/lpips_weighted,75800.0,0.009568228386342525
train/lpips_weighted,75850.0,0.009502110071480274
train/lpips_weighted,75900.0,0.008918898180127144
train/lpips_weighted,75950.0,0.009348803199827671
train/lpips_weighted,76000.0,0.009063935838639736
train/lpips_weighted,76050.0,0.009587593376636505
train/lpips_weighted,76100.0,0.009161808528006077
train/lpips_weighted,76150.0,0.009147653356194496
train/lpips_weighted,76200.0,0.009813477285206318
train/lpips_weighted,76250.0,0.009562934748828411
train/lpips_weighted,76300.0,0.01004931889474392
train/lpips_weighted,76350.0,0.00968263205140829
train/lpips_weighted,76400.0,0.00931426789611578
train/lpips_weighted,76450.0,0.00957987830042839
train/lpips_weighted,76500.0,0.009192284196615219
train/lpips_weighted,76550.0,0.01000514067709446
train/lpips_weighted,76600.0,0.00911201722919941
train/lpips_weighted,76650.0,0.009752876125276089
train/lpips_weighted,76700.0,0.009277991019189358
train/lpips_weighted,76750.0,0.008942262269556522
train/lpips_weighted,76800.0,0.009820950217545033
train/lpips_weighted,76850.0,0.00896121934056282
train/lpips_weighted,76900.0,0.009362278506159782
train/lpips_weighted,76950.0,0.009392880834639072
train/lpips_weighted,77000.0,0.009349762462079525
train/lpips_weighted,77050.0,0.010548804886639118
train/lpips_weighted,77100.0,0.008371436037123203
train/lpips_weighted,77150.0,0.008596071042120457
train/lpips_weighted,77200.0,0.009182586334645748
train/lpips_weighted,77250.0,0.009512098506093025
train/lpips_weighted,77300.0,0.009569663554430008
train/lpips_weighted,77350.0,0.009713887237012386
train/lpips_weighted,77400.0,0.008904710412025452
train/lpips_weighted,77450.0,0.009162303060293198
train/lpips_weighted,77500.0,0.009141451679170132
train/lpips_weighted,77550.0,0.00908829364925623
train/lpips_weighted,77600.0,0.009300785139203072
train/lpips_weighted,77650.0,0.00933136511594057
train/lpips_weighted,77700.0,0.00958374422043562
train/lpips_weighted,77750.0,0.009480955079197884
train/lpips_weighted,77800.0,0.009942694567143917
train/lpips_weighted,77850.0,0.009007317014038563
train/lpips_weighted,77900.0,0.009526709094643593
train/lpips_weighted,77950.0,0.010178091935813427
train/lpips_weighted,78000.0,0.009024420753121376
train/lpips_weighted,78050.0,0.00927596352994442
train/lpips_weighted,78100.0,0.009308225475251675
train/lpips_weighted,78150.0,0.009792500175535679
train/lpips_weighted,78200.0,0.009567556902766228
train/lpips_weighted,78250.0,0.009493231773376465
train/lpips_weighted,78300.0,0.00887078233063221
train/lpips_weighted,78350.0,0.009238693863153458
train/lpips_weighted,78400.0,0.009224198758602142
train/lpips_weighted,78450.0,0.00926155224442482
train/lpips_weighted,78500.0,0.009647269733250141
train/lpips_weighted,78550.0,0.009490573778748512
train/lpips_weighted,78600.0,0.009831763803958893
train/lpips_weighted,78650.0,0.008986079134047031
train/lpips_weighted,78700.0,0.008521569892764091
train/lpips_weighted,78750.0,0.009235111065208912
train/lpips_weighted,78800.0,0.00919151958078146
train/lpips_weighted,78850.0,0.009915078058838844
train/lpips_weighted,78900.0,0.009119733236730099
train/lpips_weighted,78950.0,0.009207343682646751
train/lpips_weighted,79000.0,0.00850006565451622
train/lpips_weighted,79050.0,0.008977685123682022
train/lpips_weighted,79100.0,0.008946438319981098
train/lpips_weighted,79150.0,0.009799436666071415
train/lpips_weighted,79200.0,0.008904427289962769
train/lpips_weighted,79250.0,0.008675405755639076
train/lpips_weighted,79300.0,0.00987089704722166
train/lpips_weighted,79350.0,0.011277477256953716
train/lpips_weighted,79400.0,0.008863238617777824
train/lpips_weighted,79450.0,0.010173112154006958
train/lpips_weighted,79500.0,0.009020543657243252
train/lpips_weighted,79550.0,0.008255072869360447
train/lpips_weighted,79600.0,0.009174142964184284
train/lpips_weighted,79650.0,0.00999687984585762
train/lpips_weighted,79700.0,0.008778071030974388
train/lpips_weighted,79750.0,0.009045672602951527
train/lpips_weighted,79800.0,0.00816489476710558
train/lpips_weighted,79850.0,0.010912764817476273
train/lpips_weighted,79900.0,0.009889379143714905
train/lpips_weighted,79950.0,0.009230867959558964
train/lpips_weighted,80000.0,0.009282099083065987
train/reconstruction,1.0,0.34758269786834717
train/reconstruction,50.0,0.23963725566864014
train/reconstruction,100.0,0.10235530138015747
train/reconstruction,150.0,0.07939950376749039
train/reconstruction,200.0,0.06430444866418839
train/reconstruction,250.0,0.0625467449426651
train/reconstruction,300.0,0.05620191991329193
train/reconstruction,350.0,0.057622913271188736
train/reconstruction,400.0,0.06083276495337486
train/reconstruction,450.0,0.05688641220331192
train/reconstruction,500.0,0.05445970594882965
train/reconstruction,550.0,0.05788389593362808
train/reconstruction,600.0,0.05064868554472923
train/reconstruction,650.0,0.05958200991153717
train/reconstruction,700.0,0.04761260002851486
train/reconstruction,750.0,0.0549989715218544
train/reconstruction,800.0,0.054023291915655136
train/reconstruction,850.0,0.05920279771089554
train/reconstruction,900.0,0.05309354513883591
train/reconstruction,950.0,0.05525202676653862
train/reconstruction,1000.0,0.05858226865530014
train/reconstruction,1050.0,0.05508089065551758
train/reconstruction,1100.0,0.05277081951498985
train/reconstruction,1150.0,0.05131518468260765
train/reconstruction,1200.0,0.048992086201906204
train/reconstruction,1250.0,0.05041014775633812
train/reconstruction,1300.0,0.057143423706293106
train/reconstruction,1350.0,0.058132220059633255
train/reconstruction,1400.0,0.059651631861925125
train/reconstruction,1450.0,0.04817810282111168
train/reconstruction,1500.0,0.05069711059331894
train/reconstruction,1550.0,0.05305438116192818
train/reconstruction,1600.0,0.04895886778831482
train/reconstruction,1650.0,0.04775569215416908
train/reconstruction,1700.0,0.04902549088001251
train/reconstruction,1750.0,0.050675682723522186
train/reconstruction,1800.0,0.05672287568449974
train/reconstruction,1850.0,0.06271760165691376
train/reconstruction,1900.0,0.052293628454208374
train/reconstruction,1950.0,0.05175924301147461
train/reconstruction,2000.0,0.04815547913312912
train/reconstruction,2050.0,0.05252784863114357
train/reconstruction,2100.0,0.050844937562942505
train/reconstruction,2150.0,0.051614269614219666
train/reconstruction,2200.0,0.05492747575044632
train/reconstruction,2250.0,0.04959826171398163
train/reconstruction,2300.0,0.049379028379917145
train/reconstruction,2350.0,0.05393039435148239
train/reconstruction,2400.0,0.05184813588857651
train/reconstruction,2450.0,0.04950825870037079
train/reconstruction,2500.0,0.057949282228946686
train/reconstruction,2550.0,0.051722653210163116
train/reconstruction,2600.0,0.0501633882522583
train/reconstruction,2650.0,0.047193415462970734
train/reconstruction,2700.0,0.050961412489414215
train/reconstruction,2750.0,0.056119583547115326
train/reconstruction,2800.0,0.05184217914938927
train/reconstruction,2850.0,0.052622705698013306
train/reconstruction,2900.0,0.056024521589279175
train/reconstruction,2950.0,0.058101341128349304
train/reconstruction,3000.0,0.05337389558553696
train/reconstruction,3050.0,0.05049735680222511
train/reconstruction,3100.0,0.053706396371126175
train/reconstruction,3150.0,0.04944472387433052
train/reconstruction,3200.0,0.04761229082942009
train/reconstruction,3250.0,0.04701467603445053
train/reconstruction,3300.0,0.05817057564854622
train/reconstruction,3350.0,0.045140549540519714
train/reconstruction,3400.0,0.04709211736917496
train/reconstruction,3450.0,0.05002385750412941
train/reconstruction,3500.0,0.04786968231201172
train/reconstruction,3550.0,0.053626108914613724
train/reconstruction,3600.0,0.050281159579753876
train/reconstruction,3650.0,0.0470123328268528
train/reconstruction,3700.0,0.04711102694272995
train/reconstruction,3750.0,0.046564776450395584
train/reconstruction,3800.0,0.05074891448020935
train/reconstruction,3850.0,0.05098148435354233
train/reconstruction,3900.0,0.05005211755633354
train/reconstruction,3950.0,0.053270354866981506
train/reconstruction,4000.0,0.05436330288648605
train/reconstruction,4050.0,0.05503993108868599
train/reconstruction,4100.0,0.04950670897960663
train/reconstruction,4150.0,0.06024833768606186
train/reconstruction,4200.0,0.05244798585772514
train/reconstruction,4250.0,0.049536556005477905
train/reconstruction,4300.0,0.04980633035302162
train/reconstruction,4350.0,0.049814239144325256
train/reconstruction,4400.0,0.048875294625759125
train/reconstruction,4450.0,0.05129273235797882
train/reconstruction,4500.0,0.046673890203237534
train/reconstruction,4550.0,0.045731112360954285
train/reconstruction,4600.0,0.05377965793013573
train/reconstruction,4650.0,0.05116351321339607
train/reconstruction,4700.0,0.047695450484752655
train/reconstruction,4750.0,0.04676501825451851
train/reconstruction,4800.0,0.04760850593447685
train/reconstruction,4850.0,0.05362395942211151
train/reconstruction,4900.0,0.05196377635002136
train/reconstruction,4950.0,0.051531657576560974
train/reconstruction,5000.0,0.05061856284737587
train/reconstruction,5050.0,0.051466476172208786
train/reconstruction,5100.0,0.05393718183040619
train/reconstruction,5150.0,0.050621241331100464
train/reconstruction,5200.0,0.053485479205846786
train/reconstruction,5250.0,0.04948342591524124
train/reconstruction,5300.0,0.055662475526332855
train/reconstruction,5350.0,0.053635306656360626
train/reconstruction,5400.0,0.0450516939163208
train/reconstruction,5450.0,0.0499262697994709
train/reconstruction,5500.0,0.04762573167681694
train/reconstruction,5550.0,0.05273955687880516
train/reconstruction,5600.0,0.04637843370437622
train/reconstruction,5650.0,0.04277985543012619
train/reconstruction,5700.0,0.04910384491086006
train/reconstruction,5750.0,0.05218502879142761
train/reconstruction,5800.0,0.05244715139269829
train/reconstruction,5850.0,0.04638400673866272
train/reconstruction,5900.0,0.04990672320127487
train/reconstruction,5950.0,0.05664270371198654
train/reconstruction,6000.0,0.044098157435655594
train/reconstruction,6050.0,0.04355098307132721
train/reconstruction,6100.0,0.046232689172029495
train/reconstruction,6150.0,0.0493461936712265
train/reconstruction,6200.0,0.05382037162780762
train/reconstruction,6250.0,0.048788245767354965
train/reconstruction,6300.0,0.054127298295497894
train/reconstruction,6350.0,0.04880736768245697
train/reconstruction,6400.0,0.04355195537209511
train/reconstruction,6450.0,0.0490950271487236
train/reconstruction,6500.0,0.047144293785095215
train/reconstruction,6550.0,0.048336248844861984
train/reconstruction,6600.0,0.04238547012209892
train/reconstruction,6650.0,0.04483204334974289
train/reconstruction,6700.0,0.051014192402362823
train/reconstruction,6750.0,0.056174829602241516
train/reconstruction,6800.0,0.06077205017209053
train/reconstruction,6850.0,0.047916337847709656
train/reconstruction,6900.0,0.052113063633441925
train/reconstruction,6950.0,0.045258309692144394
train/reconstruction,7000.0,0.04918089881539345
train/reconstruction,7050.0,0.04635138809680939
train/reconstruction,7100.0,0.048364751040935516
train/reconstruction,7150.0,0.046460315585136414
train/reconstruction,7200.0,0.04738654941320419
train/reconstruction,7250.0,0.050349365919828415
train/reconstruction,7300.0,0.04976097494363785
train/reconstruction,7350.0,0.049591079354286194
train/reconstruction,7400.0,0.0428711362183094
train/reconstruction,7450.0,0.04973604530096054
train/reconstruction,7500.0,0.04645881801843643
train/reconstruction,7550.0,0.049979742616415024
train/reconstruction,7600.0,0.05554353818297386
train/reconstruction,7650.0,0.04312945902347565
train/reconstruction,7700.0,0.051040537655353546
train/reconstruction,7750.0,0.04836518317461014
train/reconstruction,7800.0,0.05156693980097771
train/reconstruction,7850.0,0.050559043884277344
train/reconstruction,7900.0,0.05003990978002548
train/reconstruction,7950.0,0.04846823960542679
train/reconstruction,8000.0,0.05140082910656929
train/reconstruction,8050.0,0.04683899134397507
train/reconstruction,8100.0,0.05147053673863411
train/reconstruction,8150.0,0.05721165984869003
train/reconstruction,8200.0,0.04813748225569725
train/reconstruction,8250.0,0.05195598676800728
train/reconstruction,8300.0,0.04831856116652489
train/reconstruction,8350.0,0.05315815657377243
train/reconstruction,8400.0,0.05105677619576454
train/reconstruction,8450.0,0.047557082027196884
train/reconstruction,8500.0,0.047780055552721024
train/reconstruction,8550.0,0.049434591084718704
train/reconstruction,8600.0,0.045460376888513565
train/reconstruction,8650.0,0.0493035651743412
train/reconstruction,8700.0,0.05017680674791336
train/reconstruction,8750.0,0.047771841287612915
train/reconstruction,8800.0,0.04633120447397232
train/reconstruction,8850.0,0.05259113013744354
train/reconstruction,8900.0,0.04824680835008621
train/reconstruction,8950.0,0.04897553473711014
train/reconstruction,9000.0,0.04885835573077202
train/reconstruction,9050.0,0.04643357917666435
train/reconstruction,9100.0,0.05336088687181473
train/reconstruction,9150.0,0.05657327547669411
train/reconstruction,9200.0,0.04683694988489151
train/reconstruction,9250.0,0.05173987150192261
train/reconstruction,9300.0,0.05067174881696701
train/reconstruction,9350.0,0.046825993806123734
train/reconstruction,9400.0,0.045687559992074966
train/reconstruction,9450.0,0.04844631254673004
train/reconstruction,9500.0,0.049754586070775986
train/reconstruction,9550.0,0.05286190286278725
train/reconstruction,9600.0,0.043893035501241684
train/reconstruction,9650.0,0.04517368599772453
train/reconstruction,9700.0,0.0462753027677536
train/reconstruction,9750.0,0.047476768493652344
train/reconstruction,9800.0,0.049494609236717224
train/reconstruction,9850.0,0.049166321754455566
train/reconstruction,9900.0,0.04693375900387764
train/reconstruction,9950.0,0.04869864881038666
train/reconstruction,10000.0,0.048901479691267014
train/reconstruction,10050.0,0.04889463633298874
train/reconstruction,10100.0,0.0477425642311573
train/reconstruction,10150.0,0.04955781623721123
train/reconstruction,10200.0,0.05140502750873566
train/reconstruction,10250.0,0.04981476441025734
train/reconstruction,10300.0,0.044849202036857605
train/reconstruction,10350.0,0.0509912446141243
train/reconstruction,10400.0,0.049740567803382874
train/reconstruction,10450.0,0.04773610085248947
train/reconstruction,10500.0,0.0461515374481678
train/reconstruction,10550.0,0.04649874567985535
train/reconstruction,10600.0,0.04397556930780411
train/reconstruction,10650.0,0.04961994290351868
train/reconstruction,10700.0,0.04737722873687744
train/reconstruction,10750.0,0.054012443870306015
train/reconstruction,10800.0,0.04779309779405594
train/reconstruction,10850.0,0.045302409678697586
train/reconstruction,10900.0,0.04989377036690712
train/reconstruction,10950.0,0.04423827305436134
train/reconstruction,11000.0,0.04233347997069359
train/reconstruction,11050.0,0.05181696265935898
train/reconstruction,11100.0,0.05176602303981781
train/reconstruction,11150.0,0.047637082636356354
train/reconstruction,11200.0,0.04418306425213814
train/reconstruction,11250.0,0.05084426328539848
train/reconstruction,11300.0,0.04606691375374794
train/reconstruction,11350.0,0.042971208691596985
train/reconstruction,11400.0,0.050162173807621
train/reconstruction,11450.0,0.0467386394739151
train/reconstruction,11500.0,0.04548688977956772
train/reconstruction,11550.0,0.0514225997030735
train/reconstruction,11600.0,0.05058503895998001
train/reconstruction,11650.0,0.046357426792383194
train/reconstruction,11700.0,0.04602784290909767
train/reconstruction,11750.0,0.04828641191124916
train/reconstruction,11800.0,0.048802439123392105
train/reconstruction,11850.0,0.043869681656360626
train/reconstruction,11900.0,0.04552524536848068
train/reconstruction,11950.0,0.04586814343929291
train/reconstruction,12000.0,0.04642783850431442
train/reconstruction,12050.0,0.04561049863696098
train/reconstruction,12100.0,0.04475144296884537
train/reconstruction,12150.0,0.046290867030620575
train/reconstruction,12200.0,0.04814612865447998
train/reconstruction,12250.0,0.04698862135410309
train/reconstruction,12300.0,0.0454048216342926
train/reconstruction,12350.0,0.04790119826793671
train/reconstruction,12400.0,0.046191733330488205
train/reconstruction,12450.0,0.04773325100541115
train/reconstruction,12500.0,0.047940973192453384
train/reconstruction,12550.0,0.049119409173727036
train/reconstruction,12600.0,0.046756137162446976
train/reconstruction,12650.0,0.04819445312023163
train/reconstruction,12700.0,0.04257675260305405
train/reconstruction,12750.0,0.0482855848968029
train/reconstruction,12800.0,0.04845568537712097
train/reconstruction,12850.0,0.04661935567855835
train/reconstruction,12900.0,0.04445629194378853
train/reconstruction,12950.0,0.045706454664468765
train/reconstruction,13000.0,0.04275905340909958
train/reconstruction,13050.0,0.05196145176887512
train/reconstruction,13100.0,0.04896010458469391
train/reconstruction,13150.0,0.04575471580028534
train/reconstruction,13200.0,0.05529268831014633
train/reconstruction,13250.0,0.049280885607004166
train/reconstruction,13300.0,0.04897954314947128
train/reconstruction,13350.0,0.048231080174446106
train/reconstruction,13400.0,0.050870414823293686
train/reconstruction,13450.0,0.04445284977555275
train/reconstruction,13500.0,0.04898803308606148
train/reconstruction,13550.0,0.05145866796374321
train/reconstruction,13600.0,0.05012200027704239
train/reconstruction,13650.0,0.046426210552453995
train/reconstruction,13700.0,0.04345192015171051
train/reconstruction,13750.0,0.048517968505620956
train/reconstruction,13800.0,0.04304738715291023
train/reconstruction,13850.0,0.04845228046178818
train/reconstruction,13900.0,0.04635588079690933
train/reconstruction,13950.0,0.04605550318956375
train/reconstruction,14000.0,0.05032581463456154
train/reconstruction,14050.0,0.04461531341075897
train/reconstruction,14100.0,0.050940513610839844
train/reconstruction,14150.0,0.04777468740940094
train/reconstruction,14200.0,0.049524325877428055
train/reconstruction,14250.0,0.04498698189854622
train/reconstruction,14300.0,0.047928035259246826
train/reconstruction,14350.0,0.03913991525769234
train/reconstruction,14400.0,0.042847890406847
train/reconstruction,14450.0,0.04724251478910446
train/reconstruction,14500.0,0.0502760224044323
train/reconstruction,14550.0,0.04761499911546707
train/reconstruction,14600.0,0.04702553525567055
train/reconstruction,14650.0,0.050412148237228394
train/reconstruction,14700.0,0.044760506600141525
train/reconstruction,14750.0,0.04590120539069176
train/reconstruction,14800.0,0.04982731491327286
train/reconstruction,14850.0,0.04748845100402832
train/reconstruction,14900.0,0.04627906531095505
train/reconstruction,14950.0,0.0537264458835125
train/reconstruction,15000.0,0.04388733208179474
train/reconstruction,15050.0,0.0445040725171566
train/reconstruction,15100.0,0.049442969262599945
train/reconstruction,15150.0,0.045792292803525925
train/reconstruction,15200.0,0.04541025683283806
train/reconstruction,15250.0,0.04327678307890892
train/reconstruction,15300.0,0.04826939105987549
train/reconstruction,15350.0,0.04688909277319908
train/reconstruction,15400.0,0.048915475606918335
train/reconstruction,15450.0,0.04707217589020729
train/reconstruction,15500.0,0.045214246958494186
train/reconstruction,15550.0,0.04822884127497673
train/reconstruction,15600.0,0.05103723332285881
train/reconstruction,15650.0,0.04597941413521767
train/reconstruction,15700.0,0.0439225509762764
train/reconstruction,15750.0,0.04610263556241989
train/reconstruction,15800.0,0.04775252938270569
train/reconstruction,15850.0,0.046849507838487625
train/reconstruction,15900.0,0.04530904442071915
train/reconstruction,15950.0,0.0453726202249527
train/reconstruction,16000.0,0.042584992945194244
train/reconstruction,16050.0,0.05114319175481796
train/reconstruction,16100.0,0.04814758151769638
train/reconstruction,16150.0,0.045260049402713776
train/reconstruction,16200.0,0.042758096009492874
train/reconstruction,16250.0,0.047124363481998444
train/reconstruction,16300.0,0.045916661620140076
train/reconstruction,16350.0,0.04417029395699501
train/reconstruction,16400.0,0.049077872186899185
train/reconstruction,16450.0,0.04429469257593155
train/reconstruction,16500.0,0.046198222786188126
train/reconstruction,16550.0,0.04832502827048302
train/reconstruction,16600.0,0.049623437225818634
train/reconstruction,16650.0,0.05264350399374962
train/reconstruction,16700.0,0.046626560389995575
train/reconstruction,16750.0,0.048096030950546265
train/reconstruction,16800.0,0.04598309099674225
train/reconstruction,16850.0,0.04454321786761284
train/reconstruction,16900.0,0.048255570232868195
train/reconstruction,16950.0,0.04817282408475876
train/reconstruction,17000.0,0.04704595357179642
train/reconstruction,17050.0,0.04832850769162178
train/reconstruction,17100.0,0.04470682144165039
train/reconstruction,17150.0,0.043406326323747635
train/reconstruction,17200.0,0.048713698983192444
train/reconstruction,17250.0,0.052238959819078445
train/reconstruction,17300.0,0.04469723999500275
train/reconstruction,17350.0,0.046796463429927826
train/reconstruction,17400.0,0.04533357173204422
train/reconstruction,17450.0,0.04488784447312355
train/reconstruction,17500.0,0.045402515679597855
train/reconstruction,17550.0,0.04839383810758591
train/reconstruction,17600.0,0.04481058195233345
train/reconstruction,17650.0,0.05160808190703392
train/reconstruction,17700.0,0.04077572003006935
train/reconstruction,17750.0,0.047085005789995193
train/reconstruction,17800.0,0.050099391490221024
train/reconstruction,17850.0,0.042829159647226334
train/reconstruction,17900.0,0.046889908611774445
train/reconstruction,17950.0,0.04624323546886444
train/reconstruction,18000.0,0.048410285264253616
train/reconstruction,18050.0,0.04959886893630028
train/reconstruction,18100.0,0.04671066626906395
train/reconstruction,18150.0,0.04345123842358589
train/reconstruction,18200.0,0.045008182525634766
train/reconstruction,18250.0,0.046179622411727905
train/reconstruction,18300.0,0.042499881237745285
train/reconstruction,18350.0,0.047813452780246735
train/reconstruction,18400.0,0.043040066957473755
train/reconstruction,18450.0,0.04988866671919823
train/reconstruction,18500.0,0.048078980296850204
train/reconstruction,18550.0,0.04604515805840492
train/reconstruction,18600.0,0.048781875520944595
train/reconstruction,18650.0,0.048803918063640594
train/reconstruction,18700.0,0.05323035269975662
train/reconstruction,18750.0,0.046184755861759186
train/reconstruction,18800.0,0.04505158215761185
train/reconstruction,18850.0,0.04692107439041138
train/reconstruction,18900.0,0.05076519772410393
train/reconstruction,18950.0,0.042127761989831924
train/reconstruction,19000.0,0.047428250312805176
train/reconstruction,19050.0,0.04874422401189804
train/reconstruction,19100.0,0.044861990958452225
train/reconstruction,19150.0,0.045219823718070984
train/reconstruction,19200.0,0.05082031339406967
train/reconstruction,19250.0,0.04177900403738022
train/reconstruction,19300.0,0.042747773230075836
train/reconstruction,19350.0,0.04338471591472626
train/reconstruction,19400.0,0.0450562946498394
train/reconstruction,19450.0,0.04521480202674866
train/reconstruction,19500.0,0.04772249609231949
train/reconstruction,19550.0,0.04659409821033478
train/reconstruction,19600.0,0.04522640258073807
train/reconstruction,19650.0,0.04982077702879906
train/reconstruction,19700.0,0.0461236946284771
train/reconstruction,19750.0,0.04720090329647064
train/reconstruction,19800.0,0.048519447445869446
train/reconstruction,19850.0,0.05066433176398277
train/reconstruction,19900.0,0.04389933496713638
train/reconstruction,19950.0,0.04925061762332916
train/reconstruction,20000.0,0.0469650998711586
train/reconstruction,20050.0,0.04894139990210533
train/reconstruction,20100.0,0.04904937371611595
train/reconstruction,20150.0,0.044032566249370575
train/reconstruction,20200.0,0.04359044134616852
train/reconstruction,20250.0,0.04554625600576401
train/reconstruction,20300.0,0.0477081835269928
train/reconstruction,20350.0,0.047220468521118164
train/reconstruction,20400.0,0.04796602576971054
train/reconstruction,20450.0,0.045070305466651917
train/reconstruction,20500.0,0.04786527156829834
train/reconstruction,20550.0,0.0463869571685791
train/reconstruction,20600.0,0.04450145363807678
train/reconstruction,20650.0,0.04860210046172142
train/reconstruction,20700.0,0.04821661859750748
train/reconstruction,20750.0,0.04850002005696297
train/reconstruction,20800.0,0.047745052725076675
train/reconstruction,20850.0,0.049962207674980164
train/reconstruction,20900.0,0.04683755338191986
train/reconstruction,20950.0,0.04670829698443413
train/reconstruction,21000.0,0.04513515532016754
train/reconstruction,21050.0,0.04609042406082153
train/reconstruction,21100.0,0.04119820147752762
train/reconstruction,21150.0,0.04472942650318146
train/reconstruction,21200.0,0.04897194355726242
train/reconstruction,21250.0,0.043386515229940414
train/reconstruction,21300.0,0.047210030257701874
train/reconstruction,21350.0,0.043397530913352966
train/reconstruction,21400.0,0.043014269322156906
train/reconstruction,21450.0,0.0465230792760849
train/reconstruction,21500.0,0.0480642132461071
train/reconstruction,21550.0,0.04148607701063156
train/reconstruction,21600.0,0.044948577880859375
train/reconstruction,21650.0,0.04268600046634674
train/reconstruction,21700.0,0.04072906821966171
train/reconstruction,21750.0,0.04662802442908287
train/reconstruction,21800.0,0.04786106199026108
train/reconstruction,21850.0,0.04357476904988289
train/reconstruction,21900.0,0.04666527733206749
train/reconstruction,21950.0,0.04532649368047714
train/reconstruction,22000.0,0.04227619245648384
train/reconstruction,22050.0,0.04893717169761658
train/reconstruction,22100.0,0.04537925869226456
train/reconstruction,22150.0,0.04376134276390076
train/reconstruction,22200.0,0.04443497210741043
train/reconstruction,22250.0,0.046644456684589386
train/reconstruction,22300.0,0.04513120651245117
train/reconstruction,22350.0,0.048030655831098557
train/reconstruction,22400.0,0.04461701214313507
train/reconstruction,22450.0,0.046665750443935394
train/reconstruction,22500.0,0.04719148203730583
train/reconstruction,22550.0,0.047918904572725296
train/reconstruction,22600.0,0.04990612715482712
train/reconstruction,22650.0,0.04607437178492546
train/reconstruction,22700.0,0.05028931424021721
train/reconstruction,22750.0,0.045874208211898804
train/reconstruction,22800.0,0.0516926534473896
train/reconstruction,22850.0,0.04654432460665703
train/reconstruction,22900.0,0.047987036406993866
train/reconstruction,22950.0,0.04060913249850273
train/reconstruction,23000.0,0.0485239252448082
train/reconstruction,23050.0,0.0414162278175354
train/reconstruction,23100.0,0.048534031957387924
train/reconstruction,23150.0,0.04671003669500351
train/reconstruction,23200.0,0.046388644725084305
train/reconstruction,23250.0,0.046878084540367126
train/reconstruction,23300.0,0.04353043809533119
train/reconstruction,23350.0,0.04888644441962242
train/reconstruction,23400.0,0.045782286673784256
train/reconstruction,23450.0,0.04756646603345871
train/reconstruction,23500.0,0.04243796318769455
train/reconstruction,23550.0,0.04305022209882736
train/reconstruction,23600.0,0.04440484941005707
train/reconstruction,23650.0,0.03992636874318123
train/reconstruction,23700.0,0.04334259405732155
train/reconstruction,23750.0,0.04519527405500412
train/reconstruction,23800.0,0.04930093139410019
train/reconstruction,23850.0,0.04621550440788269
train/reconstruction,23900.0,0.04349865764379501
train/reconstruction,23950.0,0.04667343199253082
train/reconstruction,24000.0,0.044453371316194534
train/reconstruction,24050.0,0.0464327298104763
train/reconstruction,24100.0,0.04679631441831589
train/reconstruction,24150.0,0.041985783725976944
train/reconstruction,24200.0,0.04808127507567406
train/reconstruction,24250.0,0.04468570277094841
train/reconstruction,24300.0,0.04251702129840851
train/reconstruction,24350.0,0.0404139906167984
train/reconstruction,24400.0,0.04504279047250748
train/reconstruction,24450.0,0.045366376638412476
train/reconstruction,24500.0,0.042085353285074234
train/reconstruction,24550.0,0.05204181745648384
train/reconstruction,24600.0,0.048027269542217255
train/reconstruction,24650.0,0.040462903678417206
train/reconstruction,24700.0,0.051518913358449936
train/reconstruction,24750.0,0.047421202063560486
train/reconstruction,24800.0,0.0419914685189724
train/reconstruction,24850.0,0.04517246410250664
train/reconstruction,24900.0,0.04524364694952965
train/reconstruction,24950.0,0.044395796954631805
train/reconstruction,25000.0,0.04356982931494713
train/reconstruction,25050.0,0.04706580191850662
train/reconstruction,25100.0,0.03977653756737709
train/reconstruction,25150.0,0.039999306201934814
train/reconstruction,25200.0,0.04932953417301178
train/reconstruction,25250.0,0.040901415050029755
train/reconstruction,25300.0,0.04271547496318817
train/reconstruction,25350.0,0.04780815541744232
train/reconstruction,25400.0,0.047004152089357376
train/reconstruction,25450.0,0.05214669927954674
train/reconstruction,25500.0,0.05130679905414581
train/reconstruction,25550.0,0.04695305600762367
train/reconstruction,25600.0,0.04789714887738228
train/reconstruction,25650.0,0.043656446039676666
train/reconstruction,25700.0,0.04707060009241104
train/reconstruction,25750.0,0.04049301892518997
train/reconstruction,25800.0,0.04548431187868118
train/reconstruction,25850.0,0.043222684413194656
train/reconstruction,25900.0,0.04877043142914772
train/reconstruction,25950.0,0.04478007182478905
train/reconstruction,26000.0,0.04398365318775177
train/reconstruction,26050.0,0.041949618607759476
train/reconstruction,26100.0,0.045214831829071045
train/reconstruction,26150.0,0.04661884903907776
train/reconstruction,26200.0,0.04245734214782715
train/reconstruction,26250.0,0.044727060943841934
train/reconstruction,26300.0,0.04958257079124451
train/reconstruction,26350.0,0.043687041848897934
train/reconstruction,26400.0,0.04521792009472847
train/reconstruction,26450.0,0.0519629642367363
train/reconstruction,26500.0,0.04451681673526764
train/reconstruction,26550.0,0.04944637417793274
train/reconstruction,26600.0,0.04172474890947342
train/reconstruction,26650.0,0.04357996582984924
train/reconstruction,26700.0,0.04905485361814499
train/reconstruction,26750.0,0.050068311393260956
train/reconstruction,26800.0,0.04723259434103966
train/reconstruction,26850.0,0.048118606209754944
train/reconstruction,26900.0,0.04485084488987923
train/reconstruction,26950.0,0.0451468862593174
train/reconstruction,27000.0,0.03825870156288147
train/reconstruction,27050.0,0.04661281779408455
train/reconstruction,27100.0,0.04098773002624512
train/reconstruction,27150.0,0.04389561712741852
train/reconstruction,27200.0,0.04766452684998512
train/reconstruction,27250.0,0.045492831617593765
train/reconstruction,27300.0,0.04601101577281952
train/reconstruction,27350.0,0.047002412378787994
train/reconstruction,27400.0,0.04424913600087166
train/reconstruction,27450.0,0.04309101402759552
train/reconstruction,27500.0,0.04750947654247284
train/reconstruction,27550.0,0.04337027668952942
train/reconstruction,27600.0,0.04678010568022728
train/reconstruction,27650.0,0.04284478724002838
train/reconstruction,27700.0,0.04170120507478714
train/reconstruction,27750.0,0.04207906499505043
train/reconstruction,27800.0,0.0451379269361496
train/reconstruction,27850.0,0.04526183754205704
train/reconstruction,27900.0,0.04404088109731674
train/reconstruction,27950.0,0.044659752398729324
train/reconstruction,28000.0,0.043095048516988754
train/reconstruction,28050.0,0.04326001554727554
train/reconstruction,28100.0,0.042770855128765106
train/reconstruction,28150.0,0.044719595462083817
train/reconstruction,28200.0,0.04552561417222023
train/reconstruction,28250.0,0.04337161406874657
train/reconstruction,28300.0,0.044611793011426926
train/reconstruction,28350.0,0.040749043226242065
train/reconstruction,28400.0,0.043838806450366974
train/reconstruction,28450.0,0.043108657002449036
train/reconstruction,28500.0,0.04289036616683006
train/reconstruction,28550.0,0.04423677921295166
train/reconstruction,28600.0,0.04475468769669533
train/reconstruction,28650.0,0.04233037680387497
train/reconstruction,28700.0,0.04423420876264572
train/reconstruction,28750.0,0.043330367654561996
train/reconstruction,28800.0,0.046355023980140686
train/reconstruction,28850.0,0.04741712659597397
train/reconstruction,28900.0,0.047554850578308105
train/reconstruction,28950.0,0.044112272560596466
train/reconstruction,29000.0,0.0411752425134182
train/reconstruction,29050.0,0.04637734964489937
train/reconstruction,29100.0,0.04251337796449661
train/reconstruction,29150.0,0.050097763538360596
train/reconstruction,29200.0,0.0433795340359211
train/reconstruction,29250.0,0.04567420110106468
train/reconstruction,29300.0,0.04410359263420105
train/reconstruction,29350.0,0.04613962024450302
train/reconstruction,29400.0,0.04603686183691025
train/reconstruction,29450.0,0.04456034302711487
train/reconstruction,29500.0,0.042653243988752365
train/reconstruction,29550.0,0.04539713263511658
train/reconstruction,29600.0,0.045609891414642334
train/reconstruction,29650.0,0.04252348095178604
train/reconstruction,29700.0,0.045243579894304276
train/reconstruction,29750.0,0.042806632816791534
train/reconstruction,29800.0,0.04429912939667702
train/reconstruction,29850.0,0.045912858098745346
train/reconstruction,29900.0,0.04283367469906807
train/reconstruction,29950.0,0.04371855780482292
train/reconstruction,30000.0,0.04238186776638031
train/reconstruction,30050.0,0.04234334081411362
train/reconstruction,30100.0,0.04701607674360275
train/reconstruction,30150.0,0.04356815665960312
train/reconstruction,30200.0,0.04842585325241089
train/reconstruction,30250.0,0.04432737082242966
train/reconstruction,30300.0,0.04636631906032562
train/reconstruction,30350.0,0.054531071335077286
train/reconstruction,30400.0,0.04427722096443176
train/reconstruction,30450.0,0.047202348709106445
train/reconstruction,30500.0,0.04394509643316269
train/reconstruction,30550.0,0.05021136999130249
train/reconstruction,30600.0,0.04417053237557411
train/reconstruction,30650.0,0.04486655816435814
train/reconstruction,30700.0,0.043951161205768585
train/reconstruction,30750.0,0.04605633765459061
train/reconstruction,30800.0,0.03990050405263901
train/reconstruction,30850.0,0.050567951053380966
train/reconstruction,30900.0,0.04465978592634201
train/reconstruction,30950.0,0.04790730029344559
train/reconstruction,31000.0,0.04373294115066528
train/reconstruction,31050.0,0.042337216436862946
train/reconstruction,31100.0,0.04728192090988159
train/reconstruction,31150.0,0.0459379218518734
train/reconstruction,31200.0,0.04417714849114418
train/reconstruction,31250.0,0.04800693318247795
train/reconstruction,31300.0,0.04212931543588638
train/reconstruction,31350.0,0.05108879506587982
train/reconstruction,31400.0,0.04595678299665451
train/reconstruction,31450.0,0.042226314544677734
train/reconstruction,31500.0,0.045037925243377686
train/reconstruction,31550.0,0.04699958115816116
train/reconstruction,31600.0,0.04415115714073181
train/reconstruction,31650.0,0.0414123497903347
train/reconstruction,31700.0,0.04434147849678993
train/reconstruction,31750.0,0.04448499530553818
train/reconstruction,31800.0,0.04526807367801666
train/reconstruction,31850.0,0.04857565462589264
train/reconstruction,31900.0,0.04779888316988945
train/reconstruction,31950.0,0.04616107791662216
train/reconstruction,32000.0,0.045151226222515106
train/reconstruction,32050.0,0.04607407748699188
train/reconstruction,32100.0,0.050000376999378204
train/reconstruction,32150.0,0.0414847694337368
train/reconstruction,32200.0,0.04212956503033638
train/reconstruction,32250.0,0.040916621685028076
train/reconstruction,32300.0,0.046995021402835846
train/reconstruction,32350.0,0.04686431586742401
train/reconstruction,32400.0,0.04626324772834778
train/reconstruction,32450.0,0.04722375422716141
train/reconstruction,32500.0,0.042531684041023254
train/reconstruction,32550.0,0.04519229754805565
train/reconstruction,32600.0,0.04241050407290459
train/reconstruction,32650.0,0.043529212474823
train/reconstruction,32700.0,0.04345041513442993
train/reconstruction,32750.0,0.050763800740242004
train/reconstruction,32800.0,0.044604163616895676
train/reconstruction,32850.0,0.04770543798804283
train/reconstruction,32900.0,0.04289485141634941
train/reconstruction,32950.0,0.04093518853187561
train/reconstruction,33000.0,0.04267134889960289
train/reconstruction,33050.0,0.04625999927520752
train/reconstruction,33100.0,0.04544549435377121
train/reconstruction,33150.0,0.04271814227104187
train/reconstruction,33200.0,0.046010203659534454
train/reconstruction,33250.0,0.04536672309041023
train/reconstruction,33300.0,0.044758476316928864
train/reconstruction,33350.0,0.04647783190011978
train/reconstruction,33400.0,0.04387994855642319
train/reconstruction,33450.0,0.0462399460375309
train/reconstruction,33500.0,0.0457073412835598
train/reconstruction,33550.0,0.04441649466753006
train/reconstruction,33600.0,0.04501492530107498
train/reconstruction,33650.0,0.04819942265748978
train/reconstruction,33700.0,0.0425414964556694
train/reconstruction,33750.0,0.04228035360574722
train/reconstruction,33800.0,0.04637321084737778
train/reconstruction,33850.0,0.042512230575084686
train/reconstruction,33900.0,0.042975783348083496
train/reconstruction,33950.0,0.03940902277827263
train/reconstruction,34000.0,0.0452413484454155
train/reconstruction,34050.0,0.044158510863780975
train/reconstruction,34100.0,0.04255734756588936
train/reconstruction,34150.0,0.04689434915781021
train/reconstruction,34200.0,0.04373636096715927
train/reconstruction,34250.0,0.041255269199609756
train/reconstruction,34300.0,0.0488048791885376
train/reconstruction,34350.0,0.043416716158390045
train/reconstruction,34400.0,0.045149557292461395
train/reconstruction,34450.0,0.042660392820835114
train/reconstruction,34500.0,0.047382988035678864
train/reconstruction,34550.0,0.04763611778616905
train/reconstruction,34600.0,0.04958980530500412
train/reconstruction,34650.0,0.04484867304563522
train/reconstruction,34700.0,0.0427202470600605
train/reconstruction,34750.0,0.04981190338730812
train/reconstruction,34800.0,0.04613041877746582
train/reconstruction,34850.0,0.04508064687252045
train/reconstruction,34900.0,0.04631595313549042
train/reconstruction,34950.0,0.04170624911785126
train/reconstruction,35000.0,0.04117068275809288
train/reconstruction,35050.0,0.050560787320137024
train/reconstruction,35100.0,0.04321461543440819
train/reconstruction,35150.0,0.04347863420844078
train/reconstruction,35200.0,0.043408431112766266
train/reconstruction,35250.0,0.045110054314136505
train/reconstruction,35300.0,0.042191311717033386
train/reconstruction,35350.0,0.044808611273765564
train/reconstruction,35400.0,0.04204561561346054
train/reconstruction,35450.0,0.03961910307407379
train/reconstruction,35500.0,0.04480767250061035
train/reconstruction,35550.0,0.04531272500753403
train/reconstruction,35600.0,0.04361603409051895
train/reconstruction,35650.0,0.04234273359179497
train/reconstruction,35700.0,0.04154796153306961
train/reconstruction,35750.0,0.044617291539907455
train/reconstruction,35800.0,0.04274676740169525
train/reconstruction,35850.0,0.04853057116270065
train/reconstruction,35900.0,0.04629162326455116
train/reconstruction,35950.0,0.04554729908704758
train/reconstruction,36000.0,0.043955616652965546
train/reconstruction,36050.0,0.04385826736688614
train/reconstruction,36100.0,0.04385273531079292
train/reconstruction,36150.0,0.040384441614151
train/reconstruction,36200.0,0.0399051234126091
train/reconstruction,36250.0,0.04605977609753609
train/reconstruction,36300.0,0.04814101755619049
train/reconstruction,36350.0,0.04961952194571495
train/reconstruction,36400.0,0.047774314880371094
train/reconstruction,36450.0,0.04249270260334015
train/reconstruction,36500.0,0.042306553572416306
train/reconstruction,36550.0,0.04825136810541153
train/reconstruction,36600.0,0.04096328839659691
train/reconstruction,36650.0,0.04485965520143509
train/reconstruction,36700.0,0.04678363725543022
train/reconstruction,36750.0,0.043927598744630814
train/reconstruction,36800.0,0.04604668915271759
train/reconstruction,36850.0,0.040063537657260895
train/reconstruction,36900.0,0.04349556565284729
train/reconstruction,36950.0,0.05022483319044113
train/reconstruction,37000.0,0.04100333899259567
train/reconstruction,37050.0,0.04169299453496933
train/reconstruction,37100.0,0.04720940440893173
train/reconstruction,37150.0,0.04504391551017761
train/reconstruction,37200.0,0.04784205183386803
train/reconstruction,37250.0,0.04518955945968628
train/reconstruction,37300.0,0.04451173171401024
train/reconstruction,37350.0,0.04161487892270088
train/reconstruction,37400.0,0.0411943718791008
train/reconstruction,37450.0,0.04355304688215256
train/reconstruction,37500.0,0.04074590280652046
train/reconstruction,37550.0,0.041477471590042114
train/reconstruction,37600.0,0.04543737322092056
train/reconstruction,37650.0,0.042543746531009674
train/reconstruction,37700.0,0.038358189165592194
train/reconstruction,37750.0,0.04323560744524002
train/reconstruction,37800.0,0.04391101375222206
train/reconstruction,37850.0,0.045348115265369415
train/reconstruction,37900.0,0.044592514634132385
train/reconstruction,37950.0,0.04534786567091942
train/reconstruction,38000.0,0.042098768055438995
train/reconstruction,38050.0,0.042769186198711395
train/reconstruction,38100.0,0.043389856815338135
train/reconstruction,38150.0,0.04349318519234657
train/reconstruction,38200.0,0.04028722271323204
train/reconstruction,38250.0,0.0468008778989315
train/reconstruction,38300.0,0.04122239723801613
train/reconstruction,38350.0,0.04790032282471657
train/reconstruction,38400.0,0.041797492653131485
train/reconstruction,38450.0,0.044339507818222046
train/reconstruction,38500.0,0.04281492531299591
train/reconstruction,38550.0,0.04874971881508827
train/reconstruction,38600.0,0.0471356026828289
train/reconstruction,38650.0,0.045407362282276154
train/reconstruction,38700.0,0.0454275906085968
train/reconstruction,38750.0,0.041347846388816833
train/reconstruction,38800.0,0.04549344629049301
train/reconstruction,38850.0,0.042489856481552124
train/reconstruction,38900.0,0.042403075844049454
train/reconstruction,38950.0,0.041056178510189056
train/reconstruction,39000.0,0.04887670651078224
train/reconstruction,39050.0,0.0421953946352005
train/reconstruction,39100.0,0.0442676842212677
train/reconstruction,39150.0,0.04295755922794342
train/reconstruction,39200.0,0.04398084059357643
train/reconstruction,39250.0,0.040843673050403595
train/reconstruction,39300.0,0.04807296022772789
train/reconstruction,39350.0,0.046131689101457596
train/reconstruction,39400.0,0.043427642434835434
train/reconstruction,39450.0,0.04723517596721649
train/reconstruction,39500.0,0.045219309628009796
train/reconstruction,39550.0,0.042072370648384094
train/reconstruction,39600.0,0.042526815086603165
train/reconstruction,39650.0,0.04338458180427551
train/reconstruction,39700.0,0.03960573673248291
train/reconstruction,39750.0,0.04987087845802307
train/reconstruction,39800.0,0.04267415404319763
train/reconstruction,39850.0,0.03948347270488739
train/reconstruction,39900.0,0.045329924672842026
train/reconstruction,39950.0,0.045091934502124786
train/reconstruction,40000.0,0.04550328478217125
train/reconstruction,40050.0,0.03851122781634331
train/reconstruction,40100.0,0.039860986173152924
train/reconstruction,40150.0,0.0444699227809906
train/reconstruction,40200.0,0.04169052839279175
train/reconstruction,40250.0,0.04763262718915939
train/reconstruction,40300.0,0.04428277909755707
train/reconstruction,40350.0,0.04418957605957985
train/reconstruction,40400.0,0.04056829586625099
train/reconstruction,40450.0,0.046179525554180145
train/reconstruction,40500.0,0.04587002843618393
train/reconstruction,40550.0,0.04313276708126068
train/reconstruction,40600.0,0.04326537251472473
train/reconstruction,40650.0,0.05156158655881882
train/reconstruction,40700.0,0.04670729115605354
train/reconstruction,40750.0,0.04374257102608681
train/reconstruction,40800.0,0.049023766070604324
train/reconstruction,40850.0,0.044586654752492905
train/reconstruction,40900.0,0.04055801033973694
train/reconstruction,40950.0,0.04237813502550125
train/reconstruction,41000.0,0.04088776558637619
train/reconstruction,41050.0,0.04354879632592201
train/reconstruction,41100.0,0.04411818087100983
train/reconstruction,41150.0,0.03917586803436279
train/reconstruction,41200.0,0.041732579469680786
train/reconstruction,41250.0,0.04156121239066124
train/reconstruction,41300.0,0.041565246880054474
train/reconstruction,41350.0,0.041524410247802734
train/reconstruction,41400.0,0.045565973967313766
train/reconstruction,41450.0,0.04335129261016846
train/reconstruction,41500.0,0.045861102640628815
train/reconstruction,41550.0,0.04483843594789505
train/reconstruction,41600.0,0.04614552855491638
train/reconstruction,41650.0,0.04332086071372032
train/reconstruction,41700.0,0.04269282519817352
train/reconstruction,41750.0,0.04353601485490799
train/reconstruction,41800.0,0.048350658267736435
train/reconstruction,41850.0,0.04091799631714821
train/reconstruction,41900.0,0.04133734479546547
train/reconstruction,41950.0,0.04731453210115433
train/reconstruction,42000.0,0.04395824670791626
train/reconstruction,42050.0,0.044601842761039734
train/reconstruction,42100.0,0.04580071195960045
train/reconstruction,42150.0,0.04523252695798874
train/reconstruction,42200.0,0.04462367296218872
train/reconstruction,42250.0,0.044657282531261444
train/reconstruction,42300.0,0.043639495968818665
train/reconstruction,42350.0,0.04728599637746811
train/reconstruction,42400.0,0.04267502203583717
train/reconstruction,42450.0,0.04247346147894859
train/reconstruction,42500.0,0.04295578598976135
train/reconstruction,42550.0,0.04057363048195839
train/reconstruction,42600.0,0.046126075088977814
train/reconstruction,42650.0,0.04093961790204048
train/reconstruction,42700.0,0.045478641986846924
train/reconstruction,42750.0,0.03976255655288696
train/reconstruction,42800.0,0.04012409225106239
train/reconstruction,42850.0,0.038855426013469696
train/reconstruction,42900.0,0.044008251279592514
train/reconstruction,42950.0,0.043313167989254
train/reconstruction,43000.0,0.04325420781970024
train/reconstruction,43050.0,0.04530905932188034
train/reconstruction,43100.0,0.041787441819906235
train/reconstruction,43150.0,0.04094807058572769
train/reconstruction,43200.0,0.04740660637617111
train/reconstruction,43250.0,0.04535365104675293
train/reconstruction,43300.0,0.04655320197343826
train/reconstruction,43350.0,0.03984951972961426
train/reconstruction,43400.0,0.04586372151970863
train/reconstruction,43450.0,0.047269389033317566
train/reconstruction,43500.0,0.048565082252025604
train/reconstruction,43550.0,0.044393256306648254
train/reconstruction,43600.0,0.044839199632406235
train/reconstruction,43650.0,0.04712305963039398
train/reconstruction,43700.0,0.04369375854730606
train/reconstruction,43750.0,0.04517120495438576
train/reconstruction,43800.0,0.04261763021349907
train/reconstruction,43850.0,0.0410858690738678
train/reconstruction,43900.0,0.05017784237861633
train/reconstruction,43950.0,0.05057023465633392
train/reconstruction,44000.0,0.04463714733719826
train/reconstruction,44050.0,0.042840488255023956
train/reconstruction,44100.0,0.04430770128965378
train/reconstruction,44150.0,0.046144213527441025
train/reconstruction,44200.0,0.04443961754441261
train/reconstruction,44250.0,0.04176793619990349
train/reconstruction,44300.0,0.04335320368409157
train/reconstruction,44350.0,0.04173523187637329
train/reconstruction,44400.0,0.04480075091123581
train/reconstruction,44450.0,0.0433923713862896
train/reconstruction,44500.0,0.04248075932264328
train/reconstruction,44550.0,0.04661962389945984
train/reconstruction,44600.0,0.04722534120082855
train/reconstruction,44650.0,0.04659779369831085
train/reconstruction,44700.0,0.04402510076761246
train/reconstruction,44750.0,0.045557908713817596
train/reconstruction,44800.0,0.04583485424518585
train/reconstruction,44850.0,0.04313737899065018
train/reconstruction,44900.0,0.0492253452539444
train/reconstruction,44950.0,0.04172799363732338
train/reconstruction,45000.0,0.04500550404191017
train/reconstruction,45050.0,0.044569652527570724
train/reconstruction,45100.0,0.046305008232593536
train/reconstruction,45150.0,0.042024094611406326
train/reconstruction,45200.0,0.047880448400974274
train/reconstruction,45250.0,0.044408898800611496
train/reconstruction,45300.0,0.036242201924324036
train/reconstruction,45350.0,0.04525911808013916
train/reconstruction,45400.0,0.04060177505016327
train/reconstruction,45450.0,0.046573519706726074
train/reconstruction,45500.0,0.045681945979595184
train/reconstruction,45550.0,0.04143602401018143
train/reconstruction,45600.0,0.043055787682533264
train/reconstruction,45650.0,0.047613441944122314
train/reconstruction,45700.0,0.04346863552927971
train/reconstruction,45750.0,0.038396723568439484
train/reconstruction,45800.0,0.040426161140203476
train/reconstruction,45850.0,0.0461411252617836
train/reconstruction,45900.0,0.0437016487121582
train/reconstruction,45950.0,0.04141968488693237
train/reconstruction,46000.0,0.05002386122941971
train/reconstruction,46050.0,0.041469112038612366
train/reconstruction,46100.0,0.04733644425868988
train/reconstruction,46150.0,0.04033748060464859
train/reconstruction,46200.0,0.045836545526981354
train/reconstruction,46250.0,0.04713517054915428
train/reconstruction,46300.0,0.03909413143992424
train/reconstruction,46350.0,0.04830154776573181
train/reconstruction,46400.0,0.04804002493619919
train/reconstruction,46450.0,0.039819180965423584
train/reconstruction,46500.0,0.043543536216020584
train/reconstruction,46550.0,0.044183399528265
train/reconstruction,46600.0,0.04419860988855362
train/reconstruction,46650.0,0.04584082216024399
train/reconstruction,46700.0,0.04293174296617508
train/reconstruction,46750.0,0.041314274072647095
train/reconstruction,46800.0,0.04140734300017357
train/reconstruction,46850.0,0.04486558586359024
train/reconstruction,46900.0,0.050830405205488205
train/reconstruction,46950.0,0.042556218802928925
train/reconstruction,47000.0,0.04712492600083351
train/reconstruction,47050.0,0.0427565723657608
train/reconstruction,47100.0,0.04669773578643799
train/reconstruction,47150.0,0.04175092279911041
train/reconstruction,47200.0,0.03868916258215904
train/reconstruction,47250.0,0.049766503274440765
train/reconstruction,47300.0,0.04546066373586655
train/reconstruction,47350.0,0.04112979769706726
train/reconstruction,47400.0,0.04343028366565704
train/reconstruction,47450.0,0.04580523818731308
train/reconstruction,47500.0,0.04498381167650223
train/reconstruction,47550.0,0.04484501853585243
train/reconstruction,47600.0,0.04998740553855896
train/reconstruction,47650.0,0.04313333332538605
train/reconstruction,47700.0,0.04442249611020088
train/reconstruction,47750.0,0.04933421313762665
train/reconstruction,47800.0,0.041715726256370544
train/reconstruction,47850.0,0.042672716081142426
train/reconstruction,47900.0,0.03983685374259949
train/reconstruction,47950.0,0.04144613444805145
train/reconstruction,48000.0,0.043973494321107864
train/reconstruction,48050.0,0.0369817279279232
train/reconstruction,48100.0,0.040086254477500916
train/reconstruction,48150.0,0.04571128264069557
train/reconstruction,48200.0,0.04202422872185707
train/reconstruction,48250.0,0.045463379472494125
train/reconstruction,48300.0,0.04164406657218933
train/reconstruction,48350.0,0.04254325479269028
train/reconstruction,48400.0,0.04343997687101364
train/reconstruction,48450.0,0.04365195706486702
train/reconstruction,48500.0,0.04745502769947052
train/reconstruction,48550.0,0.04524409770965576
train/reconstruction,48600.0,0.04312383010983467
train/reconstruction,48650.0,0.03836140036582947
train/reconstruction,48700.0,0.03944631293416023
train/reconstruction,48750.0,0.04488895460963249
train/reconstruction,48800.0,0.045499786734580994
train/reconstruction,48850.0,0.04404866695404053
train/reconstruction,48900.0,0.04999348521232605
train/reconstruction,48950.0,0.04545418545603752
train/reconstruction,49000.0,0.04732880741357803
train/reconstruction,49050.0,0.047468848526477814
train/reconstruction,49100.0,0.044741351157426834
train/reconstruction,49150.0,0.04092927649617195
train/reconstruction,49200.0,0.04088275879621506
train/reconstruction,49250.0,0.04075043275952339
train/reconstruction,49300.0,0.04689595103263855
train/reconstruction,49350.0,0.045174892991781235
train/reconstruction,49400.0,0.04574715346097946
train/reconstruction,49450.0,0.04387117177248001
train/reconstruction,49500.0,0.044005896896123886
train/reconstruction,49550.0,0.041771113872528076
train/reconstruction,49600.0,0.041216835379600525
train/reconstruction,49650.0,0.044008709490299225
train/reconstruction,49700.0,0.04024067521095276
train/reconstruction,49750.0,0.048674263060092926
train/reconstruction,49800.0,0.04671669006347656
train/reconstruction,49850.0,0.04186476022005081
train/reconstruction,49900.0,0.039604250341653824
train/reconstruction,49950.0,0.046228159219026566
train/reconstruction,50000.0,0.04158562049269676
train/reconstruction,50050.0,0.04195166751742363
train/reconstruction,50100.0,0.04031434655189514
train/reconstruction,50150.0,0.04044889286160469
train/reconstruction,50200.0,0.045472852885723114
train/reconstruction,50250.0,0.04448486492037773
train/reconstruction,50300.0,0.0442626029253006
train/reconstruction,50350.0,0.042205605655908585
train/reconstruction,50400.0,0.050772253423929214
train/reconstruction,50450.0,0.04168729484081268
train/reconstruction,50500.0,0.04220360890030861
train/reconstruction,50550.0,0.0460551418364048
train/reconstruction,50600.0,0.04188860207796097
train/reconstruction,50650.0,0.04582589119672775
train/reconstruction,50700.0,0.044277045875787735
train/reconstruction,50750.0,0.044972941279411316
train/reconstruction,50800.0,0.04415434971451759
train/reconstruction,50850.0,0.04593539983034134
train/reconstruction,50900.0,0.03947902098298073
train/reconstruction,50950.0,0.0454259030520916
train/reconstruction,51000.0,0.0406385213136673
train/reconstruction,51050.0,0.04257986694574356
train/reconstruction,51100.0,0.040982261300086975
train/reconstruction,51150.0,0.04354654252529144
train/reconstruction,51200.0,0.04344772920012474
train/reconstruction,51250.0,0.04611293226480484
train/reconstruction,51300.0,0.04586581140756607
train/reconstruction,51350.0,0.04771385341882706
train/reconstruction,51400.0,0.04450403153896332
train/reconstruction,51450.0,0.04357951134443283
train/reconstruction,51500.0,0.044265538454055786
train/reconstruction,51550.0,0.04593262821435928
train/reconstruction,51600.0,0.045257605612277985
train/reconstruction,51650.0,0.043649449944496155
train/reconstruction,51700.0,0.03812212869524956
train/reconstruction,51750.0,0.047281697392463684
train/reconstruction,51800.0,0.04176328703761101
train/reconstruction,51850.0,0.04193434864282608
train/reconstruction,51900.0,0.04597930610179901
train/reconstruction,51950.0,0.0376412533223629
train/reconstruction,52000.0,0.041190482676029205
train/reconstruction,52050.0,0.04009844735264778
train/reconstruction,52100.0,0.04542730748653412
train/reconstruction,52150.0,0.04117067903280258
train/reconstruction,52200.0,0.04094621166586876
train/reconstruction,52250.0,0.04612528532743454
train/reconstruction,52300.0,0.04425462707877159
train/reconstruction,52350.0,0.04606333374977112
train/reconstruction,52400.0,0.04418144375085831
train/reconstruction,52450.0,0.04362093657255173
train/reconstruction,52500.0,0.04589366912841797
train/reconstruction,52550.0,0.03868158906698227
train/reconstruction,52600.0,0.04305411875247955
train/reconstruction,52650.0,0.04232977703213692
train/reconstruction,52700.0,0.04853026196360588
train/reconstruction,52750.0,0.04106764867901802
train/reconstruction,52800.0,0.04509841278195381
train/reconstruction,52850.0,0.042184699326753616
train/reconstruction,52900.0,0.04022888094186783
train/reconstruction,52950.0,0.03940911218523979
train/reconstruction,53000.0,0.0420478880405426
train/reconstruction,53050.0,0.044352367520332336
train/reconstruction,53100.0,0.04590047523379326
train/reconstruction,53150.0,0.046201229095458984
train/reconstruction,53200.0,0.045607373118400574
train/reconstruction,53250.0,0.04835548624396324
train/reconstruction,53300.0,0.04075223207473755
train/reconstruction,53350.0,0.04019784927368164
train/reconstruction,53400.0,0.04661737382411957
train/reconstruction,53450.0,0.03866855800151825
train/reconstruction,53500.0,0.04371385648846626
train/reconstruction,53550.0,0.04400534927845001
train/reconstruction,53600.0,0.044003624469041824
train/reconstruction,53650.0,0.043544404208660126
train/reconstruction,53700.0,0.04470284655690193
train/reconstruction,53750.0,0.040751807391643524
train/reconstruction,53800.0,0.04306851327419281
train/reconstruction,53850.0,0.04408342391252518
train/reconstruction,53900.0,0.05267751216888428
train/reconstruction,53950.0,0.04662857949733734
train/reconstruction,54000.0,0.04244054853916168
train/reconstruction,54050.0,0.04663240164518356
train/reconstruction,54100.0,0.04296724498271942
train/reconstruction,54150.0,0.04785064235329628
train/reconstruction,54200.0,0.04138494282960892
train/reconstruction,54250.0,0.04675453528761864
train/reconstruction,54300.0,0.045031607151031494
train/reconstruction,54350.0,0.04332667216658592
train/reconstruction,54400.0,0.042389530688524246
train/reconstruction,54450.0,0.044252753257751465
train/reconstruction,54500.0,0.041134510189294815
train/reconstruction,54550.0,0.04435007646679878
train/reconstruction,54600.0,0.04047778993844986
train/reconstruction,54650.0,0.044494420289993286
train/reconstruction,54700.0,0.04535222798585892
train/reconstruction,54750.0,0.04865118861198425
train/reconstruction,54800.0,0.045864399522542953
train/reconstruction,54850.0,0.04363551363348961
train/reconstruction,54900.0,0.044911596924066544
train/reconstruction,54950.0,0.040696725249290466
train/reconstruction,55000.0,0.04475253075361252
train/reconstruction,55050.0,0.04800938814878464
train/reconstruction,55100.0,0.04922842979431152
train/reconstruction,55150.0,0.045840658247470856
train/reconstruction,55200.0,0.04282481223344803
train/reconstruction,55250.0,0.041277285665273666
train/reconstruction,55300.0,0.043462783098220825
train/reconstruction,55350.0,0.03892305865883827
train/reconstruction,55400.0,0.04408348351716995
train/reconstruction,55450.0,0.042176101356744766
train/reconstruction,55500.0,0.0428965799510479
train/reconstruction,55550.0,0.04694634675979614
train/reconstruction,55600.0,0.04473450779914856
train/reconstruction,55650.0,0.04837537556886673
train/reconstruction,55700.0,0.0429086834192276
train/reconstruction,55750.0,0.04342200979590416
train/reconstruction,55800.0,0.046668775379657745
train/reconstruction,55850.0,0.04367830976843834
train/reconstruction,55900.0,0.0444842167198658
train/reconstruction,55950.0,0.041432276368141174
train/reconstruction,56000.0,0.04230456054210663
train/reconstruction,56050.0,0.04643803462386131
train/reconstruction,56100.0,0.04361158236861229
train/reconstruction,56150.0,0.04480254650115967
train/reconstruction,56200.0,0.04305145889520645
train/reconstruction,56250.0,0.043970152735710144
train/reconstruction,56300.0,0.04768726974725723
train/reconstruction,56350.0,0.04250010848045349
train/reconstruction,56400.0,0.04201133921742439
train/reconstruction,56450.0,0.04358294978737831
train/reconstruction,56500.0,0.04394309222698212
train/reconstruction,56550.0,0.044888805598020554
train/reconstruction,56600.0,0.04639149457216263
train/reconstruction,56650.0,0.04374822974205017
train/reconstruction,56700.0,0.04168836027383804
train/reconstruction,56750.0,0.04360296577215195
train/reconstruction,56800.0,0.03974110633134842
train/reconstruction,56850.0,0.04084637761116028
train/reconstruction,56900.0,0.04672478511929512
train/reconstruction,56950.0,0.039573997259140015
train/reconstruction,57000.0,0.05019860342144966
train/reconstruction,57050.0,0.0420890673995018
train/reconstruction,57100.0,0.04326147213578224
train/reconstruction,57150.0,0.0391022153198719
train/reconstruction,57200.0,0.044255778193473816
train/reconstruction,57250.0,0.04407990351319313
train/reconstruction,57300.0,0.04376065358519554
train/reconstruction,57350.0,0.043999940156936646
train/reconstruction,57400.0,0.047495901584625244
train/reconstruction,57450.0,0.0471353717148304
train/reconstruction,57500.0,0.04393984377384186
train/reconstruction,57550.0,0.04351949691772461
train/reconstruction,57600.0,0.0465540774166584
train/reconstruction,57650.0,0.043617282062768936
train/reconstruction,57700.0,0.04619439318776131
train/reconstruction,57750.0,0.0416465662419796
train/reconstruction,57800.0,0.04368659108877182
train/reconstruction,57850.0,0.0391741618514061
train/reconstruction,57900.0,0.04561246931552887
train/reconstruction,57950.0,0.04056159779429436
train/reconstruction,58000.0,0.04174577072262764
train/reconstruction,58050.0,0.04509212076663971
train/reconstruction,58100.0,0.042749013751745224
train/reconstruction,58150.0,0.0453779399394989
train/reconstruction,58200.0,0.047133151441812515
train/reconstruction,58250.0,0.050450876355171204
train/reconstruction,58300.0,0.04221038892865181
train/reconstruction,58350.0,0.04501935839653015
train/reconstruction,58400.0,0.04888052120804787
train/reconstruction,58450.0,0.04142257198691368
train/reconstruction,58500.0,0.04265010356903076
train/reconstruction,58550.0,0.04526137560606003
train/reconstruction,58600.0,0.04335172846913338
train/reconstruction,58650.0,0.04140184074640274
train/reconstruction,58700.0,0.04161114618182182
train/reconstruction,58750.0,0.044967278838157654
train/reconstruction,58800.0,0.040701501071453094
train/reconstruction,58850.0,0.045745301991701126
train/reconstruction,58900.0,0.03782171383500099
train/reconstruction,58950.0,0.04132384806871414
train/reconstruction,59000.0,0.0423692986369133
train/reconstruction,59050.0,0.04253954812884331
train/reconstruction,59100.0,0.04126189649105072
train/reconstruction,59150.0,0.040100812911987305
train/reconstruction,59200.0,0.046041958034038544
train/reconstruction,59250.0,0.04526115953922272
train/reconstruction,59300.0,0.04697899892926216
train/reconstruction,59350.0,0.045542944222688675
train/reconstruction,59400.0,0.042489562183618546
train/reconstruction,59450.0,0.04565735161304474
train/reconstruction,59500.0,0.04538779705762863
train/reconstruction,59550.0,0.04080033302307129
train/reconstruction,59600.0,0.04280400276184082
train/reconstruction,59650.0,0.03892049938440323
train/reconstruction,59700.0,0.04263744130730629
train/reconstruction,59750.0,0.04157836735248566
train/reconstruction,59800.0,0.04176164045929909
train/reconstruction,59850.0,0.041009269654750824
train/reconstruction,59900.0,0.0428568571805954
train/reconstruction,59950.0,0.041770078241825104
train/reconstruction,60000.0,0.042574308812618256
train/reconstruction,60050.0,0.05480552464723587
train/reconstruction,60100.0,0.04984728619456291
train/reconstruction,60150.0,0.05589016526937485
train/reconstruction,60200.0,0.05577956140041351
train/reconstruction,60250.0,0.049568794667720795
train/reconstruction,60300.0,0.047696445137262344
train/reconstruction,60350.0,0.05083443596959114
train/reconstruction,60400.0,0.05255752429366112
train/reconstruction,60450.0,0.05953841656446457
train/reconstruction,60500.0,0.04638242349028587
train/reconstruction,60550.0,0.04951106011867523
train/reconstruction,60600.0,0.062066491693258286
train/reconstruction,60650.0,0.05437321960926056
train/reconstruction,60700.0,0.052918411791324615
train/reconstruction,60750.0,0.05745657533407211
train/reconstruction,60800.0,0.054346583783626556
train/reconstruction,60850.0,0.05719511955976486
train/reconstruction,60900.0,0.056072261184453964
train/reconstruction,60950.0,0.05258814990520477
train/reconstruction,61000.0,0.05093512311577797
train/reconstruction,61050.0,0.053558845072984695
train/reconstruction,61100.0,0.06190476194024086
train/reconstruction,61150.0,0.053362902253866196
train/reconstruction,61200.0,0.0563279464840889
train/reconstruction,61250.0,0.048286207020282745
train/reconstruction,61300.0,0.05781351029872894
train/reconstruction,61350.0,0.05270598828792572
train/reconstruction,61400.0,0.053925517946481705
train/reconstruction,61450.0,0.0573747493326664
train/reconstruction,61500.0,0.05489054694771767
train/reconstruction,61550.0,0.05540456995368004
train/reconstruction,61600.0,0.05928568169474602
train/reconstruction,61650.0,0.05444233864545822
train/reconstruction,61700.0,0.05667657032608986
train/reconstruction,61750.0,0.0518818199634552
train/reconstruction,61800.0,0.056999027729034424
train/reconstruction,61850.0,0.05214838683605194
train/reconstruction,61900.0,0.058246076107025146
train/reconstruction,61950.0,0.0584460124373436
train/reconstruction,62000.0,0.055356621742248535
train/reconstruction,62050.0,0.057338833808898926
train/reconstruction,62100.0,0.05778833106160164
train/reconstruction,62150.0,0.05188175290822983
train/reconstruction,62200.0,0.053005095571279526
train/reconstruction,62250.0,0.057939715683460236
train/reconstruction,62300.0,0.054456524550914764
train/reconstruction,62350.0,0.06089772284030914
train/reconstruction,62400.0,0.05120693892240524
train/reconstruction,62450.0,0.05492931604385376
train/reconstruction,62500.0,0.05631149560213089
train/reconstruction,62550.0,0.05830666422843933
train/reconstruction,62600.0,0.05474255606532097
train/reconstruction,62650.0,0.0535704642534256
train/reconstruction,62700.0,0.053392134606838226
train/reconstruction,62750.0,0.05996793508529663
train/reconstruction,62800.0,0.048667654395103455
train/reconstruction,62850.0,0.056078050285577774
train/reconstruction,62900.0,0.053809843957424164
train/reconstruction,62950.0,0.05944035202264786
train/reconstruction,63000.0,0.0568370595574379
train/reconstruction,63050.0,0.05295224487781525
train/reconstruction,63100.0,0.055655669420957565
train/reconstruction,63150.0,0.049861062318086624
train/reconstruction,63200.0,0.052146993577480316
train/reconstruction,63250.0,0.04687494412064552
train/reconstruction,63300.0,0.05464555695652962
train/reconstruction,63350.0,0.05206141248345375
train/reconstruction,63400.0,0.054961808025836945
train/reconstruction,63450.0,0.054709795862436295
train/reconstruction,63500.0,0.05332939326763153
train/reconstruction,63550.0,0.05724851414561272
train/reconstruction,63600.0,0.05648314207792282
train/reconstruction,63650.0,0.0524408258497715
train/reconstruction,63700.0,0.050581105053424835
train/reconstruction,63750.0,0.05518805980682373
train/reconstruction,63800.0,0.05272999405860901
train/reconstruction,63850.0,0.05489107221364975
train/reconstruction,63900.0,0.05683085694909096
train/reconstruction,63950.0,0.05347369983792305
train/reconstruction,64000.0,0.05227469280362129
train/reconstruction,64050.0,0.05572483688592911
train/reconstruction,64100.0,0.05509015917778015
train/reconstruction,64150.0,0.051044661551713943
train/reconstruction,64200.0,0.04921669885516167
train/reconstruction,64250.0,0.054588302969932556
train/reconstruction,64300.0,0.055891621857881546
train/reconstruction,64350.0,0.05410349369049072
train/reconstruction,64400.0,0.05550159513950348
train/reconstruction,64450.0,0.05647546052932739
train/reconstruction,64500.0,0.05717793107032776
train/reconstruction,64550.0,0.05048064514994621
train/reconstruction,64600.0,0.053137969225645065
train/reconstruction,64650.0,0.05057193338871002
train/reconstruction,64700.0,0.048673730343580246
train/reconstruction,64750.0,0.05233725905418396
train/reconstruction,64800.0,0.05294264107942581
train/reconstruction,64850.0,0.05402394011616707
train/reconstruction,64900.0,0.056605901569128036
train/reconstruction,64950.0,0.05528003349900246
train/reconstruction,65000.0,0.05571848526597023
train/reconstruction,65050.0,0.051985159516334534
train/reconstruction,65100.0,0.05816880613565445
train/reconstruction,65150.0,0.05741327255964279
train/reconstruction,65200.0,0.05658096820116043
train/reconstruction,65250.0,0.05243770033121109
train/reconstruction,65300.0,0.05307925119996071
train/reconstruction,65350.0,0.050851572304964066
train/reconstruction,65400.0,0.05691767483949661
train/reconstruction,65450.0,0.05912421643733978
train/reconstruction,65500.0,0.04857237637042999
train/reconstruction,65550.0,0.05899123102426529
train/reconstruction,65600.0,0.05502159893512726
train/reconstruction,65650.0,0.054341088980436325
train/reconstruction,65700.0,0.05869147181510925
train/reconstruction,65750.0,0.05066809058189392
train/reconstruction,65800.0,0.05643710494041443
train/reconstruction,65850.0,0.055071692913770676
train/reconstruction,65900.0,0.05785435438156128
train/reconstruction,65950.0,0.05727458372712135
train/reconstruction,66000.0,0.051404520869255066
train/reconstruction,66050.0,0.048595838248729706
train/reconstruction,66100.0,0.05896960571408272
train/reconstruction,66150.0,0.05264374241232872
train/reconstruction,66200.0,0.04872380942106247
train/reconstruction,66250.0,0.055251266807317734
train/reconstruction,66300.0,0.05480035021901131
train/reconstruction,66350.0,0.05088230222463608
train/reconstruction,66400.0,0.05664011836051941
train/reconstruction,66450.0,0.06037621200084686
train/reconstruction,66500.0,0.05520736798644066
train/reconstruction,66550.0,0.05629982799291611
train/reconstruction,66600.0,0.051923736929893494
train/reconstruction,66650.0,0.053862232714891434
train/reconstruction,66700.0,0.05525492876768112
train/reconstruction,66750.0,0.05615701898932457
train/reconstruction,66800.0,0.06090060621500015
train/reconstruction,66850.0,0.05018434673547745
train/reconstruction,66900.0,0.05462835729122162
train/reconstruction,66950.0,0.05239482223987579
train/reconstruction,67000.0,0.05243296921253204
train/reconstruction,67050.0,0.054395101964473724
train/reconstruction,67100.0,0.0501713789999485
train/reconstruction,67150.0,0.056217849254608154
train/reconstruction,67200.0,0.05362072214484215
train/reconstruction,67250.0,0.057596445083618164
train/reconstruction,67300.0,0.05783626064658165
train/reconstruction,67350.0,0.05146470665931702
train/reconstruction,67400.0,0.05142439901828766
train/reconstruction,67450.0,0.05007918179035187
train/reconstruction,67500.0,0.053855638951063156
train/reconstruction,67550.0,0.05622679740190506
train/reconstruction,67600.0,0.05583209916949272
train/reconstruction,67650.0,0.05549360811710358
train/reconstruction,67700.0,0.050216902047395706
train/reconstruction,67750.0,0.05466664955019951
train/reconstruction,67800.0,0.05187135189771652
train/reconstruction,67850.0,0.054471105337142944
train/reconstruction,67900.0,0.054005082696676254
train/reconstruction,67950.0,0.053684454411268234
train/reconstruction,68000.0,0.05277933180332184
train/reconstruction,68050.0,0.05422703176736832
train/reconstruction,68100.0,0.053618308156728745
train/reconstruction,68150.0,0.0532771572470665
train/reconstruction,68200.0,0.05394090712070465
train/reconstruction,68250.0,0.052940014749765396
train/reconstruction,68300.0,0.054516181349754333
train/reconstruction,68350.0,0.053619369864463806
train/reconstruction,68400.0,0.054346516728401184
train/reconstruction,68450.0,0.05403266102075577
train/reconstruction,68500.0,0.05420362204313278
train/reconstruction,68550.0,0.05597037449479103
train/reconstruction,68600.0,0.04729379713535309
train/reconstruction,68650.0,0.05261489748954773
train/reconstruction,68700.0,0.053031522780656815
train/reconstruction,68750.0,0.050960369408130646
train/reconstruction,68800.0,0.052874624729156494
train/reconstruction,68850.0,0.04946050047874451
train/reconstruction,68900.0,0.05210493505001068
train/reconstruction,68950.0,0.052859075367450714
train/reconstruction,69000.0,0.050651755183935165
train/reconstruction,69050.0,0.05521641671657562
train/reconstruction,69100.0,0.056283269077539444
train/reconstruction,69150.0,0.05124514922499657
train/reconstruction,69200.0,0.05459258705377579
train/reconstruction,69250.0,0.04719524458050728
train/reconstruction,69300.0,0.05887787044048309
train/reconstruction,69350.0,0.0570269450545311
train/reconstruction,69400.0,0.054165247827768326
train/reconstruction,69450.0,0.05651407688856125
train/reconstruction,69500.0,0.056862831115722656
train/reconstruction,69550.0,0.05843360349535942
train/reconstruction,69600.0,0.04904031381011009
train/reconstruction,69650.0,0.05677563697099686
train/reconstruction,69700.0,0.06031057983636856
train/reconstruction,69750.0,0.05511799454689026
train/reconstruction,69800.0,0.0523039884865284
train/reconstruction,69850.0,0.058822959661483765
train/reconstruction,69900.0,0.05448715761303902
train/reconstruction,69950.0,0.05678686872124672
train/reconstruction,70000.0,0.057478874921798706
train/reconstruction,70050.0,0.05212697386741638
train/reconstruction,70100.0,0.05521177127957344
train/reconstruction,70150.0,0.055062588304281235
train/reconstruction,70200.0,0.0550888255238533
train/reconstruction,70250.0,0.052067384123802185
train/reconstruction,70300.0,0.05064132809638977
train/reconstruction,70350.0,0.05406114459037781
train/reconstruction,70400.0,0.05693718045949936
train/reconstruction,70450.0,0.05355126038193703
train/reconstruction,70500.0,0.05675797164440155
train/reconstruction,70550.0,0.056367427110672
train/reconstruction,70600.0,0.0480029433965683
train/reconstruction,70650.0,0.05734773725271225
train/reconstruction,70700.0,0.05564965307712555
train/reconstruction,70750.0,0.05732432007789612
train/reconstruction,70800.0,0.05330050736665726
train/reconstruction,70850.0,0.05305265262722969
train/reconstruction,70900.0,0.055924192070961
train/reconstruction,70950.0,0.05455493927001953
train/reconstruction,71000.0,0.05627428740262985
train/reconstruction,71050.0,0.05552569776773453
train/reconstruction,71100.0,0.05149133875966072
train/reconstruction,71150.0,0.059218499809503555
train/reconstruction,71200.0,0.055314917117357254
train/reconstruction,71250.0,0.05099312216043472
train/reconstruction,71300.0,0.049140531569719315
train/reconstruction,71350.0,0.05520262196660042
train/reconstruction,71400.0,0.05614858865737915
train/reconstruction,71450.0,0.053577862679958344
train/reconstruction,71500.0,0.04820473492145538
train/reconstruction,71550.0,0.05349797382950783
train/reconstruction,71600.0,0.057574570178985596
train/reconstruction,71650.0,0.0499994270503521
train/reconstruction,71700.0,0.051066748797893524
train/reconstruction,71750.0,0.055060915648937225
train/reconstruction,71800.0,0.05561331659555435
train/reconstruction,71850.0,0.052369050681591034
train/reconstruction,71900.0,0.05112134665250778
train/reconstruction,71950.0,0.0520879365503788
train/reconstruction,72000.0,0.05342089384794235
train/reconstruction,72050.0,0.05347757041454315
train/reconstruction,72100.0,0.053122345358133316
train/reconstruction,72150.0,0.04656499624252319
train/reconstruction,72200.0,0.046929799020290375
train/reconstruction,72250.0,0.051308076828718185
train/reconstruction,72300.0,0.05441216751933098
train/reconstruction,72350.0,0.053982362151145935
train/reconstruction,72400.0,0.05666302889585495
train/reconstruction,72450.0,0.05474304035305977
train/reconstruction,72500.0,0.05486590415239334
train/reconstruction,72550.0,0.04878829047083855
train/reconstruction,72600.0,0.059673525393009186
train/reconstruction,72650.0,0.055910415947437286
train/reconstruction,72700.0,0.0560971274971962
train/reconstruction,72750.0,0.05481613427400589
train/reconstruction,72800.0,0.048660047352313995
train/reconstruction,72850.0,0.05588417872786522
train/reconstruction,72900.0,0.05395723134279251
train/reconstruction,72950.0,0.05607445910573006
train/reconstruction,73000.0,0.05285769701004028
train/reconstruction,73050.0,0.05534275993704796
train/reconstruction,73100.0,0.0565752349793911
train/reconstruction,73150.0,0.05624963715672493
train/reconstruction,73200.0,0.05803298205137253
train/reconstruction,73250.0,0.0532226487994194
train/reconstruction,73300.0,0.05472508817911148
train/reconstruction,73350.0,0.05100793018937111
train/reconstruction,73400.0,0.05656751990318298
train/reconstruction,73450.0,0.0479438342154026
train/reconstruction,73500.0,0.053218141198158264
train/reconstruction,73550.0,0.05190536379814148
train/reconstruction,73600.0,0.05197509750723839
train/reconstruction,73650.0,0.05834900587797165
train/reconstruction,73700.0,0.051020052284002304
train/reconstruction,73750.0,0.055242639034986496
train/reconstruction,73800.0,0.05697546899318695
train/reconstruction,73850.0,0.05513058602809906
train/reconstruction,73900.0,0.05232599750161171
train/reconstruction,73950.0,0.05349719896912575
train/reconstruction,74000.0,0.055287543684244156
train/reconstruction,74050.0,0.053137220442295074
train/reconstruction,74100.0,0.0526653528213501
train/reconstruction,74150.0,0.04943663626909256
train/reconstruction,74200.0,0.050279032438993454
train/reconstruction,74250.0,0.055375732481479645
train/reconstruction,74300.0,0.050063926726579666
train/reconstruction,74350.0,0.06009889394044876
train/reconstruction,74400.0,0.04946114495396614
train/reconstruction,74450.0,0.05160154774785042
train/reconstruction,74500.0,0.0561637356877327
train/reconstruction,74550.0,0.05491683632135391
train/reconstruction,74600.0,0.054286450147628784
train/reconstruction,74650.0,0.05227229744195938
train/reconstruction,74700.0,0.05161551386117935
train/reconstruction,74750.0,0.04939185082912445
train/reconstruction,74800.0,0.05884648859500885
train/reconstruction,74850.0,0.05420175939798355
train/reconstruction,74900.0,0.05139072984457016
train/reconstruction,74950.0,0.05458115413784981
train/reconstruction,75000.0,0.05607160925865173
train/reconstruction,75050.0,0.05511980503797531
train/reconstruction,75100.0,0.04589506983757019
train/reconstruction,75150.0,0.057607874274253845
train/reconstruction,75200.0,0.05139341950416565
train/reconstruction,75250.0,0.05566693842411041
train/reconstruction,75300.0,0.05537866801023483
train/reconstruction,75350.0,0.054778166115283966
train/reconstruction,75400.0,0.051730237901210785
train/reconstruction,75450.0,0.06119098886847496
train/reconstruction,75500.0,0.04651869088411331
train/reconstruction,75550.0,0.053558964282274246
train/reconstruction,75600.0,0.06180783733725548
train/reconstruction,75650.0,0.05852368474006653
train/reconstruction,75700.0,0.05013583227992058
train/reconstruction,75750.0,0.055194102227687836
train/reconstruction,75800.0,0.05674414336681366
train/reconstruction,75850.0,0.05412348359823227
train/reconstruction,75900.0,0.05365236848592758
train/reconstruction,75950.0,0.05414361506700516
train/reconstruction,76000.0,0.05522516369819641
train/reconstruction,76050.0,0.05150856077671051
train/reconstruction,76100.0,0.0526779405772686
train/reconstruction,76150.0,0.05173446983098984
train/reconstruction,76200.0,0.05236825346946716
train/reconstruction,76250.0,0.05834301933646202
train/reconstruction,76300.0,0.05612146109342575
train/reconstruction,76350.0,0.054668817669153214
train/reconstruction,76400.0,0.049078673124313354
train/reconstruction,76450.0,0.056724775582551956
train/reconstruction,76500.0,0.05794064700603485
train/reconstruction,76550.0,0.05472107604146004
train/reconstruction,76600.0,0.05080236867070198
train/reconstruction,76650.0,0.05571461468935013
train/reconstruction,76700.0,0.05048228055238724
train/reconstruction,76750.0,0.05103321373462677
train/reconstruction,76800.0,0.05390927568078041
train/reconstruction,76850.0,0.05252883955836296
train/reconstruction,76900.0,0.048691485077142715
train/reconstruction,76950.0,0.05592137947678566
train/reconstruction,77000.0,0.05117914825677872
train/reconstruction,77050.0,0.05998699739575386
train/reconstruction,77100.0,0.0469965785741806
train/reconstruction,77150.0,0.05189686641097069
train/reconstruction,77200.0,0.05214723199605942
train/reconstruction,77250.0,0.05083818361163139
train/reconstruction,77300.0,0.05263408273458481
train/reconstruction,77350.0,0.05523572117090225
train/reconstruction,77400.0,0.049951910972595215
train/reconstruction,77450.0,0.05344653129577637
train/reconstruction,77500.0,0.049632929265499115
train/reconstruction,77550.0,0.04945684224367142
train/reconstruction,77600.0,0.05545002222061157
train/reconstruction,77650.0,0.049874015152454376
train/reconstruction,77700.0,0.0540846548974514
train/reconstruction,77750.0,0.05483361706137657
train/reconstruction,77800.0,0.05637669935822487
train/reconstruction,77850.0,0.05250347778201103
train/reconstruction,77900.0,0.053212955594062805
train/reconstruction,77950.0,0.059450648725032806
train/reconstruction,78000.0,0.05132538080215454
train/reconstruction,78050.0,0.05313533544540405
train/reconstruction,78100.0,0.05101902037858963
train/reconstruction,78150.0,0.058654312044382095
train/reconstruction,78200.0,0.057283323258161545
train/reconstruction,78250.0,0.055143192410469055
train/reconstruction,78300.0,0.051774393767118454
train/reconstruction,78350.0,0.05037270113825798
train/reconstruction,78400.0,0.05215171352028847
train/reconstruction,78450.0,0.049562931060791016
train/reconstruction,78500.0,0.05621517449617386
train/reconstruction,78550.0,0.05215795338153839
train/reconstruction,78600.0,0.057995885610580444
train/reconstruction,78650.0,0.05474461615085602
train/reconstruction,78700.0,0.05041055008769035
train/reconstruction,78750.0,0.053160421550273895
train/reconstruction,78800.0,0.04978916794061661
train/reconstruction,78850.0,0.05733763799071312
train/reconstruction,78900.0,0.056885115802288055
train/reconstruction,78950.0,0.051891304552555084
train/reconstruction,79000.0,0.04666603356599808
train/reconstruction,79050.0,0.05363165959715843
train/reconstruction,79100.0,0.049352601170539856
train/reconstruction,79150.0,0.052102480083703995
train/reconstruction,79200.0,0.051821622997522354
train/reconstruction,79250.0,0.04803946614265442
train/reconstruction,79300.0,0.05629703775048256
train/reconstruction,79350.0,0.057748086750507355
train/reconstruction,79400.0,0.05384908244013786
train/reconstruction,79450.0,0.05686012655496597
train/reconstruction,79500.0,0.05156636983156204
train/reconstruction,79550.0,0.04287716746330261
train/reconstruction,79600.0,0.05249999091029167
train/reconstruction,79650.0,0.0574183389544487
train/reconstruction,79700.0,0.048855237662792206
train/reconstruction,79750.0,0.05298178270459175
train/reconstruction,79800.0,0.049610450863838196
train/reconstruction,79850.0,0.060001131147146225
train/reconstruction,79900.0,0.055921319872140884
train/reconstruction,79950.0,0.0506160669028759
train/reconstruction,80000.0,0.053871575742959976
train/velocity_mse,1.0,0.0
train/velocity_mse,50.0,0.0
train/velocity_mse,100.0,0.0
train/velocity_mse,150.0,0.0
train/velocity_mse,200.0,0.0
train/velocity_mse,250.0,0.0
train/velocity_mse,300.0,0.0
train/velocity_mse,350.0,0.0
train/velocity_mse,400.0,0.0
train/velocity_mse,450.0,0.0
train/velocity_mse,500.0,0.0
train/velocity_mse,550.0,0.0
train/velocity_mse,600.0,0.0
train/velocity_mse,650.0,0.0
train/velocity_mse,700.0,0.0
train/velocity_mse,750.0,0.0
train/velocity_mse,800.0,0.0
train/velocity_mse,850.0,0.0
train/velocity_mse,900.0,0.0
train/velocity_mse,950.0,0.0
train/velocity_mse,1000.0,0.0
train/velocity_mse,1050.0,0.0
train/velocity_mse,1100.0,0.0
train/velocity_mse,1150.0,0.0
train/velocity_mse,1200.0,0.0
train/velocity_mse,1250.0,0.0
train/velocity_mse,1300.0,0.0
train/velocity_mse,1350.0,0.0
train/velocity_mse,1400.0,0.0
train/velocity_mse,1450.0,0.0
train/velocity_mse,1500.0,0.0
train/velocity_mse,1550.0,0.0
train/velocity_mse,1600.0,0.0
train/velocity_mse,1650.0,0.0
train/velocity_mse,1700.0,0.0
train/velocity_mse,1750.0,0.0
train/velocity_mse,1800.0,0.0
train/velocity_mse,1850.0,0.0
train/velocity_mse,1900.0,0.0
train/velocity_mse,1950.0,0.0
train/velocity_mse,2000.0,0.0
train/velocity_mse,2050.0,0.0
train/velocity_mse,2100.0,0.0
train/velocity_mse,2150.0,0.0
train/velocity_mse,2200.0,0.0
train/velocity_mse,2250.0,0.0
train/velocity_mse,2300.0,0.0
train/velocity_mse,2350.0,0.0
train/velocity_mse,2400.0,0.0
train/velocity_mse,2450.0,0.0
train/velocity_mse,2500.0,0.0
train/velocity_mse,2550.0,0.0
train/velocity_mse,2600.0,0.0
train/velocity_mse,2650.0,0.0
train/velocity_mse,2700.0,0.0
train/velocity_mse,2750.0,0.0
train/velocity_mse,2800.0,0.0
train/velocity_mse,2850.0,0.0
train/velocity_mse,2900.0,0.0
train/velocity_mse,2950.0,0.0
train/velocity_mse,3000.0,0.0
train/velocity_mse,3050.0,0.0
train/velocity_mse,3100.0,0.0
train/velocity_mse,3150.0,0.0
train/velocity_mse,3200.0,0.0
train/velocity_mse,3250.0,0.0
train/velocity_mse,3300.0,0.0
train/velocity_mse,3350.0,0.0
train/velocity_mse,3400.0,0.0
train/velocity_mse,3450.0,0.0
train/velocity_mse,3500.0,0.0
train/velocity_mse,3550.0,0.0
train/velocity_mse,3600.0,0.0
train/velocity_mse,3650.0,0.0
train/velocity_mse,3700.0,0.0
train/velocity_mse,3750.0,0.0
train/velocity_mse,3800.0,0.0
train/velocity_mse,3850.0,0.0
train/velocity_mse,3900.0,0.0
train/velocity_mse,3950.0,0.0
train/velocity_mse,4000.0,0.0
train/velocity_mse,4050.0,0.0
train/velocity_mse,4100.0,0.0
train/velocity_mse,4150.0,0.0
train/velocity_mse,4200.0,0.0
train/velocity_mse,4250.0,0.0
train/velocity_mse,4300.0,0.0
train/velocity_mse,4350.0,0.0
train/velocity_mse,4400.0,0.0
train/velocity_mse,4450.0,0.0
train/velocity_mse,4500.0,0.0
train/velocity_mse,4550.0,0.0
train/velocity_mse,4600.0,0.0
train/velocity_mse,4650.0,0.0
train/velocity_mse,4700.0,0.0
train/velocity_mse,4750.0,0.0
train/velocity_mse,4800.0,0.0
train/velocity_mse,4850.0,0.0
train/velocity_mse,4900.0,0.0
train/velocity_mse,4950.0,0.0
train/velocity_mse,5000.0,0.0
train/velocity_mse,5050.0,0.0
train/velocity_mse,5100.0,0.0
train/velocity_mse,5150.0,0.0
train/velocity_mse,5200.0,0.0
train/velocity_mse,5250.0,0.0
train/velocity_mse,5300.0,0.0
train/velocity_mse,5350.0,0.0
train/velocity_mse,5400.0,0.0
train/velocity_mse,5450.0,0.0
train/velocity_mse,5500.0,0.0
train/velocity_mse,5550.0,0.0
train/velocity_mse,5600.0,0.0
train/velocity_mse,5650.0,0.0
train/velocity_mse,5700.0,0.0
train/velocity_mse,5750.0,0.0
train/velocity_mse,5800.0,0.0
train/velocity_mse,5850.0,0.0
train/velocity_mse,5900.0,0.0
train/velocity_mse,5950.0,0.0
train/velocity_mse,6000.0,0.0
train/velocity_mse,6050.0,0.0
train/velocity_mse,6100.0,0.0
train/velocity_mse,6150.0,0.0
train/velocity_mse,6200.0,0.0
train/velocity_mse,6250.0,0.0
train/velocity_mse,6300.0,0.0
train/velocity_mse,6350.0,0.0
train/velocity_mse,6400.0,0.0
train/velocity_mse,6450.0,0.0
train/velocity_mse,6500.0,0.0
train/velocity_mse,6550.0,0.0
train/velocity_mse,6600.0,0.0
train/velocity_mse,6650.0,0.0
train/velocity_mse,6700.0,0.0
train/velocity_mse,6750.0,0.0
train/velocity_mse,6800.0,0.0
train/velocity_mse,6850.0,0.0
train/velocity_mse,6900.0,0.0
train/velocity_mse,6950.0,0.0
train/velocity_mse,7000.0,0.0
train/velocity_mse,7050.0,0.0
train/velocity_mse,7100.0,0.0
train/velocity_mse,7150.0,0.0
train/velocity_mse,7200.0,0.0
train/velocity_mse,7250.0,0.0
train/velocity_mse,7300.0,0.0
train/velocity_mse,7350.0,0.0
train/velocity_mse,7400.0,0.0
train/velocity_mse,7450.0,0.0
train/velocity_mse,7500.0,0.0
train/velocity_mse,7550.0,0.0
train/velocity_mse,7600.0,0.0
train/velocity_mse,7650.0,0.0
train/velocity_mse,7700.0,0.0
train/velocity_mse,7750.0,0.0
train/velocity_mse,7800.0,0.0
train/velocity_mse,7850.0,0.0
train/velocity_mse,7900.0,0.0
train/velocity_mse,7950.0,0.0
train/velocity_mse,8000.0,0.0
train/velocity_mse,8050.0,0.0
train/velocity_mse,8100.0,0.0
train/velocity_mse,8150.0,0.0
train/velocity_mse,8200.0,0.0
train/velocity_mse,8250.0,0.0
train/velocity_mse,8300.0,0.0
train/velocity_mse,8350.0,0.0
train/velocity_mse,8400.0,0.0
train/velocity_mse,8450.0,0.0
train/velocity_mse,8500.0,0.0
train/velocity_mse,8550.0,0.0
train/velocity_mse,8600.0,0.0
train/velocity_mse,8650.0,0.0
train/velocity_mse,8700.0,0.0
train/velocity_mse,8750.0,0.0
train/velocity_mse,8800.0,0.0
train/velocity_mse,8850.0,0.0
train/velocity_mse,8900.0,0.0
train/velocity_mse,8950.0,0.0
train/velocity_mse,9000.0,0.0
train/velocity_mse,9050.0,0.0
train/velocity_mse,9100.0,0.0
train/velocity_mse,9150.0,0.0
train/velocity_mse,9200.0,0.0
train/velocity_mse,9250.0,0.0
train/velocity_mse,9300.0,0.0
train/velocity_mse,9350.0,0.0
train/velocity_mse,9400.0,0.0
train/velocity_mse,9450.0,0.0
train/velocity_mse,9500.0,0.0
train/velocity_mse,9550.0,0.0
train/velocity_mse,9600.0,0.0
train/velocity_mse,9650.0,0.0
train/velocity_mse,9700.0,0.0
train/velocity_mse,9750.0,0.0
train/velocity_mse,9800.0,0.0
train/velocity_mse,9850.0,0.0
train/velocity_mse,9900.0,0.0
train/velocity_mse,9950.0,0.0
train/velocity_mse,10000.0,0.0
train/velocity_mse,10050.0,0.0
train/velocity_mse,10100.0,0.0
train/velocity_mse,10150.0,0.0
train/velocity_mse,10200.0,0.0
train/velocity_mse,10250.0,0.0
train/velocity_mse,10300.0,0.0
train/velocity_mse,10350.0,0.0
train/velocity_mse,10400.0,0.0
train/velocity_mse,10450.0,0.0
train/velocity_mse,10500.0,0.0
train/velocity_mse,10550.0,0.0
train/velocity_mse,10600.0,0.0
train/velocity_mse,10650.0,0.0
train/velocity_mse,10700.0,0.0
train/velocity_mse,10750.0,0.0
train/velocity_mse,10800.0,0.0
train/velocity_mse,10850.0,0.0
train/velocity_mse,10900.0,0.0
train/velocity_mse,10950.0,0.0
train/velocity_mse,11000.0,0.0
train/velocity_mse,11050.0,0.0
train/velocity_mse,11100.0,0.0
train/velocity_mse,11150.0,0.0
train/velocity_mse,11200.0,0.0
train/velocity_mse,11250.0,0.0
train/velocity_mse,11300.0,0.0
train/velocity_mse,11350.0,0.0
train/velocity_mse,11400.0,0.0
train/velocity_mse,11450.0,0.0
train/velocity_mse,11500.0,0.0
train/velocity_mse,11550.0,0.0
train/velocity_mse,11600.0,0.0
train/velocity_mse,11650.0,0.0
train/velocity_mse,11700.0,0.0
train/velocity_mse,11750.0,0.0
train/velocity_mse,11800.0,0.0
train/velocity_mse,11850.0,0.0
train/velocity_mse,11900.0,0.0
train/velocity_mse,11950.0,0.0
train/velocity_mse,12000.0,0.0
train/velocity_mse,12050.0,0.0
train/velocity_mse,12100.0,0.0
train/velocity_mse,12150.0,0.0
train/velocity_mse,12200.0,0.0
train/velocity_mse,12250.0,0.0
train/velocity_mse,12300.0,0.0
train/velocity_mse,12350.0,0.0
train/velocity_mse,12400.0,0.0
train/velocity_mse,12450.0,0.0
train/velocity_mse,12500.0,0.0
train/velocity_mse,12550.0,0.0
train/velocity_mse,12600.0,0.0
train/velocity_mse,12650.0,0.0
train/velocity_mse,12700.0,0.0
train/velocity_mse,12750.0,0.0
train/velocity_mse,12800.0,0.0
train/velocity_mse,12850.0,0.0
train/velocity_mse,12900.0,0.0
train/velocity_mse,12950.0,0.0
train/velocity_mse,13000.0,0.0
train/velocity_mse,13050.0,0.0
train/velocity_mse,13100.0,0.0
train/velocity_mse,13150.0,0.0
train/velocity_mse,13200.0,0.0
train/velocity_mse,13250.0,0.0
train/velocity_mse,13300.0,0.0
train/velocity_mse,13350.0,0.0
train/velocity_mse,13400.0,0.0
train/velocity_mse,13450.0,0.0
train/velocity_mse,13500.0,0.0
train/velocity_mse,13550.0,0.0
train/velocity_mse,13600.0,0.0
train/velocity_mse,13650.0,0.0
train/velocity_mse,13700.0,0.0
train/velocity_mse,13750.0,0.0
train/velocity_mse,13800.0,0.0
train/velocity_mse,13850.0,0.0
train/velocity_mse,13900.0,0.0
train/velocity_mse,13950.0,0.0
train/velocity_mse,14000.0,0.0
train/velocity_mse,14050.0,0.0
train/velocity_mse,14100.0,0.0
train/velocity_mse,14150.0,0.0
train/velocity_mse,14200.0,0.0
train/velocity_mse,14250.0,0.0
train/velocity_mse,14300.0,0.0
train/velocity_mse,14350.0,0.0
train/velocity_mse,14400.0,0.0
train/velocity_mse,14450.0,0.0
train/velocity_mse,14500.0,0.0
train/velocity_mse,14550.0,0.0
train/velocity_mse,14600.0,0.0
train/velocity_mse,14650.0,0.0
train/velocity_mse,14700.0,0.0
train/velocity_mse,14750.0,0.0
train/velocity_mse,14800.0,0.0
train/velocity_mse,14850.0,0.0
train/velocity_mse,14900.0,0.0
train/velocity_mse,14950.0,0.0
train/velocity_mse,15000.0,0.0
train/velocity_mse,15050.0,0.0
train/velocity_mse,15100.0,0.0
train/velocity_mse,15150.0,0.0
train/velocity_mse,15200.0,0.0
train/velocity_mse,15250.0,0.0
train/velocity_mse,15300.0,0.0
train/velocity_mse,15350.0,0.0
train/velocity_mse,15400.0,0.0
train/velocity_mse,15450.0,0.0
train/velocity_mse,15500.0,0.0
train/velocity_mse,15550.0,0.0
train/velocity_mse,15600.0,0.0
train/velocity_mse,15650.0,0.0
train/velocity_mse,15700.0,0.0
train/velocity_mse,15750.0,0.0
train/velocity_mse,15800.0,0.0
train/velocity_mse,15850.0,0.0
train/velocity_mse,15900.0,0.0
train/velocity_mse,15950.0,0.0
train/velocity_mse,16000.0,0.0
train/velocity_mse,16050.0,0.0
train/velocity_mse,16100.0,0.0
train/velocity_mse,16150.0,0.0
train/velocity_mse,16200.0,0.0
train/velocity_mse,16250.0,0.0
train/velocity_mse,16300.0,0.0
train/velocity_mse,16350.0,0.0
train/velocity_mse,16400.0,0.0
train/velocity_mse,16450.0,0.0
train/velocity_mse,16500.0,0.0
train/velocity_mse,16550.0,0.0
train/velocity_mse,16600.0,0.0
train/velocity_mse,16650.0,0.0
train/velocity_mse,16700.0,0.0
train/velocity_mse,16750.0,0.0
train/velocity_mse,16800.0,0.0
train/velocity_mse,16850.0,0.0
train/velocity_mse,16900.0,0.0
train/velocity_mse,16950.0,0.0
train/velocity_mse,17000.0,0.0
train/velocity_mse,17050.0,0.0
train/velocity_mse,17100.0,0.0
train/velocity_mse,17150.0,0.0
train/velocity_mse,17200.0,0.0
train/velocity_mse,17250.0,0.0
train/velocity_mse,17300.0,0.0
train/velocity_mse,17350.0,0.0
train/velocity_mse,17400.0,0.0
train/velocity_mse,17450.0,0.0
train/velocity_mse,17500.0,0.0
train/velocity_mse,17550.0,0.0
train/velocity_mse,17600.0,0.0
train/velocity_mse,17650.0,0.0
train/velocity_mse,17700.0,0.0
train/velocity_mse,17750.0,0.0
train/velocity_mse,17800.0,0.0
train/velocity_mse,17850.0,0.0
train/velocity_mse,17900.0,0.0
train/velocity_mse,17950.0,0.0
train/velocity_mse,18000.0,0.0
train/velocity_mse,18050.0,0.0
train/velocity_mse,18100.0,0.0
train/velocity_mse,18150.0,0.0
train/velocity_mse,18200.0,0.0
train/velocity_mse,18250.0,0.0
train/velocity_mse,18300.0,0.0
train/velocity_mse,18350.0,0.0
train/velocity_mse,18400.0,0.0
train/velocity_mse,18450.0,0.0
train/velocity_mse,18500.0,0.0
train/velocity_mse,18550.0,0.0
train/velocity_mse,18600.0,0.0
train/velocity_mse,18650.0,0.0
train/velocity_mse,18700.0,0.0
train/velocity_mse,18750.0,0.0
train/velocity_mse,18800.0,0.0
train/velocity_mse,18850.0,0.0
train/velocity_mse,18900.0,0.0
train/velocity_mse,18950.0,0.0
train/velocity_mse,19000.0,0.0
train/velocity_mse,19050.0,0.0
train/velocity_mse,19100.0,0.0
train/velocity_mse,19150.0,0.0
train/velocity_mse,19200.0,0.0
train/velocity_mse,19250.0,0.0
train/velocity_mse,19300.0,0.0
train/velocity_mse,19350.0,0.0
train/velocity_mse,19400.0,0.0
train/velocity_mse,19450.0,0.0
train/velocity_mse,19500.0,0.0
train/velocity_mse,19550.0,0.0
train/velocity_mse,19600.0,0.0
train/velocity_mse,19650.0,0.0
train/velocity_mse,19700.0,0.0
train/velocity_mse,19750.0,0.0
train/velocity_mse,19800.0,0.0
train/velocity_mse,19850.0,0.0
train/velocity_mse,19900.0,0.0
train/velocity_mse,19950.0,0.0
train/velocity_mse,20000.0,0.0
train/velocity_mse,20050.0,0.0
train/velocity_mse,20100.0,0.0
train/velocity_mse,20150.0,0.0
train/velocity_mse,20200.0,0.0
train/velocity_mse,20250.0,0.0
train/velocity_mse,20300.0,0.0
train/velocity_mse,20350.0,0.0
train/velocity_mse,20400.0,0.0
train/velocity_mse,20450.0,0.0
train/velocity_mse,20500.0,0.0
train/velocity_mse,20550.0,0.0
train/velocity_mse,20600.0,0.0
train/velocity_mse,20650.0,0.0
train/velocity_mse,20700.0,0.0
train/velocity_mse,20750.0,0.0
train/velocity_mse,20800.0,0.0
train/velocity_mse,20850.0,0.0
train/velocity_mse,20900.0,0.0
train/velocity_mse,20950.0,0.0
train/velocity_mse,21000.0,0.0
train/velocity_mse,21050.0,0.0
train/velocity_mse,21100.0,0.0
train/velocity_mse,21150.0,0.0
train/velocity_mse,21200.0,0.0
train/velocity_mse,21250.0,0.0
train/velocity_mse,21300.0,0.0
train/velocity_mse,21350.0,0.0
train/velocity_mse,21400.0,0.0
train/velocity_mse,21450.0,0.0
train/velocity_mse,21500.0,0.0
train/velocity_mse,21550.0,0.0
train/velocity_mse,21600.0,0.0
train/velocity_mse,21650.0,0.0
train/velocity_mse,21700.0,0.0
train/velocity_mse,21750.0,0.0
train/velocity_mse,21800.0,0.0
train/velocity_mse,21850.0,0.0
train/velocity_mse,21900.0,0.0
train/velocity_mse,21950.0,0.0
train/velocity_mse,22000.0,0.0
train/velocity_mse,22050.0,0.0
train/velocity_mse,22100.0,0.0
train/velocity_mse,22150.0,0.0
train/velocity_mse,22200.0,0.0
train/velocity_mse,22250.0,0.0
train/velocity_mse,22300.0,0.0
train/velocity_mse,22350.0,0.0
train/velocity_mse,22400.0,0.0
train/velocity_mse,22450.0,0.0
train/velocity_mse,22500.0,0.0
train/velocity_mse,22550.0,0.0
train/velocity_mse,22600.0,0.0
train/velocity_mse,22650.0,0.0
train/velocity_mse,22700.0,0.0
train/velocity_mse,22750.0,0.0
train/velocity_mse,22800.0,0.0
train/velocity_mse,22850.0,0.0
train/velocity_mse,22900.0,0.0
train/velocity_mse,22950.0,0.0
train/velocity_mse,23000.0,0.0
train/velocity_mse,23050.0,0.0
train/velocity_mse,23100.0,0.0
train/velocity_mse,23150.0,0.0
train/velocity_mse,23200.0,0.0
train/velocity_mse,23250.0,0.0
train/velocity_mse,23300.0,0.0
train/velocity_mse,23350.0,0.0
train/velocity_mse,23400.0,0.0
train/velocity_mse,23450.0,0.0
train/velocity_mse,23500.0,0.0
train/velocity_mse,23550.0,0.0
train/velocity_mse,23600.0,0.0
train/velocity_mse,23650.0,0.0
train/velocity_mse,23700.0,0.0
train/velocity_mse,23750.0,0.0
train/velocity_mse,23800.0,0.0
train/velocity_mse,23850.0,0.0
train/velocity_mse,23900.0,0.0
train/velocity_mse,23950.0,0.0
train/velocity_mse,24000.0,0.0
train/velocity_mse,24050.0,0.0
train/velocity_mse,24100.0,0.0
train/velocity_mse,24150.0,0.0
train/velocity_mse,24200.0,0.0
train/velocity_mse,24250.0,0.0
train/velocity_mse,24300.0,0.0
train/velocity_mse,24350.0,0.0
train/velocity_mse,24400.0,0.0
train/velocity_mse,24450.0,0.0
train/velocity_mse,24500.0,0.0
train/velocity_mse,24550.0,0.0
train/velocity_mse,24600.0,0.0
train/velocity_mse,24650.0,0.0
train/velocity_mse,24700.0,0.0
train/velocity_mse,24750.0,0.0
train/velocity_mse,24800.0,0.0
train/velocity_mse,24850.0,0.0
train/velocity_mse,24900.0,0.0
train/velocity_mse,24950.0,0.0
train/velocity_mse,25000.0,0.0
train/velocity_mse,25050.0,0.0
train/velocity_mse,25100.0,0.0
train/velocity_mse,25150.0,0.0
train/velocity_mse,25200.0,0.0
train/velocity_mse,25250.0,0.0
train/velocity_mse,25300.0,0.0
train/velocity_mse,25350.0,0.0
train/velocity_mse,25400.0,0.0
train/velocity_mse,25450.0,0.0
train/velocity_mse,25500.0,0.0
train/velocity_mse,25550.0,0.0
train/velocity_mse,25600.0,0.0
train/velocity_mse,25650.0,0.0
train/velocity_mse,25700.0,0.0
train/velocity_mse,25750.0,0.0
train/velocity_mse,25800.0,0.0
train/velocity_mse,25850.0,0.0
train/velocity_mse,25900.0,0.0
train/velocity_mse,25950.0,0.0
train/velocity_mse,26000.0,0.0
train/velocity_mse,26050.0,0.0
train/velocity_mse,26100.0,0.0
train/velocity_mse,26150.0,0.0
train/velocity_mse,26200.0,0.0
train/velocity_mse,26250.0,0.0
train/velocity_mse,26300.0,0.0
train/velocity_mse,26350.0,0.0
train/velocity_mse,26400.0,0.0
train/velocity_mse,26450.0,0.0
train/velocity_mse,26500.0,0.0
train/velocity_mse,26550.0,0.0
train/velocity_mse,26600.0,0.0
train/velocity_mse,26650.0,0.0
train/velocity_mse,26700.0,0.0
train/velocity_mse,26750.0,0.0
train/velocity_mse,26800.0,0.0
train/velocity_mse,26850.0,0.0
train/velocity_mse,26900.0,0.0
train/velocity_mse,26950.0,0.0
train/velocity_mse,27000.0,0.0
train/velocity_mse,27050.0,0.0
train/velocity_mse,27100.0,0.0
train/velocity_mse,27150.0,0.0
train/velocity_mse,27200.0,0.0
train/velocity_mse,27250.0,0.0
train/velocity_mse,27300.0,0.0
train/velocity_mse,27350.0,0.0
train/velocity_mse,27400.0,0.0
train/velocity_mse,27450.0,0.0
train/velocity_mse,27500.0,0.0
train/velocity_mse,27550.0,0.0
train/velocity_mse,27600.0,0.0
train/velocity_mse,27650.0,0.0
train/velocity_mse,27700.0,0.0
train/velocity_mse,27750.0,0.0
train/velocity_mse,27800.0,0.0
train/velocity_mse,27850.0,0.0
train/velocity_mse,27900.0,0.0
train/velocity_mse,27950.0,0.0
train/velocity_mse,28000.0,0.0
train/velocity_mse,28050.0,0.0
train/velocity_mse,28100.0,0.0
train/velocity_mse,28150.0,0.0
train/velocity_mse,28200.0,0.0
train/velocity_mse,28250.0,0.0
train/velocity_mse,28300.0,0.0
train/velocity_mse,28350.0,0.0
train/velocity_mse,28400.0,0.0
train/velocity_mse,28450.0,0.0
train/velocity_mse,28500.0,0.0
train/velocity_mse,28550.0,0.0
train/velocity_mse,28600.0,0.0
train/velocity_mse,28650.0,0.0
train/velocity_mse,28700.0,0.0
train/velocity_mse,28750.0,0.0
train/velocity_mse,28800.0,0.0
train/velocity_mse,28850.0,0.0
train/velocity_mse,28900.0,0.0
train/velocity_mse,28950.0,0.0
train/velocity_mse,29000.0,0.0
train/velocity_mse,29050.0,0.0
train/velocity_mse,29100.0,0.0
train/velocity_mse,29150.0,0.0
train/velocity_mse,29200.0,0.0
train/velocity_mse,29250.0,0.0
train/velocity_mse,29300.0,0.0
train/velocity_mse,29350.0,0.0
train/velocity_mse,29400.0,0.0
train/velocity_mse,29450.0,0.0
train/velocity_mse,29500.0,0.0
train/velocity_mse,29550.0,0.0
train/velocity_mse,29600.0,0.0
train/velocity_mse,29650.0,0.0
train/velocity_mse,29700.0,0.0
train/velocity_mse,29750.0,0.0
train/velocity_mse,29800.0,0.0
train/velocity_mse,29850.0,0.0
train/velocity_mse,29900.0,0.0
train/velocity_mse,29950.0,0.0
train/velocity_mse,30000.0,0.0
train/velocity_mse,30050.0,0.0
train/velocity_mse,30100.0,0.0
train/velocity_mse,30150.0,0.0
train/velocity_mse,30200.0,0.0
train/velocity_mse,30250.0,0.0
train/velocity_mse,30300.0,0.0
train/velocity_mse,30350.0,0.0
train/velocity_mse,30400.0,0.0
train/velocity_mse,30450.0,0.0
train/velocity_mse,30500.0,0.0
train/velocity_mse,30550.0,0.0
train/velocity_mse,30600.0,0.0
train/velocity_mse,30650.0,0.0
train/velocity_mse,30700.0,0.0
train/velocity_mse,30750.0,0.0
train/velocity_mse,30800.0,0.0
train/velocity_mse,30850.0,0.0
train/velocity_mse,30900.0,0.0
train/velocity_mse,30950.0,0.0
train/velocity_mse,31000.0,0.0
train/velocity_mse,31050.0,0.0
train/velocity_mse,31100.0,0.0
train/velocity_mse,31150.0,0.0
train/velocity_mse,31200.0,0.0
train/velocity_mse,31250.0,0.0
train/velocity_mse,31300.0,0.0
train/velocity_mse,31350.0,0.0
train/velocity_mse,31400.0,0.0
train/velocity_mse,31450.0,0.0
train/velocity_mse,31500.0,0.0
train/velocity_mse,31550.0,0.0
train/velocity_mse,31600.0,0.0
train/velocity_mse,31650.0,0.0
train/velocity_mse,31700.0,0.0
train/velocity_mse,31750.0,0.0
train/velocity_mse,31800.0,0.0
train/velocity_mse,31850.0,0.0
train/velocity_mse,31900.0,0.0
train/velocity_mse,31950.0,0.0
train/velocity_mse,32000.0,0.0
train/velocity_mse,32050.0,0.0
train/velocity_mse,32100.0,0.0
train/velocity_mse,32150.0,0.0
train/velocity_mse,32200.0,0.0
train/velocity_mse,32250.0,0.0
train/velocity_mse,32300.0,0.0
train/velocity_mse,32350.0,0.0
train/velocity_mse,32400.0,0.0
train/velocity_mse,32450.0,0.0
train/velocity_mse,32500.0,0.0
train/velocity_mse,32550.0,0.0
train/velocity_mse,32600.0,0.0
train/velocity_mse,32650.0,0.0
train/velocity_mse,32700.0,0.0
train/velocity_mse,32750.0,0.0
train/velocity_mse,32800.0,0.0
train/velocity_mse,32850.0,0.0
train/velocity_mse,32900.0,0.0
train/velocity_mse,32950.0,0.0
train/velocity_mse,33000.0,0.0
train/velocity_mse,33050.0,0.0
train/velocity_mse,33100.0,0.0
train/velocity_mse,33150.0,0.0
train/velocity_mse,33200.0,0.0
train/velocity_mse,33250.0,0.0
train/velocity_mse,33300.0,0.0
train/velocity_mse,33350.0,0.0
train/velocity_mse,33400.0,0.0
train/velocity_mse,33450.0,0.0
train/velocity_mse,33500.0,0.0
train/velocity_mse,33550.0,0.0
train/velocity_mse,33600.0,0.0
train/velocity_mse,33650.0,0.0
train/velocity_mse,33700.0,0.0
train/velocity_mse,33750.0,0.0
train/velocity_mse,33800.0,0.0
train/velocity_mse,33850.0,0.0
train/velocity_mse,33900.0,0.0
train/velocity_mse,33950.0,0.0
train/velocity_mse,34000.0,0.0
train/velocity_mse,34050.0,0.0
train/velocity_mse,34100.0,0.0
train/velocity_mse,34150.0,0.0
train/velocity_mse,34200.0,0.0
train/velocity_mse,34250.0,0.0
train/velocity_mse,34300.0,0.0
train/velocity_mse,34350.0,0.0
train/velocity_mse,34400.0,0.0
train/velocity_mse,34450.0,0.0
train/velocity_mse,34500.0,0.0
train/velocity_mse,34550.0,0.0
train/velocity_mse,34600.0,0.0
train/velocity_mse,34650.0,0.0
train/velocity_mse,34700.0,0.0
train/velocity_mse,34750.0,0.0
train/velocity_mse,34800.0,0.0
train/velocity_mse,34850.0,0.0
train/velocity_mse,34900.0,0.0
train/velocity_mse,34950.0,0.0
train/velocity_mse,35000.0,0.0
train/velocity_mse,35050.0,0.0
train/velocity_mse,35100.0,0.0
train/velocity_mse,35150.0,0.0
train/velocity_mse,35200.0,0.0
train/velocity_mse,35250.0,0.0
train/velocity_mse,35300.0,0.0
train/velocity_mse,35350.0,0.0
train/velocity_mse,35400.0,0.0
train/velocity_mse,35450.0,0.0
train/velocity_mse,35500.0,0.0
train/velocity_mse,35550.0,0.0
train/velocity_mse,35600.0,0.0
train/velocity_mse,35650.0,0.0
train/velocity_mse,35700.0,0.0
train/velocity_mse,35750.0,0.0
train/velocity_mse,35800.0,0.0
train/velocity_mse,35850.0,0.0
train/velocity_mse,35900.0,0.0
train/velocity_mse,35950.0,0.0
train/velocity_mse,36000.0,0.0
train/velocity_mse,36050.0,0.0
train/velocity_mse,36100.0,0.0
train/velocity_mse,36150.0,0.0
train/velocity_mse,36200.0,0.0
train/velocity_mse,36250.0,0.0
train/velocity_mse,36300.0,0.0
train/velocity_mse,36350.0,0.0
train/velocity_mse,36400.0,0.0
train/velocity_mse,36450.0,0.0
train/velocity_mse,36500.0,0.0
train/velocity_mse,36550.0,0.0
train/velocity_mse,36600.0,0.0
train/velocity_mse,36650.0,0.0
train/velocity_mse,36700.0,0.0
train/velocity_mse,36750.0,0.0
train/velocity_mse,36800.0,0.0
train/velocity_mse,36850.0,0.0
train/velocity_mse,36900.0,0.0
train/velocity_mse,36950.0,0.0
train/velocity_mse,37000.0,0.0
train/velocity_mse,37050.0,0.0
train/velocity_mse,37100.0,0.0
train/velocity_mse,37150.0,0.0
train/velocity_mse,37200.0,0.0
train/velocity_mse,37250.0,0.0
train/velocity_mse,37300.0,0.0
train/velocity_mse,37350.0,0.0
train/velocity_mse,37400.0,0.0
train/velocity_mse,37450.0,0.0
train/velocity_mse,37500.0,0.0
train/velocity_mse,37550.0,0.0
train/velocity_mse,37600.0,0.0
train/velocity_mse,37650.0,0.0
train/velocity_mse,37700.0,0.0
train/velocity_mse,37750.0,0.0
train/velocity_mse,37800.0,0.0
train/velocity_mse,37850.0,0.0
train/velocity_mse,37900.0,0.0
train/velocity_mse,37950.0,0.0
train/velocity_mse,38000.0,0.0
train/velocity_mse,38050.0,0.0
train/velocity_mse,38100.0,0.0
train/velocity_mse,38150.0,0.0
train/velocity_mse,38200.0,0.0
train/velocity_mse,38250.0,0.0
train/velocity_mse,38300.0,0.0
train/velocity_mse,38350.0,0.0
train/velocity_mse,38400.0,0.0
train/velocity_mse,38450.0,0.0
train/velocity_mse,38500.0,0.0
train/velocity_mse,38550.0,0.0
train/velocity_mse,38600.0,0.0
train/velocity_mse,38650.0,0.0
train/velocity_mse,38700.0,0.0
train/velocity_mse,38750.0,0.0
train/velocity_mse,38800.0,0.0
train/velocity_mse,38850.0,0.0
train/velocity_mse,38900.0,0.0
train/velocity_mse,38950.0,0.0
train/velocity_mse,39000.0,0.0
train/velocity_mse,39050.0,0.0
train/velocity_mse,39100.0,0.0
train/velocity_mse,39150.0,0.0
train/velocity_mse,39200.0,0.0
train/velocity_mse,39250.0,0.0
train/velocity_mse,39300.0,0.0
train/velocity_mse,39350.0,0.0
train/velocity_mse,39400.0,0.0
train/velocity_mse,39450.0,0.0
train/velocity_mse,39500.0,0.0
train/velocity_mse,39550.0,0.0
train/velocity_mse,39600.0,0.0
train/velocity_mse,39650.0,0.0
train/velocity_mse,39700.0,0.0
train/velocity_mse,39750.0,0.0
train/velocity_mse,39800.0,0.0
train/velocity_mse,39850.0,0.0
train/velocity_mse,39900.0,0.0
train/velocity_mse,39950.0,0.0
train/velocity_mse,40000.0,0.0
train/velocity_mse,40050.0,0.0
train/velocity_mse,40100.0,0.0
train/velocity_mse,40150.0,0.0
train/velocity_mse,40200.0,0.0
train/velocity_mse,40250.0,0.0
train/velocity_mse,40300.0,0.0
train/velocity_mse,40350.0,0.0
train/velocity_mse,40400.0,0.0
train/velocity_mse,40450.0,0.0
train/velocity_mse,40500.0,0.0
train/velocity_mse,40550.0,0.0
train/velocity_mse,40600.0,0.0
train/velocity_mse,40650.0,0.0
train/velocity_mse,40700.0,0.0
train/velocity_mse,40750.0,0.0
train/velocity_mse,40800.0,0.0
train/velocity_mse,40850.0,0.0
train/velocity_mse,40900.0,0.0
train/velocity_mse,40950.0,0.0
train/velocity_mse,41000.0,0.0
train/velocity_mse,41050.0,0.0
train/velocity_mse,41100.0,0.0
train/velocity_mse,41150.0,0.0
train/velocity_mse,41200.0,0.0
train/velocity_mse,41250.0,0.0
train/velocity_mse,41300.0,0.0
train/velocity_mse,41350.0,0.0
train/velocity_mse,41400.0,0.0
train/velocity_mse,41450.0,0.0
train/velocity_mse,41500.0,0.0
train/velocity_mse,41550.0,0.0
train/velocity_mse,41600.0,0.0
train/velocity_mse,41650.0,0.0
train/velocity_mse,41700.0,0.0
train/velocity_mse,41750.0,0.0
train/velocity_mse,41800.0,0.0
train/velocity_mse,41850.0,0.0
train/velocity_mse,41900.0,0.0
train/velocity_mse,41950.0,0.0
train/velocity_mse,42000.0,0.0
train/velocity_mse,42050.0,0.0
train/velocity_mse,42100.0,0.0
train/velocity_mse,42150.0,0.0
train/velocity_mse,42200.0,0.0
train/velocity_mse,42250.0,0.0
train/velocity_mse,42300.0,0.0
train/velocity_mse,42350.0,0.0
train/velocity_mse,42400.0,0.0
train/velocity_mse,42450.0,0.0
train/velocity_mse,42500.0,0.0
train/velocity_mse,42550.0,0.0
train/velocity_mse,42600.0,0.0
train/velocity_mse,42650.0,0.0
train/velocity_mse,42700.0,0.0
train/velocity_mse,42750.0,0.0
train/velocity_mse,42800.0,0.0
train/velocity_mse,42850.0,0.0
train/velocity_mse,42900.0,0.0
train/velocity_mse,42950.0,0.0
train/velocity_mse,43000.0,0.0
train/velocity_mse,43050.0,0.0
train/velocity_mse,43100.0,0.0
train/velocity_mse,43150.0,0.0
train/velocity_mse,43200.0,0.0
train/velocity_mse,43250.0,0.0
train/velocity_mse,43300.0,0.0
train/velocity_mse,43350.0,0.0
train/velocity_mse,43400.0,0.0
train/velocity_mse,43450.0,0.0
train/velocity_mse,43500.0,0.0
train/velocity_mse,43550.0,0.0
train/velocity_mse,43600.0,0.0
train/velocity_mse,43650.0,0.0
train/velocity_mse,43700.0,0.0
train/velocity_mse,43750.0,0.0
train/velocity_mse,43800.0,0.0
train/velocity_mse,43850.0,0.0
train/velocity_mse,43900.0,0.0
train/velocity_mse,43950.0,0.0
train/velocity_mse,44000.0,0.0
train/velocity_mse,44050.0,0.0
train/velocity_mse,44100.0,0.0
train/velocity_mse,44150.0,0.0
train/velocity_mse,44200.0,0.0
train/velocity_mse,44250.0,0.0
train/velocity_mse,44300.0,0.0
train/velocity_mse,44350.0,0.0
train/velocity_mse,44400.0,0.0
train/velocity_mse,44450.0,0.0
train/velocity_mse,44500.0,0.0
train/velocity_mse,44550.0,0.0
train/velocity_mse,44600.0,0.0
train/velocity_mse,44650.0,0.0
train/velocity_mse,44700.0,0.0
train/velocity_mse,44750.0,0.0
train/velocity_mse,44800.0,0.0
train/velocity_mse,44850.0,0.0
train/velocity_mse,44900.0,0.0
train/velocity_mse,44950.0,0.0
train/velocity_mse,45000.0,0.0
train/velocity_mse,45050.0,0.0
train/velocity_mse,45100.0,0.0
train/velocity_mse,45150.0,0.0
train/velocity_mse,45200.0,0.0
train/velocity_mse,45250.0,0.0
train/velocity_mse,45300.0,0.0
train/velocity_mse,45350.0,0.0
train/velocity_mse,45400.0,0.0
train/velocity_mse,45450.0,0.0
train/velocity_mse,45500.0,0.0
train/velocity_mse,45550.0,0.0
train/velocity_mse,45600.0,0.0
train/velocity_mse,45650.0,0.0
train/velocity_mse,45700.0,0.0
train/velocity_mse,45750.0,0.0
train/velocity_mse,45800.0,0.0
train/velocity_mse,45850.0,0.0
train/velocity_mse,45900.0,0.0
train/velocity_mse,45950.0,0.0
train/velocity_mse,46000.0,0.0
train/velocity_mse,46050.0,0.0
train/velocity_mse,46100.0,0.0
train/velocity_mse,46150.0,0.0
train/velocity_mse,46200.0,0.0
train/velocity_mse,46250.0,0.0
train/velocity_mse,46300.0,0.0
train/velocity_mse,46350.0,0.0
train/velocity_mse,46400.0,0.0
train/velocity_mse,46450.0,0.0
train/velocity_mse,46500.0,0.0
train/velocity_mse,46550.0,0.0
train/velocity_mse,46600.0,0.0
train/velocity_mse,46650.0,0.0
train/velocity_mse,46700.0,0.0
train/velocity_mse,46750.0,0.0
train/velocity_mse,46800.0,0.0
train/velocity_mse,46850.0,0.0
train/velocity_mse,46900.0,0.0
train/velocity_mse,46950.0,0.0
train/velocity_mse,47000.0,0.0
train/velocity_mse,47050.0,0.0
train/velocity_mse,47100.0,0.0
train/velocity_mse,47150.0,0.0
train/velocity_mse,47200.0,0.0
train/velocity_mse,47250.0,0.0
train/velocity_mse,47300.0,0.0
train/velocity_mse,47350.0,0.0
train/velocity_mse,47400.0,0.0
train/velocity_mse,47450.0,0.0
train/velocity_mse,47500.0,0.0
train/velocity_mse,47550.0,0.0
train/velocity_mse,47600.0,0.0
train/velocity_mse,47650.0,0.0
train/velocity_mse,47700.0,0.0
train/velocity_mse,47750.0,0.0
train/velocity_mse,47800.0,0.0
train/velocity_mse,47850.0,0.0
train/velocity_mse,47900.0,0.0
train/velocity_mse,47950.0,0.0
train/velocity_mse,48000.0,0.0
train/velocity_mse,48050.0,0.0
train/velocity_mse,48100.0,0.0
train/velocity_mse,48150.0,0.0
train/velocity_mse,48200.0,0.0
train/velocity_mse,48250.0,0.0
train/velocity_mse,48300.0,0.0
train/velocity_mse,48350.0,0.0
train/velocity_mse,48400.0,0.0
train/velocity_mse,48450.0,0.0
train/velocity_mse,48500.0,0.0
train/velocity_mse,48550.0,0.0
train/velocity_mse,48600.0,0.0
train/velocity_mse,48650.0,0.0
train/velocity_mse,48700.0,0.0
train/velocity_mse,48750.0,0.0
train/velocity_mse,48800.0,0.0
train/velocity_mse,48850.0,0.0
train/velocity_mse,48900.0,0.0
train/velocity_mse,48950.0,0.0
train/velocity_mse,49000.0,0.0
train/velocity_mse,49050.0,0.0
train/velocity_mse,49100.0,0.0
train/velocity_mse,49150.0,0.0
train/velocity_mse,49200.0,0.0
train/velocity_mse,49250.0,0.0
train/velocity_mse,49300.0,0.0
train/velocity_mse,49350.0,0.0
train/velocity_mse,49400.0,0.0
train/velocity_mse,49450.0,0.0
train/velocity_mse,49500.0,0.0
train/velocity_mse,49550.0,0.0
train/velocity_mse,49600.0,0.0
train/velocity_mse,49650.0,0.0
train/velocity_mse,49700.0,0.0
train/velocity_mse,49750.0,0.0
train/velocity_mse,49800.0,0.0
train/velocity_mse,49850.0,0.0
train/velocity_mse,49900.0,0.0
train/velocity_mse,49950.0,0.0
train/velocity_mse,50000.0,0.0
train/velocity_mse,50050.0,0.0
train/velocity_mse,50100.0,0.0
train/velocity_mse,50150.0,0.0
train/velocity_mse,50200.0,0.0
train/velocity_mse,50250.0,0.0
train/velocity_mse,50300.0,0.0
train/velocity_mse,50350.0,0.0
train/velocity_mse,50400.0,0.0
train/velocity_mse,50450.0,0.0
train/velocity_mse,50500.0,0.0
train/velocity_mse,50550.0,0.0
train/velocity_mse,50600.0,0.0
train/velocity_mse,50650.0,0.0
train/velocity_mse,50700.0,0.0
train/velocity_mse,50750.0,0.0
train/velocity_mse,50800.0,0.0
train/velocity_mse,50850.0,0.0
train/velocity_mse,50900.0,0.0
train/velocity_mse,50950.0,0.0
train/velocity_mse,51000.0,0.0
train/velocity_mse,51050.0,0.0
train/velocity_mse,51100.0,0.0
train/velocity_mse,51150.0,0.0
train/velocity_mse,51200.0,0.0
train/velocity_mse,51250.0,0.0
train/velocity_mse,51300.0,0.0
train/velocity_mse,51350.0,0.0
train/velocity_mse,51400.0,0.0
train/velocity_mse,51450.0,0.0
train/velocity_mse,51500.0,0.0
train/velocity_mse,51550.0,0.0
train/velocity_mse,51600.0,0.0
train/velocity_mse,51650.0,0.0
train/velocity_mse,51700.0,0.0
train/velocity_mse,51750.0,0.0
train/velocity_mse,51800.0,0.0
train/velocity_mse,51850.0,0.0
train/velocity_mse,51900.0,0.0
train/velocity_mse,51950.0,0.0
train/velocity_mse,52000.0,0.0
train/velocity_mse,52050.0,0.0
train/velocity_mse,52100.0,0.0
train/velocity_mse,52150.0,0.0
train/velocity_mse,52200.0,0.0
train/velocity_mse,52250.0,0.0
train/velocity_mse,52300.0,0.0
train/velocity_mse,52350.0,0.0
train/velocity_mse,52400.0,0.0
train/velocity_mse,52450.0,0.0
train/velocity_mse,52500.0,0.0
train/velocity_mse,52550.0,0.0
train/velocity_mse,52600.0,0.0
train/velocity_mse,52650.0,0.0
train/velocity_mse,52700.0,0.0
train/velocity_mse,52750.0,0.0
train/velocity_mse,52800.0,0.0
train/velocity_mse,52850.0,0.0
train/velocity_mse,52900.0,0.0
train/velocity_mse,52950.0,0.0
train/velocity_mse,53000.0,0.0
train/velocity_mse,53050.0,0.0
train/velocity_mse,53100.0,0.0
train/velocity_mse,53150.0,0.0
train/velocity_mse,53200.0,0.0
train/velocity_mse,53250.0,0.0
train/velocity_mse,53300.0,0.0
train/velocity_mse,53350.0,0.0
train/velocity_mse,53400.0,0.0
train/velocity_mse,53450.0,0.0
train/velocity_mse,53500.0,0.0
train/velocity_mse,53550.0,0.0
train/velocity_mse,53600.0,0.0
train/velocity_mse,53650.0,0.0
train/velocity_mse,53700.0,0.0
train/velocity_mse,53750.0,0.0
train/velocity_mse,53800.0,0.0
train/velocity_mse,53850.0,0.0
train/velocity_mse,53900.0,0.0
train/velocity_mse,53950.0,0.0
train/velocity_mse,54000.0,0.0
train/velocity_mse,54050.0,0.0
train/velocity_mse,54100.0,0.0
train/velocity_mse,54150.0,0.0
train/velocity_mse,54200.0,0.0
train/velocity_mse,54250.0,0.0
train/velocity_mse,54300.0,0.0
train/velocity_mse,54350.0,0.0
train/velocity_mse,54400.0,0.0
train/velocity_mse,54450.0,0.0
train/velocity_mse,54500.0,0.0
train/velocity_mse,54550.0,0.0
train/velocity_mse,54600.0,0.0
train/velocity_mse,54650.0,0.0
train/velocity_mse,54700.0,0.0
train/velocity_mse,54750.0,0.0
train/velocity_mse,54800.0,0.0
train/velocity_mse,54850.0,0.0
train/velocity_mse,54900.0,0.0
train/velocity_mse,54950.0,0.0
train/velocity_mse,55000.0,0.0
train/velocity_mse,55050.0,0.0
train/velocity_mse,55100.0,0.0
train/velocity_mse,55150.0,0.0
train/velocity_mse,55200.0,0.0
train/velocity_mse,55250.0,0.0
train/velocity_mse,55300.0,0.0
train/velocity_mse,55350.0,0.0
train/velocity_mse,55400.0,0.0
train/velocity_mse,55450.0,0.0
train/velocity_mse,55500.0,0.0
train/velocity_mse,55550.0,0.0
train/velocity_mse,55600.0,0.0
train/velocity_mse,55650.0,0.0
train/velocity_mse,55700.0,0.0
train/velocity_mse,55750.0,0.0
train/velocity_mse,55800.0,0.0
train/velocity_mse,55850.0,0.0
train/velocity_mse,55900.0,0.0
train/velocity_mse,55950.0,0.0
train/velocity_mse,56000.0,0.0
train/velocity_mse,56050.0,0.0
train/velocity_mse,56100.0,0.0
train/velocity_mse,56150.0,0.0
train/velocity_mse,56200.0,0.0
train/velocity_mse,56250.0,0.0
train/velocity_mse,56300.0,0.0
train/velocity_mse,56350.0,0.0
train/velocity_mse,56400.0,0.0
train/velocity_mse,56450.0,0.0
train/velocity_mse,56500.0,0.0
train/velocity_mse,56550.0,0.0
train/velocity_mse,56600.0,0.0
train/velocity_mse,56650.0,0.0
train/velocity_mse,56700.0,0.0
train/velocity_mse,56750.0,0.0
train/velocity_mse,56800.0,0.0
train/velocity_mse,56850.0,0.0
train/velocity_mse,56900.0,0.0
train/velocity_mse,56950.0,0.0
train/velocity_mse,57000.0,0.0
train/velocity_mse,57050.0,0.0
train/velocity_mse,57100.0,0.0
train/velocity_mse,57150.0,0.0
train/velocity_mse,57200.0,0.0
train/velocity_mse,57250.0,0.0
train/velocity_mse,57300.0,0.0
train/velocity_mse,57350.0,0.0
train/velocity_mse,57400.0,0.0
train/velocity_mse,57450.0,0.0
train/velocity_mse,57500.0,0.0
train/velocity_mse,57550.0,0.0
train/velocity_mse,57600.0,0.0
train/velocity_mse,57650.0,0.0
train/velocity_mse,57700.0,0.0
train/velocity_mse,57750.0,0.0
train/velocity_mse,57800.0,0.0
train/velocity_mse,57850.0,0.0
train/velocity_mse,57900.0,0.0
train/velocity_mse,57950.0,0.0
train/velocity_mse,58000.0,0.0
train/velocity_mse,58050.0,0.0
train/velocity_mse,58100.0,0.0
train/velocity_mse,58150.0,0.0
train/velocity_mse,58200.0,0.0
train/velocity_mse,58250.0,0.0
train/velocity_mse,58300.0,0.0
train/velocity_mse,58350.0,0.0
train/velocity_mse,58400.0,0.0
train/velocity_mse,58450.0,0.0
train/velocity_mse,58500.0,0.0
train/velocity_mse,58550.0,0.0
train/velocity_mse,58600.0,0.0
train/velocity_mse,58650.0,0.0
train/velocity_mse,58700.0,0.0
train/velocity_mse,58750.0,0.0
train/velocity_mse,58800.0,0.0
train/velocity_mse,58850.0,0.0
train/velocity_mse,58900.0,0.0
train/velocity_mse,58950.0,0.0
train/velocity_mse,59000.0,0.0
train/velocity_mse,59050.0,0.0
train/velocity_mse,59100.0,0.0
train/velocity_mse,59150.0,0.0
train/velocity_mse,59200.0,0.0
train/velocity_mse,59250.0,0.0
train/velocity_mse,59300.0,0.0
train/velocity_mse,59350.0,0.0
train/velocity_mse,59400.0,0.0
train/velocity_mse,59450.0,0.0
train/velocity_mse,59500.0,0.0
train/velocity_mse,59550.0,0.0
train/velocity_mse,59600.0,0.0
train/velocity_mse,59650.0,0.0
train/velocity_mse,59700.0,0.0
train/velocity_mse,59750.0,0.0
train/velocity_mse,59800.0,0.0
train/velocity_mse,59850.0,0.0
train/velocity_mse,59900.0,0.0
train/velocity_mse,59950.0,0.0
train/velocity_mse,60000.0,0.0
train/velocity_mse,60050.0,0.0
train/velocity_mse,60100.0,0.0
train/velocity_mse,60150.0,0.0
train/velocity_mse,60200.0,0.0
train/velocity_mse,60250.0,0.0
train/velocity_mse,60300.0,0.0
train/velocity_mse,60350.0,0.0
train/velocity_mse,60400.0,0.0
train/velocity_mse,60450.0,0.0
train/velocity_mse,60500.0,0.0
train/velocity_mse,60550.0,0.0
train/velocity_mse,60600.0,0.0
train/velocity_mse,60650.0,0.0
train/velocity_mse,60700.0,0.0
train/velocity_mse,60750.0,0.0
train/velocity_mse,60800.0,0.0
train/velocity_mse,60850.0,0.0
train/velocity_mse,60900.0,0.0
train/velocity_mse,60950.0,0.0
train/velocity_mse,61000.0,0.0
train/velocity_mse,61050.0,0.0
train/velocity_mse,61100.0,0.0
train/velocity_mse,61150.0,0.0
train/velocity_mse,61200.0,0.0
train/velocity_mse,61250.0,0.0
train/velocity_mse,61300.0,0.0
train/velocity_mse,61350.0,0.0
train/velocity_mse,61400.0,0.0
train/velocity_mse,61450.0,0.0
train/velocity_mse,61500.0,0.0
train/velocity_mse,61550.0,0.0
train/velocity_mse,61600.0,0.0
train/velocity_mse,61650.0,0.0
train/velocity_mse,61700.0,0.0
train/velocity_mse,61750.0,0.0
train/velocity_mse,61800.0,0.0
train/velocity_mse,61850.0,0.0
train/velocity_mse,61900.0,0.0
train/velocity_mse,61950.0,0.0
train/velocity_mse,62000.0,0.0
train/velocity_mse,62050.0,0.0
train/velocity_mse,62100.0,0.0
train/velocity_mse,62150.0,0.0
train/velocity_mse,62200.0,0.0
train/velocity_mse,62250.0,0.0
train/velocity_mse,62300.0,0.0
train/velocity_mse,62350.0,0.0
train/velocity_mse,62400.0,0.0
train/velocity_mse,62450.0,0.0
train/velocity_mse,62500.0,0.0
train/velocity_mse,62550.0,0.0
train/velocity_mse,62600.0,0.0
train/velocity_mse,62650.0,0.0
train/velocity_mse,62700.0,0.0
train/velocity_mse,62750.0,0.0
train/velocity_mse,62800.0,0.0
train/velocity_mse,62850.0,0.0
train/velocity_mse,62900.0,0.0
train/velocity_mse,62950.0,0.0
train/velocity_mse,63000.0,0.0
train/velocity_mse,63050.0,0.0
train/velocity_mse,63100.0,0.0
train/velocity_mse,63150.0,0.0
train/velocity_mse,63200.0,0.0
train/velocity_mse,63250.0,0.0
train/velocity_mse,63300.0,0.0
train/velocity_mse,63350.0,0.0
train/velocity_mse,63400.0,0.0
train/velocity_mse,63450.0,0.0
train/velocity_mse,63500.0,0.0
train/velocity_mse,63550.0,0.0
train/velocity_mse,63600.0,0.0
train/velocity_mse,63650.0,0.0
train/velocity_mse,63700.0,0.0
train/velocity_mse,63750.0,0.0
train/velocity_mse,63800.0,0.0
train/velocity_mse,63850.0,0.0
train/velocity_mse,63900.0,0.0
train/velocity_mse,63950.0,0.0
train/velocity_mse,64000.0,0.0
train/velocity_mse,64050.0,0.0
train/velocity_mse,64100.0,0.0
train/velocity_mse,64150.0,0.0
train/velocity_mse,64200.0,0.0
train/velocity_mse,64250.0,0.0
train/velocity_mse,64300.0,0.0
train/velocity_mse,64350.0,0.0
train/velocity_mse,64400.0,0.0
train/velocity_mse,64450.0,0.0
train/velocity_mse,64500.0,0.0
train/velocity_mse,64550.0,0.0
train/velocity_mse,64600.0,0.0
train/velocity_mse,64650.0,0.0
train/velocity_mse,64700.0,0.0
train/velocity_mse,64750.0,0.0
train/velocity_mse,64800.0,0.0
train/velocity_mse,64850.0,0.0
train/velocity_mse,64900.0,0.0
train/velocity_mse,64950.0,0.0
train/velocity_mse,65000.0,0.0
train/velocity_mse,65050.0,0.0
train/velocity_mse,65100.0,0.0
train/velocity_mse,65150.0,0.0
train/velocity_mse,65200.0,0.0
train/velocity_mse,65250.0,0.0
train/velocity_mse,65300.0,0.0
train/velocity_mse,65350.0,0.0
train/velocity_mse,65400.0,0.0
train/velocity_mse,65450.0,0.0
train/velocity_mse,65500.0,0.0
train/velocity_mse,65550.0,0.0
train/velocity_mse,65600.0,0.0
train/velocity_mse,65650.0,0.0
train/velocity_mse,65700.0,0.0
train/velocity_mse,65750.0,0.0
train/velocity_mse,65800.0,0.0
train/velocity_mse,65850.0,0.0
train/velocity_mse,65900.0,0.0
train/velocity_mse,65950.0,0.0
train/velocity_mse,66000.0,0.0
train/velocity_mse,66050.0,0.0
train/velocity_mse,66100.0,0.0
train/velocity_mse,66150.0,0.0
train/velocity_mse,66200.0,0.0
train/velocity_mse,66250.0,0.0
train/velocity_mse,66300.0,0.0
train/velocity_mse,66350.0,0.0
train/velocity_mse,66400.0,0.0
train/velocity_mse,66450.0,0.0
train/velocity_mse,66500.0,0.0
train/velocity_mse,66550.0,0.0
train/velocity_mse,66600.0,0.0
train/velocity_mse,66650.0,0.0
train/velocity_mse,66700.0,0.0
train/velocity_mse,66750.0,0.0
train/velocity_mse,66800.0,0.0
train/velocity_mse,66850.0,0.0
train/velocity_mse,66900.0,0.0
train/velocity_mse,66950.0,0.0
train/velocity_mse,67000.0,0.0
train/velocity_mse,67050.0,0.0
train/velocity_mse,67100.0,0.0
train/velocity_mse,67150.0,0.0
train/velocity_mse,67200.0,0.0
train/velocity_mse,67250.0,0.0
train/velocity_mse,67300.0,0.0
train/velocity_mse,67350.0,0.0
train/velocity_mse,67400.0,0.0
train/velocity_mse,67450.0,0.0
train/velocity_mse,67500.0,0.0
train/velocity_mse,67550.0,0.0
train/velocity_mse,67600.0,0.0
train/velocity_mse,67650.0,0.0
train/velocity_mse,67700.0,0.0
train/velocity_mse,67750.0,0.0
train/velocity_mse,67800.0,0.0
train/velocity_mse,67850.0,0.0
train/velocity_mse,67900.0,0.0
train/velocity_mse,67950.0,0.0
train/velocity_mse,68000.0,0.0
train/velocity_mse,68050.0,0.0
train/velocity_mse,68100.0,0.0
train/velocity_mse,68150.0,0.0
train/velocity_mse,68200.0,0.0
train/velocity_mse,68250.0,0.0
train/velocity_mse,68300.0,0.0
train/velocity_mse,68350.0,0.0
train/velocity_mse,68400.0,0.0
train/velocity_mse,68450.0,0.0
train/velocity_mse,68500.0,0.0
train/velocity_mse,68550.0,0.0
train/velocity_mse,68600.0,0.0
train/velocity_mse,68650.0,0.0
train/velocity_mse,68700.0,0.0
train/velocity_mse,68750.0,0.0
train/velocity_mse,68800.0,0.0
train/velocity_mse,68850.0,0.0
train/velocity_mse,68900.0,0.0
train/velocity_mse,68950.0,0.0
train/velocity_mse,69000.0,0.0
train/velocity_mse,69050.0,0.0
train/velocity_mse,69100.0,0.0
train/velocity_mse,69150.0,0.0
train/velocity_mse,69200.0,0.0
train/velocity_mse,69250.0,0.0
train/velocity_mse,69300.0,0.0
train/velocity_mse,69350.0,0.0
train/velocity_mse,69400.0,0.0
train/velocity_mse,69450.0,0.0
train/velocity_mse,69500.0,0.0
train/velocity_mse,69550.0,0.0
train/velocity_mse,69600.0,0.0
train/velocity_mse,69650.0,0.0
train/velocity_mse,69700.0,0.0
train/velocity_mse,69750.0,0.0
train/velocity_mse,69800.0,0.0
train/velocity_mse,69850.0,0.0
train/velocity_mse,69900.0,0.0
train/velocity_mse,69950.0,0.0
train/velocity_mse,70000.0,0.0
train/velocity_mse,70050.0,0.0
train/velocity_mse,70100.0,0.0
train/velocity_mse,70150.0,0.0
train/velocity_mse,70200.0,0.0
train/velocity_mse,70250.0,0.0
train/velocity_mse,70300.0,0.0
train/velocity_mse,70350.0,0.0
train/velocity_mse,70400.0,0.0
train/velocity_mse,70450.0,0.0
train/velocity_mse,70500.0,0.0
train/velocity_mse,70550.0,0.0
train/velocity_mse,70600.0,0.0
train/velocity_mse,70650.0,0.0
train/velocity_mse,70700.0,0.0
train/velocity_mse,70750.0,0.0
train/velocity_mse,70800.0,0.0
train/velocity_mse,70850.0,0.0
train/velocity_mse,70900.0,0.0
train/velocity_mse,70950.0,0.0
train/velocity_mse,71000.0,0.0
train/velocity_mse,71050.0,0.0
train/velocity_mse,71100.0,0.0
train/velocity_mse,71150.0,0.0
train/velocity_mse,71200.0,0.0
train/velocity_mse,71250.0,0.0
train/velocity_mse,71300.0,0.0
train/velocity_mse,71350.0,0.0
train/velocity_mse,71400.0,0.0
train/velocity_mse,71450.0,0.0
train/velocity_mse,71500.0,0.0
train/velocity_mse,71550.0,0.0
train/velocity_mse,71600.0,0.0
train/velocity_mse,71650.0,0.0
train/velocity_mse,71700.0,0.0
train/velocity_mse,71750.0,0.0
train/velocity_mse,71800.0,0.0
train/velocity_mse,71850.0,0.0
train/velocity_mse,71900.0,0.0
train/velocity_mse,71950.0,0.0
train/velocity_mse,72000.0,0.0
train/velocity_mse,72050.0,0.0
train/velocity_mse,72100.0,0.0
train/velocity_mse,72150.0,0.0
train/velocity_mse,72200.0,0.0
train/velocity_mse,72250.0,0.0
train/velocity_mse,72300.0,0.0
train/velocity_mse,72350.0,0.0
train/velocity_mse,72400.0,0.0
train/velocity_mse,72450.0,0.0
train/velocity_mse,72500.0,0.0
train/velocity_mse,72550.0,0.0
train/velocity_mse,72600.0,0.0
train/velocity_mse,72650.0,0.0
train/velocity_mse,72700.0,0.0
train/velocity_mse,72750.0,0.0
train/velocity_mse,72800.0,0.0
train/velocity_mse,72850.0,0.0
train/velocity_mse,72900.0,0.0
train/velocity_mse,72950.0,0.0
train/velocity_mse,73000.0,0.0
train/velocity_mse,73050.0,0.0
train/velocity_mse,73100.0,0.0
train/velocity_mse,73150.0,0.0
train/velocity_mse,73200.0,0.0
train/velocity_mse,73250.0,0.0
train/velocity_mse,73300.0,0.0
train/velocity_mse,73350.0,0.0
train/velocity_mse,73400.0,0.0
train/velocity_mse,73450.0,0.0
train/velocity_mse,73500.0,0.0
train/velocity_mse,73550.0,0.0
train/velocity_mse,73600.0,0.0
train/velocity_mse,73650.0,0.0
train/velocity_mse,73700.0,0.0
train/velocity_mse,73750.0,0.0
train/velocity_mse,73800.0,0.0
train/velocity_mse,73850.0,0.0
train/velocity_mse,73900.0,0.0
train/velocity_mse,73950.0,0.0
train/velocity_mse,74000.0,0.0
train/velocity_mse,74050.0,0.0
train/velocity_mse,74100.0,0.0
train/velocity_mse,74150.0,0.0
train/velocity_mse,74200.0,0.0
train/velocity_mse,74250.0,0.0
train/velocity_mse,74300.0,0.0
train/velocity_mse,74350.0,0.0
train/velocity_mse,74400.0,0.0
train/velocity_mse,74450.0,0.0
train/velocity_mse,74500.0,0.0
train/velocity_mse,74550.0,0.0
train/velocity_mse,74600.0,0.0
train/velocity_mse,74650.0,0.0
train/velocity_mse,74700.0,0.0
train/velocity_mse,74750.0,0.0
train/velocity_mse,74800.0,0.0
train/velocity_mse,74850.0,0.0
train/velocity_mse,74900.0,0.0
train/velocity_mse,74950.0,0.0
train/velocity_mse,75000.0,0.0
train/velocity_mse,75050.0,0.0
train/velocity_mse,75100.0,0.0
train/velocity_mse,75150.0,0.0
train/velocity_mse,75200.0,0.0
train/velocity_mse,75250.0,0.0
train/velocity_mse,75300.0,0.0
train/velocity_mse,75350.0,0.0
train/velocity_mse,75400.0,0.0
train/velocity_mse,75450.0,0.0
train/velocity_mse,75500.0,0.0
train/velocity_mse,75550.0,0.0
train/velocity_mse,75600.0,0.0
train/velocity_mse,75650.0,0.0
train/velocity_mse,75700.0,0.0
train/velocity_mse,75750.0,0.0
train/velocity_mse,75800.0,0.0
train/velocity_mse,75850.0,0.0
train/velocity_mse,75900.0,0.0
train/velocity_mse,75950.0,0.0
train/velocity_mse,76000.0,0.0
train/velocity_mse,76050.0,0.0
train/velocity_mse,76100.0,0.0
train/velocity_mse,76150.0,0.0
train/velocity_mse,76200.0,0.0
train/velocity_mse,76250.0,0.0
train/velocity_mse,76300.0,0.0
train/velocity_mse,76350.0,0.0
train/velocity_mse,76400.0,0.0
train/velocity_mse,76450.0,0.0
train/velocity_mse,76500.0,0.0
train/velocity_mse,76550.0,0.0
train/velocity_mse,76600.0,0.0
train/velocity_mse,76650.0,0.0
train/velocity_mse,76700.0,0.0
train/velocity_mse,76750.0,0.0
train/velocity_mse,76800.0,0.0
train/velocity_mse,76850.0,0.0
train/velocity_mse,76900.0,0.0
train/velocity_mse,76950.0,0.0
train/velocity_mse,77000.0,0.0
train/velocity_mse,77050.0,0.0
train/velocity_mse,77100.0,0.0
train/velocity_mse,77150.0,0.0
train/velocity_mse,77200.0,0.0
train/velocity_mse,77250.0,0.0
train/velocity_mse,77300.0,0.0
train/velocity_mse,77350.0,0.0
train/velocity_mse,77400.0,0.0
train/velocity_mse,77450.0,0.0
train/velocity_mse,77500.0,0.0
train/velocity_mse,77550.0,0.0
train/velocity_mse,77600.0,0.0
train/velocity_mse,77650.0,0.0
train/velocity_mse,77700.0,0.0
train/velocity_mse,77750.0,0.0
train/velocity_mse,77800.0,0.0
train/velocity_mse,77850.0,0.0
train/velocity_mse,77900.0,0.0
train/velocity_mse,77950.0,0.0
train/velocity_mse,78000.0,0.0
train/velocity_mse,78050.0,0.0
train/velocity_mse,78100.0,0.0
train/velocity_mse,78150.0,0.0
train/velocity_mse,78200.0,0.0
train/velocity_mse,78250.0,0.0
train/velocity_mse,78300.0,0.0
train/velocity_mse,78350.0,0.0
train/velocity_mse,78400.0,0.0
train/velocity_mse,78450.0,0.0
train/velocity_mse,78500.0,0.0
train/velocity_mse,78550.0,0.0
train/velocity_mse,78600.0,0.0
train/velocity_mse,78650.0,0.0
train/velocity_mse,78700.0,0.0
train/velocity_mse,78750.0,0.0
train/velocity_mse,78800.0,0.0
train/velocity_mse,78850.0,0.0
train/velocity_mse,78900.0,0.0
train/velocity_mse,78950.0,0.0
train/velocity_mse,79000.0,0.0
train/velocity_mse,79050.0,0.0
train/velocity_mse,79100.0,0.0
train/velocity_mse,79150.0,0.0
train/velocity_mse,79200.0,0.0
train/velocity_mse,79250.0,0.0
train/velocity_mse,79300.0,0.0
train/velocity_mse,79350.0,0.0
train/velocity_mse,79400.0,0.0
train/velocity_mse,79450.0,0.0
train/velocity_mse,79500.0,0.0
train/velocity_mse,79550.0,0.0
train/velocity_mse,79600.0,0.0
train/velocity_mse,79650.0,0.0
train/velocity_mse,79700.0,0.0
train/velocity_mse,79750.0,0.0
train/velocity_mse,79800.0,0.0
train/velocity_mse,79850.0,0.0
train/velocity_mse,79900.0,0.0
train/velocity_mse,79950.0,0.0
train/velocity_mse,80000.0,0.0
val/delta_e76,2000.0,6.3993706703186035
val/delta_e76,4000.0,6.2585225105285645
val/delta_e76,6000.0,6.289220333099365
val/delta_e76,8000.0,6.046170234680176
val/delta_e76,10000.0,5.985598564147949
val/delta_e76,12000.0,6.001718521118164
val/delta_e76,14000.0,5.965057849884033
val/delta_e76,16000.0,5.8862833976745605
val/delta_e76,18000.0,5.930233955383301
val/delta_e76,20000.0,5.7068305015563965
val/delta_e76,22000.0,5.847723960876465
val/delta_e76,24000.0,5.690715312957764
val/delta_e76,26000.0,5.6600542068481445
val/delta_e76,28000.0,5.729408264160156
val/delta_e76,30000.0,5.775564193725586
val/delta_e76,32000.0,6.0229268074035645
val/delta_e76,34000.0,5.784102916717529
val/delta_e76,36000.0,5.711199760437012
val/delta_e76,38000.0,5.745647430419922
val/delta_e76,40000.0,5.803561210632324
val/delta_e76,42000.0,5.759807586669922
val/delta_e76,44000.0,5.636733055114746
val/delta_e76,46000.0,5.696401596069336
val/delta_e76,48000.0,5.652416229248047
val/delta_e76,50000.0,5.664593696594238
val/delta_e76,52000.0,5.619740009307861
val/delta_e76,54000.0,5.699385166168213
val/delta_e76,56000.0,5.6787943840026855
val/delta_e76,58000.0,5.657539367675781
val/delta_e76,60000.0,5.618385314941406
val/delta_e76,62000.0,5.906096458435059
val/delta_e76,64000.0,5.936932563781738
val/delta_e76,66000.0,5.774311065673828
val/delta_e76,68000.0,5.764561653137207
val/delta_e76,70000.0,5.824901103973389
val/delta_e76,72000.0,5.818202495574951
val/delta_e76,74000.0,5.7675251960754395
val/delta_e76,76000.0,5.805180549621582
val/delta_e76,78000.0,5.780923366546631
val/delta_e76,80000.0,5.818742275238037
val/loss,2000.0,0.06338576227426529
val/loss,4000.0,0.06109542399644852
val/loss,6000.0,0.061815567314624786
val/loss,8000.0,0.06055862084031105
val/loss,10000.0,0.05998199060559273
val/loss,12000.0,0.05968259647488594
val/loss,14000.0,0.05975797399878502
val/loss,16000.0,0.05946972966194153
val/loss,18000.0,0.05945008620619774
val/loss,20000.0,0.05744729936122894
val/loss,22000.0,0.058609604835510254
val/loss,24000.0,0.05754758045077324
val/loss,26000.0,0.05730002000927925
val/loss,28000.0,0.05773351714015007
val/loss,30000.0,0.058041252195835114
val/loss,32000.0,0.060373783111572266
val/loss,34000.0,0.0580911822617054
val/loss,36000.0,0.05752182751893997
val/loss,38000.0,0.0580054372549057
val/loss,40000.0,0.058499861508607864
val/loss,42000.0,0.05803770571947098
val/loss,44000.0,0.05675860121846199
val/loss,46000.0,0.057529207319021225
val/loss,48000.0,0.05709853768348694
val/loss,50000.0,0.05712268128991127
val/loss,52000.0,0.05675536394119263
val/loss,54000.0,0.05757482349872589
val/loss,56000.0,0.0573493093252182
val/loss,58000.0,0.05730997025966644
val/loss,60000.0,0.05681832134723663
val/loss,62000.0,0.05851776897907257
val/loss,64000.0,0.0590398833155632
val/loss,66000.0,0.05717488005757332
val/loss,68000.0,0.05710624158382416
val/loss,70000.0,0.05797382444143295
val/loss,72000.0,0.057576052844524384
val/loss,74000.0,0.05734926462173462
val/loss,76000.0,0.057723481208086014
val/loss,78000.0,0.05747833102941513
val/loss,80000.0,0.05790351331233978
val/lpips,2000.0,0.4093376696109772
val/lpips,4000.0,0.397530734539032
val/lpips,6000.0,0.390173077583313
val/lpips,8000.0,0.392677903175354
val/lpips,10000.0,0.39481398463249207
val/lpips,12000.0,0.39485153555870056
val/lpips,14000.0,0.3848266303539276
val/lpips,16000.0,0.388028621673584
val/lpips,18000.0,0.3962271213531494
val/lpips,20000.0,0.38632625341415405
val/lpips,22000.0,0.3935881555080414
val/lpips,24000.0,0.3909282684326172
val/lpips,26000.0,0.39391621947288513
val/lpips,28000.0,0.3902457058429718
val/lpips,30000.0,0.3882293105125427
val/lpips,32000.0,0.3952747881412506
val/lpips,34000.0,0.3877379298210144
val/lpips,36000.0,0.3892787992954254
val/lpips,38000.0,0.38973474502563477
val/lpips,40000.0,0.3910040557384491
val/lpips,42000.0,0.39270439743995667
val/lpips,44000.0,0.38944754004478455
val/lpips,46000.0,0.3908834755420685
val/lpips,48000.0,0.38873785734176636
val/lpips,50000.0,0.38841596245765686
val/lpips,52000.0,0.39049434661865234
val/lpips,54000.0,0.390152245759964
val/lpips,56000.0,0.3901529312133789
val/lpips,58000.0,0.39097169041633606
val/lpips,60000.0,0.38891491293907166
val/lpips,62000.0,0.22298522293567657
val/lpips,64000.0,0.21548320353031158
val/lpips,66000.0,0.2113061100244522
val/lpips,68000.0,0.21211828291416168
val/lpips,70000.0,0.20979253947734833
val/lpips,72000.0,0.2093692421913147
val/lpips,74000.0,0.2087097465991974
val/lpips,76000.0,0.2082335650920868
val/lpips,78000.0,0.2078901082277298
val/lpips,80000.0,0.20756003260612488
val/mae,2000.0,0.05168428644537926
val/mae,4000.0,0.04988584667444229
val/mae,6000.0,0.05042305216193199
val/mae,8000.0,0.04941760376095772
val/mae,10000.0,0.04895886778831482
val/mae,12000.0,0.04871225357055664
val/mae,14000.0,0.0487823523581028
val/mae,16000.0,0.04854530096054077
val/mae,18000.0,0.04851769655942917
val/mae,20000.0,0.046955909579992294
val/mae,22000.0,0.04786227270960808
val/mae,24000.0,0.047027863562107086
val/mae,26000.0,0.04683186113834381
val/mae,28000.0,0.04716630280017853
val/mae,30000.0,0.047404855489730835
val/mae,32000.0,0.04923223331570625
val/mae,34000.0,0.04744833707809448
val/mae,36000.0,0.0470014289021492
val/mae,38000.0,0.04737424850463867
val/mae,40000.0,0.04775652289390564
val/mae,42000.0,0.04739571362733841
val/mae,44000.0,0.04639861732721329
val/mae,46000.0,0.0469963476061821
val/mae,48000.0,0.046657633036375046
val/mae,50000.0,0.04668175056576729
val/mae,52000.0,0.046391673386096954
val/mae,54000.0,0.047026023268699646
val/mae,56000.0,0.0468500554561615
val/mae,58000.0,0.04681973159313202
val/mae,60000.0,0.04643644392490387
val/mae,62000.0,0.04789068549871445
val/mae,64000.0,0.04831678047776222
val/mae,66000.0,0.046863846480846405
val/mae,68000.0,0.04677853360772133
val/mae,70000.0,0.04745269566774368
val/mae,72000.0,0.04715012386441231
val/mae,74000.0,0.046963706612586975
val/mae,76000.0,0.04725707322359085
val/mae,78000.0,0.04706495627760887
val/mae,80000.0,0.04739457368850708
val/psnr,2000.0,23.123289108276367
val/psnr,4000.0,23.372262954711914
val/psnr,6000.0,23.234703063964844
val/psnr,8000.0,23.36943244934082
val/psnr,10000.0,23.44135284423828
val/psnr,12000.0,23.496126174926758
val/psnr,14000.0,23.458358764648438
val/psnr,16000.0,23.53360366821289
val/psnr,18000.0,23.53318214416504
val/psnr,20000.0,23.758689880371094
val/psnr,22000.0,23.626968383789062
val/psnr,24000.0,23.763498306274414
val/psnr,26000.0,23.803274154663086
val/psnr,28000.0,23.71501922607422
val/psnr,30000.0,23.693708419799805
val/psnr,32000.0,23.47074317932129
val/psnr,34000.0,23.68901252746582
val/psnr,36000.0,23.767274856567383
val/psnr,38000.0,23.70001220703125
val/psnr,40000.0,23.658077239990234
val/psnr,42000.0,23.700931549072266
val/psnr,44000.0,23.842374801635742
val/psnr,46000.0,23.7514591217041
val/psnr,48000.0,23.803117752075195
val/psnr,50000.0,23.815725326538086
val/psnr,52000.0,23.8548526763916
val/psnr,54000.0,23.748762130737305
val/psnr,56000.0,23.770662307739258
val/psnr,58000.0,23.781381607055664
val/psnr,60000.0,23.842012405395508
val/psnr,62000.0,23.577428817749023
val/psnr,64000.0,23.530515670776367
val/psnr,66000.0,23.742143630981445
val/psnr,68000.0,23.735368728637695
val/psnr,70000.0,23.65998649597168
val/psnr,72000.0,23.703556060791016
val/psnr,74000.0,23.716041564941406
val/psnr,76000.0,23.683366775512695
val/psnr,78000.0,23.715290069580078
val/psnr,80000.0,23.662567138671875
val/ssim,2000.0,0.5884628295898438
val/ssim,4000.0,0.5965890288352966
val/ssim,6000.0,0.5986939668655396
val/ssim,8000.0,0.6044624447822571
val/ssim,10000.0,0.6057029366493225
val/ssim,12000.0,0.6053116917610168
val/ssim,14000.0,0.6092281341552734
val/ssim,16000.0,0.6092751622200012
val/ssim,18000.0,0.6120837926864624
val/ssim,20000.0,0.6140709519386292
val/ssim,22000.0,0.6125534772872925
val/ssim,24000.0,0.6141181588172913
val/ssim,26000.0,0.6150943040847778
val/ssim,28000.0,0.6157627701759338
val/ssim,30000.0,0.616656482219696
val/ssim,32000.0,0.6143302321434021
val/ssim,34000.0,0.6187915802001953
val/ssim,36000.0,0.6183030009269714
val/ssim,38000.0,0.6180391311645508
val/ssim,40000.0,0.6188744902610779
val/ssim,42000.0,0.6186899542808533
val/ssim,44000.0,0.6199365854263306
val/ssim,46000.0,0.6203884482383728
val/ssim,48000.0,0.6211742162704468
val/ssim,50000.0,0.6213825941085815
val/ssim,52000.0,0.6211463809013367
val/ssim,54000.0,0.6217967867851257
val/ssim,56000.0,0.6217737793922424
val/ssim,58000.0,0.6215360760688782
val/ssim,60000.0,0.6216369271278381
val/ssim,62000.0,0.6083220839500427
val/ssim,64000.0,0.6086104512214661
val/ssim,66000.0,0.609881579875946
val/ssim,68000.0,0.6122199296951294
val/ssim,70000.0,0.6113224029541016
val/ssim,72000.0,0.6122640371322632
val/ssim,74000.0,0.6129271984100342
val/ssim,76000.0,0.6131972074508667
val/ssim,78000.0,0.6132963299751282
val/ssim,80000.0,0.6134688854217529
val/total_objective,2000.0,0.08385264128446579
val/total_objective,4000.0,0.08097195625305176
val/total_objective,6000.0,0.08132421970367432
val/total_objective,8000.0,0.08019251376390457
val/total_objective,10000.0,0.07972268760204315
val/total_objective,12000.0,0.07942517101764679
val/total_objective,14000.0,0.07899930328130722
val/total_objective,16000.0,0.07887116074562073
val/total_objective,18000.0,0.07926144450902939
val/total_objective,20000.0,0.07676361501216888
val/total_objective,22000.0,0.07828901708126068
val/total_objective,24000.0,0.07709399610757828
val/total_objective,26000.0,0.0769958347082138
val/total_objective,28000.0,0.0772458016872406
val/total_objective,30000.0,0.07745271921157837
val/total_objective,32000.0,0.08013752102851868
val/total_objective,34000.0,0.0774780809879303
val/total_objective,36000.0,0.07698576152324677
val/total_objective,38000.0,0.07749217748641968
val/total_objective,40000.0,0.07805006206035614
val/total_objective,42000.0,0.07767292857170105
val/total_objective,44000.0,0.0762309804558754
val/total_objective,46000.0,0.07707338035106659
val/total_objective,48000.0,0.0765354335308075
val/total_objective,50000.0,0.07654348015785217
val/total_objective,52000.0,0.07628007978200912
val/total_objective,54000.0,0.07708244025707245
val/total_objective,56000.0,0.07685695588588715
val/total_objective,58000.0,0.07685855776071548
val/total_objective,60000.0,0.07626406848430634
val/total_objective,62000.0,0.0696670338511467
val/total_objective,64000.0,0.0698140487074852
val/total_objective,66000.0,0.06774018704891205
val/total_objective,68000.0,0.06771215796470642
val/total_objective,70000.0,0.06846345216035843
val/total_objective,72000.0,0.068044513463974
val/total_objective,74000.0,0.06778474897146225
val/total_objective,76000.0,0.06813515722751617
val/total_objective,78000.0,0.06787283718585968
val/total_objective,80000.0,0.06828151643276215
train/charbonnier,60050.0,0.04523072391748428
train/charbonnier,60100.0,0.041325777769088745
train/charbonnier,60150.0,0.0463029220700264
train/charbonnier,60200.0,0.04611142724752426
train/charbonnier,60250.0,0.04094484820961952
train/charbonnier,60300.0,0.039470527321100235
train/charbonnier,60350.0,0.04206513985991478
train/charbonnier,60400.0,0.043377917259931564
train/charbonnier,60450.0,0.0491144135594368
train/charbonnier,60500.0,0.03842511028051376
train/charbonnier,60550.0,0.04105914384126663
train/charbonnier,60600.0,0.051005080342292786
train/charbonnier,60650.0,0.04493678733706474
train/charbonnier,60700.0,0.043810922652482986
train/charbonnier,60750.0,0.047530002892017365
train/charbonnier,60800.0,0.04487749934196472
train/charbonnier,60850.0,0.04709899052977562
train/charbonnier,60900.0,0.04628096520900726
train/charbonnier,60950.0,0.04340137168765068
train/charbonnier,61000.0,0.0422077551484108
train/charbonnier,61050.0,0.044381216168403625
train/charbonnier,61100.0,0.05116961523890495
train/charbonnier,61150.0,0.04405747354030609
train/charbonnier,61200.0,0.04655749723315239
train/charbonnier,61250.0,0.04006579890847206
train/charbonnier,61300.0,0.04775197431445122
train/charbonnier,61350.0,0.04348931834101677
train/charbonnier,61400.0,0.04457119107246399
train/charbonnier,61450.0,0.047342926263809204
train/charbonnier,61500.0,0.04542616009712219
train/charbonnier,61550.0,0.045739270746707916
train/charbonnier,61600.0,0.048845238983631134
train/charbonnier,61650.0,0.04502877965569496
train/charbonnier,61700.0,0.04673316329717636
train/charbonnier,61750.0,0.04296865686774254
train/charbonnier,61800.0,0.04710280895233154
train/charbonnier,61850.0,0.04303273558616638
train/charbonnier,61900.0,0.04812264442443848
train/charbonnier,61950.0,0.04837409406900406
train/charbonnier,62000.0,0.04579436033964157
train/charbonnier,62050.0,0.04735732823610306
train/charbonnier,62100.0,0.04760019853711128
train/charbonnier,62150.0,0.042952217161655426
train/charbonnier,62200.0,0.04378347471356392
train/charbonnier,62250.0,0.04783172905445099
train/charbonnier,62300.0,0.04502985626459122
train/charbonnier,62350.0,0.05035095661878586
train/charbonnier,62400.0,0.042212024331092834
train/charbonnier,62450.0,0.045462675392627716
train/charbonnier,62500.0,0.04654902219772339
train/charbonnier,62550.0,0.04819821938872337
train/charbonnier,62600.0,0.04527053236961365
train/charbonnier,62650.0,0.04433951526880264
train/charbonnier,62700.0,0.04410833865404129
train/charbonnier,62750.0,0.04955115541815758
train/charbonnier,62800.0,0.0402987003326416
train/charbonnier,62850.0,0.04624573886394501
train/charbonnier,62900.0,0.04459470510482788
train/charbonnier,62950.0,0.04896299168467522
train/charbonnier,63000.0,0.04688999801874161
train/charbonnier,63050.0,0.043824903666973114
train/charbonnier,63100.0,0.045950211584568024
train/charbonnier,63150.0,0.04122401401400566
train/charbonnier,63200.0,0.0431046187877655
train/charbonnier,63250.0,0.03883102536201477
train/charbonnier,63300.0,0.04524549841880798
train/charbonnier,63350.0,0.0431499183177948
train/charbonnier,63400.0,0.04530031234025955
train/charbonnier,63450.0,0.045190148055553436
train/charbonnier,63500.0,0.04391874000430107
train/charbonnier,63550.0,0.04731929674744606
train/charbonnier,63600.0,0.04658191651105881
train/charbonnier,63650.0,0.04333068057894707
train/charbonnier,63700.0,0.0418679304420948
train/charbonnier,63750.0,0.045670635998249054
train/charbonnier,63800.0,0.04351278394460678
train/charbonnier,63850.0,0.04540584981441498
train/charbonnier,63900.0,0.047096915543079376
train/charbonnier,63950.0,0.04427666962146759
train/charbonnier,64000.0,0.043231524527072906
train/charbonnier,64050.0,0.0459345206618309
train/charbonnier,64100.0,0.04539924114942551
train/charbonnier,64150.0,0.0422779843211174
train/charbonnier,64200.0,0.04074487090110779
train/charbonnier,64250.0,0.045199960470199585
train/charbonnier,64300.0,0.04617471992969513
train/charbonnier,64350.0,0.0446675568819046
train/charbonnier,64400.0,0.04594353958964348
train/charbonnier,64450.0,0.04656101018190384
train/charbonnier,64500.0,0.047207724303007126
train/charbonnier,64550.0,0.04176189377903938
train/charbonnier,64600.0,0.043964553624391556
train/charbonnier,64650.0,0.041765693575143814
train/charbonnier,64700.0,0.04028834402561188
train/charbonnier,64750.0,0.04347147047519684
train/charbonnier,64800.0,0.0437273308634758
train/charbonnier,64850.0,0.04450562223792076
train/charbonnier,64900.0,0.04680121690034866
train/charbonnier,64950.0,0.045721638947725296
train/charbonnier,65000.0,0.045999675989151
train/charbonnier,65050.0,0.043008703738451004
train/charbonnier,65100.0,0.04800546169281006
train/charbonnier,65150.0,0.0472649447619915
train/charbonnier,65200.0,0.04680870100855827
train/charbonnier,65250.0,0.04348253831267357
train/charbonnier,65300.0,0.04388417303562164
train/charbonnier,65350.0,0.042164478451013565
train/charbonnier,65400.0,0.04693621024489403
train/charbonnier,65450.0,0.048774074763059616
train/charbonnier,65500.0,0.04027539864182472
train/charbonnier,65550.0,0.048710498958826065
train/charbonnier,65600.0,0.04545990377664566
train/charbonnier,65650.0,0.044994600117206573
train/charbonnier,65700.0,0.04846766218543053
train/charbonnier,65750.0,0.041785828769207
train/charbonnier,65800.0,0.04663555324077606
train/charbonnier,65850.0,0.04552498087286949
train/charbonnier,65900.0,0.047781676054000854
train/charbonnier,65950.0,0.047313984483480453
train/charbonnier,66000.0,0.04245457798242569
train/charbonnier,66050.0,0.04021419584751129
train/charbonnier,66100.0,0.04876760020852089
train/charbonnier,66150.0,0.04355810582637787
train/charbonnier,66200.0,0.0403548926115036
train/charbonnier,66250.0,0.0456886924803257
train/charbonnier,66300.0,0.045213036239147186
train/charbonnier,66350.0,0.04202602803707123
train/charbonnier,66400.0,0.046893589198589325
train/charbonnier,66450.0,0.04972866177558899
train/charbonnier,66500.0,0.04571522772312164
train/charbonnier,66550.0,0.04658491164445877
train/charbonnier,66600.0,0.04299737885594368
train/charbonnier,66650.0,0.04459431767463684
train/charbonnier,66700.0,0.045626863837242126
train/charbonnier,66750.0,0.046411678194999695
train/charbonnier,66800.0,0.05031730979681015
train/charbonnier,66850.0,0.04157407581806183
train/charbonnier,66900.0,0.045245151966810226
train/charbonnier,66950.0,0.04334595426917076
train/charbonnier,67000.0,0.04335504770278931
train/charbonnier,67050.0,0.04490859434008598
train/charbonnier,67100.0,0.04158511757850647
train/charbonnier,67150.0,0.04657347872853279
train/charbonnier,67200.0,0.04425438866019249
train/charbonnier,67250.0,0.04750234633684158
train/charbonnier,67300.0,0.047898225486278534
train/charbonnier,67350.0,0.042650528252124786
train/charbonnier,67400.0,0.04240240156650543
train/charbonnier,67450.0,0.04141750559210777
train/charbonnier,67500.0,0.044485386461019516
train/charbonnier,67550.0,0.04657594487071037
train/charbonnier,67600.0,0.04610983654856682
train/charbonnier,67650.0,0.04586916044354439
train/charbonnier,67700.0,0.04154660925269127
train/charbonnier,67750.0,0.04520094394683838
train/charbonnier,67800.0,0.042839933186769485
train/charbonnier,67850.0,0.04509202763438225
train/charbonnier,67900.0,0.04474163427948952
train/charbonnier,67950.0,0.044319942593574524
train/charbonnier,68000.0,0.04369436949491501
train/charbonnier,68050.0,0.04475092142820358
train/charbonnier,68100.0,0.044363804161548615
train/charbonnier,68150.0,0.044094525277614594
train/charbonnier,68200.0,0.04450267553329468
train/charbonnier,68250.0,0.04389561340212822
train/charbonnier,68300.0,0.045035768300294876
train/charbonnier,68350.0,0.04443587362766266
train/charbonnier,68400.0,0.044949136674404144
train/charbonnier,68450.0,0.04470354691147804
train/charbonnier,68500.0,0.04479806125164032
train/charbonnier,68550.0,0.046432264149188995
train/charbonnier,68600.0,0.0391351580619812
train/charbonnier,68650.0,0.04346863552927971
train/charbonnier,68700.0,0.043851885944604874
train/charbonnier,68750.0,0.042242251336574554
train/charbonnier,68800.0,0.043878503143787384
train/charbonnier,68850.0,0.04104389250278473
train/charbonnier,68900.0,0.04301847144961357
train/charbonnier,68950.0,0.04376080632209778
train/charbonnier,69000.0,0.04189521446824074
train/charbonnier,69050.0,0.045650701969861984
train/charbonnier,69100.0,0.04664864391088486
train/charbonnier,69150.0,0.04236423969268799
train/charbonnier,69200.0,0.04512271285057068
train/charbonnier,69250.0,0.039147958159446716
train/charbonnier,69300.0,0.048601675778627396
train/charbonnier,69350.0,0.04719354957342148
train/charbonnier,69400.0,0.04485367238521576
train/charbonnier,69450.0,0.046683721244335175
train/charbonnier,69500.0,0.047095201909542084
train/charbonnier,69550.0,0.04827777296304703
train/charbonnier,69600.0,0.040666431188583374
train/charbonnier,69650.0,0.046902406960725784
train/charbonnier,69700.0,0.04981551319360733
train/charbonnier,69750.0,0.04552784934639931
train/charbonnier,69800.0,0.043247289955616
train/charbonnier,69850.0,0.04849487543106079
train/charbonnier,69900.0,0.0450701005756855
train/charbonnier,69950.0,0.04693193361163139
train/charbonnier,70000.0,0.04751867800951004
train/charbonnier,70050.0,0.04305944964289665
train/charbonnier,70100.0,0.04572710394859314
train/charbonnier,70150.0,0.045461900532245636
train/charbonnier,70200.0,0.04548967629671097
train/charbonnier,70250.0,0.04305431991815567
train/charbonnier,70300.0,0.041868098080158234
train/charbonnier,70350.0,0.04468248039484024
train/charbonnier,70400.0,0.047055911272764206
train/charbonnier,70450.0,0.04427856579422951
train/charbonnier,70500.0,0.04678915813565254
train/charbonnier,70550.0,0.04658176749944687
train/charbonnier,70600.0,0.03967773914337158
train/charbonnier,70650.0,0.047242891043424606
train/charbonnier,70700.0,0.04599124565720558
train/charbonnier,70750.0,0.04739725962281227
train/charbonnier,70800.0,0.043914586305618286
train/charbonnier,70850.0,0.04404598847031593
train/charbonnier,70900.0,0.0460284985601902
train/charbonnier,70950.0,0.045160774141550064
train/charbonnier,71000.0,0.0464639738202095
train/charbonnier,71050.0,0.0458659902215004
train/charbonnier,71100.0,0.04257314279675484
train/charbonnier,71150.0,0.04891321063041687
train/charbonnier,71200.0,0.045789532363414764
train/charbonnier,71250.0,0.042265526950359344
train/charbonnier,71300.0,0.04070974141359329
train/charbonnier,71350.0,0.04562299698591232
train/charbonnier,71400.0,0.046399179846048355
train/charbonnier,71450.0,0.04437416046857834
train/charbonnier,71500.0,0.04007556661963463
train/charbonnier,71550.0,0.04438323527574539
train/charbonnier,71600.0,0.04763021320104599
train/charbonnier,71650.0,0.041456881910562515
train/charbonnier,71700.0,0.042418330907821655
train/charbonnier,71750.0,0.04540152847766876
train/charbonnier,71800.0,0.04596340283751488
train/charbonnier,71850.0,0.04324667528271675
train/charbonnier,71900.0,0.0422477200627327
train/charbonnier,71950.0,0.04316975176334381
train/charbonnier,72000.0,0.04426524043083191
train/charbonnier,72050.0,0.044184960424900055
train/charbonnier,72100.0,0.04406551271677017
train/charbonnier,72150.0,0.038675643503665924
train/charbonnier,72200.0,0.038920629769563675
train/charbonnier,72250.0,0.04249696433544159
train/charbonnier,72300.0,0.04497316852211952
train/charbonnier,72350.0,0.044535547494888306
train/charbonnier,72400.0,0.046845726668834686
train/charbonnier,72450.0,0.04516245052218437
train/charbonnier,72500.0,0.04532940685749054
train/charbonnier,72550.0,0.04044882208108902
train/charbonnier,72600.0,0.049292437732219696
train/charbonnier,72650.0,0.04623132199048996
train/charbonnier,72700.0,0.04646070674061775
train/charbonnier,72750.0,0.04544970393180847
train/charbonnier,72800.0,0.0402849018573761
train/charbonnier,72850.0,0.04606618359684944
train/charbonnier,72900.0,0.04453473538160324
train/charbonnier,72950.0,0.046148672699928284
train/charbonnier,73000.0,0.04389210417866707
train/charbonnier,73050.0,0.04565677419304848
train/charbonnier,73100.0,0.046665009111166
train/charbonnier,73150.0,0.04649682343006134
train/charbonnier,73200.0,0.047907255589962006
train/charbonnier,73250.0,0.04419568553566933
train/charbonnier,73300.0,0.04534143581986427
train/charbonnier,73350.0,0.04223545640707016
train/charbonnier,73400.0,0.04673568159341812
train/charbonnier,73450.0,0.03974075987935066
train/charbonnier,73500.0,0.04397859424352646
train/charbonnier,73550.0,0.04290211573243141
train/charbonnier,73600.0,0.042936041951179504
train/charbonnier,73650.0,0.04831656441092491
train/charbonnier,73700.0,0.04234998673200607
train/charbonnier,73750.0,0.04575185477733612
train/charbonnier,73800.0,0.047007132321596146
train/charbonnier,73850.0,0.04570016264915466
train/charbonnier,73900.0,0.043462157249450684
train/charbonnier,73950.0,0.044263530522584915
train/charbonnier,74000.0,0.045719895511865616
train/charbonnier,74050.0,0.0441260039806366
train/charbonnier,74100.0,0.043591249734163284
train/charbonnier,74150.0,0.040907446295022964
train/charbonnier,74200.0,0.04158371686935425
train/charbonnier,74250.0,0.04571223258972168
train/charbonnier,74300.0,0.04152195155620575
train/charbonnier,74350.0,0.049605488777160645
train/charbonnier,74400.0,0.04093346744775772
train/charbonnier,74450.0,0.042795341461896896
train/charbonnier,74500.0,0.04633347690105438
train/charbonnier,74550.0,0.045395877212285995
train/charbonnier,74600.0,0.044971317052841187
train/charbonnier,74650.0,0.04313656687736511
train/charbonnier,74700.0,0.0425519235432148
train/charbonnier,74750.0,0.04094475507736206
train/charbonnier,74800.0,0.04839828610420227
train/charbonnier,74850.0,0.04495559260249138
train/charbonnier,74900.0,0.04253086820244789
train/charbonnier,74950.0,0.04517655447125435
train/charbonnier,75000.0,0.046370476484298706
train/charbonnier,75050.0,0.045549385249614716
train/charbonnier,75100.0,0.038055382668972015
train/charbonnier,75150.0,0.047447558492422104
train/charbonnier,75200.0,0.042534008622169495
train/charbonnier,75250.0,0.045868661254644394
train/charbonnier,75300.0,0.04590724781155586
train/charbonnier,75350.0,0.045165687799453735
train/charbonnier,75400.0,0.042786337435245514
train/charbonnier,75450.0,0.050531331449747086
train/charbonnier,75500.0,0.03848850354552269
train/charbonnier,75550.0,0.04440290108323097
train/charbonnier,75600.0,0.05101335048675537
train/charbonnier,75650.0,0.04833665117621422
train/charbonnier,75700.0,0.041569240391254425
train/charbonnier,75750.0,0.04562750831246376
train/charbonnier,75800.0,0.04705267399549484
train/charbonnier,75850.0,0.04480092599987984
train/charbonnier,75900.0,0.04438851773738861
train/charbonnier,75950.0,0.044785697013139725
train/charbonnier,76000.0,0.04580346494913101
train/charbonnier,76050.0,0.04254017397761345
train/charbonnier,76100.0,0.04364441707730293
train/charbonnier,76150.0,0.04280605912208557
train/charbonnier,76200.0,0.04342001676559448
train/charbonnier,76250.0,0.04822744056582451
train/charbonnier,76300.0,0.046369269490242004
train/charbonnier,76350.0,0.04519784078001976
train/charbonnier,76400.0,0.04064338281750679
train/charbonnier,76450.0,0.04693625494837761
train/charbonnier,76500.0,0.04787254333496094
train/charbonnier,76550.0,0.04524538666009903
train/charbonnier,76600.0,0.042048338800668716
train/charbonnier,76650.0,0.046077556908130646
train/charbonnier,76700.0,0.04173237085342407
train/charbonnier,76750.0,0.04228772222995758
train/charbonnier,76800.0,0.044498153030872345
train/charbonnier,76850.0,0.04358641803264618
train/charbonnier,76900.0,0.040281638503074646
train/charbonnier,76950.0,0.046181872487068176
train/charbonnier,77000.0,0.04240769147872925
train/charbonnier,77050.0,0.04956872761249542
train/charbonnier,77100.0,0.0387687087059021
train/charbonnier,77150.0,0.04297269508242607
train/charbonnier,77200.0,0.04323378950357437
train/charbonnier,77250.0,0.042045898735523224
train/charbonnier,77300.0,0.04350748285651207
train/charbonnier,77350.0,0.04560335725545883
train/charbonnier,77400.0,0.041357189416885376
train/charbonnier,77450.0,0.044245414435863495
train/charbonnier,77500.0,0.04101116955280304
train/charbonnier,77550.0,0.04087282717227936
train/charbonnier,77600.0,0.04596056044101715
train/charbonnier,77650.0,0.0413472019135952
train/charbonnier,77700.0,0.044653527438640594
train/charbonnier,77750.0,0.04546160250902176
train/charbonnier,77800.0,0.046600453555583954
train/charbonnier,77850.0,0.04349929094314575
train/charbonnier,77900.0,0.04406297951936722
train/charbonnier,77950.0,0.049007538706064224
train/charbonnier,78000.0,0.04244254156947136
train/charbonnier,78050.0,0.043991006910800934
train/charbonnier,78100.0,0.04212743788957596
train/charbonnier,78150.0,0.04833419993519783
train/charbonnier,78200.0,0.04740328714251518
train/charbonnier,78250.0,0.04558632895350456
train/charbonnier,78300.0,0.04284831881523132
train/charbonnier,78350.0,0.04171484708786011
train/charbonnier,78400.0,0.043118856847286224
train/charbonnier,78450.0,0.04099282622337341
train/charbonnier,78500.0,0.046367473900318146
train/charbonnier,78550.0,0.04317387565970421
train/charbonnier,78600.0,0.04789179936051369
train/charbonnier,78650.0,0.04528636485338211
train/charbonnier,78700.0,0.041780225932598114
train/charbonnier,78750.0,0.04389376938343048
train/charbonnier,78800.0,0.04117695987224579
train/charbonnier,78850.0,0.0473627895116806
train/charbonnier,78900.0,0.047120340168476105
train/charbonnier,78950.0,0.042872074991464615
train/charbonnier,79000.0,0.03863849490880966
train/charbonnier,79050.0,0.04439575597643852
train/charbonnier,79100.0,0.0408761091530323
train/charbonnier,79150.0,0.04307163134217262
train/charbonnier,79200.0,0.04282490164041519
train/charbonnier,79250.0,0.0398520827293396
train/charbonnier,79300.0,0.046531643718481064
train/charbonnier,79350.0,0.047514960169792175
train/charbonnier,79400.0,0.0446341410279274
train/charbonnier,79450.0,0.047063734382390976
train/charbonnier,79500.0,0.04277046024799347
train/charbonnier,79550.0,0.035582851618528366
train/charbonnier,79600.0,0.043478552252054214
train/charbonnier,79650.0,0.04734174907207489
train/charbonnier,79700.0,0.04057805985212326
train/charbonnier,79750.0,0.04383029416203499
train/charbonnier,79800.0,0.041223686188459396
train/charbonnier,79850.0,0.049462296068668365
train/charbonnier,79900.0,0.04623181000351906
train/charbonnier,79950.0,0.04188793897628784
train/charbonnier,80000.0,0.04462108016014099
train/multiscale,60050.0,0.03844355791807175
train/multiscale,60100.0,0.034383177757263184
train/multiscale,60150.0,0.03849141672253609
train/multiscale,60200.0,0.03879798203706741
train/multiscale,60250.0,0.03474908694624901
train/multiscale,60300.0,0.033164069056510925
train/multiscale,60350.0,0.03519958630204201
train/multiscale,60400.0,0.0369688980281353
train/multiscale,60450.0,0.041810184717178345
train/multiscale,60500.0,0.032144319266080856
train/multiscale,60550.0,0.0340462289750576
train/multiscale,60600.0,0.044426724314689636
train/multiscale,60650.0,0.03798851743340492
train/multiscale,60700.0,0.036593642085790634
train/multiscale,60750.0,0.03982390835881233
train/multiscale,60800.0,0.03807767108082771
train/multiscale,60850.0,0.040606725960969925
train/multiscale,60900.0,0.039443060755729675
train/multiscale,60950.0,0.036957595497369766
train/multiscale,61000.0,0.035151053220033646
train/multiscale,61050.0,0.03691469132900238
train/multiscale,61100.0,0.043078940361738205
train/multiscale,61150.0,0.037443857640028
train/multiscale,61200.0,0.03925589099526405
train/multiscale,61250.0,0.033078111708164215
train/multiscale,61300.0,0.040444809943437576
train/multiscale,61350.0,0.03700245916843414
train/multiscale,61400.0,0.037639860063791275
train/multiscale,61450.0,0.04033463075757027
train/multiscale,61500.0,0.03801837936043739
train/multiscale,61550.0,0.038764432072639465
train/multiscale,61600.0,0.04196200147271156
train/multiscale,61650.0,0.03780070319771767
train/multiscale,61700.0,0.04002092033624649
train/multiscale,61750.0,0.035853855311870575
train/multiscale,61800.0,0.039772555232048035
train/multiscale,61850.0,0.0366300493478775
train/multiscale,61900.0,0.04064816236495972
train/multiscale,61950.0,0.04043622314929962
train/multiscale,62000.0,0.03840894624590874
train/multiscale,62050.0,0.04015456885099411
train/multiscale,62100.0,0.04095739871263504
train/multiscale,62150.0,0.03598105162382126
train/multiscale,62200.0,0.037103764712810516
train/multiscale,62250.0,0.040625810623168945
train/multiscale,62300.0,0.03789348900318146
train/multiscale,62350.0,0.04231313616037369
train/multiscale,62400.0,0.03620005398988724
train/multiscale,62450.0,0.03801421821117401
train/multiscale,62500.0,0.03919371962547302
train/multiscale,62550.0,0.04064842313528061
train/multiscale,62600.0,0.03807009756565094
train/multiscale,62650.0,0.03713364899158478
train/multiscale,62700.0,0.037362851202487946
train/multiscale,62750.0,0.041796356439590454
train/multiscale,62800.0,0.03368760272860527
train/multiscale,62850.0,0.03953719884157181
train/multiscale,62900.0,0.0369998961687088
train/multiscale,62950.0,0.042040277272462845
train/multiscale,63000.0,0.039994016289711
train/multiscale,63050.0,0.03668596222996712
train/multiscale,63100.0,0.0389859601855278
train/multiscale,63150.0,0.034831248223781586
train/multiscale,63200.0,0.03636319935321808
train/multiscale,63250.0,0.03258977085351944
train/multiscale,63300.0,0.037817806005477905
train/multiscale,63350.0,0.03585158661007881
train/multiscale,63400.0,0.03884008899331093
train/multiscale,63450.0,0.03829551860690117
train/multiscale,63500.0,0.03783353418111801
train/multiscale,63550.0,0.0398382693529129
train/multiscale,63600.0,0.03979625552892685
train/multiscale,63650.0,0.03666284680366516
train/multiscale,63700.0,0.035101424902677536
train/multiscale,63750.0,0.03824580833315849
train/multiscale,63800.0,0.03714894503355026
train/multiscale,63850.0,0.03816090524196625
train/multiscale,63900.0,0.03908535838127136
train/multiscale,63950.0,0.03700220212340355
train/multiscale,64000.0,0.03633136302232742
train/multiscale,64050.0,0.03938990831375122
train/multiscale,64100.0,0.03902915492653847
train/multiscale,64150.0,0.03525850549340248
train/multiscale,64200.0,0.034078359603881836
train/multiscale,64250.0,0.03776710480451584
train/multiscale,64300.0,0.039051786065101624
train/multiscale,64350.0,0.03794731944799423
train/multiscale,64400.0,0.03844117373228073
train/multiscale,64450.0,0.03988559544086456
train/multiscale,64500.0,0.04005631059408188
train/multiscale,64550.0,0.03507287800312042
train/multiscale,64600.0,0.036896392703056335
train/multiscale,64650.0,0.035485800355672836
train/multiscale,64700.0,0.03381602093577385
train/multiscale,64750.0,0.035605791956186295
train/multiscale,64800.0,0.03708725422620773
train/multiscale,64850.0,0.038282547146081924
train/multiscale,64900.0,0.0393766388297081
train/multiscale,64950.0,0.0384160578250885
train/multiscale,65000.0,0.0390503965318203
train/multiscale,65050.0,0.0360264889895916
train/multiscale,65100.0,0.04086718708276749
train/multiscale,65150.0,0.04081955924630165
train/multiscale,65200.0,0.0392528660595417
train/multiscale,65250.0,0.03601059317588806
train/multiscale,65300.0,0.037049319595098495
train/multiscale,65350.0,0.03496366739273071
train/multiscale,65400.0,0.040129125118255615
train/multiscale,65450.0,0.041618142277002335
train/multiscale,65500.0,0.03339140862226486
train/multiscale,65550.0,0.04129647836089134
train/multiscale,65600.0,0.03843823820352554
train/multiscale,65650.0,0.037530507892370224
train/multiscale,65700.0,0.041031431406736374
train/multiscale,65750.0,0.03575120493769646
train/multiscale,65800.0,0.039377614855766296
train/multiscale,65850.0,0.038353994488716125
train/multiscale,65900.0,0.04045889154076576
train/multiscale,65950.0,0.04006480425596237
train/multiscale,66000.0,0.03604675829410553
train/multiscale,66050.0,0.03373854607343674
train/multiscale,66100.0,0.04096715897321701
train/multiscale,66150.0,0.03655419498682022
train/multiscale,66200.0,0.03371788561344147
train/multiscale,66250.0,0.03845277428627014
train/multiscale,66300.0,0.0386141799390316
train/multiscale,66350.0,0.03568457067012787
train/multiscale,66400.0,0.03914094716310501
train/multiscale,66450.0,0.042837753891944885
train/multiscale,66500.0,0.03815649822354317
train/multiscale,66550.0,0.03904235363006592
train/multiscale,66600.0,0.03588569909334183
train/multiscale,66650.0,0.0372568741440773
train/multiscale,66700.0,0.03876670449972153
train/multiscale,66750.0,0.039114341139793396
train/multiscale,66800.0,0.04244571551680565
train/multiscale,66850.0,0.03458685055375099
train/multiscale,66900.0,0.0377315916121006
train/multiscale,66950.0,0.036484576761722565
train/multiscale,67000.0,0.036541648209095
train/multiscale,67050.0,0.038093797862529755
train/multiscale,67100.0,0.034636177122592926
train/multiscale,67150.0,0.038731131702661514
train/multiscale,67200.0,0.037683580070734024
train/multiscale,67250.0,0.040527667850255966
train/multiscale,67300.0,0.03990389406681061
train/multiscale,67350.0,0.035412922501564026
train/multiscale,67400.0,0.03635232523083687
train/multiscale,67450.0,0.0348520390689373
train/multiscale,67500.0,0.037644438445568085
train/multiscale,67550.0,0.03879977762699127
train/multiscale,67600.0,0.03906572610139847
train/multiscale,67650.0,0.03866379335522652
train/multiscale,67700.0,0.034857869148254395
train/multiscale,67750.0,0.038061805069446564
train/multiscale,67800.0,0.03640274330973625
train/multiscale,67850.0,0.03771986439824104
train/multiscale,67900.0,0.037244632840156555
train/multiscale,67950.0,0.0377291664481163
train/multiscale,68000.0,0.036561768501996994
train/multiscale,68050.0,0.038109831511974335
train/multiscale,68100.0,0.0372433066368103
train/multiscale,68150.0,0.03691761568188667
train/multiscale,68200.0,0.037993207573890686
train/multiscale,68250.0,0.036367785185575485
train/multiscale,68300.0,0.038091447204351425
train/multiscale,68350.0,0.03697281330823898
train/multiscale,68400.0,0.03773537650704384
train/multiscale,68450.0,0.0375155508518219
train/multiscale,68500.0,0.037763047963380814
train/multiscale,68550.0,0.0383361391723156
train/multiscale,68600.0,0.03283099830150604
train/multiscale,68650.0,0.03680994361639023
train/multiscale,68700.0,0.036964401602745056
train/multiscale,68750.0,0.0350433774292469
train/multiscale,68800.0,0.0361577607691288
train/multiscale,68850.0,0.033925242722034454
train/multiscale,68900.0,0.036535974591970444
train/multiscale,68950.0,0.036600079387426376
train/multiscale,69000.0,0.03525063395500183
train/multiscale,69050.0,0.03842844441533089
train/multiscale,69100.0,0.038661517202854156
train/multiscale,69150.0,0.03573984280228615
train/multiscale,69200.0,0.03810425475239754
train/multiscale,69250.0,0.03247038647532463
train/multiscale,69300.0,0.04123791307210922
train/multiscale,69350.0,0.03949686512351036
train/multiscale,69400.0,0.03744996339082718
train/multiscale,69450.0,0.03953187167644501
train/multiscale,69500.0,0.03919147327542305
train/multiscale,69550.0,0.0408092737197876
train/multiscale,69600.0,0.03368370980024338
train/multiscale,69650.0,0.039655499160289764
train/multiscale,69700.0,0.04208528995513916
train/multiscale,69750.0,0.03853499889373779
train/multiscale,69800.0,0.03651675581932068
train/multiscale,69850.0,0.041469454765319824
train/multiscale,69900.0,0.037828229367733
train/multiscale,69950.0,0.03963036462664604
train/multiscale,70000.0,0.04000743106007576
train/multiscale,70050.0,0.03644416108727455
train/multiscale,70100.0,0.038130179047584534
train/multiscale,70150.0,0.03854760527610779
train/multiscale,70200.0,0.03865940496325493
train/multiscale,70250.0,0.03629792854189873
train/multiscale,70300.0,0.035390738397836685
train/multiscale,70350.0,0.03772272914648056
train/multiscale,70400.0,0.03971157595515251
train/multiscale,70450.0,0.03730706870555878
train/multiscale,70500.0,0.040072962641716
train/multiscale,70550.0,0.03934227302670479
train/multiscale,70600.0,0.03359369561076164
train/multiscale,70650.0,0.04067722707986832
train/multiscale,70700.0,0.03879815340042114
train/multiscale,70750.0,0.03987943381071091
train/multiscale,70800.0,0.03777449578046799
train/multiscale,70850.0,0.036181021481752396
train/multiscale,70900.0,0.0397874191403389
train/multiscale,70950.0,0.0377410463988781
train/multiscale,71000.0,0.03937820717692375
train/multiscale,71050.0,0.03879198804497719
train/multiscale,71100.0,0.03590906038880348
train/multiscale,71150.0,0.04134732484817505
train/multiscale,71200.0,0.038264404982328415
train/multiscale,71250.0,0.035107288509607315
train/multiscale,71300.0,0.03403295576572418
train/multiscale,71350.0,0.038565367460250854
train/multiscale,71400.0,0.03914779797196388
train/multiscale,71450.0,0.03700711578130722
train/multiscale,71500.0,0.032693322747945786
train/multiscale,71550.0,0.036631181836128235
train/multiscale,71600.0,0.03992633521556854
train/multiscale,71650.0,0.034394532442092896
train/multiscale,71700.0,0.03484579920768738
train/multiscale,71750.0,0.03888352960348129
train/multiscale,71800.0,0.03876902535557747
train/multiscale,71850.0,0.03679085522890091
train/multiscale,71900.0,0.03571104630827904
train/multiscale,71950.0,0.035856544971466064
train/multiscale,72000.0,0.03689935430884361
train/multiscale,72050.0,0.037355173379182816
train/multiscale,72100.0,0.03639426827430725
train/multiscale,72150.0,0.03178241103887558
train/multiscale,72200.0,0.03229714184999466
train/multiscale,72250.0,0.0354674831032753
train/multiscale,72300.0,0.03797926753759384
train/multiscale,72350.0,0.037957943975925446
train/multiscale,72400.0,0.039454568177461624
train/multiscale,72450.0,0.03848002105951309
train/multiscale,72500.0,0.03835936263203621
train/multiscale,72550.0,0.033533379435539246
train/multiscale,72600.0,0.04170171171426773
train/multiscale,72650.0,0.038872312754392624
train/multiscale,72700.0,0.03870896250009537
train/multiscale,72750.0,0.03768010437488556
train/multiscale,72800.0,0.03370217978954315
train/multiscale,72850.0,0.039459481835365295
train/multiscale,72900.0,0.03788380324840546
train/multiscale,72950.0,0.03987056389451027
train/multiscale,73000.0,0.03603176772594452
train/multiscale,73050.0,0.03903898596763611
train/multiscale,73100.0,0.03978775441646576
train/multiscale,73150.0,0.0391613245010376
train/multiscale,73200.0,0.04063067585229874
train/multiscale,73250.0,0.03625466674566269
train/multiscale,73300.0,0.03775437921285629
train/multiscale,73350.0,0.03532117232680321
train/multiscale,73400.0,0.03948570042848587
train/multiscale,73450.0,0.03313995897769928
train/multiscale,73500.0,0.0371544286608696
train/multiscale,73550.0,0.03629203140735626
train/multiscale,73600.0,0.03638265281915665
train/multiscale,73650.0,0.04028717055916786
train/multiscale,73700.0,0.03488996624946594
train/multiscale,73750.0,0.03805992007255554
train/multiscale,73800.0,0.0400763601064682
train/multiscale,73850.0,0.03784147650003433
train/multiscale,73900.0,0.0356195829808712
train/multiscale,73950.0,0.037087224423885345
train/multiscale,74000.0,0.03846336156129837
train/multiscale,74050.0,0.03619091585278511
train/multiscale,74100.0,0.036498166620731354
train/multiscale,74150.0,0.034324049949645996
train/multiscale,74200.0,0.03506055474281311
train/multiscale,74250.0,0.03884367272257805
train/multiscale,74300.0,0.03436444327235222
train/multiscale,74350.0,0.042124077677726746
train/multiscale,74400.0,0.03433850407600403
train/multiscale,74450.0,0.035391177982091904
train/multiscale,74500.0,0.03957483172416687
train/multiscale,74550.0,0.038245201110839844
train/multiscale,74600.0,0.03740886598825455
train/multiscale,74650.0,0.03680635988712311
train/multiscale,74700.0,0.03649132698774338
train/multiscale,74750.0,0.033988263458013535
train/multiscale,74800.0,0.04193081706762314
train/multiscale,74850.0,0.03714987263083458
train/multiscale,74900.0,0.035739313811063766
train/multiscale,74950.0,0.03788193687796593
train/multiscale,75000.0,0.038990892469882965
train/multiscale,75050.0,0.038442935794591904
train/multiscale,75100.0,0.03167366981506348
train/multiscale,75150.0,0.040867991745471954
train/multiscale,75200.0,0.0355997309088707
train/multiscale,75250.0,0.039398886263370514
train/multiscale,75300.0,0.038054581731557846
train/multiscale,75350.0,0.038663048297166824
train/multiscale,75400.0,0.03599971905350685
train/multiscale,75450.0,0.04274275526404381
train/multiscale,75500.0,0.03235870972275734
train/multiscale,75550.0,0.03680141270160675
train/multiscale,75600.0,0.043365564197301865
train/multiscale,75650.0,0.04091912508010864
train/multiscale,75700.0,0.034527264535427094
train/multiscale,75750.0,0.038468074053525925
train/multiscale,75800.0,0.03889136388897896
train/multiscale,75850.0,0.0374656580388546
train/multiscale,75900.0,0.037258125841617584
train/multiscale,75950.0,0.03765665367245674
train/multiscale,76000.0,0.03781181946396828
train/multiscale,76050.0,0.03613812476396561
train/multiscale,76100.0,0.03631855547428131
train/multiscale,76150.0,0.0359310582280159
train/multiscale,76200.0,0.03598373010754585
train/multiscale,76250.0,0.040639232844114304
train/multiscale,76300.0,0.0391920730471611
train/multiscale,76350.0,0.03807578608393669
train/multiscale,76400.0,0.0339726097881794
train/multiscale,76450.0,0.03929762914776802
train/multiscale,76500.0,0.04038633778691292
train/multiscale,76550.0,0.03813637048006058
train/multiscale,76600.0,0.03519950434565544
train/multiscale,76650.0,0.0387624055147171
train/multiscale,76700.0,0.03521570935845375
train/multiscale,76750.0,0.03517836704850197
train/multiscale,76800.0,0.03792323172092438
train/multiscale,76850.0,0.03591664135456085
train/multiscale,76900.0,0.03388173133134842
train/multiscale,76950.0,0.03922276943922043
train/multiscale,77000.0,0.035243306308984756
train/multiscale,77050.0,0.041815124452114105
train/multiscale,77100.0,0.03320299834012985
train/multiscale,77150.0,0.03592349961400032
train/multiscale,77200.0,0.03583073616027832
train/multiscale,77250.0,0.0353756844997406
train/multiscale,77300.0,0.03676701337099075
train/multiscale,77350.0,0.03871196135878563
train/multiscale,77400.0,0.03458399698138237
train/multiscale,77450.0,0.037008944898843765
train/multiscale,77500.0,0.034793805330991745
train/multiscale,77550.0,0.034623537212610245
train/multiscale,77600.0,0.03812776133418083
train/multiscale,77650.0,0.03432683274149895
train/multiscale,77700.0,0.03788449987769127
train/multiscale,77750.0,0.03765365481376648
train/multiscale,77800.0,0.039296165108680725
train/multiscale,77850.0,0.036230385303497314
train/multiscale,77900.0,0.03680947795510292
train/multiscale,77950.0,0.042005013674497604
train/multiscale,78000.0,0.03578266501426697
train/multiscale,78050.0,0.036801137030124664
train/multiscale,78100.0,0.03573630005121231
train/multiscale,78150.0,0.04146813601255417
train/multiscale,78200.0,0.03964415192604065
train/multiscale,78250.0,0.03848518803715706
train/multiscale,78300.0,0.03592174872756004
train/multiscale,78350.0,0.03488133102655411
train/multiscale,78400.0,0.03630809485912323
train/multiscale,78450.0,0.034576430916786194
train/multiscale,78500.0,0.039608433842659
train/multiscale,78550.0,0.03616080433130264
train/multiscale,78600.0,0.04058653488755226
train/multiscale,78650.0,0.038041941821575165
train/multiscale,78700.0,0.034731343388557434
train/multiscale,78750.0,0.03730326145887375
train/multiscale,78800.0,0.03470784053206444
train/multiscale,78850.0,0.04006023705005646
train/multiscale,78900.0,0.039188846945762634
train/multiscale,78950.0,0.036339275538921356
train/multiscale,79000.0,0.032373297959566116
train/multiscale,79050.0,0.0371299609541893
train/multiscale,79100.0,0.0341644361615181
train/multiscale,79150.0,0.036320652812719345
train/multiscale,79200.0,0.036222267895936966
train/multiscale,79250.0,0.03302391618490219
train/multiscale,79300.0,0.03922342136502266
train/multiscale,79350.0,0.041133079677820206
train/multiscale,79400.0,0.03702540695667267
train/multiscale,79450.0,0.03939918056130409
train/multiscale,79500.0,0.03542076051235199
train/multiscale,79550.0,0.029484517872333527
train/multiscale,79600.0,0.03628964722156525
train/multiscale,79650.0,0.04047955572605133
train/multiscale,79700.0,0.033339619636535645
train/multiscale,79750.0,0.03676442801952362
train/multiscale,79800.0,0.033752262592315674
train/multiscale,79850.0,0.042338065803050995
train/multiscale,79900.0,0.03891290724277496
train/multiscale,79950.0,0.035185012966394424
train/multiscale,80000.0,0.037194594740867615
train/l1_priming,1.0,1.0
train/l1_priming,50.0,1.0
train/l1_priming,100.0,1.0
train/l1_priming,150.0,1.0
train/l1_priming,200.0,1.0
train/l1_priming,250.0,1.0
train/l1_priming,300.0,1.0
train/l1_priming,350.0,1.0
train/l1_priming,400.0,1.0
train/l1_priming,450.0,1.0
train/l1_priming,500.0,1.0
train/l1_priming,550.0,1.0
train/l1_priming,600.0,1.0
train/l1_priming,650.0,1.0
train/l1_priming,700.0,1.0
train/l1_priming,750.0,1.0
train/l1_priming,800.0,1.0
train/l1_priming,850.0,1.0
train/l1_priming,900.0,1.0
train/l1_priming,950.0,1.0
train/l1_priming,1000.0,1.0
train/l1_priming,1050.0,1.0
train/l1_priming,1100.0,1.0
train/l1_priming,1150.0,1.0
train/l1_priming,1200.0,1.0
train/l1_priming,1250.0,1.0
train/l1_priming,1300.0,1.0
train/l1_priming,1350.0,1.0
train/l1_priming,1400.0,1.0
train/l1_priming,1450.0,1.0
train/l1_priming,1500.0,1.0
train/l1_priming,1550.0,1.0
train/l1_priming,1600.0,1.0
train/l1_priming,1650.0,1.0
train/l1_priming,1700.0,1.0
train/l1_priming,1750.0,1.0
train/l1_priming,1800.0,1.0
train/l1_priming,1850.0,1.0
train/l1_priming,1900.0,1.0
train/l1_priming,1950.0,1.0
train/l1_priming,2000.0,1.0
train/l1_priming,2050.0,1.0
train/l1_priming,2100.0,1.0
train/l1_priming,2150.0,1.0
train/l1_priming,2200.0,1.0
train/l1_priming,2250.0,1.0
train/l1_priming,2300.0,1.0
train/l1_priming,2350.0,1.0
train/l1_priming,2400.0,1.0
train/l1_priming,2450.0,1.0
train/l1_priming,2500.0,1.0
train/l1_priming,2550.0,1.0
train/l1_priming,2600.0,1.0
train/l1_priming,2650.0,1.0
train/l1_priming,2700.0,1.0
train/l1_priming,2750.0,1.0
train/l1_priming,2800.0,1.0
train/l1_priming,2850.0,1.0
train/l1_priming,2900.0,1.0
train/l1_priming,2950.0,1.0
train/l1_priming,3000.0,1.0
train/l1_priming,3050.0,1.0
train/l1_priming,3100.0,1.0
train/l1_priming,3150.0,1.0
train/l1_priming,3200.0,1.0
train/l1_priming,3250.0,1.0
train/l1_priming,3300.0,1.0
train/l1_priming,3350.0,1.0
train/l1_priming,3400.0,1.0
train/l1_priming,3450.0,1.0
train/l1_priming,3500.0,1.0
train/l1_priming,3550.0,1.0
train/l1_priming,3600.0,1.0
train/l1_priming,3650.0,1.0
train/l1_priming,3700.0,1.0
train/l1_priming,3750.0,1.0
train/l1_priming,3800.0,1.0
train/l1_priming,3850.0,1.0
train/l1_priming,3900.0,1.0
train/l1_priming,3950.0,1.0
train/l1_priming,4000.0,1.0
train/l1_priming,4050.0,1.0
train/l1_priming,4100.0,1.0
train/l1_priming,4150.0,1.0
train/l1_priming,4200.0,1.0
train/l1_priming,4250.0,1.0
train/l1_priming,4300.0,1.0
train/l1_priming,4350.0,1.0
train/l1_priming,4400.0,1.0
train/l1_priming,4450.0,1.0
train/l1_priming,4500.0,1.0
train/l1_priming,4550.0,1.0
train/l1_priming,4600.0,1.0
train/l1_priming,4650.0,1.0
train/l1_priming,4700.0,1.0
train/l1_priming,4750.0,1.0
train/l1_priming,4800.0,1.0
train/l1_priming,4850.0,1.0
train/l1_priming,4900.0,1.0
train/l1_priming,4950.0,1.0
train/l1_priming,5000.0,1.0
train/l1_priming,5050.0,1.0
train/l1_priming,5100.0,1.0
train/l1_priming,5150.0,1.0
train/l1_priming,5200.0,1.0
train/l1_priming,5250.0,1.0
train/l1_priming,5300.0,1.0
train/l1_priming,5350.0,1.0
train/l1_priming,5400.0,1.0
train/l1_priming,5450.0,1.0
train/l1_priming,5500.0,1.0
train/l1_priming,5550.0,1.0
train/l1_priming,5600.0,1.0
train/l1_priming,5650.0,1.0
train/l1_priming,5700.0,1.0
train/l1_priming,5750.0,1.0
train/l1_priming,5800.0,1.0
train/l1_priming,5850.0,1.0
train/l1_priming,5900.0,1.0
train/l1_priming,5950.0,1.0
train/l1_priming,6000.0,1.0
train/l1_priming,6050.0,1.0
train/l1_priming,6100.0,1.0
train/l1_priming,6150.0,1.0
train/l1_priming,6200.0,1.0
train/l1_priming,6250.0,1.0
train/l1_priming,6300.0,1.0
train/l1_priming,6350.0,1.0
train/l1_priming,6400.0,1.0
train/l1_priming,6450.0,1.0
train/l1_priming,6500.0,1.0
train/l1_priming,6550.0,1.0
train/l1_priming,6600.0,1.0
train/l1_priming,6650.0,1.0
train/l1_priming,6700.0,1.0
train/l1_priming,6750.0,1.0
train/l1_priming,6800.0,1.0
train/l1_priming,6850.0,1.0
train/l1_priming,6900.0,1.0
train/l1_priming,6950.0,1.0
train/l1_priming,7000.0,1.0
train/l1_priming,7050.0,1.0
train/l1_priming,7100.0,1.0
train/l1_priming,7150.0,1.0
train/l1_priming,7200.0,1.0
train/l1_priming,7250.0,1.0
train/l1_priming,7300.0,1.0
train/l1_priming,7350.0,1.0
train/l1_priming,7400.0,1.0
train/l1_priming,7450.0,1.0
train/l1_priming,7500.0,1.0
train/l1_priming,7550.0,1.0
train/l1_priming,7600.0,1.0
train/l1_priming,7650.0,1.0
train/l1_priming,7700.0,1.0
train/l1_priming,7750.0,1.0
train/l1_priming,7800.0,1.0
train/l1_priming,7850.0,1.0
train/l1_priming,7900.0,1.0
train/l1_priming,7950.0,1.0
train/l1_priming,8000.0,1.0
train/l1_priming,8050.0,1.0
train/l1_priming,8100.0,1.0
train/l1_priming,8150.0,1.0
train/l1_priming,8200.0,1.0
train/l1_priming,8250.0,1.0
train/l1_priming,8300.0,1.0
train/l1_priming,8350.0,1.0
train/l1_priming,8400.0,1.0
train/l1_priming,8450.0,1.0
train/l1_priming,8500.0,1.0
train/l1_priming,8550.0,1.0
train/l1_priming,8600.0,1.0
train/l1_priming,8650.0,1.0
train/l1_priming,8700.0,1.0
train/l1_priming,8750.0,1.0
train/l1_priming,8800.0,1.0
train/l1_priming,8850.0,1.0
train/l1_priming,8900.0,1.0
train/l1_priming,8950.0,1.0
train/l1_priming,9000.0,1.0
train/l1_priming,9050.0,1.0
train/l1_priming,9100.0,1.0
train/l1_priming,9150.0,1.0
train/l1_priming,9200.0,1.0
train/l1_priming,9250.0,1.0
train/l1_priming,9300.0,1.0
train/l1_priming,9350.0,1.0
train/l1_priming,9400.0,1.0
train/l1_priming,9450.0,1.0
train/l1_priming,9500.0,1.0
train/l1_priming,9550.0,1.0
train/l1_priming,9600.0,1.0
train/l1_priming,9650.0,1.0
train/l1_priming,9700.0,1.0
train/l1_priming,9750.0,1.0
train/l1_priming,9800.0,1.0
train/l1_priming,9850.0,1.0
train/l1_priming,9900.0,1.0
train/l1_priming,9950.0,1.0
train/l1_priming,10000.0,1.0
train/l1_priming,10050.0,1.0
train/l1_priming,10100.0,1.0
train/l1_priming,10150.0,1.0
train/l1_priming,10200.0,1.0
train/l1_priming,10250.0,1.0
train/l1_priming,10300.0,1.0
train/l1_priming,10350.0,1.0
train/l1_priming,10400.0,1.0
train/l1_priming,10450.0,1.0
train/l1_priming,10500.0,1.0
train/l1_priming,10550.0,1.0
train/l1_priming,10600.0,1.0
train/l1_priming,10650.0,1.0
train/l1_priming,10700.0,1.0
train/l1_priming,10750.0,1.0
train/l1_priming,10800.0,1.0
train/l1_priming,10850.0,1.0
train/l1_priming,10900.0,1.0
train/l1_priming,10950.0,1.0
train/l1_priming,11000.0,1.0
train/l1_priming,11050.0,1.0
train/l1_priming,11100.0,1.0
train/l1_priming,11150.0,1.0
train/l1_priming,11200.0,1.0
train/l1_priming,11250.0,1.0
train/l1_priming,11300.0,1.0
train/l1_priming,11350.0,1.0
train/l1_priming,11400.0,1.0
train/l1_priming,11450.0,1.0
train/l1_priming,11500.0,1.0
train/l1_priming,11550.0,1.0
train/l1_priming,11600.0,1.0
train/l1_priming,11650.0,1.0
train/l1_priming,11700.0,1.0
train/l1_priming,11750.0,1.0
train/l1_priming,11800.0,1.0
train/l1_priming,11850.0,1.0
train/l1_priming,11900.0,1.0
train/l1_priming,11950.0,1.0
train/l1_priming,12000.0,1.0
train/l1_priming,12050.0,1.0
train/l1_priming,12100.0,1.0
train/l1_priming,12150.0,1.0
train/l1_priming,12200.0,1.0
train/l1_priming,12250.0,1.0
train/l1_priming,12300.0,1.0
train/l1_priming,12350.0,1.0
train/l1_priming,12400.0,1.0
train/l1_priming,12450.0,1.0
train/l1_priming,12500.0,1.0
train/l1_priming,12550.0,1.0
train/l1_priming,12600.0,1.0
train/l1_priming,12650.0,1.0
train/l1_priming,12700.0,1.0
train/l1_priming,12750.0,1.0
train/l1_priming,12800.0,1.0
train/l1_priming,12850.0,1.0
train/l1_priming,12900.0,1.0
train/l1_priming,12950.0,1.0
train/l1_priming,13000.0,1.0
train/l1_priming,13050.0,1.0
train/l1_priming,13100.0,1.0
train/l1_priming,13150.0,1.0
train/l1_priming,13200.0,1.0
train/l1_priming,13250.0,1.0
train/l1_priming,13300.0,1.0
train/l1_priming,13350.0,1.0
train/l1_priming,13400.0,1.0
train/l1_priming,13450.0,1.0
train/l1_priming,13500.0,1.0
train/l1_priming,13550.0,1.0
train/l1_priming,13600.0,1.0
train/l1_priming,13650.0,1.0
train/l1_priming,13700.0,1.0
train/l1_priming,13750.0,1.0
train/l1_priming,13800.0,1.0
train/l1_priming,13850.0,1.0
train/l1_priming,13900.0,1.0
train/l1_priming,13950.0,1.0
train/l1_priming,14000.0,1.0
train/l1_priming,14050.0,1.0
train/l1_priming,14100.0,1.0
train/l1_priming,14150.0,1.0
train/l1_priming,14200.0,1.0
train/l1_priming,14250.0,1.0
train/l1_priming,14300.0,1.0
train/l1_priming,14350.0,1.0
train/l1_priming,14400.0,1.0
train/l1_priming,14450.0,1.0
train/l1_priming,14500.0,1.0
train/l1_priming,14550.0,1.0
train/l1_priming,14600.0,1.0
train/l1_priming,14650.0,1.0
train/l1_priming,14700.0,1.0
train/l1_priming,14750.0,1.0
train/l1_priming,14800.0,1.0
train/l1_priming,14850.0,1.0
train/l1_priming,14900.0,1.0
train/l1_priming,14950.0,1.0
train/l1_priming,15000.0,1.0
train/l1_priming,15050.0,1.0
train/l1_priming,15100.0,1.0
train/l1_priming,15150.0,1.0
train/l1_priming,15200.0,1.0
train/l1_priming,15250.0,1.0
train/l1_priming,15300.0,1.0
train/l1_priming,15350.0,1.0
train/l1_priming,15400.0,1.0
train/l1_priming,15450.0,1.0
train/l1_priming,15500.0,1.0
train/l1_priming,15550.0,1.0
train/l1_priming,15600.0,1.0
train/l1_priming,15650.0,1.0
train/l1_priming,15700.0,1.0
train/l1_priming,15750.0,1.0
train/l1_priming,15800.0,1.0
train/l1_priming,15850.0,1.0
train/l1_priming,15900.0,1.0
train/l1_priming,15950.0,1.0
train/l1_priming,16000.0,1.0
train/l1_priming,16050.0,1.0
train/l1_priming,16100.0,1.0
train/l1_priming,16150.0,1.0
train/l1_priming,16200.0,1.0
train/l1_priming,16250.0,1.0
train/l1_priming,16300.0,1.0
train/l1_priming,16350.0,1.0
train/l1_priming,16400.0,1.0
train/l1_priming,16450.0,1.0
train/l1_priming,16500.0,1.0
train/l1_priming,16550.0,1.0
train/l1_priming,16600.0,1.0
train/l1_priming,16650.0,1.0
train/l1_priming,16700.0,1.0
train/l1_priming,16750.0,1.0
train/l1_priming,16800.0,1.0
train/l1_priming,16850.0,1.0
train/l1_priming,16900.0,1.0
train/l1_priming,16950.0,1.0
train/l1_priming,17000.0,1.0
train/l1_priming,17050.0,1.0
train/l1_priming,17100.0,1.0
train/l1_priming,17150.0,1.0
train/l1_priming,17200.0,1.0
train/l1_priming,17250.0,1.0
train/l1_priming,17300.0,1.0
train/l1_priming,17350.0,1.0
train/l1_priming,17400.0,1.0
train/l1_priming,17450.0,1.0
train/l1_priming,17500.0,1.0
train/l1_priming,17550.0,1.0
train/l1_priming,17600.0,1.0
train/l1_priming,17650.0,1.0
train/l1_priming,17700.0,1.0
train/l1_priming,17750.0,1.0
train/l1_priming,17800.0,1.0
train/l1_priming,17850.0,1.0
train/l1_priming,17900.0,1.0
train/l1_priming,17950.0,1.0
train/l1_priming,18000.0,1.0
train/l1_priming,18050.0,1.0
train/l1_priming,18100.0,1.0
train/l1_priming,18150.0,1.0
train/l1_priming,18200.0,1.0
train/l1_priming,18250.0,1.0
train/l1_priming,18300.0,1.0
train/l1_priming,18350.0,1.0
train/l1_priming,18400.0,1.0
train/l1_priming,18450.0,1.0
train/l1_priming,18500.0,1.0
train/l1_priming,18550.0,1.0
train/l1_priming,18600.0,1.0
train/l1_priming,18650.0,1.0
train/l1_priming,18700.0,1.0
train/l1_priming,18750.0,1.0
train/l1_priming,18800.0,1.0
train/l1_priming,18850.0,1.0
train/l1_priming,18900.0,1.0
train/l1_priming,18950.0,1.0
train/l1_priming,19000.0,1.0
train/l1_priming,19050.0,1.0
train/l1_priming,19100.0,1.0
train/l1_priming,19150.0,1.0
train/l1_priming,19200.0,1.0
train/l1_priming,19250.0,1.0
train/l1_priming,19300.0,1.0
train/l1_priming,19350.0,1.0
train/l1_priming,19400.0,1.0
train/l1_priming,19450.0,1.0
train/l1_priming,19500.0,1.0
train/l1_priming,19550.0,1.0
train/l1_priming,19600.0,1.0
train/l1_priming,19650.0,1.0
train/l1_priming,19700.0,1.0
train/l1_priming,19750.0,1.0
train/l1_priming,19800.0,1.0
train/l1_priming,19850.0,1.0
train/l1_priming,19900.0,1.0
train/l1_priming,19950.0,1.0
train/l1_priming,20000.0,1.0
train/l1_priming,20050.0,1.0
train/l1_priming,20100.0,1.0
train/l1_priming,20150.0,1.0
train/l1_priming,20200.0,1.0
train/l1_priming,20250.0,1.0
train/l1_priming,20300.0,1.0
train/l1_priming,20350.0,1.0
train/l1_priming,20400.0,1.0
train/l1_priming,20450.0,1.0
train/l1_priming,20500.0,1.0
train/l1_priming,20550.0,1.0
train/l1_priming,20600.0,1.0
train/l1_priming,20650.0,1.0
train/l1_priming,20700.0,1.0
train/l1_priming,20750.0,1.0
train/l1_priming,20800.0,1.0
train/l1_priming,20850.0,1.0
train/l1_priming,20900.0,1.0
train/l1_priming,20950.0,1.0
train/l1_priming,21000.0,1.0
train/l1_priming,21050.0,1.0
train/l1_priming,21100.0,1.0
train/l1_priming,21150.0,1.0
train/l1_priming,21200.0,1.0
train/l1_priming,21250.0,1.0
train/l1_priming,21300.0,1.0
train/l1_priming,21350.0,1.0
train/l1_priming,21400.0,1.0
train/l1_priming,21450.0,1.0
train/l1_priming,21500.0,1.0
train/l1_priming,21550.0,1.0
train/l1_priming,21600.0,1.0
train/l1_priming,21650.0,1.0
train/l1_priming,21700.0,1.0
train/l1_priming,21750.0,1.0
train/l1_priming,21800.0,1.0
train/l1_priming,21850.0,1.0
train/l1_priming,21900.0,1.0
train/l1_priming,21950.0,1.0
train/l1_priming,22000.0,1.0
train/l1_priming,22050.0,1.0
train/l1_priming,22100.0,1.0
train/l1_priming,22150.0,1.0
train/l1_priming,22200.0,1.0
train/l1_priming,22250.0,1.0
train/l1_priming,22300.0,1.0
train/l1_priming,22350.0,1.0
train/l1_priming,22400.0,1.0
train/l1_priming,22450.0,1.0
train/l1_priming,22500.0,1.0
train/l1_priming,22550.0,1.0
train/l1_priming,22600.0,1.0
train/l1_priming,22650.0,1.0
train/l1_priming,22700.0,1.0
train/l1_priming,22750.0,1.0
train/l1_priming,22800.0,1.0
train/l1_priming,22850.0,1.0
train/l1_priming,22900.0,1.0
train/l1_priming,22950.0,1.0
train/l1_priming,23000.0,1.0
train/l1_priming,23050.0,1.0
train/l1_priming,23100.0,1.0
train/l1_priming,23150.0,1.0
train/l1_priming,23200.0,1.0
train/l1_priming,23250.0,1.0
train/l1_priming,23300.0,1.0
train/l1_priming,23350.0,1.0
train/l1_priming,23400.0,1.0
train/l1_priming,23450.0,1.0
train/l1_priming,23500.0,1.0
train/l1_priming,23550.0,1.0
train/l1_priming,23600.0,1.0
train/l1_priming,23650.0,1.0
train/l1_priming,23700.0,1.0
train/l1_priming,23750.0,1.0
train/l1_priming,23800.0,1.0
train/l1_priming,23850.0,1.0
train/l1_priming,23900.0,1.0
train/l1_priming,23950.0,1.0
train/l1_priming,24000.0,1.0
train/l1_priming,24050.0,1.0
train/l1_priming,24100.0,1.0
train/l1_priming,24150.0,1.0
train/l1_priming,24200.0,1.0
train/l1_priming,24250.0,1.0
train/l1_priming,24300.0,1.0
train/l1_priming,24350.0,1.0
train/l1_priming,24400.0,1.0
train/l1_priming,24450.0,1.0
train/l1_priming,24500.0,1.0
train/l1_priming,24550.0,1.0
train/l1_priming,24600.0,1.0
train/l1_priming,24650.0,1.0
train/l1_priming,24700.0,1.0
train/l1_priming,24750.0,1.0
train/l1_priming,24800.0,1.0
train/l1_priming,24850.0,1.0
train/l1_priming,24900.0,1.0
train/l1_priming,24950.0,1.0
train/l1_priming,25000.0,1.0
train/l1_priming,25050.0,1.0
train/l1_priming,25100.0,1.0
train/l1_priming,25150.0,1.0
train/l1_priming,25200.0,1.0
train/l1_priming,25250.0,1.0
train/l1_priming,25300.0,1.0
train/l1_priming,25350.0,1.0
train/l1_priming,25400.0,1.0
train/l1_priming,25450.0,1.0
train/l1_priming,25500.0,1.0
train/l1_priming,25550.0,1.0
train/l1_priming,25600.0,1.0
train/l1_priming,25650.0,1.0
train/l1_priming,25700.0,1.0
train/l1_priming,25750.0,1.0
train/l1_priming,25800.0,1.0
train/l1_priming,25850.0,1.0
train/l1_priming,25900.0,1.0
train/l1_priming,25950.0,1.0
train/l1_priming,26000.0,1.0
train/l1_priming,26050.0,1.0
train/l1_priming,26100.0,1.0
train/l1_priming,26150.0,1.0
train/l1_priming,26200.0,1.0
train/l1_priming,26250.0,1.0
train/l1_priming,26300.0,1.0
train/l1_priming,26350.0,1.0
train/l1_priming,26400.0,1.0
train/l1_priming,26450.0,1.0
train/l1_priming,26500.0,1.0
train/l1_priming,26550.0,1.0
train/l1_priming,26600.0,1.0
train/l1_priming,26650.0,1.0
train/l1_priming,26700.0,1.0
train/l1_priming,26750.0,1.0
train/l1_priming,26800.0,1.0
train/l1_priming,26850.0,1.0
train/l1_priming,26900.0,1.0
train/l1_priming,26950.0,1.0
train/l1_priming,27000.0,1.0
train/l1_priming,27050.0,1.0
train/l1_priming,27100.0,1.0
train/l1_priming,27150.0,1.0
train/l1_priming,27200.0,1.0
train/l1_priming,27250.0,1.0
train/l1_priming,27300.0,1.0
train/l1_priming,27350.0,1.0
train/l1_priming,27400.0,1.0
train/l1_priming,27450.0,1.0
train/l1_priming,27500.0,1.0
train/l1_priming,27550.0,1.0
train/l1_priming,27600.0,1.0
train/l1_priming,27650.0,1.0
train/l1_priming,27700.0,1.0
train/l1_priming,27750.0,1.0
train/l1_priming,27800.0,1.0
train/l1_priming,27850.0,1.0
train/l1_priming,27900.0,1.0
train/l1_priming,27950.0,1.0
train/l1_priming,28000.0,1.0
train/l1_priming,28050.0,1.0
train/l1_priming,28100.0,1.0
train/l1_priming,28150.0,1.0
train/l1_priming,28200.0,1.0
train/l1_priming,28250.0,1.0
train/l1_priming,28300.0,1.0
train/l1_priming,28350.0,1.0
train/l1_priming,28400.0,1.0
train/l1_priming,28450.0,1.0
train/l1_priming,28500.0,1.0
train/l1_priming,28550.0,1.0
train/l1_priming,28600.0,1.0
train/l1_priming,28650.0,1.0
train/l1_priming,28700.0,1.0
train/l1_priming,28750.0,1.0
train/l1_priming,28800.0,1.0
train/l1_priming,28850.0,1.0
train/l1_priming,28900.0,1.0
train/l1_priming,28950.0,1.0
train/l1_priming,29000.0,1.0
train/l1_priming,29050.0,1.0
train/l1_priming,29100.0,1.0
train/l1_priming,29150.0,1.0
train/l1_priming,29200.0,1.0
train/l1_priming,29250.0,1.0
train/l1_priming,29300.0,1.0
train/l1_priming,29350.0,1.0
train/l1_priming,29400.0,1.0
train/l1_priming,29450.0,1.0
train/l1_priming,29500.0,1.0
train/l1_priming,29550.0,1.0
train/l1_priming,29600.0,1.0
train/l1_priming,29650.0,1.0
train/l1_priming,29700.0,1.0
train/l1_priming,29750.0,1.0
train/l1_priming,29800.0,1.0
train/l1_priming,29850.0,1.0
train/l1_priming,29900.0,1.0
train/l1_priming,29950.0,1.0
train/l1_priming,30000.0,1.0
train/l1_priming,30050.0,1.0
train/l1_priming,30100.0,1.0
train/l1_priming,30150.0,1.0
train/l1_priming,30200.0,1.0
train/l1_priming,30250.0,1.0
train/l1_priming,30300.0,1.0
train/l1_priming,30350.0,1.0
train/l1_priming,30400.0,1.0
train/l1_priming,30450.0,1.0
train/l1_priming,30500.0,1.0
train/l1_priming,30550.0,1.0
train/l1_priming,30600.0,1.0
train/l1_priming,30650.0,1.0
train/l1_priming,30700.0,1.0
train/l1_priming,30750.0,1.0
train/l1_priming,30800.0,1.0
train/l1_priming,30850.0,1.0
train/l1_priming,30900.0,1.0
train/l1_priming,30950.0,1.0
train/l1_priming,31000.0,1.0
train/l1_priming,31050.0,1.0
train/l1_priming,31100.0,1.0
train/l1_priming,31150.0,1.0
train/l1_priming,31200.0,1.0
train/l1_priming,31250.0,1.0
train/l1_priming,31300.0,1.0
train/l1_priming,31350.0,1.0
train/l1_priming,31400.0,1.0
train/l1_priming,31450.0,1.0
train/l1_priming,31500.0,1.0
train/l1_priming,31550.0,1.0
train/l1_priming,31600.0,1.0
train/l1_priming,31650.0,1.0
train/l1_priming,31700.0,1.0
train/l1_priming,31750.0,1.0
train/l1_priming,31800.0,1.0
train/l1_priming,31850.0,1.0
train/l1_priming,31900.0,1.0
train/l1_priming,31950.0,1.0
train/l1_priming,32000.0,1.0
train/l1_priming,32050.0,1.0
train/l1_priming,32100.0,1.0
train/l1_priming,32150.0,1.0
train/l1_priming,32200.0,1.0
train/l1_priming,32250.0,1.0
train/l1_priming,32300.0,1.0
train/l1_priming,32350.0,1.0
train/l1_priming,32400.0,1.0
train/l1_priming,32450.0,1.0
train/l1_priming,32500.0,1.0
train/l1_priming,32550.0,1.0
train/l1_priming,32600.0,1.0
train/l1_priming,32650.0,1.0
train/l1_priming,32700.0,1.0
train/l1_priming,32750.0,1.0
train/l1_priming,32800.0,1.0
train/l1_priming,32850.0,1.0
train/l1_priming,32900.0,1.0
train/l1_priming,32950.0,1.0
train/l1_priming,33000.0,1.0
train/l1_priming,33050.0,1.0
train/l1_priming,33100.0,1.0
train/l1_priming,33150.0,1.0
train/l1_priming,33200.0,1.0
train/l1_priming,33250.0,1.0
train/l1_priming,33300.0,1.0
train/l1_priming,33350.0,1.0
train/l1_priming,33400.0,1.0
train/l1_priming,33450.0,1.0
train/l1_priming,33500.0,1.0
train/l1_priming,33550.0,1.0
train/l1_priming,33600.0,1.0
train/l1_priming,33650.0,1.0
train/l1_priming,33700.0,1.0
train/l1_priming,33750.0,1.0
train/l1_priming,33800.0,1.0
train/l1_priming,33850.0,1.0
train/l1_priming,33900.0,1.0
train/l1_priming,33950.0,1.0
train/l1_priming,34000.0,1.0
train/l1_priming,34050.0,1.0
train/l1_priming,34100.0,1.0
train/l1_priming,34150.0,1.0
train/l1_priming,34200.0,1.0
train/l1_priming,34250.0,1.0
train/l1_priming,34300.0,1.0
train/l1_priming,34350.0,1.0
train/l1_priming,34400.0,1.0
train/l1_priming,34450.0,1.0
train/l1_priming,34500.0,1.0
train/l1_priming,34550.0,1.0
train/l1_priming,34600.0,1.0
train/l1_priming,34650.0,1.0
train/l1_priming,34700.0,1.0
train/l1_priming,34750.0,1.0
train/l1_priming,34800.0,1.0
train/l1_priming,34850.0,1.0
train/l1_priming,34900.0,1.0
train/l1_priming,34950.0,1.0
train/l1_priming,35000.0,1.0
train/l1_priming,35050.0,1.0
train/l1_priming,35100.0,1.0
train/l1_priming,35150.0,1.0
train/l1_priming,35200.0,1.0
train/l1_priming,35250.0,1.0
train/l1_priming,35300.0,1.0
train/l1_priming,35350.0,1.0
train/l1_priming,35400.0,1.0
train/l1_priming,35450.0,1.0
train/l1_priming,35500.0,1.0
train/l1_priming,35550.0,1.0
train/l1_priming,35600.0,1.0
train/l1_priming,35650.0,1.0
train/l1_priming,35700.0,1.0
train/l1_priming,35750.0,1.0
train/l1_priming,35800.0,1.0
train/l1_priming,35850.0,1.0
train/l1_priming,35900.0,1.0
train/l1_priming,35950.0,1.0
train/l1_priming,36000.0,1.0
train/l1_priming,36050.0,1.0
train/l1_priming,36100.0,1.0
train/l1_priming,36150.0,1.0
train/l1_priming,36200.0,1.0
train/l1_priming,36250.0,1.0
train/l1_priming,36300.0,1.0
train/l1_priming,36350.0,1.0
train/l1_priming,36400.0,1.0
train/l1_priming,36450.0,1.0
train/l1_priming,36500.0,1.0
train/l1_priming,36550.0,1.0
train/l1_priming,36600.0,1.0
train/l1_priming,36650.0,1.0
train/l1_priming,36700.0,1.0
train/l1_priming,36750.0,1.0
train/l1_priming,36800.0,1.0
train/l1_priming,36850.0,1.0
train/l1_priming,36900.0,1.0
train/l1_priming,36950.0,1.0
train/l1_priming,37000.0,1.0
train/l1_priming,37050.0,1.0
train/l1_priming,37100.0,1.0
train/l1_priming,37150.0,1.0
train/l1_priming,37200.0,1.0
train/l1_priming,37250.0,1.0
train/l1_priming,37300.0,1.0
train/l1_priming,37350.0,1.0
train/l1_priming,37400.0,1.0
train/l1_priming,37450.0,1.0
train/l1_priming,37500.0,1.0
train/l1_priming,37550.0,1.0
train/l1_priming,37600.0,1.0
train/l1_priming,37650.0,1.0
train/l1_priming,37700.0,1.0
train/l1_priming,37750.0,1.0
train/l1_priming,37800.0,1.0
train/l1_priming,37850.0,1.0
train/l1_priming,37900.0,1.0
train/l1_priming,37950.0,1.0
train/l1_priming,38000.0,1.0
train/l1_priming,38050.0,1.0
train/l1_priming,38100.0,1.0
train/l1_priming,38150.0,1.0
train/l1_priming,38200.0,1.0
train/l1_priming,38250.0,1.0
train/l1_priming,38300.0,1.0
train/l1_priming,38350.0,1.0
train/l1_priming,38400.0,1.0
train/l1_priming,38450.0,1.0
train/l1_priming,38500.0,1.0
train/l1_priming,38550.0,1.0
train/l1_priming,38600.0,1.0
train/l1_priming,38650.0,1.0
train/l1_priming,38700.0,1.0
train/l1_priming,38750.0,1.0
train/l1_priming,38800.0,1.0
train/l1_priming,38850.0,1.0
train/l1_priming,38900.0,1.0
train/l1_priming,38950.0,1.0
train/l1_priming,39000.0,1.0
train/l1_priming,39050.0,1.0
train/l1_priming,39100.0,1.0
train/l1_priming,39150.0,1.0
train/l1_priming,39200.0,1.0
train/l1_priming,39250.0,1.0
train/l1_priming,39300.0,1.0
train/l1_priming,39350.0,1.0
train/l1_priming,39400.0,1.0
train/l1_priming,39450.0,1.0
train/l1_priming,39500.0,1.0
train/l1_priming,39550.0,1.0
train/l1_priming,39600.0,1.0
train/l1_priming,39650.0,1.0
train/l1_priming,39700.0,1.0
train/l1_priming,39750.0,1.0
train/l1_priming,39800.0,1.0
train/l1_priming,39850.0,1.0
train/l1_priming,39900.0,1.0
train/l1_priming,39950.0,1.0
train/l1_priming,40000.0,1.0
train/l1_priming,40050.0,1.0
train/l1_priming,40100.0,1.0
train/l1_priming,40150.0,1.0
train/l1_priming,40200.0,1.0
train/l1_priming,40250.0,1.0
train/l1_priming,40300.0,1.0
train/l1_priming,40350.0,1.0
train/l1_priming,40400.0,1.0
train/l1_priming,40450.0,1.0
train/l1_priming,40500.0,1.0
train/l1_priming,40550.0,1.0
train/l1_priming,40600.0,1.0
train/l1_priming,40650.0,1.0
train/l1_priming,40700.0,1.0
train/l1_priming,40750.0,1.0
train/l1_priming,40800.0,1.0
train/l1_priming,40850.0,1.0
train/l1_priming,40900.0,1.0
train/l1_priming,40950.0,1.0
train/l1_priming,41000.0,1.0
train/l1_priming,41050.0,1.0
train/l1_priming,41100.0,1.0
train/l1_priming,41150.0,1.0
train/l1_priming,41200.0,1.0
train/l1_priming,41250.0,1.0
train/l1_priming,41300.0,1.0
train/l1_priming,41350.0,1.0
train/l1_priming,41400.0,1.0
train/l1_priming,41450.0,1.0
train/l1_priming,41500.0,1.0
train/l1_priming,41550.0,1.0
train/l1_priming,41600.0,1.0
train/l1_priming,41650.0,1.0
train/l1_priming,41700.0,1.0
train/l1_priming,41750.0,1.0
train/l1_priming,41800.0,1.0
train/l1_priming,41850.0,1.0
train/l1_priming,41900.0,1.0
train/l1_priming,41950.0,1.0
train/l1_priming,42000.0,1.0
train/l1_priming,42050.0,1.0
train/l1_priming,42100.0,1.0
train/l1_priming,42150.0,1.0
train/l1_priming,42200.0,1.0
train/l1_priming,42250.0,1.0
train/l1_priming,42300.0,1.0
train/l1_priming,42350.0,1.0
train/l1_priming,42400.0,1.0
train/l1_priming,42450.0,1.0
train/l1_priming,42500.0,1.0
train/l1_priming,42550.0,1.0
train/l1_priming,42600.0,1.0
train/l1_priming,42650.0,1.0
train/l1_priming,42700.0,1.0
train/l1_priming,42750.0,1.0
train/l1_priming,42800.0,1.0
train/l1_priming,42850.0,1.0
train/l1_priming,42900.0,1.0
train/l1_priming,42950.0,1.0
train/l1_priming,43000.0,1.0
train/l1_priming,43050.0,1.0
train/l1_priming,43100.0,1.0
train/l1_priming,43150.0,1.0
train/l1_priming,43200.0,1.0
train/l1_priming,43250.0,1.0
train/l1_priming,43300.0,1.0
train/l1_priming,43350.0,1.0
train/l1_priming,43400.0,1.0
train/l1_priming,43450.0,1.0
train/l1_priming,43500.0,1.0
train/l1_priming,43550.0,1.0
train/l1_priming,43600.0,1.0
train/l1_priming,43650.0,1.0
train/l1_priming,43700.0,1.0
train/l1_priming,43750.0,1.0
train/l1_priming,43800.0,1.0
train/l1_priming,43850.0,1.0
train/l1_priming,43900.0,1.0
train/l1_priming,43950.0,1.0
train/l1_priming,44000.0,1.0
train/l1_priming,44050.0,1.0
train/l1_priming,44100.0,1.0
train/l1_priming,44150.0,1.0
train/l1_priming,44200.0,1.0
train/l1_priming,44250.0,1.0
train/l1_priming,44300.0,1.0
train/l1_priming,44350.0,1.0
train/l1_priming,44400.0,1.0
train/l1_priming,44450.0,1.0
train/l1_priming,44500.0,1.0
train/l1_priming,44550.0,1.0
train/l1_priming,44600.0,1.0
train/l1_priming,44650.0,1.0
train/l1_priming,44700.0,1.0
train/l1_priming,44750.0,1.0
train/l1_priming,44800.0,1.0
train/l1_priming,44850.0,1.0
train/l1_priming,44900.0,1.0
train/l1_priming,44950.0,1.0
train/l1_priming,45000.0,1.0
train/l1_priming,45050.0,1.0
train/l1_priming,45100.0,1.0
train/l1_priming,45150.0,1.0
train/l1_priming,45200.0,1.0
train/l1_priming,45250.0,1.0
train/l1_priming,45300.0,1.0
train/l1_priming,45350.0,1.0
train/l1_priming,45400.0,1.0
train/l1_priming,45450.0,1.0
train/l1_priming,45500.0,1.0
train/l1_priming,45550.0,1.0
train/l1_priming,45600.0,1.0
train/l1_priming,45650.0,1.0
train/l1_priming,45700.0,1.0
train/l1_priming,45750.0,1.0
train/l1_priming,45800.0,1.0
train/l1_priming,45850.0,1.0
train/l1_priming,45900.0,1.0
train/l1_priming,45950.0,1.0
train/l1_priming,46000.0,1.0
train/l1_priming,46050.0,1.0
train/l1_priming,46100.0,1.0
train/l1_priming,46150.0,1.0
train/l1_priming,46200.0,1.0
train/l1_priming,46250.0,1.0
train/l1_priming,46300.0,1.0
train/l1_priming,46350.0,1.0
train/l1_priming,46400.0,1.0
train/l1_priming,46450.0,1.0
train/l1_priming,46500.0,1.0
train/l1_priming,46550.0,1.0
train/l1_priming,46600.0,1.0
train/l1_priming,46650.0,1.0
train/l1_priming,46700.0,1.0
train/l1_priming,46750.0,1.0
train/l1_priming,46800.0,1.0
train/l1_priming,46850.0,1.0
train/l1_priming,46900.0,1.0
train/l1_priming,46950.0,1.0
train/l1_priming,47000.0,1.0
train/l1_priming,47050.0,1.0
train/l1_priming,47100.0,1.0
train/l1_priming,47150.0,1.0
train/l1_priming,47200.0,1.0
train/l1_priming,47250.0,1.0
train/l1_priming,47300.0,1.0
train/l1_priming,47350.0,1.0
train/l1_priming,47400.0,1.0
train/l1_priming,47450.0,1.0
train/l1_priming,47500.0,1.0
train/l1_priming,47550.0,1.0
train/l1_priming,47600.0,1.0
train/l1_priming,47650.0,1.0
train/l1_priming,47700.0,1.0
train/l1_priming,47750.0,1.0
train/l1_priming,47800.0,1.0
train/l1_priming,47850.0,1.0
train/l1_priming,47900.0,1.0
train/l1_priming,47950.0,1.0
train/l1_priming,48000.0,1.0
train/l1_priming,48050.0,1.0
train/l1_priming,48100.0,1.0
train/l1_priming,48150.0,1.0
train/l1_priming,48200.0,1.0
train/l1_priming,48250.0,1.0
train/l1_priming,48300.0,1.0
train/l1_priming,48350.0,1.0
train/l1_priming,48400.0,1.0
train/l1_priming,48450.0,1.0
train/l1_priming,48500.0,1.0
train/l1_priming,48550.0,1.0
train/l1_priming,48600.0,1.0
train/l1_priming,48650.0,1.0
train/l1_priming,48700.0,1.0
train/l1_priming,48750.0,1.0
train/l1_priming,48800.0,1.0
train/l1_priming,48850.0,1.0
train/l1_priming,48900.0,1.0
train/l1_priming,48950.0,1.0
train/l1_priming,49000.0,1.0
train/l1_priming,49050.0,1.0
train/l1_priming,49100.0,1.0
train/l1_priming,49150.0,1.0
train/l1_priming,49200.0,1.0
train/l1_priming,49250.0,1.0
train/l1_priming,49300.0,1.0
train/l1_priming,49350.0,1.0
train/l1_priming,49400.0,1.0
train/l1_priming,49450.0,1.0
train/l1_priming,49500.0,1.0
train/l1_priming,49550.0,1.0
train/l1_priming,49600.0,1.0
train/l1_priming,49650.0,1.0
train/l1_priming,49700.0,1.0
train/l1_priming,49750.0,1.0
train/l1_priming,49800.0,1.0
train/l1_priming,49850.0,1.0
train/l1_priming,49900.0,1.0
train/l1_priming,49950.0,1.0
train/l1_priming,50000.0,1.0
train/l1_priming,50050.0,1.0
train/l1_priming,50100.0,1.0
train/l1_priming,50150.0,1.0
train/l1_priming,50200.0,1.0
train/l1_priming,50250.0,1.0
train/l1_priming,50300.0,1.0
train/l1_priming,50350.0,1.0
train/l1_priming,50400.0,1.0
train/l1_priming,50450.0,1.0
train/l1_priming,50500.0,1.0
train/l1_priming,50550.0,1.0
train/l1_priming,50600.0,1.0
train/l1_priming,50650.0,1.0
train/l1_priming,50700.0,1.0
train/l1_priming,50750.0,1.0
train/l1_priming,50800.0,1.0
train/l1_priming,50850.0,1.0
train/l1_priming,50900.0,1.0
train/l1_priming,50950.0,1.0
train/l1_priming,51000.0,1.0
train/l1_priming,51050.0,1.0
train/l1_priming,51100.0,1.0
train/l1_priming,51150.0,1.0
train/l1_priming,51200.0,1.0
train/l1_priming,51250.0,1.0
train/l1_priming,51300.0,1.0
train/l1_priming,51350.0,1.0
train/l1_priming,51400.0,1.0
train/l1_priming,51450.0,1.0
train/l1_priming,51500.0,1.0
train/l1_priming,51550.0,1.0
train/l1_priming,51600.0,1.0
train/l1_priming,51650.0,1.0
train/l1_priming,51700.0,1.0
train/l1_priming,51750.0,1.0
train/l1_priming,51800.0,1.0
train/l1_priming,51850.0,1.0
train/l1_priming,51900.0,1.0
train/l1_priming,51950.0,1.0
train/l1_priming,52000.0,1.0
train/l1_priming,52050.0,1.0
train/l1_priming,52100.0,1.0
train/l1_priming,52150.0,1.0
train/l1_priming,52200.0,1.0
train/l1_priming,52250.0,1.0
train/l1_priming,52300.0,1.0
train/l1_priming,52350.0,1.0
train/l1_priming,52400.0,1.0
train/l1_priming,52450.0,1.0
train/l1_priming,52500.0,1.0
train/l1_priming,52550.0,1.0
train/l1_priming,52600.0,1.0
train/l1_priming,52650.0,1.0
train/l1_priming,52700.0,1.0
train/l1_priming,52750.0,1.0
train/l1_priming,52800.0,1.0
train/l1_priming,52850.0,1.0
train/l1_priming,52900.0,1.0
train/l1_priming,52950.0,1.0
train/l1_priming,53000.0,1.0
train/l1_priming,53050.0,1.0
train/l1_priming,53100.0,1.0
train/l1_priming,53150.0,1.0
train/l1_priming,53200.0,1.0
train/l1_priming,53250.0,1.0
train/l1_priming,53300.0,1.0
train/l1_priming,53350.0,1.0
train/l1_priming,53400.0,1.0
train/l1_priming,53450.0,1.0
train/l1_priming,53500.0,1.0
train/l1_priming,53550.0,1.0
train/l1_priming,53600.0,1.0
train/l1_priming,53650.0,1.0
train/l1_priming,53700.0,1.0
train/l1_priming,53750.0,1.0
train/l1_priming,53800.0,1.0
train/l1_priming,53850.0,1.0
train/l1_priming,53900.0,1.0
train/l1_priming,53950.0,1.0
train/l1_priming,54000.0,1.0
train/l1_priming,54050.0,1.0
train/l1_priming,54100.0,1.0
train/l1_priming,54150.0,1.0
train/l1_priming,54200.0,1.0
train/l1_priming,54250.0,1.0
train/l1_priming,54300.0,1.0
train/l1_priming,54350.0,1.0
train/l1_priming,54400.0,1.0
train/l1_priming,54450.0,1.0
train/l1_priming,54500.0,1.0
train/l1_priming,54550.0,1.0
train/l1_priming,54600.0,1.0
train/l1_priming,54650.0,1.0
train/l1_priming,54700.0,1.0
train/l1_priming,54750.0,1.0
train/l1_priming,54800.0,1.0
train/l1_priming,54850.0,1.0
train/l1_priming,54900.0,1.0
train/l1_priming,54950.0,1.0
train/l1_priming,55000.0,1.0
train/l1_priming,55050.0,1.0
train/l1_priming,55100.0,1.0
train/l1_priming,55150.0,1.0
train/l1_priming,55200.0,1.0
train/l1_priming,55250.0,1.0
train/l1_priming,55300.0,1.0
train/l1_priming,55350.0,1.0
train/l1_priming,55400.0,1.0
train/l1_priming,55450.0,1.0
train/l1_priming,55500.0,1.0
train/l1_priming,55550.0,1.0
train/l1_priming,55600.0,1.0
train/l1_priming,55650.0,1.0
train/l1_priming,55700.0,1.0
train/l1_priming,55750.0,1.0
train/l1_priming,55800.0,1.0
train/l1_priming,55850.0,1.0
train/l1_priming,55900.0,1.0
train/l1_priming,55950.0,1.0
train/l1_priming,56000.0,1.0
train/l1_priming,56050.0,1.0
train/l1_priming,56100.0,1.0
train/l1_priming,56150.0,1.0
train/l1_priming,56200.0,1.0
train/l1_priming,56250.0,1.0
train/l1_priming,56300.0,1.0
train/l1_priming,56350.0,1.0
train/l1_priming,56400.0,1.0
train/l1_priming,56450.0,1.0
train/l1_priming,56500.0,1.0
train/l1_priming,56550.0,1.0
train/l1_priming,56600.0,1.0
train/l1_priming,56650.0,1.0
train/l1_priming,56700.0,1.0
train/l1_priming,56750.0,1.0
train/l1_priming,56800.0,1.0
train/l1_priming,56850.0,1.0
train/l1_priming,56900.0,1.0
train/l1_priming,56950.0,1.0
train/l1_priming,57000.0,1.0
train/l1_priming,57050.0,1.0
train/l1_priming,57100.0,1.0
train/l1_priming,57150.0,1.0
train/l1_priming,57200.0,1.0
train/l1_priming,57250.0,1.0
train/l1_priming,57300.0,1.0
train/l1_priming,57350.0,1.0
train/l1_priming,57400.0,1.0
train/l1_priming,57450.0,1.0
train/l1_priming,57500.0,1.0
train/l1_priming,57550.0,1.0
train/l1_priming,57600.0,1.0
train/l1_priming,57650.0,1.0
train/l1_priming,57700.0,1.0
train/l1_priming,57750.0,1.0
train/l1_priming,57800.0,1.0
train/l1_priming,57850.0,1.0
train/l1_priming,57900.0,1.0
train/l1_priming,57950.0,1.0
train/l1_priming,58000.0,1.0
train/l1_priming,58050.0,1.0
train/l1_priming,58100.0,1.0
train/l1_priming,58150.0,1.0
train/l1_priming,58200.0,1.0
train/l1_priming,58250.0,1.0
train/l1_priming,58300.0,1.0
train/l1_priming,58350.0,1.0
train/l1_priming,58400.0,1.0
train/l1_priming,58450.0,1.0
train/l1_priming,58500.0,1.0
train/l1_priming,58550.0,1.0
train/l1_priming,58600.0,1.0
train/l1_priming,58650.0,1.0
train/l1_priming,58700.0,1.0
train/l1_priming,58750.0,1.0
train/l1_priming,58800.0,1.0
train/l1_priming,58850.0,1.0
train/l1_priming,58900.0,1.0
train/l1_priming,58950.0,1.0
train/l1_priming,59000.0,1.0
train/l1_priming,59050.0,1.0
train/l1_priming,59100.0,1.0
train/l1_priming,59150.0,1.0
train/l1_priming,59200.0,1.0
train/l1_priming,59250.0,1.0
train/l1_priming,59300.0,1.0
train/l1_priming,59350.0,1.0
train/l1_priming,59400.0,1.0
train/l1_priming,59450.0,1.0
train/l1_priming,59500.0,1.0
train/l1_priming,59550.0,1.0
train/l1_priming,59600.0,1.0
train/l1_priming,59650.0,1.0
train/l1_priming,59700.0,1.0
train/l1_priming,59750.0,1.0
train/l1_priming,59800.0,1.0
train/l1_priming,59850.0,1.0
train/l1_priming,59900.0,1.0
train/l1_priming,59950.0,1.0
train/l1_priming,60000.0,1.0
train/l1_priming,60050.0,0.0
train/l1_priming,60100.0,0.0
train/l1_priming,60150.0,0.0
train/l1_priming,60200.0,0.0
train/l1_priming,60250.0,0.0
train/l1_priming,60300.0,0.0
train/l1_priming,60350.0,0.0
train/l1_priming,60400.0,0.0
train/l1_priming,60450.0,0.0
train/l1_priming,60500.0,0.0
train/l1_priming,60550.0,0.0
train/l1_priming,60600.0,0.0
train/l1_priming,60650.0,0.0
train/l1_priming,60700.0,0.0
train/l1_priming,60750.0,0.0
train/l1_priming,60800.0,0.0
train/l1_priming,60850.0,0.0
train/l1_priming,60900.0,0.0
train/l1_priming,60950.0,0.0
train/l1_priming,61000.0,0.0
train/l1_priming,61050.0,0.0
train/l1_priming,61100.0,0.0
train/l1_priming,61150.0,0.0
train/l1_priming,61200.0,0.0
train/l1_priming,61250.0,0.0
train/l1_priming,61300.0,0.0
train/l1_priming,61350.0,0.0
train/l1_priming,61400.0,0.0
train/l1_priming,61450.0,0.0
train/l1_priming,61500.0,0.0
train/l1_priming,61550.0,0.0
train/l1_priming,61600.0,0.0
train/l1_priming,61650.0,0.0
train/l1_priming,61700.0,0.0
train/l1_priming,61750.0,0.0
train/l1_priming,61800.0,0.0
train/l1_priming,61850.0,0.0
train/l1_priming,61900.0,0.0
train/l1_priming,61950.0,0.0
train/l1_priming,62000.0,0.0
train/l1_priming,62050.0,0.0
train/l1_priming,62100.0,0.0
train/l1_priming,62150.0,0.0
train/l1_priming,62200.0,0.0
train/l1_priming,62250.0,0.0
train/l1_priming,62300.0,0.0
train/l1_priming,62350.0,0.0
train/l1_priming,62400.0,0.0
train/l1_priming,62450.0,0.0
train/l1_priming,62500.0,0.0
train/l1_priming,62550.0,0.0
train/l1_priming,62600.0,0.0
train/l1_priming,62650.0,0.0
train/l1_priming,62700.0,0.0
train/l1_priming,62750.0,0.0
train/l1_priming,62800.0,0.0
train/l1_priming,62850.0,0.0
train/l1_priming,62900.0,0.0
train/l1_priming,62950.0,0.0
train/l1_priming,63000.0,0.0
train/l1_priming,63050.0,0.0
train/l1_priming,63100.0,0.0
train/l1_priming,63150.0,0.0
train/l1_priming,63200.0,0.0
train/l1_priming,63250.0,0.0
train/l1_priming,63300.0,0.0
train/l1_priming,63350.0,0.0
train/l1_priming,63400.0,0.0
train/l1_priming,63450.0,0.0
train/l1_priming,63500.0,0.0
train/l1_priming,63550.0,0.0
train/l1_priming,63600.0,0.0
train/l1_priming,63650.0,0.0
train/l1_priming,63700.0,0.0
train/l1_priming,63750.0,0.0
train/l1_priming,63800.0,0.0
train/l1_priming,63850.0,0.0
train/l1_priming,63900.0,0.0
train/l1_priming,63950.0,0.0
train/l1_priming,64000.0,0.0
train/l1_priming,64050.0,0.0
train/l1_priming,64100.0,0.0
train/l1_priming,64150.0,0.0
train/l1_priming,64200.0,0.0
train/l1_priming,64250.0,0.0
train/l1_priming,64300.0,0.0
train/l1_priming,64350.0,0.0
train/l1_priming,64400.0,0.0
train/l1_priming,64450.0,0.0
train/l1_priming,64500.0,0.0
train/l1_priming,64550.0,0.0
train/l1_priming,64600.0,0.0
train/l1_priming,64650.0,0.0
train/l1_priming,64700.0,0.0
train/l1_priming,64750.0,0.0
train/l1_priming,64800.0,0.0
train/l1_priming,64850.0,0.0
train/l1_priming,64900.0,0.0
train/l1_priming,64950.0,0.0
train/l1_priming,65000.0,0.0
train/l1_priming,65050.0,0.0
train/l1_priming,65100.0,0.0
train/l1_priming,65150.0,0.0
train/l1_priming,65200.0,0.0
train/l1_priming,65250.0,0.0
train/l1_priming,65300.0,0.0
train/l1_priming,65350.0,0.0
train/l1_priming,65400.0,0.0
train/l1_priming,65450.0,0.0
train/l1_priming,65500.0,0.0
train/l1_priming,65550.0,0.0
train/l1_priming,65600.0,0.0
train/l1_priming,65650.0,0.0
train/l1_priming,65700.0,0.0
train/l1_priming,65750.0,0.0
train/l1_priming,65800.0,0.0
train/l1_priming,65850.0,0.0
train/l1_priming,65900.0,0.0
train/l1_priming,65950.0,0.0
train/l1_priming,66000.0,0.0
train/l1_priming,66050.0,0.0
train/l1_priming,66100.0,0.0
train/l1_priming,66150.0,0.0
train/l1_priming,66200.0,0.0
train/l1_priming,66250.0,0.0
train/l1_priming,66300.0,0.0
train/l1_priming,66350.0,0.0
train/l1_priming,66400.0,0.0
train/l1_priming,66450.0,0.0
train/l1_priming,66500.0,0.0
train/l1_priming,66550.0,0.0
train/l1_priming,66600.0,0.0
train/l1_priming,66650.0,0.0
train/l1_priming,66700.0,0.0
train/l1_priming,66750.0,0.0
train/l1_priming,66800.0,0.0
train/l1_priming,66850.0,0.0
train/l1_priming,66900.0,0.0
train/l1_priming,66950.0,0.0
train/l1_priming,67000.0,0.0
train/l1_priming,67050.0,0.0
train/l1_priming,67100.0,0.0
train/l1_priming,67150.0,0.0
train/l1_priming,67200.0,0.0
train/l1_priming,67250.0,0.0
train/l1_priming,67300.0,0.0
train/l1_priming,67350.0,0.0
train/l1_priming,67400.0,0.0
train/l1_priming,67450.0,0.0
train/l1_priming,67500.0,0.0
train/l1_priming,67550.0,0.0
train/l1_priming,67600.0,0.0
train/l1_priming,67650.0,0.0
train/l1_priming,67700.0,0.0
train/l1_priming,67750.0,0.0
train/l1_priming,67800.0,0.0
train/l1_priming,67850.0,0.0
train/l1_priming,67900.0,0.0
train/l1_priming,67950.0,0.0
train/l1_priming,68000.0,0.0
train/l1_priming,68050.0,0.0
train/l1_priming,68100.0,0.0
train/l1_priming,68150.0,0.0
train/l1_priming,68200.0,0.0
train/l1_priming,68250.0,0.0
train/l1_priming,68300.0,0.0
train/l1_priming,68350.0,0.0
train/l1_priming,68400.0,0.0
train/l1_priming,68450.0,0.0
train/l1_priming,68500.0,0.0
train/l1_priming,68550.0,0.0
train/l1_priming,68600.0,0.0
train/l1_priming,68650.0,0.0
train/l1_priming,68700.0,0.0
train/l1_priming,68750.0,0.0
train/l1_priming,68800.0,0.0
train/l1_priming,68850.0,0.0
train/l1_priming,68900.0,0.0
train/l1_priming,68950.0,0.0
train/l1_priming,69000.0,0.0
train/l1_priming,69050.0,0.0
train/l1_priming,69100.0,0.0
train/l1_priming,69150.0,0.0
train/l1_priming,69200.0,0.0
train/l1_priming,69250.0,0.0
train/l1_priming,69300.0,0.0
train/l1_priming,69350.0,0.0
train/l1_priming,69400.0,0.0
train/l1_priming,69450.0,0.0
train/l1_priming,69500.0,0.0
train/l1_priming,69550.0,0.0
train/l1_priming,69600.0,0.0
train/l1_priming,69650.0,0.0
train/l1_priming,69700.0,0.0
train/l1_priming,69750.0,0.0
train/l1_priming,69800.0,0.0
train/l1_priming,69850.0,0.0
train/l1_priming,69900.0,0.0
train/l1_priming,69950.0,0.0
train/l1_priming,70000.0,0.0
train/l1_priming,70050.0,0.0
train/l1_priming,70100.0,0.0
train/l1_priming,70150.0,0.0
train/l1_priming,70200.0,0.0
train/l1_priming,70250.0,0.0
train/l1_priming,70300.0,0.0
train/l1_priming,70350.0,0.0
train/l1_priming,70400.0,0.0
train/l1_priming,70450.0,0.0
train/l1_priming,70500.0,0.0
train/l1_priming,70550.0,0.0
train/l1_priming,70600.0,0.0
train/l1_priming,70650.0,0.0
train/l1_priming,70700.0,0.0
train/l1_priming,70750.0,0.0
train/l1_priming,70800.0,0.0
train/l1_priming,70850.0,0.0
train/l1_priming,70900.0,0.0
train/l1_priming,70950.0,0.0
train/l1_priming,71000.0,0.0
train/l1_priming,71050.0,0.0
train/l1_priming,71100.0,0.0
train/l1_priming,71150.0,0.0
train/l1_priming,71200.0,0.0
train/l1_priming,71250.0,0.0
train/l1_priming,71300.0,0.0
train/l1_priming,71350.0,0.0
train/l1_priming,71400.0,0.0
train/l1_priming,71450.0,0.0
train/l1_priming,71500.0,0.0
train/l1_priming,71550.0,0.0
train/l1_priming,71600.0,0.0
train/l1_priming,71650.0,0.0
train/l1_priming,71700.0,0.0
train/l1_priming,71750.0,0.0
train/l1_priming,71800.0,0.0
train/l1_priming,71850.0,0.0
train/l1_priming,71900.0,0.0
train/l1_priming,71950.0,0.0
train/l1_priming,72000.0,0.0
train/l1_priming,72050.0,0.0
train/l1_priming,72100.0,0.0
train/l1_priming,72150.0,0.0
train/l1_priming,72200.0,0.0
train/l1_priming,72250.0,0.0
train/l1_priming,72300.0,0.0
train/l1_priming,72350.0,0.0
train/l1_priming,72400.0,0.0
train/l1_priming,72450.0,0.0
train/l1_priming,72500.0,0.0
train/l1_priming,72550.0,0.0
train/l1_priming,72600.0,0.0
train/l1_priming,72650.0,0.0
train/l1_priming,72700.0,0.0
train/l1_priming,72750.0,0.0
train/l1_priming,72800.0,0.0
train/l1_priming,72850.0,0.0
train/l1_priming,72900.0,0.0
train/l1_priming,72950.0,0.0
train/l1_priming,73000.0,0.0
train/l1_priming,73050.0,0.0
train/l1_priming,73100.0,0.0
train/l1_priming,73150.0,0.0
train/l1_priming,73200.0,0.0
train/l1_priming,73250.0,0.0
train/l1_priming,73300.0,0.0
train/l1_priming,73350.0,0.0
train/l1_priming,73400.0,0.0
train/l1_priming,73450.0,0.0
train/l1_priming,73500.0,0.0
train/l1_priming,73550.0,0.0
train/l1_priming,73600.0,0.0
train/l1_priming,73650.0,0.0
train/l1_priming,73700.0,0.0
train/l1_priming,73750.0,0.0
train/l1_priming,73800.0,0.0
train/l1_priming,73850.0,0.0
train/l1_priming,73900.0,0.0
train/l1_priming,73950.0,0.0
train/l1_priming,74000.0,0.0
train/l1_priming,74050.0,0.0
train/l1_priming,74100.0,0.0
train/l1_priming,74150.0,0.0
train/l1_priming,74200.0,0.0
train/l1_priming,74250.0,0.0
train/l1_priming,74300.0,0.0
train/l1_priming,74350.0,0.0
train/l1_priming,74400.0,0.0
train/l1_priming,74450.0,0.0
train/l1_priming,74500.0,0.0
train/l1_priming,74550.0,0.0
train/l1_priming,74600.0,0.0
train/l1_priming,74650.0,0.0
train/l1_priming,74700.0,0.0
train/l1_priming,74750.0,0.0
train/l1_priming,74800.0,0.0
train/l1_priming,74850.0,0.0
train/l1_priming,74900.0,0.0
train/l1_priming,74950.0,0.0
train/l1_priming,75000.0,0.0
train/l1_priming,75050.0,0.0
train/l1_priming,75100.0,0.0
train/l1_priming,75150.0,0.0
train/l1_priming,75200.0,0.0
train/l1_priming,75250.0,0.0
train/l1_priming,75300.0,0.0
train/l1_priming,75350.0,0.0
train/l1_priming,75400.0,0.0
train/l1_priming,75450.0,0.0
train/l1_priming,75500.0,0.0
train/l1_priming,75550.0,0.0
train/l1_priming,75600.0,0.0
train/l1_priming,75650.0,0.0
train/l1_priming,75700.0,0.0
train/l1_priming,75750.0,0.0
train/l1_priming,75800.0,0.0
train/l1_priming,75850.0,0.0
train/l1_priming,75900.0,0.0
train/l1_priming,75950.0,0.0
train/l1_priming,76000.0,0.0
train/l1_priming,76050.0,0.0
train/l1_priming,76100.0,0.0
train/l1_priming,76150.0,0.0
train/l1_priming,76200.0,0.0
train/l1_priming,76250.0,0.0
train/l1_priming,76300.0,0.0
train/l1_priming,76350.0,0.0
train/l1_priming,76400.0,0.0
train/l1_priming,76450.0,0.0
train/l1_priming,76500.0,0.0
train/l1_priming,76550.0,0.0
train/l1_priming,76600.0,0.0
train/l1_priming,76650.0,0.0
train/l1_priming,76700.0,0.0
train/l1_priming,76750.0,0.0
train/l1_priming,76800.0,0.0
train/l1_priming,76850.0,0.0
train/l1_priming,76900.0,0.0
train/l1_priming,76950.0,0.0
train/l1_priming,77000.0,0.0
train/l1_priming,77050.0,0.0
train/l1_priming,77100.0,0.0
train/l1_priming,77150.0,0.0
train/l1_priming,77200.0,0.0
train/l1_priming,77250.0,0.0
train/l1_priming,77300.0,0.0
train/l1_priming,77350.0,0.0
train/l1_priming,77400.0,0.0
train/l1_priming,77450.0,0.0
train/l1_priming,77500.0,0.0
train/l1_priming,77550.0,0.0
train/l1_priming,77600.0,0.0
train/l1_priming,77650.0,0.0
train/l1_priming,77700.0,0.0
train/l1_priming,77750.0,0.0
train/l1_priming,77800.0,0.0
train/l1_priming,77850.0,0.0
train/l1_priming,77900.0,0.0
train/l1_priming,77950.0,0.0
train/l1_priming,78000.0,0.0
train/l1_priming,78050.0,0.0
train/l1_priming,78100.0,0.0
train/l1_priming,78150.0,0.0
train/l1_priming,78200.0,0.0
train/l1_priming,78250.0,0.0
train/l1_priming,78300.0,0.0
train/l1_priming,78350.0,0.0
train/l1_priming,78400.0,0.0
train/l1_priming,78450.0,0.0
train/l1_priming,78500.0,0.0
train/l1_priming,78550.0,0.0
train/l1_priming,78600.0,0.0
train/l1_priming,78650.0,0.0
train/l1_priming,78700.0,0.0
train/l1_priming,78750.0,0.0
train/l1_priming,78800.0,0.0
train/l1_priming,78850.0,0.0
train/l1_priming,78900.0,0.0
train/l1_priming,78950.0,0.0
train/l1_priming,79000.0,0.0
train/l1_priming,79050.0,0.0
train/l1_priming,79100.0,0.0
train/l1_priming,79150.0,0.0
train/l1_priming,79200.0,0.0
train/l1_priming,79250.0,0.0
train/l1_priming,79300.0,0.0
train/l1_priming,79350.0,0.0
train/l1_priming,79400.0,0.0
train/l1_priming,79450.0,0.0
train/l1_priming,79500.0,0.0
train/l1_priming,79550.0,0.0
train/l1_priming,79600.0,0.0
train/l1_priming,79650.0,0.0
train/l1_priming,79700.0,0.0
train/l1_priming,79750.0,0.0
train/l1_priming,79800.0,0.0
train/l1_priming,79850.0,0.0
train/l1_priming,79900.0,0.0
train/l1_priming,79950.0,0.0
train/l1_priming,80000.0,0.0
train/learning_rate,1.0,2.0000000233721948e-07
train/learning_rate,50.0,9.999999747378752e-06
train/learning_rate,100.0,1.9999999494757503e-05
train/learning_rate,150.0,2.9999999242136255e-05
train/learning_rate,200.0,3.9999998989515007e-05
train/learning_rate,250.0,4.999999873689376e-05
train/learning_rate,300.0,5.999999848427251e-05
train/learning_rate,350.0,7.000000186963007e-05
train/learning_rate,400.0,7.999999797903001e-05
train/learning_rate,450.0,9.000000136438757e-05
train/learning_rate,500.0,9.999999747378752e-05
train/learning_rate,550.0,9.999983740272e-05
train/learning_rate,600.0,9.999934991355985e-05
train/learning_rate,650.0,9.999852773034945e-05
train/learning_rate,700.0,9.999737812904641e-05
train/learning_rate,750.0,9.999589383369312e-05
train/learning_rate,800.0,9.999408212024719e-05
train/learning_rate,850.0,9.9991935712751e-05
train/learning_rate,900.0,9.998946188716218e-05
train/learning_rate,950.0,9.99866533675231e-05
train/learning_rate,1000.0,9.998351742979139e-05
train/learning_rate,1050.0,9.998004679800943e-05
train/learning_rate,1100.0,9.997624874813482e-05
train/learning_rate,1150.0,9.997211600420997e-05
train/learning_rate,1200.0,9.996765584219247e-05
train/learning_rate,1250.0,9.996286098612472e-05
train/learning_rate,1300.0,9.995773871196434e-05
train/learning_rate,1350.0,9.99522817437537e-05
train/learning_rate,1400.0,9.994649735745043e-05
train/learning_rate,1450.0,9.994038555305451e-05
train/learning_rate,1500.0,9.993393905460835e-05
train/learning_rate,1550.0,9.992715786211193e-05
train/learning_rate,1600.0,9.992004925152287e-05
train/learning_rate,1650.0,9.991261322284117e-05
train/learning_rate,1700.0,9.990484977606684e-05
train/learning_rate,1750.0,9.989675163524225e-05
train/learning_rate,1800.0,9.988831880036741e-05
train/learning_rate,1850.0,9.987955854739994e-05
train/learning_rate,1900.0,9.987047087633982e-05
train/learning_rate,1950.0,9.986104851122946e-05
train/learning_rate,2000.0,9.985129872802645e-05
train/learning_rate,2050.0,9.98412215267308e-05
train/learning_rate,2100.0,9.983080963138491e-05
train/learning_rate,2150.0,9.982007031794637e-05
train/learning_rate,2200.0,9.98090035864152e-05
train/learning_rate,2250.0,9.979760216083378e-05
train/learning_rate,2300.0,9.978587331715971e-05
train/learning_rate,2350.0,9.977381705539301e-05
train/learning_rate,2400.0,9.976143337553367e-05
train/learning_rate,2450.0,9.974871500162408e-05
train/learning_rate,2500.0,9.973566920962185e-05
train/learning_rate,2550.0,9.972228872356936e-05
train/learning_rate,2600.0,9.970858809538186e-05
train/learning_rate,2650.0,9.96945527731441e-05
train/learning_rate,2700.0,9.96801900328137e-05
train/learning_rate,2750.0,9.966549987439066e-05
train/learning_rate,2800.0,9.965047502191737e-05
train/learning_rate,2850.0,9.963513002730906e-05
train/learning_rate,2900.0,9.96194503386505e-05
train/learning_rate,2950.0,9.960344323189929e-05
train/learning_rate,3000.0,9.958711598301306e-05
train/learning_rate,3050.0,9.957044676411897e-05
train/learning_rate,3100.0,9.955345740308985e-05
train/learning_rate,3150.0,9.95361406239681e-05
train/learning_rate,3200.0,9.95184964267537e-05
train/learning_rate,3250.0,9.950052481144667e-05
train/learning_rate,3300.0,9.948221850208938e-05
train/learning_rate,3350.0,9.946359205059707e-05
train/learning_rate,3400.0,9.944463818101212e-05
train/learning_rate,3450.0,9.942534961737692e-05
train/learning_rate,3500.0,9.94057409116067e-05
train/learning_rate,3550.0,9.938580478774384e-05
train/learning_rate,3600.0,9.936554124578834e-05
train/learning_rate,3650.0,9.93449502857402e-05
train/learning_rate,3700.0,9.932403190759942e-05
train/learning_rate,3750.0,9.930279338732362e-05
train/learning_rate,3800.0,9.928122017299756e-05
train/learning_rate,3850.0,9.925932681653649e-05
train/learning_rate,3900.0,9.923710604198277e-05
train/learning_rate,3950.0,9.921455784933642e-05
train/learning_rate,4000.0,9.919168223859742e-05
train/learning_rate,4050.0,9.91684864857234e-05
train/learning_rate,4100.0,9.914496331475675e-05
train/learning_rate,4150.0,9.912111272569746e-05
train/learning_rate,4200.0,9.909694199450314e-05
train/learning_rate,4250.0,9.907244384521618e-05
train/learning_rate,4300.0,9.904761827783659e-05
train/learning_rate,4350.0,9.902247256832197e-05
train/learning_rate,4400.0,9.899699944071472e-05
train/learning_rate,4450.0,9.897120617097244e-05
train/learning_rate,4500.0,9.894508548313752e-05
train/learning_rate,4550.0,9.891863737720996e-05
train/learning_rate,4600.0,9.8891876405105e-05
train/learning_rate,4650.0,9.886478073894978e-05
train/learning_rate,4700.0,9.883737220661715e-05
train/learning_rate,4750.0,9.880963625619188e-05
train/learning_rate,4800.0,9.878157288767397e-05
train/learning_rate,4850.0,9.875319665297866e-05
train/learning_rate,4900.0,9.87244930001907e-05
train/learning_rate,4950.0,9.869546192931011e-05
train/learning_rate,5000.0,9.866611799225211e-05
train/learning_rate,5050.0,9.863644663710147e-05
train/learning_rate,5100.0,9.860645513981581e-05
train/learning_rate,5150.0,9.857614350039512e-05
train/learning_rate,5200.0,9.854550444288179e-05
train/learning_rate,5250.0,9.851455251919106e-05
train/learning_rate,5300.0,9.84832804533653e-05
train/learning_rate,5350.0,9.84516809694469e-05
train/learning_rate,5400.0,9.841976861935109e-05
train/learning_rate,5450.0,9.838752885116264e-05
train/learning_rate,5500.0,9.835497621679679e-05
train/learning_rate,5550.0,9.832209616433829e-05
train/learning_rate,5600.0,9.828890324570239e-05
train/learning_rate,5650.0,9.825539018493146e-05
train/learning_rate,5700.0,9.82215569820255e-05
train/learning_rate,5750.0,9.818740363698453e-05
train/learning_rate,5800.0,9.815293742576614e-05
train/learning_rate,5850.0,9.811814379645512e-05
train/learning_rate,5900.0,9.808303730096668e-05
train/learning_rate,5950.0,9.804761793930084e-05
train/learning_rate,6000.0,9.801187115954235e-05
train/learning_rate,6050.0,9.797581878956407e-05
train/learning_rate,6100.0,9.793943900149316e-05
train/learning_rate,6150.0,9.790274634724483e-05
train/learning_rate,6200.0,9.786574082681909e-05
train/learning_rate,6250.0,9.782841516425833e-05
train/learning_rate,6300.0,9.779077663552016e-05
train/learning_rate,6350.0,9.775281796464697e-05
train/learning_rate,6400.0,9.771454642759636e-05
train/learning_rate,6450.0,9.767596202436835e-05
train/learning_rate,6500.0,9.763705747900531e-05
train/learning_rate,6550.0,9.759784006746486e-05
train/learning_rate,6600.0,9.7558309789747e-05
train/learning_rate,6650.0,9.751846664585173e-05
train/learning_rate,6700.0,9.747831063577905e-05
train/learning_rate,6750.0,9.743783448357135e-05
train/learning_rate,6800.0,9.739705274114385e-05
train/learning_rate,6850.0,9.735595085658133e-05
train/learning_rate,6900.0,9.731454338179901e-05
train/learning_rate,6950.0,9.727281576488167e-05
train/learning_rate,7000.0,9.723078255774453e-05
train/learning_rate,7050.0,9.718843648442999e-05
train/learning_rate,7100.0,9.714577754493803e-05
train/learning_rate,7150.0,9.710281301522627e-05
train/learning_rate,7200.0,9.70595283433795e-05
train/learning_rate,7250.0,9.701593808131292e-05
train/learning_rate,7300.0,9.697203495306894e-05
train/learning_rate,7350.0,9.692782623460516e-05
train/learning_rate,7400.0,9.688330464996397e-05
train/learning_rate,7450.0,9.683847747510299e-05
train/learning_rate,7500.0,9.67933374340646e-05
train/learning_rate,7550.0,9.674789180280641e-05
train/learning_rate,7600.0,9.670213330537081e-05
train/learning_rate,7650.0,9.665606921771541e-05
train/learning_rate,7700.0,9.660969953984022e-05
train/learning_rate,7750.0,9.656301699578762e-05
train/learning_rate,7800.0,9.651602886151522e-05
train/learning_rate,7850.0,9.646873513702303e-05
train/learning_rate,7900.0,9.642113582231104e-05
train/learning_rate,7950.0,9.637323091737926e-05
train/learning_rate,8000.0,9.632502042222768e-05
train/learning_rate,8050.0,9.62765043368563e-05
train/learning_rate,8100.0,9.622768266126513e-05
train/learning_rate,8150.0,9.617855539545417e-05
train/learning_rate,8200.0,9.61291225394234e-05
train/learning_rate,8250.0,9.607939136913046e-05
train/learning_rate,8300.0,9.602934733266011e-05
train/learning_rate,8350.0,9.597900498192757e-05
train/learning_rate,8400.0,9.592836431693286e-05
train/learning_rate,8450.0,9.587741078576073e-05
train/learning_rate,8500.0,9.582615894032642e-05
train/learning_rate,8550.0,9.577460878062993e-05
train/learning_rate,8600.0,9.572275303071365e-05
train/learning_rate,8650.0,9.567059896653518e-05
train/learning_rate,8700.0,9.561814658809453e-05
train/learning_rate,8750.0,9.556538861943409e-05
train/learning_rate,8800.0,9.551233233651146e-05
train/learning_rate,8850.0,9.545897773932666e-05
train/learning_rate,8900.0,9.540531755192205e-05
train/learning_rate,8950.0,9.535136632621288e-05
train/learning_rate,9000.0,9.529710951028392e-05
train/learning_rate,9050.0,9.524255438009277e-05
train/learning_rate,9100.0,9.518770821159706e-05
train/learning_rate,9150.0,9.513255645288154e-05
train/learning_rate,9200.0,9.507711365586147e-05
train/learning_rate,9250.0,9.502137254457921e-05
train/learning_rate,9300.0,9.496533311903477e-05
train/learning_rate,9350.0,9.490900265518576e-05
train/learning_rate,9400.0,9.485237387707457e-05
train/learning_rate,9450.0,9.47954467847012e-05
train/learning_rate,9500.0,9.473822865402326e-05
train/learning_rate,9550.0,9.468071948504075e-05
train/learning_rate,9600.0,9.462291200179607e-05
train/learning_rate,9650.0,9.45648062042892e-05
train/learning_rate,9700.0,9.450641664443538e-05
train/learning_rate,9750.0,9.444772877031937e-05
train/learning_rate,9800.0,9.43887498578988e-05
train/learning_rate,9850.0,9.432947263121605e-05
train/learning_rate,9900.0,9.426991164218634e-05
train/learning_rate,9950.0,9.421005961485207e-05
train/learning_rate,10000.0,9.414991654921323e-05
train/learning_rate,10050.0,9.408948244526982e-05
train/learning_rate,10100.0,9.402875730302185e-05
train/learning_rate,10150.0,9.39677411224693e-05
train/learning_rate,10200.0,9.39064339036122e-05
train/learning_rate,10250.0,9.384484292240813e-05
train/learning_rate,10300.0,9.378296817885712e-05
train/learning_rate,10350.0,9.372079512104392e-05
train/learning_rate,10400.0,9.365834557684138e-05
train/learning_rate,10450.0,9.359559771837667e-05
train/learning_rate,10500.0,9.353257337352261e-05
train/learning_rate,10550.0,9.346925799036399e-05
train/learning_rate,10600.0,9.340565884485841e-05
train/learning_rate,10650.0,9.334177593700588e-05
train/learning_rate,10700.0,9.327760199084878e-05
train/learning_rate,10750.0,9.321315155830234e-05
train/learning_rate,10800.0,9.314841008745134e-05
train/learning_rate,10850.0,9.3083392130211e-05
train/learning_rate,10900.0,9.30180904106237e-05
train/learning_rate,10950.0,9.295250492868945e-05
train/learning_rate,11000.0,9.288663568440825e-05
train/learning_rate,11050.0,9.282048267778009e-05
train/learning_rate,11100.0,9.27540531847626e-05
train/learning_rate,11150.0,9.268733992939815e-05
train/learning_rate,11200.0,9.262035018764436e-05
train/learning_rate,11250.0,9.255308395950124e-05
train/learning_rate,11300.0,9.248553396901116e-05
train/learning_rate,11350.0,9.241770021617413e-05
train/learning_rate,11400.0,9.234959725290537e-05
train/learning_rate,11450.0,9.228121052728966e-05
train/learning_rate,11500.0,9.221254731528461e-05
train/learning_rate,11550.0,9.214360761689022e-05
train/learning_rate,11600.0,9.207439870806411e-05
train/learning_rate,11650.0,9.200490603689104e-05
train/learning_rate,11700.0,9.193513687932864e-05
train/learning_rate,11750.0,9.186509851133451e-05
train/learning_rate,11800.0,9.179478365695104e-05
train/learning_rate,11850.0,9.172419231617823e-05
train/learning_rate,11900.0,9.16533317649737e-05
train/learning_rate,11950.0,9.158219472737983e-05
train/learning_rate,12000.0,9.151078847935423e-05
train/learning_rate,12050.0,9.14391057449393e-05
train/learning_rate,12100.0,9.136716107605025e-05
train/learning_rate,12150.0,9.129493992077187e-05
train/learning_rate,12200.0,9.122244227910414e-05
train/learning_rate,12250.0,9.114968270296231e-05
train/learning_rate,12300.0,9.107665391638875e-05
train/learning_rate,12350.0,9.100334864342585e-05
train/learning_rate,12400.0,9.092978143598884e-05
train/learning_rate,12450.0,9.085594501812011e-05
train/learning_rate,12500.0,9.078183938981965e-05
train/learning_rate,12550.0,9.070747182704508e-05
train/learning_rate,12600.0,9.063283505383879e-05
train/learning_rate,12650.0,9.055792907020077e-05
train/learning_rate,12700.0,9.048276115208864e-05
train/learning_rate,12750.0,9.04073312995024e-05
train/learning_rate,12800.0,9.033163223648444e-05
train/learning_rate,12850.0,9.025567123899236e-05
train/learning_rate,12900.0,9.017944830702618e-05
train/learning_rate,12950.0,9.010296344058588e-05
train/learning_rate,13000.0,9.002621663967147e-05
train/learning_rate,13050.0,8.994920062832534e-05
train/learning_rate,13100.0,8.987192995846272e-05
train/learning_rate,13150.0,8.979440463008359e-05
train/learning_rate,13200.0,8.971661009127274e-05
train/learning_rate,13250.0,8.96385608939454e-05
train/learning_rate,13300.0,8.956024976214394e-05
train/learning_rate,13350.0,8.948168397182599e-05
train/learning_rate,13400.0,8.940285624703392e-05
train/learning_rate,13450.0,8.932377386372536e-05
train/learning_rate,13500.0,8.924443682190031e-05
train/learning_rate,13550.0,8.916483784560114e-05
train/learning_rate,13600.0,8.908498421078548e-05
train/learning_rate,13650.0,8.900488319341093e-05
train/learning_rate,13700.0,8.892452024156228e-05
train/learning_rate,13750.0,8.884390263119712e-05
train/learning_rate,13800.0,8.876303763827309e-05
train/learning_rate,13850.0,8.868191798683256e-05
train/learning_rate,13900.0,8.860054367687553e-05
train/learning_rate,13950.0,8.851892198435962e-05
train/learning_rate,14000.0,8.843704563332722e-05
train/learning_rate,14050.0,8.835492189973593e-05
train/learning_rate,14100.0,8.827254350762814e-05
train/learning_rate,14150.0,8.818991773296148e-05
train/learning_rate,14200.0,8.810704457573593e-05
train/learning_rate,14250.0,8.80239240359515e-05
train/learning_rate,14300.0,8.794055611360818e-05
train/learning_rate,14350.0,8.785694080870599e-05
train/learning_rate,14400.0,8.777307812124491e-05
train/learning_rate,14450.0,8.768896805122495e-05
train/learning_rate,14500.0,8.76046105986461e-05
train/learning_rate,14550.0,8.7520013039466e-05
train/learning_rate,14600.0,8.743517537368461e-05
train/learning_rate,14650.0,8.735008304938674e-05
train/learning_rate,14700.0,8.726475789444521e-05
train/learning_rate,14750.0,8.71791853569448e-05
train/learning_rate,14800.0,8.709337271284312e-05
train/learning_rate,14850.0,8.700731996214017e-05
train/learning_rate,14900.0,8.692102710483596e-05
train/learning_rate,14950.0,8.683448686497286e-05
train/learning_rate,15000.0,8.674771379446611e-05
train/learning_rate,15050.0,8.666070061735809e-05
train/learning_rate,15100.0,8.657345460960642e-05
train/learning_rate,15150.0,8.648596121929586e-05
train/learning_rate,15200.0,8.639824227429926e-05
train/learning_rate,15250.0,8.631027594674379e-05
train/learning_rate,15300.0,8.622208406450227e-05
train/learning_rate,15350.0,8.613365207565948e-05
train/learning_rate,15400.0,8.604497998021543e-05
train/learning_rate,15450.0,8.595608233008534e-05
train/learning_rate,15500.0,8.586695184931159e-05
train/learning_rate,15550.0,8.577758126193658e-05
train/learning_rate,15600.0,8.568798511987552e-05
train/learning_rate,15650.0,8.559815614717081e-05
train/learning_rate,15700.0,8.550809434382245e-05
train/learning_rate,15750.0,8.541780698578805e-05
train/learning_rate,15800.0,8.532728679710999e-05
train/learning_rate,15850.0,8.52365410537459e-05
train/learning_rate,15900.0,8.514556247973815e-05
train/learning_rate,15950.0,8.505435835104436e-05
train/learning_rate,16000.0,8.496292866766453e-05
train/learning_rate,16050.0,8.487127342959866e-05
train/learning_rate,16100.0,8.477939263684675e-05
train/learning_rate,16150.0,8.46872862894088e-05
train/learning_rate,16200.0,8.459495438728482e-05
train/learning_rate,16250.0,8.450239693047479e-05
train/learning_rate,16300.0,8.440962119493634e-05
train/learning_rate,16350.0,8.431661990471184e-05
train/learning_rate,16400.0,8.422339305980131e-05
train/learning_rate,16450.0,8.412994793616235e-05
train/learning_rate,16500.0,8.403628453379497e-05
train/learning_rate,16550.0,8.394240285269916e-05
train/learning_rate,16600.0,8.384830289287493e-05
train/learning_rate,16650.0,8.375397737836465e-05
train/learning_rate,16700.0,8.365944086108357e-05
train/learning_rate,16750.0,8.356467878911644e-05
train/learning_rate,16800.0,8.34697057143785e-05
train/learning_rate,16850.0,8.337452163686976e-05
train/learning_rate,16900.0,8.327911928063259e-05
train/learning_rate,16950.0,8.318349864566699e-05
train/learning_rate,17000.0,8.308766700793058e-05
train/learning_rate,17050.0,8.299161709146574e-05
train/learning_rate,17100.0,8.289536344818771e-05
train/learning_rate,17150.0,8.279889152618125e-05
train/learning_rate,17200.0,8.270220860140398e-05
train/learning_rate,17250.0,8.260532194981351e-05
train/learning_rate,17300.0,8.250821701949462e-05
train/learning_rate,17350.0,8.241090836236253e-05
train/learning_rate,17400.0,8.231338870245963e-05
train/learning_rate,17450.0,8.221565803978592e-05
train/learning_rate,17500.0,8.211772365029901e-05
train/learning_rate,17550.0,8.20195855339989e-05
train/learning_rate,17600.0,8.192123641492799e-05
train/learning_rate,17650.0,8.182269084500149e-05
train/learning_rate,17700.0,8.172393427230418e-05
train/learning_rate,17750.0,8.162497397279367e-05
train/learning_rate,17800.0,8.152580994646996e-05
train/learning_rate,17850.0,8.142644946929067e-05
train/learning_rate,17900.0,8.132687798934057e-05
train/learning_rate,17950.0,8.12271173344925e-05
train/learning_rate,18000.0,8.112714567687362e-05
train/learning_rate,18050.0,8.102697756839916e-05
train/learning_rate,18100.0,8.092661300906911e-05
train/learning_rate,18150.0,8.082605199888349e-05
train/learning_rate,18200.0,8.072528726188466e-05
train/learning_rate,18250.0,8.062433334998786e-05
train/learning_rate,18300.0,8.052317571127787e-05
train/learning_rate,18350.0,8.042182889766991e-05
train/learning_rate,18400.0,8.032028563320637e-05
train/learning_rate,18450.0,8.021854591788724e-05
train/learning_rate,18500.0,8.011661702767015e-05
train/learning_rate,18550.0,8.001449168659747e-05
train/learning_rate,18600.0,7.991217717062682e-05
train/learning_rate,18650.0,7.98096734797582e-05
train/learning_rate,18700.0,7.9706973338034e-05
train/learning_rate,18750.0,7.960409129736945e-05
train/learning_rate,18800.0,7.950101280584931e-05
train/learning_rate,18850.0,7.939775241538882e-05
train/learning_rate,18900.0,7.929430285003036e-05
train/learning_rate,18950.0,7.919066410977393e-05
train/learning_rate,19000.0,7.908683619461954e-05
train/learning_rate,19050.0,7.89828336564824e-05
train/learning_rate,19100.0,7.887863466748968e-05
train/learning_rate,19150.0,7.877426105551422e-05
train/learning_rate,19200.0,7.866969826864079e-05
train/learning_rate,19250.0,7.8564953582827e-05
train/learning_rate,19300.0,7.846003427403048e-05
train/learning_rate,19350.0,7.835492579033598e-05
train/learning_rate,19400.0,7.824964268365875e-05
train/learning_rate,19450.0,7.814417767804116e-05
train/learning_rate,19500.0,7.803853077348322e-05
train/learning_rate,19550.0,7.793270924594253e-05
train/learning_rate,19600.0,7.782671309541911e-05
train/learning_rate,19650.0,7.772053504595533e-05
train/learning_rate,19700.0,7.761418964946643e-05
train/learning_rate,19750.0,7.750766235403717e-05
train/learning_rate,19800.0,7.740096043562517e-05
train/learning_rate,19850.0,7.729408389423043e-05
train/learning_rate,19900.0,7.718704000581056e-05
train/learning_rate,19950.0,7.707982149440795e-05
train/learning_rate,20000.0,7.69724283600226e-05
train/learning_rate,20050.0,7.686486787861213e-05
train/learning_rate,20100.0,7.675714005017653e-05
train/learning_rate,20150.0,7.664923759875819e-05
train/learning_rate,20200.0,7.654116780031472e-05
train/learning_rate,20250.0,7.643293793080375e-05
train/learning_rate,20300.0,7.632453343831003e-05
train/learning_rate,20350.0,7.621596159879118e-05
train/learning_rate,20400.0,7.610722968820482e-05
train/learning_rate,20450.0,7.599833043059334e-05
train/learning_rate,20500.0,7.588927110191435e-05
train/learning_rate,20550.0,7.578004442621022e-05
train/learning_rate,20600.0,7.567065767943859e-05
train/learning_rate,20650.0,7.556111086159945e-05
train/learning_rate,20700.0,7.545139669673517e-05
train/learning_rate,20750.0,7.5341529736761e-05
train/learning_rate,20800.0,7.523150270571932e-05
train/learning_rate,20850.0,7.512131560361013e-05
train/learning_rate,20900.0,7.501096843043342e-05
train/learning_rate,20950.0,7.490046846214682e-05
train/learning_rate,21000.0,7.47898084227927e-05
train/learning_rate,21050.0,7.467899558832869e-05
train/learning_rate,21100.0,7.456802995875478e-05
train/learning_rate,21150.0,7.445691153407097e-05
train/learning_rate,21200.0,7.434563303831965e-05
train/learning_rate,21250.0,7.423420902341604e-05
train/learning_rate,21300.0,7.412263221340254e-05
train/learning_rate,21350.0,7.401090260827914e-05
train/learning_rate,21400.0,7.389902020804584e-05
train/learning_rate,21450.0,7.378699228866026e-05
train/learning_rate,21500.0,7.367481885012239e-05
train/learning_rate,21550.0,7.356249261647463e-05
train/learning_rate,21600.0,7.345002086367458e-05
train/learning_rate,21650.0,7.333740359172225e-05
train/learning_rate,21700.0,7.322464080061764e-05
train/learning_rate,21750.0,7.311173976631835e-05
train/learning_rate,21800.0,7.299868593690917e-05
train/learning_rate,21850.0,7.288549386430532e-05
train/learning_rate,21900.0,7.277215627254918e-05
train/learning_rate,21950.0,7.265868043759838e-05
train/learning_rate,22000.0,7.25450663594529e-05
train/learning_rate,22050.0,7.243130676215515e-05
train/learning_rate,22100.0,7.231741619762033e-05
train/learning_rate,22150.0,7.220338011393324e-05
train/learning_rate,22200.0,7.208921306300908e-05
train/learning_rate,22250.0,7.197490049293265e-05
train/learning_rate,22300.0,7.186045695561916e-05
train/learning_rate,22350.0,7.174588245106861e-05
train/learning_rate,22400.0,7.16311697033234e-05
train/learning_rate,22450.0,7.151632598834112e-05
train/learning_rate,22500.0,7.140134403016418e-05
train/learning_rate,22550.0,7.12862383807078e-05
train/learning_rate,22600.0,7.117099448805675e-05
train/learning_rate,22650.0,7.105562690412626e-05
train/learning_rate,22700.0,7.09401210770011e-05
train/learning_rate,22750.0,7.08244988345541e-05
train/learning_rate,22800.0,7.070873834891245e-05
train/learning_rate,22850.0,7.059285417199135e-05
train/learning_rate,22900.0,7.047684630379081e-05
train/learning_rate,22950.0,7.036071474431083e-05
train/learning_rate,23000.0,7.024445221759379e-05
train/learning_rate,23050.0,7.012806599959731e-05
train/learning_rate,23100.0,7.0011563366279e-05
train/learning_rate,23150.0,6.989493704168126e-05
train/learning_rate,23200.0,6.977818702580407e-05
train/learning_rate,23250.0,6.966132059460506e-05
train/learning_rate,23300.0,6.95443304721266e-05
train/learning_rate,23350.0,6.942722393432632e-05
train/learning_rate,23400.0,6.93099937052466e-05
train/learning_rate,23450.0,6.919265433680266e-05
train/learning_rate,23500.0,6.907519127707928e-05
train/learning_rate,23550.0,6.89576190779917e-05
train/learning_rate,23600.0,6.883993046358228e-05
train/learning_rate,23650.0,6.872212543385103e-05
train/learning_rate,23700.0,6.860421126475558e-05
train/learning_rate,23750.0,6.84861806803383e-05
train/learning_rate,23800.0,6.83680409565568e-05
train/learning_rate,23850.0,6.824979209341109e-05
train/learning_rate,23900.0,6.813142681494355e-05
train/learning_rate,23950.0,6.801295967306942e-05
train/learning_rate,24000.0,6.789438339183107e-05
train/learning_rate,24050.0,6.777569797122851e-05
train/learning_rate,24100.0,6.765690341126174e-05
train/learning_rate,24150.0,6.753800698788837e-05
train/learning_rate,24200.0,6.74190087011084e-05
train/learning_rate,24250.0,6.729990127496421e-05
train/learning_rate,24300.0,6.718069198541343e-05
train/learning_rate,24350.0,6.706138083245605e-05
train/learning_rate,24400.0,6.694196781609207e-05
train/learning_rate,24450.0,6.68224529363215e-05
train/learning_rate,24500.0,6.670284346910194e-05
train/learning_rate,24550.0,6.658313213847578e-05
train/learning_rate,24600.0,6.646331894444302e-05
train/learning_rate,24650.0,6.634341116296127e-05
train/learning_rate,24700.0,6.622340879403055e-05
train/learning_rate,24750.0,6.610331183765084e-05
train/learning_rate,24800.0,6.598311301786453e-05
train/learning_rate,24850.0,6.586282688658684e-05
train/learning_rate,24900.0,6.574244616786018e-05
train/learning_rate,24950.0,6.562197086168453e-05
train/learning_rate,25000.0,6.55014009680599e-05
train/learning_rate,25050.0,6.538075103890151e-05
train/learning_rate,25100.0,6.525999924633652e-05
train/learning_rate,25150.0,6.513916741823778e-05
train/learning_rate,25200.0,6.501824827864766e-05
train/learning_rate,25250.0,6.489723455160856e-05
train/learning_rate,25300.0,6.477614078903571e-05
train/learning_rate,25350.0,6.465495971497148e-05
train/learning_rate,25400.0,6.453369132941589e-05
train/learning_rate,25450.0,6.441233563236892e-05
train/learning_rate,25500.0,6.429090717574582e-05
train/learning_rate,25550.0,6.416939140763134e-05
train/learning_rate,25600.0,6.40477956039831e-05
train/learning_rate,25650.0,6.39261124888435e-05
train/learning_rate,25700.0,6.380435661412776e-05
train/learning_rate,25750.0,6.368252070387825e-05
train/learning_rate,25800.0,6.3560604758095e-05
train/learning_rate,25850.0,6.34386160527356e-05
train/learning_rate,25900.0,6.331654731184244e-05
train/learning_rate,25950.0,6.319440581137314e-05
train/learning_rate,26000.0,6.30721915513277e-05
train/learning_rate,26050.0,6.294989725574851e-05
train/learning_rate,26100.0,6.282753747655079e-05
train/learning_rate,26150.0,6.270509766181931e-05
train/learning_rate,26200.0,6.25825923634693e-05
train/learning_rate,26250.0,6.246001430554315e-05
train/learning_rate,26300.0,6.233737076399848e-05
train/learning_rate,26350.0,6.221465446287766e-05
train/learning_rate,26400.0,6.209187267813832e-05
train/learning_rate,26450.0,6.196901813382283e-05
train/learning_rate,26500.0,6.184610538184643e-05
train/learning_rate,26550.0,6.17231271462515e-05
train/learning_rate,26600.0,6.160007615108043e-05
train/learning_rate,26650.0,6.147697422420606e-05
train/learning_rate,26700.0,6.135379953775555e-05
train/learning_rate,26750.0,6.123056664364412e-05
train/learning_rate,26800.0,6.110727554187179e-05
train/learning_rate,26850.0,6.098391895648092e-05
train/learning_rate,26900.0,6.086050780140795e-05
train/learning_rate,26950.0,6.0737034800695255e-05
train/learning_rate,27000.0,6.0613507230300456e-05
train/learning_rate,27050.0,6.0489921452244744e-05
train/learning_rate,27100.0,6.0366281104506925e-05
train/learning_rate,27150.0,6.0242586187087e-05
train/learning_rate,27200.0,6.011883669998497e-05
train/learning_rate,27250.0,5.999503628117964e-05
train/learning_rate,27300.0,5.98711812926922e-05
train/learning_rate,27350.0,5.974727537250146e-05
train/learning_rate,27400.0,5.962331852060743e-05
train/learning_rate,27450.0,5.949931073701009e-05
train/learning_rate,27500.0,5.9375255659688264e-05
train/learning_rate,27550.0,5.9251153288641945e-05
train/learning_rate,27600.0,5.912700362387113e-05
train/learning_rate,27650.0,5.900280666537583e-05
train/learning_rate,27700.0,5.887856605113484e-05
train/learning_rate,27750.0,5.875427814316936e-05
train/learning_rate,27800.0,5.8629950217437e-05
train/learning_rate,27850.0,5.8505578635958955e-05
train/learning_rate,27900.0,5.8381163398735225e-05
train/learning_rate,27950.0,5.825670814374462e-05
train/learning_rate,28000.0,5.813221287098713e-05
train/learning_rate,28050.0,5.800767758046277e-05
train/learning_rate,28100.0,5.7883105910150334e-05
train/learning_rate,28150.0,5.775849422207102e-05
train/learning_rate,28200.0,5.763384615420364e-05
train/learning_rate,28250.0,5.750916534452699e-05
train/learning_rate,28300.0,5.738444815506227e-05
train/learning_rate,28350.0,5.7259694585809484e-05
train/learning_rate,28400.0,5.713491191272624e-05
train/learning_rate,28450.0,5.701009285985492e-05
train/learning_rate,28500.0,5.688524470315315e-05
train/learning_rate,28550.0,5.676036380464211e-05
train/learning_rate,28600.0,5.6635457440279424e-05
train/learning_rate,28650.0,5.6510518334107473e-05
train/learning_rate,28700.0,5.638555376208387e-05
train/learning_rate,28750.0,5.6260560086229816e-05
train/learning_rate,28800.0,5.613554094452411e-05
train/learning_rate,28850.0,5.601049633696675e-05
train/learning_rate,28900.0,5.588542626355775e-05
train/learning_rate,28950.0,5.57603343622759e-05
train/learning_rate,29000.0,5.563522063312121e-05
train/learning_rate,29050.0,5.551008143811487e-05
train/learning_rate,29100.0,5.538492405321449e-05
train/learning_rate,29150.0,5.525974484044127e-05
train/learning_rate,29200.0,5.513454743777402e-05
train/learning_rate,29250.0,5.500933184521273e-05
train/learning_rate,29300.0,5.488410170073621e-05
train/learning_rate,29350.0,5.475884972838685e-05
train/learning_rate,29400.0,5.463358320412226e-05
train/learning_rate,29450.0,5.450830576592125e-05
train/learning_rate,29500.0,5.4383010137826204e-05
train/learning_rate,29550.0,5.425770359579474e-05
train/learning_rate,29600.0,5.413238250184804e-05
train/learning_rate,29650.0,5.4007050493964925e-05
train/learning_rate,29700.0,5.3881711210124195e-05
train/learning_rate,29750.0,5.3756357374368235e-05
train/learning_rate,29800.0,5.363099990063347e-05
train/learning_rate,29850.0,5.350563151296228e-05
train/learning_rate,29900.0,5.338025584933348e-05
train/learning_rate,29950.0,5.3254872909747064e-05
train/learning_rate,30000.0,5.312948633218184e-05
train/learning_rate,30050.0,5.300409611663781e-05
train/learning_rate,30100.0,5.2878702263114974e-05
train/learning_rate,30150.0,5.275330477161333e-05
train/learning_rate,30200.0,5.2627907280111685e-05
train/learning_rate,30250.0,5.250250978861004e-05
train/learning_rate,30300.0,5.237710865912959e-05
train/learning_rate,30350.0,5.2251711167627946e-05
train/learning_rate,30400.0,5.21263136761263e-05
train/learning_rate,30450.0,5.2000919822603464e-05
train/learning_rate,30500.0,5.187552596908063e-05
train/learning_rate,30550.0,5.1750139391515404e-05
train/learning_rate,30600.0,5.1624760089907795e-05
train/learning_rate,30650.0,5.1499384426278993e-05
train/learning_rate,30700.0,5.1374016038607806e-05
train/learning_rate,30750.0,5.124865492689423e-05
train/learning_rate,30800.0,5.112330472911708e-05
train/learning_rate,30850.0,5.099796180729754e-05
train/learning_rate,30900.0,5.0872629799414426e-05
train/learning_rate,30950.0,5.074730870546773e-05
train/learning_rate,31000.0,5.0622002163436264e-05
train/learning_rate,31050.0,5.049670653534122e-05
train/learning_rate,31100.0,5.03714254591614e-05
train/learning_rate,31150.0,5.024615893489681e-05
train/learning_rate,31200.0,5.012091060052626e-05
train/learning_rate,31250.0,4.999567681807093e-05
train/learning_rate,31300.0,4.9870457587530836e-05
train/learning_rate,31350.0,4.974526018486358e-05
train/learning_rate,31400.0,4.9620080972090364e-05
train/learning_rate,31450.0,4.949492358718999e-05
train/learning_rate,31500.0,4.9369784392183647e-05
train/learning_rate,31550.0,4.9244670663028955e-05
train/learning_rate,31600.0,4.91195751237683e-05
train/learning_rate,31650.0,4.8994505050359294e-05
train/learning_rate,31700.0,4.886946044280194e-05
train/learning_rate,31750.0,4.874444130109623e-05
train/learning_rate,31800.0,4.8619447625242174e-05
train/learning_rate,31850.0,4.8494479415239766e-05
train/learning_rate,31900.0,4.8369540309067816e-05
train/learning_rate,31950.0,4.824463030672632e-05
train/learning_rate,32000.0,4.8119749408215284e-05
train/learning_rate,32050.0,4.799490125151351e-05
train/learning_rate,32100.0,4.7870082198642194e-05
train/learning_rate,32150.0,4.774529588758014e-05
train/learning_rate,32200.0,4.762054231832735e-05
train/learning_rate,32250.0,4.749582149088383e-05
train/learning_rate,32300.0,4.737113704322837e-05
train/learning_rate,32350.0,4.724648897536099e-05
train/learning_rate,32400.0,4.712187728728168e-05
train/learning_rate,32450.0,4.699730561696924e-05
train/learning_rate,32500.0,4.687276668846607e-05
train/learning_rate,32550.0,4.6748271415708587e-05
train/learning_rate,32600.0,4.662381252273917e-05
train/learning_rate,32650.0,4.649939728551544e-05
train/learning_rate,32700.0,4.63750257040374e-05
train/learning_rate,32750.0,4.625069414032623e-05
train/learning_rate,32800.0,4.612640623236075e-05
train/learning_rate,32850.0,4.6002161980140954e-05
train/learning_rate,32900.0,4.587796502164565e-05
train/learning_rate,32950.0,4.575381171889603e-05
train/learning_rate,33000.0,4.5629705709870905e-05
train/learning_rate,33050.0,4.550565063254908e-05
train/learning_rate,33100.0,4.538164284895174e-05
train/learning_rate,33150.0,4.52576823590789e-05
train/learning_rate,33200.0,4.513377643888816e-05
train/learning_rate,33250.0,4.500991781242192e-05
train/learning_rate,33300.0,4.488611375563778e-05
train/learning_rate,33350.0,4.476236063055694e-05
train/learning_rate,33400.0,4.4638665713137016e-05
train/learning_rate,33450.0,4.451502172742039e-05
train/learning_rate,33500.0,4.439143594936468e-05
train/learning_rate,33550.0,4.426790474099107e-05
train/learning_rate,33600.0,4.414443174027838e-05
train/learning_rate,33650.0,4.40210169472266e-05
train/learning_rate,33700.0,4.389766036183573e-05
train/learning_rate,33750.0,4.377436198410578e-05
train/learning_rate,33800.0,4.3651129089994356e-05
train/learning_rate,33850.0,4.3527954403543845e-05
train/learning_rate,33900.0,4.340484520071186e-05
train/learning_rate,33950.0,4.328179420554079e-05
train/learning_rate,34000.0,4.3158812331967056e-05
train/learning_rate,34050.0,4.303589594201185e-05
train/learning_rate,34100.0,4.291304139769636e-05
train/learning_rate,34150.0,4.279025597497821e-05
train/learning_rate,34200.0,4.266753967385739e-05
train/learning_rate,34250.0,4.25448888563551e-05
train/learning_rate,34300.0,4.242231079842895e-05
train/learning_rate,34350.0,4.229979822412133e-05
train/learning_rate,34400.0,4.217736204736866e-05
train/learning_rate,34450.0,4.2054994992213324e-05
train/learning_rate,34500.0,4.193270069663413e-05
train/learning_rate,34550.0,4.1810479160631076e-05
train/learning_rate,34600.0,4.168833402218297e-05
train/learning_rate,34650.0,4.1566265281289816e-05
train/learning_rate,34700.0,4.14442692999728e-05
train/learning_rate,34750.0,4.1322353354189545e-05
train/learning_rate,34800.0,4.1200513805961236e-05
train/learning_rate,34850.0,4.1078754293266684e-05
train/learning_rate,34900.0,4.095707117812708e-05
train/learning_rate,34950.0,4.083547173650004e-05
train/learning_rate,35000.0,4.0713952330406755e-05
train/learning_rate,35050.0,4.0592516597826034e-05
train/learning_rate,35100.0,4.047116090077907e-05
train/learning_rate,35150.0,4.034989251522347e-05
train/learning_rate,35200.0,4.022870780318044e-05
train/learning_rate,35250.0,4.010760676464997e-05
train/learning_rate,35300.0,3.9986593037610874e-05
train/learning_rate,35350.0,3.9865666622063145e-05
train/learning_rate,35400.0,3.974482751800679e-05
train/learning_rate,35450.0,3.9624079363420606e-05
train/learning_rate,35500.0,3.9503418520325795e-05
train/learning_rate,35550.0,3.938285226467997e-05
train/learning_rate,35600.0,3.926237332052551e-05
train/learning_rate,35650.0,3.914198896382004e-05
train/learning_rate,35700.0,3.9021695556584746e-05
train/learning_rate,35750.0,3.8901496736798435e-05
train/learning_rate,35800.0,3.878139250446111e-05
train/learning_rate,35850.0,3.8661386497551575e-05
train/learning_rate,35900.0,3.8541475078091025e-05
train/learning_rate,35950.0,3.842166188405827e-05
train/learning_rate,36000.0,3.830194327747449e-05
train/learning_rate,36050.0,3.818232653429732e-05
train/learning_rate,36100.0,3.806281165452674e-05
train/learning_rate,36150.0,3.7943395000183955e-05
train/learning_rate,36200.0,3.782407657126896e-05
train/learning_rate,36250.0,3.770486364373937e-05
train/learning_rate,36300.0,3.758575621759519e-05
train/learning_rate,36350.0,3.7466750654857606e-05
train/learning_rate,36400.0,3.734784695552662e-05
train/learning_rate,36450.0,3.722905239555985e-05
train/learning_rate,36500.0,3.711036333697848e-05
train/learning_rate,36550.0,3.6991783417761326e-05
train/learning_rate,36600.0,3.687330899992958e-05
train/learning_rate,36650.0,3.675494372146204e-05
train/learning_rate,36700.0,3.663668758235872e-05
train/learning_rate,36750.0,3.6518544220598415e-05
train/learning_rate,36800.0,3.6400509998202324e-05
train/learning_rate,36850.0,3.628258855314925e-05
train/learning_rate,36900.0,3.61647798854392e-05
train/learning_rate,36950.0,3.604708763305098e-05
train/learning_rate,37000.0,3.5929508158005774e-05
train/learning_rate,37050.0,3.58120450982824e-05
train/learning_rate,37100.0,3.569469481590204e-05
train/learning_rate,37150.0,3.5577464586822316e-05
train/learning_rate,37200.0,3.546035441104323e-05
train/learning_rate,37250.0,3.5343360650585964e-05
train/learning_rate,37300.0,3.5226486943429336e-05
train/learning_rate,37350.0,3.510973328957334e-05
train/learning_rate,37400.0,3.499309968901798e-05
train/learning_rate,37450.0,3.487658977974206e-05
train/learning_rate,37500.0,3.476019992376678e-05
train/learning_rate,37550.0,3.464393739704974e-05
train/learning_rate,37600.0,3.452779492363334e-05
train/learning_rate,37650.0,3.441178341745399e-05
train/learning_rate,37700.0,3.429589560255408e-05
train/learning_rate,37750.0,3.418013147893362e-05
train/learning_rate,37800.0,3.406449832255021e-05
train/learning_rate,37850.0,3.3948992495425045e-05
train/learning_rate,37900.0,3.383361763553694e-05
train/learning_rate,37950.0,3.371837010490708e-05
train/learning_rate,38000.0,3.3603257179493085e-05
train/learning_rate,38050.0,3.348827158333734e-05
train/learning_rate,38100.0,3.337342059239745e-05
train/learning_rate,38150.0,3.325870420667343e-05
train/learning_rate,38200.0,3.314412242616527e-05
train/learning_rate,38250.0,3.302967161289416e-05
train/learning_rate,38300.0,3.291535904281773e-05
train/learning_rate,38350.0,3.280118471593596e-05
train/learning_rate,38400.0,3.2687144994270056e-05
train/learning_rate,38450.0,3.257324351579882e-05
train/learning_rate,38500.0,3.245948028052226e-05
train/learning_rate,38550.0,3.234585892641917e-05
train/learning_rate,38600.0,3.223237581551075e-05
train/learning_rate,38650.0,3.2119038223754615e-05
train/learning_rate,38700.0,3.200583887519315e-05
train/learning_rate,38750.0,3.189278140780516e-05
train/learning_rate,38800.0,3.1779869459569454e-05
train/learning_rate,38850.0,3.166710303048603e-05
train/learning_rate,38900.0,3.155447848257609e-05
train/learning_rate,38950.0,3.144200309179723e-05
train/learning_rate,39000.0,3.132967322017066e-05
train/learning_rate,39050.0,3.121749250567518e-05
train/learning_rate,39100.0,3.1105457310331985e-05
train/learning_rate,39150.0,3.099357127211988e-05
train/learning_rate,39200.0,3.088183802901767e-05
train/learning_rate,39250.0,3.0770253943046555e-05
train/learning_rate,39300.0,3.065881901420653e-05
train/learning_rate,39350.0,3.054754051845521e-05
train/learning_rate,39400.0,3.0436411179834977e-05
train/learning_rate,39450.0,3.032543827430345e-05
train/learning_rate,39500.0,3.0214618163881823e-05
train/learning_rate,39550.0,3.01039544865489e-05
train/learning_rate,39600.0,2.9993447242304683e-05
train/learning_rate,39650.0,2.988309643114917e-05
train/learning_rate,39700.0,2.9772902053082362e-05
train/learning_rate,39750.0,2.9662867746083066e-05
train/learning_rate,39800.0,2.955299169116188e-05
train/learning_rate,39850.0,2.9443275707308203e-05
train/learning_rate,39900.0,2.9333721613511443e-05
train/learning_rate,39950.0,2.9224327590782195e-05
train/learning_rate,40000.0,2.9115095458109863e-05
train/learning_rate,40050.0,2.900602703448385e-05
train/learning_rate,40100.0,2.8897122319904156e-05
train/learning_rate,40150.0,2.878838131437078e-05
train/learning_rate,40200.0,2.8679807655862533e-05
train/learning_rate,40250.0,2.8571397706400603e-05
train/learning_rate,40300.0,2.84631551039638e-05
train/learning_rate,40350.0,2.8355081667541526e-05
train/learning_rate,40400.0,2.824717557814438e-05
train/learning_rate,40450.0,2.8139436835772358e-05
train/learning_rate,40500.0,2.803186907840427e-05
train/learning_rate,40550.0,2.7924472306040116e-05
train/learning_rate,40600.0,2.7817246518679895e-05
train/learning_rate,40650.0,2.771019353531301e-05
train/learning_rate,40700.0,2.760331153695006e-05
train/learning_rate,40750.0,2.749660416156985e-05
train/learning_rate,40800.0,2.739007140917238e-05
train/learning_rate,40850.0,2.728371327975765e-05
train/learning_rate,40900.0,2.7177531592315063e-05
train/learning_rate,40950.0,2.7071524527855217e-05
train/learning_rate,41000.0,2.696569572435692e-05
train/learning_rate,41050.0,2.686004518182017e-05
train/learning_rate,41100.0,2.6754572900244966e-05
train/learning_rate,41150.0,2.6649280698620714e-05
train/learning_rate,41200.0,2.6544168576947413e-05
train/learning_rate,41250.0,2.6439236535225064e-05
train/learning_rate,41300.0,2.633448639244307e-05
train/learning_rate,41350.0,2.6229918148601428e-05
train/learning_rate,41400.0,2.6125533622689545e-05
train/learning_rate,41450.0,2.6021334633696824e-05
train/learning_rate,41500.0,2.5917317543644458e-05
train/learning_rate,41550.0,2.5813485990511253e-05
train/learning_rate,41600.0,2.5709841793286614e-05
train/learning_rate,41650.0,2.5606383132981136e-05
train/learning_rate,41700.0,2.5503113647573628e-05
train/learning_rate,41750.0,2.540002969908528e-05
train/learning_rate,41800.0,2.5297136744484305e-05
train/learning_rate,41850.0,2.51944329647813e-05
train/learning_rate,41900.0,2.5091918359976262e-05
train/learning_rate,41950.0,2.4989596568048e-05
train/learning_rate,42000.0,2.488746577000711e-05
train/learning_rate,42050.0,2.4785525965853594e-05
train/learning_rate,42100.0,2.4683780793566257e-05
train/learning_rate,42150.0,2.45822302531451e-05
train/learning_rate,42200.0,2.4480872525600716e-05
train/learning_rate,42250.0,2.4379711248911917e-05
train/learning_rate,42300.0,2.4278744604089297e-05
train/learning_rate,42350.0,2.4177976229111664e-05
train/learning_rate,42400.0,2.4077404304989614e-05
train/learning_rate,42450.0,2.397703065071255e-05
train/learning_rate,42500.0,2.3876857085269876e-05
train/learning_rate,42550.0,2.377688178967219e-05
train/learning_rate,42600.0,2.367710658290889e-05
train/learning_rate,42650.0,2.3577531464979984e-05
train/learning_rate,42700.0,2.347815825487487e-05
train/learning_rate,42750.0,2.3378988771582954e-05
train/learning_rate,42800.0,2.328002119611483e-05
train/learning_rate,42850.0,2.3181257347459905e-05
train/learning_rate,42900.0,2.308269904460758e-05
train/learning_rate,42950.0,2.2984344468568452e-05
train/learning_rate,43000.0,2.2886195438331924e-05
train/learning_rate,43050.0,2.27882537728874e-05
train/learning_rate,43100.0,2.269051765324548e-05
train/learning_rate,43150.0,2.2592990717384964e-05
train/learning_rate,43200.0,2.2495671146316454e-05
train/learning_rate,43250.0,2.239856075902935e-05
train/learning_rate,43300.0,2.230166137451306e-05
train/learning_rate,43350.0,2.2204971173778176e-05
train/learning_rate,43400.0,2.2108493794803508e-05
train/learning_rate,43450.0,2.201222741859965e-05
train/learning_rate,43500.0,2.1916172045166604e-05
train/learning_rate,43550.0,2.1820331312483177e-05
train/learning_rate,43600.0,2.1724705220549367e-05
train/learning_rate,43650.0,2.1629291950375773e-05
train/learning_rate,43700.0,2.15340951399412e-05
train/learning_rate,43750.0,2.1439112970256247e-05
train/learning_rate,43800.0,2.1344347260310315e-05
train/learning_rate,43850.0,2.1249799829092808e-05
train/learning_rate,43900.0,2.1155468857614323e-05
train/learning_rate,43950.0,2.1061357983853668e-05
train/learning_rate,44000.0,2.0967463569832034e-05
train/learning_rate,44050.0,2.0873791072517633e-05
train/learning_rate,44100.0,2.078033867292106e-05
train/learning_rate,44150.0,2.0687108190031722e-05
train/learning_rate,44200.0,2.0594097804860212e-05
train/learning_rate,44250.0,2.0501311155385338e-05
train/learning_rate,44300.0,2.0408746422617696e-05
train/learning_rate,44350.0,2.031640542554669e-05
train/learning_rate,44400.0,2.022428816417232e-05
train/learning_rate,44450.0,2.0132398276473396e-05
train/learning_rate,44500.0,2.0040732124471106e-05
train/learning_rate,44550.0,1.9949291527154855e-05
train/learning_rate,44600.0,1.9858080122503452e-05
train/learning_rate,44650.0,1.9767094272538088e-05
train/learning_rate,44700.0,1.967633761523757e-05
train/learning_rate,44750.0,1.9585808331612498e-05
train/learning_rate,44800.0,1.9495510059641674e-05
train/learning_rate,44850.0,1.9405440980335698e-05
train/learning_rate,44900.0,1.931560291268397e-05
train/learning_rate,44950.0,1.9225995856686495e-05
train/learning_rate,45000.0,1.913661981234327e-05
train/learning_rate,45050.0,1.90474784176331e-05
train/learning_rate,45100.0,1.8958568034577183e-05
train/learning_rate,45150.0,1.8869892301154323e-05
train/learning_rate,45200.0,1.878145121736452e-05
train/learning_rate,45250.0,1.8693244783207774e-05
train/learning_rate,45300.0,1.860527481767349e-05
train/learning_rate,45350.0,1.8517539501772262e-05
train/learning_rate,45400.0,1.84300424734829e-05
train/learning_rate,45450.0,1.8342781913815998e-05
train/learning_rate,45500.0,1.8255761460750364e-05
train/learning_rate,45550.0,1.816897747630719e-05
train/learning_rate,45600.0,1.8082433598465286e-05
train/learning_rate,45650.0,1.7996128008235246e-05
train/learning_rate,45700.0,1.7910064343595877e-05
train/learning_rate,45750.0,1.782424260454718e-05
train/learning_rate,45800.0,1.773866097209975e-05
train/learning_rate,45850.0,1.7653323084232397e-05
train/learning_rate,45900.0,1.7568227121955715e-05
train/learning_rate,45950.0,1.7483374904259108e-05
train/learning_rate,46000.0,1.7398766431142576e-05
train/learning_rate,46050.0,1.731440170260612e-05
train/learning_rate,46100.0,1.7230284356628545e-05
train/learning_rate,46150.0,1.7146410755231045e-05
train/learning_rate,46200.0,1.7062784536392428e-05
train/learning_rate,46250.0,1.6979405700112693e-05
train/learning_rate,46300.0,1.689627424639184e-05
train/learning_rate,46350.0,1.681339017522987e-05
train/learning_rate,46400.0,1.6730755305616185e-05
train/learning_rate,46450.0,1.6648369637550786e-05
train/learning_rate,46500.0,1.6566234990023077e-05
train/learning_rate,46550.0,1.6484349544043653e-05
train/learning_rate,46600.0,1.6402715118601918e-05
train/learning_rate,46650.0,1.6321331713697873e-05
train/learning_rate,46700.0,1.624020114832092e-05
train/learning_rate,46750.0,1.615932342247106e-05
train/learning_rate,46800.0,1.6078698536148295e-05
train/learning_rate,46850.0,1.5998328308342025e-05
train/learning_rate,46900.0,1.591821273905225e-05
train/learning_rate,46950.0,1.5838351828278974e-05
train/learning_rate,47000.0,1.5758745576022193e-05
train/learning_rate,47050.0,1.5679395801271312e-05
train/learning_rate,47100.0,1.560030250402633e-05
train/learning_rate,47150.0,1.552146568428725e-05
train/learning_rate,47200.0,1.5442888980032876e-05
train/learning_rate,47250.0,1.5364568753284402e-05
train/learning_rate,47300.0,1.5286506823031232e-05
train/learning_rate,47350.0,1.520870591775747e-05
train/learning_rate,47400.0,1.5131163308979012e-05
train/learning_rate,47450.0,1.5053882634674665e-05
train/learning_rate,47500.0,1.4976862075855024e-05
train/learning_rate,47550.0,1.4900102542014793e-05
train/learning_rate,47600.0,1.4823605852143373e-05
train/learning_rate,47650.0,1.4747372006240766e-05
train/learning_rate,47700.0,1.4671401004306972e-05
train/learning_rate,47750.0,1.459569284634199e-05
train/learning_rate,47800.0,1.4520250260829926e-05
train/learning_rate,47850.0,1.4445071428781375e-05
train/learning_rate,47900.0,1.4370158169185743e-05
train/learning_rate,47950.0,1.4295510482043028e-05
train/learning_rate,48000.0,1.4221129276847932e-05
train/learning_rate,48050.0,1.4147014553600457e-05
train/learning_rate,48100.0,1.4073167221795302e-05
train/learning_rate,48150.0,1.3999587281432468e-05
train/learning_rate,48200.0,1.392627655150136e-05
train/learning_rate,48250.0,1.3853234122507274e-05
train/learning_rate,48300.0,1.3780460903944913e-05
train/learning_rate,48350.0,1.3707957805308979e-05
train/learning_rate,48400.0,1.3635725736094173e-05
train/learning_rate,48450.0,1.3563763786805794e-05
train/learning_rate,48500.0,1.3492072866938543e-05
train/learning_rate,48550.0,1.3420654795481823e-05
train/learning_rate,48600.0,1.3349507753446233e-05
train/learning_rate,48650.0,1.3278634469315875e-05
train/learning_rate,48700.0,1.3208034943090752e-05
train/learning_rate,48750.0,1.313770826527616e-05
train/learning_rate,48800.0,1.3067657164356206e-05
train/learning_rate,48850.0,1.2997879821341485e-05
train/learning_rate,48900.0,1.2928378055221401e-05
train/learning_rate,48950.0,1.2859151865995955e-05
train/learning_rate,49000.0,1.2790202163159847e-05
train/learning_rate,49050.0,1.272152985620778e-05
train/learning_rate,49100.0,1.2653134035645053e-05
train/learning_rate,49150.0,1.2585016520461068e-05
train/learning_rate,49200.0,1.2517176401161123e-05
train/learning_rate,49250.0,1.2449615496734623e-05
train/learning_rate,49300.0,1.2382333807181567e-05
train/learning_rate,49350.0,1.2315331332501955e-05
train/learning_rate,49400.0,1.224860898219049e-05
train/learning_rate,49450.0,1.218216675624717e-05
train/learning_rate,49500.0,1.21160064736614e-05
train/learning_rate,49550.0,1.2050127224938478e-05
train/learning_rate,49600.0,1.1984529919573106e-05
train/learning_rate,49650.0,1.1919214557565283e-05
train/learning_rate,49700.0,1.1854182957904413e-05
train/learning_rate,49750.0,1.1789434211095795e-05
train/learning_rate,49800.0,1.1724968317139428e-05
train/learning_rate,49850.0,1.1660788004519418e-05
train/learning_rate,49900.0,1.159689145424636e-05
train/learning_rate,49950.0,1.153328048530966e-05
train/learning_rate,50000.0,1.1469954188214615e-05
train/learning_rate,50050.0,1.1406914381950628e-05
train/learning_rate,50100.0,1.13441610665177e-05
train/learning_rate,50150.0,1.1281695151410531e-05
train/learning_rate,50200.0,1.1219515727134421e-05
train/learning_rate,50250.0,1.1157624612678774e-05
train/learning_rate,50300.0,1.1096020898548886e-05
train/learning_rate,50350.0,1.1034706403734162e-05
train/learning_rate,50400.0,1.09736802187399e-05
train/learning_rate,50450.0,1.0912944162555505e-05
train/learning_rate,50500.0,1.0852497325686272e-05
train/learning_rate,50550.0,1.0792340617626905e-05
train/learning_rate,50600.0,1.0732474947872106e-05
train/learning_rate,50650.0,1.0672900316421874e-05
train/learning_rate,50700.0,1.0613617632770911e-05
train/learning_rate,50750.0,1.0554626896919217e-05
train/learning_rate,50800.0,1.0495928108866792e-05
train/learning_rate,50850.0,1.0437522178108338e-05
train/learning_rate,50900.0,1.0379409104643855e-05
train/learning_rate,50950.0,1.0321589797968045e-05
train/learning_rate,51000.0,1.0264064258080907e-05
train/learning_rate,51050.0,1.0206833394477144e-05
train/learning_rate,51100.0,1.0149897207156755e-05
train/learning_rate,51150.0,1.0093256605614442e-05
train/learning_rate,51200.0,1.0036910680355504e-05
train/learning_rate,51250.0,9.980861250369344e-06
train/learning_rate,51300.0,9.925108315655962e-06
train/learning_rate,51350.0,9.869651876215357e-06
train/learning_rate,51400.0,9.814492841542233e-06
train/learning_rate,51450.0,9.759631211636588e-06
train/learning_rate,51500.0,9.705066986498423e-06
train/learning_rate,51550.0,9.65080107562244e-06
train/learning_rate,51600.0,9.596834388503339e-06
train/learning_rate,51650.0,9.54316601564642e-06
train/learning_rate,51700.0,9.489797776041087e-06
train/learning_rate,51750.0,9.436728760192636e-06
train/learning_rate,51800.0,9.383959877595771e-06
train/learning_rate,51850.0,9.331492037745193e-06
train/learning_rate,51900.0,9.2793243311462e-06
train/learning_rate,51950.0,9.227458576788194e-06
train/learning_rate,52000.0,9.175893865176477e-06
train/learning_rate,52050.0,9.124631105805747e-06
train/learning_rate,52100.0,9.073671208170708e-06
train/learning_rate,52150.0,9.023013262776658e-06
train/learning_rate,52200.0,8.972659088613e-06
train/learning_rate,52250.0,8.922607776185032e-06
train/learning_rate,52300.0,8.872860234987456e-06
train/learning_rate,52350.0,8.823416465020273e-06
train/learning_rate,52400.0,8.774277375778183e-06
train/learning_rate,52450.0,8.725442967261188e-06
train/learning_rate,52500.0,8.676914148963988e-06
train/learning_rate,52550.0,8.628690011391882e-06
train/learning_rate,52600.0,8.580772373534273e-06
train/learning_rate,52650.0,8.53316032589646e-06
train/learning_rate,52700.0,8.485854777973145e-06
train/learning_rate,52750.0,8.438855729764327e-06
train/learning_rate,52800.0,8.392164090764709e-06
train/learning_rate,52850.0,8.34577986097429e-06
train/learning_rate,52900.0,8.299703949887771e-06
train/learning_rate,52950.0,8.253935448010452e-06
train/learning_rate,53000.0,8.208475264837034e-06
train/learning_rate,53050.0,8.163323400367517e-06
train/learning_rate,53100.0,8.118481673591305e-06
train/learning_rate,53150.0,8.073948265518993e-06
train/learning_rate,53200.0,8.029724995139986e-06
train/learning_rate,53250.0,7.985811862454284e-06
train/learning_rate,53300.0,7.942207957967184e-06
train/learning_rate,53350.0,7.898915100668091e-06
train/learning_rate,53400.0,7.855933290557005e-06
train/learning_rate,53450.0,7.813263437128626e-06
train/learning_rate,53500.0,7.770903721393552e-06
train/learning_rate,53550.0,7.728855962341186e-06
train/learning_rate,53600.0,7.68712106946623e-06
train/learning_rate,53650.0,7.645698133273982e-06
train/learning_rate,53700.0,7.604587153764442e-06
train/learning_rate,53750.0,7.5637894951796625e-06
train/learning_rate,53800.0,7.523305157519644e-06
train/learning_rate,53850.0,7.4831341407843865e-06
train/learning_rate,53900.0,7.443276899721241e-06
train/learning_rate,53950.0,7.403733889077557e-06
train/learning_rate,54000.0,7.3645046541059855e-06
train/learning_rate,54050.0,7.325590559048578e-06
train/learning_rate,54100.0,7.286991149157984e-06
train/learning_rate,54150.0,7.2487068791815545e-06
train/learning_rate,54200.0,7.210737749119289e-06
train/learning_rate,54250.0,7.173084213718539e-06
train/learning_rate,54300.0,7.135747182474006e-06
train/learning_rate,54350.0,7.098725745890988e-06
train/learning_rate,54400.0,7.062020813464187e-06
train/learning_rate,54450.0,7.025632839940954e-06
train/learning_rate,54500.0,6.989561825321289e-06
train/learning_rate,54550.0,6.9538077696051914e-06
train/learning_rate,54600.0,6.918371127540013e-06
train/learning_rate,54650.0,6.883251899125753e-06
train/learning_rate,54700.0,6.848450993857114e-06
train/learning_rate,54750.0,6.813968411734095e-06
train/learning_rate,54800.0,6.7798041527566966e-06
train/learning_rate,54850.0,6.745958216924919e-06
train/learning_rate,54900.0,6.712431513733463e-06
train/learning_rate,54950.0,6.679223588434979e-06
train/learning_rate,55000.0,6.6463353505241685e-06
train/learning_rate,55050.0,6.61376634525368e-06
train/learning_rate,55100.0,6.581517482118215e-06
train/learning_rate,55150.0,6.549588761117775e-06
train/learning_rate,55200.0,6.517979727505008e-06
train/learning_rate,55250.0,6.486691745521966e-06
train/learning_rate,55300.0,6.455723905673949e-06
train/learning_rate,55350.0,6.4250775722030085e-06
train/learning_rate,55400.0,6.394751835614443e-06
train/learning_rate,55450.0,6.364747605402954e-06
train/learning_rate,55500.0,6.335065336315893e-06
train/learning_rate,55550.0,6.305704118858557e-06
train/learning_rate,55600.0,6.276665317273e-06
train/learning_rate,55650.0,6.247948476811871e-06
train/learning_rate,55700.0,6.21955405222252e-06
train/learning_rate,55750.0,6.191482498252299e-06
train/learning_rate,55800.0,6.163733360153856e-06
train/learning_rate,55850.0,6.136307092674542e-06
train/learning_rate,55900.0,6.109204150561709e-06
train/learning_rate,55950.0,6.082424533815356e-06
train/learning_rate,56000.0,6.055968242435483e-06
train/learning_rate,56050.0,6.029835731169442e-06
train/learning_rate,56100.0,6.004027000017231e-06
train/learning_rate,56150.0,5.978542503726203e-06
train/learning_rate,56200.0,5.953382242296357e-06
train/learning_rate,56250.0,5.9285462157276925e-06
train/learning_rate,56300.0,5.904034878767561e-06
train/learning_rate,56350.0,5.879848231415963e-06
train/learning_rate,56400.0,5.855986728420248e-06
train/learning_rate,56450.0,5.832449915033067e-06
train/learning_rate,56500.0,5.80923870074912e-06
train/learning_rate,56550.0,5.786352630821057e-06
train/learning_rate,56600.0,5.763792614743579e-06
train/learning_rate,56650.0,5.7415577430219855e-06
train/learning_rate,56700.0,5.7196489251509774e-06
train/learning_rate,56750.0,5.698066615877906e-06
train/learning_rate,56800.0,5.676809905708069e-06
train/learning_rate,56850.0,5.655879704136169e-06
train/learning_rate,56900.0,5.635276011162205e-06
train/learning_rate,56950.0,5.614999281533528e-06
train/learning_rate,57000.0,5.595048605755437e-06
train/learning_rate,57050.0,5.5754253480699845e-06
train/learning_rate,57100.0,5.556129053729819e-06
train/learning_rate,57150.0,5.537159722734941e-06
train/learning_rate,57200.0,5.518518264580052e-06
train/learning_rate,57250.0,5.500203769770451e-06
train/learning_rate,57300.0,5.482216693053488e-06
train/learning_rate,57350.0,5.4645579439238645e-06
train/learning_rate,57400.0,5.44722661288688e-06
train/learning_rate,57450.0,5.430223154689884e-06
train/learning_rate,57500.0,5.413547569332877e-06
train/learning_rate,57550.0,5.3972007663105614e-06
train/learning_rate,57600.0,5.381181836128235e-06
train/learning_rate,57650.0,5.365491233533248e-06
train/learning_rate,57700.0,5.350129413272953e-06
train/learning_rate,57750.0,5.335095920599997e-06
train/learning_rate,57800.0,5.320391210261732e-06
train/learning_rate,57850.0,5.3060152822581585e-06
train/learning_rate,57900.0,5.2919685913366266e-06
train/learning_rate,57950.0,5.2782506827497855e-06
train/learning_rate,58000.0,5.264862011244986e-06
train/learning_rate,58050.0,5.251802576822229e-06
train/learning_rate,58100.0,5.239072379481513e-06
train/learning_rate,58150.0,5.226671419222839e-06
train/learning_rate,58200.0,5.214600150793558e-06
train/learning_rate,58250.0,5.202858119446319e-06
train/learning_rate,58300.0,5.191445779928472e-06
train/learning_rate,58350.0,5.180363586987369e-06
train/learning_rate,58400.0,5.1696106311283074e-06
train/learning_rate,58450.0,5.15918782184599e-06
train/learning_rate,58500.0,5.1490951591404155e-06
train/learning_rate,58550.0,5.139332188264234e-06
train/learning_rate,58600.0,5.129899363964796e-06
train/learning_rate,58650.0,5.120797140989453e-06
train/learning_rate,58700.0,5.112024609843502e-06
train/learning_rate,58750.0,5.103582225274295e-06
train/learning_rate,58800.0,5.095470442029182e-06
train/learning_rate,58850.0,5.087689260108164e-06
train/learning_rate,58900.0,5.080238224763889e-06
train/learning_rate,58950.0,5.073117790743709e-06
train/learning_rate,59000.0,5.066327958047623e-06
train/learning_rate,59050.0,5.0598687266756315e-06
train/learning_rate,59100.0,5.053740096627735e-06
train/learning_rate,59150.0,5.047942067903932e-06
train/learning_rate,59200.0,5.042474640504224e-06
train/learning_rate,59250.0,5.037338269175962e-06
train/learning_rate,59300.0,5.0325324991717935e-06
train/learning_rate,59350.0,5.02805733049172e-06
train/learning_rate,59400.0,5.023913217883091e-06
train/learning_rate,59450.0,5.020100161345908e-06
train/learning_rate,59500.0,5.016618160880171e-06
train/learning_rate,59550.0,5.0134667617385276e-06
train/learning_rate,59600.0,5.01064641866833e-06
train/learning_rate,59650.0,5.008157131669577e-06
train/learning_rate,59700.0,5.005998445994919e-06
train/learning_rate,59750.0,5.004171271139057e-06
train/learning_rate,59800.0,5.002675152354641e-06
train/learning_rate,59850.0,5.001509634894319e-06
train/learning_rate,59900.0,5.000675628252793e-06
train/learning_rate,59950.0,5.000172222935362e-06
train/learning_rate,60000.0,4.999999873689376e-06
train/learning_rate,60050.0,4.999999873689376e-06
train/learning_rate,60100.0,9.999999747378752e-06
train/learning_rate,60150.0,1.4999999621068127e-05
train/learning_rate,60200.0,1.9999999494757503e-05
train/learning_rate,60250.0,2.499999936844688e-05
train/learning_rate,60300.0,2.9999999242136255e-05
train/learning_rate,60350.0,3.5000000934815034e-05
train/learning_rate,60400.0,3.9999998989515007e-05
train/learning_rate,60450.0,4.5000000682193786e-05
train/learning_rate,60500.0,4.999999873689376e-05
train/learning_rate,60550.0,4.999926022719592e-05
train/learning_rate,60600.0,4.999697921448387e-05
train/learning_rate,60650.0,4.999315569875762e-05
train/learning_rate,60700.0,4.9987793317995965e-05
train/learning_rate,60750.0,4.998089207219891e-05
train/learning_rate,60800.0,4.997244832338765e-05
train/learning_rate,60850.0,4.99624693475198e-05
train/learning_rate,60900.0,4.995094786863774e-05
train/learning_rate,60950.0,4.993788752472028e-05
train/learning_rate,61000.0,4.992329195374623e-05
train/learning_rate,61050.0,4.9907161155715585e-05
train/learning_rate,61100.0,4.988949513062835e-05
train/learning_rate,61150.0,4.987029387848452e-05
train/learning_rate,61200.0,4.98495610372629e-05
train/learning_rate,61250.0,4.98272966069635e-05
train/learning_rate,61300.0,4.9803500587586313e-05
train/learning_rate,61350.0,4.9778180255088955e-05
train/learning_rate,61400.0,4.975132833351381e-05
train/learning_rate,61450.0,4.97229557367973e-05
train/learning_rate,61500.0,4.969305882696062e-05
train/learning_rate,61550.0,4.966163760400377e-05
train/learning_rate,61600.0,4.9628699343884364e-05
train/learning_rate,61650.0,4.95942440466024e-05
train/learning_rate,61700.0,4.955827535013668e-05
train/learning_rate,61750.0,4.9520793254487216e-05
train/learning_rate,61800.0,4.948180139763281e-05
train/learning_rate,61850.0,4.9441299779573455e-05
train/learning_rate,61900.0,4.9399295676266775e-05
train/learning_rate,61950.0,4.9355789087712765e-05
train/learning_rate,62000.0,4.931078365189023e-05
train/learning_rate,62050.0,4.926427936879918e-05
train/learning_rate,62100.0,4.9216287152376026e-05
train/learning_rate,62150.0,4.916679972666316e-05
train/learning_rate,62200.0,4.9115828005596995e-05
train/learning_rate,62250.0,4.906336835119873e-05
train/learning_rate,62300.0,4.900943167740479e-05
train/learning_rate,62350.0,4.895401798421517e-05
train/learning_rate,62400.0,4.889713090960868e-05
train/learning_rate,62450.0,4.883877409156412e-05
train/learning_rate,62500.0,4.87789511680603e-05
train/learning_rate,62550.0,4.8717665777076036e-05
train/learning_rate,62600.0,4.865492519456893e-05
train/learning_rate,62650.0,4.859072942053899e-05
train/learning_rate,62700.0,4.852508209296502e-05
train/learning_rate,62750.0,4.8457990487804636e-05
train/learning_rate,62800.0,4.838946188101545e-05
train/learning_rate,62850.0,4.8319492634618655e-05
train/learning_rate,62900.0,4.8248090024571866e-05
train/learning_rate,62950.0,4.81752613268327e-05
train/learning_rate,63000.0,4.8101010179379955e-05
train/learning_rate,63050.0,4.8025343858171254e-05
train/learning_rate,63100.0,4.7948262363206595e-05
train/learning_rate,63150.0,4.7869769332464784e-05
train/learning_rate,63200.0,4.778987931786105e-05
train/learning_rate,63250.0,4.7708588681416586e-05
train/learning_rate,63300.0,4.7625904699089006e-05
train/learning_rate,63350.0,4.754183464683592e-05
train/learning_rate,63400.0,4.7456382162636146e-05
train/learning_rate,63450.0,4.7369558160426095e-05
train/learning_rate,63500.0,4.7281359002226964e-05
train/learning_rate,63550.0,4.719179560197517e-05
train/learning_rate,63600.0,4.710087523562834e-05
train/learning_rate,63650.0,4.700860154116526e-05
train/learning_rate,63700.0,4.691497815656476e-05
train/learning_rate,63750.0,4.682001599576324e-05
train/learning_rate,63800.0,4.6723718696739525e-05
train/learning_rate,63850.0,4.662609353545122e-05
train/learning_rate,63900.0,4.652714414987713e-05
train/learning_rate,63950.0,4.642688145395368e-05
train/learning_rate,64000.0,4.632530908565968e-05
train/learning_rate,64050.0,4.622243432095274e-05
train/learning_rate,64100.0,4.611826079781167e-05
train/learning_rate,64150.0,4.60128030681517e-05
train/learning_rate,64200.0,4.590605749399401e-05
train/learning_rate,64250.0,4.5798038627253845e-05
train/learning_rate,64300.0,4.568875374388881e-05
train/learning_rate,64350.0,4.5578206481877714e-05
train/learning_rate,64400.0,4.546640411717817e-05
train/learning_rate,64450.0,4.53533539257478e-05
train/learning_rate,64500.0,4.5239063183544204e-05
train/learning_rate,64550.0,4.512354280450381e-05
train/learning_rate,64600.0,4.500679642660543e-05
train/learning_rate,64650.0,4.4888834963785484e-05
train/learning_rate,64700.0,4.4769662054022774e-05
train/learning_rate,64750.0,4.4649288611253724e-05
train/learning_rate,64800.0,4.452771827345714e-05
train/learning_rate,64850.0,4.440496559254825e-05
train/learning_rate,64900.0,4.4281034206505865e-05
train/learning_rate,64950.0,4.4155931391287595e-05
train/learning_rate,65000.0,4.402966806082986e-05
train/learning_rate,65050.0,4.3902247853111476e-05
train/learning_rate,65100.0,4.377368532004766e-05
train/learning_rate,65150.0,4.3643987737596035e-05
train/learning_rate,65200.0,4.35131587437354e-05
train/learning_rate,65250.0,4.3381209252402186e-05
train/learning_rate,65300.0,4.3248146539554e-05
train/learning_rate,65350.0,4.311398515710607e-05
train/learning_rate,65400.0,4.29787251050584e-05
train/learning_rate,65450.0,4.2842384573305026e-05
train/learning_rate,65500.0,4.270496356184594e-05
train/learning_rate,65550.0,4.256647662259638e-05
train/learning_rate,65600.0,4.242692739353515e-05
train/learning_rate,65650.0,4.228633042657748e-05
train/learning_rate,65700.0,4.2144696635659784e-05
train/learning_rate,65750.0,4.200202602078207e-05
train/learning_rate,65800.0,4.185833677183837e-05
train/learning_rate,65850.0,4.171363252680749e-05
train/learning_rate,65900.0,4.156792783760466e-05
train/learning_rate,65950.0,4.1421226342208683e-05
train/learning_rate,66000.0,4.1273542592534795e-05
train/learning_rate,66050.0,4.11248802265618e-05
train/learning_rate,66100.0,4.097525743418373e-05
train/learning_rate,66150.0,4.082467421540059e-05
train/learning_rate,66200.0,4.0673148760106415e-05
train/learning_rate,66250.0,4.0520688344258815e-05
train/learning_rate,66300.0,4.036730024381541e-05
train/learning_rate,66350.0,4.021299537271261e-05
train/learning_rate,66400.0,4.005778464488685e-05
train/learning_rate,66450.0,3.9901678974274546e-05
train/learning_rate,66500.0,3.974468563683331e-05
train/learning_rate,66550.0,3.958681918447837e-05
train/learning_rate,66600.0,3.942808689316735e-05
train/learning_rate,66650.0,3.926849603885785e-05
train/learning_rate,66700.0,3.910806481144391e-05
train/learning_rate,66750.0,3.894679684890434e-05
train/learning_rate,66800.0,3.878470670315437e-05
train/learning_rate,66850.0,3.862180165015161e-05
train/learning_rate,66900.0,3.845809260383248e-05
train/learning_rate,66950.0,3.829359411611222e-05
train/learning_rate,67000.0,3.8128313462948427e-05
train/learning_rate,67050.0,3.796226155827753e-05
train/learning_rate,67100.0,3.7795449316035956e-05
train/learning_rate,67150.0,3.762788765016012e-05
train/learning_rate,67200.0,3.745959111256525e-05
train/learning_rate,67250.0,3.7290563341230154e-05
train/learning_rate,67300.0,3.712081888807006e-05
train/learning_rate,67350.0,3.69503723050002e-05
train/learning_rate,67400.0,3.6779230867978185e-05
train/learning_rate,67450.0,3.660740185296163e-05
train/learning_rate,67500.0,3.643490344984457e-05
train/learning_rate,67550.0,3.6261746572563425e-05
train/learning_rate,67600.0,3.608793849707581e-05
train/learning_rate,67650.0,3.591349013731815e-05
train/learning_rate,67700.0,3.573841604520567e-05
train/learning_rate,67750.0,3.556272713467479e-05
train/learning_rate,67800.0,3.538643431966193e-05
train/learning_rate,67850.0,3.520954487612471e-05
train/learning_rate,67900.0,3.503207699395716e-05
train/learning_rate,67950.0,3.485404158709571e-05
train/learning_rate,68000.0,3.4675442293519154e-05
train/learning_rate,68050.0,3.4496300941100344e-05
train/learning_rate,68100.0,3.4316621167818084e-05
train/learning_rate,68150.0,3.413642116356641e-05
train/learning_rate,68200.0,3.395570820430294e-05
train/learning_rate,68250.0,3.3774493203964084e-05
train/learning_rate,68300.0,3.359279435244389e-05
train/learning_rate,68350.0,3.341061528772116e-05
train/learning_rate,68400.0,3.322797056171112e-05
train/learning_rate,68450.0,3.3044874726329e-05
train/learning_rate,68500.0,3.286133869551122e-05
train/learning_rate,68550.0,3.267737338319421e-05
train/learning_rate,68600.0,3.2492993341293186e-05
train/learning_rate,68650.0,3.230820584576577e-05
train/learning_rate,68700.0,3.212302544852719e-05
train/learning_rate,68750.0,3.193746306351386e-05
train/learning_rate,68800.0,3.175152960466221e-05
train/learning_rate,68850.0,3.156524326186627e-05
train/learning_rate,68900.0,3.137861131108366e-05
train/learning_rate,68950.0,3.1191644666250795e-05
train/learning_rate,69000.0,3.100435787928291e-05
train/learning_rate,69050.0,3.081676550209522e-05
train/learning_rate,69100.0,3.062887481064536e-05
train/learning_rate,69150.0,3.0440698537859134e-05
train/learning_rate,69200.0,3.0252251235651784e-05
train/learning_rate,69250.0,3.0063543817959726e-05
train/learning_rate,69300.0,2.987459083669819e-05
train/learning_rate,69350.0,2.9685401386814192e-05
train/learning_rate,69400.0,2.949598820123356e-05
train/learning_rate,69450.0,2.9306365831871517e-05
train/learning_rate,69500.0,2.911654519266449e-05
train/learning_rate,69550.0,2.8926537197548896e-05
train/learning_rate,69600.0,2.8736356398439966e-05
train/learning_rate,69650.0,2.854601370927412e-05
train/learning_rate,69700.0,2.8355521862977184e-05
train/learning_rate,69750.0,2.8164895411464386e-05
train/learning_rate,69800.0,2.7974143449682742e-05
train/learning_rate,69850.0,2.778327871055808e-05
train/learning_rate,69900.0,2.7592315746005625e-05
train/learning_rate,69950.0,2.74012654699618e-05
train/learning_rate,70000.0,2.7210138796363026e-05
train/learning_rate,70050.0,2.7018952096113935e-05
train/learning_rate,70100.0,2.6827714464161545e-05
train/learning_rate,70150.0,2.663643863343168e-05
train/learning_rate,70200.0,2.644513915583957e-05
train/learning_rate,70250.0,2.6253826945321634e-05
train/learning_rate,70300.0,2.6062512915814295e-05
train/learning_rate,70350.0,2.587121161923278e-05
train/learning_rate,70400.0,2.5679935788502917e-05
train/learning_rate,70450.0,2.5488696337561123e-05
train/learning_rate,70500.0,2.529750781832263e-05
train/learning_rate,70550.0,2.510637932573445e-05
train/learning_rate,70600.0,2.491532541171182e-05
train/learning_rate,70650.0,2.4724358809180558e-05
train/learning_rate,70700.0,2.4533490432077087e-05
train/learning_rate,70750.0,2.4342733013327233e-05
train/learning_rate,70800.0,2.415209928585682e-05
train/learning_rate,70850.0,2.3961601982591674e-05
train/learning_rate,70900.0,2.3771253836457618e-05
train/learning_rate,70950.0,2.3581067580380477e-05
train/learning_rate,71000.0,2.339105230930727e-05
train/learning_rate,71050.0,2.3201222575153224e-05
train/learning_rate,71100.0,2.301159292983357e-05
train/learning_rate,71150.0,2.2822170649305917e-05
train/learning_rate,71200.0,2.2632972104474902e-05
train/learning_rate,71250.0,2.2444008209276944e-05
train/learning_rate,71300.0,2.225529169663787e-05
train/learning_rate,71350.0,2.2066833480494097e-05
train/learning_rate,71400.0,2.1878648112760857e-05
train/learning_rate,71450.0,2.1690744688385166e-05
train/learning_rate,71500.0,2.1503139578271657e-05
train/learning_rate,71550.0,2.1315840058377944e-05
train/learning_rate,71600.0,2.1128860680619255e-05
train/learning_rate,71650.0,2.0942215996910818e-05
train/learning_rate,71700.0,2.0755913283210248e-05
train/learning_rate,71750.0,2.0569968910422176e-05
train/learning_rate,71800.0,2.038439197349362e-05
train/learning_rate,71850.0,2.0199195205350406e-05
train/learning_rate,71900.0,2.0014391338918358e-05
train/learning_rate,71950.0,1.98299931071233e-05
train/learning_rate,72000.0,1.9646011423901655e-05
train/learning_rate,72050.0,1.9462457203189842e-05
train/learning_rate,72100.0,1.9279343177913688e-05
train/learning_rate,72150.0,1.9096682080999017e-05
train/learning_rate,72200.0,1.891448482638225e-05
train/learning_rate,72250.0,1.873276414698921e-05
train/learning_rate,72300.0,1.8551530956756324e-05
train/learning_rate,72350.0,1.837079798860941e-05
train/learning_rate,72400.0,1.8190576156484894e-05
train/learning_rate,72450.0,1.8010876374319196e-05
train/learning_rate,72500.0,1.783171137503814e-05
train/learning_rate,72550.0,1.765309389156755e-05
train/learning_rate,72600.0,1.7475033018854447e-05
train/learning_rate,72650.0,1.7297541489824653e-05
train/learning_rate,72700.0,1.7120632037403993e-05
train/learning_rate,72750.0,1.6944313756539486e-05
train/learning_rate,72800.0,1.6768599380156957e-05
train/learning_rate,72850.0,1.6593499822192825e-05
train/learning_rate,72900.0,1.6419027815572917e-05
train/learning_rate,72950.0,1.6245194274233654e-05
train/learning_rate,73000.0,1.6072008293122053e-05
train/learning_rate,73050.0,1.5899484424153343e-05
train/learning_rate,73100.0,1.572763176227454e-05
train/learning_rate,73150.0,1.555646122142207e-05
train/learning_rate,73200.0,1.5385983715532348e-05
train/learning_rate,73250.0,1.5216212887025904e-05
train/learning_rate,73300.0,1.5047156921355054e-05
train/learning_rate,73350.0,1.4878828551445622e-05
train/learning_rate,73400.0,1.4711237781739328e-05
train/learning_rate,73450.0,1.4544396435667295e-05
train/learning_rate,73500.0,1.437831360817654e-05
train/learning_rate,73550.0,1.421300203219289e-05
train/learning_rate,73600.0,1.404847080266336e-05
train/learning_rate,73650.0,1.3884731743019074e-05
train/learning_rate,73700.0,1.3721794857701752e-05
train/learning_rate,73750.0,1.3559671060647815e-05
train/learning_rate,73800.0,1.3398370356298983e-05
train/learning_rate,73850.0,1.3237903658591677e-05
train/learning_rate,73900.0,1.3078281881462317e-05
train/learning_rate,73950.0,1.2919514119857922e-05
train/learning_rate,74000.0,1.2761611287714913e-05
train/learning_rate,74050.0,1.2604584298969712e-05
train/learning_rate,74100.0,1.2448442248569336e-05
train/learning_rate,74150.0,1.2293196050450206e-05
train/learning_rate,74200.0,1.2138855709054042e-05
train/learning_rate,74250.0,1.1985430319327861e-05
train/learning_rate,74300.0,1.1832930795208085e-05
train/learning_rate,74350.0,1.1681367141136434e-05
train/learning_rate,74400.0,1.1530748452059925e-05
train/learning_rate,74450.0,1.1381084732420277e-05
train/learning_rate,74500.0,1.123238598665921e-05
train/learning_rate,74550.0,1.1084662219218444e-05
train/learning_rate,74600.0,1.0937922525044996e-05
train/learning_rate,74650.0,1.0792175999085885e-05
train/learning_rate,74700.0,1.0647431736288127e-05
train/learning_rate,74750.0,1.0503700650588144e-05
train/learning_rate,74800.0,1.0360991836932953e-05
train/learning_rate,74850.0,1.0219313480774872e-05
train/learning_rate,74900.0,1.0078675586555619e-05
train/learning_rate,74950.0,9.93908633972751e-06
train/learning_rate,75000.0,9.800556654226966e-06
train/learning_rate,75050.0,9.663093806011602e-06
train/learning_rate,75100.0,9.526706890028436e-06
train/learning_rate,75150.0,9.391405001224484e-06
train/learning_rate,75200.0,9.257197234546766e-06
train/learning_rate,75250.0,9.124092684942298e-06
train/learning_rate,75300.0,8.992098628368694e-06
train/learning_rate,75350.0,8.861225069267675e-06
train/learning_rate,75400.0,8.731479283596855e-06
train/learning_rate,75450.0,8.602871275797952e-06
train/learning_rate,75500.0,8.47540741233388e-06
train/learning_rate,75550.0,8.349096788151655e-06
train/learning_rate,75600.0,8.223948498198297e-06
train/learning_rate,75650.0,8.099968908936717e-06
train/learning_rate,75700.0,7.977168024808634e-06
train/learning_rate,75750.0,7.855552212276962e-06
train/learning_rate,75800.0,7.735130566288717e-06
train/learning_rate,75850.0,7.615909908054164e-06
train/learning_rate,75900.0,7.497898423025617e-06
train/learning_rate,75950.0,7.381103387160692e-06
train/learning_rate,76000.0,7.2655334406590555e-06
train/learning_rate,76050.0,7.151194949983619e-06
train/learning_rate,76100.0,7.0380956458393484e-06
train/learning_rate,76150.0,6.926243258931208e-06
train/learning_rate,76200.0,6.815644610469462e-06
train/learning_rate,76250.0,6.7063069764117245e-06
train/learning_rate,76300.0,6.598237632715609e-06
train/learning_rate,76350.0,6.491443400591379e-06
train/learning_rate,76400.0,6.385931555996649e-06
train/learning_rate,76450.0,6.28170801064698e-06
train/learning_rate,76500.0,6.178780949994689e-06
train/learning_rate,76550.0,6.077155831007985e-06
train/learning_rate,76600.0,5.976839474897133e-06
train/learning_rate,76650.0,5.877839157619746e-06
train/learning_rate,76700.0,5.780160336144036e-06
train/learning_rate,76750.0,5.683810286427615e-06
train/learning_rate,76800.0,5.588794010691345e-06
train/learning_rate,76850.0,5.4951187848928384e-06
train/learning_rate,76900.0,5.402790520747658e-06
train/learning_rate,76950.0,5.311814675224014e-06
train/learning_rate,77000.0,5.222197614784818e-06
train/learning_rate,77050.0,5.133945251145633e-06
train/learning_rate,77100.0,5.047063041274669e-06
train/learning_rate,77150.0,4.961556442140136e-06
train/learning_rate,77200.0,4.877430910710245e-06
train/learning_rate,77250.0,4.7946928134479094e-06
train/learning_rate,77300.0,4.713346697826637e-06
train/learning_rate,77350.0,4.633398020814639e-06
train/learning_rate,77400.0,4.554851784632774e-06
train/learning_rate,77450.0,4.477713900996605e-06
train/learning_rate,77500.0,4.401988462632289e-06
train/learning_rate,77550.0,4.3276804717606865e-06
train/learning_rate,77600.0,4.2547953853500076e-06
train/learning_rate,77650.0,4.18333729612641e-06
train/learning_rate,77700.0,4.113311206310755e-06
train/learning_rate,77750.0,4.044721208629198e-06
train/learning_rate,77800.0,3.977572305302601e-06
train/learning_rate,77850.0,3.911869043804472e-06
train/learning_rate,77900.0,3.847614607366268e-06
train/learning_rate,77950.0,3.7848142255825223e-06
train/learning_rate,78000.0,3.7234715364320436e-06
train/learning_rate,78050.0,3.663590405267314e-06
train/learning_rate,78100.0,3.6051749248144915e-06
train/learning_rate,78150.0,3.5482289604260586e-06
train/learning_rate,78200.0,3.492755922707147e-06
train/learning_rate,78250.0,3.438759677010239e-06
train/learning_rate,78300.0,3.3862436339404667e-06
train/learning_rate,78350.0,3.3352112041029613e-06
train/learning_rate,78400.0,3.2856655707291793e-06
train/learning_rate,78450.0,3.2376101444242522e-06
train/learning_rate,78500.0,3.191047881045961e-06
train/learning_rate,78550.0,3.1459819638257613e-06
train/learning_rate,78600.0,3.102415121247759e-06
train/learning_rate,78650.0,3.060350309169735e-06
train/learning_rate,78700.0,3.019790256075794e-06
train/learning_rate,78750.0,2.9807376904500416e-06
train/learning_rate,78800.0,2.9431948860292323e-06
train/learning_rate,78850.0,2.9071645712974714e-06
train/learning_rate,78900.0,2.872648792617838e-06
train/learning_rate,78950.0,2.8396500511007616e-06
train/learning_rate,79000.0,2.8081703931093216e-06
train/learning_rate,79050.0,2.7782116376329213e-06
train/learning_rate,79100.0,2.7497762857819907e-06
train/learning_rate,79150.0,2.722865474424907e-06
train/learning_rate,79200.0,2.6974814772984246e-06
train/learning_rate,79250.0,2.673625658644596e-06
train/learning_rate,79300.0,2.651299837452825e-06
train/learning_rate,79350.0,2.630505150591489e-06
train/learning_rate,79400.0,2.6112431896763155e-06
train/learning_rate,79450.0,2.593515091575682e-06
train/learning_rate,79500.0,2.5773222205316415e-06
train/learning_rate,79550.0,2.56266525866522e-06
train/learning_rate,79600.0,2.549545115471119e-06
train/learning_rate,79650.0,2.5379631551913917e-06
train/learning_rate,79700.0,2.5279198325733887e-06
train/learning_rate,79750.0,2.519415602364461e-06
train/learning_rate,79800.0,2.51245137405931e-06
train/learning_rate,79850.0,2.507027375031612e-06
train/learning_rate,79900.0,2.503144060028717e-06
train/learning_rate,79950.0,2.5008016564243007e-06
train/learning_rate,80000.0,2.500000391592039e-06
train/gradient_norm_before_clip,1.0,0.7324260473251343
train/gradient_norm_before_clip,50.0,0.8783113360404968
train/gradient_norm_before_clip,100.0,0.7744835019111633
train/gradient_norm_before_clip,150.0,0.5452311038970947
train/gradient_norm_before_clip,200.0,0.534987211227417
train/gradient_norm_before_clip,250.0,2.0059332847595215
train/gradient_norm_before_clip,300.0,0.6644197106361389
train/gradient_norm_before_clip,350.0,0.7817214131355286
train/gradient_norm_before_clip,400.0,0.4215747117996216
train/gradient_norm_before_clip,450.0,0.5210650563240051
train/gradient_norm_before_clip,500.0,0.18058153986930847
train/gradient_norm_before_clip,550.0,0.3203609883785248
train/gradient_norm_before_clip,600.0,0.27198702096939087
train/gradient_norm_before_clip,650.0,1.6771231889724731
train/gradient_norm_before_clip,700.0,0.1755412518978119
train/gradient_norm_before_clip,750.0,0.18061085045337677
train/gradient_norm_before_clip,800.0,0.13160046935081482
train/gradient_norm_before_clip,850.0,0.22018125653266907
train/gradient_norm_before_clip,900.0,0.5408685207366943
train/gradient_norm_before_clip,950.0,0.4988938570022583
train/gradient_norm_before_clip,1000.0,0.19472554326057434
train/gradient_norm_before_clip,1050.0,0.23924598097801208
train/gradient_norm_before_clip,1100.0,0.3093040883541107
train/gradient_norm_before_clip,1150.0,0.3616536855697632
train/gradient_norm_before_clip,1200.0,0.5523233413696289
train/gradient_norm_before_clip,1250.0,0.15210144221782684
train/gradient_norm_before_clip,1300.0,0.8598917126655579
train/gradient_norm_before_clip,1350.0,0.5844043493270874
train/gradient_norm_before_clip,1400.0,0.37180039286613464
train/gradient_norm_before_clip,1450.0,0.142605721950531
train/gradient_norm_before_clip,1500.0,0.25512439012527466
train/gradient_norm_before_clip,1550.0,0.21372854709625244
train/gradient_norm_before_clip,1600.0,0.21233569085597992
train/gradient_norm_before_clip,1650.0,0.1511690765619278
train/gradient_norm_before_clip,1700.0,0.13833922147750854
train/gradient_norm_before_clip,1750.0,0.35329023003578186
train/gradient_norm_before_clip,1800.0,0.47468361258506775
train/gradient_norm_before_clip,1850.0,0.652245819568634
train/gradient_norm_before_clip,1900.0,0.12055131793022156
train/gradient_norm_before_clip,1950.0,0.2961421608924866
train/gradient_norm_before_clip,2000.0,0.20346471667289734
train/gradient_norm_before_clip,2050.0,0.2542870342731476
train/gradient_norm_before_clip,2100.0,0.1655200570821762
train/gradient_norm_before_clip,2150.0,0.251189261674881
train/gradient_norm_before_clip,2200.0,0.3335854709148407
train/gradient_norm_before_clip,2250.0,0.25956425070762634
train/gradient_norm_before_clip,2300.0,0.18361319601535797
train/gradient_norm_before_clip,2350.0,0.13586308062076569
train/gradient_norm_before_clip,2400.0,0.2182612419128418
train/gradient_norm_before_clip,2450.0,0.14221669733524323
train/gradient_norm_before_clip,2500.0,0.2565309405326843
train/gradient_norm_before_clip,2550.0,0.34769168496131897
train/gradient_norm_before_clip,2600.0,0.179770365357399
train/gradient_norm_before_clip,2650.0,0.18043456971645355
train/gradient_norm_before_clip,2700.0,0.10586582869291306
train/gradient_norm_before_clip,2750.0,0.09339016675949097
train/gradient_norm_before_clip,2800.0,0.2285151183605194
train/gradient_norm_before_clip,2850.0,0.2799434959888458
train/gradient_norm_before_clip,2900.0,0.23291829228401184
train/gradient_norm_before_clip,2950.0,0.4732113778591156
train/gradient_norm_before_clip,3000.0,0.43029266595840454
train/gradient_norm_before_clip,3050.0,0.31626394391059875
train/gradient_norm_before_clip,3100.0,0.21468748152256012
train/gradient_norm_before_clip,3150.0,0.20151913166046143
train/gradient_norm_before_clip,3200.0,0.10852181166410446
train/gradient_norm_before_clip,3250.0,0.3396935760974884
train/gradient_norm_before_clip,3300.0,0.22448348999023438
train/gradient_norm_before_clip,3350.0,0.23777899146080017
train/gradient_norm_before_clip,3400.0,0.1524282544851303
train/gradient_norm_before_clip,3450.0,0.12389185279607773
train/gradient_norm_before_clip,3500.0,0.07252045720815659
train/gradient_norm_before_clip,3550.0,0.3418988585472107
train/gradient_norm_before_clip,3600.0,0.22708889842033386
train/gradient_norm_before_clip,3650.0,0.18065901100635529
train/gradient_norm_before_clip,3700.0,0.41405975818634033
train/gradient_norm_before_clip,3750.0,0.1392260491847992
train/gradient_norm_before_clip,3800.0,0.1886211782693863
train/gradient_norm_before_clip,3850.0,0.1856788843870163
train/gradient_norm_before_clip,3900.0,0.10817498713731766
train/gradient_norm_before_clip,3950.0,0.23725371062755585
train/gradient_norm_before_clip,4000.0,0.14269818365573883
train/gradient_norm_before_clip,4050.0,0.4884735643863678
train/gradient_norm_before_clip,4100.0,0.3214341104030609
train/gradient_norm_before_clip,4150.0,0.20610259473323822
train/gradient_norm_before_clip,4200.0,0.19118472933769226
train/gradient_norm_before_clip,4250.0,0.1688510924577713
train/gradient_norm_before_clip,4300.0,0.1568964272737503
train/gradient_norm_before_clip,4350.0,0.33859601616859436
train/gradient_norm_before_clip,4400.0,0.17864276468753815
train/gradient_norm_before_clip,4450.0,0.3706550896167755
train/gradient_norm_before_clip,4500.0,0.07006410509347916
train/gradient_norm_before_clip,4550.0,0.07055316120386124
train/gradient_norm_before_clip,4600.0,0.09203291684389114
train/gradient_norm_before_clip,4650.0,0.5123498439788818
train/gradient_norm_before_clip,4700.0,0.14500969648361206
train/gradient_norm_before_clip,4750.0,0.09624563902616501
train/gradient_norm_before_clip,4800.0,0.252785325050354
train/gradient_norm_before_clip,4850.0,0.14694944024085999
train/gradient_norm_before_clip,4900.0,0.28957441449165344
train/gradient_norm_before_clip,4950.0,0.23105712234973907
train/gradient_norm_before_clip,5000.0,0.1512548178434372
train/gradient_norm_before_clip,5050.0,0.47754234075546265
train/gradient_norm_before_clip,5100.0,0.17139074206352234
train/gradient_norm_before_clip,5150.0,0.279160737991333
train/gradient_norm_before_clip,5200.0,0.2990773022174835
train/gradient_norm_before_clip,5250.0,0.12256570905447006
train/gradient_norm_before_clip,5300.0,0.24634376168251038
train/gradient_norm_before_clip,5350.0,0.11965815722942352
train/gradient_norm_before_clip,5400.0,0.07292324304580688
train/gradient_norm_before_clip,5450.0,0.12890231609344482
train/gradient_norm_before_clip,5500.0,0.1270427703857422
train/gradient_norm_before_clip,5550.0,0.08088099956512451
train/gradient_norm_before_clip,5600.0,0.18712663650512695
train/gradient_norm_before_clip,5650.0,0.10715921223163605
train/gradient_norm_before_clip,5700.0,0.08891218900680542
train/gradient_norm_before_clip,5750.0,0.2408752292394638
train/gradient_norm_before_clip,5800.0,0.2109791785478592
train/gradient_norm_before_clip,5850.0,0.05604229494929314
train/gradient_norm_before_clip,5900.0,0.26862382888793945
train/gradient_norm_before_clip,5950.0,0.14759008586406708
train/gradient_norm_before_clip,6000.0,0.1003759577870369
train/gradient_norm_before_clip,6050.0,0.10686101019382477
train/gradient_norm_before_clip,6100.0,0.21483197808265686
train/gradient_norm_before_clip,6150.0,0.16915355622768402
train/gradient_norm_before_clip,6200.0,0.2195713073015213
train/gradient_norm_before_clip,6250.0,0.3496206998825073
train/gradient_norm_before_clip,6300.0,0.6184977889060974
train/gradient_norm_before_clip,6350.0,0.1359376311302185
train/gradient_norm_before_clip,6400.0,0.18012087047100067
train/gradient_norm_before_clip,6450.0,0.1817159354686737
train/gradient_norm_before_clip,6500.0,0.1460038721561432
train/gradient_norm_before_clip,6550.0,0.11146678030490875
train/gradient_norm_before_clip,6600.0,0.2055390179157257
train/gradient_norm_before_clip,6650.0,0.13361813127994537
train/gradient_norm_before_clip,6700.0,0.20488613843917847
train/gradient_norm_before_clip,6750.0,0.2063203752040863
train/gradient_norm_before_clip,6800.0,0.25707170367240906
train/gradient_norm_before_clip,6850.0,0.33280885219573975
train/gradient_norm_before_clip,6900.0,0.4854152500629425
train/gradient_norm_before_clip,6950.0,0.09553002566099167
train/gradient_norm_before_clip,7000.0,0.09659161418676376
train/gradient_norm_before_clip,7050.0,0.16387100517749786
train/gradient_norm_before_clip,7100.0,0.09635789692401886
train/gradient_norm_before_clip,7150.0,0.16398146748542786
train/gradient_norm_before_clip,7200.0,0.13942039012908936
train/gradient_norm_before_clip,7250.0,0.13837726414203644
train/gradient_norm_before_clip,7300.0,0.1629830300807953
train/gradient_norm_before_clip,7350.0,0.13480794429779053
train/gradient_norm_before_clip,7400.0,0.09302867949008942
train/gradient_norm_before_clip,7450.0,0.12237801402807236
train/gradient_norm_before_clip,7500.0,0.13589484989643097
train/gradient_norm_before_clip,7550.0,0.13952864706516266
train/gradient_norm_before_clip,7600.0,0.18558870255947113
train/gradient_norm_before_clip,7650.0,0.18063287436962128
train/gradient_norm_before_clip,7700.0,0.3960771858692169
train/gradient_norm_before_clip,7750.0,0.16935037076473236
train/gradient_norm_before_clip,7800.0,0.14263714849948883
train/gradient_norm_before_clip,7850.0,0.1395094096660614
train/gradient_norm_before_clip,7900.0,0.2533949613571167
train/gradient_norm_before_clip,7950.0,0.06547201424837112
train/gradient_norm_before_clip,8000.0,0.22721858322620392
train/gradient_norm_before_clip,8050.0,0.4093846082687378
train/gradient_norm_before_clip,8100.0,0.1618695855140686
train/gradient_norm_before_clip,8150.0,0.1328972578048706
train/gradient_norm_before_clip,8200.0,0.08349548280239105
train/gradient_norm_before_clip,8250.0,0.21237574517726898
train/gradient_norm_before_clip,8300.0,0.15500636398792267
train/gradient_norm_before_clip,8350.0,0.10992611944675446
train/gradient_norm_before_clip,8400.0,0.08965400606393814
train/gradient_norm_before_clip,8450.0,0.06430153548717499
train/gradient_norm_before_clip,8500.0,0.15645574033260345
train/gradient_norm_before_clip,8550.0,0.1640770137310028
train/gradient_norm_before_clip,8600.0,0.4571077227592468
train/gradient_norm_before_clip,8650.0,0.2592156231403351
train/gradient_norm_before_clip,8700.0,0.14972858130931854
train/gradient_norm_before_clip,8750.0,0.059178173542022705
train/gradient_norm_before_clip,8800.0,0.2514113783836365
train/gradient_norm_before_clip,8850.0,0.10706043243408203
train/gradient_norm_before_clip,8900.0,0.04952686280012131
train/gradient_norm_before_clip,8950.0,0.08886755257844925
train/gradient_norm_before_clip,9000.0,0.04198567569255829
train/gradient_norm_before_clip,9050.0,0.1164945438504219
train/gradient_norm_before_clip,9100.0,0.2736659049987793
train/gradient_norm_before_clip,9150.0,0.16847018897533417
train/gradient_norm_before_clip,9200.0,0.2624502182006836
train/gradient_norm_before_clip,9250.0,0.11733464896678925
train/gradient_norm_before_clip,9300.0,0.22331129014492035
train/gradient_norm_before_clip,9350.0,0.10095380991697311
train/gradient_norm_before_clip,9400.0,0.0684618353843689
train/gradient_norm_before_clip,9450.0,0.07520344108343124
train/gradient_norm_before_clip,9500.0,0.0773499459028244
train/gradient_norm_before_clip,9550.0,0.08427882194519043
train/gradient_norm_before_clip,9600.0,0.17351654171943665
train/gradient_norm_before_clip,9650.0,0.13674885034561157
train/gradient_norm_before_clip,9700.0,0.08963099122047424
train/gradient_norm_before_clip,9750.0,0.09650324285030365
train/gradient_norm_before_clip,9800.0,0.12215985357761383
train/gradient_norm_before_clip,9850.0,0.1005392000079155
train/gradient_norm_before_clip,9900.0,0.1261749267578125
train/gradient_norm_before_clip,9950.0,0.08387546241283417
train/gradient_norm_before_clip,10000.0,0.12468066066503525
train/gradient_norm_before_clip,10050.0,0.14362503588199615
train/gradient_norm_before_clip,10100.0,0.11247382313013077
train/gradient_norm_before_clip,10150.0,0.16746482253074646
train/gradient_norm_before_clip,10200.0,0.09480120241641998
train/gradient_norm_before_clip,10250.0,0.17997078597545624
train/gradient_norm_before_clip,10300.0,0.10504044592380524
train/gradient_norm_before_clip,10350.0,0.11511434614658356
train/gradient_norm_before_clip,10400.0,0.050524402409791946
train/gradient_norm_before_clip,10450.0,0.06438542157411575
train/gradient_norm_before_clip,10500.0,0.1657630205154419
train/gradient_norm_before_clip,10550.0,0.12679801881313324
train/gradient_norm_before_clip,10600.0,0.08876477926969528
train/gradient_norm_before_clip,10650.0,0.5758775472640991
train/gradient_norm_before_clip,10700.0,0.17967593669891357
train/gradient_norm_before_clip,10750.0,0.11326700448989868
train/gradient_norm_before_clip,10800.0,0.07302090525627136
train/gradient_norm_before_clip,10850.0,0.0648268312215805
train/gradient_norm_before_clip,10900.0,0.10226167738437653
train/gradient_norm_before_clip,10950.0,0.18006080389022827
train/gradient_norm_before_clip,11000.0,0.07111949473619461
train/gradient_norm_before_clip,11050.0,0.196519672870636
train/gradient_norm_before_clip,11100.0,0.14172016084194183
train/gradient_norm_before_clip,11150.0,0.12267009913921356
train/gradient_norm_before_clip,11200.0,0.13627512753009796
train/gradient_norm_before_clip,11250.0,0.0672617256641388
train/gradient_norm_before_clip,11300.0,0.10527385026216507
train/gradient_norm_before_clip,11350.0,0.11141420155763626
train/gradient_norm_before_clip,11400.0,0.05030917376279831
train/gradient_norm_before_clip,11450.0,0.138419970870018
train/gradient_norm_before_clip,11500.0,0.04354630410671234
train/gradient_norm_before_clip,11550.0,0.10529755800962448
train/gradient_norm_before_clip,11600.0,0.31469038128852844
train/gradient_norm_before_clip,11650.0,0.12017755210399628
train/gradient_norm_before_clip,11700.0,0.12087279558181763
train/gradient_norm_before_clip,11750.0,0.12811945378780365
train/gradient_norm_before_clip,11800.0,0.22808517515659332
train/gradient_norm_before_clip,11850.0,0.0800575315952301
train/gradient_norm_before_clip,11900.0,0.1669217050075531
train/gradient_norm_before_clip,11950.0,0.10055088996887207
train/gradient_norm_before_clip,12000.0,0.08767328411340714
train/gradient_norm_before_clip,12050.0,0.07291986793279648
train/gradient_norm_before_clip,12100.0,0.06678648293018341
train/gradient_norm_before_clip,12150.0,0.07768813520669937
train/gradient_norm_before_clip,12200.0,0.07072845101356506
train/gradient_norm_before_clip,12250.0,0.18500694632530212
train/gradient_norm_before_clip,12300.0,0.12053445726633072
train/gradient_norm_before_clip,12350.0,0.11759024858474731
train/gradient_norm_before_clip,12400.0,0.12932264804840088
train/gradient_norm_before_clip,12450.0,0.20833279192447662
train/gradient_norm_before_clip,12500.0,0.218324214220047
train/gradient_norm_before_clip,12550.0,0.16266897320747375
train/gradient_norm_before_clip,12600.0,0.09944695234298706
train/gradient_norm_before_clip,12650.0,0.295570433139801
train/gradient_norm_before_clip,12700.0,0.0871085599064827
train/gradient_norm_before_clip,12750.0,0.1632000058889389
train/gradient_norm_before_clip,12800.0,0.19988037645816803
train/gradient_norm_before_clip,12850.0,0.10869570821523666
train/gradient_norm_before_clip,12900.0,0.20582088828086853
train/gradient_norm_before_clip,12950.0,0.06339996308088303
train/gradient_norm_before_clip,13000.0,0.061557359993457794
train/gradient_norm_before_clip,13050.0,0.12151454389095306
train/gradient_norm_before_clip,13100.0,0.05260288715362549
train/gradient_norm_before_clip,13150.0,0.06760453432798386
train/gradient_norm_before_clip,13200.0,0.27036550641059875
train/gradient_norm_before_clip,13250.0,0.1252937614917755
train/gradient_norm_before_clip,13300.0,0.16715508699417114
train/gradient_norm_before_clip,13350.0,0.07849740982055664
train/gradient_norm_before_clip,13400.0,0.3611534535884857
train/gradient_norm_before_clip,13450.0,0.1548401415348053
train/gradient_norm_before_clip,13500.0,0.176744744181633
train/gradient_norm_before_clip,13550.0,0.11794306337833405
train/gradient_norm_before_clip,13600.0,0.13396477699279785
train/gradient_norm_before_clip,13650.0,0.114920973777771
train/gradient_norm_before_clip,13700.0,0.05159952864050865
train/gradient_norm_before_clip,13750.0,0.06401137262582779
train/gradient_norm_before_clip,13800.0,0.0717557892203331
train/gradient_norm_before_clip,13850.0,0.06664176285266876
train/gradient_norm_before_clip,13900.0,0.0757167637348175
train/gradient_norm_before_clip,13950.0,0.06397407501935959
train/gradient_norm_before_clip,14000.0,0.07982659339904785
train/gradient_norm_before_clip,14050.0,0.06920135766267776
train/gradient_norm_before_clip,14100.0,0.11338911205530167
train/gradient_norm_before_clip,14150.0,0.14499694108963013
train/gradient_norm_before_clip,14200.0,0.13730236887931824
train/gradient_norm_before_clip,14250.0,0.05495141074061394
train/gradient_norm_before_clip,14300.0,0.1259603202342987
train/gradient_norm_before_clip,14350.0,0.06928833574056625
train/gradient_norm_before_clip,14400.0,0.09038789570331573
train/gradient_norm_before_clip,14450.0,0.09891362488269806
train/gradient_norm_before_clip,14500.0,0.239756777882576
train/gradient_norm_before_clip,14550.0,0.29960113763809204
train/gradient_norm_before_clip,14600.0,0.12921854853630066
train/gradient_norm_before_clip,14650.0,0.08029452711343765
train/gradient_norm_before_clip,14700.0,0.09403089433908463
train/gradient_norm_before_clip,14750.0,0.0706067755818367
train/gradient_norm_before_clip,14800.0,0.19079294800758362
train/gradient_norm_before_clip,14850.0,0.16863492131233215
train/gradient_norm_before_clip,14900.0,0.10879672318696976
train/gradient_norm_before_clip,14950.0,0.08332519978284836
train/gradient_norm_before_clip,15000.0,0.14103883504867554
train/gradient_norm_before_clip,15050.0,0.12971049547195435
train/gradient_norm_before_clip,15100.0,0.1450522243976593
train/gradient_norm_before_clip,15150.0,0.052220363169908524
train/gradient_norm_before_clip,15200.0,0.15432357788085938
train/gradient_norm_before_clip,15250.0,0.07811316102743149
train/gradient_norm_before_clip,15300.0,0.10498182475566864
train/gradient_norm_before_clip,15350.0,0.0778401717543602
train/gradient_norm_before_clip,15400.0,0.08848349750041962
train/gradient_norm_before_clip,15450.0,0.10760778188705444
train/gradient_norm_before_clip,15500.0,0.07765676081180573
train/gradient_norm_before_clip,15550.0,0.10819128155708313
train/gradient_norm_before_clip,15600.0,0.14097283780574799
train/gradient_norm_before_clip,15650.0,0.05223960801959038
train/gradient_norm_before_clip,15700.0,0.08807548880577087
train/gradient_norm_before_clip,15750.0,0.09088596701622009
train/gradient_norm_before_clip,15800.0,0.14585857093334198
train/gradient_norm_before_clip,15850.0,0.09562543034553528
train/gradient_norm_before_clip,15900.0,0.1238132119178772
train/gradient_norm_before_clip,15950.0,0.12404447048902512
train/gradient_norm_before_clip,16000.0,0.14357326924800873
train/gradient_norm_before_clip,16050.0,0.2518661320209503
train/gradient_norm_before_clip,16100.0,0.19102437794208527
train/gradient_norm_before_clip,16150.0,0.1278425008058548
train/gradient_norm_before_clip,16200.0,0.17971959710121155
train/gradient_norm_before_clip,16250.0,0.04995940998196602
train/gradient_norm_before_clip,16300.0,0.08611877262592316
train/gradient_norm_before_clip,16350.0,0.08173296600580215
train/gradient_norm_before_clip,16400.0,0.0962902158498764
train/gradient_norm_before_clip,16450.0,0.07120221853256226
train/gradient_norm_before_clip,16500.0,0.06053923815488815
train/gradient_norm_before_clip,16550.0,0.1277388334274292
train/gradient_norm_before_clip,16600.0,0.05923490226268768
train/gradient_norm_before_clip,16650.0,0.13066691160202026
train/gradient_norm_before_clip,16700.0,0.13937129080295563
train/gradient_norm_before_clip,16750.0,0.05075230449438095
train/gradient_norm_before_clip,16800.0,0.08892765641212463
train/gradient_norm_before_clip,16850.0,0.08715226501226425
train/gradient_norm_before_clip,16900.0,0.15222330391407013
train/gradient_norm_before_clip,16950.0,0.0913260355591774
train/gradient_norm_before_clip,17000.0,0.08070334792137146
train/gradient_norm_before_clip,17050.0,0.07804225385189056
train/gradient_norm_before_clip,17100.0,0.12252886593341827
train/gradient_norm_before_clip,17150.0,0.16282016038894653
train/gradient_norm_before_clip,17200.0,0.05597750470042229
train/gradient_norm_before_clip,17250.0,0.11749564856290817
train/gradient_norm_before_clip,17300.0,0.059348274022340775
train/gradient_norm_before_clip,17350.0,0.032683681696653366
train/gradient_norm_before_clip,17400.0,0.05851054564118385
train/gradient_norm_before_clip,17450.0,0.09058623015880585
train/gradient_norm_before_clip,17500.0,0.04950299859046936
train/gradient_norm_before_clip,17550.0,0.07739506661891937
train/gradient_norm_before_clip,17600.0,0.06587062776088715
train/gradient_norm_before_clip,17650.0,0.11190610378980637
train/gradient_norm_before_clip,17700.0,0.03104536235332489
train/gradient_norm_before_clip,17750.0,0.16875314712524414
train/gradient_norm_before_clip,17800.0,0.0731985867023468
train/gradient_norm_before_clip,17850.0,0.1748703271150589
train/gradient_norm_before_clip,17900.0,0.10490182787179947
train/gradient_norm_before_clip,17950.0,0.06998573988676071
train/gradient_norm_before_clip,18000.0,0.12173347175121307
train/gradient_norm_before_clip,18050.0,0.09179845452308655
train/gradient_norm_before_clip,18100.0,0.09226922690868378
train/gradient_norm_before_clip,18150.0,0.13697394728660583
train/gradient_norm_before_clip,18200.0,0.07442574948072433
train/gradient_norm_before_clip,18250.0,0.14200454950332642
train/gradient_norm_before_clip,18300.0,0.10651654005050659
train/gradient_norm_before_clip,18350.0,0.11358673125505447
train/gradient_norm_before_clip,18400.0,0.13452132046222687
train/gradient_norm_before_clip,18450.0,0.08076103031635284
train/gradient_norm_before_clip,18500.0,0.07166233658790588
train/gradient_norm_before_clip,18550.0,0.17853201925754547
train/gradient_norm_before_clip,18600.0,0.09141995757818222
train/gradient_norm_before_clip,18650.0,0.05230468884110451
train/gradient_norm_before_clip,18700.0,0.06580108404159546
train/gradient_norm_before_clip,18750.0,0.1383151262998581
train/gradient_norm_before_clip,18800.0,0.12542277574539185
train/gradient_norm_before_clip,18850.0,0.07830163091421127
train/gradient_norm_before_clip,18900.0,0.2088572382926941
train/gradient_norm_before_clip,18950.0,0.07126892358064651
train/gradient_norm_before_clip,19000.0,0.1008867472410202
train/gradient_norm_before_clip,19050.0,0.0635480135679245
train/gradient_norm_before_clip,19100.0,0.10416124016046524
train/gradient_norm_before_clip,19150.0,0.18032009899616241
train/gradient_norm_before_clip,19200.0,0.15457361936569214
train/gradient_norm_before_clip,19250.0,0.09156420081853867
train/gradient_norm_before_clip,19300.0,0.09967483580112457
train/gradient_norm_before_clip,19350.0,0.06648264080286026
train/gradient_norm_before_clip,19400.0,0.16190239787101746
train/gradient_norm_before_clip,19450.0,0.06156124919652939
train/gradient_norm_before_clip,19500.0,0.10411088913679123
train/gradient_norm_before_clip,19550.0,0.091610848903656
train/gradient_norm_before_clip,19600.0,0.11569289863109589
train/gradient_norm_before_clip,19650.0,0.20940695703029633
train/gradient_norm_before_clip,19700.0,0.11312557756900787
train/gradient_norm_before_clip,19750.0,0.06440272182226181
train/gradient_norm_before_clip,19800.0,0.09826847910881042
train/gradient_norm_before_clip,19850.0,0.06218148022890091
train/gradient_norm_before_clip,19900.0,0.0623229518532753
train/gradient_norm_before_clip,19950.0,0.0589628741145134
train/gradient_norm_before_clip,20000.0,0.0669245794415474
train/gradient_norm_before_clip,20050.0,0.09330374002456665
train/gradient_norm_before_clip,20100.0,0.09750925749540329
train/gradient_norm_before_clip,20150.0,0.04373922571539879
train/gradient_norm_before_clip,20200.0,0.08956450968980789
train/gradient_norm_before_clip,20250.0,0.10301917791366577
train/gradient_norm_before_clip,20300.0,0.0841701552271843
train/gradient_norm_before_clip,20350.0,0.07157770544290543
train/gradient_norm_before_clip,20400.0,0.03612836077809334
train/gradient_norm_before_clip,20450.0,0.11188335716724396
train/gradient_norm_before_clip,20500.0,0.10324836522340775
train/gradient_norm_before_clip,20550.0,0.08694647997617722
train/gradient_norm_before_clip,20600.0,0.05908329784870148
train/gradient_norm_before_clip,20650.0,0.0794275775551796
train/gradient_norm_before_clip,20700.0,0.11479546129703522
train/gradient_norm_before_clip,20750.0,0.097812719643116
train/gradient_norm_before_clip,20800.0,0.059255726635456085
train/gradient_norm_before_clip,20850.0,0.05415794625878334
train/gradient_norm_before_clip,20900.0,0.13756808638572693
train/gradient_norm_before_clip,20950.0,0.12749071419239044
train/gradient_norm_before_clip,21000.0,0.055179767310619354
train/gradient_norm_before_clip,21050.0,0.045879680663347244
train/gradient_norm_before_clip,21100.0,0.11812901496887207
train/gradient_norm_before_clip,21150.0,0.19167567789554596
train/gradient_norm_before_clip,21200.0,0.11587128788232803
train/gradient_norm_before_clip,21250.0,0.09571338444948196
train/gradient_norm_before_clip,21300.0,0.051136553287506104
train/gradient_norm_before_clip,21350.0,0.06113234534859657
train/gradient_norm_before_clip,21400.0,0.1356489211320877
train/gradient_norm_before_clip,21450.0,0.10792762786149979
train/gradient_norm_before_clip,21500.0,0.09019077569246292
train/gradient_norm_before_clip,21550.0,0.04293947294354439
train/gradient_norm_before_clip,21600.0,0.10288187116384506
train/gradient_norm_before_clip,21650.0,0.09952712059020996
train/gradient_norm_before_clip,21700.0,0.06690401583909988
train/gradient_norm_before_clip,21750.0,0.07191195338964462
train/gradient_norm_before_clip,21800.0,0.060767706483602524
train/gradient_norm_before_clip,21850.0,0.06641483306884766
train/gradient_norm_before_clip,21900.0,0.07539388537406921
train/gradient_norm_before_clip,21950.0,0.042718175798654556
train/gradient_norm_before_clip,22000.0,0.07915744185447693
train/gradient_norm_before_clip,22050.0,0.12212712317705154
train/gradient_norm_before_clip,22100.0,0.1569644808769226
train/gradient_norm_before_clip,22150.0,0.09134434908628464
train/gradient_norm_before_clip,22200.0,0.056645069271326065
train/gradient_norm_before_clip,22250.0,0.12872634828090668
train/gradient_norm_before_clip,22300.0,0.09961694478988647
train/gradient_norm_before_clip,22350.0,0.09412685036659241
train/gradient_norm_before_clip,22400.0,0.10014672577381134
train/gradient_norm_before_clip,22450.0,0.057059187442064285
train/gradient_norm_before_clip,22500.0,0.16752541065216064
train/gradient_norm_before_clip,22550.0,0.14099515974521637
train/gradient_norm_before_clip,22600.0,0.09399737417697906
train/gradient_norm_before_clip,22650.0,0.05460335314273834
train/gradient_norm_before_clip,22700.0,0.08368247747421265
train/gradient_norm_before_clip,22750.0,0.0428062304854393
train/gradient_norm_before_clip,22800.0,0.04757630079984665
train/gradient_norm_before_clip,22850.0,0.13748732209205627
train/gradient_norm_before_clip,22900.0,0.09694868326187134
train/gradient_norm_before_clip,22950.0,0.09818442910909653
train/gradient_norm_before_clip,23000.0,0.09430266171693802
train/gradient_norm_before_clip,23050.0,0.07114935666322708
train/gradient_norm_before_clip,23100.0,0.0670565515756607
train/gradient_norm_before_clip,23150.0,0.044207118451595306
train/gradient_norm_before_clip,23200.0,0.03593232110142708
train/gradient_norm_before_clip,23250.0,0.07492626458406448
train/gradient_norm_before_clip,23300.0,0.03145372495055199
train/gradient_norm_before_clip,23350.0,0.053058404475450516
train/gradient_norm_before_clip,23400.0,0.07451086491346359
train/gradient_norm_before_clip,23450.0,0.08489671349525452
train/gradient_norm_before_clip,23500.0,0.1156938448548317
train/gradient_norm_before_clip,23550.0,0.1136196181178093
train/gradient_norm_before_clip,23600.0,0.04259452223777771
train/gradient_norm_before_clip,23650.0,0.14336389303207397
train/gradient_norm_before_clip,23700.0,0.15208280086517334
train/gradient_norm_before_clip,23750.0,0.15517638623714447
train/gradient_norm_before_clip,23800.0,0.07539550215005875
train/gradient_norm_before_clip,23850.0,0.048151012510061264
train/gradient_norm_before_clip,23900.0,0.15062370896339417
train/gradient_norm_before_clip,23950.0,0.09462400525808334
train/gradient_norm_before_clip,24000.0,0.06449106335639954
train/gradient_norm_before_clip,24050.0,0.0579964853823185
train/gradient_norm_before_clip,24100.0,0.033991068601608276
train/gradient_norm_before_clip,24150.0,0.07481107115745544
train/gradient_norm_before_clip,24200.0,0.18631109595298767
train/gradient_norm_before_clip,24250.0,0.09846260398626328
train/gradient_norm_before_clip,24300.0,0.12804046273231506
train/gradient_norm_before_clip,24350.0,0.038071777671575546
train/gradient_norm_before_clip,24400.0,0.07280593365430832
train/gradient_norm_before_clip,24450.0,0.08642631769180298
train/gradient_norm_before_clip,24500.0,0.13575901091098785
train/gradient_norm_before_clip,24550.0,0.09125606715679169
train/gradient_norm_before_clip,24600.0,0.08184529095888138
train/gradient_norm_before_clip,24650.0,0.045524612069129944
train/gradient_norm_before_clip,24700.0,0.07455617934465408
train/gradient_norm_before_clip,24750.0,0.05938708409667015
train/gradient_norm_before_clip,24800.0,0.06713274866342545
train/gradient_norm_before_clip,24850.0,0.09301362186670303
train/gradient_norm_before_clip,24900.0,0.12370659410953522
train/gradient_norm_before_clip,24950.0,0.04402357339859009
train/gradient_norm_before_clip,25000.0,0.05340099707245827
train/gradient_norm_before_clip,25050.0,0.17376187443733215
train/gradient_norm_before_clip,25100.0,0.03263098746538162
train/gradient_norm_before_clip,25150.0,0.06191293150186539
train/gradient_norm_before_clip,25200.0,0.13225696980953217
train/gradient_norm_before_clip,25250.0,0.039117686450481415
train/gradient_norm_before_clip,25300.0,0.05078361555933952
train/gradient_norm_before_clip,25350.0,0.09739822894334793
train/gradient_norm_before_clip,25400.0,0.05374091863632202
train/gradient_norm_before_clip,25450.0,0.098597951233387
train/gradient_norm_before_clip,25500.0,0.14314967393875122
train/gradient_norm_before_clip,25550.0,0.1528950333595276
train/gradient_norm_before_clip,25600.0,0.07779017835855484
train/gradient_norm_before_clip,25650.0,0.12945392727851868
train/gradient_norm_before_clip,25700.0,0.04288804903626442
train/gradient_norm_before_clip,25750.0,0.12851645052433014
train/gradient_norm_before_clip,25800.0,0.10630122572183609
train/gradient_norm_before_clip,25850.0,0.05702462047338486
train/gradient_norm_before_clip,25900.0,0.06704968959093094
train/gradient_norm_before_clip,25950.0,0.09085196256637573
train/gradient_norm_before_clip,26000.0,0.05645415186882019
train/gradient_norm_before_clip,26050.0,0.04522637277841568
train/gradient_norm_before_clip,26100.0,0.07596490532159805
train/gradient_norm_before_clip,26150.0,0.07129383087158203
train/gradient_norm_before_clip,26200.0,0.1214965209364891
train/gradient_norm_before_clip,26250.0,0.09578222781419754
train/gradient_norm_before_clip,26300.0,0.09918991476297379
train/gradient_norm_before_clip,26350.0,0.11861209571361542
train/gradient_norm_before_clip,26400.0,0.07292208075523376
train/gradient_norm_before_clip,26450.0,0.13975219428539276
train/gradient_norm_before_clip,26500.0,0.09420815110206604
train/gradient_norm_before_clip,26550.0,0.1501758098602295
train/gradient_norm_before_clip,26600.0,0.053696159273386
train/gradient_norm_before_clip,26650.0,0.04812219366431236
train/gradient_norm_before_clip,26700.0,0.10674523562192917
train/gradient_norm_before_clip,26750.0,0.03661045804619789
train/gradient_norm_before_clip,26800.0,0.14555668830871582
train/gradient_norm_before_clip,26850.0,0.09851428121328354
train/gradient_norm_before_clip,26900.0,0.17371700704097748
train/gradient_norm_before_clip,26950.0,0.1677560955286026
train/gradient_norm_before_clip,27000.0,0.10915093123912811
train/gradient_norm_before_clip,27050.0,0.09166888892650604
train/gradient_norm_before_clip,27100.0,0.0672951191663742
train/gradient_norm_before_clip,27150.0,0.12093158066272736
train/gradient_norm_before_clip,27200.0,0.07867617905139923
train/gradient_norm_before_clip,27250.0,0.04429319128394127
train/gradient_norm_before_clip,27300.0,0.05465296655893326
train/gradient_norm_before_clip,27350.0,0.14884062111377716
train/gradient_norm_before_clip,27400.0,0.06699003279209137
train/gradient_norm_before_clip,27450.0,0.10862494260072708
train/gradient_norm_before_clip,27500.0,0.21837538480758667
train/gradient_norm_before_clip,27550.0,0.04957198351621628
train/gradient_norm_before_clip,27600.0,0.05595237389206886
train/gradient_norm_before_clip,27650.0,0.05864803120493889
train/gradient_norm_before_clip,27700.0,0.06267275661230087
train/gradient_norm_before_clip,27750.0,0.14753490686416626
train/gradient_norm_before_clip,27800.0,0.08592232316732407
train/gradient_norm_before_clip,27850.0,0.11799025535583496
train/gradient_norm_before_clip,27900.0,0.06302426010370255
train/gradient_norm_before_clip,27950.0,0.15423190593719482
train/gradient_norm_before_clip,28000.0,0.054458290338516235
train/gradient_norm_before_clip,28050.0,0.06172407791018486
train/gradient_norm_before_clip,28100.0,0.04262429475784302
train/gradient_norm_before_clip,28150.0,0.05738009884953499
train/gradient_norm_before_clip,28200.0,0.10192815959453583
train/gradient_norm_before_clip,28250.0,0.1146564781665802
train/gradient_norm_before_clip,28300.0,0.07555390894412994
train/gradient_norm_before_clip,28350.0,0.07056308537721634
train/gradient_norm_before_clip,28400.0,0.10087919235229492
train/gradient_norm_before_clip,28450.0,0.049458496272563934
train/gradient_norm_before_clip,28500.0,0.07183117419481277
train/gradient_norm_before_clip,28550.0,0.04020441323518753
train/gradient_norm_before_clip,28600.0,0.06062006205320358
train/gradient_norm_before_clip,28650.0,0.06111648306250572
train/gradient_norm_before_clip,28700.0,0.08751975744962692
train/gradient_norm_before_clip,28750.0,0.08252301812171936
train/gradient_norm_before_clip,28800.0,0.10497947782278061
train/gradient_norm_before_clip,28850.0,0.11523950099945068
train/gradient_norm_before_clip,28900.0,0.13024096190929413
train/gradient_norm_before_clip,28950.0,0.11746653914451599
train/gradient_norm_before_clip,29000.0,0.07117181271314621
train/gradient_norm_before_clip,29050.0,0.06245766580104828
train/gradient_norm_before_clip,29100.0,0.062405239790678024
train/gradient_norm_before_clip,29150.0,0.10096731781959534
train/gradient_norm_before_clip,29200.0,0.10174767673015594
train/gradient_norm_before_clip,29250.0,0.13535098731517792
train/gradient_norm_before_clip,29300.0,0.07863426208496094
train/gradient_norm_before_clip,29350.0,0.1437521129846573
train/gradient_norm_before_clip,29400.0,0.06192690506577492
train/gradient_norm_before_clip,29450.0,0.1330917924642563
train/gradient_norm_before_clip,29500.0,0.10208036005496979
train/gradient_norm_before_clip,29550.0,0.07366718351840973
train/gradient_norm_before_clip,29600.0,0.06869859248399734
train/gradient_norm_before_clip,29650.0,0.12357072532176971
train/gradient_norm_before_clip,29700.0,0.08279286324977875
train/gradient_norm_before_clip,29750.0,0.0425148643553257
train/gradient_norm_before_clip,29800.0,0.07774583250284195
train/gradient_norm_before_clip,29850.0,0.12190712988376617
train/gradient_norm_before_clip,29900.0,0.10731210559606552
train/gradient_norm_before_clip,29950.0,0.05332733318209648
train/gradient_norm_before_clip,30000.0,0.10401402413845062
train/gradient_norm_before_clip,30050.0,0.06560871750116348
train/gradient_norm_before_clip,30100.0,0.054439641535282135
train/gradient_norm_before_clip,30150.0,0.04410483315587044
train/gradient_norm_before_clip,30200.0,0.07551120221614838
train/gradient_norm_before_clip,30250.0,0.07002271711826324
train/gradient_norm_before_clip,30300.0,0.06899739801883698
train/gradient_norm_before_clip,30350.0,0.07311518490314484
train/gradient_norm_before_clip,30400.0,0.05025028809905052
train/gradient_norm_before_clip,30450.0,0.055610787123441696
train/gradient_norm_before_clip,30500.0,0.0675061047077179
train/gradient_norm_before_clip,30550.0,0.08166450262069702
train/gradient_norm_before_clip,30600.0,0.06988644599914551
train/gradient_norm_before_clip,30650.0,0.07055245339870453
train/gradient_norm_before_clip,30700.0,0.03866137936711311
train/gradient_norm_before_clip,30750.0,0.044273704290390015
train/gradient_norm_before_clip,30800.0,0.04838597774505615
train/gradient_norm_before_clip,30850.0,0.056779894977808
train/gradient_norm_before_clip,30900.0,0.08863545954227448
train/gradient_norm_before_clip,30950.0,0.13165391981601715
train/gradient_norm_before_clip,31000.0,0.05761316791176796
train/gradient_norm_before_clip,31050.0,0.058472778648138046
train/gradient_norm_before_clip,31100.0,0.03526505082845688
train/gradient_norm_before_clip,31150.0,0.07013899832963943
train/gradient_norm_before_clip,31200.0,0.07717528939247131
train/gradient_norm_before_clip,31250.0,0.08988761156797409
train/gradient_norm_before_clip,31300.0,0.04050210863351822
train/gradient_norm_before_clip,31350.0,0.07378742843866348
train/gradient_norm_before_clip,31400.0,0.07133122533559799
train/gradient_norm_before_clip,31450.0,0.051972731947898865
train/gradient_norm_before_clip,31500.0,0.06402384489774704
train/gradient_norm_before_clip,31550.0,0.29361772537231445
train/gradient_norm_before_clip,31600.0,0.06446295976638794
train/gradient_norm_before_clip,31650.0,0.08039848506450653
train/gradient_norm_before_clip,31700.0,0.06454289704561234
train/gradient_norm_before_clip,31750.0,0.0517948716878891
train/gradient_norm_before_clip,31800.0,0.075156569480896
train/gradient_norm_before_clip,31850.0,0.07912565767765045
train/gradient_norm_before_clip,31900.0,0.10034725815057755
train/gradient_norm_before_clip,31950.0,0.047042153775691986
train/gradient_norm_before_clip,32000.0,0.03708693012595177
train/gradient_norm_before_clip,32050.0,0.09733155369758606
train/gradient_norm_before_clip,32100.0,0.08683303743600845
train/gradient_norm_before_clip,32150.0,0.0926331952214241
train/gradient_norm_before_clip,32200.0,0.1019170880317688
train/gradient_norm_before_clip,32250.0,0.11398353427648544
train/gradient_norm_before_clip,32300.0,0.07092704623937607
train/gradient_norm_before_clip,32350.0,0.07063473016023636
train/gradient_norm_before_clip,32400.0,0.1097387820482254
train/gradient_norm_before_clip,32450.0,0.05638991296291351
train/gradient_norm_before_clip,32500.0,0.0664890706539154
train/gradient_norm_before_clip,32550.0,0.03950168937444687
train/gradient_norm_before_clip,32600.0,0.05413877218961716
train/gradient_norm_before_clip,32650.0,0.04808088764548302
train/gradient_norm_before_clip,32700.0,0.04267367720603943
train/gradient_norm_before_clip,32750.0,0.06654618680477142
train/gradient_norm_before_clip,32800.0,0.0802442878484726
train/gradient_norm_before_clip,32850.0,0.04279261827468872
train/gradient_norm_before_clip,32900.0,0.07819866389036179
train/gradient_norm_before_clip,32950.0,0.06044205278158188
train/gradient_norm_before_clip,33000.0,0.045171357691287994
train/gradient_norm_before_clip,33050.0,0.06777355819940567
train/gradient_norm_before_clip,33100.0,0.15021388232707977
train/gradient_norm_before_clip,33150.0,0.07016094774007797
train/gradient_norm_before_clip,33200.0,0.0897693932056427
train/gradient_norm_before_clip,33250.0,0.061776794493198395
train/gradient_norm_before_clip,33300.0,0.04066730663180351
train/gradient_norm_before_clip,33350.0,0.05003313347697258
train/gradient_norm_before_clip,33400.0,0.07686416059732437
train/gradient_norm_before_clip,33450.0,0.03894888609647751
train/gradient_norm_before_clip,33500.0,0.07386549562215805
train/gradient_norm_before_clip,33550.0,0.06565728038549423
train/gradient_norm_before_clip,33600.0,0.06290382146835327
train/gradient_norm_before_clip,33650.0,0.05040948837995529
train/gradient_norm_before_clip,33700.0,0.055304184556007385
train/gradient_norm_before_clip,33750.0,0.07662904262542725
train/gradient_norm_before_clip,33800.0,0.05039498955011368
train/gradient_norm_before_clip,33850.0,0.0761224627494812
train/gradient_norm_before_clip,33900.0,0.07524020969867706
train/gradient_norm_before_clip,33950.0,0.049335334450006485
train/gradient_norm_before_clip,34000.0,0.09193664789199829
train/gradient_norm_before_clip,34050.0,0.11028259992599487
train/gradient_norm_before_clip,34100.0,0.04994628578424454
train/gradient_norm_before_clip,34150.0,0.1209176629781723
train/gradient_norm_before_clip,34200.0,0.0705803632736206
train/gradient_norm_before_clip,34250.0,0.06015925481915474
train/gradient_norm_before_clip,34300.0,0.047918472439050674
train/gradient_norm_before_clip,34350.0,0.1302318125963211
train/gradient_norm_before_clip,34400.0,0.03509504348039627
train/gradient_norm_before_clip,34450.0,0.0473020039498806
train/gradient_norm_before_clip,34500.0,0.15412026643753052
train/gradient_norm_before_clip,34550.0,0.15581728518009186
train/gradient_norm_before_clip,34600.0,0.059619903564453125
train/gradient_norm_before_clip,34650.0,0.07015290856361389
train/gradient_norm_before_clip,34700.0,0.052939269691705704
train/gradient_norm_before_clip,34750.0,0.04159526899456978
train/gradient_norm_before_clip,34800.0,0.06985635310411453
train/gradient_norm_before_clip,34850.0,0.05354144424200058
train/gradient_norm_before_clip,34900.0,0.05200234428048134
train/gradient_norm_before_clip,34950.0,0.057052500545978546
train/gradient_norm_before_clip,35000.0,0.07517869770526886
train/gradient_norm_before_clip,35050.0,0.059689853340387344
train/gradient_norm_before_clip,35100.0,0.06463772803544998
train/gradient_norm_before_clip,35150.0,0.06421195715665817
train/gradient_norm_before_clip,35200.0,0.1127636730670929
train/gradient_norm_before_clip,35250.0,0.0367254763841629
train/gradient_norm_before_clip,35300.0,0.08395912498235703
train/gradient_norm_before_clip,35350.0,0.06350641697645187
train/gradient_norm_before_clip,35400.0,0.0697261393070221
train/gradient_norm_before_clip,35450.0,0.13514989614486694
train/gradient_norm_before_clip,35500.0,0.12186908721923828
train/gradient_norm_before_clip,35550.0,0.04812723025679588
train/gradient_norm_before_clip,35600.0,0.1045932024717331
train/gradient_norm_before_clip,35650.0,0.09388851374387741
train/gradient_norm_before_clip,35700.0,0.038314975798130035
train/gradient_norm_before_clip,35750.0,0.05882154777646065
train/gradient_norm_before_clip,35800.0,0.05576201155781746
train/gradient_norm_before_clip,35850.0,0.06811053305864334
train/gradient_norm_before_clip,35900.0,0.07061305642127991
train/gradient_norm_before_clip,35950.0,0.041526105254888535
train/gradient_norm_before_clip,36000.0,0.09124577045440674
train/gradient_norm_before_clip,36050.0,0.059679705649614334
train/gradient_norm_before_clip,36100.0,0.05862288922071457
train/gradient_norm_before_clip,36150.0,0.09126155078411102
train/gradient_norm_before_clip,36200.0,0.12397836893796921
train/gradient_norm_before_clip,36250.0,0.07413516193628311
train/gradient_norm_before_clip,36300.0,0.17857626080513
train/gradient_norm_before_clip,36350.0,0.048206932842731476
train/gradient_norm_before_clip,36400.0,0.05754753574728966
train/gradient_norm_before_clip,36450.0,0.05105752870440483
train/gradient_norm_before_clip,36500.0,0.05233461782336235
train/gradient_norm_before_clip,36550.0,0.0647389367222786
train/gradient_norm_before_clip,36600.0,0.0694858655333519
train/gradient_norm_before_clip,36650.0,0.10626409202814102
train/gradient_norm_before_clip,36700.0,0.08207650482654572
train/gradient_norm_before_clip,36750.0,0.082168348133564
train/gradient_norm_before_clip,36800.0,0.06054086983203888
train/gradient_norm_before_clip,36850.0,0.08142868429422379
train/gradient_norm_before_clip,36900.0,0.06763778626918793
train/gradient_norm_before_clip,36950.0,0.047869812697172165
train/gradient_norm_before_clip,37000.0,0.05060935765504837
train/gradient_norm_before_clip,37050.0,0.061568666249513626
train/gradient_norm_before_clip,37100.0,0.04661790281534195
train/gradient_norm_before_clip,37150.0,0.08046894520521164
train/gradient_norm_before_clip,37200.0,0.09532024711370468
train/gradient_norm_before_clip,37250.0,0.07198227941989899
train/gradient_norm_before_clip,37300.0,0.09124696999788284
train/gradient_norm_before_clip,37350.0,0.0759453997015953
train/gradient_norm_before_clip,37400.0,0.11342204362154007
train/gradient_norm_before_clip,37450.0,0.043137919157743454
train/gradient_norm_before_clip,37500.0,0.03852609544992447
train/gradient_norm_before_clip,37550.0,0.06656694412231445
train/gradient_norm_before_clip,37600.0,0.0616469569504261
train/gradient_norm_before_clip,37650.0,0.056710608303546906
train/gradient_norm_before_clip,37700.0,0.04710678383708
train/gradient_norm_before_clip,37750.0,0.06890559941530228
train/gradient_norm_before_clip,37800.0,0.07327763736248016
train/gradient_norm_before_clip,37850.0,0.08465466648340225
train/gradient_norm_before_clip,37900.0,0.04634467884898186
train/gradient_norm_before_clip,37950.0,0.06987889111042023
train/gradient_norm_before_clip,38000.0,0.050077665597200394
train/gradient_norm_before_clip,38050.0,0.0605584979057312
train/gradient_norm_before_clip,38100.0,0.1492416113615036
train/gradient_norm_before_clip,38150.0,0.11768348515033722
train/gradient_norm_before_clip,38200.0,0.06132560223340988
train/gradient_norm_before_clip,38250.0,0.11877678334712982
train/gradient_norm_before_clip,38300.0,0.06064705550670624
train/gradient_norm_before_clip,38350.0,0.04541954770684242
train/gradient_norm_before_clip,38400.0,0.08677714318037033
train/gradient_norm_before_clip,38450.0,0.05862516537308693
train/gradient_norm_before_clip,38500.0,0.05416690185666084
train/gradient_norm_before_clip,38550.0,0.11434897035360336
train/gradient_norm_before_clip,38600.0,0.18120041489601135
train/gradient_norm_before_clip,38650.0,0.06477309763431549
train/gradient_norm_before_clip,38700.0,0.05790839344263077
train/gradient_norm_before_clip,38750.0,0.04534885287284851
train/gradient_norm_before_clip,38800.0,0.09950557351112366
train/gradient_norm_before_clip,38850.0,0.11279619485139847
train/gradient_norm_before_clip,38900.0,0.06737867742776871
train/gradient_norm_before_clip,38950.0,0.05872628092765808
train/gradient_norm_before_clip,39000.0,0.14221639931201935
train/gradient_norm_before_clip,39050.0,0.05774743854999542
train/gradient_norm_before_clip,39100.0,0.07466031610965729
train/gradient_norm_before_clip,39150.0,0.09992288053035736
train/gradient_norm_before_clip,39200.0,0.04394152760505676
train/gradient_norm_before_clip,39250.0,0.06792213022708893
train/gradient_norm_before_clip,39300.0,0.05168968066573143
train/gradient_norm_before_clip,39350.0,0.04847544804215431
train/gradient_norm_before_clip,39400.0,0.04276397079229355
train/gradient_norm_before_clip,39450.0,0.08148245513439178
train/gradient_norm_before_clip,39500.0,0.10555797815322876
train/gradient_norm_before_clip,39550.0,0.11661087721586227
train/gradient_norm_before_clip,39600.0,0.06309275329113007
train/gradient_norm_before_clip,39650.0,0.06614010035991669
train/gradient_norm_before_clip,39700.0,0.08761855959892273
train/gradient_norm_before_clip,39750.0,0.0766424834728241
train/gradient_norm_before_clip,39800.0,0.13343185186386108
train/gradient_norm_before_clip,39850.0,0.04201511666178703
train/gradient_norm_before_clip,39900.0,0.08439037203788757
train/gradient_norm_before_clip,39950.0,0.07867258787155151
train/gradient_norm_before_clip,40000.0,0.051617760211229324
train/gradient_norm_before_clip,40050.0,0.07352493703365326
train/gradient_norm_before_clip,40100.0,0.045589692890644073
train/gradient_norm_before_clip,40150.0,0.048247773200273514
train/gradient_norm_before_clip,40200.0,0.06808045506477356
train/gradient_norm_before_clip,40250.0,0.05176561325788498
train/gradient_norm_before_clip,40300.0,0.06592715531587601
train/gradient_norm_before_clip,40350.0,0.06824418157339096
train/gradient_norm_before_clip,40400.0,0.06290838867425919
train/gradient_norm_before_clip,40450.0,0.10154398530721664
train/gradient_norm_before_clip,40500.0,0.052162930369377136
train/gradient_norm_before_clip,40550.0,0.04218762367963791
train/gradient_norm_before_clip,40600.0,0.053235962986946106
train/gradient_norm_before_clip,40650.0,0.0595223605632782
train/gradient_norm_before_clip,40700.0,0.0736004114151001
train/gradient_norm_before_clip,40750.0,0.04731571301817894
train/gradient_norm_before_clip,40800.0,0.11089063435792923
train/gradient_norm_before_clip,40850.0,0.06654135882854462
train/gradient_norm_before_clip,40900.0,0.04048560559749603
train/gradient_norm_before_clip,40950.0,0.038259975612163544
train/gradient_norm_before_clip,41000.0,0.0716983750462532
train/gradient_norm_before_clip,41050.0,0.04626218229532242
train/gradient_norm_before_clip,41100.0,0.09635981917381287
train/gradient_norm_before_clip,41150.0,0.026072554290294647
train/gradient_norm_before_clip,41200.0,0.0699419230222702
train/gradient_norm_before_clip,41250.0,0.03927776217460632
train/gradient_norm_before_clip,41300.0,0.0712018832564354
train/gradient_norm_before_clip,41350.0,0.05626970902085304
train/gradient_norm_before_clip,41400.0,0.08290446549654007
train/gradient_norm_before_clip,41450.0,0.06179641932249069
train/gradient_norm_before_clip,41500.0,0.08605295419692993
train/gradient_norm_before_clip,41550.0,0.06935644894838333
train/gradient_norm_before_clip,41600.0,0.04248310998082161
train/gradient_norm_before_clip,41650.0,0.05222202092409134
train/gradient_norm_before_clip,41700.0,0.08989296108484268
train/gradient_norm_before_clip,41750.0,0.10730122774839401
train/gradient_norm_before_clip,41800.0,0.09161772578954697
train/gradient_norm_before_clip,41850.0,0.05470780283212662
train/gradient_norm_before_clip,41900.0,0.06361815333366394
train/gradient_norm_before_clip,41950.0,0.05444875359535217
train/gradient_norm_before_clip,42000.0,0.05851135402917862
train/gradient_norm_before_clip,42050.0,0.059129126369953156
train/gradient_norm_before_clip,42100.0,0.09092803299427032
train/gradient_norm_before_clip,42150.0,0.07054390758275986
train/gradient_norm_before_clip,42200.0,0.06874404847621918
train/gradient_norm_before_clip,42250.0,0.05286034196615219
train/gradient_norm_before_clip,42300.0,0.09130242466926575
train/gradient_norm_before_clip,42350.0,0.05835502967238426
train/gradient_norm_before_clip,42400.0,0.14206711947917938
train/gradient_norm_before_clip,42450.0,0.05773431807756424
train/gradient_norm_before_clip,42500.0,0.08206380158662796
train/gradient_norm_before_clip,42550.0,0.08587625622749329
train/gradient_norm_before_clip,42600.0,0.03132276609539986
train/gradient_norm_before_clip,42650.0,0.04741298779845238
train/gradient_norm_before_clip,42700.0,0.05375414714217186
train/gradient_norm_before_clip,42750.0,0.03533140942454338
train/gradient_norm_before_clip,42800.0,0.0745811015367508
train/gradient_norm_before_clip,42850.0,0.0405205562710762
train/gradient_norm_before_clip,42900.0,0.03768749162554741
train/gradient_norm_before_clip,42950.0,0.052234381437301636
train/gradient_norm_before_clip,43000.0,0.031154396012425423
train/gradient_norm_before_clip,43050.0,0.08981408923864365
train/gradient_norm_before_clip,43100.0,0.04184100031852722
train/gradient_norm_before_clip,43150.0,0.06280140578746796
train/gradient_norm_before_clip,43200.0,0.07345748692750931
train/gradient_norm_before_clip,43250.0,0.06910423934459686
train/gradient_norm_before_clip,43300.0,0.050348956137895584
train/gradient_norm_before_clip,43350.0,0.1018114686012268
train/gradient_norm_before_clip,43400.0,0.03833724558353424
train/gradient_norm_before_clip,43450.0,0.04490526765584946
train/gradient_norm_before_clip,43500.0,0.03796335682272911
train/gradient_norm_before_clip,43550.0,0.055950284004211426
train/gradient_norm_before_clip,43600.0,0.04908539354801178
train/gradient_norm_before_clip,43650.0,0.08489257097244263
train/gradient_norm_before_clip,43700.0,0.08641868829727173
train/gradient_norm_before_clip,43750.0,0.030522214248776436
train/gradient_norm_before_clip,43800.0,0.03439788520336151
train/gradient_norm_before_clip,43850.0,0.061131276190280914
train/gradient_norm_before_clip,43900.0,0.03668759763240814
train/gradient_norm_before_clip,43950.0,0.056517116725444794
train/gradient_norm_before_clip,44000.0,0.034493979066610336
train/gradient_norm_before_clip,44050.0,0.07193098217248917
train/gradient_norm_before_clip,44100.0,0.1067846491932869
train/gradient_norm_before_clip,44150.0,0.11214220523834229
train/gradient_norm_before_clip,44200.0,0.053526025265455246
train/gradient_norm_before_clip,44250.0,0.04224054515361786
train/gradient_norm_before_clip,44300.0,0.07570505887269974
train/gradient_norm_before_clip,44350.0,0.04165445268154144
train/gradient_norm_before_clip,44400.0,0.07662303000688553
train/gradient_norm_before_clip,44450.0,0.05856182798743248
train/gradient_norm_before_clip,44500.0,0.041587166488170624
train/gradient_norm_before_clip,44550.0,0.04300631210207939
train/gradient_norm_before_clip,44600.0,0.061459992080926895
train/gradient_norm_before_clip,44650.0,0.0893622413277626
train/gradient_norm_before_clip,44700.0,0.05841595306992531
train/gradient_norm_before_clip,44750.0,0.0910676121711731
train/gradient_norm_before_clip,44800.0,0.08370327949523926
train/gradient_norm_before_clip,44850.0,0.06357860565185547
train/gradient_norm_before_clip,44900.0,0.04321228340268135
train/gradient_norm_before_clip,44950.0,0.10788862407207489
train/gradient_norm_before_clip,45000.0,0.046639516949653625
train/gradient_norm_before_clip,45050.0,0.08042163401842117
train/gradient_norm_before_clip,45100.0,0.05247516930103302
train/gradient_norm_before_clip,45150.0,0.04478727653622627
train/gradient_norm_before_clip,45200.0,0.06248150020837784
train/gradient_norm_before_clip,45250.0,0.09461145102977753
train/gradient_norm_before_clip,45300.0,0.04348649084568024
train/gradient_norm_before_clip,45350.0,0.06393931806087494
train/gradient_norm_before_clip,45400.0,0.06836069375276566
train/gradient_norm_before_clip,45450.0,0.055179473012685776
train/gradient_norm_before_clip,45500.0,0.07048391550779343
train/gradient_norm_before_clip,45550.0,0.0633682832121849
train/gradient_norm_before_clip,45600.0,0.04561752453446388
train/gradient_norm_before_clip,45650.0,0.06289561837911606
train/gradient_norm_before_clip,45700.0,0.06953554600477219
train/gradient_norm_before_clip,45750.0,0.04638940468430519
train/gradient_norm_before_clip,45800.0,0.03851776570081711
train/gradient_norm_before_clip,45850.0,0.0846339613199234
train/gradient_norm_before_clip,45900.0,0.03796456754207611
train/gradient_norm_before_clip,45950.0,0.04627230018377304
train/gradient_norm_before_clip,46000.0,0.061682526022195816
train/gradient_norm_before_clip,46050.0,0.06566277891397476
train/gradient_norm_before_clip,46100.0,0.1305033415555954
train/gradient_norm_before_clip,46150.0,0.05162926763296127
train/gradient_norm_before_clip,46200.0,0.06144186109304428
train/gradient_norm_before_clip,46250.0,0.06773443520069122
train/gradient_norm_before_clip,46300.0,0.03891099989414215
train/gradient_norm_before_clip,46350.0,0.0364883728325367
train/gradient_norm_before_clip,46400.0,0.06950858980417252
train/gradient_norm_before_clip,46450.0,0.07350566238164902
train/gradient_norm_before_clip,46500.0,0.05862527713179588
train/gradient_norm_before_clip,46550.0,0.06403060257434845
train/gradient_norm_before_clip,46600.0,0.08053719997406006
train/gradient_norm_before_clip,46650.0,0.06439193338155746
train/gradient_norm_before_clip,46700.0,0.06006208062171936
train/gradient_norm_before_clip,46750.0,0.06228389963507652
train/gradient_norm_before_clip,46800.0,0.0579770989716053
train/gradient_norm_before_clip,46850.0,0.052170224487781525
train/gradient_norm_before_clip,46900.0,0.053643599152565
train/gradient_norm_before_clip,46950.0,0.07745001465082169
train/gradient_norm_before_clip,47000.0,0.06972791254520416
train/gradient_norm_before_clip,47050.0,0.04514148086309433
train/gradient_norm_before_clip,47100.0,0.04315388202667236
train/gradient_norm_before_clip,47150.0,0.0638958141207695
train/gradient_norm_before_clip,47200.0,0.05276605486869812
train/gradient_norm_before_clip,47250.0,0.059164565056562424
train/gradient_norm_before_clip,47300.0,0.0683784931898117
train/gradient_norm_before_clip,47350.0,0.05155285820364952
train/gradient_norm_before_clip,47400.0,0.0746183842420578
train/gradient_norm_before_clip,47450.0,0.0930083841085434
train/gradient_norm_before_clip,47500.0,0.08250227570533752
train/gradient_norm_before_clip,47550.0,0.05372447893023491
train/gradient_norm_before_clip,47600.0,0.04658213257789612
train/gradient_norm_before_clip,47650.0,0.06466705352067947
train/gradient_norm_before_clip,47700.0,0.06272421032190323
train/gradient_norm_before_clip,47750.0,0.039139922708272934
train/gradient_norm_before_clip,47800.0,0.038042183965444565
train/gradient_norm_before_clip,47850.0,0.07840229570865631
train/gradient_norm_before_clip,47900.0,0.04998892918229103
train/gradient_norm_before_clip,47950.0,0.05765604227781296
train/gradient_norm_before_clip,48000.0,0.051302723586559296
train/gradient_norm_before_clip,48050.0,0.07911036908626556
train/gradient_norm_before_clip,48100.0,0.07730858772993088
train/gradient_norm_before_clip,48150.0,0.05535443127155304
train/gradient_norm_before_clip,48200.0,0.0317499078810215
train/gradient_norm_before_clip,48250.0,0.05584564805030823
train/gradient_norm_before_clip,48300.0,0.04714750126004219
train/gradient_norm_before_clip,48350.0,0.04238615185022354
train/gradient_norm_before_clip,48400.0,0.04556813836097717
train/gradient_norm_before_clip,48450.0,0.06590254604816437
train/gradient_norm_before_clip,48500.0,0.07259024679660797
train/gradient_norm_before_clip,48550.0,0.0529034249484539
train/gradient_norm_before_clip,48600.0,0.06011670082807541
train/gradient_norm_before_clip,48650.0,0.06216425076127052
train/gradient_norm_before_clip,48700.0,0.06022274121642113
train/gradient_norm_before_clip,48750.0,0.11137689650058746
train/gradient_norm_before_clip,48800.0,0.045174043625593185
train/gradient_norm_before_clip,48850.0,0.055807337164878845
train/gradient_norm_before_clip,48900.0,0.0879051685333252
train/gradient_norm_before_clip,48950.0,0.075493723154068
train/gradient_norm_before_clip,49000.0,0.05275706946849823
train/gradient_norm_before_clip,49050.0,0.05708793178200722
train/gradient_norm_before_clip,49100.0,0.0815967544913292
train/gradient_norm_before_clip,49150.0,0.0994284525513649
train/gradient_norm_before_clip,49200.0,0.061360619962215424
train/gradient_norm_before_clip,49250.0,0.05126397684216499
train/gradient_norm_before_clip,49300.0,0.05535333976149559
train/gradient_norm_before_clip,49350.0,0.07472590357065201
train/gradient_norm_before_clip,49400.0,0.09416934102773666
train/gradient_norm_before_clip,49450.0,0.061488740146160126
train/gradient_norm_before_clip,49500.0,0.06701656430959702
train/gradient_norm_before_clip,49550.0,0.0392945222556591
train/gradient_norm_before_clip,49600.0,0.05018140748143196
train/gradient_norm_before_clip,49650.0,0.11310652643442154
train/gradient_norm_before_clip,49700.0,0.04302934184670448
train/gradient_norm_before_clip,49750.0,0.08328074961900711
train/gradient_norm_before_clip,49800.0,0.051199883222579956
train/gradient_norm_before_clip,49850.0,0.041964273899793625
train/gradient_norm_before_clip,49900.0,0.10037197917699814
train/gradient_norm_before_clip,49950.0,0.045527275651693344
train/gradient_norm_before_clip,50000.0,0.05109529569745064
train/gradient_norm_before_clip,50050.0,0.08851365745067596
train/gradient_norm_before_clip,50100.0,0.043532855808734894
train/gradient_norm_before_clip,50150.0,0.07305125147104263
train/gradient_norm_before_clip,50200.0,0.05172107368707657
train/gradient_norm_before_clip,50250.0,0.06787855178117752
train/gradient_norm_before_clip,50300.0,0.04783553630113602
train/gradient_norm_before_clip,50350.0,0.06329633295536041
train/gradient_norm_before_clip,50400.0,0.07582181692123413
train/gradient_norm_before_clip,50450.0,0.032332200556993484
train/gradient_norm_before_clip,50500.0,0.04395327344536781
train/gradient_norm_before_clip,50550.0,0.04773436486721039
train/gradient_norm_before_clip,50600.0,0.08092661947011948
train/gradient_norm_before_clip,50650.0,0.048638198524713516
train/gradient_norm_before_clip,50700.0,0.03195562958717346
train/gradient_norm_before_clip,50750.0,0.0497908890247345
train/gradient_norm_before_clip,50800.0,0.04079810157418251
train/gradient_norm_before_clip,50850.0,0.07052045315504074
train/gradient_norm_before_clip,50900.0,0.0765228420495987
train/gradient_norm_before_clip,50950.0,0.06392655521631241
train/gradient_norm_before_clip,51000.0,0.06792282313108444
train/gradient_norm_before_clip,51050.0,0.04592195898294449
train/gradient_norm_before_clip,51100.0,0.05764484032988548
train/gradient_norm_before_clip,51150.0,0.05135830491781235
train/gradient_norm_before_clip,51200.0,0.06279484927654266
train/gradient_norm_before_clip,51250.0,0.061459463089704514
train/gradient_norm_before_clip,51300.0,0.11833155155181885
train/gradient_norm_before_clip,51350.0,0.05760115757584572
train/gradient_norm_before_clip,51400.0,0.05345422029495239
train/gradient_norm_before_clip,51450.0,0.03202664852142334
train/gradient_norm_before_clip,51500.0,0.04664703831076622
train/gradient_norm_before_clip,51550.0,0.054965585470199585
train/gradient_norm_before_clip,51600.0,0.04245203360915184
train/gradient_norm_before_clip,51650.0,0.04282553866505623
train/gradient_norm_before_clip,51700.0,0.06220405921339989
train/gradient_norm_before_clip,51750.0,0.05388030409812927
train/gradient_norm_before_clip,51800.0,0.03952380269765854
train/gradient_norm_before_clip,51850.0,0.06267346441745758
train/gradient_norm_before_clip,51900.0,0.11548423022031784
train/gradient_norm_before_clip,51950.0,0.05313979089260101
train/gradient_norm_before_clip,52000.0,0.06281474977731705
train/gradient_norm_before_clip,52050.0,0.06805896759033203
train/gradient_norm_before_clip,52100.0,0.0768708735704422
train/gradient_norm_before_clip,52150.0,0.04556739330291748
train/gradient_norm_before_clip,52200.0,0.06073809787631035
train/gradient_norm_before_clip,52250.0,0.07660306990146637
train/gradient_norm_before_clip,52300.0,0.05541858822107315
train/gradient_norm_before_clip,52350.0,0.07544597238302231
train/gradient_norm_before_clip,52400.0,0.06865911185741425
train/gradient_norm_before_clip,52450.0,0.048753853887319565
train/gradient_norm_before_clip,52500.0,0.07732326537370682
train/gradient_norm_before_clip,52550.0,0.05851021409034729
train/gradient_norm_before_clip,52600.0,0.12542729079723358
train/gradient_norm_before_clip,52650.0,0.04693352431058884
train/gradient_norm_before_clip,52700.0,0.07451675832271576
train/gradient_norm_before_clip,52750.0,0.03897105157375336
train/gradient_norm_before_clip,52800.0,0.07085809111595154
train/gradient_norm_before_clip,52850.0,0.08623148500919342
train/gradient_norm_before_clip,52900.0,0.04055028408765793
train/gradient_norm_before_clip,52950.0,0.07480420172214508
train/gradient_norm_before_clip,53000.0,0.048551566898822784
train/gradient_norm_before_clip,53050.0,0.055973540991544724
train/gradient_norm_before_clip,53100.0,0.09311943501234055
train/gradient_norm_before_clip,53150.0,0.03944501653313637
train/gradient_norm_before_clip,53200.0,0.033330462872982025
train/gradient_norm_before_clip,53250.0,0.08170425146818161
train/gradient_norm_before_clip,53300.0,0.10689039528369904
train/gradient_norm_before_clip,53350.0,0.04842555150389671
train/gradient_norm_before_clip,53400.0,0.10860560834407806
train/gradient_norm_before_clip,53450.0,0.08896587789058685
train/gradient_norm_before_clip,53500.0,0.04310667887330055
train/gradient_norm_before_clip,53550.0,0.04185524210333824
train/gradient_norm_before_clip,53600.0,0.05935512110590935
train/gradient_norm_before_clip,53650.0,0.0446992963552475
train/gradient_norm_before_clip,53700.0,0.08913524448871613
train/gradient_norm_before_clip,53750.0,0.05958497151732445
train/gradient_norm_before_clip,53800.0,0.11859414726495743
train/gradient_norm_before_clip,53850.0,0.09588672965765
train/gradient_norm_before_clip,53900.0,0.04467375949025154
train/gradient_norm_before_clip,53950.0,0.04791121929883957
train/gradient_norm_before_clip,54000.0,0.05663992464542389
train/gradient_norm_before_clip,54050.0,0.04128212109208107
train/gradient_norm_before_clip,54100.0,0.04198938608169556
train/gradient_norm_before_clip,54150.0,0.06765420734882355
train/gradient_norm_before_clip,54200.0,0.04100263491272926
train/gradient_norm_before_clip,54250.0,0.048808690160512924
train/gradient_norm_before_clip,54300.0,0.046917494386434555
train/gradient_norm_before_clip,54350.0,0.08888639509677887
train/gradient_norm_before_clip,54400.0,0.04096854850649834
train/gradient_norm_before_clip,54450.0,0.08618354052305222
train/gradient_norm_before_clip,54500.0,0.026964573189616203
train/gradient_norm_before_clip,54550.0,0.049305081367492676
train/gradient_norm_before_clip,54600.0,0.052550818771123886
train/gradient_norm_before_clip,54650.0,0.05520809069275856
train/gradient_norm_before_clip,54700.0,0.053223617374897
train/gradient_norm_before_clip,54750.0,0.061825692653656006
train/gradient_norm_before_clip,54800.0,0.07327914237976074
train/gradient_norm_before_clip,54850.0,0.046345070004463196
train/gradient_norm_before_clip,54900.0,0.04206666350364685
train/gradient_norm_before_clip,54950.0,0.04441346600651741
train/gradient_norm_before_clip,55000.0,0.042791008949279785
train/gradient_norm_before_clip,55050.0,0.04412316903471947
train/gradient_norm_before_clip,55100.0,0.039833471179008484
train/gradient_norm_before_clip,55150.0,0.045606475323438644
train/gradient_norm_before_clip,55200.0,0.04201452061533928
train/gradient_norm_before_clip,55250.0,0.03327319398522377
train/gradient_norm_before_clip,55300.0,0.05128585547208786
train/gradient_norm_before_clip,55350.0,0.03283348307013512
train/gradient_norm_before_clip,55400.0,0.08102387189865112
train/gradient_norm_before_clip,55450.0,0.056857362389564514
train/gradient_norm_before_clip,55500.0,0.04609284922480583
train/gradient_norm_before_clip,55550.0,0.09136735647916794
train/gradient_norm_before_clip,55600.0,0.03608701750636101
train/gradient_norm_before_clip,55650.0,0.08109789341688156
train/gradient_norm_before_clip,55700.0,0.05213293060660362
train/gradient_norm_before_clip,55750.0,0.04271746054291725
train/gradient_norm_before_clip,55800.0,0.08669287711381912
train/gradient_norm_before_clip,55850.0,0.052682213485240936
train/gradient_norm_before_clip,55900.0,0.04157989099621773
train/gradient_norm_before_clip,55950.0,0.07785274088382721
train/gradient_norm_before_clip,56000.0,0.0964399054646492
train/gradient_norm_before_clip,56050.0,0.041073668748140335
train/gradient_norm_before_clip,56100.0,0.05389375239610672
train/gradient_norm_before_clip,56150.0,0.05188366025686264
train/gradient_norm_before_clip,56200.0,0.05369705706834793
train/gradient_norm_before_clip,56250.0,0.05307625234127045
train/gradient_norm_before_clip,56300.0,0.058025967329740524
train/gradient_norm_before_clip,56350.0,0.04883173480629921
train/gradient_norm_before_clip,56400.0,0.051586706191301346
train/gradient_norm_before_clip,56450.0,0.06628023833036423
train/gradient_norm_before_clip,56500.0,0.04973461106419563
train/gradient_norm_before_clip,56550.0,0.04765478894114494
train/gradient_norm_before_clip,56600.0,0.09274391084909439
train/gradient_norm_before_clip,56650.0,0.036964043974876404
train/gradient_norm_before_clip,56700.0,0.05172980576753616
train/gradient_norm_before_clip,56750.0,0.04600314795970917
train/gradient_norm_before_clip,56800.0,0.054987601935863495
train/gradient_norm_before_clip,56850.0,0.08659879118204117
train/gradient_norm_before_clip,56900.0,0.0598318874835968
train/gradient_norm_before_clip,56950.0,0.08916056901216507
train/gradient_norm_before_clip,57000.0,0.03559627756476402
train/gradient_norm_before_clip,57050.0,0.03535344824194908
train/gradient_norm_before_clip,57100.0,0.03913889080286026
train/gradient_norm_before_clip,57150.0,0.06595487892627716
train/gradient_norm_before_clip,57200.0,0.05226968973875046
train/gradient_norm_before_clip,57250.0,0.056109823286533356
train/gradient_norm_before_clip,57300.0,0.05928684398531914
train/gradient_norm_before_clip,57350.0,0.07086285948753357
train/gradient_norm_before_clip,57400.0,0.06611628830432892
train/gradient_norm_before_clip,57450.0,0.0690109059214592
train/gradient_norm_before_clip,57500.0,0.036578115075826645
train/gradient_norm_before_clip,57550.0,0.03636901080608368
train/gradient_norm_before_clip,57600.0,0.056696031242609024
train/gradient_norm_before_clip,57650.0,0.07104671746492386
train/gradient_norm_before_clip,57700.0,0.04638160765171051
train/gradient_norm_before_clip,57750.0,0.061217017471790314
train/gradient_norm_before_clip,57800.0,0.05167891085147858
train/gradient_norm_before_clip,57850.0,0.041566234081983566
train/gradient_norm_before_clip,57900.0,0.056168846786022186
train/gradient_norm_before_clip,57950.0,0.04562782496213913
train/gradient_norm_before_clip,58000.0,0.05549609288573265
train/gradient_norm_before_clip,58050.0,0.056055475026369095
train/gradient_norm_before_clip,58100.0,0.17231795191764832
train/gradient_norm_before_clip,58150.0,0.051254261285066605
train/gradient_norm_before_clip,58200.0,0.05631481111049652
train/gradient_norm_before_clip,58250.0,0.047698795795440674
train/gradient_norm_before_clip,58300.0,0.05114567652344704
train/gradient_norm_before_clip,58350.0,0.05494873598217964
train/gradient_norm_before_clip,58400.0,0.049661580473184586
train/gradient_norm_before_clip,58450.0,0.05130428075790405
train/gradient_norm_before_clip,58500.0,0.05129779875278473
train/gradient_norm_before_clip,58550.0,0.06286612898111343
train/gradient_norm_before_clip,58600.0,0.06514202058315277
train/gradient_norm_before_clip,58650.0,0.05116754025220871
train/gradient_norm_before_clip,58700.0,0.03805600106716156
train/gradient_norm_before_clip,58750.0,0.04386773705482483
train/gradient_norm_before_clip,58800.0,0.05860847234725952
train/gradient_norm_before_clip,58850.0,0.07327404618263245
train/gradient_norm_before_clip,58900.0,0.04300206899642944
train/gradient_norm_before_clip,58950.0,0.07335063815116882
train/gradient_norm_before_clip,59000.0,0.057923175394535065
train/gradient_norm_before_clip,59050.0,0.05125720053911209
train/gradient_norm_before_clip,59100.0,0.05737265571951866
train/gradient_norm_before_clip,59150.0,0.06635131686925888
train/gradient_norm_before_clip,59200.0,0.09780138731002808
train/gradient_norm_before_clip,59250.0,0.0565231628715992
train/gradient_norm_before_clip,59300.0,0.04177362471818924
train/gradient_norm_before_clip,59350.0,0.05236690491437912
train/gradient_norm_before_clip,59400.0,0.038780517876148224
train/gradient_norm_before_clip,59450.0,0.04608115553855896
train/gradient_norm_before_clip,59500.0,0.05609040707349777
train/gradient_norm_before_clip,59550.0,0.04212038591504097
train/gradient_norm_before_clip,59600.0,0.03965373337268829
train/gradient_norm_before_clip,59650.0,0.051217757165431976
train/gradient_norm_before_clip,59700.0,0.07552970200777054
train/gradient_norm_before_clip,59750.0,0.03564561903476715
train/gradient_norm_before_clip,59800.0,0.06707363575696945
train/gradient_norm_before_clip,59850.0,0.04491352289915085
train/gradient_norm_before_clip,59900.0,0.0642472505569458
train/gradient_norm_before_clip,59950.0,0.0379716232419014
train/gradient_norm_before_clip,60000.0,0.04315861687064171
train/gradient_norm_before_clip,60050.0,0.07631073892116547
train/gradient_norm_before_clip,60100.0,0.11053772270679474
train/gradient_norm_before_clip,60150.0,0.1570790410041809
train/gradient_norm_before_clip,60200.0,0.11419426649808884
train/gradient_norm_before_clip,60250.0,0.12599419057369232
train/gradient_norm_before_clip,60300.0,0.1034412682056427
train/gradient_norm_before_clip,60350.0,0.16245903074741364
train/gradient_norm_before_clip,60400.0,0.12508884072303772
train/gradient_norm_before_clip,60450.0,0.12812931835651398
train/gradient_norm_before_clip,60500.0,0.1079244539141655
train/gradient_norm_before_clip,60550.0,0.12226948142051697
train/gradient_norm_before_clip,60600.0,0.10589046776294708
train/gradient_norm_before_clip,60650.0,0.055452316999435425
train/gradient_norm_before_clip,60700.0,0.10289003700017929
train/gradient_norm_before_clip,60750.0,0.09732422977685928
train/gradient_norm_before_clip,60800.0,0.054759830236434937
train/gradient_norm_before_clip,60850.0,0.07799926400184631
train/gradient_norm_before_clip,60900.0,0.07195611298084259
train/gradient_norm_before_clip,60950.0,0.08908741176128387
train/gradient_norm_before_clip,61000.0,0.07352620363235474
train/gradient_norm_before_clip,61050.0,0.10195248574018478
train/gradient_norm_before_clip,61100.0,0.06948581337928772
train/gradient_norm_before_clip,61150.0,0.12811127305030823
train/gradient_norm_before_clip,61200.0,0.0892595574259758
train/gradient_norm_before_clip,61250.0,0.11678868532180786
train/gradient_norm_before_clip,61300.0,0.08913267403841019
train/gradient_norm_before_clip,61350.0,0.08742410689592361
train/gradient_norm_before_clip,61400.0,0.045271553099155426
train/gradient_norm_before_clip,61450.0,0.14468039572238922
train/gradient_norm_before_clip,61500.0,0.09171930700540543
train/gradient_norm_before_clip,61550.0,0.09846612066030502
train/gradient_norm_before_clip,61600.0,0.11249325424432755
train/gradient_norm_before_clip,61650.0,0.12935346364974976
train/gradient_norm_before_clip,61700.0,0.07245950400829315
train/gradient_norm_before_clip,61750.0,0.04582247510552406
train/gradient_norm_before_clip,61800.0,0.12894122302532196
train/gradient_norm_before_clip,61850.0,0.1777029186487198
train/gradient_norm_before_clip,61900.0,0.07287061959505081
train/gradient_norm_before_clip,61950.0,0.147781640291214
train/gradient_norm_before_clip,62000.0,0.12083950638771057
train/gradient_norm_before_clip,62050.0,0.0650486946105957
train/gradient_norm_before_clip,62100.0,0.10738741606473923
train/gradient_norm_before_clip,62150.0,0.09513923525810242
train/gradient_norm_before_clip,62200.0,0.12298940867185593
train/gradient_norm_before_clip,62250.0,0.06748305261135101
train/gradient_norm_before_clip,62300.0,0.06703946739435196
train/gradient_norm_before_clip,62350.0,0.0816527009010315
train/gradient_norm_before_clip,62400.0,0.10757520794868469
train/gradient_norm_before_clip,62450.0,0.06306926906108856
train/gradient_norm_before_clip,62500.0,0.09299556165933609
train/gradient_norm_before_clip,62550.0,0.07424778491258621
train/gradient_norm_before_clip,62600.0,0.06764253973960876
train/gradient_norm_before_clip,62650.0,0.11216114461421967
train/gradient_norm_before_clip,62700.0,0.09521811455488205
train/gradient_norm_before_clip,62750.0,0.0801619216799736
train/gradient_norm_before_clip,62800.0,0.15980073809623718
train/gradient_norm_before_clip,62850.0,0.11235826462507248
train/gradient_norm_before_clip,62900.0,0.12363596260547638
train/gradient_norm_before_clip,62950.0,0.14458909630775452
train/gradient_norm_before_clip,63000.0,0.17602108418941498
train/gradient_norm_before_clip,63050.0,0.09264348447322845
train/gradient_norm_before_clip,63100.0,0.22910326719284058
train/gradient_norm_before_clip,63150.0,0.11908196657896042
train/gradient_norm_before_clip,63200.0,0.05639690160751343
train/gradient_norm_before_clip,63250.0,0.065549835562706
train/gradient_norm_before_clip,63300.0,0.08448945730924606
train/gradient_norm_before_clip,63350.0,0.09310349076986313
train/gradient_norm_before_clip,63400.0,0.12332763522863388
train/gradient_norm_before_clip,63450.0,0.05661333352327347
train/gradient_norm_before_clip,63500.0,0.171693354845047
train/gradient_norm_before_clip,63550.0,0.10982438921928406
train/gradient_norm_before_clip,63600.0,0.06754721701145172
train/gradient_norm_before_clip,63650.0,0.15439680218696594
train/gradient_norm_before_clip,63700.0,0.05628582090139389
train/gradient_norm_before_clip,63750.0,0.07370883226394653
train/gradient_norm_before_clip,63800.0,0.08585931360721588
train/gradient_norm_before_clip,63850.0,0.12488360702991486
train/gradient_norm_before_clip,63900.0,0.09114372730255127
train/gradient_norm_before_clip,63950.0,0.08293184638023376
train/gradient_norm_before_clip,64000.0,0.0924888327717781
train/gradient_norm_before_clip,64050.0,0.16854150593280792
train/gradient_norm_before_clip,64100.0,0.08892469108104706
train/gradient_norm_before_clip,64150.0,0.0736272931098938
train/gradient_norm_before_clip,64200.0,0.11358893662691116
train/gradient_norm_before_clip,64250.0,0.08549174666404724
train/gradient_norm_before_clip,64300.0,0.08701341599225998
train/gradient_norm_before_clip,64350.0,0.15376831591129303
train/gradient_norm_before_clip,64400.0,0.06620403379201889
train/gradient_norm_before_clip,64450.0,0.1291717290878296
train/gradient_norm_before_clip,64500.0,0.06270568817853928
train/gradient_norm_before_clip,64550.0,0.09771495312452316
train/gradient_norm_before_clip,64600.0,0.1656990796327591
train/gradient_norm_before_clip,64650.0,0.17110863327980042
train/gradient_norm_before_clip,64700.0,0.08134675770998001
train/gradient_norm_before_clip,64750.0,0.08003845065832138
train/gradient_norm_before_clip,64800.0,0.07705841958522797
train/gradient_norm_before_clip,64850.0,0.10149864107370377
train/gradient_norm_before_clip,64900.0,0.07212802022695541
train/gradient_norm_before_clip,64950.0,0.07672995328903198
train/gradient_norm_before_clip,65000.0,0.15113984048366547
train/gradient_norm_before_clip,65050.0,0.07910143584012985
train/gradient_norm_before_clip,65100.0,0.0555771104991436
train/gradient_norm_before_clip,65150.0,0.06834858655929565
train/gradient_norm_before_clip,65200.0,0.13353268802165985
train/gradient_norm_before_clip,65250.0,0.056608978658914566
train/gradient_norm_before_clip,65300.0,0.1651654839515686
train/gradient_norm_before_clip,65350.0,0.07070007175207138
train/gradient_norm_before_clip,65400.0,0.1581876128911972
train/gradient_norm_before_clip,65450.0,0.06722808629274368
train/gradient_norm_before_clip,65500.0,0.07563251256942749
train/gradient_norm_before_clip,65550.0,0.10927193611860275
train/gradient_norm_before_clip,65600.0,0.09910626709461212
train/gradient_norm_before_clip,65650.0,0.06644444167613983
train/gradient_norm_before_clip,65700.0,0.08406442403793335
train/gradient_norm_before_clip,65750.0,0.10890266299247742
train/gradient_norm_before_clip,65800.0,0.1527552604675293
train/gradient_norm_before_clip,65850.0,0.06251909583806992
train/gradient_norm_before_clip,65900.0,0.07144741714000702
train/gradient_norm_before_clip,65950.0,0.05676119402050972
train/gradient_norm_before_clip,66000.0,0.16726867854595184
train/gradient_norm_before_clip,66050.0,0.09223069250583649
train/gradient_norm_before_clip,66100.0,0.07530765235424042
train/gradient_norm_before_clip,66150.0,0.057875748723745346
train/gradient_norm_before_clip,66200.0,0.0685788244009018
train/gradient_norm_before_clip,66250.0,0.08968888968229294
train/gradient_norm_before_clip,66300.0,0.09699707478284836
train/gradient_norm_before_clip,66350.0,0.055072978138923645
train/gradient_norm_before_clip,66400.0,0.07767587900161743
train/gradient_norm_before_clip,66450.0,0.0705394372344017
train/gradient_norm_before_clip,66500.0,0.09924717247486115
train/gradient_norm_before_clip,66550.0,0.10028872638940811
train/gradient_norm_before_clip,66600.0,0.0722072497010231
train/gradient_norm_before_clip,66650.0,0.11684313416481018
train/gradient_norm_before_clip,66700.0,0.09993942826986313
train/gradient_norm_before_clip,66750.0,0.1013120710849762
train/gradient_norm_before_clip,66800.0,0.06847292929887772
train/gradient_norm_before_clip,66850.0,0.09959297627210617
train/gradient_norm_before_clip,66900.0,0.05739276856184006
train/gradient_norm_before_clip,66950.0,0.07716293632984161
train/gradient_norm_before_clip,67000.0,0.08662796765565872
train/gradient_norm_before_clip,67050.0,0.06518787890672684
train/gradient_norm_before_clip,67100.0,0.1478455364704132
train/gradient_norm_before_clip,67150.0,0.0676729828119278
train/gradient_norm_before_clip,67200.0,0.0628684014081955
train/gradient_norm_before_clip,67250.0,0.11936099082231522
train/gradient_norm_before_clip,67300.0,0.09369760751724243
train/gradient_norm_before_clip,67350.0,0.10399916768074036
train/gradient_norm_before_clip,67400.0,0.04861769080162048
train/gradient_norm_before_clip,67450.0,0.08144858479499817
train/gradient_norm_before_clip,67500.0,0.09507427364587784
train/gradient_norm_before_clip,67550.0,0.04931702837347984
train/gradient_norm_before_clip,67600.0,0.07679380476474762
train/gradient_norm_before_clip,67650.0,0.0649794340133667
train/gradient_norm_before_clip,67700.0,0.04647759348154068
train/gradient_norm_before_clip,67750.0,0.171399787068367
train/gradient_norm_before_clip,67800.0,0.055961959064006805
train/gradient_norm_before_clip,67850.0,0.07118047773838043
train/gradient_norm_before_clip,67900.0,0.0687452182173729
train/gradient_norm_before_clip,67950.0,0.13769838213920593
train/gradient_norm_before_clip,68000.0,0.06849503517150879
train/gradient_norm_before_clip,68050.0,0.15205688774585724
train/gradient_norm_before_clip,68100.0,0.06616605073213577
train/gradient_norm_before_clip,68150.0,0.09628543257713318
train/gradient_norm_before_clip,68200.0,0.07968033105134964
train/gradient_norm_before_clip,68250.0,0.10122223198413849
train/gradient_norm_before_clip,68300.0,0.05505339801311493
train/gradient_norm_before_clip,68350.0,0.12332764267921448
train/gradient_norm_before_clip,68400.0,0.07828198373317719
train/gradient_norm_before_clip,68450.0,0.08780363947153091
train/gradient_norm_before_clip,68500.0,0.10991864651441574
train/gradient_norm_before_clip,68550.0,0.08460219949483871
train/gradient_norm_before_clip,68600.0,0.11620140075683594
train/gradient_norm_before_clip,68650.0,0.14297015964984894
train/gradient_norm_before_clip,68700.0,0.08856794983148575
train/gradient_norm_before_clip,68750.0,0.15088467299938202
train/gradient_norm_before_clip,68800.0,0.0512005053460598
train/gradient_norm_before_clip,68850.0,0.04780774936079979
train/gradient_norm_before_clip,68900.0,0.06560831516981125
train/gradient_norm_before_clip,68950.0,0.0736241266131401
train/gradient_norm_before_clip,69000.0,0.05429840832948685
train/gradient_norm_before_clip,69050.0,0.046889688819646835
train/gradient_norm_before_clip,69100.0,0.06997755169868469
train/gradient_norm_before_clip,69150.0,0.07409722357988358
train/gradient_norm_before_clip,69200.0,0.14011375606060028
train/gradient_norm_before_clip,69250.0,0.15726450085639954
train/gradient_norm_before_clip,69300.0,0.12938866019248962
train/gradient_norm_before_clip,69350.0,0.05747583508491516
train/gradient_norm_before_clip,69400.0,0.06040981039404869
train/gradient_norm_before_clip,69450.0,0.0526658371090889
train/gradient_norm_before_clip,69500.0,0.07444849610328674
train/gradient_norm_before_clip,69550.0,0.0498274564743042
train/gradient_norm_before_clip,69600.0,0.06288644671440125
train/gradient_norm_before_clip,69650.0,0.13852207362651825
train/gradient_norm_before_clip,69700.0,0.07652545720338821
train/gradient_norm_before_clip,69750.0,0.058169592171907425
train/gradient_norm_before_clip,69800.0,0.1626698523759842
train/gradient_norm_before_clip,69850.0,0.2353646457195282
train/gradient_norm_before_clip,69900.0,0.09186865389347076
train/gradient_norm_before_clip,69950.0,0.1218552514910698
train/gradient_norm_before_clip,70000.0,0.09666222333908081
train/gradient_norm_before_clip,70050.0,0.10056886821985245
train/gradient_norm_before_clip,70100.0,0.11063196510076523
train/gradient_norm_before_clip,70150.0,0.12268981337547302
train/gradient_norm_before_clip,70200.0,0.0795733630657196
train/gradient_norm_before_clip,70250.0,0.1194431483745575
train/gradient_norm_before_clip,70300.0,0.06729427725076675
train/gradient_norm_before_clip,70350.0,0.07827519625425339
train/gradient_norm_before_clip,70400.0,0.11997371166944504
train/gradient_norm_before_clip,70450.0,0.05565663427114487
train/gradient_norm_before_clip,70500.0,0.08428167551755905
train/gradient_norm_before_clip,70550.0,0.07795435935258865
train/gradient_norm_before_clip,70600.0,0.06854957342147827
train/gradient_norm_before_clip,70650.0,0.09061462432146072
train/gradient_norm_before_clip,70700.0,0.04730580374598503
train/gradient_norm_before_clip,70750.0,0.09142009168863297
train/gradient_norm_before_clip,70800.0,0.11040657013654709
train/gradient_norm_before_clip,70850.0,0.0638338252902031
train/gradient_norm_before_clip,70900.0,0.07184427231550217
train/gradient_norm_before_clip,70950.0,0.08868663758039474
train/gradient_norm_before_clip,71000.0,0.06032904237508774
train/gradient_norm_before_clip,71050.0,0.09218355268239975
train/gradient_norm_before_clip,71100.0,0.060823068022727966
train/gradient_norm_before_clip,71150.0,0.13442906737327576
train/gradient_norm_before_clip,71200.0,0.11761204153299332
train/gradient_norm_before_clip,71250.0,0.06500626355409622
train/gradient_norm_before_clip,71300.0,0.06507445126771927
train/gradient_norm_before_clip,71350.0,0.14397010207176208
train/gradient_norm_before_clip,71400.0,0.060089144855737686
train/gradient_norm_before_clip,71450.0,0.046157222241163254
train/gradient_norm_before_clip,71500.0,0.07080061733722687
train/gradient_norm_before_clip,71550.0,0.0868038609623909
train/gradient_norm_before_clip,71600.0,0.06146420165896416
train/gradient_norm_before_clip,71650.0,0.08354784548282623
train/gradient_norm_before_clip,71700.0,0.08211849629878998
train/gradient_norm_before_clip,71750.0,0.09787369519472122
train/gradient_norm_before_clip,71800.0,0.08511564135551453
train/gradient_norm_before_clip,71850.0,0.0598520003259182
train/gradient_norm_before_clip,71900.0,0.06377812474966049
train/gradient_norm_before_clip,71950.0,0.07497599720954895
train/gradient_norm_before_clip,72000.0,0.06537751853466034
train/gradient_norm_before_clip,72050.0,0.058756694197654724
train/gradient_norm_before_clip,72100.0,0.07999733835458755
train/gradient_norm_before_clip,72150.0,0.0832667276263237
train/gradient_norm_before_clip,72200.0,0.0972251370549202
train/gradient_norm_before_clip,72250.0,0.12136862426996231
train/gradient_norm_before_clip,72300.0,0.06460542231798172
train/gradient_norm_before_clip,72350.0,0.06347627937793732
train/gradient_norm_before_clip,72400.0,0.14521127939224243
train/gradient_norm_before_clip,72450.0,0.11803211271762848
train/gradient_norm_before_clip,72500.0,0.08881346881389618
train/gradient_norm_before_clip,72550.0,0.0879850834608078
train/gradient_norm_before_clip,72600.0,0.07189469039440155
train/gradient_norm_before_clip,72650.0,0.08920984715223312
train/gradient_norm_before_clip,72700.0,0.0633932426571846
train/gradient_norm_before_clip,72750.0,0.05571006238460541
train/gradient_norm_before_clip,72800.0,0.08898080885410309
train/gradient_norm_before_clip,72850.0,0.1232442632317543
train/gradient_norm_before_clip,72900.0,0.10825174301862717
train/gradient_norm_before_clip,72950.0,0.07596082240343094
train/gradient_norm_before_clip,73000.0,0.05561221018433571
train/gradient_norm_before_clip,73050.0,0.08330949395895004
train/gradient_norm_before_clip,73100.0,0.06263662129640579
train/gradient_norm_before_clip,73150.0,0.08207456767559052
train/gradient_norm_before_clip,73200.0,0.11065048724412918
train/gradient_norm_before_clip,73250.0,0.07250761240720749
train/gradient_norm_before_clip,73300.0,0.07360536605119705
train/gradient_norm_before_clip,73350.0,0.059891510754823685
train/gradient_norm_before_clip,73400.0,0.10191607475280762
train/gradient_norm_before_clip,73450.0,0.04764767363667488
train/gradient_norm_before_clip,73500.0,0.0922727957367897
train/gradient_norm_before_clip,73550.0,0.06473282724618912
train/gradient_norm_before_clip,73600.0,0.11606594175100327
train/gradient_norm_before_clip,73650.0,0.05389523133635521
train/gradient_norm_before_clip,73700.0,0.06509092450141907
train/gradient_norm_before_clip,73750.0,0.14693765342235565
train/gradient_norm_before_clip,73800.0,0.06726986914873123
train/gradient_norm_before_clip,73850.0,0.05446016043424606
train/gradient_norm_before_clip,73900.0,0.08861537277698517
train/gradient_norm_before_clip,73950.0,0.06123482435941696
train/gradient_norm_before_clip,74000.0,0.05431245267391205
train/gradient_norm_before_clip,74050.0,0.05168633162975311
train/gradient_norm_before_clip,74100.0,0.0792783722281456
train/gradient_norm_before_clip,74150.0,0.08466454595327377
train/gradient_norm_before_clip,74200.0,0.05458464100956917
train/gradient_norm_before_clip,74250.0,0.061091531068086624
train/gradient_norm_before_clip,74300.0,0.25598180294036865
train/gradient_norm_before_clip,74350.0,0.12119040638208389
train/gradient_norm_before_clip,74400.0,0.07328709959983826
train/gradient_norm_before_clip,74450.0,0.10574731230735779
train/gradient_norm_before_clip,74500.0,0.05439720302820206
train/gradient_norm_before_clip,74550.0,0.05545593798160553
train/gradient_norm_before_clip,74600.0,0.08466465771198273
train/gradient_norm_before_clip,74650.0,0.09780719131231308
train/gradient_norm_before_clip,74700.0,0.07543890178203583
train/gradient_norm_before_clip,74750.0,0.06545230746269226
train/gradient_norm_before_clip,74800.0,0.09512437134981155
train/gradient_norm_before_clip,74850.0,0.06381431221961975
train/gradient_norm_before_clip,74900.0,0.04856030270457268
train/gradient_norm_before_clip,74950.0,0.0559045784175396
train/gradient_norm_before_clip,75000.0,0.07291553914546967
train/gradient_norm_before_clip,75050.0,0.07092442363500595
train/gradient_norm_before_clip,75100.0,0.07753311842679977
train/gradient_norm_before_clip,75150.0,0.07768137753009796
train/gradient_norm_before_clip,75200.0,0.057728156447410583
train/gradient_norm_before_clip,75250.0,0.05351999029517174
train/gradient_norm_before_clip,75300.0,0.04873158782720566
train/gradient_norm_before_clip,75350.0,0.06889036297798157
train/gradient_norm_before_clip,75400.0,0.07059205323457718
train/gradient_norm_before_clip,75450.0,0.08344411849975586
train/gradient_norm_before_clip,75500.0,0.08848416060209274
train/gradient_norm_before_clip,75550.0,0.07044845074415207
train/gradient_norm_before_clip,75600.0,0.06351146847009659
train/gradient_norm_before_clip,75650.0,0.10110866278409958
train/gradient_norm_before_clip,75700.0,0.04102176055312157
train/gradient_norm_before_clip,75750.0,0.07288875430822372
train/gradient_norm_before_clip,75800.0,0.06338310986757278
train/gradient_norm_before_clip,75850.0,0.09391965717077255
train/gradient_norm_before_clip,75900.0,0.07546190917491913
train/gradient_norm_before_clip,75950.0,0.06716065853834152
train/gradient_norm_before_clip,76000.0,0.10546515882015228
train/gradient_norm_before_clip,76050.0,0.066236212849617
train/gradient_norm_before_clip,76100.0,0.07829558849334717
train/gradient_norm_before_clip,76150.0,0.18294966220855713
train/gradient_norm_before_clip,76200.0,0.04755738750100136
train/gradient_norm_before_clip,76250.0,0.06275127828121185
train/gradient_norm_before_clip,76300.0,0.042219046503305435
train/gradient_norm_before_clip,76350.0,0.05979983136057854
train/gradient_norm_before_clip,76400.0,0.0617949478328228
train/gradient_norm_before_clip,76450.0,0.12597066164016724
train/gradient_norm_before_clip,76500.0,0.08409327268600464
train/gradient_norm_before_clip,76550.0,0.10561375319957733
train/gradient_norm_before_clip,76600.0,0.10373343527317047
train/gradient_norm_before_clip,76650.0,0.06901290267705917
train/gradient_norm_before_clip,76700.0,0.07446571439504623
train/gradient_norm_before_clip,76750.0,0.08533617109060287
train/gradient_norm_before_clip,76800.0,0.06620600819587708
train/gradient_norm_before_clip,76850.0,0.05558279529213905
train/gradient_norm_before_clip,76900.0,0.045303571969270706
train/gradient_norm_before_clip,76950.0,0.052172452211380005
train/gradient_norm_before_clip,77000.0,0.06840705126523972
train/gradient_norm_before_clip,77050.0,0.12832152843475342
train/gradient_norm_before_clip,77100.0,0.06325799226760864
train/gradient_norm_before_clip,77150.0,0.10985136777162552
train/gradient_norm_before_clip,77200.0,0.059697892516851425
train/gradient_norm_before_clip,77250.0,0.06789635866880417
train/gradient_norm_before_clip,77300.0,0.05166684091091156
train/gradient_norm_before_clip,77350.0,0.08291599899530411
train/gradient_norm_before_clip,77400.0,0.10947345942258835
train/gradient_norm_before_clip,77450.0,0.06188571825623512
train/gradient_norm_before_clip,77500.0,0.09124662727117538
train/gradient_norm_before_clip,77550.0,0.07953948527574539
train/gradient_norm_before_clip,77600.0,0.06353670358657837
train/gradient_norm_before_clip,77650.0,0.0543256439268589
train/gradient_norm_before_clip,77700.0,0.07520271837711334
train/gradient_norm_before_clip,77750.0,0.052021004259586334
train/gradient_norm_before_clip,77800.0,0.06739363074302673
train/gradient_norm_before_clip,77850.0,0.05164927616715431
train/gradient_norm_before_clip,77900.0,0.06166563555598259
train/gradient_norm_before_clip,77950.0,0.05789019912481308
train/gradient_norm_before_clip,78000.0,0.056023553013801575
train/gradient_norm_before_clip,78050.0,0.055054448544979095
train/gradient_norm_before_clip,78100.0,0.0727137103676796
train/gradient_norm_before_clip,78150.0,0.05277616158127785
train/gradient_norm_before_clip,78200.0,0.0586719736456871
train/gradient_norm_before_clip,78250.0,0.11858522146940231
train/gradient_norm_before_clip,78300.0,0.07554086297750473
train/gradient_norm_before_clip,78350.0,0.061447370797395706
train/gradient_norm_before_clip,78400.0,0.09151983261108398
train/gradient_norm_before_clip,78450.0,0.06419843435287476
train/gradient_norm_before_clip,78500.0,0.09892536699771881
train/gradient_norm_before_clip,78550.0,0.06834189593791962
train/gradient_norm_before_clip,78600.0,0.1775948703289032
train/gradient_norm_before_clip,78650.0,0.06602565944194794
train/gradient_norm_before_clip,78700.0,0.060408882796764374
train/gradient_norm_before_clip,78750.0,0.05960703268647194
train/gradient_norm_before_clip,78800.0,0.05608862638473511
train/gradient_norm_before_clip,78850.0,0.051288895308971405
train/gradient_norm_before_clip,78900.0,0.11532950401306152
train/gradient_norm_before_clip,78950.0,0.07022551447153091
train/gradient_norm_before_clip,79000.0,0.07311263680458069
train/gradient_norm_before_clip,79050.0,0.04546162858605385
train/gradient_norm_before_clip,79100.0,0.052280571311712265
train/gradient_norm_before_clip,79150.0,0.05184008181095123
train/gradient_norm_before_clip,79200.0,0.10788080841302872
train/gradient_norm_before_clip,79250.0,0.04832758009433746
train/gradient_norm_before_clip,79300.0,0.059377819299697876
train/gradient_norm_before_clip,79350.0,0.06280198693275452
train/gradient_norm_before_clip,79400.0,0.07087315618991852
train/gradient_norm_before_clip,79450.0,0.08441580832004547
train/gradient_norm_before_clip,79500.0,0.061971697956323624
train/gradient_norm_before_clip,79550.0,0.07297558337450027
train/gradient_norm_before_clip,79600.0,0.053828537464141846
train/gradient_norm_before_clip,79650.0,0.08658086508512497
train/gradient_norm_before_clip,79700.0,0.058420028537511826
train/gradient_norm_before_clip,79750.0,0.06427076458930969
train/gradient_norm_before_clip,79800.0,0.0636325255036354
train/gradient_norm_before_clip,79850.0,0.0689137801527977
train/gradient_norm_before_clip,79900.0,0.07393768429756165
train/gradient_norm_before_clip,79950.0,0.13499370217323303
train/gradient_norm_before_clip,80000.0,0.08406104892492294
train_interval/l1,2000.0,0.06548384577035904
train_interval/l1,4000.0,0.0512971356511116
train_interval/l1,6000.0,0.04996335506439209
train_interval/l1,8000.0,0.04912683740258217
train_interval/l1,10000.0,0.04827127605676651
train_interval/l1,12000.0,0.04782604053616524
train_interval/l1,14000.0,0.04739854112267494
train_interval/l1,16000.0,0.046933554112911224
train_interval/l1,18000.0,0.04654065892100334
train_interval/l1,20000.0,0.04622877389192581
train_interval/l1,22000.0,0.045885127037763596
train_interval/l1,24000.0,0.04581557214260101
train_interval/l1,26000.0,0.045575398951768875
train_interval/l1,28000.0,0.04522767290472984
train_interval/l1,30000.0,0.04496873542666435
train_interval/l1,32000.0,0.044912416487932205
train_interval/l1,34000.0,0.04471704736351967
train_interval/l1,36000.0,0.044582102447748184
train_interval/l1,38000.0,0.04431169480085373
train_interval/l1,40000.0,0.0441121906042099
train_interval/l1,42000.0,0.04403529688715935
train_interval/l1,44000.0,0.04412268102169037
train_interval/l1,46000.0,0.043868377804756165
train_interval/l1,48000.0,0.04382928088307381
train_interval/l1,50000.0,0.043687544763088226
train_interval/l1,52000.0,0.04359917715191841
train_interval/l1,54000.0,0.043496023863554
train_interval/l1,56000.0,0.04348722845315933
train_interval/l1,58000.0,0.0434989295899868
train_interval/l1,60000.0,0.0434260256588459
train_interval/l1,62000.0,0.045062106102705
train_interval/l1,64000.0,0.044932834804058075
train_interval/l1,66000.0,0.04478016123175621
train_interval/l1,68000.0,0.044752202928066254
train_interval/l1,70000.0,0.04446755722165108
train_interval/l1,72000.0,0.04445813596248627
train_interval/l1,74000.0,0.04421699792146683
train_interval/l1,76000.0,0.04409726709127426
train_interval/l1,78000.0,0.04398875683546066
train_interval/l1,80000.0,0.04395695775747299
train_interval/loss,2000.0,0.06548384577035904
train_interval/loss,4000.0,0.0512971356511116
train_interval/loss,6000.0,0.04996335506439209
train_interval/loss,8000.0,0.04912683740258217
train_interval/loss,10000.0,0.04827127605676651
train_interval/loss,12000.0,0.04782604053616524
train_interval/loss,14000.0,0.04739854112267494
train_interval/loss,16000.0,0.046933554112911224
train_interval/loss,18000.0,0.04654065892100334
train_interval/loss,20000.0,0.04622877389192581
train_interval/loss,22000.0,0.045885127037763596
train_interval/loss,24000.0,0.04581557214260101
train_interval/loss,26000.0,0.045575398951768875
train_interval/loss,28000.0,0.04522767290472984
train_interval/loss,30000.0,0.04496873542666435
train_interval/loss,32000.0,0.044912416487932205
train_interval/loss,34000.0,0.04471704736351967
train_interval/loss,36000.0,0.044582102447748184
train_interval/loss,38000.0,0.04431169480085373
train_interval/loss,40000.0,0.0441121906042099
train_interval/loss,42000.0,0.04403529688715935
train_interval/loss,44000.0,0.04412268102169037
train_interval/loss,46000.0,0.043868377804756165
train_interval/loss,48000.0,0.04382928088307381
train_interval/loss,50000.0,0.043687544763088226
train_interval/loss,52000.0,0.04359917715191841
train_interval/loss,54000.0,0.043496023863554
train_interval/loss,56000.0,0.04348722845315933
train_interval/loss,58000.0,0.0434989295899868
train_interval/loss,60000.0,0.0434260256588459
train_interval/loss,62000.0,0.0652468279004097
train_interval/loss,64000.0,0.06433325260877609
train_interval/loss,66000.0,0.06395935267210007
train_interval/loss,68000.0,0.06385262310504913
train_interval/loss,70000.0,0.06337819248437881
train_interval/loss,72000.0,0.06335140019655228
train_interval/loss,74000.0,0.06295280903577805
train_interval/loss,76000.0,0.06277450174093246
train_interval/loss,78000.0,0.06261372566223145
train_interval/loss,80000.0,0.06252715736627579
train_interval/lpips,2000.0,0.0
train_interval/lpips,4000.0,0.0
train_interval/lpips,6000.0,0.0
train_interval/lpips,8000.0,0.0
train_interval/lpips,10000.0,0.0
train_interval/lpips,12000.0,0.0
train_interval/lpips,14000.0,0.0
train_interval/lpips,16000.0,0.0
train_interval/lpips,18000.0,0.0
train_interval/lpips,20000.0,0.0
train_interval/lpips,22000.0,0.0
train_interval/lpips,24000.0,0.0
train_interval/lpips,26000.0,0.0
train_interval/lpips,28000.0,0.0
train_interval/lpips,30000.0,0.0
train_interval/lpips,32000.0,0.0
train_interval/lpips,34000.0,0.0
train_interval/lpips,36000.0,0.0
train_interval/lpips,38000.0,0.0
train_interval/lpips,40000.0,0.0
train_interval/lpips,42000.0,0.0
train_interval/lpips,44000.0,0.0
train_interval/lpips,46000.0,0.0
train_interval/lpips,48000.0,0.0
train_interval/lpips,50000.0,0.0
train_interval/lpips,52000.0,0.0
train_interval/lpips,54000.0,0.0
train_interval/lpips,56000.0,0.0
train_interval/lpips,58000.0,0.0
train_interval/lpips,60000.0,0.0
train_interval/lpips,62000.0,0.21195608377456665
train_interval/lpips,64000.0,0.1969013661146164
train_interval/lpips,66000.0,0.19333221018314362
train_interval/lpips,68000.0,0.19192145764827728
train_interval/lpips,70000.0,0.189636692404747
train_interval/lpips,72000.0,0.18922372162342072
train_interval/lpips,74000.0,0.187514990568161
train_interval/lpips,76000.0,0.18692512810230255
train_interval/lpips,78000.0,0.1864468902349472
train_interval/lpips,80000.0,0.1855681985616684
train_interval/lpips_weighted,2000.0,0.0
train_interval/lpips_weighted,4000.0,0.0
train_interval/lpips_weighted,6000.0,0.0
train_interval/lpips_weighted,8000.0,0.0
train_interval/lpips_weighted,10000.0,0.0
train_interval/lpips_weighted,12000.0,0.0
train_interval/lpips_weighted,14000.0,0.0
train_interval/lpips_weighted,16000.0,0.0
train_interval/lpips_weighted,18000.0,0.0
train_interval/lpips_weighted,20000.0,0.0
train_interval/lpips_weighted,22000.0,0.0
train_interval/lpips_weighted,24000.0,0.0
train_interval/lpips_weighted,26000.0,0.0
train_interval/lpips_weighted,28000.0,0.0
train_interval/lpips_weighted,30000.0,0.0
train_interval/lpips_weighted,32000.0,0.0
train_interval/lpips_weighted,34000.0,0.0
train_interval/lpips_weighted,36000.0,0.0
train_interval/lpips_weighted,38000.0,0.0
train_interval/lpips_weighted,40000.0,0.0
train_interval/lpips_weighted,42000.0,0.0
train_interval/lpips_weighted,44000.0,0.0
train_interval/lpips_weighted,46000.0,0.0
train_interval/lpips_weighted,48000.0,0.0
train_interval/lpips_weighted,50000.0,0.0
train_interval/lpips_weighted,52000.0,0.0
train_interval/lpips_weighted,54000.0,0.0
train_interval/lpips_weighted,56000.0,0.0
train_interval/lpips_weighted,58000.0,0.0
train_interval/lpips_weighted,60000.0,0.0
train_interval/lpips_weighted,62000.0,0.010597804561257362
train_interval/lpips_weighted,64000.0,0.00984506867825985
train_interval/lpips_weighted,66000.0,0.00966661050915718
train_interval/lpips_weighted,68000.0,0.009596073068678379
train_interval/lpips_weighted,70000.0,0.009481835179030895
train_interval/lpips_weighted,72000.0,0.00946118589490652
train_interval/lpips_weighted,74000.0,0.009375750087201595
train_interval/lpips_weighted,76000.0,0.009346256032586098
train_interval/lpips_weighted,78000.0,0.009322344325482845
train_interval/lpips_weighted,80000.0,0.009278410114347935
train_interval/reconstruction,2000.0,0.06548384577035904
train_interval/reconstruction,4000.0,0.0512971356511116
train_interval/reconstruction,6000.0,0.04996335506439209
train_interval/reconstruction,8000.0,0.04912683740258217
train_interval/reconstruction,10000.0,0.04827127605676651
train_interval/reconstruction,12000.0,0.04782604053616524
train_interval/reconstruction,14000.0,0.04739854112267494
train_interval/reconstruction,16000.0,0.046933554112911224
train_interval/reconstruction,18000.0,0.04654065892100334
train_interval/reconstruction,20000.0,0.04622877389192581
train_interval/reconstruction,22000.0,0.045885127037763596
train_interval/reconstruction,24000.0,0.04581557214260101
train_interval/reconstruction,26000.0,0.045575398951768875
train_interval/reconstruction,28000.0,0.04522767290472984
train_interval/reconstruction,30000.0,0.04496873542666435
train_interval/reconstruction,32000.0,0.044912416487932205
train_interval/reconstruction,34000.0,0.04471704736351967
train_interval/reconstruction,36000.0,0.044582102447748184
train_interval/reconstruction,38000.0,0.04431169480085373
train_interval/reconstruction,40000.0,0.0441121906042099
train_interval/reconstruction,42000.0,0.04403529688715935
train_interval/reconstruction,44000.0,0.04412268102169037
train_interval/reconstruction,46000.0,0.043868377804756165
train_interval/reconstruction,48000.0,0.04382928088307381
train_interval/reconstruction,50000.0,0.043687544763088226
train_interval/reconstruction,52000.0,0.04359917715191841
train_interval/reconstruction,54000.0,0.043496023863554
train_interval/reconstruction,56000.0,0.04348722845315933
train_interval/reconstruction,58000.0,0.0434989295899868
train_interval/reconstruction,60000.0,0.0434260256588459
train_interval/reconstruction,62000.0,0.05464902147650719
train_interval/reconstruction,64000.0,0.05448818579316139
train_interval/reconstruction,66000.0,0.054292742162942886
train_interval/reconstruction,68000.0,0.05425655096769333
train_interval/reconstruction,70000.0,0.053896356374025345
train_interval/reconstruction,72000.0,0.05389021337032318
train_interval/reconstruction,74000.0,0.053577061742544174
train_interval/reconstruction,76000.0,0.05342824384570122
train_interval/reconstruction,78000.0,0.053291380405426025
train_interval/reconstruction,80000.0,0.05324874445796013
train_interval/velocity_mse,2000.0,0.0
train_interval/velocity_mse,4000.0,0.0
train_interval/velocity_mse,6000.0,0.0
train_interval/velocity_mse,8000.0,0.0
train_interval/velocity_mse,10000.0,0.0
train_interval/velocity_mse,12000.0,0.0
train_interval/velocity_mse,14000.0,0.0
train_interval/velocity_mse,16000.0,0.0
train_interval/velocity_mse,18000.0,0.0
train_interval/velocity_mse,20000.0,0.0
train_interval/velocity_mse,22000.0,0.0
train_interval/velocity_mse,24000.0,0.0
train_interval/velocity_mse,26000.0,0.0
train_interval/velocity_mse,28000.0,0.0
train_interval/velocity_mse,30000.0,0.0
train_interval/velocity_mse,32000.0,0.0
train_interval/velocity_mse,34000.0,0.0
train_interval/velocity_mse,36000.0,0.0
train_interval/velocity_mse,38000.0,0.0
train_interval/velocity_mse,40000.0,0.0
train_interval/velocity_mse,42000.0,0.0
train_interval/velocity_mse,44000.0,0.0
train_interval/velocity_mse,46000.0,0.0
train_interval/velocity_mse,48000.0,0.0
train_interval/velocity_mse,50000.0,0.0
train_interval/velocity_mse,52000.0,0.0
train_interval/velocity_mse,54000.0,0.0
train_interval/velocity_mse,56000.0,0.0
train_interval/velocity_mse,58000.0,0.0
train_interval/velocity_mse,60000.0,0.0
train_interval/velocity_mse,62000.0,0.0
train_interval/velocity_mse,64000.0,0.0
train_interval/velocity_mse,66000.0,0.0
train_interval/velocity_mse,68000.0,0.0
train_interval/velocity_mse,70000.0,0.0
train_interval/velocity_mse,72000.0,0.0
train_interval/velocity_mse,74000.0,0.0
train_interval/velocity_mse,76000.0,0.0
train_interval/velocity_mse,78000.0,0.0
train_interval/velocity_mse,80000.0,0.0
system/train_images_per_second,2000.0,47.54204559326172
system/train_images_per_second,4000.0,47.48711395263672
system/train_images_per_second,6000.0,47.4698371887207
system/train_images_per_second,8000.0,47.17241668701172
system/train_images_per_second,10000.0,47.178802490234375
system/train_images_per_second,12000.0,47.210304260253906
system/train_images_per_second,14000.0,47.19498825073242
system/train_images_per_second,16000.0,47.20966720581055
system/train_images_per_second,18000.0,47.24839401245117
system/train_images_per_second,20000.0,47.21661376953125
system/train_images_per_second,22000.0,47.2686653137207
system/train_images_per_second,24000.0,47.27534103393555
system/train_images_per_second,26000.0,47.211936950683594
system/train_images_per_second,28000.0,47.1664924621582
system/train_images_per_second,30000.0,47.17856216430664
system/train_images_per_second,32000.0,47.223323822021484
system/train_images_per_second,34000.0,47.21464157104492
system/train_images_per_second,36000.0,47.21756362915039
system/train_images_per_second,38000.0,47.18815994262695
system/train_images_per_second,40000.0,47.17887878417969
system/train_images_per_second,42000.0,47.232940673828125
system/train_images_per_second,44000.0,47.22138214111328
system/train_images_per_second,46000.0,47.15993881225586
system/train_images_per_second,48000.0,47.215553283691406
system/train_images_per_second,50000.0,47.2119255065918
system/train_images_per_second,52000.0,47.20997619628906
system/train_images_per_second,54000.0,47.18524169921875
system/train_images_per_second,56000.0,47.168182373046875
system/train_images_per_second,58000.0,47.18910598754883
system/train_images_per_second,60000.0,47.20975112915039
system/train_images_per_second,62000.0,46.97867965698242
system/train_images_per_second,64000.0,47.00094223022461
system/train_images_per_second,66000.0,47.01030349731445
system/train_images_per_second,68000.0,46.97126770019531
system/train_images_per_second,70000.0,46.973567962646484
system/train_images_per_second,72000.0,46.96058654785156
system/train_images_per_second,74000.0,46.99892807006836
system/train_images_per_second,76000.0,46.97080993652344
system/train_images_per_second,78000.0,46.99544143676758
system/train_images_per_second,80000.0,47.207183837890625
system/validation_seconds,2000.0,57.0830078125
system/validation_seconds,4000.0,56.657501220703125
system/validation_seconds,6000.0,56.63457489013672
system/validation_seconds,8000.0,56.590824127197266
system/validation_seconds,10000.0,56.69471740722656
system/validation_seconds,12000.0,56.608028411865234
system/validation_seconds,14000.0,56.60784912109375
system/validation_seconds,16000.0,56.56951904296875
system/validation_seconds,18000.0,56.62957763671875
system/validation_seconds,20000.0,56.63789367675781
system/validation_seconds,22000.0,56.6785774230957
system/validation_seconds,24000.0,56.682716369628906
system/validation_seconds,26000.0,56.48030471801758
system/validation_seconds,28000.0,56.70521545410156
system/validation_seconds,30000.0,56.573997497558594
system/validation_seconds,32000.0,56.62480163574219
system/validation_seconds,34000.0,56.6646614074707
system/validation_seconds,36000.0,56.650245666503906
system/validation_seconds,38000.0,56.62706756591797
system/validation_seconds,40000.0,56.57032775878906
system/validation_seconds,42000.0,56.632877349853516
system/validation_seconds,44000.0,56.735084533691406
system/validation_seconds,46000.0,56.82630920410156
system/validation_seconds,48000.0,56.605674743652344
system/validation_seconds,50000.0,56.84404754638672
system/validation_seconds,52000.0,56.7176513671875
system/validation_seconds,54000.0,56.64447021484375
system/validation_seconds,56000.0,56.813438415527344
system/validation_seconds,58000.0,56.6270866394043
system/validation_seconds,60000.0,56.63068771362305
system/validation_seconds,62000.0,56.69388961791992
system/validation_seconds,64000.0,56.60976791381836
system/validation_seconds,66000.0,56.824302673339844
system/validation_seconds,68000.0,56.80126953125
system/validation_seconds,70000.0,56.83141326904297
system/validation_seconds,72000.0,56.81874465942383
system/validation_seconds,74000.0,56.948429107666016
system/validation_seconds,76000.0,56.8548698425293
system/validation_seconds,78000.0,56.920440673828125
system/validation_seconds,80000.0,56.86864471435547
system/sampler_epoch,2000.0,0.0
system/sampler_epoch,4000.0,0.0
system/sampler_epoch,6000.0,0.0
system/sampler_epoch,8000.0,0.0
system/sampler_epoch,10000.0,1.0
system/sampler_epoch,12000.0,1.0
system/sampler_epoch,14000.0,1.0
system/sampler_epoch,16000.0,1.0
system/sampler_epoch,18000.0,1.0
system/sampler_epoch,20000.0,2.0
system/sampler_epoch,22000.0,2.0
system/sampler_epoch,24000.0,2.0
system/sampler_epoch,26000.0,2.0
system/sampler_epoch,28000.0,3.0
system/sampler_epoch,30000.0,3.0
system/sampler_epoch,32000.0,3.0
system/sampler_epoch,34000.0,3.0
system/sampler_epoch,36000.0,3.0
system/sampler_epoch,38000.0,4.0
system/sampler_epoch,40000.0,4.0
system/sampler_epoch,42000.0,4.0
system/sampler_epoch,44000.0,4.0
system/sampler_epoch,46000.0,4.0
system/sampler_epoch,48000.0,5.0
system/sampler_epoch,50000.0,5.0
system/sampler_epoch,52000.0,5.0
system/sampler_epoch,54000.0,5.0
system/sampler_epoch,56000.0,6.0
system/sampler_epoch,58000.0,6.0
system/sampler_epoch,60000.0,6.0
system/sampler_epoch,62000.0,6.0
system/sampler_epoch,64000.0,6.0
system/sampler_epoch,66000.0,7.0
system/sampler_epoch,68000.0,7.0
system/sampler_epoch,70000.0,7.0
system/sampler_epoch,72000.0,7.0
system/sampler_epoch,74000.0,8.0
system/sampler_epoch,76000.0,8.0
system/sampler_epoch,78000.0,8.0
system/sampler_epoch,80000.0,8.0
system/training_tiles_seen,2000.0,64000.0
system/training_tiles_seen,4000.0,128000.0
system/training_tiles_seen,6000.0,192000.0
system/training_tiles_seen,8000.0,256000.0
system/training_tiles_seen,10000.0,320000.0
system/training_tiles_seen,12000.0,384000.0
system/training_tiles_seen,14000.0,448000.0
system/training_tiles_seen,16000.0,512000.0
system/training_tiles_seen,18000.0,576000.0
system/training_tiles_seen,20000.0,640000.0
system/training_tiles_seen,22000.0,704000.0
system/training_tiles_seen,24000.0,768000.0
system/training_tiles_seen,26000.0,832000.0
system/training_tiles_seen,28000.0,896000.0
system/training_tiles_seen,30000.0,960000.0
system/training_tiles_seen,32000.0,1024000.0
system/training_tiles_seen,34000.0,1088000.0
system/training_tiles_seen,36000.0,1152000.0
system/training_tiles_seen,38000.0,1216000.0
system/training_tiles_seen,40000.0,1280000.0
system/training_tiles_seen,42000.0,1344000.0
system/training_tiles_seen,44000.0,1408000.0
system/training_tiles_seen,46000.0,1472000.0
system/training_tiles_seen,48000.0,1536000.0
system/training_tiles_seen,50000.0,1600000.0
system/training_tiles_seen,52000.0,1664000.0
system/training_tiles_seen,54000.0,1728000.0
system/training_tiles_seen,56000.0,1792000.0
system/training_tiles_seen,58000.0,1856000.0
system/training_tiles_seen,60000.0,1920000.0
system/training_tiles_seen,62000.0,1984000.0
system/training_tiles_seen,64000.0,2048000.0
system/training_tiles_seen,66000.0,2112000.0
system/training_tiles_seen,68000.0,2176000.0
system/training_tiles_seen,70000.0,2240000.0
system/training_tiles_seen,72000.0,2304000.0
system/training_tiles_seen,74000.0,2368000.0
system/training_tiles_seen,76000.0,2432000.0
system/training_tiles_seen,78000.0,2496000.0
system/training_tiles_seen,80000.0,2560000.0
system/peak_memory_gb_max_all_gpus,2000.0,7.3611531257629395
system/peak_memory_gb_max_all_gpus,4000.0,7.3611531257629395
system/peak_memory_gb_max_all_gpus,6000.0,7.3611531257629395
system/peak_memory_gb_max_all_gpus,8000.0,7.3611531257629395
system/peak_memory_gb_max_all_gpus,10000.0,7.3611531257629395
system/peak_memory_gb_max_all_gpus,12000.0,7.3611531257629395
system/peak_memory_gb_max_all_gpus,14000.0,7.3611531257629395
system/peak_memory_gb_max_all_gpus,16000.0,7.3611531257629395
system/peak_memory_gb_max_all_gpus,18000.0,7.3611531257629395
system/peak_memory_gb_max_all_gpus,20000.0,7.3611531257629395
system/peak_memory_gb_max_all_gpus,22000.0,7.3611531257629395
system/peak_memory_gb_max_all_gpus,24000.0,7.3611531257629395
system/peak_memory_gb_max_all_gpus,26000.0,7.3611531257629395
system/peak_memory_gb_max_all_gpus,28000.0,7.3611531257629395
system/peak_memory_gb_max_all_gpus,30000.0,7.3611531257629395
system/peak_memory_gb_max_all_gpus,32000.0,7.3611531257629395
system/peak_memory_gb_max_all_gpus,34000.0,7.3611531257629395
system/peak_memory_gb_max_all_gpus,36000.0,7.3611531257629395
system/peak_memory_gb_max_all_gpus,38000.0,7.3611531257629395
system/peak_memory_gb_max_all_gpus,40000.0,7.3611531257629395
system/peak_memory_gb_max_all_gpus,42000.0,7.3611531257629395
system/peak_memory_gb_max_all_gpus,44000.0,7.3611531257629395
system/peak_memory_gb_max_all_gpus,46000.0,7.3611531257629395
system/peak_memory_gb_max_all_gpus,48000.0,7.3611531257629395
system/peak_memory_gb_max_all_gpus,50000.0,7.3611531257629395
system/peak_memory_gb_max_all_gpus,52000.0,7.3611531257629395
system/peak_memory_gb_max_all_gpus,54000.0,7.3611531257629395
system/peak_memory_gb_max_all_gpus,56000.0,7.3611531257629395
system/peak_memory_gb_max_all_gpus,58000.0,7.3611531257629395
system/peak_memory_gb_max_all_gpus,60000.0,7.3611531257629395
system/peak_memory_gb_max_all_gpus,62000.0,7.3611531257629395
system/peak_memory_gb_max_all_gpus,64000.0,7.3611531257629395
system/peak_memory_gb_max_all_gpus,66000.0,7.3611531257629395
system/peak_memory_gb_max_all_gpus,68000.0,7.3611531257629395
system/peak_memory_gb_max_all_gpus,70000.0,7.3611531257629395
system/peak_memory_gb_max_all_gpus,72000.0,7.3611531257629395
system/peak_memory_gb_max_all_gpus,74000.0,7.3611531257629395
system/peak_memory_gb_max_all_gpus,76000.0,7.3611531257629395
system/peak_memory_gb_max_all_gpus,78000.0,7.3611531257629395
system/peak_memory_gb_max_all_gpus,80000.0,7.3611531257629395
train_interval/charbonnier,62000.0,0.045157741755247116
train_interval/charbonnier,64000.0,0.04502904787659645
train_interval/charbonnier,66000.0,0.044876568019390106
train_interval/charbonnier,68000.0,0.04484811797738075
train_interval/charbonnier,70000.0,0.04456499218940735
train_interval/charbonnier,72000.0,0.04455651342868805
train_interval/charbonnier,74000.0,0.04431542754173279
train_interval/charbonnier,76000.0,0.04419619217514992
train_interval/charbonnier,78000.0,0.04408808797597885
train_interval/charbonnier,80000.0,0.044057272374629974
train_interval/multiscale,62000.0,0.03815638646483421
train_interval/multiscale,64000.0,0.038028981536626816
train_interval/multiscale,66000.0,0.037857506424188614
train_interval/multiscale,68000.0,0.0378255695104599
train_interval/multiscale,70000.0,0.03752031922340393
train_interval/multiscale,72000.0,0.03753155469894409
train_interval/multiscale,74000.0,0.037243399769067764
train_interval/multiscale,76000.0,0.03712605684995651
train_interval/multiscale,78000.0,0.03701182082295418
train_interval/multiscale,80000.0,0.03696651756763458
