tag,step_or_epoch,value
train/adversarial_he,1.0,3.427942991256714
train/adversarial_he,50.0,0.9958835244178772
train/adversarial_he,100.0,1.07876455783844
train/adversarial_he,150.0,1.0094119310379028
train/adversarial_he,200.0,0.47015681862831116
train/adversarial_he,250.0,0.828213095664978
train/adversarial_he,300.0,0.64427250623703
train/adversarial_he,350.0,0.44631075859069824
train/adversarial_he,400.0,0.5902614593505859
train/adversarial_he,450.0,0.5190932154655457
train/adversarial_he,500.0,1.029996395111084
train/adversarial_he,550.0,0.783157229423523
train/adversarial_he,600.0,0.34849974513053894
train/adversarial_he,650.0,1.4302822351455688
train/adversarial_he,700.0,1.0109975337982178
train/adversarial_he,750.0,1.0436270236968994
train/adversarial_he,800.0,0.4654669165611267
train/adversarial_he,850.0,1.1198996305465698
train/adversarial_he,900.0,0.18159577250480652
train/adversarial_he,950.0,1.0832324028015137
train/adversarial_he,1000.0,0.8503780364990234
train/adversarial_he,1050.0,0.30436062812805176
train/adversarial_he,1100.0,0.6801905632019043
train/adversarial_he,1150.0,0.24734988808631897
train/adversarial_he,1200.0,0.5750729441642761
train/adversarial_he,1250.0,0.38581013679504395
train/adversarial_he,1300.0,0.8190445303916931
train/adversarial_he,1350.0,1.0009621381759644
train/adversarial_he,1400.0,0.8685832023620605
train/adversarial_he,1450.0,0.9362409114837646
train/adversarial_he,1500.0,0.8216301202774048
train/adversarial_he,1550.0,0.8430595397949219
train/adversarial_he,1600.0,0.18535751104354858
train/adversarial_he,1650.0,0.6515060067176819
train/adversarial_he,1700.0,0.2490689903497696
train/adversarial_he,1750.0,0.8065059185028076
train/adversarial_he,1800.0,1.0412946939468384
train/adversarial_he,1850.0,0.5597973465919495
train/adversarial_he,1900.0,0.3647356331348419
train/adversarial_he,1950.0,0.6233862638473511
train/adversarial_he,2000.0,0.34890061616897583
train/adversarial_he,2050.0,1.168327808380127
train/adversarial_he,2100.0,0.1425955891609192
train/adversarial_he,2150.0,0.8707174062728882
train/adversarial_he,2200.0,1.009428858757019
train/adversarial_he,2250.0,0.46139493584632874
train/adversarial_he,2300.0,0.5143072605133057
train/adversarial_he,2350.0,0.6248685717582703
train/adversarial_he,2400.0,0.764411211013794
train/adversarial_he,2450.0,0.6925418972969055
train/adversarial_he,2500.0,0.6672855019569397
train/adversarial_he,2550.0,0.6413841247558594
train/adversarial_he,2600.0,0.6394170522689819
train/adversarial_he,2650.0,0.6926606893539429
train/adversarial_he,2700.0,0.1827705353498459
train/adversarial_he,2750.0,0.30968591570854187
train/adversarial_he,2800.0,0.5806432366371155
train/adversarial_he,2850.0,0.4085577726364136
train/adversarial_he,2900.0,0.7373276948928833
train/adversarial_he,2950.0,0.12584000825881958
train/adversarial_he,3000.0,0.39199233055114746
train/adversarial_he,3050.0,0.8753309845924377
train/adversarial_he,3100.0,0.5540648102760315
train/adversarial_he,3150.0,0.9069823026657104
train/adversarial_he,3200.0,0.3623628616333008
train/adversarial_he,3250.0,0.8843696713447571
train/adversarial_he,3300.0,0.2829309403896332
train/adversarial_he,3350.0,0.7076067924499512
train/adversarial_he,3400.0,0.9129306674003601
train/adversarial_he,3450.0,0.44255131483078003
train/adversarial_he,3500.0,0.5675240755081177
train/adversarial_he,3550.0,0.6708013415336609
train/adversarial_he,3600.0,0.3518788814544678
train/adversarial_he,3650.0,0.4952235817909241
train/adversarial_he,3700.0,0.16771632432937622
train/adversarial_he,3750.0,0.4002757668495178
train/adversarial_he,3800.0,0.19243375957012177
train/adversarial_he,3850.0,0.48390674591064453
train/adversarial_he,3900.0,0.7773168087005615
train/adversarial_he,3950.0,0.3842064142227173
train/adversarial_he,4000.0,0.7374019622802734
train/adversarial_he,4050.0,0.5308466553688049
train/adversarial_he,4100.0,0.7995641827583313
train/adversarial_he,4150.0,0.7349755764007568
train/adversarial_he,4200.0,0.2509848475456238
train/adversarial_he,4250.0,0.8290947675704956
train/adversarial_he,4300.0,0.46748214960098267
train/adversarial_he,4350.0,0.6419415473937988
train/adversarial_he,4400.0,0.18400943279266357
train/adversarial_he,4450.0,0.5610459446907043
train/adversarial_he,4500.0,0.6336011290550232
train/adversarial_he,4550.0,0.6087550520896912
train/adversarial_he,4600.0,0.9938306212425232
train/adversarial_he,4650.0,0.226889505982399
train/adversarial_he,4700.0,0.5967848300933838
train/adversarial_he,4750.0,0.3842005133628845
train/adversarial_he,4800.0,0.3608168959617615
train/adversarial_he,4850.0,0.565828263759613
train/adversarial_he,4900.0,0.57729172706604
train/adversarial_he,4950.0,0.6018339991569519
train/adversarial_he,5000.0,0.42952167987823486
train/adversarial_he,5050.0,0.4157041907310486
train/adversarial_he,5100.0,0.492344468832016
train/adversarial_he,5150.0,0.7513740062713623
train/adversarial_he,5200.0,0.33956998586654663
train/adversarial_he,5250.0,0.3961581587791443
train/adversarial_he,5300.0,0.5169966816902161
train/adversarial_he,5350.0,0.5290219783782959
train/adversarial_he,5400.0,0.10224684327840805
train/adversarial_he,5450.0,0.4141409695148468
train/adversarial_he,5500.0,0.6465936899185181
train/adversarial_he,5550.0,0.4491885006427765
train/adversarial_he,5600.0,0.09399775415658951
train/adversarial_he,5650.0,0.5619781613349915
train/adversarial_he,5700.0,0.8662449717521667
train/adversarial_he,5750.0,0.3198872208595276
train/adversarial_he,5800.0,0.7420765161514282
train/adversarial_he,5850.0,0.45628395676612854
train/adversarial_he,5900.0,0.6841658353805542
train/adversarial_he,5950.0,0.5144139528274536
train/adversarial_he,6000.0,0.5386928915977478
train/adversarial_he,6050.0,0.20134951174259186
train/adversarial_he,6100.0,0.9357479810714722
train/adversarial_he,6150.0,0.598295271396637
train/adversarial_he,6200.0,0.5402038097381592
train/adversarial_he,6250.0,0.43097805976867676
train/adversarial_he,6300.0,0.4337449073791504
train/adversarial_he,6350.0,0.5248377919197083
train/adversarial_he,6400.0,0.9059634208679199
train/adversarial_he,6450.0,0.5577912330627441
train/adversarial_he,6500.0,0.5518116354942322
train/adversarial_he,6550.0,0.6478081941604614
train/adversarial_he,6600.0,1.0639522075653076
train/adversarial_he,6650.0,0.4841587543487549
train/adversarial_he,6700.0,0.6461125016212463
train/adversarial_he,6750.0,0.5720770359039307
train/adversarial_he,6800.0,0.2429785132408142
train/adversarial_he,6850.0,0.5149309039115906
train/adversarial_he,6900.0,0.9375917911529541
train/adversarial_he,6950.0,0.5866665840148926
train/adversarial_he,7000.0,0.5126653909683228
train/adversarial_he,7050.0,0.4625731110572815
train/adversarial_he,7100.0,1.0325300693511963
train/adversarial_he,7150.0,0.36426442861557007
train/adversarial_he,7200.0,0.34248629212379456
train/adversarial_he,7250.0,0.8176366090774536
train/adversarial_he,7300.0,0.35463234782218933
train/adversarial_he,7350.0,0.4670698046684265
train/adversarial_he,7400.0,0.7290772795677185
train/adversarial_he,7450.0,0.6961953043937683
train/adversarial_he,7500.0,0.9041542410850525
train/adversarial_he,7550.0,0.8584189414978027
train/adversarial_he,7600.0,0.45062145590782166
train/adversarial_he,7650.0,0.662229061126709
train/adversarial_he,7700.0,0.6679538488388062
train/adversarial_he,7750.0,0.4871990382671356
train/adversarial_he,7800.0,0.5972840189933777
train/adversarial_he,7850.0,0.53697669506073
train/adversarial_he,7900.0,0.5031732320785522
train/adversarial_he,7950.0,0.7365031242370605
train/adversarial_he,8000.0,0.7281559705734253
train/adversarial_he,8050.0,0.43473634123802185
train/adversarial_he,8100.0,0.387827605009079
train/adversarial_he,8150.0,0.49086230993270874
train/adversarial_he,8200.0,0.4599066376686096
train/adversarial_he,8250.0,0.5555403232574463
train/adversarial_he,8300.0,0.5207347869873047
train/adversarial_he,8350.0,0.3789634108543396
train/adversarial_he,8400.0,0.6342167854309082
train/adversarial_he,8450.0,0.3389897346496582
train/adversarial_he,8500.0,0.47984790802001953
train/adversarial_he,8550.0,0.6787490844726562
train/adversarial_he,8600.0,1.0255719423294067
train/adversarial_he,8650.0,0.8145369291305542
train/adversarial_he,8700.0,0.6867312788963318
train/adversarial_he,8750.0,0.4709143340587616
train/adversarial_he,8800.0,0.33338212966918945
train/adversarial_he,8850.0,0.7924656867980957
train/adversarial_he,8900.0,0.34894564747810364
train/adversarial_he,8950.0,0.6165390014648438
train/adversarial_he,9000.0,0.6789408326148987
train/adversarial_he,9050.0,0.93743497133255
train/adversarial_he,9100.0,0.7159223556518555
train/adversarial_he,9150.0,0.5837351083755493
train/adversarial_he,9200.0,0.7057062983512878
train/adversarial_he,9250.0,0.40370333194732666
train/adversarial_he,9300.0,0.5175100564956665
train/adversarial_he,9350.0,0.3878530263900757
train/adversarial_he,9400.0,0.5495684146881104
train/adversarial_he,9450.0,0.36764803528785706
train/adversarial_he,9500.0,0.3692953884601593
train/adversarial_he,9550.0,0.47905346751213074
train/adversarial_he,9600.0,0.8938791751861572
train/adversarial_he,9650.0,0.9845659136772156
train/adversarial_he,9700.0,0.6582111716270447
train/adversarial_he,9750.0,0.7335460782051086
train/adversarial_he,9800.0,0.7418181896209717
train/adversarial_he,9850.0,0.7458741664886475
train/adversarial_he,9900.0,1.0206565856933594
train/adversarial_he,9950.0,0.7505806088447571
train/adversarial_he,10000.0,0.7352820038795471
train/adversarial_he,10050.0,0.8014909625053406
train/adversarial_he,10100.0,0.3037513792514801
train/adversarial_he,10150.0,0.495670348405838
train/adversarial_he,10200.0,0.40670114755630493
train/adversarial_he,10250.0,0.4862384796142578
train/adversarial_he,10300.0,0.3276772201061249
train/adversarial_he,10350.0,0.3506813049316406
train/adversarial_he,10400.0,0.9181536436080933
train/adversarial_he,10450.0,0.3088062107563019
train/adversarial_he,10500.0,0.8297122716903687
train/adversarial_he,10550.0,0.2608530521392822
train/adversarial_he,10600.0,0.9974527359008789
train/adversarial_he,10650.0,1.2072234153747559
train/adversarial_he,10700.0,1.3707990646362305
train/adversarial_he,10750.0,0.31986457109451294
train/adversarial_he,10800.0,0.6098726391792297
train/adversarial_he,10850.0,0.45943138003349304
train/adversarial_he,10900.0,0.4074409008026123
train/adversarial_he,10950.0,0.636869490146637
train/adversarial_he,11000.0,0.7889124155044556
train/adversarial_he,11050.0,0.7618089318275452
train/adversarial_he,11100.0,0.2897580862045288
train/adversarial_he,11150.0,0.6645551919937134
train/adversarial_he,11200.0,0.5782260894775391
train/adversarial_he,11250.0,0.41726693511009216
train/adversarial_he,11300.0,0.6066889762878418
train/adversarial_he,11350.0,0.5572578310966492
train/adversarial_he,11400.0,0.619571328163147
train/adversarial_he,11450.0,1.2285912036895752
train/adversarial_he,11500.0,0.7316400408744812
train/adversarial_he,11550.0,0.4415208101272583
train/adversarial_he,11600.0,0.9749125242233276
train/adversarial_he,11650.0,0.4405008554458618
train/adversarial_he,11700.0,0.4815331995487213
train/adversarial_he,11750.0,0.48685818910598755
train/adversarial_he,11800.0,0.4367644786834717
train/adversarial_he,11850.0,0.37946605682373047
train/adversarial_he,11900.0,0.5195420980453491
train/adversarial_he,11950.0,0.53551185131073
train/adversarial_he,12000.0,0.5129863619804382
train/adversarial_he,12050.0,0.7361136078834534
train/adversarial_he,12100.0,0.44658124446868896
train/adversarial_he,12150.0,0.5935016870498657
train/adversarial_he,12200.0,0.8343436121940613
train/adversarial_he,12250.0,0.7396116852760315
train/adversarial_he,12300.0,1.0389988422393799
train/adversarial_he,12350.0,0.6127288937568665
train/adversarial_he,12400.0,0.56931471824646
train/adversarial_he,12450.0,0.6623026728630066
train/adversarial_he,12500.0,1.0248055458068848
train/adversarial_he,12550.0,0.703426718711853
train/adversarial_he,12600.0,0.7549153566360474
train/adversarial_he,12650.0,0.6627431511878967
train/adversarial_he,12700.0,0.7786502838134766
train/adversarial_he,12750.0,0.4942273497581482
train/adversarial_he,12800.0,0.6249868869781494
train/adversarial_he,12850.0,0.740691602230072
train/adversarial_he,12900.0,0.46436983346939087
train/adversarial_he,12950.0,0.6992360949516296
train/adversarial_he,13000.0,0.8597791194915771
train/adversarial_he,13050.0,0.3208191394805908
train/adversarial_he,13100.0,0.6850074529647827
train/adversarial_he,13150.0,0.8393595814704895
train/adversarial_he,13200.0,0.908275842666626
train/adversarial_he,13250.0,0.596758246421814
train/adversarial_he,13300.0,0.5555947422981262
train/adversarial_he,13350.0,0.47030583024024963
train/adversarial_he,13400.0,0.6772117614746094
train/adversarial_he,13450.0,0.568187952041626
train/adversarial_he,13500.0,0.4955693185329437
train/adversarial_he,13550.0,0.42501571774482727
train/adversarial_he,13600.0,0.5121235251426697
train/adversarial_he,13650.0,0.32329198718070984
train/adversarial_he,13700.0,0.4117935597896576
train/adversarial_he,13750.0,0.43452954292297363
train/adversarial_he,13800.0,0.5825080871582031
train/adversarial_he,13850.0,0.4934402108192444
train/adversarial_he,13900.0,0.3915298879146576
train/adversarial_he,13950.0,0.47880983352661133
train/adversarial_he,14000.0,0.8873040080070496
train/adversarial_he,14050.0,0.45282506942749023
train/adversarial_he,14100.0,0.9068464040756226
train/adversarial_he,14150.0,0.7418354153633118
train/adversarial_he,14200.0,0.6692848205566406
train/adversarial_he,14250.0,0.6640161275863647
train/adversarial_he,14300.0,0.6292209029197693
train/adversarial_he,14350.0,0.6979134678840637
train/adversarial_he,14400.0,0.8651096224784851
train/adversarial_he,14450.0,0.4570835828781128
train/adversarial_he,14500.0,0.47664010524749756
train/adversarial_he,14550.0,0.4589698910713196
train/adversarial_he,14600.0,0.7406768202781677
train/adversarial_he,14650.0,0.7757874727249146
train/adversarial_he,14700.0,0.5777273774147034
train/adversarial_he,14750.0,0.6846704483032227
train/adversarial_he,14800.0,0.8046725392341614
train/adversarial_he,14850.0,0.9317746162414551
train/adversarial_he,14900.0,0.9565059542655945
train/adversarial_he,14950.0,0.6703722476959229
train/adversarial_he,15000.0,0.4906185269355774
train/adversarial_he,15050.0,0.5902409553527832
train/adversarial_he,15100.0,0.6637983322143555
train/adversarial_he,15150.0,0.6882556080818176
train/adversarial_he,15200.0,0.8244090676307678
train/adversarial_he,15250.0,0.8615775108337402
train/adversarial_he,15300.0,0.3827401101589203
train/adversarial_he,15350.0,0.7494069933891296
train/adversarial_he,15400.0,0.532106339931488
train/adversarial_he,15450.0,0.8353272676467896
train/adversarial_he,15500.0,0.6517491340637207
train/adversarial_he,15550.0,0.8192952871322632
train/adversarial_he,15600.0,0.5387201905250549
train/adversarial_he,15650.0,0.8685264587402344
train/adversarial_he,15700.0,0.7581466436386108
train/adversarial_he,15750.0,0.6560479402542114
train/adversarial_he,15800.0,0.6752995252609253
train/adversarial_he,15850.0,0.7778075337409973
train/adversarial_he,15900.0,0.7108542919158936
train/adversarial_he,15950.0,0.7138925790786743
train/adversarial_he,16000.0,1.0402873754501343
train/adversarial_he,16050.0,0.7424365878105164
train/adversarial_he,16100.0,0.8179556727409363
train/adversarial_he,16150.0,0.7789252996444702
train/adversarial_he,16200.0,0.6577301621437073
train/adversarial_he,16250.0,0.8589017391204834
train/adversarial_he,16300.0,0.5661286115646362
train/adversarial_he,16350.0,0.6876270771026611
train/adversarial_he,16400.0,0.8368874788284302
train/adversarial_he,16450.0,0.9129298329353333
train/adversarial_he,16500.0,0.7116528153419495
train/adversarial_he,16550.0,0.8484681844711304
train/adversarial_he,16600.0,0.6049708127975464
train/adversarial_he,16650.0,0.7605446577072144
train/adversarial_he,16700.0,0.8834627270698547
train/adversarial_he,16750.0,0.6975343227386475
train/adversarial_he,16800.0,0.9041277766227722
train/adversarial_he,16850.0,0.6237397789955139
train/adversarial_he,16900.0,0.7446901798248291
train/adversarial_he,16950.0,0.7680013179779053
train/adversarial_he,17000.0,0.7356406450271606
train/adversarial_he,17050.0,0.9097000360488892
train/adversarial_he,17100.0,0.731845498085022
train/adversarial_he,17150.0,0.86273193359375
train/adversarial_he,17200.0,0.8526846766471863
train/adversarial_he,17250.0,0.8663647770881653
train/adversarial_he,17300.0,0.8715097904205322
train/adversarial_he,17350.0,1.0148330926895142
train/adversarial_he,17400.0,0.6940279603004456
train/adversarial_he,17450.0,0.8926857113838196
train/adversarial_he,17500.0,0.8659393787384033
train/adversarial_he,17550.0,0.544443666934967
train/adversarial_he,17600.0,0.9233064651489258
train/adversarial_he,17650.0,0.9354599714279175
train/adversarial_he,17700.0,0.8489817976951599
train/adversarial_he,17750.0,0.706298828125
train/adversarial_he,17800.0,0.9138027429580688
train/adversarial_he,17850.0,0.8022770285606384
train/adversarial_he,17900.0,0.816542387008667
train/adversarial_he,17950.0,0.7755072116851807
train/adversarial_he,18000.0,0.8442109227180481
train/adversarial_he,18050.0,0.9138008952140808
train/adversarial_he,18100.0,0.7567455768585205
train/adversarial_he,18150.0,0.762642502784729
train/adversarial_he,18200.0,0.9005712270736694
train/adversarial_he,18250.0,0.7469453811645508
train/adversarial_he,18300.0,0.8918149471282959
train/adversarial_he,18350.0,0.741189181804657
train/adversarial_he,18400.0,0.8528420925140381
train/adversarial_he,18450.0,0.7255579829216003
train/adversarial_he,18500.0,0.8304202556610107
train/adversarial_he,18550.0,0.8821837902069092
train/adversarial_he,18600.0,0.836654007434845
train/adversarial_he,18650.0,0.9935502409934998
train/adversarial_he,18700.0,0.7697562575340271
train/adversarial_he,18750.0,0.9181101322174072
train/adversarial_he,18800.0,0.7768261432647705
train/adversarial_he,18850.0,0.7738867402076721
train/adversarial_he,18900.0,0.7749850749969482
train/adversarial_he,18950.0,0.8028906583786011
train/adversarial_he,19000.0,0.9217345714569092
train/adversarial_he,19050.0,0.8200557231903076
train/adversarial_he,19100.0,0.8491338491439819
train/adversarial_he,19150.0,0.8592133522033691
train/adversarial_he,19200.0,0.8641466498374939
train/adversarial_he,19250.0,0.7532922029495239
train/adversarial_he,19300.0,0.8239859342575073
train/adversarial_he,19350.0,0.8060016632080078
train/adversarial_he,19400.0,0.7755073308944702
train/adversarial_he,19450.0,0.7780531048774719
train/adversarial_he,19500.0,0.8812589049339294
train/adversarial_he,19550.0,0.8457130789756775
train/adversarial_he,19600.0,0.8634670972824097
train/adversarial_he,19650.0,0.8392122983932495
train/adversarial_he,19700.0,0.8581491708755493
train/adversarial_he,19750.0,0.8088678121566772
train/adversarial_he,19800.0,0.8576884269714355
train/adversarial_he,19850.0,0.7858290672302246
train/adversarial_he,19900.0,0.8440757989883423
train/adversarial_he,19950.0,0.8075430989265442
train/adversarial_he,20000.0,0.811384379863739
train/adversarial_mif,1.0,0.0
train/adversarial_mif,50.0,0.0
train/adversarial_mif,100.0,0.0
train/adversarial_mif,150.0,0.0
train/adversarial_mif,200.0,0.0
train/adversarial_mif,250.0,0.0
train/adversarial_mif,300.0,0.0
train/adversarial_mif,350.0,0.0
train/adversarial_mif,400.0,0.0
train/adversarial_mif,450.0,0.0
train/adversarial_mif,500.0,0.0
train/adversarial_mif,550.0,0.0
train/adversarial_mif,600.0,0.0
train/adversarial_mif,650.0,0.0
train/adversarial_mif,700.0,0.0
train/adversarial_mif,750.0,0.0
train/adversarial_mif,800.0,0.0
train/adversarial_mif,850.0,0.0
train/adversarial_mif,900.0,0.0
train/adversarial_mif,950.0,0.0
train/adversarial_mif,1000.0,0.0
train/adversarial_mif,1050.0,0.0
train/adversarial_mif,1100.0,0.0
train/adversarial_mif,1150.0,0.0
train/adversarial_mif,1200.0,0.0
train/adversarial_mif,1250.0,0.0
train/adversarial_mif,1300.0,0.0
train/adversarial_mif,1350.0,0.0
train/adversarial_mif,1400.0,0.0
train/adversarial_mif,1450.0,0.0
train/adversarial_mif,1500.0,0.0
train/adversarial_mif,1550.0,0.0
train/adversarial_mif,1600.0,0.0
train/adversarial_mif,1650.0,0.0
train/adversarial_mif,1700.0,0.0
train/adversarial_mif,1750.0,0.0
train/adversarial_mif,1800.0,0.0
train/adversarial_mif,1850.0,0.0
train/adversarial_mif,1900.0,0.0
train/adversarial_mif,1950.0,0.0
train/adversarial_mif,2000.0,0.0
train/adversarial_mif,2050.0,0.0
train/adversarial_mif,2100.0,0.0
train/adversarial_mif,2150.0,0.0
train/adversarial_mif,2200.0,0.0
train/adversarial_mif,2250.0,0.0
train/adversarial_mif,2300.0,0.0
train/adversarial_mif,2350.0,0.0
train/adversarial_mif,2400.0,0.0
train/adversarial_mif,2450.0,0.0
train/adversarial_mif,2500.0,0.0
train/adversarial_mif,2550.0,0.0
train/adversarial_mif,2600.0,0.0
train/adversarial_mif,2650.0,0.0
train/adversarial_mif,2700.0,0.0
train/adversarial_mif,2750.0,0.0
train/adversarial_mif,2800.0,0.0
train/adversarial_mif,2850.0,0.0
train/adversarial_mif,2900.0,0.0
train/adversarial_mif,2950.0,0.0
train/adversarial_mif,3000.0,0.0
train/adversarial_mif,3050.0,0.0
train/adversarial_mif,3100.0,0.0
train/adversarial_mif,3150.0,0.0
train/adversarial_mif,3200.0,0.0
train/adversarial_mif,3250.0,0.0
train/adversarial_mif,3300.0,0.0
train/adversarial_mif,3350.0,0.0
train/adversarial_mif,3400.0,0.0
train/adversarial_mif,3450.0,0.0
train/adversarial_mif,3500.0,0.0
train/adversarial_mif,3550.0,0.0
train/adversarial_mif,3600.0,0.0
train/adversarial_mif,3650.0,0.0
train/adversarial_mif,3700.0,0.0
train/adversarial_mif,3750.0,0.0
train/adversarial_mif,3800.0,0.0
train/adversarial_mif,3850.0,0.0
train/adversarial_mif,3900.0,0.0
train/adversarial_mif,3950.0,0.0
train/adversarial_mif,4000.0,0.0
train/adversarial_mif,4050.0,0.0
train/adversarial_mif,4100.0,0.0
train/adversarial_mif,4150.0,0.0
train/adversarial_mif,4200.0,0.0
train/adversarial_mif,4250.0,0.0
train/adversarial_mif,4300.0,0.0
train/adversarial_mif,4350.0,0.0
train/adversarial_mif,4400.0,0.0
train/adversarial_mif,4450.0,0.0
train/adversarial_mif,4500.0,0.0
train/adversarial_mif,4550.0,0.0
train/adversarial_mif,4600.0,0.0
train/adversarial_mif,4650.0,0.0
train/adversarial_mif,4700.0,0.0
train/adversarial_mif,4750.0,0.0
train/adversarial_mif,4800.0,0.0
train/adversarial_mif,4850.0,0.0
train/adversarial_mif,4900.0,0.0
train/adversarial_mif,4950.0,0.0
train/adversarial_mif,5000.0,0.0
train/adversarial_mif,5050.0,0.0
train/adversarial_mif,5100.0,0.0
train/adversarial_mif,5150.0,0.0
train/adversarial_mif,5200.0,0.0
train/adversarial_mif,5250.0,0.0
train/adversarial_mif,5300.0,0.0
train/adversarial_mif,5350.0,0.0
train/adversarial_mif,5400.0,0.0
train/adversarial_mif,5450.0,0.0
train/adversarial_mif,5500.0,0.0
train/adversarial_mif,5550.0,0.0
train/adversarial_mif,5600.0,0.0
train/adversarial_mif,5650.0,0.0
train/adversarial_mif,5700.0,0.0
train/adversarial_mif,5750.0,0.0
train/adversarial_mif,5800.0,0.0
train/adversarial_mif,5850.0,0.0
train/adversarial_mif,5900.0,0.0
train/adversarial_mif,5950.0,0.0
train/adversarial_mif,6000.0,0.0
train/adversarial_mif,6050.0,0.0
train/adversarial_mif,6100.0,0.0
train/adversarial_mif,6150.0,0.0
train/adversarial_mif,6200.0,0.0
train/adversarial_mif,6250.0,0.0
train/adversarial_mif,6300.0,0.0
train/adversarial_mif,6350.0,0.0
train/adversarial_mif,6400.0,0.0
train/adversarial_mif,6450.0,0.0
train/adversarial_mif,6500.0,0.0
train/adversarial_mif,6550.0,0.0
train/adversarial_mif,6600.0,0.0
train/adversarial_mif,6650.0,0.0
train/adversarial_mif,6700.0,0.0
train/adversarial_mif,6750.0,0.0
train/adversarial_mif,6800.0,0.0
train/adversarial_mif,6850.0,0.0
train/adversarial_mif,6900.0,0.0
train/adversarial_mif,6950.0,0.0
train/adversarial_mif,7000.0,0.0
train/adversarial_mif,7050.0,0.0
train/adversarial_mif,7100.0,0.0
train/adversarial_mif,7150.0,0.0
train/adversarial_mif,7200.0,0.0
train/adversarial_mif,7250.0,0.0
train/adversarial_mif,7300.0,0.0
train/adversarial_mif,7350.0,0.0
train/adversarial_mif,7400.0,0.0
train/adversarial_mif,7450.0,0.0
train/adversarial_mif,7500.0,0.0
train/adversarial_mif,7550.0,0.0
train/adversarial_mif,7600.0,0.0
train/adversarial_mif,7650.0,0.0
train/adversarial_mif,7700.0,0.0
train/adversarial_mif,7750.0,0.0
train/adversarial_mif,7800.0,0.0
train/adversarial_mif,7850.0,0.0
train/adversarial_mif,7900.0,0.0
train/adversarial_mif,7950.0,0.0
train/adversarial_mif,8000.0,0.0
train/adversarial_mif,8050.0,0.0
train/adversarial_mif,8100.0,0.0
train/adversarial_mif,8150.0,0.0
train/adversarial_mif,8200.0,0.0
train/adversarial_mif,8250.0,0.0
train/adversarial_mif,8300.0,0.0
train/adversarial_mif,8350.0,0.0
train/adversarial_mif,8400.0,0.0
train/adversarial_mif,8450.0,0.0
train/adversarial_mif,8500.0,0.0
train/adversarial_mif,8550.0,0.0
train/adversarial_mif,8600.0,0.0
train/adversarial_mif,8650.0,0.0
train/adversarial_mif,8700.0,0.0
train/adversarial_mif,8750.0,0.0
train/adversarial_mif,8800.0,0.0
train/adversarial_mif,8850.0,0.0
train/adversarial_mif,8900.0,0.0
train/adversarial_mif,8950.0,0.0
train/adversarial_mif,9000.0,0.0
train/adversarial_mif,9050.0,0.0
train/adversarial_mif,9100.0,0.0
train/adversarial_mif,9150.0,0.0
train/adversarial_mif,9200.0,0.0
train/adversarial_mif,9250.0,0.0
train/adversarial_mif,9300.0,0.0
train/adversarial_mif,9350.0,0.0
train/adversarial_mif,9400.0,0.0
train/adversarial_mif,9450.0,0.0
train/adversarial_mif,9500.0,0.0
train/adversarial_mif,9550.0,0.0
train/adversarial_mif,9600.0,0.0
train/adversarial_mif,9650.0,0.0
train/adversarial_mif,9700.0,0.0
train/adversarial_mif,9750.0,0.0
train/adversarial_mif,9800.0,0.0
train/adversarial_mif,9850.0,0.0
train/adversarial_mif,9900.0,0.0
train/adversarial_mif,9950.0,0.0
train/adversarial_mif,10000.0,0.0
train/adversarial_mif,10050.0,0.0
train/adversarial_mif,10100.0,0.0
train/adversarial_mif,10150.0,0.0
train/adversarial_mif,10200.0,0.0
train/adversarial_mif,10250.0,0.0
train/adversarial_mif,10300.0,0.0
train/adversarial_mif,10350.0,0.0
train/adversarial_mif,10400.0,0.0
train/adversarial_mif,10450.0,0.0
train/adversarial_mif,10500.0,0.0
train/adversarial_mif,10550.0,0.0
train/adversarial_mif,10600.0,0.0
train/adversarial_mif,10650.0,0.0
train/adversarial_mif,10700.0,0.0
train/adversarial_mif,10750.0,0.0
train/adversarial_mif,10800.0,0.0
train/adversarial_mif,10850.0,0.0
train/adversarial_mif,10900.0,0.0
train/adversarial_mif,10950.0,0.0
train/adversarial_mif,11000.0,0.0
train/adversarial_mif,11050.0,0.0
train/adversarial_mif,11100.0,0.0
train/adversarial_mif,11150.0,0.0
train/adversarial_mif,11200.0,0.0
train/adversarial_mif,11250.0,0.0
train/adversarial_mif,11300.0,0.0
train/adversarial_mif,11350.0,0.0
train/adversarial_mif,11400.0,0.0
train/adversarial_mif,11450.0,0.0
train/adversarial_mif,11500.0,0.0
train/adversarial_mif,11550.0,0.0
train/adversarial_mif,11600.0,0.0
train/adversarial_mif,11650.0,0.0
train/adversarial_mif,11700.0,0.0
train/adversarial_mif,11750.0,0.0
train/adversarial_mif,11800.0,0.0
train/adversarial_mif,11850.0,0.0
train/adversarial_mif,11900.0,0.0
train/adversarial_mif,11950.0,0.0
train/adversarial_mif,12000.0,0.0
train/adversarial_mif,12050.0,0.0
train/adversarial_mif,12100.0,0.0
train/adversarial_mif,12150.0,0.0
train/adversarial_mif,12200.0,0.0
train/adversarial_mif,12250.0,0.0
train/adversarial_mif,12300.0,0.0
train/adversarial_mif,12350.0,0.0
train/adversarial_mif,12400.0,0.0
train/adversarial_mif,12450.0,0.0
train/adversarial_mif,12500.0,0.0
train/adversarial_mif,12550.0,0.0
train/adversarial_mif,12600.0,0.0
train/adversarial_mif,12650.0,0.0
train/adversarial_mif,12700.0,0.0
train/adversarial_mif,12750.0,0.0
train/adversarial_mif,12800.0,0.0
train/adversarial_mif,12850.0,0.0
train/adversarial_mif,12900.0,0.0
train/adversarial_mif,12950.0,0.0
train/adversarial_mif,13000.0,0.0
train/adversarial_mif,13050.0,0.0
train/adversarial_mif,13100.0,0.0
train/adversarial_mif,13150.0,0.0
train/adversarial_mif,13200.0,0.0
train/adversarial_mif,13250.0,0.0
train/adversarial_mif,13300.0,0.0
train/adversarial_mif,13350.0,0.0
train/adversarial_mif,13400.0,0.0
train/adversarial_mif,13450.0,0.0
train/adversarial_mif,13500.0,0.0
train/adversarial_mif,13550.0,0.0
train/adversarial_mif,13600.0,0.0
train/adversarial_mif,13650.0,0.0
train/adversarial_mif,13700.0,0.0
train/adversarial_mif,13750.0,0.0
train/adversarial_mif,13800.0,0.0
train/adversarial_mif,13850.0,0.0
train/adversarial_mif,13900.0,0.0
train/adversarial_mif,13950.0,0.0
train/adversarial_mif,14000.0,0.0
train/adversarial_mif,14050.0,0.0
train/adversarial_mif,14100.0,0.0
train/adversarial_mif,14150.0,0.0
train/adversarial_mif,14200.0,0.0
train/adversarial_mif,14250.0,0.0
train/adversarial_mif,14300.0,0.0
train/adversarial_mif,14350.0,0.0
train/adversarial_mif,14400.0,0.0
train/adversarial_mif,14450.0,0.0
train/adversarial_mif,14500.0,0.0
train/adversarial_mif,14550.0,0.0
train/adversarial_mif,14600.0,0.0
train/adversarial_mif,14650.0,0.0
train/adversarial_mif,14700.0,0.0
train/adversarial_mif,14750.0,0.0
train/adversarial_mif,14800.0,0.0
train/adversarial_mif,14850.0,0.0
train/adversarial_mif,14900.0,0.0
train/adversarial_mif,14950.0,0.0
train/adversarial_mif,15000.0,0.0
train/adversarial_mif,15050.0,0.0
train/adversarial_mif,15100.0,0.0
train/adversarial_mif,15150.0,0.0
train/adversarial_mif,15200.0,0.0
train/adversarial_mif,15250.0,0.0
train/adversarial_mif,15300.0,0.0
train/adversarial_mif,15350.0,0.0
train/adversarial_mif,15400.0,0.0
train/adversarial_mif,15450.0,0.0
train/adversarial_mif,15500.0,0.0
train/adversarial_mif,15550.0,0.0
train/adversarial_mif,15600.0,0.0
train/adversarial_mif,15650.0,0.0
train/adversarial_mif,15700.0,0.0
train/adversarial_mif,15750.0,0.0
train/adversarial_mif,15800.0,0.0
train/adversarial_mif,15850.0,0.0
train/adversarial_mif,15900.0,0.0
train/adversarial_mif,15950.0,0.0
train/adversarial_mif,16000.0,0.0
train/adversarial_mif,16050.0,0.0
train/adversarial_mif,16100.0,0.0
train/adversarial_mif,16150.0,0.0
train/adversarial_mif,16200.0,0.0
train/adversarial_mif,16250.0,0.0
train/adversarial_mif,16300.0,0.0
train/adversarial_mif,16350.0,0.0
train/adversarial_mif,16400.0,0.0
train/adversarial_mif,16450.0,0.0
train/adversarial_mif,16500.0,0.0
train/adversarial_mif,16550.0,0.0
train/adversarial_mif,16600.0,0.0
train/adversarial_mif,16650.0,0.0
train/adversarial_mif,16700.0,0.0
train/adversarial_mif,16750.0,0.0
train/adversarial_mif,16800.0,0.0
train/adversarial_mif,16850.0,0.0
train/adversarial_mif,16900.0,0.0
train/adversarial_mif,16950.0,0.0
train/adversarial_mif,17000.0,0.0
train/adversarial_mif,17050.0,0.0
train/adversarial_mif,17100.0,0.0
train/adversarial_mif,17150.0,0.0
train/adversarial_mif,17200.0,0.0
train/adversarial_mif,17250.0,0.0
train/adversarial_mif,17300.0,0.0
train/adversarial_mif,17350.0,0.0
train/adversarial_mif,17400.0,0.0
train/adversarial_mif,17450.0,0.0
train/adversarial_mif,17500.0,0.0
train/adversarial_mif,17550.0,0.0
train/adversarial_mif,17600.0,0.0
train/adversarial_mif,17650.0,0.0
train/adversarial_mif,17700.0,0.0
train/adversarial_mif,17750.0,0.0
train/adversarial_mif,17800.0,0.0
train/adversarial_mif,17850.0,0.0
train/adversarial_mif,17900.0,0.0
train/adversarial_mif,17950.0,0.0
train/adversarial_mif,18000.0,0.0
train/adversarial_mif,18050.0,0.0
train/adversarial_mif,18100.0,0.0
train/adversarial_mif,18150.0,0.0
train/adversarial_mif,18200.0,0.0
train/adversarial_mif,18250.0,0.0
train/adversarial_mif,18300.0,0.0
train/adversarial_mif,18350.0,0.0
train/adversarial_mif,18400.0,0.0
train/adversarial_mif,18450.0,0.0
train/adversarial_mif,18500.0,0.0
train/adversarial_mif,18550.0,0.0
train/adversarial_mif,18600.0,0.0
train/adversarial_mif,18650.0,0.0
train/adversarial_mif,18700.0,0.0
train/adversarial_mif,18750.0,0.0
train/adversarial_mif,18800.0,0.0
train/adversarial_mif,18850.0,0.0
train/adversarial_mif,18900.0,0.0
train/adversarial_mif,18950.0,0.0
train/adversarial_mif,19000.0,0.0
train/adversarial_mif,19050.0,0.0
train/adversarial_mif,19100.0,0.0
train/adversarial_mif,19150.0,0.0
train/adversarial_mif,19200.0,0.0
train/adversarial_mif,19250.0,0.0
train/adversarial_mif,19300.0,0.0
train/adversarial_mif,19350.0,0.0
train/adversarial_mif,19400.0,0.0
train/adversarial_mif,19450.0,0.0
train/adversarial_mif,19500.0,0.0
train/adversarial_mif,19550.0,0.0
train/adversarial_mif,19600.0,0.0
train/adversarial_mif,19650.0,0.0
train/adversarial_mif,19700.0,0.0
train/adversarial_mif,19750.0,0.0
train/adversarial_mif,19800.0,0.0
train/adversarial_mif,19850.0,0.0
train/adversarial_mif,19900.0,0.0
train/adversarial_mif,19950.0,0.0
train/adversarial_mif,20000.0,0.0
train/discriminator,1.0,2.46970534324646
train/discriminator,50.0,0.2423986941576004
train/discriminator,100.0,0.09486421942710876
train/discriminator,150.0,0.0795222744345665
train/discriminator,200.0,0.15263083577156067
train/discriminator,250.0,0.07851779460906982
train/discriminator,300.0,0.09904265403747559
train/discriminator,350.0,0.11111940443515778
train/discriminator,400.0,0.07480322569608688
train/discriminator,450.0,0.08820381760597229
train/discriminator,500.0,0.13953633606433868
train/discriminator,550.0,0.11391450464725494
train/discriminator,600.0,0.1430555284023285
train/discriminator,650.0,0.19363346695899963
train/discriminator,700.0,0.14108815789222717
train/discriminator,750.0,0.16570045053958893
train/discriminator,800.0,0.0824556052684784
train/discriminator,850.0,0.06762393563985825
train/discriminator,900.0,0.22042569518089294
train/discriminator,950.0,0.19393041729927063
train/discriminator,1000.0,0.14702852070331573
train/discriminator,1050.0,0.1542442888021469
train/discriminator,1100.0,0.11718609929084778
train/discriminator,1150.0,0.24896357953548431
train/discriminator,1200.0,0.14514656364917755
train/discriminator,1250.0,0.11434371769428253
train/discriminator,1300.0,0.13143570721149445
train/discriminator,1350.0,0.16864868998527527
train/discriminator,1400.0,0.147434800863266
train/discriminator,1450.0,0.18270158767700195
train/discriminator,1500.0,0.11902549862861633
train/discriminator,1550.0,0.11180165410041809
train/discriminator,1600.0,0.24265994131565094
train/discriminator,1650.0,0.11923930048942566
train/discriminator,1700.0,0.21515537798404694
train/discriminator,1750.0,0.2125118374824524
train/discriminator,1800.0,0.18417812883853912
train/discriminator,1850.0,0.10052727162837982
train/discriminator,1900.0,0.14149288833141327
train/discriminator,1950.0,0.1308639943599701
train/discriminator,2000.0,0.1607234627008438
train/discriminator,2050.0,0.18963976204395294
train/discriminator,2100.0,0.29424840211868286
train/discriminator,2150.0,0.12934860587120056
train/discriminator,2200.0,0.11561663448810577
train/discriminator,2250.0,0.15829119086265564
train/discriminator,2300.0,0.13522179424762726
train/discriminator,2350.0,0.11906272172927856
train/discriminator,2400.0,0.08663565665483475
train/discriminator,2450.0,0.11421483755111694
train/discriminator,2500.0,0.08834965527057648
train/discriminator,2550.0,0.1740063726902008
train/discriminator,2600.0,0.09998293966054916
train/discriminator,2650.0,0.11239612102508545
train/discriminator,2700.0,0.25575971603393555
train/discriminator,2750.0,0.16093909740447998
train/discriminator,2800.0,0.1447194367647171
train/discriminator,2850.0,0.15126463770866394
train/discriminator,2900.0,0.09726117551326752
train/discriminator,2950.0,0.2730359733104706
train/discriminator,3000.0,0.15874730050563812
train/discriminator,3050.0,0.1913585364818573
train/discriminator,3100.0,0.09944616258144379
train/discriminator,3150.0,0.10999500006437302
train/discriminator,3200.0,0.19816240668296814
train/discriminator,3250.0,0.17544128000736237
train/discriminator,3300.0,0.1584795117378235
train/discriminator,3350.0,0.08697611093521118
train/discriminator,3400.0,0.0736013874411583
train/discriminator,3450.0,0.21026119589805603
train/discriminator,3500.0,0.09878990054130554
train/discriminator,3550.0,0.07622568309307098
train/discriminator,3600.0,0.14976999163627625
train/discriminator,3650.0,0.0970173180103302
train/discriminator,3700.0,0.2342887818813324
train/discriminator,3750.0,0.13744856417179108
train/discriminator,3800.0,0.2158779352903366
train/discriminator,3850.0,0.12090179324150085
train/discriminator,3900.0,0.11255146563053131
train/discriminator,3950.0,0.14781036972999573
train/discriminator,4000.0,0.11822578310966492
train/discriminator,4050.0,0.12181708216667175
train/discriminator,4100.0,0.1293899118900299
train/discriminator,4150.0,0.1096191555261612
train/discriminator,4200.0,0.17974761128425598
train/discriminator,4250.0,0.14694160223007202
train/discriminator,4300.0,0.14990809559822083
train/discriminator,4350.0,0.14656606316566467
train/discriminator,4400.0,0.23561298847198486
train/discriminator,4450.0,0.12193848192691803
train/discriminator,4500.0,0.16284707188606262
train/discriminator,4550.0,0.10670268535614014
train/discriminator,4600.0,0.16874255239963531
train/discriminator,4650.0,0.20847368240356445
train/discriminator,4700.0,0.23159673810005188
train/discriminator,4750.0,0.18985214829444885
train/discriminator,4800.0,0.27335837483406067
train/discriminator,4850.0,0.2470775693655014
train/discriminator,4900.0,0.1424165815114975
train/discriminator,4950.0,0.1287735104560852
train/discriminator,5000.0,0.15882982313632965
train/discriminator,5050.0,0.15608155727386475
train/discriminator,5100.0,0.1616339534521103
train/discriminator,5150.0,0.1307372748851776
train/discriminator,5200.0,0.1593031883239746
train/discriminator,5250.0,0.1487913578748703
train/discriminator,5300.0,0.12442508339881897
train/discriminator,5350.0,0.1159697026014328
train/discriminator,5400.0,0.2949988543987274
train/discriminator,5450.0,0.17491444945335388
train/discriminator,5500.0,0.1514766812324524
train/discriminator,5550.0,0.11548955738544464
train/discriminator,5600.0,0.3025991916656494
train/discriminator,5650.0,0.14318688213825226
train/discriminator,5700.0,0.14630508422851562
train/discriminator,5750.0,0.16850316524505615
train/discriminator,5800.0,0.12428305298089981
train/discriminator,5850.0,0.15468189120292664
train/discriminator,5900.0,0.1366628110408783
train/discriminator,5950.0,0.10242649167776108
train/discriminator,6000.0,0.12226962298154831
train/discriminator,6050.0,0.21195751428604126
train/discriminator,6100.0,0.18663635849952698
train/discriminator,6150.0,0.10848381370306015
train/discriminator,6200.0,0.11158046871423721
train/discriminator,6250.0,0.1128903180360794
train/discriminator,6300.0,0.13873723149299622
train/discriminator,6350.0,0.15812170505523682
train/discriminator,6400.0,0.17698800563812256
train/discriminator,6450.0,0.14242155849933624
train/discriminator,6500.0,0.1466648429632187
train/discriminator,6550.0,0.1309129297733307
train/discriminator,6600.0,0.1929992139339447
train/discriminator,6650.0,0.1360751837491989
train/discriminator,6700.0,0.156419038772583
train/discriminator,6750.0,0.10941983014345169
train/discriminator,6800.0,0.21225334703922272
train/discriminator,6850.0,0.12088555097579956
train/discriminator,6900.0,0.1862717866897583
train/discriminator,6950.0,0.13745525479316711
train/discriminator,7000.0,0.14589421451091766
train/discriminator,7050.0,0.12074160575866699
train/discriminator,7100.0,0.2539569139480591
train/discriminator,7150.0,0.1920154094696045
train/discriminator,7200.0,0.1462884396314621
train/discriminator,7250.0,0.16841277480125427
train/discriminator,7300.0,0.12666337192058563
train/discriminator,7350.0,0.15493932366371155
train/discriminator,7400.0,0.12607870995998383
train/discriminator,7450.0,0.14676010608673096
train/discriminator,7500.0,0.13197952508926392
train/discriminator,7550.0,0.2302177995443344
train/discriminator,7600.0,0.13802164793014526
train/discriminator,7650.0,0.16000287234783173
train/discriminator,7700.0,0.14656326174736023
train/discriminator,7750.0,0.19610987603664398
train/discriminator,7800.0,0.11706322431564331
train/discriminator,7850.0,0.23523959517478943
train/discriminator,7900.0,0.1690346598625183
train/discriminator,7950.0,0.17267368733882904
train/discriminator,8000.0,0.10304905474185944
train/discriminator,8050.0,0.13658374547958374
train/discriminator,8100.0,0.14904296398162842
train/discriminator,8150.0,0.1316908895969391
train/discriminator,8200.0,0.1617085486650467
train/discriminator,8250.0,0.13914451003074646
train/discriminator,8300.0,0.1696622371673584
train/discriminator,8350.0,0.16696366667747498
train/discriminator,8400.0,0.12568388879299164
train/discriminator,8450.0,0.16517579555511475
train/discriminator,8500.0,0.1570131629705429
train/discriminator,8550.0,0.13494396209716797
train/discriminator,8600.0,0.1583995372056961
train/discriminator,8650.0,0.12445366382598877
train/discriminator,8700.0,0.14559131860733032
train/discriminator,8750.0,0.1356540024280548
train/discriminator,8800.0,0.1803409904241562
train/discriminator,8850.0,0.16933545470237732
train/discriminator,8900.0,0.2204866111278534
train/discriminator,8950.0,0.08779846131801605
train/discriminator,9000.0,0.15491917729377747
train/discriminator,9050.0,0.18712754547595978
train/discriminator,9100.0,0.17341361939907074
train/discriminator,9150.0,0.12199634313583374
train/discriminator,9200.0,0.08881673216819763
train/discriminator,9250.0,0.1502087563276291
train/discriminator,9300.0,0.13688091933727264
train/discriminator,9350.0,0.1528073251247406
train/discriminator,9400.0,0.14929312467575073
train/discriminator,9450.0,0.16281473636627197
train/discriminator,9500.0,0.13745349645614624
train/discriminator,9550.0,0.14320804178714752
train/discriminator,9600.0,0.10244400054216385
train/discriminator,9650.0,0.10829896479845047
train/discriminator,9700.0,0.0864664763212204
train/discriminator,9750.0,0.1695997565984726
train/discriminator,9800.0,0.12880301475524902
train/discriminator,9850.0,0.09311182051897049
train/discriminator,9900.0,0.15824048221111298
train/discriminator,9950.0,0.08484670519828796
train/discriminator,10000.0,0.1008208692073822
train/discriminator,10050.0,0.10357353091239929
train/discriminator,10100.0,0.18411113321781158
train/discriminator,10150.0,0.10738563537597656
train/discriminator,10200.0,0.1649782359600067
train/discriminator,10250.0,0.11797457188367844
train/discriminator,10300.0,0.17627720534801483
train/discriminator,10350.0,0.13994255661964417
train/discriminator,10400.0,0.1107710674405098
train/discriminator,10450.0,0.16711781919002533
train/discriminator,10500.0,0.1931886225938797
train/discriminator,10550.0,0.16892191767692566
train/discriminator,10600.0,0.12370868027210236
train/discriminator,10650.0,0.19187581539154053
train/discriminator,10700.0,0.11763244867324829
train/discriminator,10750.0,0.13167127966880798
train/discriminator,10800.0,0.14214473962783813
train/discriminator,10850.0,0.19955064356327057
train/discriminator,10900.0,0.12328127026557922
train/discriminator,10950.0,0.0940348207950592
train/discriminator,11000.0,0.11138516664505005
train/discriminator,11050.0,0.10271786898374557
train/discriminator,11100.0,0.17022404074668884
train/discriminator,11150.0,0.11190903931856155
train/discriminator,11200.0,0.12645897269248962
train/discriminator,11250.0,0.12099319696426392
train/discriminator,11300.0,0.07949954271316528
train/discriminator,11350.0,0.10165548324584961
train/discriminator,11400.0,0.09785888344049454
train/discriminator,11450.0,0.1404821127653122
train/discriminator,11500.0,0.09563102573156357
train/discriminator,11550.0,0.1151931881904602
train/discriminator,11600.0,0.18401144444942474
train/discriminator,11650.0,0.1205480769276619
train/discriminator,11700.0,0.10808839648962021
train/discriminator,11750.0,0.10383760184049606
train/discriminator,11800.0,0.13605880737304688
train/discriminator,11850.0,0.18661458790302277
train/discriminator,11900.0,0.10399405658245087
train/discriminator,11950.0,0.08831730484962463
train/discriminator,12000.0,0.1308816522359848
train/discriminator,12050.0,0.10854458808898926
train/discriminator,12100.0,0.13128338754177094
train/discriminator,12150.0,0.10902580618858337
train/discriminator,12200.0,0.07615084201097488
train/discriminator,12250.0,0.1047431156039238
train/discriminator,12300.0,0.13588641583919525
train/discriminator,12350.0,0.12984460592269897
train/discriminator,12400.0,0.10303041338920593
train/discriminator,12450.0,0.12761908769607544
train/discriminator,12500.0,0.20888572931289673
train/discriminator,12550.0,0.13729031383991241
train/discriminator,12600.0,0.11225228756666183
train/discriminator,12650.0,0.07066002488136292
train/discriminator,12700.0,0.07181753218173981
train/discriminator,12750.0,0.08409684151411057
train/discriminator,12800.0,0.08853285759687424
train/discriminator,12850.0,0.09526132047176361
train/discriminator,12900.0,0.18853363394737244
train/discriminator,12950.0,0.08974812179803848
train/discriminator,13000.0,0.11607623845338821
train/discriminator,13050.0,0.13797536492347717
train/discriminator,13100.0,0.07838564366102219
train/discriminator,13150.0,0.16707885265350342
train/discriminator,13200.0,0.10424602776765823
train/discriminator,13250.0,0.10325650125741959
train/discriminator,13300.0,0.08142592012882233
train/discriminator,13350.0,0.11310698837041855
train/discriminator,13400.0,0.10565230250358582
train/discriminator,13450.0,0.13391940295696259
train/discriminator,13500.0,0.11203319579362869
train/discriminator,13550.0,0.12443169206380844
train/discriminator,13600.0,0.09435814619064331
train/discriminator,13650.0,0.16567063331604004
train/discriminator,13700.0,0.12204107642173767
train/discriminator,13750.0,0.12362648546695709
train/discriminator,13800.0,0.10746778547763824
train/discriminator,13850.0,0.12387976795434952
train/discriminator,13900.0,0.13206708431243896
train/discriminator,13950.0,0.0998753160238266
train/discriminator,14000.0,0.20000183582305908
train/discriminator,14050.0,0.10678040981292725
train/discriminator,14100.0,0.0853080153465271
train/discriminator,14150.0,0.07560522109270096
train/discriminator,14200.0,0.07540223002433777
train/discriminator,14250.0,0.11291259527206421
train/discriminator,14300.0,0.08449254930019379
train/discriminator,14350.0,0.0810052901506424
train/discriminator,14400.0,0.07585304975509644
train/discriminator,14450.0,0.10947175323963165
train/discriminator,14500.0,0.11313214898109436
train/discriminator,14550.0,0.10473323613405228
train/discriminator,14600.0,0.06731491535902023
train/discriminator,14650.0,0.062442198395729065
train/discriminator,14700.0,0.09949891269207001
train/discriminator,14750.0,0.09124606102705002
train/discriminator,14800.0,0.08844579011201859
train/discriminator,14850.0,0.09646406024694443
train/discriminator,14900.0,0.10206999629735947
train/discriminator,14950.0,0.08308863639831543
train/discriminator,15000.0,0.0988571047782898
train/discriminator,15050.0,0.10473645478487015
train/discriminator,15100.0,0.07819175720214844
train/discriminator,15150.0,0.07915359735488892
train/discriminator,15200.0,0.0843249037861824
train/discriminator,15250.0,0.07376383990049362
train/discriminator,15300.0,0.1471291035413742
train/discriminator,15350.0,0.06858628988265991
train/discriminator,15400.0,0.12725023925304413
train/discriminator,15450.0,0.08662190288305283
train/discriminator,15500.0,0.06312582641839981
train/discriminator,15550.0,0.10049597173929214
train/discriminator,15600.0,0.08554164320230484
train/discriminator,15650.0,0.07275496423244476
train/discriminator,15700.0,0.0762789398431778
train/discriminator,15750.0,0.08550084382295609
train/discriminator,15800.0,0.06749699264764786
train/discriminator,15850.0,0.07180332392454147
train/discriminator,15900.0,0.06627638638019562
train/discriminator,15950.0,0.08011037111282349
train/discriminator,16000.0,0.09003730863332748
train/discriminator,16050.0,0.0729759931564331
train/discriminator,16100.0,0.05899909883737564
train/discriminator,16150.0,0.08039654791355133
train/discriminator,16200.0,0.0660330057144165
train/discriminator,16250.0,0.06790252774953842
train/discriminator,16300.0,0.09505277127027512
train/discriminator,16350.0,0.0677105039358139
train/discriminator,16400.0,0.05711573734879494
train/discriminator,16450.0,0.07149071991443634
train/discriminator,16500.0,0.05275746062397957
train/discriminator,16550.0,0.06547725200653076
train/discriminator,16600.0,0.07288574427366257
train/discriminator,16650.0,0.06955019384622574
train/discriminator,16700.0,0.06821183860301971
train/discriminator,16750.0,0.07403375208377838
train/discriminator,16800.0,0.051495350897312164
train/discriminator,16850.0,0.06580907106399536
train/discriminator,16900.0,0.05622091889381409
train/discriminator,16950.0,0.061410289257764816
train/discriminator,17000.0,0.06815040856599808
train/discriminator,17050.0,0.04582779109477997
train/discriminator,17100.0,0.059199415147304535
train/discriminator,17150.0,0.06355550140142441
train/discriminator,17200.0,0.04342110827565193
train/discriminator,17250.0,0.06251751631498337
train/discriminator,17300.0,0.06667899340391159
train/discriminator,17350.0,0.05637004226446152
train/discriminator,17400.0,0.054538436233997345
train/discriminator,17450.0,0.04759913682937622
train/discriminator,17500.0,0.058113135397434235
train/discriminator,17550.0,0.07328801602125168
train/discriminator,17600.0,0.04946165904402733
train/discriminator,17650.0,0.04817451536655426
train/discriminator,17700.0,0.05047813057899475
train/discriminator,17750.0,0.05683189257979393
train/discriminator,17800.0,0.04932485893368721
train/discriminator,17850.0,0.044770222157239914
train/discriminator,17900.0,0.055885232985019684
train/discriminator,17950.0,0.04300238937139511
train/discriminator,18000.0,0.041260845959186554
train/discriminator,18050.0,0.06436505913734436
train/discriminator,18100.0,0.056182198226451874
train/discriminator,18150.0,0.05213620141148567
train/discriminator,18200.0,0.0392925888299942
train/discriminator,18250.0,0.056558333337306976
train/discriminator,18300.0,0.049130622297525406
train/discriminator,18350.0,0.04939308390021324
train/discriminator,18400.0,0.042093485593795776
train/discriminator,18450.0,0.04601229727268219
train/discriminator,18500.0,0.04024147987365723
train/discriminator,18550.0,0.0618097297847271
train/discriminator,18600.0,0.03534328565001488
train/discriminator,18650.0,0.04043528065085411
train/discriminator,18700.0,0.043848808854818344
train/discriminator,18750.0,0.05643172934651375
train/discriminator,18800.0,0.053268563002347946
train/discriminator,18850.0,0.07055921852588654
train/discriminator,18900.0,0.054187849164009094
train/discriminator,18950.0,0.057716354727745056
train/discriminator,19000.0,0.05763569474220276
train/discriminator,19050.0,0.042961485683918
train/discriminator,19100.0,0.04292915761470795
train/discriminator,19150.0,0.041658297181129456
train/discriminator,19200.0,0.036498021334409714
train/discriminator,19250.0,0.047080859541893005
train/discriminator,19300.0,0.04952014237642288
train/discriminator,19350.0,0.041459184139966965
train/discriminator,19400.0,0.04478470981121063
train/discriminator,19450.0,0.05141264945268631
train/discriminator,19500.0,0.0433354377746582
train/discriminator,19550.0,0.04255392402410507
train/discriminator,19600.0,0.051116734743118286
train/discriminator,19650.0,0.052450813353061676
train/discriminator,19700.0,0.035081829875707626
train/discriminator,19750.0,0.040045738220214844
train/discriminator,19800.0,0.047796327620744705
train/discriminator,19850.0,0.03967856988310814
train/discriminator,19900.0,0.042749445885419846
train/discriminator,19950.0,0.05098768696188927
train/discriminator,20000.0,0.05810394138097763
train/discriminator_grad_norm,1.0,53.543304443359375
train/discriminator_grad_norm,50.0,6.09580659866333
train/discriminator_grad_norm,100.0,3.167973518371582
train/discriminator_grad_norm,150.0,4.00822639465332
train/discriminator_grad_norm,200.0,15.146114349365234
train/discriminator_grad_norm,250.0,5.078428268432617
train/discriminator_grad_norm,300.0,7.538043022155762
train/discriminator_grad_norm,350.0,7.509855270385742
train/discriminator_grad_norm,400.0,6.9832634925842285
train/discriminator_grad_norm,450.0,9.4600248336792
train/discriminator_grad_norm,500.0,15.397000312805176
train/discriminator_grad_norm,550.0,5.787728786468506
train/discriminator_grad_norm,600.0,10.480780601501465
train/discriminator_grad_norm,650.0,15.716367721557617
train/discriminator_grad_norm,700.0,11.108165740966797
train/discriminator_grad_norm,750.0,10.701016426086426
train/discriminator_grad_norm,800.0,7.339863300323486
train/discriminator_grad_norm,850.0,11.361369132995605
train/discriminator_grad_norm,900.0,21.513118743896484
train/discriminator_grad_norm,950.0,12.51578140258789
train/discriminator_grad_norm,1000.0,12.236126899719238
train/discriminator_grad_norm,1050.0,12.24433708190918
train/discriminator_grad_norm,1100.0,6.459324359893799
train/discriminator_grad_norm,1150.0,19.194242477416992
train/discriminator_grad_norm,1200.0,4.880423545837402
train/discriminator_grad_norm,1250.0,6.497053623199463
train/discriminator_grad_norm,1300.0,7.02085018157959
train/discriminator_grad_norm,1350.0,12.373608589172363
train/discriminator_grad_norm,1400.0,7.874704837799072
train/discriminator_grad_norm,1450.0,11.003738403320312
train/discriminator_grad_norm,1500.0,9.294797897338867
train/discriminator_grad_norm,1550.0,5.427639007568359
train/discriminator_grad_norm,1600.0,18.125417709350586
train/discriminator_grad_norm,1650.0,6.2660346031188965
train/discriminator_grad_norm,1700.0,20.022199630737305
train/discriminator_grad_norm,1750.0,10.285441398620605
train/discriminator_grad_norm,1800.0,12.8811674118042
train/discriminator_grad_norm,1850.0,3.290337324142456
train/discriminator_grad_norm,1900.0,8.062376976013184
train/discriminator_grad_norm,1950.0,7.612259864807129
train/discriminator_grad_norm,2000.0,13.478484153747559
train/discriminator_grad_norm,2050.0,13.738061904907227
train/discriminator_grad_norm,2100.0,20.945117950439453
train/discriminator_grad_norm,2150.0,7.677202224731445
train/discriminator_grad_norm,2200.0,8.327824592590332
train/discriminator_grad_norm,2250.0,3.2419323921203613
train/discriminator_grad_norm,2300.0,7.176039695739746
train/discriminator_grad_norm,2350.0,3.4425294399261475
train/discriminator_grad_norm,2400.0,2.970111846923828
train/discriminator_grad_norm,2450.0,5.20554256439209
train/discriminator_grad_norm,2500.0,2.9885194301605225
train/discriminator_grad_norm,2550.0,6.449051856994629
train/discriminator_grad_norm,2600.0,6.591037273406982
train/discriminator_grad_norm,2650.0,5.753829002380371
train/discriminator_grad_norm,2700.0,15.45123291015625
train/discriminator_grad_norm,2750.0,8.221842765808105
train/discriminator_grad_norm,2800.0,7.264215469360352
train/discriminator_grad_norm,2850.0,5.842321395874023
train/discriminator_grad_norm,2900.0,3.2578885555267334
train/discriminator_grad_norm,2950.0,15.356847763061523
train/discriminator_grad_norm,3000.0,8.673757553100586
train/discriminator_grad_norm,3050.0,10.11687183380127
train/discriminator_grad_norm,3100.0,4.239041328430176
train/discriminator_grad_norm,3150.0,6.765473365783691
train/discriminator_grad_norm,3200.0,9.935824394226074
train/discriminator_grad_norm,3250.0,10.23575496673584
train/discriminator_grad_norm,3300.0,10.925334930419922
train/discriminator_grad_norm,3350.0,4.7844648361206055
train/discriminator_grad_norm,3400.0,3.6078109741210938
train/discriminator_grad_norm,3450.0,5.118171215057373
train/discriminator_grad_norm,3500.0,4.017180442810059
train/discriminator_grad_norm,3550.0,2.587838649749756
train/discriminator_grad_norm,3600.0,7.4873366355896
train/discriminator_grad_norm,3650.0,4.20010232925415
train/discriminator_grad_norm,3700.0,18.032289505004883
train/discriminator_grad_norm,3750.0,6.814178943634033
train/discriminator_grad_norm,3800.0,12.084197998046875
train/discriminator_grad_norm,3850.0,5.079253673553467
train/discriminator_grad_norm,3900.0,7.146451950073242
train/discriminator_grad_norm,3950.0,6.398085117340088
train/discriminator_grad_norm,4000.0,5.397201061248779
train/discriminator_grad_norm,4050.0,3.42569637298584
train/discriminator_grad_norm,4100.0,5.932210922241211
train/discriminator_grad_norm,4150.0,5.166409015655518
train/discriminator_grad_norm,4200.0,9.466409683227539
train/discriminator_grad_norm,4250.0,6.729137897491455
train/discriminator_grad_norm,4300.0,3.2206451892852783
train/discriminator_grad_norm,4350.0,5.220148086547852
train/discriminator_grad_norm,4400.0,17.39257049560547
train/discriminator_grad_norm,4450.0,4.735564708709717
train/discriminator_grad_norm,4500.0,4.5268964767456055
train/discriminator_grad_norm,4550.0,3.766752243041992
train/discriminator_grad_norm,4600.0,9.694960594177246
train/discriminator_grad_norm,4650.0,14.400004386901855
train/discriminator_grad_norm,4700.0,6.055163860321045
train/discriminator_grad_norm,4750.0,4.592025279998779
train/discriminator_grad_norm,4800.0,6.535296440124512
train/discriminator_grad_norm,4850.0,8.430795669555664
train/discriminator_grad_norm,4900.0,2.436785936355591
train/discriminator_grad_norm,4950.0,2.444398880004883
train/discriminator_grad_norm,5000.0,3.7800936698913574
train/discriminator_grad_norm,5050.0,3.0240838527679443
train/discriminator_grad_norm,5100.0,4.0696892738342285
train/discriminator_grad_norm,5150.0,4.737183570861816
train/discriminator_grad_norm,5200.0,7.165029048919678
train/discriminator_grad_norm,5250.0,5.843624591827393
train/discriminator_grad_norm,5300.0,2.917752981185913
train/discriminator_grad_norm,5350.0,3.7356410026550293
train/discriminator_grad_norm,5400.0,17.739784240722656
train/discriminator_grad_norm,5450.0,4.8452935218811035
train/discriminator_grad_norm,5500.0,5.211451530456543
train/discriminator_grad_norm,5550.0,4.124597549438477
train/discriminator_grad_norm,5600.0,14.659543991088867
train/discriminator_grad_norm,5650.0,6.429718494415283
train/discriminator_grad_norm,5700.0,6.977916717529297
train/discriminator_grad_norm,5750.0,6.791194438934326
train/discriminator_grad_norm,5800.0,4.728169918060303
train/discriminator_grad_norm,5850.0,4.8701958656311035
train/discriminator_grad_norm,5900.0,5.568399429321289
train/discriminator_grad_norm,5950.0,4.232585430145264
train/discriminator_grad_norm,6000.0,3.6535298824310303
train/discriminator_grad_norm,6050.0,14.757181167602539
train/discriminator_grad_norm,6100.0,8.440352439880371
train/discriminator_grad_norm,6150.0,3.2081446647644043
train/discriminator_grad_norm,6200.0,3.652569532394409
train/discriminator_grad_norm,6250.0,6.27535343170166
train/discriminator_grad_norm,6300.0,4.6362104415893555
train/discriminator_grad_norm,6350.0,4.328786373138428
train/discriminator_grad_norm,6400.0,8.073161125183105
train/discriminator_grad_norm,6450.0,3.509155035018921
train/discriminator_grad_norm,6500.0,3.4872827529907227
train/discriminator_grad_norm,6550.0,4.263672351837158
train/discriminator_grad_norm,6600.0,9.945261001586914
train/discriminator_grad_norm,6650.0,3.0075523853302
train/discriminator_grad_norm,6700.0,6.298508167266846
train/discriminator_grad_norm,6750.0,4.532618999481201
train/discriminator_grad_norm,6800.0,7.149412155151367
train/discriminator_grad_norm,6850.0,4.629617691040039
train/discriminator_grad_norm,6900.0,10.554195404052734
train/discriminator_grad_norm,6950.0,4.128894805908203
train/discriminator_grad_norm,7000.0,5.646218299865723
train/discriminator_grad_norm,7050.0,3.9112839698791504
train/discriminator_grad_norm,7100.0,12.75021743774414
train/discriminator_grad_norm,7150.0,5.308139324188232
train/discriminator_grad_norm,7200.0,7.456300735473633
train/discriminator_grad_norm,7250.0,7.885476589202881
train/discriminator_grad_norm,7300.0,7.165881156921387
train/discriminator_grad_norm,7350.0,3.7472798824310303
train/discriminator_grad_norm,7400.0,3.743720769882202
train/discriminator_grad_norm,7450.0,5.727160453796387
train/discriminator_grad_norm,7500.0,7.207921028137207
train/discriminator_grad_norm,7550.0,10.057705879211426
train/discriminator_grad_norm,7600.0,4.040642738342285
train/discriminator_grad_norm,7650.0,5.358707427978516
train/discriminator_grad_norm,7700.0,3.813109874725342
train/discriminator_grad_norm,7750.0,4.548162460327148
train/discriminator_grad_norm,7800.0,2.124603033065796
train/discriminator_grad_norm,7850.0,8.09662914276123
train/discriminator_grad_norm,7900.0,5.703742504119873
train/discriminator_grad_norm,7950.0,7.056509971618652
train/discriminator_grad_norm,8000.0,5.432734489440918
train/discriminator_grad_norm,8050.0,5.3605523109436035
train/discriminator_grad_norm,8100.0,4.844641208648682
train/discriminator_grad_norm,8150.0,2.4530344009399414
train/discriminator_grad_norm,8200.0,5.719822406768799
train/discriminator_grad_norm,8250.0,3.765251874923706
train/discriminator_grad_norm,8300.0,4.95385217666626
train/discriminator_grad_norm,8350.0,4.788212776184082
train/discriminator_grad_norm,8400.0,2.77654767036438
train/discriminator_grad_norm,8450.0,7.785959720611572
train/discriminator_grad_norm,8500.0,4.61441707611084
train/discriminator_grad_norm,8550.0,4.546380996704102
train/discriminator_grad_norm,8600.0,8.862306594848633
train/discriminator_grad_norm,8650.0,5.3736772537231445
train/discriminator_grad_norm,8700.0,5.532478332519531
train/discriminator_grad_norm,8750.0,2.621777296066284
train/discriminator_grad_norm,8800.0,4.8578901290893555
train/discriminator_grad_norm,8850.0,7.259190082550049
train/discriminator_grad_norm,8900.0,7.767935752868652
train/discriminator_grad_norm,8950.0,2.135206460952759
train/discriminator_grad_norm,9000.0,5.217757225036621
train/discriminator_grad_norm,9050.0,10.401802062988281
train/discriminator_grad_norm,9100.0,6.054932117462158
train/discriminator_grad_norm,9150.0,3.3037986755371094
train/discriminator_grad_norm,9200.0,4.072305202484131
train/discriminator_grad_norm,9250.0,8.259658813476562
train/discriminator_grad_norm,9300.0,2.6415205001831055
train/discriminator_grad_norm,9350.0,5.5672149658203125
train/discriminator_grad_norm,9400.0,5.227372169494629
train/discriminator_grad_norm,9450.0,6.01811408996582
train/discriminator_grad_norm,9500.0,7.893248558044434
train/discriminator_grad_norm,9550.0,3.1844098567962646
train/discriminator_grad_norm,9600.0,5.463375568389893
train/discriminator_grad_norm,9650.0,6.68984317779541
train/discriminator_grad_norm,9700.0,3.0248219966888428
train/discriminator_grad_norm,9750.0,7.787118911743164
train/discriminator_grad_norm,9800.0,3.867838144302368
train/discriminator_grad_norm,9850.0,3.704810857772827
train/discriminator_grad_norm,9900.0,7.949667930603027
train/discriminator_grad_norm,9950.0,2.1445538997650146
train/discriminator_grad_norm,10000.0,3.557415246963501
train/discriminator_grad_norm,10050.0,3.4745593070983887
train/discriminator_grad_norm,10100.0,10.825118064880371
train/discriminator_grad_norm,10150.0,4.706815719604492
train/discriminator_grad_norm,10200.0,5.823101043701172
train/discriminator_grad_norm,10250.0,5.710464000701904
train/discriminator_grad_norm,10300.0,8.70348834991455
train/discriminator_grad_norm,10350.0,7.2453742027282715
train/discriminator_grad_norm,10400.0,5.541358470916748
train/discriminator_grad_norm,10450.0,9.689181327819824
train/discriminator_grad_norm,10500.0,6.904928684234619
train/discriminator_grad_norm,10550.0,8.847386360168457
train/discriminator_grad_norm,10600.0,7.410364627838135
train/discriminator_grad_norm,10650.0,11.529195785522461
train/discriminator_grad_norm,10700.0,9.771024703979492
train/discriminator_grad_norm,10750.0,10.973923683166504
train/discriminator_grad_norm,10800.0,3.3012635707855225
train/discriminator_grad_norm,10850.0,6.010290622711182
train/discriminator_grad_norm,10900.0,7.127829074859619
train/discriminator_grad_norm,10950.0,1.9794081449508667
train/discriminator_grad_norm,11000.0,3.972083806991577
train/discriminator_grad_norm,11050.0,5.158693790435791
train/discriminator_grad_norm,11100.0,10.541173934936523
train/discriminator_grad_norm,11150.0,2.45021653175354
train/discriminator_grad_norm,11200.0,2.85444974899292
train/discriminator_grad_norm,11250.0,9.862435340881348
train/discriminator_grad_norm,11300.0,2.4846713542938232
train/discriminator_grad_norm,11350.0,3.120140314102173
train/discriminator_grad_norm,11400.0,2.1399829387664795
train/discriminator_grad_norm,11450.0,9.378286361694336
train/discriminator_grad_norm,11500.0,3.65014910697937
train/discriminator_grad_norm,11550.0,6.068202018737793
train/discriminator_grad_norm,11600.0,9.053603172302246
train/discriminator_grad_norm,11650.0,5.987179279327393
train/discriminator_grad_norm,11700.0,5.647013187408447
train/discriminator_grad_norm,11750.0,4.058324813842773
train/discriminator_grad_norm,11800.0,6.011932849884033
train/discriminator_grad_norm,11850.0,6.017575263977051
train/discriminator_grad_norm,11900.0,5.132321357727051
train/discriminator_grad_norm,11950.0,6.036262512207031
train/discriminator_grad_norm,12000.0,3.8822484016418457
train/discriminator_grad_norm,12050.0,4.23708963394165
train/discriminator_grad_norm,12100.0,5.823814392089844
train/discriminator_grad_norm,12150.0,2.8325724601745605
train/discriminator_grad_norm,12200.0,2.284712791442871
train/discriminator_grad_norm,12250.0,3.0560145378112793
train/discriminator_grad_norm,12300.0,9.381338119506836
train/discriminator_grad_norm,12350.0,4.16917085647583
train/discriminator_grad_norm,12400.0,4.048418998718262
train/discriminator_grad_norm,12450.0,3.8683528900146484
train/discriminator_grad_norm,12500.0,13.969999313354492
train/discriminator_grad_norm,12550.0,4.309499263763428
train/discriminator_grad_norm,12600.0,3.206328868865967
train/discriminator_grad_norm,12650.0,4.3271965980529785
train/discriminator_grad_norm,12700.0,2.0696840286254883
train/discriminator_grad_norm,12750.0,5.751461505889893
train/discriminator_grad_norm,12800.0,2.9698853492736816
train/discriminator_grad_norm,12850.0,3.5683953762054443
train/discriminator_grad_norm,12900.0,6.249090194702148
train/discriminator_grad_norm,12950.0,1.5429084300994873
train/discriminator_grad_norm,13000.0,4.513542175292969
train/discriminator_grad_norm,13050.0,9.304522514343262
train/discriminator_grad_norm,13100.0,2.647984743118286
train/discriminator_grad_norm,13150.0,8.812374114990234
train/discriminator_grad_norm,13200.0,5.943930625915527
train/discriminator_grad_norm,13250.0,4.962565898895264
train/discriminator_grad_norm,13300.0,4.273362636566162
train/discriminator_grad_norm,13350.0,4.993527412414551
train/discriminator_grad_norm,13400.0,3.159581184387207
train/discriminator_grad_norm,13450.0,4.6856913566589355
train/discriminator_grad_norm,13500.0,7.727007865905762
train/discriminator_grad_norm,13550.0,8.278953552246094
train/discriminator_grad_norm,13600.0,6.326213836669922
train/discriminator_grad_norm,13650.0,17.999923706054688
train/discriminator_grad_norm,13700.0,8.425569534301758
train/discriminator_grad_norm,13750.0,6.689382076263428
train/discriminator_grad_norm,13800.0,3.1743221282958984
train/discriminator_grad_norm,13850.0,5.8710126876831055
train/discriminator_grad_norm,13900.0,8.901001930236816
train/discriminator_grad_norm,13950.0,6.951229572296143
train/discriminator_grad_norm,14000.0,8.715276718139648
train/discriminator_grad_norm,14050.0,5.895045280456543
train/discriminator_grad_norm,14100.0,3.3542661666870117
train/discriminator_grad_norm,14150.0,3.2615833282470703
train/discriminator_grad_norm,14200.0,2.696972608566284
train/discriminator_grad_norm,14250.0,3.164085626602173
train/discriminator_grad_norm,14300.0,3.45974063873291
train/discriminator_grad_norm,14350.0,2.98353910446167
train/discriminator_grad_norm,14400.0,3.1307919025421143
train/discriminator_grad_norm,14450.0,6.64896821975708
train/discriminator_grad_norm,14500.0,6.361561298370361
train/discriminator_grad_norm,14550.0,7.983068466186523
train/discriminator_grad_norm,14600.0,2.7361888885498047
train/discriminator_grad_norm,14650.0,1.9621676206588745
train/discriminator_grad_norm,14700.0,7.435561180114746
train/discriminator_grad_norm,14750.0,2.800466775894165
train/discriminator_grad_norm,14800.0,2.1563408374786377
train/discriminator_grad_norm,14850.0,4.798498630523682
train/discriminator_grad_norm,14900.0,6.7801008224487305
train/discriminator_grad_norm,14950.0,3.4656620025634766
train/discriminator_grad_norm,15000.0,5.321847915649414
train/discriminator_grad_norm,15050.0,4.572454929351807
train/discriminator_grad_norm,15100.0,2.925786256790161
train/discriminator_grad_norm,15150.0,4.86669397354126
train/discriminator_grad_norm,15200.0,3.2056338787078857
train/discriminator_grad_norm,15250.0,4.213425636291504
train/discriminator_grad_norm,15300.0,9.649161338806152
train/discriminator_grad_norm,15350.0,1.754639983177185
train/discriminator_grad_norm,15400.0,5.344762325286865
train/discriminator_grad_norm,15450.0,4.014557361602783
train/discriminator_grad_norm,15500.0,3.1551198959350586
train/discriminator_grad_norm,15550.0,4.933887481689453
train/discriminator_grad_norm,15600.0,4.850818634033203
train/discriminator_grad_norm,15650.0,3.5786378383636475
train/discriminator_grad_norm,15700.0,2.443214178085327
train/discriminator_grad_norm,15750.0,3.0254387855529785
train/discriminator_grad_norm,15800.0,3.0214598178863525
train/discriminator_grad_norm,15850.0,1.4523446559906006
train/discriminator_grad_norm,15900.0,3.1848816871643066
train/discriminator_grad_norm,15950.0,2.9772374629974365
train/discriminator_grad_norm,16000.0,5.4243998527526855
train/discriminator_grad_norm,16050.0,2.1785686016082764
train/discriminator_grad_norm,16100.0,1.9657527208328247
train/discriminator_grad_norm,16150.0,2.908294439315796
train/discriminator_grad_norm,16200.0,3.165754556655884
train/discriminator_grad_norm,16250.0,2.7979791164398193
train/discriminator_grad_norm,16300.0,4.655768871307373
train/discriminator_grad_norm,16350.0,2.445751190185547
train/discriminator_grad_norm,16400.0,2.8052022457122803
train/discriminator_grad_norm,16450.0,3.7483625411987305
train/discriminator_grad_norm,16500.0,2.7198915481567383
train/discriminator_grad_norm,16550.0,2.8682174682617188
train/discriminator_grad_norm,16600.0,5.077605724334717
train/discriminator_grad_norm,16650.0,1.9710474014282227
train/discriminator_grad_norm,16700.0,3.1433684825897217
train/discriminator_grad_norm,16750.0,2.778291940689087
train/discriminator_grad_norm,16800.0,2.2603964805603027
train/discriminator_grad_norm,16850.0,5.291984558105469
train/discriminator_grad_norm,16900.0,1.8494880199432373
train/discriminator_grad_norm,16950.0,1.695896029472351
train/discriminator_grad_norm,17000.0,2.3077054023742676
train/discriminator_grad_norm,17050.0,1.116974949836731
train/discriminator_grad_norm,17100.0,1.9344497919082642
train/discriminator_grad_norm,17150.0,1.4920713901519775
train/discriminator_grad_norm,17200.0,1.2901983261108398
train/discriminator_grad_norm,17250.0,2.7304325103759766
train/discriminator_grad_norm,17300.0,1.9520113468170166
train/discriminator_grad_norm,17350.0,3.8422460556030273
train/discriminator_grad_norm,17400.0,3.1233675479888916
train/discriminator_grad_norm,17450.0,1.4591734409332275
train/discriminator_grad_norm,17500.0,2.436678647994995
train/discriminator_grad_norm,17550.0,7.013012409210205
train/discriminator_grad_norm,17600.0,2.6276533603668213
train/discriminator_grad_norm,17650.0,2.454167604446411
train/discriminator_grad_norm,17700.0,1.4453740119934082
train/discriminator_grad_norm,17750.0,2.3940646648406982
train/discriminator_grad_norm,17800.0,2.1150429248809814
train/discriminator_grad_norm,17850.0,1.4440982341766357
train/discriminator_grad_norm,17900.0,1.4699101448059082
train/discriminator_grad_norm,17950.0,2.196941375732422
train/discriminator_grad_norm,18000.0,1.5225073099136353
train/discriminator_grad_norm,18050.0,3.628572702407837
train/discriminator_grad_norm,18100.0,2.1698131561279297
train/discriminator_grad_norm,18150.0,2.005622625350952
train/discriminator_grad_norm,18200.0,1.2536309957504272
train/discriminator_grad_norm,18250.0,2.3261020183563232
train/discriminator_grad_norm,18300.0,1.8835498094558716
train/discriminator_grad_norm,18350.0,2.746556043624878
train/discriminator_grad_norm,18400.0,2.314255475997925
train/discriminator_grad_norm,18450.0,3.5089566707611084
train/discriminator_grad_norm,18500.0,1.2122219800949097
train/discriminator_grad_norm,18550.0,3.2471327781677246
train/discriminator_grad_norm,18600.0,1.2001680135726929
train/discriminator_grad_norm,18650.0,1.8879438638687134
train/discriminator_grad_norm,18700.0,2.626894474029541
train/discriminator_grad_norm,18750.0,2.7120361328125
train/discriminator_grad_norm,18800.0,1.6194592714309692
train/discriminator_grad_norm,18850.0,2.6043453216552734
train/discriminator_grad_norm,18900.0,1.512895107269287
train/discriminator_grad_norm,18950.0,1.6326887607574463
train/discriminator_grad_norm,19000.0,3.0811429023742676
train/discriminator_grad_norm,19050.0,1.1308566331863403
train/discriminator_grad_norm,19100.0,1.3472511768341064
train/discriminator_grad_norm,19150.0,1.174099087715149
train/discriminator_grad_norm,19200.0,1.172955870628357
train/discriminator_grad_norm,19250.0,2.6675491333007812
train/discriminator_grad_norm,19300.0,1.9414293766021729
train/discriminator_grad_norm,19350.0,2.3054182529449463
train/discriminator_grad_norm,19400.0,1.4458250999450684
train/discriminator_grad_norm,19450.0,1.3404264450073242
train/discriminator_grad_norm,19500.0,1.4390043020248413
train/discriminator_grad_norm,19550.0,1.299670934677124
train/discriminator_grad_norm,19600.0,2.478827714920044
train/discriminator_grad_norm,19650.0,2.010796308517456
train/discriminator_grad_norm,19700.0,1.004837155342102
train/discriminator_grad_norm,19750.0,1.4286854267120361
train/discriminator_grad_norm,19800.0,1.6333065032958984
train/discriminator_grad_norm,19850.0,1.9953219890594482
train/discriminator_grad_norm,19900.0,1.0564838647842407
train/discriminator_grad_norm,19950.0,1.4788589477539062
train/discriminator_grad_norm,20000.0,1.8383451700210571
train/generator_grad_norm,1.0,75.80193328857422
train/generator_grad_norm,50.0,64.67799377441406
train/generator_grad_norm,100.0,178.85647583007812
train/generator_grad_norm,150.0,146.91290283203125
train/generator_grad_norm,200.0,152.27757263183594
train/generator_grad_norm,250.0,173.46719360351562
train/generator_grad_norm,300.0,56.508602142333984
train/generator_grad_norm,350.0,106.29801940917969
train/generator_grad_norm,400.0,46.12136459350586
train/generator_grad_norm,450.0,64.96095275878906
train/generator_grad_norm,500.0,44.33369445800781
train/generator_grad_norm,550.0,44.69790267944336
train/generator_grad_norm,600.0,29.64331817626953
train/generator_grad_norm,650.0,31.581422805786133
train/generator_grad_norm,700.0,18.33786964416504
train/generator_grad_norm,750.0,26.080175399780273
train/generator_grad_norm,800.0,32.37065124511719
train/generator_grad_norm,850.0,43.475547790527344
train/generator_grad_norm,900.0,21.62848663330078
train/generator_grad_norm,950.0,26.45873260498047
train/generator_grad_norm,1000.0,25.100473403930664
train/generator_grad_norm,1050.0,37.0921516418457
train/generator_grad_norm,1100.0,26.886919021606445
train/generator_grad_norm,1150.0,19.593769073486328
train/generator_grad_norm,1200.0,17.81911277770996
train/generator_grad_norm,1250.0,15.18289566040039
train/generator_grad_norm,1300.0,26.80838966369629
train/generator_grad_norm,1350.0,27.831796646118164
train/generator_grad_norm,1400.0,17.48999786376953
train/generator_grad_norm,1450.0,22.31192970275879
train/generator_grad_norm,1500.0,23.15741539001465
train/generator_grad_norm,1550.0,16.145336151123047
train/generator_grad_norm,1600.0,13.668410301208496
train/generator_grad_norm,1650.0,21.60019302368164
train/generator_grad_norm,1700.0,15.00706958770752
train/generator_grad_norm,1750.0,14.431309700012207
train/generator_grad_norm,1800.0,21.977510452270508
train/generator_grad_norm,1850.0,13.814493179321289
train/generator_grad_norm,1900.0,12.701057434082031
train/generator_grad_norm,1950.0,16.867887496948242
train/generator_grad_norm,2000.0,21.30379867553711
train/generator_grad_norm,2050.0,16.970582962036133
train/generator_grad_norm,2100.0,13.01770305633545
train/generator_grad_norm,2150.0,12.068859100341797
train/generator_grad_norm,2200.0,20.22507667541504
train/generator_grad_norm,2250.0,12.573273658752441
train/generator_grad_norm,2300.0,18.16981315612793
train/generator_grad_norm,2350.0,20.579448699951172
train/generator_grad_norm,2400.0,11.174388885498047
train/generator_grad_norm,2450.0,16.064523696899414
train/generator_grad_norm,2500.0,25.497190475463867
train/generator_grad_norm,2550.0,13.32421588897705
train/generator_grad_norm,2600.0,25.82530403137207
train/generator_grad_norm,2650.0,21.31692123413086
train/generator_grad_norm,2700.0,15.705345153808594
train/generator_grad_norm,2750.0,12.091121673583984
train/generator_grad_norm,2800.0,17.24066734313965
train/generator_grad_norm,2850.0,35.60404586791992
train/generator_grad_norm,2900.0,20.44224739074707
train/generator_grad_norm,2950.0,11.546367645263672
train/generator_grad_norm,3000.0,17.11958122253418
train/generator_grad_norm,3050.0,23.810569763183594
train/generator_grad_norm,3100.0,17.26569938659668
train/generator_grad_norm,3150.0,18.19516372680664
train/generator_grad_norm,3200.0,9.362876892089844
train/generator_grad_norm,3250.0,17.936046600341797
train/generator_grad_norm,3300.0,11.529619216918945
train/generator_grad_norm,3350.0,30.128400802612305
train/generator_grad_norm,3400.0,20.130123138427734
train/generator_grad_norm,3450.0,11.034265518188477
train/generator_grad_norm,3500.0,32.94525909423828
train/generator_grad_norm,3550.0,12.87834358215332
train/generator_grad_norm,3600.0,19.0176944732666
train/generator_grad_norm,3650.0,14.796341896057129
train/generator_grad_norm,3700.0,10.526010513305664
train/generator_grad_norm,3750.0,16.309772491455078
train/generator_grad_norm,3800.0,15.99984359741211
train/generator_grad_norm,3850.0,14.910544395446777
train/generator_grad_norm,3900.0,13.815804481506348
train/generator_grad_norm,3950.0,10.437341690063477
train/generator_grad_norm,4000.0,18.57267189025879
train/generator_grad_norm,4050.0,44.22124481201172
train/generator_grad_norm,4100.0,12.352478981018066
train/generator_grad_norm,4150.0,17.22678565979004
train/generator_grad_norm,4200.0,11.032493591308594
train/generator_grad_norm,4250.0,25.741243362426758
train/generator_grad_norm,4300.0,11.29835033416748
train/generator_grad_norm,4350.0,18.127309799194336
train/generator_grad_norm,4400.0,16.23183822631836
train/generator_grad_norm,4450.0,15.987613677978516
train/generator_grad_norm,4500.0,16.06658363342285
train/generator_grad_norm,4550.0,12.81470775604248
train/generator_grad_norm,4600.0,25.067455291748047
train/generator_grad_norm,4650.0,15.999911308288574
train/generator_grad_norm,4700.0,15.306928634643555
train/generator_grad_norm,4750.0,11.123537063598633
train/generator_grad_norm,4800.0,10.473663330078125
train/generator_grad_norm,4850.0,13.865273475646973
train/generator_grad_norm,4900.0,18.19802474975586
train/generator_grad_norm,4950.0,10.810534477233887
train/generator_grad_norm,5000.0,9.850354194641113
train/generator_grad_norm,5050.0,10.076735496520996
train/generator_grad_norm,5100.0,12.737793922424316
train/generator_grad_norm,5150.0,17.374732971191406
train/generator_grad_norm,5200.0,15.909618377685547
train/generator_grad_norm,5250.0,13.027242660522461
train/generator_grad_norm,5300.0,10.676733016967773
train/generator_grad_norm,5350.0,12.371867179870605
train/generator_grad_norm,5400.0,20.37034797668457
train/generator_grad_norm,5450.0,9.400530815124512
train/generator_grad_norm,5500.0,12.044295310974121
train/generator_grad_norm,5550.0,20.72040367126465
train/generator_grad_norm,5600.0,23.151769638061523
train/generator_grad_norm,5650.0,19.866241455078125
train/generator_grad_norm,5700.0,21.96607780456543
train/generator_grad_norm,5750.0,8.014787673950195
train/generator_grad_norm,5800.0,14.026237487792969
train/generator_grad_norm,5850.0,9.455769538879395
train/generator_grad_norm,5900.0,12.589420318603516
train/generator_grad_norm,5950.0,11.994882583618164
train/generator_grad_norm,6000.0,12.6082763671875
train/generator_grad_norm,6050.0,14.079887390136719
train/generator_grad_norm,6100.0,13.766255378723145
train/generator_grad_norm,6150.0,11.421793937683105
train/generator_grad_norm,6200.0,10.882550239562988
train/generator_grad_norm,6250.0,11.963480949401855
train/generator_grad_norm,6300.0,10.722949981689453
train/generator_grad_norm,6350.0,6.970172882080078
train/generator_grad_norm,6400.0,20.578048706054688
train/generator_grad_norm,6450.0,11.184556007385254
train/generator_grad_norm,6500.0,12.586664199829102
train/generator_grad_norm,6550.0,9.037477493286133
train/generator_grad_norm,6600.0,10.904869079589844
train/generator_grad_norm,6650.0,10.310982704162598
train/generator_grad_norm,6700.0,13.866894721984863
train/generator_grad_norm,6750.0,10.335478782653809
train/generator_grad_norm,6800.0,21.540904998779297
train/generator_grad_norm,6850.0,10.400193214416504
train/generator_grad_norm,6900.0,11.618345260620117
train/generator_grad_norm,6950.0,12.220407485961914
train/generator_grad_norm,7000.0,12.214853286743164
train/generator_grad_norm,7050.0,10.17385196685791
train/generator_grad_norm,7100.0,12.004801750183105
train/generator_grad_norm,7150.0,16.533065795898438
train/generator_grad_norm,7200.0,20.18772315979004
train/generator_grad_norm,7250.0,15.459053993225098
train/generator_grad_norm,7300.0,29.775142669677734
train/generator_grad_norm,7350.0,16.5936336517334
train/generator_grad_norm,7400.0,15.540231704711914
train/generator_grad_norm,7450.0,17.235193252563477
train/generator_grad_norm,7500.0,12.971085548400879
train/generator_grad_norm,7550.0,19.022071838378906
train/generator_grad_norm,7600.0,26.17400550842285
train/generator_grad_norm,7650.0,8.730467796325684
train/generator_grad_norm,7700.0,7.65226936340332
train/generator_grad_norm,7750.0,13.455445289611816
train/generator_grad_norm,7800.0,12.189652442932129
train/generator_grad_norm,7850.0,11.946267127990723
train/generator_grad_norm,7900.0,11.379349708557129
train/generator_grad_norm,7950.0,11.635144233703613
train/generator_grad_norm,8000.0,14.087678909301758
train/generator_grad_norm,8050.0,13.957995414733887
train/generator_grad_norm,8100.0,9.41592788696289
train/generator_grad_norm,8150.0,10.526018142700195
train/generator_grad_norm,8200.0,12.988760948181152
train/generator_grad_norm,8250.0,11.346331596374512
train/generator_grad_norm,8300.0,14.086899757385254
train/generator_grad_norm,8350.0,12.643047332763672
train/generator_grad_norm,8400.0,11.336069107055664
train/generator_grad_norm,8450.0,8.214605331420898
train/generator_grad_norm,8500.0,11.682177543640137
train/generator_grad_norm,8550.0,9.87032699584961
train/generator_grad_norm,8600.0,24.314889907836914
train/generator_grad_norm,8650.0,17.20079231262207
train/generator_grad_norm,8700.0,11.28057861328125
train/generator_grad_norm,8750.0,15.108256340026855
train/generator_grad_norm,8800.0,7.426881790161133
train/generator_grad_norm,8850.0,12.988397598266602
train/generator_grad_norm,8900.0,14.4662446975708
train/generator_grad_norm,8950.0,18.682880401611328
train/generator_grad_norm,9000.0,18.19732666015625
train/generator_grad_norm,9050.0,17.645204544067383
train/generator_grad_norm,9100.0,12.43992805480957
train/generator_grad_norm,9150.0,16.713987350463867
train/generator_grad_norm,9200.0,11.566396713256836
train/generator_grad_norm,9250.0,15.323373794555664
train/generator_grad_norm,9300.0,9.852968215942383
train/generator_grad_norm,9350.0,20.477331161499023
train/generator_grad_norm,9400.0,13.618976593017578
train/generator_grad_norm,9450.0,13.055723190307617
train/generator_grad_norm,9500.0,16.953222274780273
train/generator_grad_norm,9550.0,9.41137409210205
train/generator_grad_norm,9600.0,13.426878929138184
train/generator_grad_norm,9650.0,13.97842025756836
train/generator_grad_norm,9700.0,10.400497436523438
train/generator_grad_norm,9750.0,13.18328857421875
train/generator_grad_norm,9800.0,9.456422805786133
train/generator_grad_norm,9850.0,22.911968231201172
train/generator_grad_norm,9900.0,15.175750732421875
train/generator_grad_norm,9950.0,17.09505271911621
train/generator_grad_norm,10000.0,12.265501022338867
train/generator_grad_norm,10050.0,21.16837501525879
train/generator_grad_norm,10100.0,14.892767906188965
train/generator_grad_norm,10150.0,17.996774673461914
train/generator_grad_norm,10200.0,8.483680725097656
train/generator_grad_norm,10250.0,14.229999542236328
train/generator_grad_norm,10300.0,13.26541519165039
train/generator_grad_norm,10350.0,16.828012466430664
train/generator_grad_norm,10400.0,10.889378547668457
train/generator_grad_norm,10450.0,9.291823387145996
train/generator_grad_norm,10500.0,22.981237411499023
train/generator_grad_norm,10550.0,14.496922492980957
train/generator_grad_norm,10600.0,24.010297775268555
train/generator_grad_norm,10650.0,16.31867218017578
train/generator_grad_norm,10700.0,21.673986434936523
train/generator_grad_norm,10750.0,12.405106544494629
train/generator_grad_norm,10800.0,19.92974281311035
train/generator_grad_norm,10850.0,11.5154390335083
train/generator_grad_norm,10900.0,10.533234596252441
train/generator_grad_norm,10950.0,13.593643188476562
train/generator_grad_norm,11000.0,14.289844512939453
train/generator_grad_norm,11050.0,13.90092945098877
train/generator_grad_norm,11100.0,11.962594032287598
train/generator_grad_norm,11150.0,9.477447509765625
train/generator_grad_norm,11200.0,10.395122528076172
train/generator_grad_norm,11250.0,14.403897285461426
train/generator_grad_norm,11300.0,12.205151557922363
train/generator_grad_norm,11350.0,12.26801872253418
train/generator_grad_norm,11400.0,25.503067016601562
train/generator_grad_norm,11450.0,18.83540153503418
train/generator_grad_norm,11500.0,23.42800521850586
train/generator_grad_norm,11550.0,14.78454875946045
train/generator_grad_norm,11600.0,18.094654083251953
train/generator_grad_norm,11650.0,14.322089195251465
train/generator_grad_norm,11700.0,21.7701416015625
train/generator_grad_norm,11750.0,17.012598037719727
train/generator_grad_norm,11800.0,12.99685287475586
train/generator_grad_norm,11850.0,30.987947463989258
train/generator_grad_norm,11900.0,13.094680786132812
train/generator_grad_norm,11950.0,12.575172424316406
train/generator_grad_norm,12000.0,46.7724609375
train/generator_grad_norm,12050.0,32.06273651123047
train/generator_grad_norm,12100.0,9.820070266723633
train/generator_grad_norm,12150.0,13.792263984680176
train/generator_grad_norm,12200.0,16.848379135131836
train/generator_grad_norm,12250.0,16.47643280029297
train/generator_grad_norm,12300.0,45.909202575683594
train/generator_grad_norm,12350.0,11.709967613220215
train/generator_grad_norm,12400.0,34.850643157958984
train/generator_grad_norm,12450.0,16.640520095825195
train/generator_grad_norm,12500.0,21.26830291748047
train/generator_grad_norm,12550.0,17.736448287963867
train/generator_grad_norm,12600.0,25.299957275390625
train/generator_grad_norm,12650.0,19.91702651977539
train/generator_grad_norm,12700.0,11.423981666564941
train/generator_grad_norm,12750.0,13.577569961547852
train/generator_grad_norm,12800.0,24.987262725830078
train/generator_grad_norm,12850.0,22.519817352294922
train/generator_grad_norm,12900.0,10.76774787902832
train/generator_grad_norm,12950.0,14.288784980773926
train/generator_grad_norm,13000.0,30.328582763671875
train/generator_grad_norm,13050.0,15.61750316619873
train/generator_grad_norm,13100.0,14.540128707885742
train/generator_grad_norm,13150.0,17.890588760375977
train/generator_grad_norm,13200.0,16.201311111450195
train/generator_grad_norm,13250.0,16.802465438842773
train/generator_grad_norm,13300.0,21.71929931640625
train/generator_grad_norm,13350.0,15.596270561218262
train/generator_grad_norm,13400.0,16.965402603149414
train/generator_grad_norm,13450.0,12.884000778198242
train/generator_grad_norm,13500.0,75.15322875976562
train/generator_grad_norm,13550.0,21.148984909057617
train/generator_grad_norm,13600.0,13.955245971679688
train/generator_grad_norm,13650.0,42.0165901184082
train/generator_grad_norm,13700.0,29.282636642456055
train/generator_grad_norm,13750.0,21.969411849975586
train/generator_grad_norm,13800.0,26.314184188842773
train/generator_grad_norm,13850.0,14.592747688293457
train/generator_grad_norm,13900.0,14.471089363098145
train/generator_grad_norm,13950.0,75.67845916748047
train/generator_grad_norm,14000.0,27.639440536499023
train/generator_grad_norm,14050.0,30.385841369628906
train/generator_grad_norm,14100.0,47.75145721435547
train/generator_grad_norm,14150.0,24.513763427734375
train/generator_grad_norm,14200.0,139.08860778808594
train/generator_grad_norm,14250.0,13.40548038482666
train/generator_grad_norm,14300.0,14.9087495803833
train/generator_grad_norm,14350.0,13.423561096191406
train/generator_grad_norm,14400.0,18.51578140258789
train/generator_grad_norm,14450.0,14.740219116210938
train/generator_grad_norm,14500.0,14.603154182434082
train/generator_grad_norm,14550.0,14.669775009155273
train/generator_grad_norm,14600.0,20.324657440185547
train/generator_grad_norm,14650.0,29.72364616394043
train/generator_grad_norm,14700.0,23.711719512939453
train/generator_grad_norm,14750.0,23.75856590270996
train/generator_grad_norm,14800.0,63.52499008178711
train/generator_grad_norm,14850.0,26.20545196533203
train/generator_grad_norm,14900.0,64.94856262207031
train/generator_grad_norm,14950.0,16.019729614257812
train/generator_grad_norm,15000.0,26.936630249023438
train/generator_grad_norm,15050.0,35.16156005859375
train/generator_grad_norm,15100.0,23.074392318725586
train/generator_grad_norm,15150.0,74.13861083984375
train/generator_grad_norm,15200.0,40.815555572509766
train/generator_grad_norm,15250.0,34.919647216796875
train/generator_grad_norm,15300.0,17.02757453918457
train/generator_grad_norm,15350.0,31.4678955078125
train/generator_grad_norm,15400.0,29.403078079223633
train/generator_grad_norm,15450.0,44.360389709472656
train/generator_grad_norm,15500.0,63.918304443359375
train/generator_grad_norm,15550.0,38.68547439575195
train/generator_grad_norm,15600.0,43.66286087036133
train/generator_grad_norm,15650.0,71.32311248779297
train/generator_grad_norm,15700.0,23.1345272064209
train/generator_grad_norm,15750.0,22.540355682373047
train/generator_grad_norm,15800.0,22.632633209228516
train/generator_grad_norm,15850.0,179.7416534423828
train/generator_grad_norm,15900.0,20.16284942626953
train/generator_grad_norm,15950.0,17.631277084350586
train/generator_grad_norm,16000.0,217.8557586669922
train/generator_grad_norm,16050.0,86.02976989746094
train/generator_grad_norm,16100.0,34.95188903808594
train/generator_grad_norm,16150.0,21.509267807006836
train/generator_grad_norm,16200.0,24.38031005859375
train/generator_grad_norm,16250.0,42.68859100341797
train/generator_grad_norm,16300.0,52.02968978881836
train/generator_grad_norm,16350.0,18.98348045349121
train/generator_grad_norm,16400.0,29.649032592773438
train/generator_grad_norm,16450.0,63.259220123291016
train/generator_grad_norm,16500.0,43.434635162353516
train/generator_grad_norm,16550.0,44.78411865234375
train/generator_grad_norm,16600.0,57.436283111572266
train/generator_grad_norm,16650.0,40.37153625488281
train/generator_grad_norm,16700.0,145.43045043945312
train/generator_grad_norm,16750.0,50.63283157348633
train/generator_grad_norm,16800.0,31.378747940063477
train/generator_grad_norm,16850.0,63.643497467041016
train/generator_grad_norm,16900.0,125.32183074951172
train/generator_grad_norm,16950.0,70.97242736816406
train/generator_grad_norm,17000.0,59.895599365234375
train/generator_grad_norm,17050.0,73.42909240722656
train/generator_grad_norm,17100.0,40.39558410644531
train/generator_grad_norm,17150.0,142.44313049316406
train/generator_grad_norm,17200.0,82.48274230957031
train/generator_grad_norm,17250.0,54.3821907043457
train/generator_grad_norm,17300.0,106.53020477294922
train/generator_grad_norm,17350.0,101.50354766845703
train/generator_grad_norm,17400.0,29.62228775024414
train/generator_grad_norm,17450.0,55.47016143798828
train/generator_grad_norm,17500.0,54.041709899902344
train/generator_grad_norm,17550.0,38.875118255615234
train/generator_grad_norm,17600.0,72.03975677490234
train/generator_grad_norm,17650.0,42.588470458984375
train/generator_grad_norm,17700.0,71.90499877929688
train/generator_grad_norm,17750.0,122.99202728271484
train/generator_grad_norm,17800.0,145.65435791015625
train/generator_grad_norm,17850.0,44.23454284667969
train/generator_grad_norm,17900.0,123.78468322753906
train/generator_grad_norm,17950.0,36.411705017089844
train/generator_grad_norm,18000.0,273.6846923828125
train/generator_grad_norm,18050.0,88.67884063720703
train/generator_grad_norm,18100.0,53.3790283203125
train/generator_grad_norm,18150.0,79.70243835449219
train/generator_grad_norm,18200.0,316.5865173339844
train/generator_grad_norm,18250.0,41.937599182128906
train/generator_grad_norm,18300.0,50.92509460449219
train/generator_grad_norm,18350.0,148.85626220703125
train/generator_grad_norm,18400.0,48.4358024597168
train/generator_grad_norm,18450.0,112.33457946777344
train/generator_grad_norm,18500.0,24.321399688720703
train/generator_grad_norm,18550.0,100.33978271484375
train/generator_grad_norm,18600.0,29.30526351928711
train/generator_grad_norm,18650.0,56.40747833251953
train/generator_grad_norm,18700.0,44.45183563232422
train/generator_grad_norm,18750.0,35.942806243896484
train/generator_grad_norm,18800.0,65.70234680175781
train/generator_grad_norm,18850.0,36.80133056640625
train/generator_grad_norm,18900.0,179.3301544189453
train/generator_grad_norm,18950.0,32.87464904785156
train/generator_grad_norm,19000.0,78.37629699707031
train/generator_grad_norm,19050.0,19.964576721191406
train/generator_grad_norm,19100.0,69.69296264648438
train/generator_grad_norm,19150.0,27.933576583862305
train/generator_grad_norm,19200.0,51.27512741088867
train/generator_grad_norm,19250.0,24.191293716430664
train/generator_grad_norm,19300.0,19.726377487182617
train/generator_grad_norm,19350.0,45.40278625488281
train/generator_grad_norm,19400.0,32.61083221435547
train/generator_grad_norm,19450.0,26.35850715637207
train/generator_grad_norm,19500.0,19.342058181762695
train/generator_grad_norm,19550.0,26.931013107299805
train/generator_grad_norm,19600.0,23.888317108154297
train/generator_grad_norm,19650.0,39.51914978027344
train/generator_grad_norm,19700.0,26.53240966796875
train/generator_grad_norm,19750.0,18.9111385345459
train/generator_grad_norm,19800.0,21.651737213134766
train/generator_grad_norm,19850.0,14.47250747680664
train/generator_grad_norm,19900.0,24.49982452392578
train/generator_grad_norm,19950.0,14.303213119506836
train/generator_grad_norm,20000.0,11.130133628845215
train/loss,1.0,61.601524353027344
train/loss,50.0,13.479681015014648
train/loss,100.0,10.299234390258789
train/loss,150.0,9.549081802368164
train/loss,200.0,7.443328380584717
train/loss,250.0,7.484575271606445
train/loss,300.0,7.300023078918457
train/loss,350.0,5.939667701721191
train/loss,400.0,5.61925745010376
train/loss,450.0,4.7620744705200195
train/loss,500.0,4.747241020202637
train/loss,550.0,4.494470596313477
train/loss,600.0,4.074710845947266
train/loss,650.0,4.788384437561035
train/loss,700.0,4.026374340057373
train/loss,750.0,4.288668632507324
train/loss,800.0,3.452848434448242
train/loss,850.0,4.109774112701416
train/loss,900.0,3.132962703704834
train/loss,950.0,4.103176116943359
train/loss,1000.0,3.6874635219573975
train/loss,1050.0,3.189415693283081
train/loss,1100.0,3.4477367401123047
train/loss,1150.0,3.127225875854492
train/loss,1200.0,2.8783297538757324
train/loss,1250.0,2.7841274738311768
train/loss,1300.0,3.077730178833008
train/loss,1350.0,3.009561061859131
train/loss,1400.0,3.251958131790161
train/loss,1450.0,2.9833521842956543
train/loss,1500.0,3.2434911727905273
train/loss,1550.0,3.011498212814331
train/loss,1600.0,2.529304027557373
train/loss,1650.0,2.8232274055480957
train/loss,1700.0,2.160749912261963
train/loss,1750.0,2.6152753829956055
train/loss,1800.0,2.8320512771606445
train/loss,1850.0,2.291172981262207
train/loss,1900.0,2.493229389190674
train/loss,1950.0,2.4547905921936035
train/loss,2000.0,2.3134231567382812
train/loss,2050.0,3.184964418411255
train/loss,2100.0,1.8976953029632568
train/loss,2150.0,2.600125551223755
train/loss,2200.0,3.044198989868164
train/loss,2250.0,2.3205158710479736
train/loss,2300.0,2.234619140625
train/loss,2350.0,2.264895439147949
train/loss,2400.0,2.325164794921875
train/loss,2450.0,2.421497344970703
train/loss,2500.0,2.4899680614471436
train/loss,2550.0,2.5931918621063232
train/loss,2600.0,2.615377187728882
train/loss,2650.0,2.5355045795440674
train/loss,2700.0,2.448695659637451
train/loss,2750.0,2.091151237487793
train/loss,2800.0,2.3638744354248047
train/loss,2850.0,2.6426849365234375
train/loss,2900.0,2.433152914047241
train/loss,2950.0,1.7928258180618286
train/loss,3000.0,2.09171199798584
train/loss,3050.0,2.5683627128601074
train/loss,3100.0,2.249835968017578
train/loss,3150.0,2.218200922012329
train/loss,3200.0,1.899105429649353
train/loss,3250.0,2.5168585777282715
train/loss,3300.0,1.79103422164917
train/loss,3350.0,2.258582830429077
train/loss,3400.0,2.7008495330810547
train/loss,3450.0,1.9565858840942383
train/loss,3500.0,2.4736714363098145
train/loss,3550.0,2.01444673538208
train/loss,3600.0,2.048680543899536
train/loss,3650.0,1.902235746383667
train/loss,3700.0,1.5998508930206299
train/loss,3750.0,1.7848844528198242
train/loss,3800.0,1.734864592552185
train/loss,3850.0,2.0544416904449463
train/loss,3900.0,2.18508243560791
train/loss,3950.0,2.054309844970703
train/loss,4000.0,2.2529215812683105
train/loss,4050.0,1.839544415473938
train/loss,4100.0,2.006782054901123
train/loss,4150.0,1.9160714149475098
train/loss,4200.0,1.676335334777832
train/loss,4250.0,2.2855353355407715
train/loss,4300.0,1.8204623460769653
train/loss,4350.0,1.9775093793869019
train/loss,4400.0,1.6188263893127441
train/loss,4450.0,1.951857566833496
train/loss,4500.0,2.0449419021606445
train/loss,4550.0,2.127070188522339
train/loss,4600.0,2.28855562210083
train/loss,4650.0,1.6438356637954712
train/loss,4700.0,2.060898542404175
train/loss,4750.0,1.729164719581604
train/loss,4800.0,1.6720209121704102
train/loss,4850.0,1.845323085784912
train/loss,4900.0,1.8410873413085938
train/loss,4950.0,1.8188354969024658
train/loss,5000.0,1.7212854623794556
train/loss,5050.0,1.7375319004058838
train/loss,5100.0,1.9148945808410645
train/loss,5150.0,1.9382972717285156
train/loss,5200.0,1.5991458892822266
train/loss,5250.0,1.520866870880127
train/loss,5300.0,1.724856972694397
train/loss,5350.0,1.715181827545166
train/loss,5400.0,1.535080075263977
train/loss,5450.0,1.8372827768325806
train/loss,5500.0,1.82972252368927
train/loss,5550.0,1.7984309196472168
train/loss,5600.0,1.5882010459899902
train/loss,5650.0,2.1768388748168945
train/loss,5700.0,2.1237332820892334
train/loss,5750.0,1.5327305793762207
train/loss,5800.0,2.152299404144287
train/loss,5850.0,1.8186759948730469
train/loss,5900.0,2.046699047088623
train/loss,5950.0,1.779524326324463
train/loss,6000.0,1.7090137004852295
train/loss,6050.0,1.4996516704559326
train/loss,6100.0,2.231835126876831
train/loss,6150.0,1.8877451419830322
train/loss,6200.0,1.7476584911346436
train/loss,6250.0,1.573752522468567
train/loss,6300.0,1.585585594177246
train/loss,6350.0,1.693697452545166
train/loss,6400.0,2.0444469451904297
train/loss,6450.0,1.6040544509887695
train/loss,6500.0,1.847985029220581
train/loss,6550.0,1.7970640659332275
train/loss,6600.0,2.232569932937622
train/loss,6650.0,1.6011133193969727
train/loss,6700.0,1.6060714721679688
train/loss,6750.0,1.638738751411438
train/loss,6800.0,1.4502235651016235
train/loss,6850.0,1.7085282802581787
train/loss,6900.0,2.0330088138580322
train/loss,6950.0,1.6676889657974243
train/loss,7000.0,1.8018015623092651
train/loss,7050.0,1.6043012142181396
train/loss,7100.0,2.304783344268799
train/loss,7150.0,1.771608829498291
train/loss,7200.0,1.4911386966705322
train/loss,7250.0,2.0537614822387695
train/loss,7300.0,1.6244441270828247
train/loss,7350.0,1.65498685836792
train/loss,7400.0,1.9103368520736694
train/loss,7450.0,1.7871743440628052
train/loss,7500.0,2.0785481929779053
train/loss,7550.0,1.9614193439483643
train/loss,7600.0,1.5214519500732422
train/loss,7650.0,1.8489530086517334
train/loss,7700.0,1.749051570892334
train/loss,7750.0,1.676265835762024
train/loss,7800.0,1.6310302019119263
train/loss,7850.0,1.8579457998275757
train/loss,7900.0,1.5659825801849365
train/loss,7950.0,2.0032801628112793
train/loss,8000.0,1.883011817932129
train/loss,8050.0,1.630318522453308
train/loss,8100.0,1.5008065700531006
train/loss,8150.0,1.5073845386505127
train/loss,8200.0,1.5015983581542969
train/loss,8250.0,1.624830722808838
train/loss,8300.0,1.6297483444213867
train/loss,8350.0,1.4731216430664062
train/loss,8400.0,1.6545568704605103
train/loss,8450.0,1.3422067165374756
train/loss,8500.0,1.7274612188339233
train/loss,8550.0,1.7465287446975708
train/loss,8600.0,2.3186452388763428
train/loss,8650.0,1.9879475831985474
train/loss,8700.0,1.6147416830062866
train/loss,8750.0,1.4961950778961182
train/loss,8800.0,1.3171250820159912
train/loss,8850.0,2.04569149017334
train/loss,8900.0,1.5383048057556152
train/loss,8950.0,1.5736557245254517
train/loss,9000.0,1.9262397289276123
train/loss,9050.0,2.2463231086730957
train/loss,9100.0,1.7404284477233887
train/loss,9150.0,1.5039572715759277
train/loss,9200.0,1.6916528940200806
train/loss,9250.0,1.4784146547317505
train/loss,9300.0,1.5694869756698608
train/loss,9350.0,1.6386924982070923
train/loss,9400.0,1.6417986154556274
train/loss,9450.0,1.601000189781189
train/loss,9500.0,1.5294365882873535
train/loss,9550.0,1.5108025074005127
train/loss,9600.0,1.9484615325927734
train/loss,9650.0,1.9471276998519897
train/loss,9700.0,1.7620688676834106
train/loss,9750.0,1.899031639099121
train/loss,9800.0,1.9059520959854126
train/loss,9850.0,1.9458372592926025
train/loss,9900.0,2.2063117027282715
train/loss,9950.0,2.047839403152466
train/loss,10000.0,1.7705087661743164
train/loss,10050.0,1.9418200254440308
train/loss,10100.0,1.4593894481658936
train/loss,10150.0,1.6079901456832886
train/loss,10200.0,1.4589192867279053
train/loss,10250.0,1.6447858810424805
train/loss,10300.0,1.6973090171813965
train/loss,10350.0,1.7689553499221802
train/loss,10400.0,2.007024049758911
train/loss,10450.0,1.485063910484314
train/loss,10500.0,2.19315242767334
train/loss,10550.0,1.6050324440002441
train/loss,10600.0,2.070509195327759
train/loss,10650.0,2.167776584625244
train/loss,10700.0,2.662245750427246
train/loss,10750.0,1.319366693496704
train/loss,10800.0,1.7548515796661377
train/loss,10850.0,1.6876626014709473
train/loss,10900.0,1.4984166622161865
train/loss,10950.0,1.638016700744629
train/loss,11000.0,1.8107836246490479
train/loss,11050.0,1.8285757303237915
train/loss,11100.0,1.4918975830078125
train/loss,11150.0,1.7329140901565552
train/loss,11200.0,1.6571382284164429
train/loss,11250.0,1.731771469116211
train/loss,11300.0,1.6732087135314941
train/loss,11350.0,1.5192005634307861
train/loss,11400.0,1.7620946168899536
train/loss,11450.0,2.289801597595215
train/loss,11500.0,1.7968500852584839
train/loss,11550.0,1.7107763290405273
train/loss,11600.0,2.1618635654449463
train/loss,11650.0,1.6419316530227661
train/loss,11700.0,1.599757432937622
train/loss,11750.0,1.490630865097046
train/loss,11800.0,1.575445294380188
train/loss,11850.0,1.6141411066055298
train/loss,11900.0,1.698925495147705
train/loss,11950.0,1.7816240787506104
train/loss,12000.0,1.6683861017227173
train/loss,12050.0,1.897657036781311
train/loss,12100.0,1.4772170782089233
train/loss,12150.0,1.5645555257797241
train/loss,12200.0,1.7598273754119873
train/loss,12250.0,1.8801167011260986
train/loss,12300.0,2.074583053588867
train/loss,12350.0,1.6702524423599243
train/loss,12400.0,1.7929034233093262
train/loss,12450.0,1.8000987768173218
train/loss,12500.0,2.0980563163757324
train/loss,12550.0,1.995627522468567
train/loss,12600.0,1.93003511428833
train/loss,12650.0,1.8545100688934326
train/loss,12700.0,1.9282474517822266
train/loss,12750.0,1.5452781915664673
train/loss,12800.0,1.714644193649292
train/loss,12850.0,1.747917652130127
train/loss,12900.0,1.4618901014328003
train/loss,12950.0,1.6676766872406006
train/loss,13000.0,1.839491367340088
train/loss,13050.0,1.3804587125778198
train/loss,13100.0,1.763464093208313
train/loss,13150.0,1.8933805227279663
train/loss,13200.0,1.9853079319000244
train/loss,13250.0,1.620295524597168
train/loss,13300.0,1.6248699426651
train/loss,13350.0,1.5623284578323364
train/loss,13400.0,1.844659447669983
train/loss,13450.0,1.6700854301452637
train/loss,13500.0,1.6705211400985718
train/loss,13550.0,1.5841516256332397
train/loss,13600.0,1.654217004776001
train/loss,13650.0,1.5352015495300293
train/loss,13700.0,1.571988821029663
train/loss,13750.0,1.6197758913040161
train/loss,13800.0,1.6760759353637695
train/loss,13850.0,1.4542449712753296
train/loss,13900.0,1.5188541412353516
train/loss,13950.0,1.6601752042770386
train/loss,14000.0,2.006321907043457
train/loss,14050.0,1.771701693534851
train/loss,14100.0,1.817928671836853
train/loss,14150.0,1.8004087209701538
train/loss,14200.0,1.6809037923812866
train/loss,14250.0,1.753113031387329
train/loss,14300.0,1.710914134979248
train/loss,14350.0,1.6750630140304565
train/loss,14400.0,1.9680147171020508
train/loss,14450.0,1.4786852598190308
train/loss,14500.0,1.6326667070388794
train/loss,14550.0,1.4168078899383545
train/loss,14600.0,1.690773844718933
train/loss,14650.0,1.8873932361602783
train/loss,14700.0,1.7773085832595825
train/loss,14750.0,1.7620370388031006
train/loss,14800.0,1.8867608308792114
train/loss,14850.0,2.0955393314361572
train/loss,14900.0,1.9458017349243164
train/loss,14950.0,1.8403615951538086
train/loss,15000.0,1.6112773418426514
train/loss,15050.0,1.650826096534729
train/loss,15100.0,1.8453835248947144
train/loss,15150.0,1.8330379724502563
train/loss,15200.0,1.9388433694839478
train/loss,15250.0,1.9586803913116455
train/loss,15300.0,1.5140013694763184
train/loss,15350.0,1.6645876169204712
train/loss,15400.0,1.7034335136413574
train/loss,15450.0,1.863731861114502
train/loss,15500.0,1.6985976696014404
train/loss,15550.0,1.9649720191955566
train/loss,15600.0,1.501556396484375
train/loss,15650.0,1.8050745725631714
train/loss,15700.0,1.8287813663482666
train/loss,15750.0,1.6722372770309448
train/loss,15800.0,1.7452428340911865
train/loss,15850.0,1.7474216222763062
train/loss,15900.0,1.712856650352478
train/loss,15950.0,1.7161434888839722
train/loss,16000.0,2.120941162109375
train/loss,16050.0,1.6721856594085693
train/loss,16100.0,1.8375616073608398
train/loss,16150.0,1.8049103021621704
train/loss,16200.0,1.6093302965164185
train/loss,16250.0,1.9210700988769531
train/loss,16300.0,1.6470379829406738
train/loss,16350.0,1.6830976009368896
train/loss,16400.0,1.8896591663360596
train/loss,16450.0,1.8877054452896118
train/loss,16500.0,1.6250267028808594
train/loss,16550.0,1.714571237564087
train/loss,16600.0,1.5402400493621826
train/loss,16650.0,1.6867072582244873
train/loss,16700.0,1.8490281105041504
train/loss,16750.0,1.6952226161956787
train/loss,16800.0,1.7836527824401855
train/loss,16850.0,1.560514211654663
train/loss,16900.0,1.689575433731079
train/loss,16950.0,1.7887643575668335
train/loss,17000.0,1.6839966773986816
train/loss,17050.0,1.7888681888580322
train/loss,17100.0,1.691300868988037
train/loss,17150.0,1.7890963554382324
train/loss,17200.0,1.6954723596572876
train/loss,17250.0,1.8865344524383545
train/loss,17300.0,1.925168514251709
train/loss,17350.0,1.903550148010254
train/loss,17400.0,1.6186730861663818
train/loss,17450.0,1.8384076356887817
train/loss,17500.0,1.6967772245407104
train/loss,17550.0,1.4315561056137085
train/loss,17600.0,1.9165563583374023
train/loss,17650.0,1.8974372148513794
train/loss,17700.0,1.8039700984954834
train/loss,17750.0,1.6922688484191895
train/loss,17800.0,1.873632550239563
train/loss,17850.0,1.700484275817871
train/loss,17900.0,1.6972019672393799
train/loss,17950.0,1.6169817447662354
train/loss,18000.0,1.7715373039245605
train/loss,18050.0,1.8203699588775635
train/loss,18100.0,1.664085865020752
train/loss,18150.0,1.6441326141357422
train/loss,18200.0,1.7581785917282104
train/loss,18250.0,1.6769355535507202
train/loss,18300.0,1.8070356845855713
train/loss,18350.0,1.5814740657806396
train/loss,18400.0,1.756800889968872
train/loss,18450.0,1.6490228176116943
train/loss,18500.0,1.8131146430969238
train/loss,18550.0,1.8290505409240723
train/loss,18600.0,1.689009666442871
train/loss,18650.0,1.9423341751098633
train/loss,18700.0,1.6483300924301147
train/loss,18750.0,1.7817403078079224
train/loss,18800.0,1.6017564535140991
train/loss,18850.0,1.7729077339172363
train/loss,18900.0,1.611285924911499
train/loss,18950.0,1.6326956748962402
train/loss,19000.0,1.8162091970443726
train/loss,19050.0,1.6660423278808594
train/loss,19100.0,1.6630409955978394
train/loss,19150.0,1.6374205350875854
train/loss,19200.0,1.753253698348999
train/loss,19250.0,1.6116220951080322
train/loss,19300.0,1.6991677284240723
train/loss,19350.0,1.6531245708465576
train/loss,19400.0,1.6091830730438232
train/loss,19450.0,1.6137276887893677
train/loss,19500.0,1.7167844772338867
train/loss,19550.0,1.676877737045288
train/loss,19600.0,1.7434265613555908
train/loss,19650.0,1.6462149620056152
train/loss,19700.0,1.6880003213882446
train/loss,19750.0,1.675058126449585
train/loss,19800.0,1.6870372295379639
train/loss,19850.0,1.5959481000900269
train/loss,19900.0,1.697947382926941
train/loss,19950.0,1.6360491514205933
train/loss,20000.0,1.6727150678634644
train/nce,1.0,5.7780914306640625
train/nce,50.0,1.2433438301086426
train/nce,100.0,0.9182429313659668
train/nce,150.0,0.850566029548645
train/nce,200.0,0.6937516927719116
train/nce,250.0,0.6623167991638184
train/nce,300.0,0.662322461605072
train/nce,350.0,0.5461657047271729
train/nce,400.0,0.4979575574398041
train/nce,450.0,0.41999250650405884
train/nce,500.0,0.36641445755958557
train/nce,550.0,0.3630107641220093
train/nce,600.0,0.36510926485061646
train/nce,650.0,0.3286561369895935
train/nce,700.0,0.29282188415527344
train/nce,750.0,0.31441056728363037
train/nce,800.0,0.288341224193573
train/nce,850.0,0.29233765602111816
train/nce,900.0,0.28580284118652344
train/nce,950.0,0.292400062084198
train/nce,1000.0,0.2744734287261963
train/nce,1050.0,0.2790943682193756
train/nce,1100.0,0.26822930574417114
train/nce,1150.0,0.28058573603630066
train/nce,1200.0,0.22243177890777588
train/nce,1250.0,0.23175576329231262
train/nce,1300.0,0.21873803436756134
train/nce,1350.0,0.19364511966705322
train/nce,1400.0,0.23016376793384552
train/nce,1450.0,0.1963500827550888
train/nce,1500.0,0.23462262749671936
train/nce,1550.0,0.20777906477451324
train/nce,1600.0,0.22618402540683746
train/nce,1650.0,0.20939470827579498
train/nce,1700.0,0.18180124461650848
train/nce,1750.0,0.1718922257423401
train/nce,1800.0,0.17081555724143982
train/nce,1850.0,0.16592133045196533
train/nce,1900.0,0.20440177619457245
train/nce,1950.0,0.17469844222068787
train/nce,2000.0,0.1887986958026886
train/nce,2050.0,0.19302403926849365
train/nce,2100.0,0.16776826977729797
train/nce,2150.0,0.16498211026191711
train/nce,2200.0,0.19368861615657806
train/nce,2250.0,0.1767578423023224
train/nce,2300.0,0.16363801062107086
train/nce,2350.0,0.1550198644399643
train/nce,2400.0,0.1491824835538864
train/nce,2450.0,0.1646665632724762
train/nce,2500.0,0.1722191423177719
train/nce,2550.0,0.18494412302970886
train/nce,2600.0,0.1914331614971161
train/nce,2650.0,0.17565496265888214
train/nce,2700.0,0.21544717252254486
train/nce,2750.0,0.1688523292541504
train/nce,2800.0,0.1701979786157608
train/nce,2850.0,0.21515069901943207
train/nce,2900.0,0.16196967661380768
train/nce,2950.0,0.15620006620883942
train/nce,3000.0,0.16111396253108978
train/nce,3050.0,0.1603918820619583
train/nce,3100.0,0.16138125956058502
train/nce,3150.0,0.12365694344043732
train/nce,3200.0,0.14632314443588257
train/nce,3250.0,0.15402936935424805
train/nce,3300.0,0.14260965585708618
train/nce,3350.0,0.1470492035150528
train/nce,3400.0,0.17169725894927979
train/nce,3450.0,0.142997607588768
train/nce,3500.0,0.18225803971290588
train/nce,3550.0,0.12583716213703156
train/nce,3600.0,0.1628032624721527
train/nce,3650.0,0.13135944306850433
train/nce,3700.0,0.1349455863237381
train/nce,3750.0,0.13066846132278442
train/nce,3800.0,0.1479784995317459
train/nce,3850.0,0.15007326006889343
train/nce,3900.0,0.13399973511695862
train/nce,3950.0,0.15847867727279663
train/nce,4000.0,0.1440853625535965
train/nce,4050.0,0.12279649078845978
train/nce,4100.0,0.11426325887441635
train/nce,4150.0,0.11109955608844757
train/nce,4200.0,0.13560757040977478
train/nce,4250.0,0.13963642716407776
train/nce,4300.0,0.12742920219898224
train/nce,4350.0,0.1255175769329071
train/nce,4400.0,0.13448211550712585
train/nce,4450.0,0.13111378252506256
train/nce,4500.0,0.1331678181886673
train/nce,4550.0,0.14386199414730072
train/nce,4600.0,0.1223602369427681
train/nce,4650.0,0.13459061086177826
train/nce,4700.0,0.13776281476020813
train/nce,4750.0,0.1258789449930191
train/nce,4800.0,0.12250120937824249
train/nce,4850.0,0.11711446940898895
train/nce,4900.0,0.11852793395519257
train/nce,4950.0,0.11385151743888855
train/nce,5000.0,0.12054453790187836
train/nce,5050.0,0.12585371732711792
train/nce,5100.0,0.13473865389823914
train/nce,5150.0,0.11062072217464447
train/nce,5200.0,0.11784996837377548
train/nce,5250.0,0.10481317341327667
train/nce,5300.0,0.11301292479038239
train/nce,5350.0,0.11163896322250366
train/nce,5400.0,0.1359536498785019
train/nce,5450.0,0.13430413603782654
train/nce,5500.0,0.10868232697248459
train/nce,5550.0,0.12924529612064362
train/nce,5600.0,0.1434069275856018
train/nce,5650.0,0.15223990380764008
train/nce,5700.0,0.11844190955162048
train/nce,5750.0,0.11412040889263153
train/nce,5800.0,0.13402138650417328
train/nce,5850.0,0.12940703332424164
train/nce,5900.0,0.12821809947490692
train/nce,5950.0,0.11923389136791229
train/nce,6000.0,0.11200077831745148
train/nce,6050.0,0.12291651964187622
train/nce,6100.0,0.12067665904760361
train/nce,6150.0,0.12134219706058502
train/nce,6200.0,0.11300526559352875
train/nce,6250.0,0.10815445333719254
train/nce,6300.0,0.10892204195261002
train/nce,6350.0,0.10832230001688004
train/nce,6400.0,0.10614679753780365
train/nce,6450.0,0.09752805531024933
train/nce,6500.0,0.12138940393924713
train/nce,6550.0,0.10608768463134766
train/nce,6600.0,0.10985706746578217
train/nce,6650.0,0.10299497097730637
train/nce,6700.0,0.08859637379646301
train/nce,6750.0,0.10054264962673187
train/nce,6800.0,0.11331161856651306
train/nce,6850.0,0.11425579339265823
train/nce,6900.0,0.10127054154872894
train/nce,6950.0,0.10305973887443542
train/nce,7000.0,0.12155940383672714
train/nce,7050.0,0.10905499756336212
train/nce,7100.0,0.11859632283449173
train/nce,7150.0,0.13386444747447968
train/nce,7200.0,0.1076725423336029
train/nce,7250.0,0.11751122772693634
train/nce,7300.0,0.12204796075820923
train/nce,7350.0,0.11264097690582275
train/nce,7400.0,0.1103617250919342
train/nce,7450.0,0.10302674025297165
train/nce,7500.0,0.11096586287021637
train/nce,7550.0,0.10226008296012878
train/nce,7600.0,0.10043515264987946
train/nce,7650.0,0.11009591817855835
train/nce,7700.0,0.0991332158446312
train/nce,7750.0,0.1105794906616211
train/nce,7800.0,0.09662522375583649
train/nce,7850.0,0.12487240135669708
train/nce,7900.0,0.10067959874868393
train/nce,7950.0,0.11879406869411469
train/nce,8000.0,0.108766570687294
train/nce,8050.0,0.11347291618585587
train/nce,8100.0,0.10525266826152802
train/nce,8150.0,0.09561879187822342
train/nce,8200.0,0.09654176980257034
train/nce,8250.0,0.10040958225727081
train/nce,8300.0,0.10307575762271881
train/nce,8350.0,0.10292991250753403
train/nce,8400.0,0.09557114541530609
train/nce,8450.0,0.09339270740747452
train/nce,8500.0,0.11653974652290344
train/nce,8550.0,0.09954239428043365
train/nce,8600.0,0.12137111276388168
train/nce,8650.0,0.10763408988714218
train/nce,8700.0,0.0859120786190033
train/nce,8750.0,0.09452012181282043
train/nce,8800.0,0.09086228162050247
train/nce,8850.0,0.11863361299037933
train/nce,8900.0,0.11103890091180801
train/nce,8950.0,0.0867340937256813
train/nce,9000.0,0.11664199084043503
train/nce,9050.0,0.12074417620897293
train/nce,9100.0,0.09619978070259094
train/nce,9150.0,0.08461419492959976
train/nce,9200.0,0.09213888645172119
train/nce,9250.0,0.10119515657424927
train/nce,9300.0,0.09824249893426895
train/nce,9350.0,0.11638141423463821
train/nce,9400.0,0.1028558760881424
train/nce,9450.0,0.11395590752363205
train/nce,9500.0,0.10791408270597458
train/nce,9550.0,0.09620916843414307
train/nce,9600.0,0.09801305830478668
train/nce,9650.0,0.08828993141651154
train/nce,9700.0,0.10270904749631882
train/nce,9750.0,0.10933293402194977
train/nce,9800.0,0.1062711700797081
train/nce,9850.0,0.11341225355863571
train/nce,9900.0,0.1096261516213417
train/nce,9950.0,0.12073640525341034
train/nce,10000.0,0.09527566283941269
train/nce,10050.0,0.10523540526628494
train/nce,10100.0,0.1070723757147789
train/nce,10150.0,0.10521962493658066
train/nce,10200.0,0.09634842723608017
train/nce,10250.0,0.10674768686294556
train/nce,10300.0,0.1279086470603943
train/nce,10350.0,0.13506107032299042
train/nce,10400.0,0.09997670352458954
train/nce,10450.0,0.11068924516439438
train/nce,10500.0,0.12888994812965393
train/nce,10550.0,0.1264759749174118
train/nce,10600.0,0.10130181163549423
train/nce,10650.0,0.0879841223359108
train/nce,10700.0,0.12296845763921738
train/nce,10750.0,0.09380574524402618
train/nce,10800.0,0.10745380818843842
train/nce,10850.0,0.11514928936958313
train/nce,10900.0,0.1026449128985405
train/nce,10950.0,0.09225468337535858
train/nce,11000.0,0.0957912877202034
train/nce,11050.0,0.10070496797561646
train/nce,11100.0,0.11178985238075256
train/nce,11150.0,0.09951362758874893
train/nce,11200.0,0.10026400536298752
train/nce,11250.0,0.12226973474025726
train/nce,11300.0,0.09822157770395279
train/nce,11350.0,0.0885741263628006
train/nce,11400.0,0.10587415099143982
train/nce,11450.0,0.09684251248836517
train/nce,11500.0,0.09904584288597107
train/nce,11550.0,0.11960156261920929
train/nce,11600.0,0.11241677403450012
train/nce,11650.0,0.11069750040769577
train/nce,11700.0,0.10275457054376602
train/nce,11750.0,0.09436687082052231
train/nce,11800.0,0.10716959834098816
train/nce,11850.0,0.11564503610134125
train/nce,11900.0,0.10923782736063004
train/nce,11950.0,0.11937122792005539
train/nce,12000.0,0.10679622739553452
train/nce,12050.0,0.1082221120595932
train/nce,12100.0,0.09609051048755646
train/nce,12150.0,0.08964084088802338
train/nce,12200.0,0.08629830926656723
train/nce,12250.0,0.10771429538726807
train/nce,12300.0,0.09594989567995071
train/nce,12350.0,0.0971754640340805
train/nce,12400.0,0.11518985033035278
train/nce,12450.0,0.10663068294525146
train/nce,12500.0,0.10007046908140182
train/nce,12550.0,0.121501624584198
train/nce,12600.0,0.10979688912630081
train/nce,12650.0,0.11292372643947601
train/nce,12700.0,0.10645271837711334
train/nce,12750.0,0.09730672836303711
train/nce,12800.0,0.10061405599117279
train/nce,12850.0,0.09193219244480133
train/nce,12900.0,0.09153491258621216
train/nce,12950.0,0.089365653693676
train/nce,13000.0,0.08942853659391403
train/nce,13050.0,0.09805403649806976
train/nce,13100.0,0.09943460673093796
train/nce,13150.0,0.09694193303585052
train/nce,13200.0,0.10153548419475555
train/nce,13250.0,0.09401267021894455
train/nce,13300.0,0.09840257465839386
train/nce,13350.0,0.10188378393650055
train/nce,13400.0,0.10906842350959778
train/nce,13450.0,0.10305959731340408
train/nce,13500.0,0.10778295993804932
train/nce,13550.0,0.10704897344112396
train/nce,13600.0,0.10536558926105499
train/nce,13650.0,0.11145179718732834
train/nce,13700.0,0.10882890969514847
train/nce,13750.0,0.10943855345249176
train/nce,13800.0,0.09888284653425217
train/nce,13850.0,0.08821146190166473
train/nce,13900.0,0.1044919416308403
train/nce,13950.0,0.10946502536535263
train/nce,14000.0,0.10396973788738251
train/nce,14050.0,0.12265637516975403
train/nce,14100.0,0.08088217675685883
train/nce,14150.0,0.09671398997306824
train/nce,14200.0,0.09345851838588715
train/nce,14250.0,0.10060404986143112
train/nce,14300.0,0.09929456561803818
train/nce,14350.0,0.08865924179553986
train/nce,14400.0,0.10173028707504272
train/nce,14450.0,0.09354139864444733
train/nce,14500.0,0.10847854614257812
train/nce,14550.0,0.08892130106687546
train/nce,14600.0,0.08809426426887512
train/nce,14650.0,0.10251284390687943
train/nce,14700.0,0.11233044415712357
train/nce,14750.0,0.09900908172130585
train/nce,14800.0,0.09933540225028992
train/nce,14850.0,0.10793530941009521
train/nce,14900.0,0.08984673768281937
train/nce,14950.0,0.10805091261863708
train/nce,15000.0,0.1030542254447937
train/nce,15050.0,0.09780305624008179
train/nce,15100.0,0.10988752543926239
train/nce,15150.0,0.10645823180675507
train/nce,15200.0,0.1026511862874031
train/nce,15250.0,0.10052210837602615
train/nce,15300.0,0.10580381751060486
train/nce,15350.0,0.08354876935482025
train/nce,15400.0,0.10908021032810211
train/nce,15450.0,0.0947512835264206
train/nce,15500.0,0.0950232669711113
train/nce,15550.0,0.10505653917789459
train/nce,15600.0,0.08964075148105621
train/nce,15650.0,0.0847100242972374
train/nce,15700.0,0.09963852167129517
train/nce,15750.0,0.09271221607923508
train/nce,15800.0,0.09984704107046127
train/nce,15850.0,0.08975332975387573
train/nce,15900.0,0.09170897305011749
train/nce,15950.0,0.09217070043087006
train/nce,16000.0,0.09854525327682495
train/nce,16050.0,0.08447935432195663
train/nce,16100.0,0.09344451874494553
train/nce,16150.0,0.09386628121137619
train/nce,16200.0,0.08755026012659073
train/nce,16250.0,0.09839249402284622
train/nce,16300.0,0.10050100088119507
train/nce,16350.0,0.09082593023777008
train/nce,16400.0,0.09544142335653305
train/nce,16450.0,0.08905356377363205
train/nce,16500.0,0.08326858282089233
train/nce,16550.0,0.07904408127069473
train/nce,16600.0,0.08632183074951172
train/nce,16650.0,0.08454003930091858
train/nce,16700.0,0.08850391209125519
train/nce,16750.0,0.09216693043708801
train/nce,16800.0,0.08029266446828842
train/nce,16850.0,0.08578244596719742
train/nce,16900.0,0.08680403977632523
train/nce,16950.0,0.09466245025396347
train/nce,17000.0,0.0867525115609169
train/nce,17050.0,0.07939968258142471
train/nce,17100.0,0.08814341574907303
train/nce,17150.0,0.08405379951000214
train/nce,17200.0,0.07531595975160599
train/nce,17250.0,0.09372441470623016
train/nce,17300.0,0.09674397110939026
train/nce,17350.0,0.08035612106323242
train/nce,17400.0,0.08516287058591843
train/nce,17450.0,0.08666980266571045
train/nce,17500.0,0.07524982839822769
train/nce,17550.0,0.07982085645198822
train/nce,17600.0,0.09114925563335419
train/nce,17650.0,0.08875520527362823
train/nce,17700.0,0.08773697912693024
train/nce,17750.0,0.09028860926628113
train/nce,17800.0,0.08769083768129349
train/nce,17850.0,0.0819915384054184
train/nce,17900.0,0.07984011620283127
train/nce,17950.0,0.07702415436506271
train/nce,18000.0,0.0841495469212532
train/nce,18050.0,0.0832291841506958
train/nce,18100.0,0.08308439701795578
train/nce,18150.0,0.07999531924724579
train/nce,18200.0,0.07760842144489288
train/nce,18250.0,0.0845581591129303
train/nce,18300.0,0.08328238874673843
train/nce,18350.0,0.07649004459381104
train/nce,18400.0,0.08244186639785767
train/nce,18450.0,0.08373694121837616
train/nce,18500.0,0.0905366986989975
train/nce,18550.0,0.0870150625705719
train/nce,18600.0,0.07828454673290253
train/nce,18650.0,0.08620590716600418
train/nce,18700.0,0.08109071850776672
train/nce,18750.0,0.07778460532426834
train/nce,18800.0,0.07494542002677917
train/nce,18850.0,0.09149880707263947
train/nce,18900.0,0.07581403106451035
train/nce,18950.0,0.07466781139373779
train/nce,19000.0,0.08234356343746185
train/nce,19050.0,0.07510517537593842
train/nce,19100.0,0.07467129826545715
train/nce,19150.0,0.06880509853363037
train/nce,19200.0,0.08207669854164124
train/nce,19250.0,0.07752342522144318
train/nce,19300.0,0.07921814918518066
train/nce,19350.0,0.07798163592815399
train/nce,19400.0,0.0757603794336319
train/nce,19450.0,0.07449104636907578
train/nce,19500.0,0.07607924193143845
train/nce,19550.0,0.07619126886129379
train/nce,19600.0,0.07876472175121307
train/nce,19650.0,0.07265649735927582
train/nce,19700.0,0.07615799456834793
train/nce,19750.0,0.07907360792160034
train/nce,19800.0,0.07438654452562332
train/nce,19850.0,0.07271061092615128
train/nce,19900.0,0.07871819287538528
train/nce,19950.0,0.0762631744146347
train/nce,20000.0,0.07949991524219513
train/spatial,1.0,0.07853369414806366
train/spatial,50.0,0.010071816854178905
train/spatial,100.0,0.007608216255903244
train/spatial,150.0,0.006801963318139315
train/spatial,200.0,0.007130992598831654
train/spatial,250.0,0.006638878956437111
train/spatial,300.0,0.006505226716399193
train/spatial,350.0,0.006339958403259516
train/spatial,400.0,0.009884077124297619
train/spatial,450.0,0.008611302822828293
train/spatial,500.0,0.01061997190117836
train/spatial,550.0,0.016241200268268585
train/spatial,600.0,0.015023649670183659
train/spatial,650.0,0.014308096840977669
train/spatial,700.0,0.017431607469916344
train/spatial,750.0,0.020187143236398697
train/spatial,800.0,0.02079387754201889
train/spatial,850.0,0.013299576938152313
train/spatial,900.0,0.018667707219719887
train/spatial,950.0,0.019188666716217995
train/spatial,1000.0,0.018470264971256256
train/spatial,1050.0,0.018822291865944862
train/spatial,1100.0,0.01705063134431839
train/spatial,1150.0,0.014803694561123848
train/spatial,1200.0,0.015787841752171516
train/spatial,1250.0,0.016151918098330498
train/spatial,1300.0,0.014261109754443169
train/spatial,1350.0,0.01442958228290081
train/spatial,1400.0,0.016347475349903107
train/spatial,1450.0,0.016722075641155243
train/spatial,1500.0,0.015126973390579224
train/spatial,1550.0,0.018129626289010048
train/spatial,1600.0,0.01642126403748989
train/spatial,1650.0,0.015554850921034813
train/spatial,1700.0,0.018733737990260124
train/spatial,1750.0,0.017969464883208275
train/spatial,1800.0,0.01652020588517189
train/spatial,1850.0,0.01443244144320488
train/spatial,1900.0,0.01689518801867962
train/spatial,1950.0,0.016883959993720055
train/spatial,2000.0,0.015307131223380566
train/spatial,2050.0,0.017279207706451416
train/spatial,2100.0,0.015483425930142403
train/spatial,2150.0,0.01591738872230053
train/spatial,2200.0,0.01957678608596325
train/spatial,2250.0,0.01830848678946495
train/spatial,2300.0,0.016786346212029457
train/spatial,2350.0,0.01796562783420086
train/spatial,2400.0,0.013785718940198421
train/spatial,2450.0,0.016457973048090935
train/spatial,2500.0,0.020098255947232246
train/spatial,2550.0,0.020473327487707138
train/spatial,2600.0,0.012325715273618698
train/spatial,2650.0,0.017258822917938232
train/spatial,2700.0,0.022290661931037903
train/spatial,2750.0,0.018588395789265633
train/spatial,2800.0,0.0162502434104681
train/spatial,2850.0,0.01652403175830841
train/spatial,2900.0,0.015225715935230255
train/spatial,2950.0,0.02099701762199402
train/spatial,3000.0,0.017715975642204285
train/spatial,3050.0,0.01782258413732052
train/spatial,3100.0,0.01639171876013279
train/spatial,3150.0,0.014929859898984432
train/spatial,3200.0,0.014702211134135723
train/spatial,3250.0,0.01843906007707119
train/spatial,3300.0,0.016401344910264015
train/spatial,3350.0,0.016096796840429306
train/spatial,3400.0,0.014189220033586025
train/spatial,3450.0,0.01681170053780079
train/spatial,3500.0,0.01671341434121132
train/spatial,3550.0,0.017054762691259384
train/spatial,3600.0,0.013753840699791908
train/spatial,3650.0,0.018683545291423798
train/spatial,3700.0,0.016535745933651924
train/spatial,3750.0,0.01558483112603426
train/spatial,3800.0,0.012529178522527218
train/spatial,3850.0,0.013960451819002628
train/spatial,3900.0,0.013553670607507229
train/spatial,3950.0,0.017063364386558533
train/spatial,4000.0,0.014933200553059578
train/spatial,4050.0,0.016146568581461906
train/spatial,4100.0,0.012917074374854565
train/spatial,4150.0,0.014020049013197422
train/spatial,4200.0,0.013854931108653545
train/spatial,4250.0,0.012015240266919136
train/spatial,4300.0,0.015737641602754593
train/spatial,4350.0,0.016078390181064606
train/spatial,4400.0,0.01799919083714485
train/spatial,4450.0,0.015934757888317108
train/spatial,4500.0,0.01593252271413803
train/spatial,4550.0,0.01593903638422489
train/spatial,4600.0,0.014224515296518803
train/spatial,4650.0,0.014208025299012661
train/spatial,4700.0,0.01729712076485157
train/spatial,4750.0,0.017234958708286285
train/spatial,4800.0,0.017238400876522064
train/spatial,4850.0,0.02167002484202385
train/spatial,4900.0,0.015703236684203148
train/spatial,4950.0,0.015697266906499863
train/spatial,5000.0,0.017263680696487427
train/spatial,5050.0,0.012658110819756985
train/spatial,5100.0,0.015032715164124966
train/spatial,5150.0,0.016143230721354485
train/spatial,5200.0,0.016215268522500992
train/spatial,5250.0,0.015315413475036621
train/spatial,5300.0,0.015546204522252083
train/spatial,5350.0,0.013954036869108677
train/spatial,5400.0,0.014659333042800426
train/spatial,5450.0,0.01602010428905487
train/spatial,5500.0,0.019261116161942482
train/spatial,5550.0,0.011357889510691166
train/spatial,5600.0,0.012026799842715263
train/spatial,5650.0,0.01849231868982315
train/spatial,5700.0,0.014613842591643333
train/spatial,5750.0,0.01432787999510765
train/spatial,5800.0,0.014001795090734959
train/spatial,5850.0,0.013664323836565018
train/spatial,5900.0,0.016070449724793434
train/spatial,5950.0,0.014554284512996674
train/spatial,6000.0,0.010062615387141705
train/spatial,6050.0,0.013827395625412464
train/spatial,6100.0,0.017864104360342026
train/spatial,6150.0,0.01520557887852192
train/spatial,6200.0,0.01548039447516203
train/spatial,6250.0,0.012245982885360718
train/spatial,6300.0,0.012524071149528027
train/spatial,6350.0,0.017127344384789467
train/spatial,6400.0,0.015403090976178646
train/spatial,6450.0,0.014196526259183884
train/spatial,6500.0,0.01645589806139469
train/spatial,6550.0,0.017675817012786865
train/spatial,6600.0,0.014009436592459679
train/spatial,6650.0,0.017400961369276047
train/spatial,6700.0,0.014799049124121666
train/spatial,6750.0,0.01224704459309578
train/spatial,6800.0,0.014825769700109959
train/spatial,6850.0,0.01020788587629795
train/spatial,6900.0,0.01654229871928692
train/spatial,6950.0,0.010085007175803185
train/spatial,7000.0,0.014708424918353558
train/spatial,7050.0,0.010235641151666641
train/spatial,7100.0,0.017257997766137123
train/spatial,7150.0,0.013739964924752712
train/spatial,7200.0,0.014385392889380455
train/spatial,7250.0,0.012202507816255093
train/spatial,7300.0,0.009866446256637573
train/spatial,7350.0,0.01230146549642086
train/spatial,7400.0,0.015528456307947636
train/spatial,7450.0,0.012142323888838291
train/spatial,7500.0,0.012947078794240952
train/spatial,7550.0,0.016079934313893318
train/spatial,7600.0,0.013295784592628479
train/spatial,7650.0,0.01715296320617199
train/spatial,7700.0,0.01795310713350773
train/spatial,7750.0,0.016654377803206444
train/spatial,7800.0,0.013498789630830288
train/spatial,7850.0,0.01444903016090393
train/spatial,7900.0,0.011202679947018623
train/spatial,7950.0,0.015767280012369156
train/spatial,8000.0,0.013438028283417225
train/spatial,8050.0,0.012170607224106789
train/spatial,8100.0,0.012090451084077358
train/spatial,8150.0,0.01206684298813343
train/spatial,8200.0,0.01525479182600975
train/spatial,8250.0,0.01303892582654953
train/spatial,8300.0,0.015651201829314232
train/spatial,8350.0,0.012971817515790462
train/spatial,8400.0,0.012925742194056511
train/spatial,8450.0,0.01385797094553709
train/spatial,8500.0,0.016443153843283653
train/spatial,8550.0,0.014471163041889668
train/spatial,8600.0,0.01587243191897869
train/spatial,8650.0,0.019413961097598076
train/spatial,8700.0,0.013777906075119972
train/spatial,8750.0,0.01601588912308216
train/spatial,8800.0,0.015024040825664997
train/spatial,8850.0,0.013377917930483818
train/spatial,8900.0,0.01579403690993786
train/spatial,8950.0,0.01795516163110733
train/spatial,9000.0,0.016175832599401474
train/spatial,9050.0,0.020289290696382523
train/spatial,9100.0,0.012501653283834457
train/spatial,9150.0,0.014816027134656906
train/spatial,9200.0,0.012911539524793625
train/spatial,9250.0,0.012551942840218544
train/spatial,9300.0,0.0139103839173913
train/spatial,9350.0,0.017405066639184952
train/spatial,9400.0,0.012734299525618553
train/spatial,9450.0,0.01875861920416355
train/spatial,9500.0,0.01620008610188961
train/spatial,9550.0,0.01393146626651287
train/spatial,9600.0,0.014890353195369244
train/spatial,9650.0,0.01593250222504139
train/spatial,9700.0,0.015353433787822723
train/spatial,9750.0,0.01443121861666441
train/spatial,9800.0,0.020284444093704224
train/spatial,9850.0,0.013168111443519592
train/spatial,9900.0,0.01787874847650528
train/spatial,9950.0,0.01797896809875965
train/spatial,10000.0,0.016494017094373703
train/spatial,10050.0,0.017594991251826286
train/spatial,10100.0,0.016982872039079666
train/spatial,10150.0,0.012024707160890102
train/spatial,10200.0,0.017746783792972565
train/spatial,10250.0,0.018214110285043716
train/spatial,10300.0,0.018109066411852837
train/spatial,10350.0,0.013532698154449463
train/spatial,10400.0,0.017820676788687706
train/spatial,10450.0,0.013873050920665264
train/spatial,10500.0,0.01490812562406063
train/spatial,10550.0,0.015883931890130043
train/spatial,10600.0,0.012007691897451878
train/spatial,10650.0,0.01614239811897278
train/spatial,10700.0,0.012352409772574902
train/spatial,10750.0,0.012288928963243961
train/spatial,10800.0,0.014088200405240059
train/spatial,10850.0,0.015347669832408428
train/spatial,10900.0,0.012905326671898365
train/spatial,10950.0,0.01572006568312645
train/spatial,11000.0,0.012791676446795464
train/spatial,11050.0,0.011943433433771133
train/spatial,11100.0,0.016848189756274223
train/spatial,11150.0,0.014644535258412361
train/spatial,11200.0,0.015254409983754158
train/spatial,11250.0,0.018361415714025497
train/spatial,11300.0,0.016860777512192726
train/spatial,11350.0,0.01524027343839407
train/spatial,11400.0,0.01675635389983654
train/spatial,11450.0,0.018557021394371986
train/spatial,11500.0,0.014950314536690712
train/spatial,11550.0,0.01464797928929329
train/spatial,11600.0,0.012556657195091248
train/spatial,11650.0,0.018891172483563423
train/spatial,11700.0,0.018135685473680496
train/spatial,11750.0,0.012020813301205635
train/spatial,11800.0,0.013396969996392727
train/spatial,11850.0,0.015644928440451622
train/spatial,11900.0,0.01740102842450142
train/spatial,11950.0,0.010479964315891266
train/spatial,12000.0,0.017487511038780212
train/spatial,12050.0,0.015864476561546326
train/spatial,12100.0,0.013946151360869408
train/spatial,12150.0,0.014929083175957203
train/spatial,12200.0,0.012500159442424774
train/spatial,12250.0,0.0126724224537611
train/spatial,12300.0,0.0152170704677701
train/spatial,12350.0,0.017153769731521606
train/spatial,12400.0,0.014338036067783833
train/spatial,12450.0,0.014297857880592346
train/spatial,12500.0,0.014509188011288643
train/spatial,12550.0,0.015436908230185509
train/spatial,12600.0,0.01543017290532589
train/spatial,12650.0,0.012505937367677689
train/spatial,12700.0,0.01701401360332966
train/spatial,12750.0,0.01559671014547348
train/spatial,12800.0,0.016703344881534576
train/spatial,12850.0,0.01758083514869213
train/spatial,12900.0,0.01643422618508339
train/spatial,12950.0,0.014956817030906677
train/spatial,13000.0,0.017085369676351547
train/spatial,13050.0,0.015819843858480453
train/spatial,13100.0,0.016822122037410736
train/spatial,13150.0,0.01692032627761364
train/spatial,13200.0,0.012335476465523243
train/spatial,13250.0,0.016682114452123642
train/spatial,13300.0,0.017049893736839294
train/spatial,13350.0,0.014636967331171036
train/spatial,13400.0,0.015352700836956501
train/spatial,13450.0,0.01426029484719038
train/spatial,13500.0,0.019424453377723694
train/spatial,13550.0,0.017729252576828003
train/spatial,13600.0,0.01768750511109829
train/spatial,13650.0,0.019478339701890945
train/spatial,13700.0,0.014381232671439648
train/spatial,13750.0,0.01817215420305729
train/spatial,13800.0,0.020947877317667007
train/spatial,13850.0,0.01573801040649414
train/spatial,13900.0,0.016480982303619385
train/spatial,13950.0,0.01734301820397377
train/spatial,14000.0,0.01586410403251648
train/spatial,14050.0,0.018462572246789932
train/spatial,14100.0,0.020452097058296204
train/spatial,14150.0,0.01828668639063835
train/spatial,14200.0,0.015406751073896885
train/spatial,14250.0,0.01661127619445324
train/spatial,14300.0,0.01774950511753559
train/spatial,14350.0,0.018111437559127808
train/spatial,14400.0,0.01712046004831791
train/spatial,14450.0,0.01723754219710827
train/spatial,14500.0,0.014248231425881386
train/spatial,14550.0,0.013724993914365768
train/spatial,14600.0,0.0138308797031641
train/spatial,14650.0,0.0172954760491848
train/spatial,14700.0,0.015255343168973923
train/spatial,14750.0,0.017455149441957474
train/spatial,14800.0,0.017746848985552788
train/spatial,14850.0,0.016882337629795074
train/spatial,14900.0,0.018165692687034607
train/spatial,14950.0,0.017896035686135292
train/spatial,15000.0,0.01802331954240799
train/spatial,15050.0,0.016510918736457825
train/spatial,15100.0,0.016541970893740654
train/spatial,15150.0,0.016040025278925896
train/spatial,15200.0,0.01758449338376522
train/spatial,15250.0,0.018376370891928673
train/spatial,15300.0,0.014644613489508629
train/spatial,15350.0,0.01593858376145363
train/spatial,15400.0,0.016105003654956818
train/spatial,15450.0,0.01617833971977234
train/spatial,15500.0,0.019323183223605156
train/spatial,15550.0,0.019022276625037193
train/spatial,15600.0,0.013285735622048378
train/spatial,15650.0,0.01788957789540291
train/spatial,15700.0,0.014849897474050522
train/spatial,15750.0,0.01781344972550869
train/spatial,15800.0,0.014294569380581379
train/spatial,15850.0,0.014416164718568325
train/spatial,15900.0,0.01698251999914646
train/spatial,15950.0,0.016108768060803413
train/spatial,16000.0,0.019040245562791824
train/spatial,16050.0,0.016991086304187775
train/spatial,16100.0,0.017032139003276825
train/spatial,16150.0,0.017464440315961838
train/spatial,16200.0,0.01521950215101242
train/spatial,16250.0,0.015648655593395233
train/spatial,16300.0,0.015179873444139957
train/spatial,16350.0,0.017442261800169945
train/spatial,16400.0,0.019671481102705002
train/spatial,16450.0,0.016847990453243256
train/spatial,16500.0,0.016137612983584404
train/spatial,16550.0,0.015132449567317963
train/spatial,16600.0,0.01441018283367157
train/spatial,16650.0,0.016152439638972282
train/spatial,16700.0,0.016105245798826218
train/spatial,16750.0,0.015203815884888172
train/spatial,16800.0,0.015319661237299442
train/spatial,16850.0,0.015790004283189774
train/spatial,16900.0,0.015368965454399586
train/spatial,16950.0,0.014827705919742584
train/spatial,17000.0,0.01616617478430271
train/spatial,17050.0,0.01703425496816635
train/spatial,17100.0,0.01560425665229559
train/spatial,17150.0,0.017165305092930794
train/spatial,17200.0,0.017925623804330826
train/spatial,17250.0,0.016585085541009903
train/spatial,17300.0,0.01724380999803543
train/spatial,17350.0,0.017031177878379822
train/spatial,17400.0,0.014603273011744022
train/spatial,17450.0,0.01580478437244892
train/spatial,17500.0,0.015667909756302834
train/spatial,17550.0,0.01778075471520424
train/spatial,17600.0,0.016351468861103058
train/spatial,17650.0,0.014885048381984234
train/spatial,17700.0,0.01552368514239788
train/spatial,17750.0,0.016616785898804665
train/spatial,17800.0,0.016584275290369987
train/spatial,17850.0,0.015658382326364517
train/spatial,17900.0,0.01645168475806713
train/spatial,17950.0,0.014246604405343533
train/spatial,18000.0,0.01716618426144123
train/spatial,18050.0,0.014855442568659782
train/spatial,18100.0,0.015299267135560513
train/spatial,18150.0,0.016307393088936806
train/spatial,18200.0,0.016304634511470795
train/spatial,18250.0,0.016881724819540977
train/spatial,18300.0,0.01647937297821045
train/spatial,18350.0,0.015076879411935806
train/spatial,18400.0,0.015908030793070793
train/spatial,18450.0,0.017219088971614838
train/spatial,18500.0,0.015465490520000458
train/spatial,18550.0,0.015343219973146915
train/spatial,18600.0,0.013902043923735619
train/spatial,18650.0,0.01734497956931591
train/spatial,18700.0,0.013533322140574455
train/spatial,18750.0,0.01715680956840515
train/spatial,18800.0,0.01509521622210741
train/spatial,18850.0,0.016806581988930702
train/spatial,18900.0,0.01563209667801857
train/spatial,18950.0,0.016625363379716873
train/spatial,19000.0,0.014207795262336731
train/spatial,19050.0,0.018986964598298073
train/spatial,19100.0,0.013438824564218521
train/spatial,19150.0,0.01803123950958252
train/spatial,19200.0,0.013668015599250793
train/spatial,19250.0,0.016619117930531502
train/spatial,19300.0,0.016600050032138824
train/spatial,19350.0,0.013461307622492313
train/spatial,19400.0,0.015214396640658379
train/spatial,19450.0,0.018152831122279167
train/spatial,19500.0,0.014946632087230682
train/spatial,19550.0,0.013850388117134571
train/spatial,19600.0,0.018462447449564934
train/spatial,19650.0,0.01608753204345703
train/spatial,19700.0,0.01365423109382391
train/spatial,19750.0,0.01509084552526474
train/spatial,19800.0,0.017096679657697678
train/spatial,19850.0,0.016602573916316032
train/spatial,19900.0,0.013337944634258747
train/spatial,19950.0,0.013174870051443577
train/spatial,20000.0,0.013266296125948429
val/delta_e76,2000.0,16.272165298461914
val/delta_e76,4000.0,18.1727294921875
val/delta_e76,6000.0,16.134740829467773
val/delta_e76,8000.0,18.302589416503906
val/delta_e76,10000.0,17.80866813659668
val/delta_e76,12000.0,17.872713088989258
val/delta_e76,14000.0,17.34564208984375
val/delta_e76,16000.0,19.345947265625
val/delta_e76,18000.0,18.239185333251953
val/delta_e76,20000.0,16.129253387451172
val/loss,2000.0,0.1303916722536087
val/loss,4000.0,0.14697128534317017
val/loss,6000.0,0.12399444729089737
val/loss,8000.0,0.14370229840278625
val/loss,10000.0,0.14136222004890442
val/loss,12000.0,0.13628682494163513
val/loss,14000.0,0.1347220093011856
val/loss,16000.0,0.14505808055400848
val/loss,18000.0,0.13809244334697723
val/loss,20000.0,0.12094347178936005
val/lpips,2000.0,0.5329286456108093
val/lpips,4000.0,0.5319151878356934
val/lpips,6000.0,0.5159701108932495
val/lpips,8000.0,0.5331069231033325
val/lpips,10000.0,0.5291876196861267
val/lpips,12000.0,0.5308194160461426
val/lpips,14000.0,0.5327156782150269
val/lpips,16000.0,0.5233662128448486
val/lpips,18000.0,0.5232625603675842
val/lpips,20000.0,0.5100718140602112
val/mae,2000.0,0.1303916722536087
val/mae,4000.0,0.14697128534317017
val/mae,6000.0,0.12399444729089737
val/mae,8000.0,0.14370229840278625
val/mae,10000.0,0.14136222004890442
val/mae,12000.0,0.13628682494163513
val/mae,14000.0,0.1347220093011856
val/mae,16000.0,0.14505808055400848
val/mae,18000.0,0.13809244334697723
val/mae,20000.0,0.12094347178936005
val/psnr,2000.0,16.225013732910156
val/psnr,4000.0,15.226216316223145
val/psnr,6000.0,16.370616912841797
val/psnr,8000.0,15.310863494873047
val/psnr,10000.0,15.42214298248291
val/psnr,12000.0,15.70723819732666
val/psnr,14000.0,15.777804374694824
val/psnr,16000.0,15.339653968811035
val/psnr,18000.0,15.745471954345703
val/psnr,20000.0,16.776578903198242
val/ssim,2000.0,0.1731049120426178
val/ssim,4000.0,0.15229015052318573
val/ssim,6000.0,0.20980213582515717
val/ssim,8000.0,0.14079338312149048
val/ssim,10000.0,0.14641697704792023
val/ssim,12000.0,0.1455531120300293
val/ssim,14000.0,0.16841678321361542
val/ssim,16000.0,0.16490720212459564
val/ssim,18000.0,0.1832268238067627
val/ssim,20000.0,0.23562045395374298
train/learning_rate,1.0,0.00019999999494757503
train/learning_rate,50.0,0.00019999999494757503
train/learning_rate,100.0,0.00019999999494757503
train/learning_rate,150.0,0.00019999999494757503
train/learning_rate,200.0,0.00019999999494757503
train/learning_rate,250.0,0.00019999999494757503
train/learning_rate,300.0,0.00019999999494757503
train/learning_rate,350.0,0.00019999999494757503
train/learning_rate,400.0,0.00019999999494757503
train/learning_rate,450.0,0.00019999999494757503
train/learning_rate,500.0,0.00019999999494757503
train/learning_rate,550.0,0.00019999999494757503
train/learning_rate,600.0,0.00019999999494757503
train/learning_rate,650.0,0.00019999999494757503
train/learning_rate,700.0,0.00019999999494757503
train/learning_rate,750.0,0.00019999999494757503
train/learning_rate,800.0,0.00019999999494757503
train/learning_rate,850.0,0.00019999999494757503
train/learning_rate,900.0,0.00019999999494757503
train/learning_rate,950.0,0.00019999999494757503
train/learning_rate,1000.0,0.00019999999494757503
train/learning_rate,1050.0,0.00019999999494757503
train/learning_rate,1100.0,0.00019999999494757503
train/learning_rate,1150.0,0.00019999999494757503
train/learning_rate,1200.0,0.00019999999494757503
train/learning_rate,1250.0,0.00019999999494757503
train/learning_rate,1300.0,0.00019999999494757503
train/learning_rate,1350.0,0.00019999999494757503
train/learning_rate,1400.0,0.00019999999494757503
train/learning_rate,1450.0,0.00019999999494757503
train/learning_rate,1500.0,0.00019999999494757503
train/learning_rate,1550.0,0.00019999999494757503
train/learning_rate,1600.0,0.00019999999494757503
train/learning_rate,1650.0,0.00019999999494757503
train/learning_rate,1700.0,0.00019999999494757503
train/learning_rate,1750.0,0.00019999999494757503
train/learning_rate,1800.0,0.00019999999494757503
train/learning_rate,1850.0,0.00019999999494757503
train/learning_rate,1900.0,0.00019999999494757503
train/learning_rate,1950.0,0.00019999999494757503
train/learning_rate,2000.0,0.00019999999494757503
train/learning_rate,2050.0,0.00019999999494757503
train/learning_rate,2100.0,0.00019999999494757503
train/learning_rate,2150.0,0.00019999999494757503
train/learning_rate,2200.0,0.00019999999494757503
train/learning_rate,2250.0,0.00019999999494757503
train/learning_rate,2300.0,0.00019999999494757503
train/learning_rate,2350.0,0.00019999999494757503
train/learning_rate,2400.0,0.00019999999494757503
train/learning_rate,2450.0,0.00019999999494757503
train/learning_rate,2500.0,0.00019999999494757503
train/learning_rate,2550.0,0.00019999999494757503
train/learning_rate,2600.0,0.00019999999494757503
train/learning_rate,2650.0,0.00019999999494757503
train/learning_rate,2700.0,0.00019999999494757503
train/learning_rate,2750.0,0.00019999999494757503
train/learning_rate,2800.0,0.00019999999494757503
train/learning_rate,2850.0,0.00019999999494757503
train/learning_rate,2900.0,0.00019999999494757503
train/learning_rate,2950.0,0.00019999999494757503
train/learning_rate,3000.0,0.00019999999494757503
train/learning_rate,3050.0,0.00019999999494757503
train/learning_rate,3100.0,0.00019999999494757503
train/learning_rate,3150.0,0.00019999999494757503
train/learning_rate,3200.0,0.00019999999494757503
train/learning_rate,3250.0,0.00019999999494757503
train/learning_rate,3300.0,0.00019999999494757503
train/learning_rate,3350.0,0.00019999999494757503
train/learning_rate,3400.0,0.00019999999494757503
train/learning_rate,3450.0,0.00019999999494757503
train/learning_rate,3500.0,0.00019999999494757503
train/learning_rate,3550.0,0.00019999999494757503
train/learning_rate,3600.0,0.00019999999494757503
train/learning_rate,3650.0,0.00019999999494757503
train/learning_rate,3700.0,0.00019999999494757503
train/learning_rate,3750.0,0.00019999999494757503
train/learning_rate,3800.0,0.00019999999494757503
train/learning_rate,3850.0,0.00019999999494757503
train/learning_rate,3900.0,0.00019999999494757503
train/learning_rate,3950.0,0.00019999999494757503
train/learning_rate,4000.0,0.00019999999494757503
train/learning_rate,4050.0,0.00019999999494757503
train/learning_rate,4100.0,0.00019999999494757503
train/learning_rate,4150.0,0.00019999999494757503
train/learning_rate,4200.0,0.00019999999494757503
train/learning_rate,4250.0,0.00019999999494757503
train/learning_rate,4300.0,0.00019999999494757503
train/learning_rate,4350.0,0.00019999999494757503
train/learning_rate,4400.0,0.00019999999494757503
train/learning_rate,4450.0,0.00019999999494757503
train/learning_rate,4500.0,0.00019999999494757503
train/learning_rate,4550.0,0.00019999999494757503
train/learning_rate,4600.0,0.00019999999494757503
train/learning_rate,4650.0,0.00019999999494757503
train/learning_rate,4700.0,0.00019999999494757503
train/learning_rate,4750.0,0.00019999999494757503
train/learning_rate,4800.0,0.00019999999494757503
train/learning_rate,4850.0,0.00019999999494757503
train/learning_rate,4900.0,0.00019999999494757503
train/learning_rate,4950.0,0.00019999999494757503
train/learning_rate,5000.0,0.00019999999494757503
train/learning_rate,5050.0,0.00019999999494757503
train/learning_rate,5100.0,0.00019999999494757503
train/learning_rate,5150.0,0.00019999999494757503
train/learning_rate,5200.0,0.00019999999494757503
train/learning_rate,5250.0,0.00019999999494757503
train/learning_rate,5300.0,0.00019999999494757503
train/learning_rate,5350.0,0.00019999999494757503
train/learning_rate,5400.0,0.00019999999494757503
train/learning_rate,5450.0,0.00019999999494757503
train/learning_rate,5500.0,0.00019999999494757503
train/learning_rate,5550.0,0.00019999999494757503
train/learning_rate,5600.0,0.00019999999494757503
train/learning_rate,5650.0,0.00019999999494757503
train/learning_rate,5700.0,0.00019999999494757503
train/learning_rate,5750.0,0.00019999999494757503
train/learning_rate,5800.0,0.00019999999494757503
train/learning_rate,5850.0,0.00019999999494757503
train/learning_rate,5900.0,0.00019999999494757503
train/learning_rate,5950.0,0.00019999999494757503
train/learning_rate,6000.0,0.00019999999494757503
train/learning_rate,6050.0,0.00019999999494757503
train/learning_rate,6100.0,0.00019999999494757503
train/learning_rate,6150.0,0.00019999999494757503
train/learning_rate,6200.0,0.00019999999494757503
train/learning_rate,6250.0,0.00019999999494757503
train/learning_rate,6300.0,0.00019999999494757503
train/learning_rate,6350.0,0.00019999999494757503
train/learning_rate,6400.0,0.00019999999494757503
train/learning_rate,6450.0,0.00019999999494757503
train/learning_rate,6500.0,0.00019999999494757503
train/learning_rate,6550.0,0.00019999999494757503
train/learning_rate,6600.0,0.00019999999494757503
train/learning_rate,6650.0,0.00019999999494757503
train/learning_rate,6700.0,0.00019999999494757503
train/learning_rate,6750.0,0.00019999999494757503
train/learning_rate,6800.0,0.00019999999494757503
train/learning_rate,6850.0,0.00019999999494757503
train/learning_rate,6900.0,0.00019999999494757503
train/learning_rate,6950.0,0.00019999999494757503
train/learning_rate,7000.0,0.00019999999494757503
train/learning_rate,7050.0,0.00019999999494757503
train/learning_rate,7100.0,0.00019999999494757503
train/learning_rate,7150.0,0.00019999999494757503
train/learning_rate,7200.0,0.00019999999494757503
train/learning_rate,7250.0,0.00019999999494757503
train/learning_rate,7300.0,0.00019999999494757503
train/learning_rate,7350.0,0.00019999999494757503
train/learning_rate,7400.0,0.00019999999494757503
train/learning_rate,7450.0,0.00019999999494757503
train/learning_rate,7500.0,0.00019999999494757503
train/learning_rate,7550.0,0.00019999999494757503
train/learning_rate,7600.0,0.00019999999494757503
train/learning_rate,7650.0,0.00019999999494757503
train/learning_rate,7700.0,0.00019999999494757503
train/learning_rate,7750.0,0.00019999999494757503
train/learning_rate,7800.0,0.00019999999494757503
train/learning_rate,7850.0,0.00019999999494757503
train/learning_rate,7900.0,0.00019999999494757503
train/learning_rate,7950.0,0.00019999999494757503
train/learning_rate,8000.0,0.00019999999494757503
train/learning_rate,8050.0,0.00019999999494757503
train/learning_rate,8100.0,0.00019999999494757503
train/learning_rate,8150.0,0.00019999999494757503
train/learning_rate,8200.0,0.00019999999494757503
train/learning_rate,8250.0,0.00019999999494757503
train/learning_rate,8300.0,0.00019999999494757503
train/learning_rate,8350.0,0.00019999999494757503
train/learning_rate,8400.0,0.00019999999494757503
train/learning_rate,8450.0,0.00019999999494757503
train/learning_rate,8500.0,0.00019999999494757503
train/learning_rate,8550.0,0.00019999999494757503
train/learning_rate,8600.0,0.00019999999494757503
train/learning_rate,8650.0,0.00019999999494757503
train/learning_rate,8700.0,0.00019999999494757503
train/learning_rate,8750.0,0.00019999999494757503
train/learning_rate,8800.0,0.00019999999494757503
train/learning_rate,8850.0,0.00019999999494757503
train/learning_rate,8900.0,0.00019999999494757503
train/learning_rate,8950.0,0.00019999999494757503
train/learning_rate,9000.0,0.00019999999494757503
train/learning_rate,9050.0,0.00019999999494757503
train/learning_rate,9100.0,0.00019999999494757503
train/learning_rate,9150.0,0.00019999999494757503
train/learning_rate,9200.0,0.00019999999494757503
train/learning_rate,9250.0,0.00019999999494757503
train/learning_rate,9300.0,0.00019999999494757503
train/learning_rate,9350.0,0.00019999999494757503
train/learning_rate,9400.0,0.00019999999494757503
train/learning_rate,9450.0,0.00019999999494757503
train/learning_rate,9500.0,0.00019999999494757503
train/learning_rate,9550.0,0.00019999999494757503
train/learning_rate,9600.0,0.00019999999494757503
train/learning_rate,9650.0,0.00019999999494757503
train/learning_rate,9700.0,0.00019999999494757503
train/learning_rate,9750.0,0.00019999999494757503
train/learning_rate,9800.0,0.00019999999494757503
train/learning_rate,9850.0,0.00019999999494757503
train/learning_rate,9900.0,0.00019999999494757503
train/learning_rate,9950.0,0.00019999999494757503
train/learning_rate,10000.0,0.00019999999494757503
train/learning_rate,10050.0,0.00019901999621652067
train/learning_rate,10100.0,0.00019802000315394253
train/learning_rate,10150.0,0.00019701999553944916
train/learning_rate,10200.0,0.00019602000247687101
train/learning_rate,10250.0,0.00019501999486237764
train/learning_rate,10300.0,0.0001940200017997995
train/learning_rate,10350.0,0.00019301999418530613
train/learning_rate,10400.0,0.000192020001122728
train/learning_rate,10450.0,0.00019101999350823462
train/learning_rate,10500.0,0.00019002000044565648
train/learning_rate,10550.0,0.0001890199928311631
train/learning_rate,10600.0,0.00018801999976858497
train/learning_rate,10650.0,0.00018702000670600682
train/learning_rate,10700.0,0.00018601999909151345
train/learning_rate,10750.0,0.0001850200060289353
train/learning_rate,10800.0,0.00018401999841444194
train/learning_rate,10850.0,0.0001830200053518638
train/learning_rate,10900.0,0.00018201999773737043
train/learning_rate,10950.0,0.0001810200046747923
train/learning_rate,11000.0,0.00018001999706029892
train/learning_rate,11050.0,0.00017902000399772078
train/learning_rate,11100.0,0.0001780199963832274
train/learning_rate,11150.0,0.00017702000332064927
train/learning_rate,11200.0,0.0001760199957061559
train/learning_rate,11250.0,0.00017502000264357775
train/learning_rate,11300.0,0.00017401999502908438
train/learning_rate,11350.0,0.00017302000196650624
train/learning_rate,11400.0,0.00017201999435201287
train/learning_rate,11450.0,0.00017102000128943473
train/learning_rate,11500.0,0.00017001999367494136
train/learning_rate,11550.0,0.00016902000061236322
train/learning_rate,11600.0,0.00016801999299786985
train/learning_rate,11650.0,0.0001670199999352917
train/learning_rate,11700.0,0.00016602000687271357
train/learning_rate,11750.0,0.0001650199992582202
train/learning_rate,11800.0,0.00016402000619564205
train/learning_rate,11850.0,0.00016301999858114868
train/learning_rate,11900.0,0.00016202000551857054
train/learning_rate,11950.0,0.00016101999790407717
train/learning_rate,12000.0,0.00016002000484149903
train/learning_rate,12050.0,0.00015901999722700566
train/learning_rate,12100.0,0.00015802000416442752
train/learning_rate,12150.0,0.00015701999654993415
train/learning_rate,12200.0,0.000156020003487356
train/learning_rate,12250.0,0.00015501999587286264
train/learning_rate,12300.0,0.0001540200028102845
train/learning_rate,12350.0,0.00015301999519579113
train/learning_rate,12400.0,0.00015202000213321298
train/learning_rate,12450.0,0.0001510199945187196
train/learning_rate,12500.0,0.00015002000145614147
train/learning_rate,12550.0,0.0001490199938416481
train/learning_rate,12600.0,0.00014802000077906996
train/learning_rate,12650.0,0.0001470199931645766
train/learning_rate,12700.0,0.00014602000010199845
train/learning_rate,12750.0,0.0001450200070394203
train/learning_rate,12800.0,0.00014401999942492694
train/learning_rate,12850.0,0.0001430200063623488
train/learning_rate,12900.0,0.00014201999874785542
train/learning_rate,12950.0,0.00014102000568527728
train/learning_rate,13000.0,0.0001400199980707839
train/learning_rate,13050.0,0.00013902000500820577
train/learning_rate,13100.0,0.0001380199973937124
train/learning_rate,13150.0,0.00013702000433113426
train/learning_rate,13200.0,0.0001360199967166409
train/learning_rate,13250.0,0.00013502000365406275
train/learning_rate,13300.0,0.00013401999603956938
train/learning_rate,13350.0,0.00013302000297699124
train/learning_rate,13400.0,0.00013201999536249787
train/learning_rate,13450.0,0.00013102000229991972
train/learning_rate,13500.0,0.00013001999468542635
train/learning_rate,13550.0,0.0001290200016228482
train/learning_rate,13600.0,0.00012801999400835484
train/learning_rate,13650.0,0.0001270200009457767
train/learning_rate,13700.0,0.00012601999333128333
train/learning_rate,13750.0,0.0001250200002687052
train/learning_rate,13800.0,0.00012402000720612705
train/learning_rate,13850.0,0.00012301999959163368
train/learning_rate,13900.0,0.00012201999925309792
train/learning_rate,13950.0,0.00012101999891456217
train/learning_rate,14000.0,0.00012001999857602641
train/learning_rate,14050.0,0.00011901999823749065
train/learning_rate,14100.0,0.0001180199978989549
train/learning_rate,14150.0,0.00011701999756041914
train/learning_rate,14200.0,0.00011601999722188339
train/learning_rate,14250.0,0.00011501999688334763
train/learning_rate,14300.0,0.00011401999654481187
train/learning_rate,14350.0,0.00011302000348223373
train/learning_rate,14400.0,0.00011202000314369798
train/learning_rate,14450.0,0.00011102000280516222
train/learning_rate,14500.0,0.00011002000246662647
train/learning_rate,14550.0,0.00010902000212809071
train/learning_rate,14600.0,0.00010802000178955495
train/learning_rate,14650.0,0.0001070200014510192
train/learning_rate,14700.0,0.00010602000111248344
train/learning_rate,14750.0,0.00010502000077394769
train/learning_rate,14800.0,0.00010402000043541193
train/learning_rate,14850.0,0.00010302000009687617
train/learning_rate,14900.0,0.00010201999975834042
train/learning_rate,14950.0,0.00010101999941980466
train/learning_rate,15000.0,0.0001000199990812689
train/learning_rate,15050.0,9.901999874273315e-05
train/learning_rate,15100.0,9.80199984041974e-05
train/learning_rate,15150.0,9.701999806566164e-05
train/learning_rate,15200.0,9.601999772712588e-05
train/learning_rate,15250.0,9.501999738859013e-05
train/learning_rate,15300.0,9.401999705005437e-05
train/learning_rate,15350.0,9.301999671151862e-05
train/learning_rate,15400.0,9.201999637298286e-05
train/learning_rate,15450.0,9.102000331040472e-05
train/learning_rate,15500.0,9.002000297186896e-05
train/learning_rate,15550.0,8.90200026333332e-05
train/learning_rate,15600.0,8.802000229479745e-05
train/learning_rate,15650.0,8.70200019562617e-05
train/learning_rate,15700.0,8.602000161772594e-05
train/learning_rate,15750.0,8.502000127919018e-05
train/learning_rate,15800.0,8.402000094065443e-05
train/learning_rate,15850.0,8.302000060211867e-05
train/learning_rate,15900.0,8.202000026358292e-05
train/learning_rate,15950.0,8.101999992504716e-05
train/learning_rate,16000.0,8.00199995865114e-05
train/learning_rate,16050.0,7.901999924797565e-05
train/learning_rate,16100.0,7.801999890943989e-05
train/learning_rate,16150.0,7.701999857090414e-05
train/learning_rate,16200.0,7.601999823236838e-05
train/learning_rate,16250.0,7.501999789383262e-05
train/learning_rate,16300.0,7.401999755529687e-05
train/learning_rate,16350.0,7.301999721676111e-05
train/learning_rate,16400.0,7.201999687822536e-05
train/learning_rate,16450.0,7.10199965396896e-05
train/learning_rate,16500.0,7.002000347711146e-05
train/learning_rate,16550.0,6.90200031385757e-05
train/learning_rate,16600.0,6.802000280003995e-05
train/learning_rate,16650.0,6.702000246150419e-05
train/learning_rate,16700.0,6.602000212296844e-05
train/learning_rate,16750.0,6.502000178443268e-05
train/learning_rate,16800.0,6.402000144589692e-05
train/learning_rate,16850.0,6.302000110736117e-05
train/learning_rate,16900.0,6.202000076882541e-05
train/learning_rate,16950.0,6.1020000430289656e-05
train/learning_rate,17000.0,6.00200000917539e-05
train/learning_rate,17050.0,5.9019999753218144e-05
train/learning_rate,17100.0,5.801999941468239e-05
train/learning_rate,17150.0,5.701999907614663e-05
train/learning_rate,17200.0,5.6019998737610877e-05
train/learning_rate,17250.0,5.501999839907512e-05
train/learning_rate,17300.0,5.402000169851817e-05
train/learning_rate,17350.0,5.3020001359982416e-05
train/learning_rate,17400.0,5.202000102144666e-05
train/learning_rate,17450.0,5.1020000682910904e-05
train/learning_rate,17500.0,5.002000034437515e-05
train/learning_rate,17550.0,4.902000000583939e-05
train/learning_rate,17600.0,4.801999966730364e-05
train/learning_rate,17650.0,4.701999932876788e-05
train/learning_rate,17700.0,4.6019998990232125e-05
train/learning_rate,17750.0,4.501999865169637e-05
train/learning_rate,17800.0,4.401999831316061e-05
train/learning_rate,17850.0,4.3020001612603664e-05
train/learning_rate,17900.0,4.202000127406791e-05
train/learning_rate,17950.0,4.102000093553215e-05
train/learning_rate,18000.0,4.00200005969964e-05
train/learning_rate,18050.0,3.902000025846064e-05
train/learning_rate,18100.0,3.8019999919924885e-05
train/learning_rate,18150.0,3.701999958138913e-05
train/learning_rate,18200.0,3.601999924285337e-05
train/learning_rate,18250.0,3.501999890431762e-05
train/learning_rate,18300.0,3.401999856578186e-05
train/learning_rate,18350.0,3.3019998227246106e-05
train/learning_rate,18400.0,3.202000152668916e-05
train/learning_rate,18450.0,3.10200011881534e-05
train/learning_rate,18500.0,3.0020000849617645e-05
train/learning_rate,18550.0,2.902000051108189e-05
train/learning_rate,18600.0,2.8020000172546133e-05
train/learning_rate,18650.0,2.7019999834010378e-05
train/learning_rate,18700.0,2.601999949547462e-05
train/learning_rate,18750.0,2.5019999156938866e-05
train/learning_rate,18800.0,2.4020000637392513e-05
train/learning_rate,18850.0,2.3020000298856758e-05
train/learning_rate,18900.0,2.2019999960321002e-05
train/learning_rate,18950.0,2.1019999621785246e-05
train/learning_rate,19000.0,2.001999928324949e-05
train/learning_rate,19050.0,1.9020000763703138e-05
train/learning_rate,19100.0,1.8020000425167382e-05
train/learning_rate,19150.0,1.7020000086631626e-05
train/learning_rate,19200.0,1.601999974809587e-05
train/learning_rate,19250.0,1.5020000319054816e-05
train/learning_rate,19300.0,1.401999998051906e-05
train/learning_rate,19350.0,1.3019999641983304e-05
train/learning_rate,19400.0,1.202000021294225e-05
train/learning_rate,19450.0,1.1019999874406494e-05
train/learning_rate,19500.0,1.002000044536544e-05
train/learning_rate,19550.0,9.020000106829684e-06
train/learning_rate,19600.0,8.019999768293928e-06
train/learning_rate,19650.0,7.019999884505523e-06
train/learning_rate,19700.0,6.020000000717118e-06
train/learning_rate,19750.0,5.020000116928713e-06
train/learning_rate,19800.0,4.0199997783929575e-06
train/learning_rate,19850.0,3.0199998946045525e-06
train/learning_rate,19900.0,2.0200000108161476e-06
train/learning_rate,19950.0,1.0200000133409048e-06
train/learning_rate,20000.0,1.999999987845058e-08
train_interval/adversarial_he,2000.0,0.7197362780570984
train_interval/adversarial_he,4000.0,0.574508547782898
train_interval/adversarial_he,6000.0,0.5499634742736816
train_interval/adversarial_he,8000.0,0.5455805063247681
train_interval/adversarial_he,10000.0,0.5470603704452515
train_interval/adversarial_he,12000.0,0.6044061779975891
train_interval/adversarial_he,14000.0,0.6473469734191895
train_interval/adversarial_he,16000.0,0.7132497429847717
train_interval/adversarial_he,18000.0,0.7944085001945496
train_interval/adversarial_he,20000.0,0.8347979784011841
train_interval/adversarial_mif,2000.0,0.0
train_interval/adversarial_mif,4000.0,0.0
train_interval/adversarial_mif,6000.0,0.0
train_interval/adversarial_mif,8000.0,0.0
train_interval/adversarial_mif,10000.0,0.0
train_interval/adversarial_mif,12000.0,0.0
train_interval/adversarial_mif,14000.0,0.0
train_interval/adversarial_mif,16000.0,0.0
train_interval/adversarial_mif,18000.0,0.0
train_interval/adversarial_mif,20000.0,0.0
train_interval/discriminator,2000.0,0.1558319628238678
train_interval/discriminator,4000.0,0.152236670255661
train_interval/discriminator,6000.0,0.1551232635974884
train_interval/discriminator,8000.0,0.15481027960777283
train_interval/discriminator,10000.0,0.1527099907398224
train_interval/discriminator,12000.0,0.13024751842021942
train_interval/discriminator,14000.0,0.11265556514263153
train_interval/discriminator,16000.0,0.08870194852352142
train_interval/discriminator,18000.0,0.06138548627495766
train_interval/discriminator,20000.0,0.047376856207847595
train_interval/discriminator_grad_norm,2000.0,9.943927764892578
train_interval/discriminator_grad_norm,4000.0,8.212911605834961
train_interval/discriminator_grad_norm,6000.0,6.751721382141113
train_interval/discriminator_grad_norm,8000.0,6.081778526306152
train_interval/discriminator_grad_norm,10000.0,5.902342319488525
train_interval/discriminator_grad_norm,12000.0,5.569693565368652
train_interval/discriminator_grad_norm,14000.0,5.222264766693115
train_interval/discriminator_grad_norm,16000.0,4.2656354904174805
train_interval/discriminator_grad_norm,18000.0,2.6815998554229736
train_interval/discriminator_grad_norm,20000.0,1.7808092832565308
train_interval/generator_grad_norm,2000.0,47.84661102294922
train_interval/generator_grad_norm,4000.0,18.022672653198242
train_interval/generator_grad_norm,6000.0,15.695751190185547
train_interval/generator_grad_norm,8000.0,14.8826265335083
train_interval/generator_grad_norm,10000.0,15.366464614868164
train_interval/generator_grad_norm,12000.0,17.343002319335938
train_interval/generator_grad_norm,14000.0,23.943347930908203
train_interval/generator_grad_norm,16000.0,44.75526809692383
train_interval/generator_grad_norm,18000.0,76.44871520996094
train_interval/generator_grad_norm,20000.0,45.93894577026367
train_interval/loss,2000.0,4.875151634216309
train_interval/loss,4000.0,2.264270067214966
train_interval/loss,6000.0,1.8613611459732056
train_interval/loss,8000.0,1.7340812683105469
train_interval/loss,10000.0,1.6770728826522827
train_interval/loss,12000.0,1.7349811792373657
train_interval/loss,14000.0,1.7519299983978271
train_interval/loss,16000.0,1.7773863077163696
train_interval/loss,18000.0,1.7417868375778198
train_interval/loss,20000.0,1.7131367921829224
train_interval/nce,2000.0,0.4080455005168915
train_interval/nce,4000.0,0.16071860492229462
train_interval/nce,6000.0,0.12367915362119675
train_interval/nce,8000.0,0.1115664467215538
train_interval/nce,10000.0,0.10554569959640503
train_interval/nce,12000.0,0.10538811981678009
train_interval/nce,14000.0,0.10253748297691345
train_interval/nce,16000.0,0.09829580038785934
train_interval/nce,18000.0,0.08665859699249268
train_interval/nce,20000.0,0.07998011261224747
train_interval/spatial,2000.0,0.01499203871935606
train_interval/spatial,4000.0,0.016515081748366356
train_interval/spatial,6000.0,0.014921222813427448
train_interval/spatial,8000.0,0.014567253179848194
train_interval/spatial,10000.0,0.01491110771894455
train_interval/spatial,12000.0,0.015338746830821037
train_interval/spatial,14000.0,0.015841638669371605
train_interval/spatial,16000.0,0.01623571664094925
train_interval/spatial,18000.0,0.01615845412015915
train_interval/spatial,20000.0,0.015707550570368767
system/train_images_per_second,2000.0,376.814697265625
system/train_images_per_second,4000.0,381.6688232421875
system/train_images_per_second,6000.0,382.53857421875
system/train_images_per_second,8000.0,384.0155944824219
system/train_images_per_second,10000.0,392.78900146484375
system/train_images_per_second,12000.0,405.34393310546875
system/train_images_per_second,14000.0,406.61114501953125
system/train_images_per_second,16000.0,408.2909240722656
system/train_images_per_second,18000.0,409.37713623046875
system/train_images_per_second,20000.0,408.9911193847656
system/peak_memory_gb,2000.0,6.224635601043701
system/peak_memory_gb,4000.0,6.224635601043701
system/peak_memory_gb,6000.0,6.224635601043701
system/peak_memory_gb,8000.0,6.224635601043701
system/peak_memory_gb,10000.0,6.224635601043701
system/peak_memory_gb,12000.0,6.224635601043701
system/peak_memory_gb,14000.0,6.224635601043701
system/peak_memory_gb,16000.0,6.224635601043701
system/peak_memory_gb,18000.0,6.224635601043701
system/peak_memory_gb,20000.0,6.224635601043701
